axis,kind,series,label,x,y,value
0,line,0,ASGARD fwd $1.0\times 10^{9}$ Hz,1.0,6.160154400556752e-31,
0,line,0,ASGARD fwd $1.0\times 10^{9}$ Hz,1.1228311834035287,8.19078180735323e-31,
0,line,0,ASGARD fwd $1.0\times 10^{9}$ Hz,1.2607498664233685,1.0958762242238584e-30,
0,line,0,ASGARD fwd $1.0\times 10^{9}$ Hz,1.4156092644919918,1.4598239188096141e-30,
0,line,0,ASGARD fwd $1.0\times 10^{9}$ Hz,1.5894902256865417,1.918829792902171e-30,
0,line,0,ASGARD fwd $1.0\times 10^{9}$ Hz,1.7847291911159615,2.5216912978306253e-30,
0,line,0,ASGARD fwd $1.0\times 10^{9}$ Hz,2.0039495897155577,3.328038672543717e-30,
0,line,0,ASGARD fwd $1.0\times 10^{9}$ Hz,2.2500970893013355,4.335689486915987e-30,
0,line,0,ASGARD fwd $1.0\times 10^{9}$ Hz,2.5264791775530537,5.592402656602945e-30,
0,line,0,ASGARD fwd $1.0\times 10^{9}$ Hz,2.8368096047762688,7.285976151981863e-30,
0,line,0,ASGARD fwd $1.0\times 10^{9}$ Hz,3.1852582856214346,9.406574129182272e-30,
0,line,0,ASGARD fwd $1.0\times 10^{9}$ Hz,3.57650733029021,1.2000427953940869e-29,
0,line,0,ASGARD fwd $1.0\times 10^{9}$ Hz,4.015813958121153,1.5334011649863883e-29,
0,line,0,ASGARD fwd $1.0\times 10^{9}$ Hz,4.509081138925582,1.9590406594311356e-29,
0,line,0,ASGARD fwd $1.0\times 10^{9}$ Hz,5.062936911282342,2.4792644446019512e-29,
0,line,0,ASGARD fwd $1.0\times 10^{9}$ Hz,5.684823443592558,3.1205843303698037e-29,
0,line,0,ASGARD fwd $1.0\times 10^{9}$ Hz,6.383097034609155,3.928562786744851e-29,
0,line,0,ASGARD fwd $1.0\times 10^{9}$ Hz,7.167140397149751,4.9242070099930563e-29,
0,line,0,ASGARD fwd $1.0\times 10^{9}$ Hz,8.04748873375089,6.135199252225972e-29,
0,line,0,ASGARD fwd $1.0\times 10^{9}$ Hz,9.035971298344078,7.644799658494285e-29,
0,line,0,ASGARD fwd $1.0\times 10^{9}$ Hz,10.14587034612,9.463231543984019e-29,
0,line,0,ASGARD fwd $1.0\times 10^{9}$ Hz,11.392099607392687,1.165932557632915e-28,
0,line,0,ASGARD fwd $1.0\times 10^{9}$ Hz,12.791404683619605,1.4288205534984363e-28,
0,line,0,ASGARD fwd $1.0\times 10^{9}$ Hz,14.362588058302041,1.7182286995347752e-28,
0,line,0,ASGARD fwd $1.0\times 10^{9}$ Hz,16.12676174624068,2.014794309364514e-28,
0,line,0,ASGARD fwd $1.0\times 10^{9}$ Hz,18.107630975998173,2.317446164475615e-28,
0,line,0,ASGARD fwd $1.0\times 10^{9}$ Hz,20.331812717414422,2.62448473820196e-28,
0,line,0,ASGARD fwd $1.0\times 10^{9}$ Hz,22.82919333423335,2.9399978478616694e-28,
0,line,0,ASGARD fwd $1.0\times 10^{9}$ Hz,25.63333016762518,3.2625550198430204e-28,
0,line,0,ASGARD fwd $1.0\times 10^{9}$ Hz,28.78190244668795,3.5919350577097565e-28,
0,line,0,ASGARD fwd $1.0\times 10^{9}$ Hz,32.31721758481955,3.936662986274345e-28,
0,line,0,ASGARD fwd $1.0\times 10^{9}$ Hz,36.28677966507226,4.285853554573489e-28,
0,line,0,ASGARD fwd $1.0\times 10^{9}$ Hz,40.743927753236186,4.64252516093089e-28,
0,line,0,ASGARD fwd $1.0\times 10^{9}$ Hz,45.74855261567406,5.012974510280252e-28,
0,line,0,ASGARD fwd $1.0\times 10^{9}$ Hz,51.3679014724559,5.404956105379955e-28,
0,line,0,ASGARD fwd $1.0\times 10^{9}$ Hz,57.67748159927351,5.8202917896990815e-28,
0,line,0,ASGARD fwd $1.0\times 10^{9}$ Hz,64.76207491984752,6.264817959940737e-28,
0,line,0,ASGARD fwd $1.0\times 10^{9}$ Hz,72.71687722192038,6.740152858454982e-28,
0,line,0,ASGARD fwd $1.0\times 10^{9}$ Hz,81.64877730449795,7.267024355307783e-28,
0,line,0,ASGARD fwd $1.0\times 10^{9}$ Hz,91.67779324426061,7.837098846112219e-28,
0,line,0,ASGARD fwd $1.0\times 10^{9}$ Hz,102.93868508027717,8.447173863406156e-28,
0,line,0,ASGARD fwd $1.0\times 10^{9}$ Hz,115.58276558669077,9.099104292771948e-28,
0,line,0,ASGARD fwd $1.0\times 10^{9}$ Hz,129.77993346475662,9.795188103971293e-28,
0,line,0,ASGARD fwd $1.0\times 10^{9}$ Hz,145.7209562742639,1.053208054521352e-27,
0,line,0,ASGARD fwd $1.0\times 10^{9}$ Hz,163.6200337801256,1.1316516721100618e-27,
0,line,0,ASGARD fwd $1.0\times 10^{9}$ Hz,183.71767615786374,1.2144310752844816e-27,
0,line,0,ASGARD fwd $1.0\times 10^{9}$ Hz,206.2839357324804,1.3014796211207864e-27,
0,line,0,ASGARD fwd $1.0\times 10^{9}$ Hz,231.6220356756384,1.3929420353981248e-27,
0,line,0,ASGARD fwd $1.0\times 10^{9}$ Hz,260.07244442001166,1.4884390142889787e-27,
0,line,0,ASGARD fwd $1.0\times 10^{9}$ Hz,292.0174505387701,1.5880051788052549e-27,
0,line,0,ASGARD fwd $1.0\times 10^{9}$ Hz,327.8862995629286,1.692208219421993e-27,
0,line,0,ASGARD fwd $1.0\times 10^{9}$ Hz,368.16096176004703,1.8003046066438392e-27,
0,line,0,ASGARD fwd $1.0\times 10^{9}$ Hz,413.38260837601484,1.913270469208121e-27,
0,line,0,ASGARD fwd $1.0\times 10^{9}$ Hz,464.1588833612782,2.031187230520631e-27,
0,line,0,ASGARD fwd $1.0\times 10^{9}$ Hz,521.1720682918044,2.1539523111020943e-27,
0,line,0,ASGARD fwd $1.0\times 10^{9}$ Hz,585.1882501969513,2.282192719369516e-27,
0,line,0,ASGARD fwd $1.0\times 10^{9}$ Hz,657.0676154824831,2.4156626236066687e-27,
0,line,0,ASGARD fwd $1.0\times 10^{9}$ Hz,737.7760082683312,2.5543106147439567e-27,
0,line,0,ASGARD fwd $1.0\times 10^{9}$ Hz,828.3979084506619,2.698887105971929e-27,
0,line,0,ASGARD fwd $1.0\times 10^{9}$ Hz,930.1510038746646,2.850791519048241e-27,
0,line,0,ASGARD fwd $1.0\times 10^{9}$ Hz,1044.4025524245699,3.010955802331884e-27,
0,line,0,ASGARD fwd $1.0\times 10^{9}$ Hz,1172.6877538885456,3.183114167845174e-27,
0,line,0,ASGARD fwd $1.0\times 10^{9}$ Hz,1316.7303784615017,3.370448708807981e-27,
0,line,0,ASGARD fwd $1.0\times 10^{9}$ Hz,1478.465929071304,3.573422650240909e-27,
0,line,0,ASGARD fwd $1.0\times 10^{9}$ Hz,1660.0676487609296,3.7940396713246685e-27,
0,line,0,ASGARD fwd $1.0\times 10^{9}$ Hz,1863.975722588148,4.0337423772060266e-27,
0,line,0,ASGARD fwd $1.0\times 10^{9}$ Hz,2092.9300664290977,4.292979834186522e-27,
0,line,0,ASGARD fwd $1.0\times 10^{9}$ Hz,2350.0071432694094,4.572003616781555e-27,
0,line,0,ASGARD fwd $1.0\times 10^{9}$ Hz,2638.6613016839365,4.8716373526102444e-27,
0,line,0,ASGARD fwd $1.0\times 10^{9}$ Hz,2962.77119197087,5.192337884312972e-27,
0,line,0,ASGARD fwd $1.0\times 10^{9}$ Hz,3326.691883634535,5.533381131151285e-27,
0,line,0,ASGARD fwd $1.0\times 10^{9}$ Hz,3735.3133845202788,5.895138659386105e-27,
0,line,0,ASGARD fwd $1.0\times 10^{9}$ Hz,4194.126347923944,6.277082749381567e-27,
0,line,0,ASGARD fwd $1.0\times 10^{9}$ Hz,4709.295850583362,6.678945906088794e-27,
0,line,0,ASGARD fwd $1.0\times 10^{9}$ Hz,5287.744232907843,7.099664234021542e-27,
0,line,0,ASGARD fwd $1.0\times 10^{9}$ Hz,5937.244114571097,7.540096293310749e-27,
0,line,0,ASGARD fwd $1.0\times 10^{9}$ Hz,6666.522835319501,7.998536717215116e-27,
0,line,0,ASGARD fwd $1.0\times 10^{9}$ Hz,7485.379724368442,8.476624460451767e-27,
0,line,0,ASGARD fwd $1.0\times 10^{9}$ Hz,8404.817774137397,8.975287745891547e-27,
0,line,0,ASGARD fwd $1.0\times 10^{9}$ Hz,9437.191487625705,9.493261625815087e-27,
0,line,0,ASGARD fwd $1.0\times 10^{9}$ Hz,10596.372886056477,1.0032164080813027e-26,
0,line,0,ASGARD fwd $1.0\times 10^{9}$ Hz,11897.937907435859,1.0593695368530581e-26,
0,line,0,ASGARD fwd $1.0\times 10^{9}$ Hz,13359.375700667906,1.1175885705880626e-26,
0,line,0,ASGARD fwd $1.0\times 10^{9}$ Hz,15000.323627513291,1.1780398880257699e-26,
0,line,0,ASGARD fwd $1.0\times 10^{9}$ Hz,16842.831130116658,1.2407278577308017e-26,
0,line,0,ASGARD fwd $1.0\times 10^{9}$ Hz,18911.65600969468,1.3055764357372967e-26,
0,line,0,ASGARD fwd $1.0\times 10^{9}$ Hz,21234.59709748593,1.373215883882407e-26,
0,line,0,ASGARD fwd $1.0\times 10^{9}$ Hz,23842.867788067262,1.4445806573661754e-26,
0,line,0,ASGARD fwd $1.0\times 10^{9}$ Hz,26771.51545420944,1.5191465551296606e-26,
0,line,0,ASGARD fwd $1.0\times 10^{9}$ Hz,30059.89237895584,1.5960151630607984e-26,
0,line,0,ASGARD fwd $1.0\times 10^{9}$ Hz,33752.1845328457,1.6736212649203128e-26,
0,line,0,ASGARD fwd $1.0\times 10^{9}$ Hz,37898.005301469406,1.7495986695758817e-26,
0,line,0,ASGARD fwd $1.0\times 10^{9}$ Hz,42553.0621412821,1.8221389143973037e-26,
0,line,0,ASGARD fwd $1.0\times 10^{9}$ Hz,47779.90512153967,1.8901784291550684e-26,
0,line,0,ASGARD fwd $1.0\times 10^{9}$ Hz,53648.76741052671,1.9526238672070857e-26,
0,line,0,ASGARD fwd $1.0\times 10^{9}$ Hz,60238.50899970236,2.0091932310426416e-26,
0,line,0,ASGARD fwd $1.0\times 10^{9}$ Hz,67637.67634660006,2.060654744784538e-26,
0,line,0,ASGARD fwd $1.0\times 10^{9}$ Hz,75945.69217491779,2.1047283485930133e-26,
0,line,0,ASGARD fwd $1.0\times 10^{9}$ Hz,85274.19141916305,2.137402135507956e-26,
0,line,0,ASGARD fwd $1.0\times 10^{9}$ Hz,95748.52126495788,2.1568362448989974e-26,
0,line,0,ASGARD fwd $1.0\times 10^{9}$ Hz,107509.42544107056,2.1625675711239664e-26,
0,line,0,ASGARD fwd $1.0\times 10^{9}$ Hz,120714.9353950307,2.1550271436686327e-26,
0,line,0,ASGARD fwd $1.0\times 10^{9}$ Hz,135542.4937640828,2.1361421970506958e-26,
0,line,0,ASGARD fwd $1.0\times 10^{9}$ Hz,152191.33867459052,2.1078895978037552e-26,
0,line,0,ASGARD fwd $1.0\times 10^{9}$ Hz,170885.1809077577,2.0721667856823213e-26,
0,line,0,ASGARD fwd $1.0\times 10^{9}$ Hz,191875.20990478364,2.0315156313337693e-26,
0,line,0,ASGARD fwd $1.0\times 10^{9}$ Hz,215443.46900318866,1.9875209679855413e-26,
0,line,0,ASGARD fwd $1.0\times 10^{9}$ Hz,241906.64525741176,1.9403943870276844e-26,
0,line,0,ASGARD fwd $1.0\times 10^{9}$ Hz,271620.32476755726,1.8914834865619606e-26,
0,line,0,ASGARD fwd $1.0\times 10^{9}$ Hz,304983.77069520706,1.8451566347486026e-26,
0,line,0,ASGARD fwd $1.0\times 10^{9}$ Hz,342445.2881685698,1.8052016925208678e-26,
0,line,0,ASGARD fwd $1.0\times 10^{9}$ Hz,384508.2481652776,1.7787117879668165e-26,
0,line,0,ASGARD fwd $1.0\times 10^{9}$ Hz,431737.8513158363,1.766305388187326e-26,
0,line,0,ASGARD fwd $1.0\times 10^{9}$ Hz,484768.7225130572,1.7607669927261567e-26,
0,line,0,ASGARD fwd $1.0\times 10^{9}$ Hz,544313.4383763528,1.7584085711956522e-26,
0,line,0,ASGARD fwd $1.0\times 10^{9}$ Hz,611172.1021545639,1.7577862528931533e-26,
0,line,0,ASGARD fwd $1.0\times 10^{9}$ Hz,686243.0947254312,1.7552007151358155e-26,
0,line,0,ASGARD fwd $1.0\times 10^{9}$ Hz,770535.1461530557,1.74961005444142e-26,
0,line,0,ASGARD fwd $1.0\times 10^{9}$ Hz,865180.8900090464,1.741084141495179e-26,
0,line,0,ASGARD fwd $1.0\times 10^{9}$ Hz,971452.0825869758,1.7267107940607295e-26,
0,line,0,ASGARD fwd $1.0\times 10^{9}$ Hz,1090776.6915109565,1.7063966642765067e-26,
0,line,0,ASGARD fwd $1.0\times 10^{9}$ Hz,1224758.0833582329,1.6819360719810427e-26,
0,line,0,ASGARD fwd $1.0\times 10^{9}$ Hz,1375196.5681201622,1.65267846549572e-26,
0,line,0,ASGARD fwd $1.0\times 10^{9}$ Hz,1544113.5899948329,1.6172540685532529e-26,
0,line,0,ASGARD fwd $1.0\times 10^{9}$ Hz,1733778.8895633693,1.5815987496762943e-26,
0,line,0,ASGARD fwd $1.0\times 10^{9}$ Hz,1946741.0023284936,1.5440896896429316e-26,
0,line,0,ASGARD fwd $1.0\times 10^{9}$ Hz,2185861.5034246743,1.5025562276048638e-26,
0,line,0,ASGARD fwd $1.0\times 10^{9}$ Hz,2454353.458646543,1.46181298372023e-26,
0,line,0,ASGARD fwd $1.0\times 10^{9}$ Hz,2755824.5984626412,1.4281407971732724e-26,
0,line,0,ASGARD fwd $1.0\times 10^{9}$ Hz,3094325.795144362,1.396908646654432e-26,
0,line,0,ASGARD fwd $1.0\times 10^{9}$ Hz,3474405.4943980086,1.3731375982914264e-26,
0,line,0,ASGARD fwd $1.0\times 10^{9}$ Hz,3901170.8328986377,1.3554000456641614e-26,
0,line,0,ASGARD fwd $1.0\times 10^{9}$ Hz,4380356.262962907,1.3332356040185734e-26,
0,line,0,ASGARD fwd $1.0\times 10^{9}$ Hz,4918400.606471699,1.307140272425856e-26,
0,line,0,ASGARD fwd $1.0\times 10^{9}$ Hz,5522533.573417251,1.2806899321207595e-26,
0,line,0,ASGARD fwd $1.0\times 10^{9}$ Hz,6200872.907625809,1.247304849432177e-26,
0,line,0,ASGARD fwd $1.0\times 10^{9}$ Hz,6962533.465004367,1.2061125044114701e-26,
0,line,0,ASGARD fwd $1.0\times 10^{9}$ Hz,7817749.689997524,1.1492215867704957e-26,
0,line,0,ASGARD fwd $1.0\times 10^{9}$ Hz,8778013.135972489,1.0829789740678904e-26,
0,line,0,ASGARD fwd $1.0\times 10^{9}$ Hz,9856226.87739571,1.0094212824613271e-26,
0,line,0,ASGARD fwd $1.0\times 10^{9}$ Hz,11066878.88863989,9.337129505075126e-27,
0,line,0,ASGARD fwd $1.0\times 10^{9}$ Hz,12426236.719115056,8.574739950301718e-27,
0,line,0,ASGARD fwd $1.0\times 10^{9}$ Hz,13952566.080576338,7.804202682663506e-27,
0,line,0,ASGARD fwd $1.0\times 10^{9}$ Hz,15666376.283769464,7.064301056933604e-27,
0,line,0,ASGARD fwd $1.0\times 10^{9}$ Hz,17590695.822349843,6.3587981462011075e-27,
0,line,0,ASGARD fwd $1.0\times 10^{9}$ Hz,19751381.80710058,5.673434865164516e-27,
0,line,0,ASGARD fwd $1.0\times 10^{9}$ Hz,22177467.40832167,5.035189788137535e-27,
0,line,0,ASGARD fwd $1.0\times 10^{9}$ Hz,24901551.97497901,4.467097383688537e-27,
0,line,0,ASGARD fwd $1.0\times 10^{9}$ Hz,27960239.072650153,3.934088117269868e-27,
0,line,0,ASGARD fwd $1.0\times 10^{9}$ Hz,31394628.326189354,3.4484545464414134e-27,
0,line,0,ASGARD fwd $1.0\times 10^{9}$ Hz,35250867.67600913,3.0356399043548372e-27,
0,line,0,ASGARD fwd $1.0\times 10^{9}$ Hz,39580773.46865453,2.6543077727859373e-27,
0,line,0,ASGARD fwd $1.0\times 10^{9}$ Hz,44442526.71383636,2.3076832309857075e-27,
0,line,0,ASGARD fwd $1.0\times 10^{9}$ Hz,49901454.86353981,2.0235434392567647e-27,
0,line,0,ASGARD fwd $1.0\times 10^{9}$ Hz,56030909.61798617,1.7629609068376774e-27,
0,line,0,ASGARD fwd $1.0\times 10^{9}$ Hz,62913252.55353957,1.5264023978109768e-27,
0,line,0,ASGARD fwd $1.0\times 10^{9}$ Hz,70640961.8164559,1.3351614291543504e-27,
0,line,0,ASGARD fwd $1.0\times 10^{9}$ Hz,79317874.75313465,1.1619667000287434e-27,
0,line,0,ASGARD fwd $1.0\times 10^{9}$ Hz,89060583.17411506,1.005294776869729e-27,
0,line,0,ASGARD fwd $1.0\times 10^{9}$ Hz,100000000.0,8.778877110099162e-28,
0,line,1,Vegas fwd $1.0\times 10^{9}$ Hz,1.0,8.271633964236858e-31,
0,line,1,Vegas fwd $1.0\times 10^{9}$ Hz,1.1228311834035287,1.112352574531276e-30,
0,line,1,Vegas fwd $1.0\times 10^{9}$ Hz,1.2607498664233685,1.4901381185878082e-30,
0,line,1,Vegas fwd $1.0\times 10^{9}$ Hz,1.4156092644919918,1.988906898010401e-30,
0,line,1,Vegas fwd $1.0\times 10^{9}$ Hz,1.5894902256865417,2.6442154867843012e-30,
0,line,1,Vegas fwd $1.0\times 10^{9}$ Hz,1.7847291911159615,3.500997265816182e-30,
0,line,1,Vegas fwd $1.0\times 10^{9}$ Hz,2.0039495897155577,4.617256453130906e-30,
0,line,1,Vegas fwd $1.0\times 10^{9}$ Hz,2.2500970893013355,6.0646093620159465e-30,
0,line,1,Vegas fwd $1.0\times 10^{9}$ Hz,2.5264791775530537,7.933181915830856e-30,
0,line,1,Vegas fwd $1.0\times 10^{9}$ Hz,2.8368096047762688,1.0337483683945865e-29,
0,line,1,Vegas fwd $1.0\times 10^{9}$ Hz,3.1852582856214346,1.341384355808116e-29,
0,line,1,Vegas fwd $1.0\times 10^{9}$ Hz,3.57650733029021,1.733650116131781e-29,
0,line,1,Vegas fwd $1.0\times 10^{9}$ Hz,4.015813958121153,2.231473123543432e-29,
0,line,1,Vegas fwd $1.0\times 10^{9}$ Hz,4.509081138925582,2.861098652224882e-29,
0,line,1,Vegas fwd $1.0\times 10^{9}$ Hz,5.062936911282342,3.654727131668972e-29,
0,line,1,Vegas fwd $1.0\times 10^{9}$ Hz,5.684823443592558,4.651689432280711e-29,
0,line,1,Vegas fwd $1.0\times 10^{9}$ Hz,6.383097034609155,5.898623278654852e-29,
0,line,1,Vegas fwd $1.0\times 10^{9}$ Hz,7.167140397149751,7.451866943770316e-29,
0,line,1,Vegas fwd $1.0\times 10^{9}$ Hz,8.04748873375089,9.368489627439861e-29,
0,line,1,Vegas fwd $1.0\times 10^{9}$ Hz,9.035971298344078,1.169519328083818e-28,
0,line,1,Vegas fwd $1.0\times 10^{9}$ Hz,10.14587034612,1.4457340649504012e-28,
0,line,1,Vegas fwd $1.0\times 10^{9}$ Hz,11.392099607392687,1.7646108934707697e-28,
0,line,1,Vegas fwd $1.0\times 10^{9}$ Hz,12.791404683619605,2.1204237799864115e-28,
0,line,1,Vegas fwd $1.0\times 10^{9}$ Hz,14.362588058302041,2.500608410660575e-28,
0,line,1,Vegas fwd $1.0\times 10^{9}$ Hz,16.12676174624068,2.8973862444573607e-28,
0,line,1,Vegas fwd $1.0\times 10^{9}$ Hz,18.107630975998173,3.3087011918379315e-28,
0,line,1,Vegas fwd $1.0\times 10^{9}$ Hz,20.331812717414422,3.7542687610784955e-28,
0,line,1,Vegas fwd $1.0\times 10^{9}$ Hz,22.82919333423335,4.235894966856061e-28,
0,line,1,Vegas fwd $1.0\times 10^{9}$ Hz,25.63333016762518,4.7495429879027445e-28,
0,line,1,Vegas fwd $1.0\times 10^{9}$ Hz,28.78190244668795,5.290968387548635e-28,
0,line,1,Vegas fwd $1.0\times 10^{9}$ Hz,32.31721758481955,5.856432851566591e-28,
0,line,1,Vegas fwd $1.0\times 10^{9}$ Hz,36.28677966507226,6.452209765568443e-28,
0,line,1,Vegas fwd $1.0\times 10^{9}$ Hz,40.743927753236186,7.070163402784924e-28,
0,line,1,Vegas fwd $1.0\times 10^{9}$ Hz,45.74855261567406,7.7154954346743225e-28,
0,line,1,Vegas fwd $1.0\times 10^{9}$ Hz,51.3679014724559,8.389597587345578e-28,
0,line,1,Vegas fwd $1.0\times 10^{9}$ Hz,57.67748159927351,9.094839049873823e-28,
0,line,1,Vegas fwd $1.0\times 10^{9}$ Hz,64.76207491984752,9.828989876740679e-28,
0,line,1,Vegas fwd $1.0\times 10^{9}$ Hz,72.71687722192038,1.0597675690297737e-27,
0,line,1,Vegas fwd $1.0\times 10^{9}$ Hz,81.64877730449795,1.140511633196749e-27,
0,line,1,Vegas fwd $1.0\times 10^{9}$ Hz,91.67779324426061,1.2259393040514312e-27,
0,line,1,Vegas fwd $1.0\times 10^{9}$ Hz,102.93868508027717,1.3158156962421393e-27,
0,line,1,Vegas fwd $1.0\times 10^{9}$ Hz,115.58276558669077,1.4102069060815306e-27,
0,line,1,Vegas fwd $1.0\times 10^{9}$ Hz,129.77993346475662,1.5100946359577614e-27,
0,line,1,Vegas fwd $1.0\times 10^{9}$ Hz,145.7209562742639,1.615751071156075e-27,
0,line,1,Vegas fwd $1.0\times 10^{9}$ Hz,163.6200337801256,1.7277165133328823e-27,
0,line,1,Vegas fwd $1.0\times 10^{9}$ Hz,183.71767615786374,1.845621338043847e-27,
0,line,1,Vegas fwd $1.0\times 10^{9}$ Hz,206.2839357324804,1.9708915681253478e-27,
0,line,1,Vegas fwd $1.0\times 10^{9}$ Hz,231.6220356756384,2.104414120150114e-27,
0,line,1,Vegas fwd $1.0\times 10^{9}$ Hz,260.07244442001166,2.244296392131819e-27,
0,line,1,Vegas fwd $1.0\times 10^{9}$ Hz,292.0174505387701,2.393945798977281e-27,
0,line,1,Vegas fwd $1.0\times 10^{9}$ Hz,327.8862995629286,2.553481632112664e-27,
0,line,1,Vegas fwd $1.0\times 10^{9}$ Hz,368.16096176004703,2.719154229498679e-27,
0,line,1,Vegas fwd $1.0\times 10^{9}$ Hz,413.38260837601484,2.8997424740916284e-27,
0,line,1,Vegas fwd $1.0\times 10^{9}$ Hz,464.1588833612782,3.088259419766868e-27,
0,line,1,Vegas fwd $1.0\times 10^{9}$ Hz,521.1720682918044,3.288387620352643e-27,
0,line,1,Vegas fwd $1.0\times 10^{9}$ Hz,585.1882501969513,3.50344422007565e-27,
0,line,1,Vegas fwd $1.0\times 10^{9}$ Hz,657.0676154824831,3.7286799528850796e-27,
0,line,1,Vegas fwd $1.0\times 10^{9}$ Hz,737.7760082683312,3.9684364846026764e-27,
0,line,1,Vegas fwd $1.0\times 10^{9}$ Hz,828.3979084506619,4.225050396421013e-27,
0,line,1,Vegas fwd $1.0\times 10^{9}$ Hz,930.1510038746646,4.495545279792772e-27,
0,line,1,Vegas fwd $1.0\times 10^{9}$ Hz,1044.4025524245699,4.77976165998636e-27,
0,line,1,Vegas fwd $1.0\times 10^{9}$ Hz,1172.6877538885456,5.087667047894937e-27,
0,line,1,Vegas fwd $1.0\times 10^{9}$ Hz,1316.7303784615017,5.4136750114838226e-27,
0,line,1,Vegas fwd $1.0\times 10^{9}$ Hz,1478.465929071304,5.7525866569324565e-27,
0,line,1,Vegas fwd $1.0\times 10^{9}$ Hz,1660.0676487609296,6.1177094918595386e-27,
0,line,1,Vegas fwd $1.0\times 10^{9}$ Hz,1863.975722588148,6.508445605413357e-27,
0,line,1,Vegas fwd $1.0\times 10^{9}$ Hz,2092.9300664290977,6.921165467248641e-27,
0,line,1,Vegas fwd $1.0\times 10^{9}$ Hz,2350.0071432694094,7.352006234306873e-27,
0,line,1,Vegas fwd $1.0\times 10^{9}$ Hz,2638.6613016839365,7.815150633506192e-27,
0,line,1,Vegas fwd $1.0\times 10^{9}$ Hz,2962.77119197087,8.310353098496773e-27,
0,line,1,Vegas fwd $1.0\times 10^{9}$ Hz,3326.691883634535,8.837670176332288e-27,
0,line,1,Vegas fwd $1.0\times 10^{9}$ Hz,3735.3133845202788,9.395895895964957e-27,
0,line,1,Vegas fwd $1.0\times 10^{9}$ Hz,4194.126347923944,9.981440142722852e-27,
0,line,1,Vegas fwd $1.0\times 10^{9}$ Hz,4709.295850583362,1.0606436843757197e-26,
0,line,1,Vegas fwd $1.0\times 10^{9}$ Hz,5287.744232907843,1.1272207928203489e-26,
0,line,1,Vegas fwd $1.0\times 10^{9}$ Hz,5937.244114571097,1.1981198725836519e-26,
0,line,1,Vegas fwd $1.0\times 10^{9}$ Hz,6666.522835319501,1.2735912578007929e-26,
0,line,1,Vegas fwd $1.0\times 10^{9}$ Hz,7485.379724368442,1.3539033268685358e-26,
0,line,1,Vegas fwd $1.0\times 10^{9}$ Hz,8404.817774137397,1.439221601228846e-26,
0,line,1,Vegas fwd $1.0\times 10^{9}$ Hz,9437.191487625705,1.5296749143283046e-26,
0,line,1,Vegas fwd $1.0\times 10^{9}$ Hz,10596.372886056477,1.626353430252895e-26,
0,line,1,Vegas fwd $1.0\times 10^{9}$ Hz,11897.937907435859,1.7294303607925064e-26,
0,line,1,Vegas fwd $1.0\times 10^{9}$ Hz,13359.375700667906,1.838230926056241e-26,
0,line,1,Vegas fwd $1.0\times 10^{9}$ Hz,15000.323627513291,1.9544248497947094e-26,
0,line,1,Vegas fwd $1.0\times 10^{9}$ Hz,16842.831130116658,2.0774166478740952e-26,
0,line,1,Vegas fwd $1.0\times 10^{9}$ Hz,18911.65600969468,2.2079366072917625e-26,
0,line,1,Vegas fwd $1.0\times 10^{9}$ Hz,21234.59709748593,2.3461632167065886e-26,
0,line,1,Vegas fwd $1.0\times 10^{9}$ Hz,23842.867788067262,2.4905561060969512e-26,
0,line,1,Vegas fwd $1.0\times 10^{9}$ Hz,26771.51545420944,2.640785083964288e-26,
0,line,1,Vegas fwd $1.0\times 10^{9}$ Hz,30059.89237895584,2.794698326851837e-26,
0,line,1,Vegas fwd $1.0\times 10^{9}$ Hz,33752.1845328457,2.9487038379141344e-26,
0,line,1,Vegas fwd $1.0\times 10^{9}$ Hz,37898.005301469406,3.100626116371706e-26,
0,line,1,Vegas fwd $1.0\times 10^{9}$ Hz,42553.0621412821,3.2456950910992484e-26,
0,line,1,Vegas fwd $1.0\times 10^{9}$ Hz,47779.90512153967,3.3800417586777687e-26,
0,line,1,Vegas fwd $1.0\times 10^{9}$ Hz,53648.76741052671,3.501012064051395e-26,
0,line,1,Vegas fwd $1.0\times 10^{9}$ Hz,60238.50899970236,3.6069804326392124e-26,
0,line,1,Vegas fwd $1.0\times 10^{9}$ Hz,67637.67634660006,3.697398048536103e-26,
0,line,1,Vegas fwd $1.0\times 10^{9}$ Hz,75945.69217491779,3.772084601107641e-26,
0,line,1,Vegas fwd $1.0\times 10^{9}$ Hz,85274.19141916305,3.831533829742414e-26,
0,line,1,Vegas fwd $1.0\times 10^{9}$ Hz,95748.52126495788,3.8777249578286224e-26,
0,line,1,Vegas fwd $1.0\times 10^{9}$ Hz,107509.42544107056,3.9115664512912843e-26,
0,line,1,Vegas fwd $1.0\times 10^{9}$ Hz,120714.9353950307,3.935754279378026e-26,
0,line,1,Vegas fwd $1.0\times 10^{9}$ Hz,135542.4937640828,3.950705860418452e-26,
0,line,1,Vegas fwd $1.0\times 10^{9}$ Hz,152191.33867459052,3.958217347642558e-26,
0,line,1,Vegas fwd $1.0\times 10^{9}$ Hz,170885.1809077577,3.960671475642476e-26,
0,line,1,Vegas fwd $1.0\times 10^{9}$ Hz,191875.20990478364,3.9574953097449733e-26,
0,line,1,Vegas fwd $1.0\times 10^{9}$ Hz,215443.46900318866,3.951700397619174e-26,
0,line,1,Vegas fwd $1.0\times 10^{9}$ Hz,241906.64525741176,3.942799769290103e-26,
0,line,1,Vegas fwd $1.0\times 10^{9}$ Hz,271620.32476755726,3.932380342353056e-26,
0,line,1,Vegas fwd $1.0\times 10^{9}$ Hz,304983.77069520706,3.9209400379260657e-26,
0,line,1,Vegas fwd $1.0\times 10^{9}$ Hz,342445.2881685698,3.909386650018718e-26,
0,line,1,Vegas fwd $1.0\times 10^{9}$ Hz,384508.2481652776,3.897335214993807e-26,
0,line,1,Vegas fwd $1.0\times 10^{9}$ Hz,431737.8513158363,3.886961591661475e-26,
0,line,1,Vegas fwd $1.0\times 10^{9}$ Hz,484768.7225130572,3.8761934790596264e-26,
0,line,1,Vegas fwd $1.0\times 10^{9}$ Hz,544313.4383763528,3.8678612378770194e-26,
0,line,1,Vegas fwd $1.0\times 10^{9}$ Hz,611172.1021545639,3.8604506836179773e-26,
0,line,1,Vegas fwd $1.0\times 10^{9}$ Hz,686243.0947254312,3.854105172276042e-26,
0,line,1,Vegas fwd $1.0\times 10^{9}$ Hz,770535.1461530557,3.850254145630076e-26,
0,line,1,Vegas fwd $1.0\times 10^{9}$ Hz,865180.8900090464,3.8466271046255655e-26,
0,line,1,Vegas fwd $1.0\times 10^{9}$ Hz,971452.0825869758,3.844945680968694e-26,
0,line,1,Vegas fwd $1.0\times 10^{9}$ Hz,1090776.6915109565,3.8437216843576676e-26,
0,line,1,Vegas fwd $1.0\times 10^{9}$ Hz,1224758.0833582329,3.8425904124895996e-26,
0,line,1,Vegas fwd $1.0\times 10^{9}$ Hz,1375196.5681201622,3.8403000525352966e-26,
0,line,1,Vegas fwd $1.0\times 10^{9}$ Hz,1544113.5899948329,3.8376514986632665e-26,
0,line,1,Vegas fwd $1.0\times 10^{9}$ Hz,1733778.8895633693,3.830132970329127e-26,
0,line,1,Vegas fwd $1.0\times 10^{9}$ Hz,1946741.0023284936,3.818360707965079e-26,
0,line,1,Vegas fwd $1.0\times 10^{9}$ Hz,2185861.5034246743,3.8040556455225474e-26,
0,line,1,Vegas fwd $1.0\times 10^{9}$ Hz,2454353.458646543,3.7714791801931465e-26,
0,line,1,Vegas fwd $1.0\times 10^{9}$ Hz,2755824.5984626412,3.7380060380518847e-26,
0,line,1,Vegas fwd $1.0\times 10^{9}$ Hz,3094325.795144362,3.682146575294656e-26,
0,line,1,Vegas fwd $1.0\times 10^{9}$ Hz,3474405.4943980086,3.6093587073322596e-26,
0,line,1,Vegas fwd $1.0\times 10^{9}$ Hz,3901170.8328986377,3.5334588252516225e-26,
0,line,1,Vegas fwd $1.0\times 10^{9}$ Hz,4380356.262962907,3.4049028729511464e-26,
0,line,1,Vegas fwd $1.0\times 10^{9}$ Hz,4918400.606471699,3.278726800596774e-26,
0,line,1,Vegas fwd $1.0\times 10^{9}$ Hz,5522533.573417251,3.118658982936617e-26,
0,line,1,Vegas fwd $1.0\times 10^{9}$ Hz,6200872.907625809,2.9300321700959176e-26,
0,line,1,Vegas fwd $1.0\times 10^{9}$ Hz,6962533.465004367,2.751409308882711e-26,
0,line,1,Vegas fwd $1.0\times 10^{9}$ Hz,7817749.689997524,2.5157230885562347e-26,
0,line,1,Vegas fwd $1.0\times 10^{9}$ Hz,8778013.135972489,2.2961750901846767e-26,
0,line,1,Vegas fwd $1.0\times 10^{9}$ Hz,9856226.87739571,2.071567789056383e-26,
0,line,1,Vegas fwd $1.0\times 10^{9}$ Hz,11066878.88863989,1.8376461001223977e-26,
0,line,1,Vegas fwd $1.0\times 10^{9}$ Hz,12426236.719115056,1.6301389181459404e-26,
0,line,1,Vegas fwd $1.0\times 10^{9}$ Hz,13952566.080576338,1.4172564154875537e-26,
0,line,1,Vegas fwd $1.0\times 10^{9}$ Hz,15666376.283769464,1.2279283109640007e-26,
0,line,1,Vegas fwd $1.0\times 10^{9}$ Hz,17590695.822349843,1.0587101103280924e-26,
0,line,1,Vegas fwd $1.0\times 10^{9}$ Hz,19751381.80710058,9.022275387355392e-27,
0,line,1,Vegas fwd $1.0\times 10^{9}$ Hz,22177467.40832167,7.68873886432508e-27,
0,line,1,Vegas fwd $1.0\times 10^{9}$ Hz,24901551.97497901,6.504997747514195e-27,
0,line,1,Vegas fwd $1.0\times 10^{9}$ Hz,27960239.072650153,5.489013609425851e-27,
0,line,1,Vegas fwd $1.0\times 10^{9}$ Hz,31394628.326189354,4.627977105444784e-27,
0,line,1,Vegas fwd $1.0\times 10^{9}$ Hz,35250867.67600913,3.886524148619703e-27,
0,line,1,Vegas fwd $1.0\times 10^{9}$ Hz,39580773.46865453,3.2638601781409565e-27,
0,line,1,Vegas fwd $1.0\times 10^{9}$ Hz,44442526.71383636,2.7384539902445045e-27,
0,line,1,Vegas fwd $1.0\times 10^{9}$ Hz,49901454.86353981,2.29624034501976e-27,
0,line,1,Vegas fwd $1.0\times 10^{9}$ Hz,56030909.61798617,1.9254626318483193e-27,
0,line,1,Vegas fwd $1.0\times 10^{9}$ Hz,62913252.55353957,1.6152171380715103e-27,
0,line,1,Vegas fwd $1.0\times 10^{9}$ Hz,70640961.8164559,1.3549608308794006e-27,
0,line,1,Vegas fwd $1.0\times 10^{9}$ Hz,79317874.75313465,1.1374231093254568e-27,
0,line,1,Vegas fwd $1.0\times 10^{9}$ Hz,89060583.17411506,9.555763826770039e-28,
0,line,1,Vegas fwd $1.0\times 10^{9}$ Hz,100000000.0,8.028025967221126e-28,
0,line,2,ASGARD rvs $1.0\times 10^{9}$ Hz,1.0,9.616234181073866e-32,
0,line,2,ASGARD rvs $1.0\times 10^{9}$ Hz,1.1228311834035287,1.3012961651324104e-31,
0,line,2,ASGARD rvs $1.0\times 10^{9}$ Hz,1.2607498664233685,1.7752383598524617e-31,
0,line,2,ASGARD rvs $1.0\times 10^{9}$ Hz,1.4156092644919918,2.3876131114110502e-31,
0,line,2,ASGARD rvs $1.0\times 10^{9}$ Hz,1.5894902256865417,3.1830054846129843e-31,
0,line,2,ASGARD rvs $1.0\times 10^{9}$ Hz,1.7847291911159615,4.210274201706492e-31,
0,line,2,ASGARD rvs $1.0\times 10^{9}$ Hz,2.0039495897155577,5.595953637024691e-31,
0,line,2,ASGARD rvs $1.0\times 10^{9}$ Hz,2.2500970893013355,7.364125138782217e-31,
0,line,2,ASGARD rvs $1.0\times 10^{9}$ Hz,2.5264791775530537,9.663088818954623e-31,
0,line,2,ASGARD rvs $1.0\times 10^{9}$ Hz,2.8368096047762688,1.2816691750546777e-30,
0,line,2,ASGARD rvs $1.0\times 10^{9}$ Hz,3.1852582856214346,1.6902956345448927e-30,
0,line,2,ASGARD rvs $1.0\times 10^{9}$ Hz,3.57650733029021,2.2105160804967967e-30,
0,line,2,ASGARD rvs $1.0\times 10^{9}$ Hz,4.015813958121153,2.8856203471840183e-30,
0,line,2,ASGARD rvs $1.0\times 10^{9}$ Hz,4.509081138925582,3.7637364352924454e-30,
0,line,2,ASGARD rvs $1.0\times 10^{9}$ Hz,5.062936911282342,4.869582398553047e-30,
0,line,2,ASGARD rvs $1.0\times 10^{9}$ Hz,5.684823443592558,6.262338606130785e-30,
0,line,2,ASGARD rvs $1.0\times 10^{9}$ Hz,6.383097034609155,8.058482530564625e-30,
0,line,2,ASGARD rvs $1.0\times 10^{9}$ Hz,7.167140397149751,1.0360226290278966e-29,
0,line,2,ASGARD rvs $1.0\times 10^{9}$ Hz,8.04748873375089,1.329067236592237e-29,
0,line,2,ASGARD rvs $1.0\times 10^{9}$ Hz,9.035971298344078,1.7020551906315172e-29,
0,line,2,ASGARD rvs $1.0\times 10^{9}$ Hz,10.14587034612,2.1680939816248505e-29,
0,line,2,ASGARD rvs $1.0\times 10^{9}$ Hz,11.392099607392687,2.7576529137651354e-29,
0,line,2,ASGARD rvs $1.0\times 10^{9}$ Hz,12.791404683619605,3.5054332690195613e-29,
0,line,2,ASGARD rvs $1.0\times 10^{9}$ Hz,14.362588058302041,4.4408839968698863e-29,
0,line,2,ASGARD rvs $1.0\times 10^{9}$ Hz,16.12676174624068,5.588400447701352e-29,
0,line,2,ASGARD rvs $1.0\times 10^{9}$ Hz,18.107630975998173,6.965987226412019e-29,
0,line,2,ASGARD rvs $1.0\times 10^{9}$ Hz,20.331812717414422,8.612276238599719e-29,
0,line,2,ASGARD rvs $1.0\times 10^{9}$ Hz,22.82919333423335,1.0535088285623853e-28,
0,line,2,ASGARD rvs $1.0\times 10^{9}$ Hz,25.63333016762518,1.2832640936398553e-28,
0,line,2,ASGARD rvs $1.0\times 10^{9}$ Hz,28.78190244668795,1.548907625833715e-28,
0,line,2,ASGARD rvs $1.0\times 10^{9}$ Hz,32.31721758481955,1.8618908934265022e-28,
0,line,2,ASGARD rvs $1.0\times 10^{9}$ Hz,36.28677966507226,2.220763653447683e-28,
0,line,2,ASGARD rvs $1.0\times 10^{9}$ Hz,40.743927753236186,2.634353192289898e-28,
0,line,2,ASGARD rvs $1.0\times 10^{9}$ Hz,45.74855261567406,3.1057615515848486e-28,
0,line,2,ASGARD rvs $1.0\times 10^{9}$ Hz,51.3679014724559,3.6389882491411366e-28,
0,line,2,ASGARD rvs $1.0\times 10^{9}$ Hz,57.67748159927351,4.242567815488872e-28,
0,line,2,ASGARD rvs $1.0\times 10^{9}$ Hz,64.76207491984752,4.9282305183073455e-28,
0,line,2,ASGARD rvs $1.0\times 10^{9}$ Hz,72.71687722192038,5.700182199188358e-28,
0,line,2,ASGARD rvs $1.0\times 10^{9}$ Hz,81.64877730449795,6.579256293962678e-28,
0,line,2,ASGARD rvs $1.0\times 10^{9}$ Hz,91.67779324426061,7.574980837042435e-28,
0,line,2,ASGARD rvs $1.0\times 10^{9}$ Hz,102.93868508027717,8.673413907351282e-28,
0,line,2,ASGARD rvs $1.0\times 10^{9}$ Hz,115.58276558669077,9.875640992499956e-28,
0,line,2,ASGARD rvs $1.0\times 10^{9}$ Hz,129.77993346475662,1.1173843671919666e-27,
0,line,2,ASGARD rvs $1.0\times 10^{9}$ Hz,145.7209562742639,1.2595590889808819e-27,
0,line,2,ASGARD rvs $1.0\times 10^{9}$ Hz,163.6200337801256,1.4150220079360649e-27,
0,line,2,ASGARD rvs $1.0\times 10^{9}$ Hz,183.71767615786374,1.5835564562577583e-27,
0,line,2,ASGARD rvs $1.0\times 10^{9}$ Hz,206.2839357324804,1.7646352121702295e-27,
0,line,2,ASGARD rvs $1.0\times 10^{9}$ Hz,231.6220356756384,1.959137475387658e-27,
0,line,2,ASGARD rvs $1.0\times 10^{9}$ Hz,260.07244442001166,2.1641171298126694e-27,
0,line,2,ASGARD rvs $1.0\times 10^{9}$ Hz,292.0174505387701,2.3761979463898375e-27,
0,line,2,ASGARD rvs $1.0\times 10^{9}$ Hz,327.8862995629286,2.592824047264766e-27,
0,line,2,ASGARD rvs $1.0\times 10^{9}$ Hz,368.16096176004703,2.810202074021646e-27,
0,line,2,ASGARD rvs $1.0\times 10^{9}$ Hz,413.38260837601484,3.023133163733721e-27,
0,line,2,ASGARD rvs $1.0\times 10^{9}$ Hz,464.1588833612782,3.2226325824228657e-27,
0,line,2,ASGARD rvs $1.0\times 10^{9}$ Hz,521.1720682918044,3.402295238456755e-27,
0,line,2,ASGARD rvs $1.0\times 10^{9}$ Hz,585.1882501969513,3.55800117705252e-27,
0,line,2,ASGARD rvs $1.0\times 10^{9}$ Hz,657.0676154824831,3.6845091057441684e-27,
0,line,2,ASGARD rvs $1.0\times 10^{9}$ Hz,737.7760082683312,3.7806029801959376e-27,
0,line,2,ASGARD rvs $1.0\times 10^{9}$ Hz,828.3979084506619,3.8467601567252124e-27,
0,line,2,ASGARD rvs $1.0\times 10^{9}$ Hz,930.1510038746646,3.872098774722481e-27,
0,line,2,ASGARD rvs $1.0\times 10^{9}$ Hz,1044.4025524245699,3.8597409496211744e-27,
0,line,2,ASGARD rvs $1.0\times 10^{9}$ Hz,1172.6877538885456,3.8120457522165265e-27,
0,line,2,ASGARD rvs $1.0\times 10^{9}$ Hz,1316.7303784615017,3.7005967472541696e-27,
0,line,2,ASGARD rvs $1.0\times 10^{9}$ Hz,1478.465929071304,3.5389529275165226e-27,
0,line,2,ASGARD rvs $1.0\times 10^{9}$ Hz,1660.0676487609296,3.317610113716931e-27,
0,line,2,ASGARD rvs $1.0\times 10^{9}$ Hz,1863.975722588148,3.0512512275228438e-27,
0,line,2,ASGARD rvs $1.0\times 10^{9}$ Hz,2092.9300664290977,2.7619935270187223e-27,
0,line,2,ASGARD rvs $1.0\times 10^{9}$ Hz,2350.0071432694094,2.4708896161159305e-27,
0,line,2,ASGARD rvs $1.0\times 10^{9}$ Hz,2638.6613016839365,2.1875393146008785e-27,
0,line,2,ASGARD rvs $1.0\times 10^{9}$ Hz,2962.77119197087,1.9143891979521366e-27,
0,line,2,ASGARD rvs $1.0\times 10^{9}$ Hz,3326.691883634535,1.6486612282782052e-27,
0,line,2,ASGARD rvs $1.0\times 10^{9}$ Hz,3735.3133845202788,1.3948716679543193e-27,
0,line,2,ASGARD rvs $1.0\times 10^{9}$ Hz,4194.126347923944,1.1584174157078435e-27,
0,line,2,ASGARD rvs $1.0\times 10^{9}$ Hz,4709.295850583362,9.405252341158688e-28,
0,line,2,ASGARD rvs $1.0\times 10^{9}$ Hz,5287.744232907843,7.444906761594677e-28,
0,line,2,ASGARD rvs $1.0\times 10^{9}$ Hz,5937.244114571097,5.746123955901923e-28,
0,line,2,ASGARD rvs $1.0\times 10^{9}$ Hz,6666.522835319501,4.323065870900374e-28,
0,line,2,ASGARD rvs $1.0\times 10^{9}$ Hz,7485.379724368442,3.157080327463078e-28,
0,line,2,ASGARD rvs $1.0\times 10^{9}$ Hz,8404.817774137397,2.2315048707278693e-28,
0,line,2,ASGARD rvs $1.0\times 10^{9}$ Hz,9437.191487625705,1.5235355054904382e-28,
0,line,2,ASGARD rvs $1.0\times 10^{9}$ Hz,10596.372886056477,1.0118887704695806e-28,
0,line,2,ASGARD rvs $1.0\times 10^{9}$ Hz,11897.937907435859,6.563671844822296e-29,
0,line,2,ASGARD rvs $1.0\times 10^{9}$ Hz,13359.375700667906,4.1371009127432297e-29,
0,line,2,ASGARD rvs $1.0\times 10^{9}$ Hz,15000.323627513291,2.560038745685063e-29,
0,line,2,ASGARD rvs $1.0\times 10^{9}$ Hz,16842.831130116658,1.5777006780193877e-29,
0,line,2,ASGARD rvs $1.0\times 10^{9}$ Hz,18911.65600969468,9.478550685354497e-30,
0,line,2,ASGARD rvs $1.0\times 10^{9}$ Hz,21234.59709748593,5.5573285863535514e-30,
0,line,2,ASGARD rvs $1.0\times 10^{9}$ Hz,23842.867788067262,3.260935296073417e-30,
0,line,2,ASGARD rvs $1.0\times 10^{9}$ Hz,26771.51545420944,1.8820660169351946e-30,
0,line,2,ASGARD rvs $1.0\times 10^{9}$ Hz,30059.89237895584,1.0571077897003489e-30,
0,line,2,ASGARD rvs $1.0\times 10^{9}$ Hz,33752.1845328457,5.9235093665203655e-31,
0,line,2,ASGARD rvs $1.0\times 10^{9}$ Hz,37898.005301469406,3.351027273118165e-31,
0,line,2,ASGARD rvs $1.0\times 10^{9}$ Hz,42553.0621412821,1.8652789838177161e-31,
0,line,2,ASGARD rvs $1.0\times 10^{9}$ Hz,47779.90512153967,1.015121003457431e-31,
0,line,2,ASGARD rvs $1.0\times 10^{9}$ Hz,53648.76741052671,5.560642891438532e-32,
0,line,2,ASGARD rvs $1.0\times 10^{9}$ Hz,60238.50899970236,3.141635113944424e-32,
0,line,2,ASGARD rvs $1.0\times 10^{9}$ Hz,67637.67634660006,1.830567475580607e-32,
0,line,2,ASGARD rvs $1.0\times 10^{9}$ Hz,75945.69217491779,1.0767242618461521e-32,
0,line,2,ASGARD rvs $1.0\times 10^{9}$ Hz,85274.19141916305,6.293959895928921e-33,
0,line,2,ASGARD rvs $1.0\times 10^{9}$ Hz,95748.52126495788,3.684464918346742e-33,
0,line,2,ASGARD rvs $1.0\times 10^{9}$ Hz,107509.42544107056,2.1816018444262927e-33,
0,line,2,ASGARD rvs $1.0\times 10^{9}$ Hz,120714.9353950307,1.3186030540272396e-33,
0,line,2,ASGARD rvs $1.0\times 10^{9}$ Hz,135542.4937640828,8.16810646799698e-34,
0,line,2,ASGARD rvs $1.0\times 10^{9}$ Hz,152191.33867459052,5.167146135843082e-34,
0,line,2,ASGARD rvs $1.0\times 10^{9}$ Hz,170885.1809077577,3.2798152211222375e-34,
0,line,2,ASGARD rvs $1.0\times 10^{9}$ Hz,191875.20990478364,2.071852953013055e-34,
0,line,2,ASGARD rvs $1.0\times 10^{9}$ Hz,215443.46900318866,1.3048655319392724e-34,
0,line,2,ASGARD rvs $1.0\times 10^{9}$ Hz,241906.64525741176,8.196615835936578e-35,
0,line,2,ASGARD rvs $1.0\times 10^{9}$ Hz,271620.32476755726,5.158493606906619e-35,
0,line,2,ASGARD rvs $1.0\times 10^{9}$ Hz,304983.77069520706,3.271792757888698e-35,
0,line,2,ASGARD rvs $1.0\times 10^{9}$ Hz,342445.2881685698,2.095620358543933e-35,
0,line,2,ASGARD rvs $1.0\times 10^{9}$ Hz,384508.2481652776,1.3684722023225284e-35,
0,line,2,ASGARD rvs $1.0\times 10^{9}$ Hz,431737.8513158363,9.143219332015844e-36,
0,line,2,ASGARD rvs $1.0\times 10^{9}$ Hz,484768.7225130572,6.160267267231904e-36,
0,line,2,ASGARD rvs $1.0\times 10^{9}$ Hz,544313.4383763528,4.1376508839866017e-36,
0,line,2,ASGARD rvs $1.0\times 10^{9}$ Hz,611172.1021545639,2.7729282558952606e-36,
0,line,2,ASGARD rvs $1.0\times 10^{9}$ Hz,686243.0947254312,1.848623330102806e-36,
0,line,2,ASGARD rvs $1.0\times 10^{9}$ Hz,770535.1461530557,1.228418401662176e-36,
0,line,2,ASGARD rvs $1.0\times 10^{9}$ Hz,865180.8900090464,8.171042664617824e-37,
0,line,2,ASGARD rvs $1.0\times 10^{9}$ Hz,971452.0825869758,5.412568815761729e-37,
0,line,2,ASGARD rvs $1.0\times 10^{9}$ Hz,1090776.6915109565,3.6099805692613584e-37,
0,line,2,ASGARD rvs $1.0\times 10^{9}$ Hz,1224758.0833582329,2.4403642986776883e-37,
0,line,2,ASGARD rvs $1.0\times 10^{9}$ Hz,1375196.5681201622,1.6499916041208244e-37,
0,line,2,ASGARD rvs $1.0\times 10^{9}$ Hz,1544113.5899948329,1.1242820899363929e-37,
0,line,2,ASGARD rvs $1.0\times 10^{9}$ Hz,1733778.8895633693,7.951991934118405e-38,
0,line,2,ASGARD rvs $1.0\times 10^{9}$ Hz,1946741.0023284936,5.638352988667281e-38,
0,line,2,ASGARD rvs $1.0\times 10^{9}$ Hz,2185861.5034246743,3.9401110106830835e-38,
0,line,2,ASGARD rvs $1.0\times 10^{9}$ Hz,2454353.458646543,2.7667245158858953e-38,
0,line,2,ASGARD rvs $1.0\times 10^{9}$ Hz,2755824.5984626412,1.9482723737810546e-38,
0,line,2,ASGARD rvs $1.0\times 10^{9}$ Hz,3094325.795144362,1.3421693803154709e-38,
0,line,2,ASGARD rvs $1.0\times 10^{9}$ Hz,3474405.4943980086,9.23418394365535e-39,
0,line,2,ASGARD rvs $1.0\times 10^{9}$ Hz,3901170.8328986377,6.488767983227496e-39,
0,line,2,ASGARD rvs $1.0\times 10^{9}$ Hz,4380356.262962907,4.46956042240904e-39,
0,line,2,ASGARD rvs $1.0\times 10^{9}$ Hz,4918400.606471699,3.052139954517414e-39,
0,line,2,ASGARD rvs $1.0\times 10^{9}$ Hz,5522533.573417251,2.170096794064484e-39,
0,line,2,ASGARD rvs $1.0\times 10^{9}$ Hz,6200872.907625809,1.5258086198674717e-39,
0,line,2,ASGARD rvs $1.0\times 10^{9}$ Hz,6962533.465004367,1.0668832486670524e-39,
0,line,2,ASGARD rvs $1.0\times 10^{9}$ Hz,7817749.689997524,7.922876696578834e-40,
0,line,2,ASGARD rvs $1.0\times 10^{9}$ Hz,8778013.135972489,5.858505698180574e-40,
0,line,2,ASGARD rvs $1.0\times 10^{9}$ Hz,9856226.87739571,4.281207939447549e-40,
0,line,2,ASGARD rvs $1.0\times 10^{9}$ Hz,11066878.88863989,3.169892857851145e-40,
0,line,2,ASGARD rvs $1.0\times 10^{9}$ Hz,12426236.719115056,2.335546796428618e-40,
0,line,2,ASGARD rvs $1.0\times 10^{9}$ Hz,13952566.080576338,1.6827515744855451e-40,
0,line,2,ASGARD rvs $1.0\times 10^{9}$ Hz,15666376.283769464,1.221739958337724e-40,
0,line,2,ASGARD rvs $1.0\times 10^{9}$ Hz,17590695.822349843,8.92102127035177e-41,
0,line,2,ASGARD rvs $1.0\times 10^{9}$ Hz,19751381.80710058,6.364323473914871e-41,
0,line,2,ASGARD rvs $1.0\times 10^{9}$ Hz,22177467.40832167,4.5587692533460367e-41,
0,line,2,ASGARD rvs $1.0\times 10^{9}$ Hz,24901551.97497901,3.3461892666596333e-41,
0,line,2,ASGARD rvs $1.0\times 10^{9}$ Hz,27960239.072650153,2.413093022758145e-41,
0,line,2,ASGARD rvs $1.0\times 10^{9}$ Hz,31394628.326189354,1.7481551629988786e-41,
0,line,2,ASGARD rvs $1.0\times 10^{9}$ Hz,35250867.67600913,1.338114634810887e-41,
0,line,2,ASGARD rvs $1.0\times 10^{9}$ Hz,39580773.46865453,1.0142213422968865e-41,
0,line,2,ASGARD rvs $1.0\times 10^{9}$ Hz,44442526.71383636,7.649152143754744e-42,
0,line,2,ASGARD rvs $1.0\times 10^{9}$ Hz,49901454.86353981,5.87780570580557e-42,
0,line,2,ASGARD rvs $1.0\times 10^{9}$ Hz,56030909.61798617,4.398451728639517e-42,
0,line,2,ASGARD rvs $1.0\times 10^{9}$ Hz,62913252.55353957,3.1971612590079283e-42,
0,line,2,ASGARD rvs $1.0\times 10^{9}$ Hz,70640961.8164559,2.3901131874392144e-42,
0,line,2,ASGARD rvs $1.0\times 10^{9}$ Hz,79317874.75313465,1.7418787508560097e-42,
0,line,2,ASGARD rvs $1.0\times 10^{9}$ Hz,89060583.17411506,1.2337426918064645e-42,
0,line,2,ASGARD rvs $1.0\times 10^{9}$ Hz,100000000.0,9.061148435199392e-43,
0,line,3,Vegas rvs $1.0\times 10^{9}$ Hz,1.0,7.155305575321971e-32,
0,line,3,Vegas rvs $1.0\times 10^{9}$ Hz,1.1228311834035287,1.0009419583431553e-31,
0,line,3,Vegas rvs $1.0\times 10^{9}$ Hz,1.2607498664233685,1.4180215747934254e-31,
0,line,3,Vegas rvs $1.0\times 10^{9}$ Hz,1.4156092644919918,2.0315469055542735e-31,
0,line,3,Vegas rvs $1.0\times 10^{9}$ Hz,1.5894902256865417,2.9409344513171304e-31,
0,line,3,Vegas rvs $1.0\times 10^{9}$ Hz,1.7847291911159615,4.290354285674942e-31,
0,line,3,Vegas rvs $1.0\times 10^{9}$ Hz,2.0039495897155577,6.278329577589685e-31,
0,line,3,Vegas rvs $1.0\times 10^{9}$ Hz,2.2500970893013355,9.1861637249568e-31,
0,line,3,Vegas rvs $1.0\times 10^{9}$ Hz,2.5264791775530537,1.3408752770134363e-30,
0,line,3,Vegas rvs $1.0\times 10^{9}$ Hz,2.8368096047762688,1.9495757951497512e-30,
0,line,3,Vegas rvs $1.0\times 10^{9}$ Hz,3.1852582856214346,2.8172215324410317e-30,
0,line,3,Vegas rvs $1.0\times 10^{9}$ Hz,3.57650733029021,4.044448088071536e-30,
0,line,3,Vegas rvs $1.0\times 10^{9}$ Hz,4.015813958121153,5.7619941213901324e-30,
0,line,3,Vegas rvs $1.0\times 10^{9}$ Hz,4.509081138925582,8.148372064760385e-30,
0,line,3,Vegas rvs $1.0\times 10^{9}$ Hz,5.062936911282342,1.1440050898035472e-29,
0,line,3,Vegas rvs $1.0\times 10^{9}$ Hz,5.684823443592558,1.5948306538648216e-29,
0,line,3,Vegas rvs $1.0\times 10^{9}$ Hz,6.383097034609155,2.2071621198103992e-29,
0,line,3,Vegas rvs $1.0\times 10^{9}$ Hz,7.167140397149751,3.031686980531828e-29,
0,line,3,Vegas rvs $1.0\times 10^{9}$ Hz,8.04748873375089,4.1231637972639125e-29,
0,line,3,Vegas rvs $1.0\times 10^{9}$ Hz,9.035971298344078,5.532608655737369e-29,
0,line,3,Vegas rvs $1.0\times 10^{9}$ Hz,10.14587034612,7.3019420278347e-29,
0,line,3,Vegas rvs $1.0\times 10^{9}$ Hz,11.392099607392687,9.453156566227148e-29,
0,line,3,Vegas rvs $1.0\times 10^{9}$ Hz,12.791404683619605,1.1960174960660687e-28,
0,line,3,Vegas rvs $1.0\times 10^{9}$ Hz,14.362588058302041,1.4691896870579573e-28,
0,line,3,Vegas rvs $1.0\times 10^{9}$ Hz,16.12676174624068,1.7557673503161192e-28,
0,line,3,Vegas rvs $1.0\times 10^{9}$ Hz,18.107630975998173,2.0661361874695955e-28,
0,line,3,Vegas rvs $1.0\times 10^{9}$ Hz,20.331812717414422,2.483822639078976e-28,
0,line,3,Vegas rvs $1.0\times 10^{9}$ Hz,22.82919333423335,3.0136750410931436e-28,
0,line,3,Vegas rvs $1.0\times 10^{9}$ Hz,25.63333016762518,3.643543957196119e-28,
0,line,3,Vegas rvs $1.0\times 10^{9}$ Hz,28.78190244668795,4.346160790902647e-28,
0,line,3,Vegas rvs $1.0\times 10^{9}$ Hz,32.31721758481955,5.108109164982491e-28,
0,line,3,Vegas rvs $1.0\times 10^{9}$ Hz,36.28677966507226,6.004979212967451e-28,
0,line,3,Vegas rvs $1.0\times 10^{9}$ Hz,40.743927753236186,6.891520327404711e-28,
0,line,3,Vegas rvs $1.0\times 10^{9}$ Hz,45.74855261567406,7.803282744598176e-28,
0,line,3,Vegas rvs $1.0\times 10^{9}$ Hz,51.3679014724559,8.81570395565113e-28,
0,line,3,Vegas rvs $1.0\times 10^{9}$ Hz,57.67748159927351,9.701575495519256e-28,
0,line,3,Vegas rvs $1.0\times 10^{9}$ Hz,64.76207491984752,1.070806715688787e-27,
0,line,3,Vegas rvs $1.0\times 10^{9}$ Hz,72.71687722192038,1.1510187213594685e-27,
0,line,3,Vegas rvs $1.0\times 10^{9}$ Hz,81.64877730449795,1.2408993407395818e-27,
0,line,3,Vegas rvs $1.0\times 10^{9}$ Hz,91.67779324426061,1.3220974690549722e-27,
0,line,3,Vegas rvs $1.0\times 10^{9}$ Hz,102.93868508027717,1.3890130104842292e-27,
0,line,3,Vegas rvs $1.0\times 10^{9}$ Hz,115.58276558669077,1.4725886224010905e-27,
0,line,3,Vegas rvs $1.0\times 10^{9}$ Hz,129.77993346475662,1.5189087269197668e-27,
0,line,3,Vegas rvs $1.0\times 10^{9}$ Hz,145.7209562742639,1.6124397089289869e-27,
0,line,3,Vegas rvs $1.0\times 10^{9}$ Hz,163.6200337801256,1.6667436791545937e-27,
0,line,3,Vegas rvs $1.0\times 10^{9}$ Hz,183.71767615786374,1.7605172000358947e-27,
0,line,3,Vegas rvs $1.0\times 10^{9}$ Hz,206.2839357324804,1.8383184950622826e-27,
0,line,3,Vegas rvs $1.0\times 10^{9}$ Hz,231.6220356756384,1.943608098046111e-27,
0,line,3,Vegas rvs $1.0\times 10^{9}$ Hz,260.07244442001166,2.0724504991683368e-27,
0,line,3,Vegas rvs $1.0\times 10^{9}$ Hz,292.0174505387701,2.2210202270385413e-27,
0,line,3,Vegas rvs $1.0\times 10^{9}$ Hz,327.8862995629286,2.4077993517340755e-27,
0,line,3,Vegas rvs $1.0\times 10^{9}$ Hz,368.16096176004703,2.6375522026437674e-27,
0,line,3,Vegas rvs $1.0\times 10^{9}$ Hz,413.38260837601484,2.911050583252467e-27,
0,line,3,Vegas rvs $1.0\times 10^{9}$ Hz,464.1588833612782,3.246489150897727e-27,
0,line,3,Vegas rvs $1.0\times 10^{9}$ Hz,521.1720682918044,3.639828201038867e-27,
0,line,3,Vegas rvs $1.0\times 10^{9}$ Hz,585.1882501969513,4.1151641374401336e-27,
0,line,3,Vegas rvs $1.0\times 10^{9}$ Hz,657.0676154824831,4.654765013459644e-27,
0,line,3,Vegas rvs $1.0\times 10^{9}$ Hz,737.7760082683312,5.285217782449321e-27,
0,line,3,Vegas rvs $1.0\times 10^{9}$ Hz,828.3979084506619,5.980759327320482e-27,
0,line,3,Vegas rvs $1.0\times 10^{9}$ Hz,930.1510038746646,6.74295593654341e-27,
0,line,3,Vegas rvs $1.0\times 10^{9}$ Hz,1044.4025524245699,7.520787154189706e-27,
0,line,3,Vegas rvs $1.0\times 10^{9}$ Hz,1172.6877538885456,8.287394441616068e-27,
0,line,3,Vegas rvs $1.0\times 10^{9}$ Hz,1316.7303784615017,9.015368528876891e-27,
0,line,3,Vegas rvs $1.0\times 10^{9}$ Hz,1478.465929071304,9.591357160129581e-27,
0,line,3,Vegas rvs $1.0\times 10^{9}$ Hz,1660.0676487609296,1.0066962609630598e-26,
0,line,3,Vegas rvs $1.0\times 10^{9}$ Hz,1863.975722588148,1.0422104217921423e-26,
0,line,3,Vegas rvs $1.0\times 10^{9}$ Hz,2092.9300664290977,1.0622062475035551e-26,
0,line,3,Vegas rvs $1.0\times 10^{9}$ Hz,2350.0071432694094,1.0599844081402006e-26,
0,line,3,Vegas rvs $1.0\times 10^{9}$ Hz,2638.6613016839365,1.0489588110933025e-26,
0,line,3,Vegas rvs $1.0\times 10^{9}$ Hz,2962.77119197087,1.0290138302864788e-26,
0,line,3,Vegas rvs $1.0\times 10^{9}$ Hz,3326.691883634535,9.984703638906468e-27,
0,line,3,Vegas rvs $1.0\times 10^{9}$ Hz,3735.3133845202788,9.547962676058096e-27,
0,line,3,Vegas rvs $1.0\times 10^{9}$ Hz,4194.126347923944,8.982782964922551e-27,
0,line,3,Vegas rvs $1.0\times 10^{9}$ Hz,4709.295850583362,8.359123478473396e-27,
0,line,3,Vegas rvs $1.0\times 10^{9}$ Hz,5287.744232907843,7.672490761982608e-27,
0,line,3,Vegas rvs $1.0\times 10^{9}$ Hz,5937.244114571097,6.936951536106782e-27,
0,line,3,Vegas rvs $1.0\times 10^{9}$ Hz,6666.522835319501,6.159821875122337e-27,
0,line,3,Vegas rvs $1.0\times 10^{9}$ Hz,7485.379724368442,5.347765086254545e-27,
0,line,3,Vegas rvs $1.0\times 10^{9}$ Hz,8404.817774137397,4.514128079243955e-27,
0,line,3,Vegas rvs $1.0\times 10^{9}$ Hz,9437.191487625705,3.6854089988428896e-27,
0,line,3,Vegas rvs $1.0\times 10^{9}$ Hz,10596.372886056477,2.8988773527587643e-27,
0,line,3,Vegas rvs $1.0\times 10^{9}$ Hz,11897.937907435859,2.1817294237593086e-27,
0,line,3,Vegas rvs $1.0\times 10^{9}$ Hz,13359.375700667906,1.5602341157274124e-27,
0,line,3,Vegas rvs $1.0\times 10^{9}$ Hz,15000.323627513291,1.0746597322474975e-27,
0,line,3,Vegas rvs $1.0\times 10^{9}$ Hz,16842.831130116658,7.170993285580265e-28,
0,line,3,Vegas rvs $1.0\times 10^{9}$ Hz,18911.65600969468,4.67276541557362e-28,
0,line,3,Vegas rvs $1.0\times 10^{9}$ Hz,21234.59709748593,2.991596563575153e-28,
0,line,3,Vegas rvs $1.0\times 10^{9}$ Hz,23842.867788067262,1.885541660167978e-28,
0,line,3,Vegas rvs $1.0\times 10^{9}$ Hz,26771.51545420944,1.171710380418465e-28,
0,line,3,Vegas rvs $1.0\times 10^{9}$ Hz,30059.89237895584,7.190364697546492e-29,
0,line,3,Vegas rvs $1.0\times 10^{9}$ Hz,33752.1845328457,4.36666956494866e-29,
0,line,3,Vegas rvs $1.0\times 10^{9}$ Hz,37898.005301469406,2.632120846688426e-29,
0,line,3,Vegas rvs $1.0\times 10^{9}$ Hz,42553.0621412821,1.5800462094429347e-29,
0,line,3,Vegas rvs $1.0\times 10^{9}$ Hz,47779.90512153967,9.481627473544255e-30,
0,line,3,Vegas rvs $1.0\times 10^{9}$ Hz,53648.76741052671,5.70643796991356e-30,
0,line,3,Vegas rvs $1.0\times 10^{9}$ Hz,60238.50899970236,3.453833354005782e-30,
0,line,3,Vegas rvs $1.0\times 10^{9}$ Hz,67637.67634660006,2.1063502692587025e-30,
0,line,3,Vegas rvs $1.0\times 10^{9}$ Hz,75945.69217491779,1.295899639879747e-30,
0,line,3,Vegas rvs $1.0\times 10^{9}$ Hz,85274.19141916305,8.048644667216792e-31,
0,line,3,Vegas rvs $1.0\times 10^{9}$ Hz,95748.52126495788,5.046331695659627e-31,
0,line,3,Vegas rvs $1.0\times 10^{9}$ Hz,107509.42544107056,3.1937728654733932e-31,
0,line,3,Vegas rvs $1.0\times 10^{9}$ Hz,120714.9353950307,2.0386292487956653e-31,
0,line,3,Vegas rvs $1.0\times 10^{9}$ Hz,135542.4937640828,1.3124879446109306e-31,
0,line,3,Vegas rvs $1.0\times 10^{9}$ Hz,152191.33867459052,8.515432962368272e-32,
0,line,3,Vegas rvs $1.0\times 10^{9}$ Hz,170885.1809077577,5.562018803021831e-32,
0,line,3,Vegas rvs $1.0\times 10^{9}$ Hz,191875.20990478364,3.658895300379383e-32,
0,line,3,Vegas rvs $1.0\times 10^{9}$ Hz,215443.46900318866,2.4196104403426336e-32,
0,line,3,Vegas rvs $1.0\times 10^{9}$ Hz,241906.64525741176,1.6100022050830855e-32,
0,line,3,Vegas rvs $1.0\times 10^{9}$ Hz,271620.32476755726,1.0758354666096618e-32,
0,line,3,Vegas rvs $1.0\times 10^{9}$ Hz,304983.77069520706,7.226875892116913e-33,
0,line,3,Vegas rvs $1.0\times 10^{9}$ Hz,342445.2881685698,4.871736494733911e-33,
0,line,3,Vegas rvs $1.0\times 10^{9}$ Hz,384508.2481652776,3.298878060247453e-33,
0,line,3,Vegas rvs $1.0\times 10^{9}$ Hz,431737.8513158363,2.2400719435908286e-33,
0,line,3,Vegas rvs $1.0\times 10^{9}$ Hz,484768.7225130572,1.5274391386974026e-33,
0,line,3,Vegas rvs $1.0\times 10^{9}$ Hz,544313.4383763528,1.0435753527647273e-33,
0,line,3,Vegas rvs $1.0\times 10^{9}$ Hz,611172.1021545639,7.158463879650477e-34,
0,line,3,Vegas rvs $1.0\times 10^{9}$ Hz,686243.0947254312,4.917520966336842e-34,
0,line,3,Vegas rvs $1.0\times 10^{9}$ Hz,770535.1461530557,3.3894664190486483e-34,
0,line,3,Vegas rvs $1.0\times 10^{9}$ Hz,865180.8900090464,2.340672331123972e-34,
0,line,3,Vegas rvs $1.0\times 10^{9}$ Hz,971452.0825869758,1.619422957977375e-34,
0,line,3,Vegas rvs $1.0\times 10^{9}$ Hz,1090776.6915109565,1.1239220335236507e-34,
0,line,3,Vegas rvs $1.0\times 10^{9}$ Hz,1224758.0833582329,7.80414866491171e-35,
0,line,3,Vegas rvs $1.0\times 10^{9}$ Hz,1375196.5681201622,5.437673856393352e-35,
0,line,3,Vegas rvs $1.0\times 10^{9}$ Hz,1544113.5899948329,3.791378924228673e-35,
0,line,3,Vegas rvs $1.0\times 10^{9}$ Hz,1733778.8895633693,2.649034365009014e-35,
0,line,3,Vegas rvs $1.0\times 10^{9}$ Hz,1946741.0023284936,1.85478109851232e-35,
0,line,3,Vegas rvs $1.0\times 10^{9}$ Hz,2185861.5034246743,1.2991427470630435e-35,
0,line,3,Vegas rvs $1.0\times 10^{9}$ Hz,2454353.458646543,9.129714698378728e-36,
0,line,3,Vegas rvs $1.0\times 10^{9}$ Hz,2755824.5984626412,6.417672885257335e-36,
0,line,3,Vegas rvs $1.0\times 10^{9}$ Hz,3094325.795144362,4.520175618808419e-36,
0,line,3,Vegas rvs $1.0\times 10^{9}$ Hz,3474405.4943980086,3.189393188602497e-36,
0,line,3,Vegas rvs $1.0\times 10^{9}$ Hz,3901170.8328986377,2.2509056471462484e-36,
0,line,3,Vegas rvs $1.0\times 10^{9}$ Hz,4380356.262962907,1.593746800183678e-36,
0,line,3,Vegas rvs $1.0\times 10^{9}$ Hz,4918400.606471699,1.1286479403990031e-36,
0,line,3,Vegas rvs $1.0\times 10^{9}$ Hz,5522533.573417251,8.006655343928868e-37,
0,line,3,Vegas rvs $1.0\times 10^{9}$ Hz,6200872.907625809,5.690418612195536e-37,
0,line,3,Vegas rvs $1.0\times 10^{9}$ Hz,6962533.465004367,4.044468101132709e-37,
0,line,3,Vegas rvs $1.0\times 10^{9}$ Hz,7817749.689997524,2.8839107715402968e-37,
0,line,3,Vegas rvs $1.0\times 10^{9}$ Hz,8778013.135972489,2.0568683977003372e-37,
0,line,3,Vegas rvs $1.0\times 10^{9}$ Hz,9856226.87739571,1.4690431965553966e-37,
0,line,3,Vegas rvs $1.0\times 10^{9}$ Hz,11066878.88863989,1.0513836960498076e-37,
0,line,3,Vegas rvs $1.0\times 10^{9}$ Hz,12426236.719115056,7.524686356104308e-38,
0,line,3,Vegas rvs $1.0\times 10^{9}$ Hz,13952566.080576338,5.400687187352564e-38,
0,line,3,Vegas rvs $1.0\times 10^{9}$ Hz,15666376.283769464,3.878185077460523e-38,
0,line,3,Vegas rvs $1.0\times 10^{9}$ Hz,17590695.822349843,2.7874459081990835e-38,
0,line,3,Vegas rvs $1.0\times 10^{9}$ Hz,19751381.80710058,2.0079303820077403e-38,
0,line,3,Vegas rvs $1.0\times 10^{9}$ Hz,22177467.40832167,1.4464087741756742e-38,
0,line,3,Vegas rvs $1.0\times 10^{9}$ Hz,24901551.97497901,1.0440468660203668e-38,
0,line,3,Vegas rvs $1.0\times 10^{9}$ Hz,27960239.072650153,7.541799676269916e-39,
0,line,3,Vegas rvs $1.0\times 10^{9}$ Hz,31394628.326189354,5.449973479427867e-39,
0,line,3,Vegas rvs $1.0\times 10^{9}$ Hz,35250867.67600913,3.945788154342831e-39,
0,line,3,Vegas rvs $1.0\times 10^{9}$ Hz,39580773.46865453,2.8567564569028367e-39,
0,line,3,Vegas rvs $1.0\times 10^{9}$ Hz,44442526.71383636,2.070192896485937e-39,
0,line,3,Vegas rvs $1.0\times 10^{9}$ Hz,49901454.86353981,1.501114085575096e-39,
0,line,3,Vegas rvs $1.0\times 10^{9}$ Hz,56030909.61798617,1.0884886940660121e-39,
0,line,3,Vegas rvs $1.0\times 10^{9}$ Hz,62913252.55353957,7.897073564303113e-40,
0,line,3,Vegas rvs $1.0\times 10^{9}$ Hz,70640961.8164559,5.7293912968645435e-40,
0,line,3,Vegas rvs $1.0\times 10^{9}$ Hz,79317874.75313465,4.155411243762649e-40,
0,line,3,Vegas rvs $1.0\times 10^{9}$ Hz,89060583.17411506,3.0127385782869755e-40,
0,line,3,Vegas rvs $1.0\times 10^{9}$ Hz,100000000.0,2.184283008740216e-40,
0,line,4,ASGARD fwd $1.0\times 10^{14}$ Hz,1.0,2.849422697396705e-29,
0,line,4,ASGARD fwd $1.0\times 10^{14}$ Hz,1.1228311834035287,3.7886926194889523e-29,
0,line,4,ASGARD fwd $1.0\times 10^{14}$ Hz,1.2607498664233685,5.069122744567132e-29,
0,line,4,ASGARD fwd $1.0\times 10^{14}$ Hz,1.4156092644919918,6.752879412498126e-29,
0,line,4,ASGARD fwd $1.0\times 10^{14}$ Hz,1.5894902256865417,8.876357523678251e-29,
0,line,4,ASGARD fwd $1.0\times 10^{14}$ Hz,1.7847291911159615,1.16653074761875e-28,
0,line,4,ASGARD fwd $1.0\times 10^{14}$ Hz,2.0039495897155577,1.5396114347064485e-28,
0,line,4,ASGARD fwd $1.0\times 10^{14}$ Hz,2.2500970893013355,2.0058046689184567e-28,
0,line,4,ASGARD fwd $1.0\times 10^{14}$ Hz,2.5264791775530537,2.58715634313331e-28,
0,line,4,ASGARD fwd $1.0\times 10^{14}$ Hz,2.8368096047762688,3.3706635490487204e-28,
0,line,4,ASGARD fwd $1.0\times 10^{14}$ Hz,3.1852582856214346,4.3516148292634715e-28,
0,line,4,ASGARD fwd $1.0\times 10^{14}$ Hz,3.57650733029021,5.55122948601516e-28,
0,line,4,ASGARD fwd $1.0\times 10^{14}$ Hz,4.015813958121153,7.09331675483887e-28,
0,line,4,ASGARD fwd $1.0\times 10^{14}$ Hz,4.509081138925582,9.062302257336255e-28,
0,line,4,ASGARD fwd $1.0\times 10^{14}$ Hz,5.062936911282342,1.1468538926087893e-27,
0,line,4,ASGARD fwd $1.0\times 10^{14}$ Hz,5.684823443592558,1.4434704908343475e-27,
0,line,4,ASGARD fwd $1.0\times 10^{14}$ Hz,6.383097034609155,1.8171943102069464e-27,
0,line,4,ASGARD fwd $1.0\times 10^{14}$ Hz,7.167140397149751,2.277844763459055e-27,
0,line,4,ASGARD fwd $1.0\times 10^{14}$ Hz,8.04748873375089,2.8381204936814408e-27,
0,line,4,ASGARD fwd $1.0\times 10^{14}$ Hz,9.035971298344078,3.536616760937859e-27,
0,line,4,ASGARD fwd $1.0\times 10^{14}$ Hz,10.14587034612,4.377994337862985e-27,
0,line,4,ASGARD fwd $1.0\times 10^{14}$ Hz,11.392099607392687,5.394068155931791e-27,
0,line,4,ASGARD fwd $1.0\times 10^{14}$ Hz,12.791404683619605,6.610184671107592e-27,
0,line,4,ASGARD fwd $1.0\times 10^{14}$ Hz,14.362588058302041,7.948169175605594e-27,
0,line,4,ASGARD fwd $1.0\times 10^{14}$ Hz,16.12676174624068,9.317723038317368e-27,
0,line,4,ASGARD fwd $1.0\times 10^{14}$ Hz,18.107630975998173,1.0713732188781241e-26,
0,line,4,ASGARD fwd $1.0\times 10^{14}$ Hz,20.331812717414422,1.2128012135093468e-26,
0,line,4,ASGARD fwd $1.0\times 10^{14}$ Hz,22.82919333423335,1.357963676834941e-26,
0,line,4,ASGARD fwd $1.0\times 10^{14}$ Hz,25.63333016762518,1.5061695659977886e-26,
0,line,4,ASGARD fwd $1.0\times 10^{14}$ Hz,28.78190244668795,1.6573175457350444e-26,
0,line,4,ASGARD fwd $1.0\times 10^{14}$ Hz,32.31721758481955,1.815329173059383e-26,
0,line,4,ASGARD fwd $1.0\times 10^{14}$ Hz,36.28677966507226,1.975160524121477e-26,
0,line,4,ASGARD fwd $1.0\times 10^{14}$ Hz,40.743927753236186,2.1381880638732905e-26,
0,line,4,ASGARD fwd $1.0\times 10^{14}$ Hz,45.74855261567406,2.3072974692057353e-26,
0,line,4,ASGARD fwd $1.0\times 10^{14}$ Hz,51.3679014724559,2.486052385023371e-26,
0,line,4,ASGARD fwd $1.0\times 10^{14}$ Hz,57.67748159927351,2.675284409890564e-26,
0,line,4,ASGARD fwd $1.0\times 10^{14}$ Hz,64.76207491984752,2.8776497707230586e-26,
0,line,4,ASGARD fwd $1.0\times 10^{14}$ Hz,72.71687722192038,3.093844279035793e-26,
0,line,4,ASGARD fwd $1.0\times 10^{14}$ Hz,81.64877730449795,3.3333698250667367e-26,
0,line,4,ASGARD fwd $1.0\times 10^{14}$ Hz,91.67779324426061,3.5923066327534215e-26,
0,line,4,ASGARD fwd $1.0\times 10^{14}$ Hz,102.93868508027717,3.869079737481084e-26,
0,line,4,ASGARD fwd $1.0\times 10^{14}$ Hz,115.58276558669077,4.164576969988806e-26,
0,line,4,ASGARD fwd $1.0\times 10^{14}$ Hz,129.77993346475662,4.4802605927989977e-26,
0,line,4,ASGARD fwd $1.0\times 10^{14}$ Hz,145.7209562742639,4.8139629011699525e-26,
0,line,4,ASGARD fwd $1.0\times 10^{14}$ Hz,163.6200337801256,5.16856798053645e-26,
0,line,4,ASGARD fwd $1.0\times 10^{14}$ Hz,183.71767615786374,5.541983320262588e-26,
0,line,4,ASGARD fwd $1.0\times 10^{14}$ Hz,206.2839357324804,5.932809977056128e-26,
0,line,4,ASGARD fwd $1.0\times 10^{14}$ Hz,231.6220356756384,6.341595600747834e-26,
0,line,4,ASGARD fwd $1.0\times 10^{14}$ Hz,260.07244442001166,6.766665276261976e-26,
0,line,4,ASGARD fwd $1.0\times 10^{14}$ Hz,292.0174505387701,7.207728890617117e-26,
0,line,4,ASGARD fwd $1.0\times 10^{14}$ Hz,327.8862995629286,7.666795744112848e-26,
0,line,4,ASGARD fwd $1.0\times 10^{14}$ Hz,368.16096176004703,8.140028307520457e-26,
0,line,4,ASGARD fwd $1.0\times 10^{14}$ Hz,413.38260837601484,8.631078560088232e-26,
0,line,4,ASGARD fwd $1.0\times 10^{14}$ Hz,464.1588833612782,9.139523924953821e-26,
0,line,4,ASGARD fwd $1.0\times 10^{14}$ Hz,521.1720682918044,9.66412391411067e-26,
0,line,4,ASGARD fwd $1.0\times 10^{14}$ Hz,585.1882501969513,1.020667035917182e-25,
0,line,4,ASGARD fwd $1.0\times 10^{14}$ Hz,657.0676154824831,1.0765158278344094e-25,
0,line,4,ASGARD fwd $1.0\times 10^{14}$ Hz,737.7760082683312,1.1338316024467158e-25,
0,line,4,ASGARD fwd $1.0\times 10^{14}$ Hz,828.3979084506619,1.1928102896397987e-25,
0,line,4,ASGARD fwd $1.0\times 10^{14}$ Hz,930.1510038746646,1.2538667732857342e-25,
0,line,4,ASGARD fwd $1.0\times 10^{14}$ Hz,1044.4025524245699,1.3172597687624028e-25,
0,line,4,ASGARD fwd $1.0\times 10^{14}$ Hz,1172.6877538885456,1.3843102632286673e-25,
0,line,4,ASGARD fwd $1.0\times 10^{14}$ Hz,1316.7303784615017,1.4560075087068087e-25,
0,line,4,ASGARD fwd $1.0\times 10^{14}$ Hz,1478.465929071304,1.5322890838683647e-25,
0,line,4,ASGARD fwd $1.0\times 10^{14}$ Hz,1660.0676487609296,1.6135468015081672e-25,
0,line,4,ASGARD fwd $1.0\times 10^{14}$ Hz,1863.975722588148,1.6999426192518333e-25,
0,line,4,ASGARD fwd $1.0\times 10^{14}$ Hz,2092.9300664290977,1.791243672134919e-25,
0,line,4,ASGARD fwd $1.0\times 10^{14}$ Hz,2350.0071432694094,1.8870145913336559e-25,
0,line,4,ASGARD fwd $1.0\times 10^{14}$ Hz,2638.6613016839365,1.9870932434595372e-25,
0,line,4,ASGARD fwd $1.0\times 10^{14}$ Hz,2962.77119197087,2.0909881375815774e-25,
0,line,4,ASGARD fwd $1.0\times 10^{14}$ Hz,3326.691883634535,2.197763556890717e-25,
0,line,4,ASGARD fwd $1.0\times 10^{14}$ Hz,3735.3133845202788,2.306806520827493e-25,
0,line,4,ASGARD fwd $1.0\times 10^{14}$ Hz,4194.126347923944,2.414970070238199e-25,
0,line,4,ASGARD fwd $1.0\times 10^{14}$ Hz,4709.295850583362,2.517104197857716e-25,
0,line,4,ASGARD fwd $1.0\times 10^{14}$ Hz,5287.744232907843,2.615860588084567e-25,
0,line,4,ASGARD fwd $1.0\times 10^{14}$ Hz,5937.244114571097,2.709785675673118e-25,
0,line,4,ASGARD fwd $1.0\times 10^{14}$ Hz,6666.522835319501,2.796788133194298e-25,
0,line,4,ASGARD fwd $1.0\times 10^{14}$ Hz,7485.379724368442,2.875692675496192e-25,
0,line,4,ASGARD fwd $1.0\times 10^{14}$ Hz,8404.817774137397,2.9451903278748807e-25,
0,line,4,ASGARD fwd $1.0\times 10^{14}$ Hz,9437.191487625705,3.0036070318331924e-25,
0,line,4,ASGARD fwd $1.0\times 10^{14}$ Hz,10596.372886056477,3.0501255537993194e-25,
0,line,4,ASGARD fwd $1.0\times 10^{14}$ Hz,11897.937907435859,3.0839709742623765e-25,
0,line,4,ASGARD fwd $1.0\times 10^{14}$ Hz,13359.375700667906,3.103925480223959e-25,
0,line,4,ASGARD fwd $1.0\times 10^{14}$ Hz,15000.323627513291,3.109461236213965e-25,
0,line,4,ASGARD fwd $1.0\times 10^{14}$ Hz,16842.831130116658,3.1000923272200293e-25,
0,line,4,ASGARD fwd $1.0\times 10^{14}$ Hz,18911.65600969468,3.074374989875466e-25,
0,line,4,ASGARD fwd $1.0\times 10^{14}$ Hz,21234.59709748593,3.031169053665571e-25,
0,line,4,ASGARD fwd $1.0\times 10^{14}$ Hz,23842.867788067262,2.968619188466134e-25,
0,line,4,ASGARD fwd $1.0\times 10^{14}$ Hz,26771.51545420944,2.8831365663236477e-25,
0,line,4,ASGARD fwd $1.0\times 10^{14}$ Hz,30059.89237895584,2.770444653022191e-25,
0,line,4,ASGARD fwd $1.0\times 10^{14}$ Hz,33752.1845328457,2.6268099219304145e-25,
0,line,4,ASGARD fwd $1.0\times 10^{14}$ Hz,37898.005301469406,2.4498996235389574e-25,
0,line,4,ASGARD fwd $1.0\times 10^{14}$ Hz,42553.0621412821,2.2432113835586603e-25,
0,line,4,ASGARD fwd $1.0\times 10^{14}$ Hz,47779.90512153967,2.0159299343403735e-25,
0,line,4,ASGARD fwd $1.0\times 10^{14}$ Hz,53648.76741052671,1.7784916068528493e-25,
0,line,4,ASGARD fwd $1.0\times 10^{14}$ Hz,60238.50899970236,1.541644312690234e-25,
0,line,4,ASGARD fwd $1.0\times 10^{14}$ Hz,67637.67634660006,1.3151154552932544e-25,
0,line,4,ASGARD fwd $1.0\times 10^{14}$ Hz,75945.69217491779,1.1062749538748832e-25,
0,line,4,ASGARD fwd $1.0\times 10^{14}$ Hz,85274.19141916305,9.199638916343295e-26,
0,line,4,ASGARD fwd $1.0\times 10^{14}$ Hz,95748.52126495788,7.567708226060609e-26,
0,line,4,ASGARD fwd $1.0\times 10^{14}$ Hz,107509.42544107056,6.13813665240257e-26,
0,line,4,ASGARD fwd $1.0\times 10^{14}$ Hz,120714.9353950307,4.9538077454254004e-26,
0,line,4,ASGARD fwd $1.0\times 10^{14}$ Hz,135542.4937640828,3.9841714508030483e-26,
0,line,4,ASGARD fwd $1.0\times 10^{14}$ Hz,152191.33867459052,3.1965190043200074e-26,
0,line,4,ASGARD fwd $1.0\times 10^{14}$ Hz,170885.1809077577,2.55918928175766e-26,
0,line,4,ASGARD fwd $1.0\times 10^{14}$ Hz,191875.20990478364,2.0469399365652636e-26,
0,line,4,ASGARD fwd $1.0\times 10^{14}$ Hz,215443.46900318866,1.6367682908505442e-26,
0,line,4,ASGARD fwd $1.0\times 10^{14}$ Hz,241906.64525741176,1.307882537361029e-26,
0,line,4,ASGARD fwd $1.0\times 10^{14}$ Hz,271620.32476755726,1.0452644699195443e-26,
0,line,4,ASGARD fwd $1.0\times 10^{14}$ Hz,304983.77069520706,8.362665950659744e-27,
0,line,4,ASGARD fwd $1.0\times 10^{14}$ Hz,342445.2881685698,6.691727599279238e-27,
0,line,4,ASGARD fwd $1.0\times 10^{14}$ Hz,384508.2481652776,5.360163073380668e-27,
0,line,4,ASGARD fwd $1.0\times 10^{14}$ Hz,431737.8513158363,4.301787972817939e-27,
0,line,4,ASGARD fwd $1.0\times 10^{14}$ Hz,484768.7225130572,3.4527980289419425e-27,
0,line,4,ASGARD fwd $1.0\times 10^{14}$ Hz,544313.4383763528,2.772722838424302e-27,
0,line,4,ASGARD fwd $1.0\times 10^{14}$ Hz,611172.1021545639,2.2326317025589463e-27,
0,line,4,ASGARD fwd $1.0\times 10^{14}$ Hz,686243.0947254312,1.7993731315839798e-27,
0,line,4,ASGARD fwd $1.0\times 10^{14}$ Hz,770535.1461530557,1.4516467710189398e-27,
0,line,4,ASGARD fwd $1.0\times 10^{14}$ Hz,865180.8900090464,1.1736232105788197e-27,
0,line,4,ASGARD fwd $1.0\times 10^{14}$ Hz,971452.0825869758,9.486471413691171e-28,
0,line,4,ASGARD fwd $1.0\times 10^{14}$ Hz,1090776.6915109565,7.68138615605202e-28,
0,line,4,ASGARD fwd $1.0\times 10^{14}$ Hz,1224758.0833582329,6.241880125248401e-28,
0,line,4,ASGARD fwd $1.0\times 10^{14}$ Hz,1375196.5681201622,5.067919434991488e-28,
0,line,4,ASGARD fwd $1.0\times 10^{14}$ Hz,1544113.5899948329,4.111502733485999e-28,
0,line,4,ASGARD fwd $1.0\times 10^{14}$ Hz,1733778.8895633693,3.3536598859634377e-28,
0,line,4,ASGARD fwd $1.0\times 10^{14}$ Hz,1946741.0023284936,2.7381363663932147e-28,
0,line,4,ASGARD fwd $1.0\times 10^{14}$ Hz,2185861.5034246743,2.2260318773364663e-28,
0,line,4,ASGARD fwd $1.0\times 10^{14}$ Hz,2454353.458646543,1.819065542728649e-28,
0,line,4,ASGARD fwd $1.0\times 10^{14}$ Hz,2755824.5984626412,1.487852460409381e-28,
0,line,4,ASGARD fwd $1.0\times 10^{14}$ Hz,3094325.795144362,1.2081988773182133e-28,
0,line,4,ASGARD fwd $1.0\times 10^{14}$ Hz,3474405.4943980086,9.822053256580421e-29,
0,line,4,ASGARD fwd $1.0\times 10^{14}$ Hz,3901170.8328986377,8.056323238960491e-29,
0,line,4,ASGARD fwd $1.0\times 10^{14}$ Hz,4380356.262962907,6.575073569780434e-29,
0,line,4,ASGARD fwd $1.0\times 10^{14}$ Hz,4918400.606471699,5.353229629513089e-29,
0,line,4,ASGARD fwd $1.0\times 10^{14}$ Hz,5522533.573417251,4.413991108234506e-29,
0,line,4,ASGARD fwd $1.0\times 10^{14}$ Hz,6200872.907625809,3.6257046124896154e-29,
0,line,4,ASGARD fwd $1.0\times 10^{14}$ Hz,6962533.465004367,2.9647752642782413e-29,
0,line,4,ASGARD fwd $1.0\times 10^{14}$ Hz,7817749.689997524,2.4570742265724053e-29,
0,line,4,ASGARD fwd $1.0\times 10^{14}$ Hz,8778013.135972489,2.0332312798286468e-29,
0,line,4,ASGARD fwd $1.0\times 10^{14}$ Hz,9856226.87739571,1.6743956376718302e-29,
0,line,4,ASGARD fwd $1.0\times 10^{14}$ Hz,11066878.88863989,1.3932962502937627e-29,
0,line,4,ASGARD fwd $1.0\times 10^{14}$ Hz,12426236.719115056,1.1620174964029846e-29,
0,line,4,ASGARD fwd $1.0\times 10^{14}$ Hz,13952566.080576338,9.643824176800495e-30,
0,line,4,ASGARD fwd $1.0\times 10^{14}$ Hz,15666376.283769464,8.05815233436722e-30,
0,line,4,ASGARD fwd $1.0\times 10^{14}$ Hz,17590695.822349843,6.773740455567593e-30,
0,line,4,ASGARD fwd $1.0\times 10^{14}$ Hz,19751381.80710058,5.6652774881787095e-30,
0,line,4,ASGARD fwd $1.0\times 10^{14}$ Hz,22177467.40832167,4.7538940295702314e-30,
0,line,4,ASGARD fwd $1.0\times 10^{14}$ Hz,24901551.97497901,4.026856114471672e-30,
0,line,4,ASGARD fwd $1.0\times 10^{14}$ Hz,27960239.072650153,3.393007662710743e-30,
0,line,4,ASGARD fwd $1.0\times 10^{14}$ Hz,31394628.326189354,2.85868308646753e-30,
0,line,4,ASGARD fwd $1.0\times 10^{14}$ Hz,35250867.67600913,2.4388461760039458e-30,
0,line,4,ASGARD fwd $1.0\times 10^{14}$ Hz,39580773.46865453,2.0690303205730016e-30,
0,line,4,ASGARD fwd $1.0\times 10^{14}$ Hz,44442526.71383636,1.7492982247250105e-30,
0,line,4,ASGARD fwd $1.0\times 10^{14}$ Hz,49901454.86353981,1.5017688698891182e-30,
0,line,4,ASGARD fwd $1.0\times 10^{14}$ Hz,56030909.61798617,1.281518845152688e-30,
0,line,4,ASGARD fwd $1.0\times 10^{14}$ Hz,62913252.55353957,1.0878847524022523e-30,
0,line,4,ASGARD fwd $1.0\times 10^{14}$ Hz,70640961.8164559,9.3722506782158e-31,
0,line,4,ASGARD fwd $1.0\times 10^{14}$ Hz,79317874.75313465,8.03413207436694e-31,
0,line,4,ASGARD fwd $1.0\times 10^{14}$ Hz,89060583.17411506,6.84740096746936e-31,
0,line,4,ASGARD fwd $1.0\times 10^{14}$ Hz,100000000.0,5.904281241284103e-31,
0,line,5,Vegas fwd $1.0\times 10^{14}$ Hz,1.0,4.278838785669314e-29,
0,line,5,Vegas fwd $1.0\times 10^{14}$ Hz,1.1228311834035287,5.728939903890266e-29,
0,line,5,Vegas fwd $1.0\times 10^{14}$ Hz,1.2607498664233685,7.640228693639357e-29,
0,line,5,Vegas fwd $1.0\times 10^{14}$ Hz,1.4156092644919918,1.015108635165537e-28,
0,line,5,Vegas fwd $1.0\times 10^{14}$ Hz,1.5894902256865417,1.343366440285434e-28,
0,line,5,Vegas fwd $1.0\times 10^{14}$ Hz,1.7847291911159615,1.77044905763386e-28,
0,line,5,Vegas fwd $1.0\times 10^{14}$ Hz,2.0039495897155577,2.324223631420459e-28,
0,line,5,Vegas fwd $1.0\times 10^{14}$ Hz,2.2500970893013355,3.038919183982139e-28,
0,line,5,Vegas fwd $1.0\times 10^{14}$ Hz,2.5264791775530537,3.9574837976587475e-28,
0,line,5,Vegas fwd $1.0\times 10^{14}$ Hz,2.8368096047762688,5.134350772402234e-28,
0,line,5,Vegas fwd $1.0\times 10^{14}$ Hz,3.1852582856214346,6.634008317953175e-28,
0,line,5,Vegas fwd $1.0\times 10^{14}$ Hz,3.57650733029021,8.538826530429835e-28,
0,line,5,Vegas fwd $1.0\times 10^{14}$ Hz,4.015813958121153,1.0947427847375702e-27,
0,line,5,Vegas fwd $1.0\times 10^{14}$ Hz,4.509081138925582,1.3983359139196962e-27,
0,line,5,Vegas fwd $1.0\times 10^{14}$ Hz,5.062936911282342,1.779792057153108e-27,
0,line,5,Vegas fwd $1.0\times 10^{14}$ Hz,5.684823443592558,2.257564352067634e-27,
0,line,5,Vegas fwd $1.0\times 10^{14}$ Hz,6.383097034609155,2.8534972533894237e-27,
0,line,5,Vegas fwd $1.0\times 10^{14}$ Hz,7.167140397149751,3.593914837060885e-27,
0,line,5,Vegas fwd $1.0\times 10^{14}$ Hz,8.04748873375089,4.504924386697311e-27,
0,line,5,Vegas fwd $1.0\times 10^{14}$ Hz,9.035971298344078,5.6070538927320644e-27,
0,line,5,Vegas fwd $1.0\times 10^{14}$ Hz,10.14587034612,6.910075743327386e-27,
0,line,5,Vegas fwd $1.0\times 10^{14}$ Hz,11.392099607392687,8.407366446235725e-27,
0,line,5,Vegas fwd $1.0\times 10^{14}$ Hz,12.791404683619605,1.0069701796349667e-26,
0,line,5,Vegas fwd $1.0\times 10^{14}$ Hz,14.362588058302041,1.1836599914552675e-26,
0,line,5,Vegas fwd $1.0\times 10^{14}$ Hz,16.12676174624068,1.3672408605327112e-26,
0,line,5,Vegas fwd $1.0\times 10^{14}$ Hz,18.107630975998173,1.5570223432587525e-26,
0,line,5,Vegas fwd $1.0\times 10^{14}$ Hz,20.331812717414422,1.7626568878103012e-26,
0,line,5,Vegas fwd $1.0\times 10^{14}$ Hz,22.82919333423335,1.985006233874236e-26,
0,line,5,Vegas fwd $1.0\times 10^{14}$ Hz,25.63333016762518,2.2221502807593218e-26,
0,line,5,Vegas fwd $1.0\times 10^{14}$ Hz,28.78190244668795,2.472106599285957e-26,
0,line,5,Vegas fwd $1.0\times 10^{14}$ Hz,32.31721758481955,2.733168491664696e-26,
0,line,5,Vegas fwd $1.0\times 10^{14}$ Hz,36.28677966507226,3.008310318617684e-26,
0,line,5,Vegas fwd $1.0\times 10^{14}$ Hz,40.743927753236186,3.2937123850148103e-26,
0,line,5,Vegas fwd $1.0\times 10^{14}$ Hz,45.74855261567406,3.5918306322942924e-26,
0,line,5,Vegas fwd $1.0\times 10^{14}$ Hz,51.3679014724559,3.9033075923349147e-26,
0,line,5,Vegas fwd $1.0\times 10^{14}$ Hz,57.67748159927351,4.2292366423001563e-26,
0,line,5,Vegas fwd $1.0\times 10^{14}$ Hz,64.76207491984752,4.568561248732432e-26,
0,line,5,Vegas fwd $1.0\times 10^{14}$ Hz,72.71687722192038,4.923874292639832e-26,
0,line,5,Vegas fwd $1.0\times 10^{14}$ Hz,81.64877730449795,5.297101621871996e-26,
0,line,5,Vegas fwd $1.0\times 10^{14}$ Hz,91.67779324426061,5.691954931852661e-26,
0,line,5,Vegas fwd $1.0\times 10^{14}$ Hz,102.93868508027717,6.107288800695251e-26,
0,line,5,Vegas fwd $1.0\times 10^{14}$ Hz,115.58276558669077,6.543346636337521e-26,
0,line,5,Vegas fwd $1.0\times 10^{14}$ Hz,129.77993346475662,7.004588394151772e-26,
0,line,5,Vegas fwd $1.0\times 10^{14}$ Hz,145.7209562742639,7.492212754628363e-26,
0,line,5,Vegas fwd $1.0\times 10^{14}$ Hz,163.6200337801256,8.008601799231625e-26,
0,line,5,Vegas fwd $1.0\times 10^{14}$ Hz,183.71767615786374,8.551866361556012e-26,
0,line,5,Vegas fwd $1.0\times 10^{14}$ Hz,206.2839357324804,9.128524549674398e-26,
0,line,5,Vegas fwd $1.0\times 10^{14}$ Hz,231.6220356756384,9.742390531195671e-26,
0,line,5,Vegas fwd $1.0\times 10^{14}$ Hz,260.07244442001166,1.0384421535331349e-25,
0,line,5,Vegas fwd $1.0\times 10^{14}$ Hz,292.0174505387701,1.1070218766319114e-25,
0,line,5,Vegas fwd $1.0\times 10^{14}$ Hz,327.8862995629286,1.1799750203475e-25,
0,line,5,Vegas fwd $1.0\times 10^{14}$ Hz,368.16096176004703,1.255519255707732e-25,
0,line,5,Vegas fwd $1.0\times 10^{14}$ Hz,413.38260837601484,1.3376685697933131e-25,
0,line,5,Vegas fwd $1.0\times 10^{14}$ Hz,464.1588833612782,1.4230844633616908e-25,
0,line,5,Vegas fwd $1.0\times 10^{14}$ Hz,521.1720682918044,1.513413189293283e-25,
0,line,5,Vegas fwd $1.0\times 10^{14}$ Hz,585.1882501969513,1.6100327901749976e-25,
0,line,5,Vegas fwd $1.0\times 10^{14}$ Hz,657.0676154824831,1.7106188731469163e-25,
0,line,5,Vegas fwd $1.0\times 10^{14}$ Hz,737.7760082683312,1.816987028768211e-25,
0,line,5,Vegas fwd $1.0\times 10^{14}$ Hz,828.3979084506619,1.9299764406321211e-25,
0,line,5,Vegas fwd $1.0\times 10^{14}$ Hz,930.1510038746646,2.0480413400650202e-25,
0,line,5,Vegas fwd $1.0\times 10^{14}$ Hz,1044.4025524245699,2.170515229666345e-25,
0,line,5,Vegas fwd $1.0\times 10^{14}$ Hz,1172.6877538885456,2.3018593523273394e-25,
0,line,5,Vegas fwd $1.0\times 10^{14}$ Hz,1316.7303784615017,2.43891156620973e-25,
0,line,5,Vegas fwd $1.0\times 10^{14}$ Hz,1478.465929071304,2.578271815953969e-25,
0,line,5,Vegas fwd $1.0\times 10^{14}$ Hz,1660.0676487609296,2.7260198320095326e-25,
0,line,5,Vegas fwd $1.0\times 10^{14}$ Hz,1863.975722588148,2.880365568751578e-25,
0,line,5,Vegas fwd $1.0\times 10^{14}$ Hz,2092.9300664290977,3.0387339081715974e-25,
0,line,5,Vegas fwd $1.0\times 10^{14}$ Hz,2350.0071432694094,3.198005675572123e-25,
0,line,5,Vegas fwd $1.0\times 10^{14}$ Hz,2638.6613016839365,3.362803146328085e-25,
0,line,5,Vegas fwd $1.0\times 10^{14}$ Hz,2962.77119197087,3.5321005049756153e-25,
0,line,5,Vegas fwd $1.0\times 10^{14}$ Hz,3326.691883634535,3.7028992408538856e-25,
0,line,5,Vegas fwd $1.0\times 10^{14}$ Hz,3735.3133845202788,3.8720725920937315e-25,
0,line,5,Vegas fwd $1.0\times 10^{14}$ Hz,4194.126347923944,4.0358816990764422e-25,
0,line,5,Vegas fwd $1.0\times 10^{14}$ Hz,4709.295850583362,4.1949478547273505e-25,
0,line,5,Vegas fwd $1.0\times 10^{14}$ Hz,5287.744232907843,4.348259383231354e-25,
0,line,5,Vegas fwd $1.0\times 10^{14}$ Hz,5937.244114571097,4.492362520203073e-25,
0,line,5,Vegas fwd $1.0\times 10^{14}$ Hz,6666.522835319501,4.623256118855465e-25,
0,line,5,Vegas fwd $1.0\times 10^{14}$ Hz,7485.379724368442,4.740503453278863e-25,
0,line,5,Vegas fwd $1.0\times 10^{14}$ Hz,8404.817774137397,4.836898619851088e-25,
0,line,5,Vegas fwd $1.0\times 10^{14}$ Hz,9437.191487625705,4.910018126657561e-25,
0,line,5,Vegas fwd $1.0\times 10^{14}$ Hz,10596.372886056477,4.962843559488087e-25,
0,line,5,Vegas fwd $1.0\times 10^{14}$ Hz,11897.937907435859,4.988406489571781e-25,
0,line,5,Vegas fwd $1.0\times 10^{14}$ Hz,13359.375700667906,4.983444917379409e-25,
0,line,5,Vegas fwd $1.0\times 10^{14}$ Hz,15000.323627513291,4.950718378742165e-25,
0,line,5,Vegas fwd $1.0\times 10^{14}$ Hz,16842.831130116658,4.885179886934045e-25,
0,line,5,Vegas fwd $1.0\times 10^{14}$ Hz,18911.65600969468,4.790713246680285e-25,
0,line,5,Vegas fwd $1.0\times 10^{14}$ Hz,21234.59709748593,4.664499504418624e-25,
0,line,5,Vegas fwd $1.0\times 10^{14}$ Hz,23842.867788067262,4.503047690712106e-25,
0,line,5,Vegas fwd $1.0\times 10^{14}$ Hz,26771.51545420944,4.305942316745151e-25,
0,line,5,Vegas fwd $1.0\times 10^{14}$ Hz,30059.89237895584,4.0698001228764737e-25,
0,line,5,Vegas fwd $1.0\times 10^{14}$ Hz,33752.1845328457,3.7921618909503194e-25,
0,line,5,Vegas fwd $1.0\times 10^{14}$ Hz,37898.005301469406,3.4777143155142856e-25,
0,line,5,Vegas fwd $1.0\times 10^{14}$ Hz,42553.0621412821,3.1320368926833534e-25,
0,line,5,Vegas fwd $1.0\times 10^{14}$ Hz,47779.90512153967,2.767245736418493e-25,
0,line,5,Vegas fwd $1.0\times 10^{14}$ Hz,53648.76741052671,2.399572178502159e-25,
0,line,5,Vegas fwd $1.0\times 10^{14}$ Hz,60238.50899970236,2.0463166468191576e-25,
0,line,5,Vegas fwd $1.0\times 10^{14}$ Hz,67637.67634660006,1.719687764968364e-25,
0,line,5,Vegas fwd $1.0\times 10^{14}$ Hz,75945.69217491779,1.4276872802282354e-25,
0,line,5,Vegas fwd $1.0\times 10^{14}$ Hz,85274.19141916305,1.1736892798271586e-25,
0,line,5,Vegas fwd $1.0\times 10^{14}$ Hz,95748.52126495788,9.576026542957339e-26,
0,line,5,Vegas fwd $1.0\times 10^{14}$ Hz,107509.42544107056,7.769350418518471e-26,
0,line,5,Vegas fwd $1.0\times 10^{14}$ Hz,120714.9353950307,6.278383654042219e-26,
0,line,5,Vegas fwd $1.0\times 10^{14}$ Hz,135542.4937640828,5.057564032176405e-26,
0,line,5,Vegas fwd $1.0\times 10^{14}$ Hz,152191.33867459052,4.066208747282018e-26,
0,line,5,Vegas fwd $1.0\times 10^{14}$ Hz,170885.1809077577,3.264702910226875e-26,
0,line,5,Vegas fwd $1.0\times 10^{14}$ Hz,191875.20990478364,2.618820085636059e-26,
0,line,5,Vegas fwd $1.0\times 10^{14}$ Hz,215443.46900318866,2.09988941897775e-26,
0,line,5,Vegas fwd $1.0\times 10^{14}$ Hz,241906.64525741176,1.683323949939329e-26,
0,line,5,Vegas fwd $1.0\times 10^{14}$ Hz,271620.32476755726,1.3495537316162162e-26,
0,line,5,Vegas fwd $1.0\times 10^{14}$ Hz,304983.77069520706,1.0820591879546197e-26,
0,line,5,Vegas fwd $1.0\times 10^{14}$ Hz,342445.2881685698,8.678644953548197e-27,
0,line,5,Vegas fwd $1.0\times 10^{14}$ Hz,384508.2481652776,6.96332527472019e-27,
0,line,5,Vegas fwd $1.0\times 10^{14}$ Hz,431737.8513158363,5.588911590196371e-27,
0,line,5,Vegas fwd $1.0\times 10^{14}$ Hz,484768.7225130572,4.488564178572821e-27,
0,line,5,Vegas fwd $1.0\times 10^{14}$ Hz,544313.4383763528,3.6058262391116515e-27,
0,line,5,Vegas fwd $1.0\times 10^{14}$ Hz,611172.1021545639,2.898962624023291e-27,
0,line,5,Vegas fwd $1.0\times 10^{14}$ Hz,686243.0947254312,2.331284952008201e-27,
0,line,5,Vegas fwd $1.0\times 10^{14}$ Hz,770535.1461530557,1.8762328894175137e-27,
0,line,5,Vegas fwd $1.0\times 10^{14}$ Hz,865180.8900090464,1.5106867724716858e-27,
0,line,5,Vegas fwd $1.0\times 10^{14}$ Hz,971452.0825869758,1.2169801214170772e-27,
0,line,5,Vegas fwd $1.0\times 10^{14}$ Hz,1090776.6915109565,9.812521873098702e-28,
0,line,5,Vegas fwd $1.0\times 10^{14}$ Hz,1224758.0833582329,7.9131058338145675e-28,
0,line,5,Vegas fwd $1.0\times 10^{14}$ Hz,1375196.5681201622,6.3888689180098545e-28,
0,line,5,Vegas fwd $1.0\times 10^{14}$ Hz,1544113.5899948329,5.159383500556792e-28,
0,line,5,Vegas fwd $1.0\times 10^{14}$ Hz,1733778.8895633693,4.170076744044543e-28,
0,line,5,Vegas fwd $1.0\times 10^{14}$ Hz,1946741.0023284936,3.373273798837421e-28,
0,line,5,Vegas fwd $1.0\times 10^{14}$ Hz,2185861.5034246743,2.7292179262503676e-28,
0,line,5,Vegas fwd $1.0\times 10^{14}$ Hz,2454353.458646543,2.2115775047265654e-28,
0,line,5,Vegas fwd $1.0\times 10^{14}$ Hz,2755824.5984626412,1.7923302665298612e-28,
0,line,5,Vegas fwd $1.0\times 10^{14}$ Hz,3094325.795144362,1.4541551433162927e-28,
0,line,5,Vegas fwd $1.0\times 10^{14}$ Hz,3474405.4943980086,1.1809101981087983e-28,
0,line,5,Vegas fwd $1.0\times 10^{14}$ Hz,3901170.8328986377,9.591498832401976e-29,
0,line,5,Vegas fwd $1.0\times 10^{14}$ Hz,4380356.262962907,7.806019093867339e-29,
0,line,5,Vegas fwd $1.0\times 10^{14}$ Hz,4918400.606471699,6.353548714771448e-29,
0,line,5,Vegas fwd $1.0\times 10^{14}$ Hz,5522533.573417251,5.177624115148621e-29,
0,line,5,Vegas fwd $1.0\times 10^{14}$ Hz,6200872.907625809,4.224652866353351e-29,
0,line,5,Vegas fwd $1.0\times 10^{14}$ Hz,6962533.465004367,3.4472333338359887e-29,
0,line,5,Vegas fwd $1.0\times 10^{14}$ Hz,7817749.689997524,2.819823009438725e-29,
0,line,5,Vegas fwd $1.0\times 10^{14}$ Hz,8778013.135972489,2.307002688408966e-29,
0,line,5,Vegas fwd $1.0\times 10^{14}$ Hz,9856226.87739571,1.8896479071773983e-29,
0,line,5,Vegas fwd $1.0\times 10^{14}$ Hz,11066878.88863989,1.5504511679165455e-29,
0,line,5,Vegas fwd $1.0\times 10^{14}$ Hz,12426236.719115056,1.2721413280376962e-29,
0,line,5,Vegas fwd $1.0\times 10^{14}$ Hz,13952566.080576338,1.046502558245922e-29,
0,line,5,Vegas fwd $1.0\times 10^{14}$ Hz,15666376.283769464,8.612742040159763e-30,
0,line,5,Vegas fwd $1.0\times 10^{14}$ Hz,17590695.822349843,7.094921941740757e-30,
0,line,5,Vegas fwd $1.0\times 10^{14}$ Hz,19751381.80710058,5.857689680690364e-30,
0,line,5,Vegas fwd $1.0\times 10^{14}$ Hz,22177467.40832167,4.8362096867613964e-30,
0,line,5,Vegas fwd $1.0\times 10^{14}$ Hz,24901551.97497901,4.0023451231954256e-30,
0,line,5,Vegas fwd $1.0\times 10^{14}$ Hz,27960239.072650153,3.315128343036232e-30,
0,line,5,Vegas fwd $1.0\times 10^{14}$ Hz,31394628.326189354,2.7474077930559833e-30,
0,line,5,Vegas fwd $1.0\times 10^{14}$ Hz,35250867.67600913,2.2830683668970567e-30,
0,line,5,Vegas fwd $1.0\times 10^{14}$ Hz,39580773.46865453,1.8972069860097024e-30,
0,line,5,Vegas fwd $1.0\times 10^{14}$ Hz,44442526.71383636,1.5795897239188067e-30,
0,line,5,Vegas fwd $1.0\times 10^{14}$ Hz,49901454.86353981,1.3168209978273575e-30,
0,line,5,Vegas fwd $1.0\times 10^{14}$ Hz,56030909.61798617,1.097875533217924e-30,
0,line,5,Vegas fwd $1.0\times 10^{14}$ Hz,62913252.55353957,9.180750237035856e-31,
0,line,5,Vegas fwd $1.0\times 10^{14}$ Hz,70640961.8164559,7.677207444584732e-31,
0,line,5,Vegas fwd $1.0\times 10^{14}$ Hz,79317874.75313465,6.428687628963892e-31,
0,line,5,Vegas fwd $1.0\times 10^{14}$ Hz,89060583.17411506,5.391770528931845e-31,
0,line,5,Vegas fwd $1.0\times 10^{14}$ Hz,100000000.0,4.522103296978936e-31,
0,line,6,ASGARD rvs $1.0\times 10^{14}$ Hz,1.0,7.948318881065256e-28,
0,line,6,ASGARD rvs $1.0\times 10^{14}$ Hz,1.1228311834035287,1.1589338983525056e-27,
0,line,6,ASGARD rvs $1.0\times 10^{14}$ Hz,1.2607498664233685,1.6787655073713707e-27,
0,line,6,ASGARD rvs $1.0\times 10^{14}$ Hz,1.4156092644919918,2.51406352951827e-27,
0,line,6,ASGARD rvs $1.0\times 10^{14}$ Hz,1.5894902256865417,3.589049765000562e-27,
0,line,6,ASGARD rvs $1.0\times 10^{14}$ Hz,1.7847291911159615,5.1995982966093195e-27,
0,line,6,ASGARD rvs $1.0\times 10^{14}$ Hz,2.0039495897155577,7.259388699286403e-27,
0,line,6,ASGARD rvs $1.0\times 10^{14}$ Hz,2.2500970893013355,9.934226754640183e-27,
0,line,6,ASGARD rvs $1.0\times 10^{14}$ Hz,2.5264791775530537,1.33342882555419e-26,
0,line,6,ASGARD rvs $1.0\times 10^{14}$ Hz,2.8368096047762688,1.8104803378681565e-26,
0,line,6,ASGARD rvs $1.0\times 10^{14}$ Hz,3.1852582856214346,2.3914079157461372e-26,
0,line,6,ASGARD rvs $1.0\times 10^{14}$ Hz,3.57650733029021,3.098340739337536e-26,
0,line,6,ASGARD rvs $1.0\times 10^{14}$ Hz,4.015813958121153,4.050921869909543e-26,
0,line,6,ASGARD rvs $1.0\times 10^{14}$ Hz,4.509081138925582,5.302119091161301e-26,
0,line,6,ASGARD rvs $1.0\times 10^{14}$ Hz,5.062936911282342,6.80600245312045e-26,
0,line,6,ASGARD rvs $1.0\times 10^{14}$ Hz,5.684823443592558,8.636451400061337e-26,
0,line,6,ASGARD rvs $1.0\times 10^{14}$ Hz,6.383097034609155,1.1065940757838446e-25,
0,line,6,ASGARD rvs $1.0\times 10^{14}$ Hz,7.167140397149751,1.4114670876432866e-25,
0,line,6,ASGARD rvs $1.0\times 10^{14}$ Hz,8.04748873375089,1.784979107282495e-25,
0,line,6,ASGARD rvs $1.0\times 10^{14}$ Hz,9.035971298344078,2.250295798872611e-25,
0,line,6,ASGARD rvs $1.0\times 10^{14}$ Hz,10.14587034612,2.792054731778772e-25,
0,line,6,ASGARD rvs $1.0\times 10^{14}$ Hz,11.392099607392687,3.373460271743334e-25,
0,line,6,ASGARD rvs $1.0\times 10^{14}$ Hz,12.791404683619605,3.876580940195207e-25,
0,line,6,ASGARD rvs $1.0\times 10^{14}$ Hz,14.362588058302041,4.0078810749607294e-25,
0,line,6,ASGARD rvs $1.0\times 10^{14}$ Hz,16.12676174624068,3.792816276550806e-25,
0,line,6,ASGARD rvs $1.0\times 10^{14}$ Hz,18.107630975998173,3.344687923703567e-25,
0,line,6,ASGARD rvs $1.0\times 10^{14}$ Hz,20.331812717414422,2.8229142556642195e-25,
0,line,6,ASGARD rvs $1.0\times 10^{14}$ Hz,22.82919333423335,2.3742167067621295e-25,
0,line,6,ASGARD rvs $1.0\times 10^{14}$ Hz,25.63333016762518,1.8903023911404078e-25,
0,line,6,ASGARD rvs $1.0\times 10^{14}$ Hz,28.78190244668795,1.5425277017874545e-25,
0,line,6,ASGARD rvs $1.0\times 10^{14}$ Hz,32.31721758481955,1.2331441612166382e-25,
0,line,6,ASGARD rvs $1.0\times 10^{14}$ Hz,36.28677966507226,9.764554281568649e-26,
0,line,6,ASGARD rvs $1.0\times 10^{14}$ Hz,40.743927753236186,7.786028968695285e-26,
0,line,6,ASGARD rvs $1.0\times 10^{14}$ Hz,45.74855261567406,6.082440414258962e-26,
0,line,6,ASGARD rvs $1.0\times 10^{14}$ Hz,51.3679014724559,4.8165322850465895e-26,
0,line,6,ASGARD rvs $1.0\times 10^{14}$ Hz,57.67748159927351,3.751359935179048e-26,
0,line,6,ASGARD rvs $1.0\times 10^{14}$ Hz,64.76207491984752,2.8977647610482636e-26,
0,line,6,ASGARD rvs $1.0\times 10^{14}$ Hz,72.71687722192038,2.2925976390031493e-26,
0,line,6,ASGARD rvs $1.0\times 10^{14}$ Hz,81.64877730449795,1.6822567315826118e-26,
0,line,6,ASGARD rvs $1.0\times 10^{14}$ Hz,91.67779324426061,1.3245566125977198e-26,
0,line,6,ASGARD rvs $1.0\times 10^{14}$ Hz,102.93868508027717,1.027127249623346e-26,
0,line,6,ASGARD rvs $1.0\times 10^{14}$ Hz,115.58276558669077,7.662901126714217e-27,
0,line,6,ASGARD rvs $1.0\times 10^{14}$ Hz,129.77993346475662,5.910651086248824e-27,
0,line,6,ASGARD rvs $1.0\times 10^{14}$ Hz,145.7209562742639,4.5760588786056015e-27,
0,line,6,ASGARD rvs $1.0\times 10^{14}$ Hz,163.6200337801256,3.484157187418489e-27,
0,line,6,ASGARD rvs $1.0\times 10^{14}$ Hz,183.71767615786374,2.6242415868734098e-27,
0,line,6,ASGARD rvs $1.0\times 10^{14}$ Hz,206.2839357324804,1.9773333489781846e-27,
0,line,6,ASGARD rvs $1.0\times 10^{14}$ Hz,231.6220356756384,1.5045569972573724e-27,
0,line,6,ASGARD rvs $1.0\times 10^{14}$ Hz,260.07244442001166,1.1408081703655297e-27,
0,line,6,ASGARD rvs $1.0\times 10^{14}$ Hz,292.0174505387701,8.642671626921315e-28,
0,line,6,ASGARD rvs $1.0\times 10^{14}$ Hz,327.8862995629286,6.53437880118052e-28,
0,line,6,ASGARD rvs $1.0\times 10^{14}$ Hz,368.16096176004703,4.931962121245312e-28,
0,line,6,ASGARD rvs $1.0\times 10^{14}$ Hz,413.38260837601484,3.7208412809523683e-28,
0,line,6,ASGARD rvs $1.0\times 10^{14}$ Hz,464.1588833612782,2.794950108224507e-28,
0,line,6,ASGARD rvs $1.0\times 10^{14}$ Hz,521.1720682918044,2.073865242825727e-28,
0,line,6,ASGARD rvs $1.0\times 10^{14}$ Hz,585.1882501969513,1.5780539281615352e-28,
0,line,6,ASGARD rvs $1.0\times 10^{14}$ Hz,657.0676154824831,1.1710155174144173e-28,
0,line,6,ASGARD rvs $1.0\times 10^{14}$ Hz,737.7760082683312,8.828293985949023e-29,
0,line,6,ASGARD rvs $1.0\times 10^{14}$ Hz,828.3979084506619,6.568723728409463e-29,
0,line,6,ASGARD rvs $1.0\times 10^{14}$ Hz,930.1510038746646,4.930438205614191e-29,
0,line,6,ASGARD rvs $1.0\times 10^{14}$ Hz,1044.4025524245699,3.666908725436247e-29,
0,line,6,ASGARD rvs $1.0\times 10^{14}$ Hz,1172.6877538885456,2.7374827883897197e-29,
0,line,6,ASGARD rvs $1.0\times 10^{14}$ Hz,1316.7303784615017,2.0494557669081442e-29,
0,line,6,ASGARD rvs $1.0\times 10^{14}$ Hz,1478.465929071304,1.5272430561685998e-29,
0,line,6,ASGARD rvs $1.0\times 10^{14}$ Hz,1660.0676487609296,1.1372795993694589e-29,
0,line,6,ASGARD rvs $1.0\times 10^{14}$ Hz,1863.975722588148,8.485632172199969e-30,
0,line,6,ASGARD rvs $1.0\times 10^{14}$ Hz,2092.9300664290977,6.31312845613169e-30,
0,line,6,ASGARD rvs $1.0\times 10^{14}$ Hz,2350.0071432694094,4.689113415477635e-30,
0,line,6,ASGARD rvs $1.0\times 10^{14}$ Hz,2638.6613016839365,3.487879104411493e-30,
0,line,6,ASGARD rvs $1.0\times 10^{14}$ Hz,2962.77119197087,2.5882510984032613e-30,
0,line,6,ASGARD rvs $1.0\times 10^{14}$ Hz,3326.691883634535,1.9152691678838524e-30,
0,line,6,ASGARD rvs $1.0\times 10^{14}$ Hz,3735.3133845202788,1.407818409673288e-30,
0,line,6,ASGARD rvs $1.0\times 10^{14}$ Hz,4194.126347923944,1.0213032939020874e-30,
0,line,6,ASGARD rvs $1.0\times 10^{14}$ Hz,4709.295850583362,7.19093091049079e-31,
0,line,6,ASGARD rvs $1.0\times 10^{14}$ Hz,5287.744232907843,4.815154804948148e-31,
0,line,6,ASGARD rvs $1.0\times 10^{14}$ Hz,5937.244114571097,3.0817875551640402e-31,
0,line,6,ASGARD rvs $1.0\times 10^{14}$ Hz,6666.522835319501,1.966585400504303e-31,
0,line,6,ASGARD rvs $1.0\times 10^{14}$ Hz,7485.379724368442,1.265729168512822e-31,
0,line,6,ASGARD rvs $1.0\times 10^{14}$ Hz,8404.817774137397,8.157706949115584e-32,
0,line,6,ASGARD rvs $1.0\times 10^{14}$ Hz,9437.191487625705,5.207260339703632e-32,
0,line,6,ASGARD rvs $1.0\times 10^{14}$ Hz,10596.372886056477,3.315058706051182e-32,
0,line,6,ASGARD rvs $1.0\times 10^{14}$ Hz,11897.937907435859,2.0988547147070635e-32,
0,line,6,ASGARD rvs $1.0\times 10^{14}$ Hz,13359.375700667906,1.304369770415809e-32,
0,line,6,ASGARD rvs $1.0\times 10^{14}$ Hz,15000.323627513291,8.034868788395258e-33,
0,line,6,ASGARD rvs $1.0\times 10^{14}$ Hz,16842.831130116658,4.954780964400495e-33,
0,line,6,ASGARD rvs $1.0\times 10^{14}$ Hz,18911.65600969468,2.976549238288959e-33,
0,line,6,ASGARD rvs $1.0\times 10^{14}$ Hz,21234.59709748593,1.748672021784088e-33,
0,line,6,ASGARD rvs $1.0\times 10^{14}$ Hz,23842.867788067262,1.0322593183233237e-33,
0,line,6,ASGARD rvs $1.0\times 10^{14}$ Hz,26771.51545420944,5.973905984411112e-34,
0,line,6,ASGARD rvs $1.0\times 10^{14}$ Hz,30059.89237895584,3.324485214482134e-34,
0,line,6,ASGARD rvs $1.0\times 10^{14}$ Hz,33752.1845328457,1.8310214637235536e-34,
0,line,6,ASGARD rvs $1.0\times 10^{14}$ Hz,37898.005301469406,1.023230888625834e-34,
0,line,6,ASGARD rvs $1.0\times 10^{14}$ Hz,42553.0621412821,5.684690686091343e-35,
0,line,6,ASGARD rvs $1.0\times 10^{14}$ Hz,47779.90512153967,3.117206849206361e-35,
0,line,6,ASGARD rvs $1.0\times 10^{14}$ Hz,53648.76741052671,1.7220827208895187e-35,
0,line,6,ASGARD rvs $1.0\times 10^{14}$ Hz,60238.50899970236,9.72774801198373e-36,
0,line,6,ASGARD rvs $1.0\times 10^{14}$ Hz,67637.67634660006,5.597238741812698e-36,
0,line,6,ASGARD rvs $1.0\times 10^{14}$ Hz,75945.69217491779,3.202541931849471e-36,
0,line,6,ASGARD rvs $1.0\times 10^{14}$ Hz,85274.19141916305,1.8099363524164707e-36,
0,line,6,ASGARD rvs $1.0\times 10^{14}$ Hz,95748.52126495788,1.0238804644441327e-36,
0,line,6,ASGARD rvs $1.0\times 10^{14}$ Hz,107509.42544107056,5.89629876753965e-37,
0,line,6,ASGARD rvs $1.0\times 10^{14}$ Hz,120714.9353950307,3.4963252896969e-37,
0,line,6,ASGARD rvs $1.0\times 10^{14}$ Hz,135542.4937640828,2.128522527758784e-37,
0,line,6,ASGARD rvs $1.0\times 10^{14}$ Hz,152191.33867459052,1.300923031678043e-37,
0,line,6,ASGARD rvs $1.0\times 10^{14}$ Hz,170885.1809077577,7.809392007049642e-38,
0,line,6,ASGARD rvs $1.0\times 10^{14}$ Hz,191875.20990478364,4.6082467534842977e-38,
0,line,6,ASGARD rvs $1.0\times 10^{14}$ Hz,215443.46900318866,2.69146950501821e-38,
0,line,6,ASGARD rvs $1.0\times 10^{14}$ Hz,241906.64525741176,1.5660969003856733e-38,
0,line,6,ASGARD rvs $1.0\times 10^{14}$ Hz,271620.32476755726,9.152449691374233e-39,
0,line,6,ASGARD rvs $1.0\times 10^{14}$ Hz,304983.77069520706,5.382416664422443e-39,
0,line,6,ASGARD rvs $1.0\times 10^{14}$ Hz,342445.2881685698,3.154046519808347e-39,
0,line,6,ASGARD rvs $1.0\times 10^{14}$ Hz,384508.2481652776,1.807465439775395e-39,
0,line,6,ASGARD rvs $1.0\times 10^{14}$ Hz,431737.8513158363,9.98852020660549e-40,
0,line,6,ASGARD rvs $1.0\times 10^{14}$ Hz,484768.7225130572,5.321043745179392e-40,
0,line,6,ASGARD rvs $1.0\times 10^{14}$ Hz,544313.4383763528,2.8206426345644027e-40,
0,line,6,ASGARD rvs $1.0\times 10^{14}$ Hz,611172.1021545639,1.525296271195412e-40,
0,line,6,ASGARD rvs $1.0\times 10^{14}$ Hz,686243.0947254312,7.982490445311226e-41,
0,line,6,ASGARD rvs $1.0\times 10^{14}$ Hz,770535.1461530557,3.990432487569542e-41,
0,line,6,ASGARD rvs $1.0\times 10^{14}$ Hz,865180.8900090464,1.8677939929849442e-41,
0,line,6,ASGARD rvs $1.0\times 10^{14}$ Hz,971452.0825869758,7.751412483797768e-42,
0,line,6,ASGARD rvs $1.0\times 10^{14}$ Hz,1090776.6915109565,3.0157336796866826e-42,
0,line,6,ASGARD rvs $1.0\times 10^{14}$ Hz,1224758.0833582329,1.2837011363035265e-42,
0,line,6,ASGARD rvs $1.0\times 10^{14}$ Hz,1375196.5681201622,5.989418817426109e-43,
0,line,6,ASGARD rvs $1.0\times 10^{14}$ Hz,1544113.5899948329,3.0025918853619672e-43,
0,line,6,ASGARD rvs $1.0\times 10^{14}$ Hz,1733778.8895633693,1.1813624354867555e-43,
0,line,6,ASGARD rvs $1.0\times 10^{14}$ Hz,1946741.0023284936,3.555647052820623e-44,
0,line,6,ASGARD rvs $1.0\times 10^{14}$ Hz,2185861.5034246743,5.831209227847486e-45,
0,line,6,ASGARD rvs $1.0\times 10^{14}$ Hz,2454353.458646543,2.186576748671042e-45,
0,line,6,ASGARD rvs $1.0\times 10^{14}$ Hz,2755824.5984626412,7.184564422991115e-46,
0,line,6,ASGARD rvs $1.0\times 10^{14}$ Hz,3094325.795144362,1.4178076535770707e-46,
0,line,6,ASGARD rvs $1.0\times 10^{14}$ Hz,3474405.4943980086,1.561685050644873e-47,
0,line,6,ASGARD rvs $1.0\times 10^{14}$ Hz,3901170.8328986377,1.3097213555662133e-48,
0,line,6,ASGARD rvs $1.0\times 10^{14}$ Hz,4380356.262962907,1.4176553969174595e-49,
0,line,6,ASGARD rvs $1.0\times 10^{14}$ Hz,4918400.606471699,7.337372530686651e-51,
0,line,6,ASGARD rvs $1.0\times 10^{14}$ Hz,5522533.573417251,5.49920390355149e-52,
0,line,6,ASGARD rvs $1.0\times 10^{14}$ Hz,6200872.907625809,1.1206033270374827e-53,
0,line,6,ASGARD rvs $1.0\times 10^{14}$ Hz,6962533.465004367,1.9880275585197915e-55,
0,line,6,ASGARD rvs $1.0\times 10^{14}$ Hz,7817749.689997524,5.18570923963479e-56,
0,line,6,ASGARD rvs $1.0\times 10^{14}$ Hz,8778013.135972489,0.0,
0,line,6,ASGARD rvs $1.0\times 10^{14}$ Hz,9856226.87739571,0.0,
0,line,6,ASGARD rvs $1.0\times 10^{14}$ Hz,11066878.88863989,0.0,
0,line,6,ASGARD rvs $1.0\times 10^{14}$ Hz,12426236.719115056,0.0,
0,line,6,ASGARD rvs $1.0\times 10^{14}$ Hz,13952566.080576338,0.0,
0,line,6,ASGARD rvs $1.0\times 10^{14}$ Hz,15666376.283769464,0.0,
0,line,6,ASGARD rvs $1.0\times 10^{14}$ Hz,17590695.822349843,0.0,
0,line,6,ASGARD rvs $1.0\times 10^{14}$ Hz,19751381.80710058,0.0,
0,line,6,ASGARD rvs $1.0\times 10^{14}$ Hz,22177467.40832167,0.0,
0,line,6,ASGARD rvs $1.0\times 10^{14}$ Hz,24901551.97497901,0.0,
0,line,6,ASGARD rvs $1.0\times 10^{14}$ Hz,27960239.072650153,0.0,
0,line,6,ASGARD rvs $1.0\times 10^{14}$ Hz,31394628.326189354,0.0,
0,line,6,ASGARD rvs $1.0\times 10^{14}$ Hz,35250867.67600913,0.0,
0,line,6,ASGARD rvs $1.0\times 10^{14}$ Hz,39580773.46865453,0.0,
0,line,6,ASGARD rvs $1.0\times 10^{14}$ Hz,44442526.71383636,0.0,
0,line,6,ASGARD rvs $1.0\times 10^{14}$ Hz,49901454.86353981,0.0,
0,line,6,ASGARD rvs $1.0\times 10^{14}$ Hz,56030909.61798617,0.0,
0,line,6,ASGARD rvs $1.0\times 10^{14}$ Hz,62913252.55353957,0.0,
0,line,6,ASGARD rvs $1.0\times 10^{14}$ Hz,70640961.8164559,0.0,
0,line,6,ASGARD rvs $1.0\times 10^{14}$ Hz,79317874.75313465,0.0,
0,line,6,ASGARD rvs $1.0\times 10^{14}$ Hz,89060583.17411506,0.0,
0,line,6,ASGARD rvs $1.0\times 10^{14}$ Hz,100000000.0,0.0,
0,line,7,Vegas rvs $1.0\times 10^{14}$ Hz,1.0,1.052349441544627e-27,
0,line,7,Vegas rvs $1.0\times 10^{14}$ Hz,1.1228311834035287,1.545565062425302e-27,
0,line,7,Vegas rvs $1.0\times 10^{14}$ Hz,1.2607498664233685,2.250632793784555e-27,
0,line,7,Vegas rvs $1.0\times 10^{14}$ Hz,1.4156092644919918,3.250395451642533e-27,
0,line,7,Vegas rvs $1.0\times 10^{14}$ Hz,1.5894902256865417,4.652930115255627e-27,
0,line,7,Vegas rvs $1.0\times 10^{14}$ Hz,1.7847291911159615,6.598915142053692e-27,
0,line,7,Vegas rvs $1.0\times 10^{14}$ Hz,2.0039495897155577,9.274822626970167e-27,
0,line,7,Vegas rvs $1.0\times 10^{14}$ Hz,2.2500970893013355,1.2913816235619747e-26,
0,line,7,Vegas rvs $1.0\times 10^{14}$ Hz,2.5264791775530537,1.7813423294934378e-26,
0,line,7,Vegas rvs $1.0\times 10^{14}$ Hz,2.8368096047762688,2.435761706641434e-26,
0,line,7,Vegas rvs $1.0\times 10^{14}$ Hz,3.1852582856214346,3.299022027294797e-26,
0,line,7,Vegas rvs $1.0\times 10^{14}$ Hz,3.57650733029021,4.428616663058204e-26,
0,line,7,Vegas rvs $1.0\times 10^{14}$ Hz,4.015813958121153,5.891133620076007e-26,
0,line,7,Vegas rvs $1.0\times 10^{14}$ Hz,4.509081138925582,7.769290759314575e-26,
0,line,7,Vegas rvs $1.0\times 10^{14}$ Hz,5.062936911282342,1.0162592832694358e-25,
0,line,7,Vegas rvs $1.0\times 10^{14}$ Hz,5.684823443592558,1.3188218674483907e-25,
0,line,7,Vegas rvs $1.0\times 10^{14}$ Hz,6.383097034609155,1.6970902569240546e-25,
0,line,7,Vegas rvs $1.0\times 10^{14}$ Hz,7.167140397149751,2.1616146820464123e-25,
0,line,7,Vegas rvs $1.0\times 10^{14}$ Hz,8.04748873375089,2.6975764515990843e-25,
0,line,7,Vegas rvs $1.0\times 10^{14}$ Hz,9.035971298344078,3.2565746594960345e-25,
0,line,7,Vegas rvs $1.0\times 10^{14}$ Hz,10.14587034612,3.7637945241071976e-25,
0,line,7,Vegas rvs $1.0\times 10^{14}$ Hz,11.392099607392687,4.1340957425516147e-25,
0,line,7,Vegas rvs $1.0\times 10^{14}$ Hz,12.791404683619605,4.287090449975493e-25,
0,line,7,Vegas rvs $1.0\times 10^{14}$ Hz,14.362588058302041,4.164177929103182e-25,
0,line,7,Vegas rvs $1.0\times 10^{14}$ Hz,16.12676174624068,3.843160198100341e-25,
0,line,7,Vegas rvs $1.0\times 10^{14}$ Hz,18.107630975998173,3.4508794523498823e-25,
0,line,7,Vegas rvs $1.0\times 10^{14}$ Hz,20.331812717414422,3.1755730454463257e-25,
0,line,7,Vegas rvs $1.0\times 10^{14}$ Hz,22.82919333423335,2.9752237239530334e-25,
0,line,7,Vegas rvs $1.0\times 10^{14}$ Hz,25.63333016762518,2.789678686572654e-25,
0,line,7,Vegas rvs $1.0\times 10^{14}$ Hz,28.78190244668795,2.573072803001274e-25,
0,line,7,Vegas rvs $1.0\times 10^{14}$ Hz,32.31721758481955,2.3353497892528644e-25,
0,line,7,Vegas rvs $1.0\times 10^{14}$ Hz,36.28677966507226,2.1409204419958664e-25,
0,line,7,Vegas rvs $1.0\times 10^{14}$ Hz,40.743927753236186,1.9014529614492328e-25,
0,line,7,Vegas rvs $1.0\times 10^{14}$ Hz,45.74855261567406,1.6632377152351983e-25,
0,line,7,Vegas rvs $1.0\times 10^{14}$ Hz,51.3679014724559,1.4667222959384378e-25,
0,line,7,Vegas rvs $1.0\times 10^{14}$ Hz,57.67748159927351,1.2481349877394785e-25,
0,line,7,Vegas rvs $1.0\times 10^{14}$ Hz,64.76207491984752,1.0826849499790612e-25,
0,line,7,Vegas rvs $1.0\times 10^{14}$ Hz,72.71687722192038,9.037088506521375e-26,
0,line,7,Vegas rvs $1.0\times 10^{14}$ Hz,81.64877730449795,7.637253582704585e-26,
0,line,7,Vegas rvs $1.0\times 10^{14}$ Hz,91.67779324426061,6.391302365486718e-26,
0,line,7,Vegas rvs $1.0\times 10^{14}$ Hz,102.93868508027717,5.200735659906735e-26,
0,line,7,Vegas rvs $1.0\times 10^{14}$ Hz,115.58276558669077,4.373233450839179e-26,
0,line,7,Vegas rvs $1.0\times 10^{14}$ Hz,129.77993346475662,3.475807116030458e-26,
0,line,7,Vegas rvs $1.0\times 10^{14}$ Hz,145.7209562742639,2.907308087875283e-26,
0,line,7,Vegas rvs $1.0\times 10^{14}$ Hz,163.6200337801256,2.3293767089321154e-26,
0,line,7,Vegas rvs $1.0\times 10^{14}$ Hz,183.71767615786374,1.8926291527172404e-26,
0,line,7,Vegas rvs $1.0\times 10^{14}$ Hz,206.2839357324804,1.5192915366232515e-26,
0,line,7,Vegas rvs $1.0\times 10^{14}$ Hz,231.6220356756384,1.2071616106484895e-26,
0,line,7,Vegas rvs $1.0\times 10^{14}$ Hz,260.07244442001166,9.732820334866544e-27,
0,line,7,Vegas rvs $1.0\times 10^{14}$ Hz,292.0174505387701,7.629267123112474e-27,
0,line,7,Vegas rvs $1.0\times 10^{14}$ Hz,327.8862995629286,6.118219317554139e-27,
0,line,7,Vegas rvs $1.0\times 10^{14}$ Hz,368.16096176004703,4.759142515331729e-27,
0,line,7,Vegas rvs $1.0\times 10^{14}$ Hz,413.38260837601484,3.792497562869357e-27,
0,line,7,Vegas rvs $1.0\times 10^{14}$ Hz,464.1588833612782,2.939812163546403e-27,
0,line,7,Vegas rvs $1.0\times 10^{14}$ Hz,521.1720682918044,2.319898550791252e-27,
0,line,7,Vegas rvs $1.0\times 10^{14}$ Hz,585.1882501969513,1.797322980470612e-27,
0,line,7,Vegas rvs $1.0\times 10^{14}$ Hz,657.0676154824831,1.403208800246946e-27,
0,line,7,Vegas rvs $1.0\times 10^{14}$ Hz,737.7760082683312,1.0827445876176305e-27,
0,line,7,Vegas rvs $1.0\times 10^{14}$ Hz,828.3979084506619,8.45388506124494e-28,
0,line,7,Vegas rvs $1.0\times 10^{14}$ Hz,930.1510038746646,6.459763414354728e-28,
0,line,7,Vegas rvs $1.0\times 10^{14}$ Hz,1044.4025524245699,5.00403427167345e-28,
0,line,7,Vegas rvs $1.0\times 10^{14}$ Hz,1172.6877538885456,3.839010693646727e-28,
0,line,7,Vegas rvs $1.0\times 10^{14}$ Hz,1316.7303784615017,2.930499766120184e-28,
0,line,7,Vegas rvs $1.0\times 10^{14}$ Hz,1478.465929071304,2.2592781420708354e-28,
0,line,7,Vegas rvs $1.0\times 10^{14}$ Hz,1660.0676487609296,1.720723934886561e-28,
0,line,7,Vegas rvs $1.0\times 10^{14}$ Hz,1863.975722588148,1.3098657783800427e-28,
0,line,7,Vegas rvs $1.0\times 10^{14}$ Hz,2092.9300664290977,1.0008426544054791e-28,
0,line,7,Vegas rvs $1.0\times 10^{14}$ Hz,2350.0071432694094,7.648863108291421e-29,
0,line,7,Vegas rvs $1.0\times 10^{14}$ Hz,2638.6613016839365,5.793626176180459e-29,
0,line,7,Vegas rvs $1.0\times 10^{14}$ Hz,2962.77119197087,4.3862797444920517e-29,
0,line,7,Vegas rvs $1.0\times 10^{14}$ Hz,3326.691883634535,3.3206572642661487e-29,
0,line,7,Vegas rvs $1.0\times 10^{14}$ Hz,3735.3133845202788,2.5128287711580272e-29,
0,line,7,Vegas rvs $1.0\times 10^{14}$ Hz,4194.126347923944,1.8998777561988264e-29,
0,line,7,Vegas rvs $1.0\times 10^{14}$ Hz,4709.295850583362,1.432576673238448e-29,
0,line,7,Vegas rvs $1.0\times 10^{14}$ Hz,5287.744232907843,1.077101094983982e-29,
0,line,7,Vegas rvs $1.0\times 10^{14}$ Hz,5937.244114571097,8.090076718155223e-30,
0,line,7,Vegas rvs $1.0\times 10^{14}$ Hz,6666.522835319501,6.0280472378601264e-30,
0,line,7,Vegas rvs $1.0\times 10^{14}$ Hz,7485.379724368442,4.40234922720471e-30,
0,line,7,Vegas rvs $1.0\times 10^{14}$ Hz,8404.817774137397,3.130971452796277e-30,
0,line,7,Vegas rvs $1.0\times 10^{14}$ Hz,9437.191487625705,2.1489727064184956e-30,
0,line,7,Vegas rvs $1.0\times 10^{14}$ Hz,10596.372886056477,1.4170215067810827e-30,
0,line,7,Vegas rvs $1.0\times 10^{14}$ Hz,11897.937907435859,9.106069964053759e-31,
0,line,7,Vegas rvs $1.0\times 10^{14}$ Hz,13359.375700667906,5.836337207993932e-31,
0,line,7,Vegas rvs $1.0\times 10^{14}$ Hz,15000.323627513291,3.7408407660171616e-31,
0,line,7,Vegas rvs $1.0\times 10^{14}$ Hz,16842.831130116658,2.3938137732200418e-31,
0,line,7,Vegas rvs $1.0\times 10^{14}$ Hz,18911.65600969468,1.523371989736699e-31,
0,line,7,Vegas rvs $1.0\times 10^{14}$ Hz,21234.59709748593,9.61857449296717e-32,
0,line,7,Vegas rvs $1.0\times 10^{14}$ Hz,23842.867788067262,6.01325953922209e-32,
0,line,7,Vegas rvs $1.0\times 10^{14}$ Hz,26771.51545420944,3.7176827146816465e-32,
0,line,7,Vegas rvs $1.0\times 10^{14}$ Hz,30059.89237895584,2.2734170830016867e-32,
0,line,7,Vegas rvs $1.0\times 10^{14}$ Hz,33752.1845328457,1.3769600784019823e-32,
0,line,7,Vegas rvs $1.0\times 10^{14}$ Hz,37898.005301469406,8.280918077534601e-33,
0,line,7,Vegas rvs $1.0\times 10^{14}$ Hz,42553.0621412821,4.960036265691808e-33,
0,line,7,Vegas rvs $1.0\times 10^{14}$ Hz,47779.90512153967,2.969632152948564e-33,
0,line,7,Vegas rvs $1.0\times 10^{14}$ Hz,53648.76741052671,1.7827856128103068e-33,
0,line,7,Vegas rvs $1.0\times 10^{14}$ Hz,60238.50899970236,1.0760339287074592e-33,
0,line,7,Vegas rvs $1.0\times 10^{14}$ Hz,67637.67634660006,6.541722780785789e-34,
0,line,7,Vegas rvs $1.0\times 10^{14}$ Hz,75945.69217491779,4.010457321094978e-34,
0,line,7,Vegas rvs $1.0\times 10^{14}$ Hz,85274.19141916305,2.4808899553626296e-34,
0,line,7,Vegas rvs $1.0\times 10^{14}$ Hz,95748.52126495788,1.5484565244147873e-34,
0,line,7,Vegas rvs $1.0\times 10^{14}$ Hz,107509.42544107056,9.750472144854776e-35,
0,line,7,Vegas rvs $1.0\times 10^{14}$ Hz,120714.9353950307,6.188619841500654e-35,
0,line,7,Vegas rvs $1.0\times 10^{14}$ Hz,135542.4937640828,3.958957394111961e-35,
0,line,7,Vegas rvs $1.0\times 10^{14}$ Hz,152191.33867459052,2.550392683370355e-35,
0,line,7,Vegas rvs $1.0\times 10^{14}$ Hz,170885.1809077577,1.6526814090872827e-35,
0,line,7,Vegas rvs $1.0\times 10^{14}$ Hz,191875.20990478364,1.0776072591456307e-35,
0,line,7,Vegas rvs $1.0\times 10^{14}$ Hz,215443.46900318866,7.05678908887982e-36,
0,line,7,Vegas rvs $1.0\times 10^{14}$ Hz,241906.64525741176,4.6441950685309965e-36,
0,line,7,Vegas rvs $1.0\times 10^{14}$ Hz,271620.32476755726,3.0663423811980975e-36,
0,line,7,Vegas rvs $1.0\times 10^{14}$ Hz,304983.77069520706,2.0321258292841573e-36,
0,line,7,Vegas rvs $1.0\times 10^{14}$ Hz,342445.2881685698,1.349783274524951e-36,
0,line,7,Vegas rvs $1.0\times 10^{14}$ Hz,384508.2481652776,8.991149684306036e-37,
0,line,7,Vegas rvs $1.0\times 10^{14}$ Hz,431737.8513158363,5.995849467345545e-37,
0,line,7,Vegas rvs $1.0\times 10^{14}$ Hz,484768.7225130572,4.007652853831788e-37,
0,line,7,Vegas rvs $1.0\times 10^{14}$ Hz,544313.4383763528,2.679076688951977e-37,
0,line,7,Vegas rvs $1.0\times 10^{14}$ Hz,611172.1021545639,1.7932948161488694e-37,
0,line,7,Vegas rvs $1.0\times 10^{14}$ Hz,686243.0947254312,1.2005106233652827e-37,
0,line,7,Vegas rvs $1.0\times 10^{14}$ Hz,770535.1461530557,8.03394534387908e-38,
0,line,7,Vegas rvs $1.0\times 10^{14}$ Hz,865180.8900090464,5.378358612469436e-38,
0,line,7,Vegas rvs $1.0\times 10^{14}$ Hz,971452.0825869758,3.5951924803436286e-38,
0,line,7,Vegas rvs $1.0\times 10^{14}$ Hz,1090776.6915109565,2.4016617167156633e-38,
0,line,7,Vegas rvs $1.0\times 10^{14}$ Hz,1224758.0833582329,1.60321253180593e-38,
0,line,7,Vegas rvs $1.0\times 10^{14}$ Hz,1375196.5681201622,1.0670263485164562e-38,
0,line,7,Vegas rvs $1.0\times 10^{14}$ Hz,1544113.5899948329,7.09979395637514e-39,
0,line,7,Vegas rvs $1.0\times 10^{14}$ Hz,1733778.8895633693,4.707289718956962e-39,
0,line,7,Vegas rvs $1.0\times 10^{14}$ Hz,1946741.0023284936,3.1134458377593255e-39,
0,line,7,Vegas rvs $1.0\times 10^{14}$ Hz,2185861.5034246743,2.057106186417475e-39,
0,line,7,Vegas rvs $1.0\times 10^{14}$ Hz,2454353.458646543,1.3498129514229697e-39,
0,line,7,Vegas rvs $1.0\times 10^{14}$ Hz,2755824.5984626412,8.853698751292303e-40,
0,line,7,Vegas rvs $1.0\times 10^{14}$ Hz,3094325.795144362,5.768424038360519e-40,
0,line,7,Vegas rvs $1.0\times 10^{14}$ Hz,3474405.4943980086,3.738522836265008e-40,
0,line,7,Vegas rvs $1.0\times 10^{14}$ Hz,3901170.8328986377,2.419831580256946e-40,
0,line,7,Vegas rvs $1.0\times 10^{14}$ Hz,4380356.262962907,1.5415087188037266e-40,
0,line,7,Vegas rvs $1.0\times 10^{14}$ Hz,4918400.606471699,9.81304668449818e-41,
0,line,7,Vegas rvs $1.0\times 10^{14}$ Hz,5522533.573417251,6.158823513186961e-41,
0,line,7,Vegas rvs $1.0\times 10^{14}$ Hz,6200872.907625809,3.8103381504678206e-41,
0,line,7,Vegas rvs $1.0\times 10^{14}$ Hz,6962533.465004367,2.355456668784366e-41,
0,line,7,Vegas rvs $1.0\times 10^{14}$ Hz,7817749.689997524,1.3930946983205694e-41,
0,line,7,Vegas rvs $1.0\times 10^{14}$ Hz,8778013.135972489,8.214667349606175e-42,
0,line,7,Vegas rvs $1.0\times 10^{14}$ Hz,9856226.87739571,4.681263181349664e-42,
0,line,7,Vegas rvs $1.0\times 10^{14}$ Hz,11066878.88863989,2.5376761396911372e-42,
0,line,7,Vegas rvs $1.0\times 10^{14}$ Hz,12426236.719115056,1.3756640295492747e-42,
0,line,7,Vegas rvs $1.0\times 10^{14}$ Hz,13952566.080576338,6.557135171658917e-43,
0,line,7,Vegas rvs $1.0\times 10^{14}$ Hz,15666376.283769464,3.0564464160887514e-43,
0,line,7,Vegas rvs $1.0\times 10^{14}$ Hz,17590695.822349843,1.3141877566030277e-43,
0,line,7,Vegas rvs $1.0\times 10^{14}$ Hz,19751381.80710058,4.653369050380065e-44,
0,line,7,Vegas rvs $1.0\times 10^{14}$ Hz,22177467.40832167,1.647718141295233e-44,
0,line,7,Vegas rvs $1.0\times 10^{14}$ Hz,24901551.97497901,4.031429621164714e-45,
0,line,7,Vegas rvs $1.0\times 10^{14}$ Hz,27960239.072650153,8.613908291594148e-46,
0,line,7,Vegas rvs $1.0\times 10^{14}$ Hz,31394628.326189354,1.5745407087318451e-46,
0,line,7,Vegas rvs $1.0\times 10^{14}$ Hz,35250867.67600913,1.3213100066745245e-47,
0,line,7,Vegas rvs $1.0\times 10^{14}$ Hz,39580773.46865453,1.1088501467611725e-48,
0,line,7,Vegas rvs $1.0\times 10^{14}$ Hz,44442526.71383636,3.2760688495906563e-50,
0,line,7,Vegas rvs $1.0\times 10^{14}$ Hz,49901454.86353981,4.825169281506592e-52,
0,line,7,Vegas rvs $1.0\times 10^{14}$ Hz,56030909.61798617,6.424524744534933e-54,
0,line,7,Vegas rvs $1.0\times 10^{14}$ Hz,62913252.55353957,3.6314687213059804e-57,
0,line,7,Vegas rvs $1.0\times 10^{14}$ Hz,70640961.8164559,2.0528488511823602e-60,
0,line,7,Vegas rvs $1.0\times 10^{14}$ Hz,79317874.75313465,6.842234937477788e-65,
0,line,7,Vegas rvs $1.0\times 10^{14}$ Hz,89060583.17411506,8.262834700054412e-71,
0,line,7,Vegas rvs $1.0\times 10^{14}$ Hz,100000000.0,9.982457463229107e-77,
0,line,8,ASGARD fwd $1.0\times 10^{17}$ Hz,1.0,2.6132925104669355e-28,
0,line,8,ASGARD fwd $1.0\times 10^{17}$ Hz,1.1228311834035287,3.4703130210348154e-28,
0,line,8,ASGARD fwd $1.0\times 10^{17}$ Hz,1.2607498664233685,4.636636399349659e-28,
0,line,8,ASGARD fwd $1.0\times 10^{17}$ Hz,1.4156092644919918,6.1679821037930316e-28,
0,line,8,ASGARD fwd $1.0\times 10^{17}$ Hz,1.5894902256865417,8.09606183225481e-28,
0,line,8,ASGARD fwd $1.0\times 10^{17}$ Hz,1.7847291911159615,1.062358739130016e-27,
0,line,8,ASGARD fwd $1.0\times 10^{17}$ Hz,2.0039495897155577,1.3998014494172747e-27,
0,line,8,ASGARD fwd $1.0\times 10^{17}$ Hz,2.2500970893013355,1.8206362083165354e-27,
0,line,8,ASGARD fwd $1.0\times 10^{17}$ Hz,2.5264791775530537,2.3443602251833362e-27,
0,line,8,ASGARD fwd $1.0\times 10^{17}$ Hz,2.8368096047762688,3.0484823712502544e-27,
0,line,8,ASGARD fwd $1.0\times 10^{17}$ Hz,3.1852582856214346,3.9279020960036525e-27,
0,line,8,ASGARD fwd $1.0\times 10^{17}$ Hz,3.57650733029021,5.0008387205644936e-27,
0,line,8,ASGARD fwd $1.0\times 10^{17}$ Hz,4.015813958121153,6.3764915455860134e-27,
0,line,8,ASGARD fwd $1.0\times 10^{17}$ Hz,4.509081138925582,8.127659416405535e-27,
0,line,8,ASGARD fwd $1.0\times 10^{17}$ Hz,5.062936911282342,1.0261522863878022e-26,
0,line,8,ASGARD fwd $1.0\times 10^{17}$ Hz,5.684823443592558,1.2884266906500027e-26,
0,line,8,ASGARD fwd $1.0\times 10^{17}$ Hz,6.383097034609155,1.617803071350933e-26,
0,line,8,ASGARD fwd $1.0\times 10^{17}$ Hz,7.167140397149751,2.022344558347494e-26,
0,line,8,ASGARD fwd $1.0\times 10^{17}$ Hz,8.04748873375089,2.5126499762660328e-26,
0,line,8,ASGARD fwd $1.0\times 10^{17}$ Hz,9.035971298344078,3.12158618129512e-26,
0,line,8,ASGARD fwd $1.0\times 10^{17}$ Hz,10.14587034612,3.852250802507939e-26,
0,line,8,ASGARD fwd $1.0\times 10^{17}$ Hz,11.392099607392687,4.7311096779819675e-26,
0,line,8,ASGARD fwd $1.0\times 10^{17}$ Hz,12.791404683619605,5.776022156447658e-26,
0,line,8,ASGARD fwd $1.0\times 10^{17}$ Hz,14.362588058302041,6.911418487020808e-26,
0,line,8,ASGARD fwd $1.0\times 10^{17}$ Hz,16.12676174624068,8.055543917566366e-26,
0,line,8,ASGARD fwd $1.0\times 10^{17}$ Hz,18.107630975998173,9.19437985213348e-26,
0,line,8,ASGARD fwd $1.0\times 10^{17}$ Hz,20.331812717414422,1.0307266386939072e-25,
0,line,8,ASGARD fwd $1.0\times 10^{17}$ Hz,22.82919333423335,1.141812301065381e-25,
0,line,8,ASGARD fwd $1.0\times 10^{17}$ Hz,25.63333016762518,1.2514699118518118e-25,
0,line,8,ASGARD fwd $1.0\times 10^{17}$ Hz,28.78190244668795,1.3592642350393412e-25,
0,line,8,ASGARD fwd $1.0\times 10^{17}$ Hz,32.31721758481955,1.467630134847847e-25,
0,line,8,ASGARD fwd $1.0\times 10^{17}$ Hz,36.28677966507226,1.5724038368009411e-25,
0,line,8,ASGARD fwd $1.0\times 10^{17}$ Hz,40.743927753236186,1.6743096812033446e-25,
0,line,8,ASGARD fwd $1.0\times 10^{17}$ Hz,45.74855261567406,1.7745823221116893e-25,
0,line,8,ASGARD fwd $1.0\times 10^{17}$ Hz,51.3679014724559,1.8746443001944066e-25,
0,line,8,ASGARD fwd $1.0\times 10^{17}$ Hz,57.67748159927351,1.973753258659987e-25,
0,line,8,ASGARD fwd $1.0\times 10^{17}$ Hz,64.76207491984752,2.0722367423151555e-25,
0,line,8,ASGARD fwd $1.0\times 10^{17}$ Hz,72.71687722192038,2.168970594629207e-25,
0,line,8,ASGARD fwd $1.0\times 10^{17}$ Hz,81.64877730449795,2.2676771864840256e-25,
0,line,8,ASGARD fwd $1.0\times 10^{17}$ Hz,91.67779324426061,2.363479183795733e-25,
0,line,8,ASGARD fwd $1.0\times 10^{17}$ Hz,102.93868508027717,2.4544377889881093e-25,
0,line,8,ASGARD fwd $1.0\times 10^{17}$ Hz,115.58276558669077,2.539927272901153e-25,
0,line,8,ASGARD fwd $1.0\times 10^{17}$ Hz,129.77993346475662,2.6186786734568493e-25,
0,line,8,ASGARD fwd $1.0\times 10^{17}$ Hz,145.7209562742639,2.6884427227352894e-25,
0,line,8,ASGARD fwd $1.0\times 10^{17}$ Hz,163.6200337801256,2.74866522691487e-25,
0,line,8,ASGARD fwd $1.0\times 10^{17}$ Hz,183.71767615786374,2.797633433979973e-25,
0,line,8,ASGARD fwd $1.0\times 10^{17}$ Hz,206.2839357324804,2.8331702220165486e-25,
0,line,8,ASGARD fwd $1.0\times 10^{17}$ Hz,231.6220356756384,2.852024634864077e-25,
0,line,8,ASGARD fwd $1.0\times 10^{17}$ Hz,260.07244442001166,2.8497748579098986e-25,
0,line,8,ASGARD fwd $1.0\times 10^{17}$ Hz,292.0174505387701,2.8059692376455703e-25,
0,line,8,ASGARD fwd $1.0\times 10^{17}$ Hz,327.8862995629286,2.7417490655445286e-25,
0,line,8,ASGARD fwd $1.0\times 10^{17}$ Hz,368.16096176004703,2.660316456553876e-25,
0,line,8,ASGARD fwd $1.0\times 10^{17}$ Hz,413.38260837601484,2.5645398129349952e-25,
0,line,8,ASGARD fwd $1.0\times 10^{17}$ Hz,464.1588833612782,2.456444835776413e-25,
0,line,8,ASGARD fwd $1.0\times 10^{17}$ Hz,521.1720682918044,2.33842569695522e-25,
0,line,8,ASGARD fwd $1.0\times 10^{17}$ Hz,585.1882501969513,2.213576746401938e-25,
0,line,8,ASGARD fwd $1.0\times 10^{17}$ Hz,657.0676154824831,2.0838989337535115e-25,
0,line,8,ASGARD fwd $1.0\times 10^{17}$ Hz,737.7760082683312,1.9514858666975553e-25,
0,line,8,ASGARD fwd $1.0\times 10^{17}$ Hz,828.3979084506619,1.81899714422004e-25,
0,line,8,ASGARD fwd $1.0\times 10^{17}$ Hz,930.1510038746646,1.6873825705069663e-25,
0,line,8,ASGARD fwd $1.0\times 10^{17}$ Hz,1044.4025524245699,1.558317766797233e-25,
0,line,8,ASGARD fwd $1.0\times 10^{17}$ Hz,1172.6877538885456,1.4336081466244592e-25,
0,line,8,ASGARD fwd $1.0\times 10^{17}$ Hz,1316.7303784615017,1.3140902268453774e-25,
0,line,8,ASGARD fwd $1.0\times 10^{17}$ Hz,1478.465929071304,1.2003818277020392e-25,
0,line,8,ASGARD fwd $1.0\times 10^{17}$ Hz,1660.0676487609296,1.0929088765807346e-25,
0,line,8,ASGARD fwd $1.0\times 10^{17}$ Hz,1863.975722588148,9.923884190396892e-26,
0,line,8,ASGARD fwd $1.0\times 10^{17}$ Hz,2092.9300664290977,8.98927825221581e-26,
0,line,8,ASGARD fwd $1.0\times 10^{17}$ Hz,2350.0071432694094,8.12411860343358e-26,
0,line,8,ASGARD fwd $1.0\times 10^{17}$ Hz,2638.6613016839365,7.328374567076473e-26,
0,line,8,ASGARD fwd $1.0\times 10^{17}$ Hz,2962.77119197087,6.601211512780849e-26,
0,line,8,ASGARD fwd $1.0\times 10^{17}$ Hz,3326.691883634535,5.938891499566912e-26,
0,line,8,ASGARD fwd $1.0\times 10^{17}$ Hz,3735.3133845202788,5.338327679774614e-26,
0,line,8,ASGARD fwd $1.0\times 10^{17}$ Hz,4194.126347923944,4.795080959285587e-26,
0,line,8,ASGARD fwd $1.0\times 10^{17}$ Hz,4709.295850583362,4.305651124429651e-26,
0,line,8,ASGARD fwd $1.0\times 10^{17}$ Hz,5287.744232907843,3.86439137080674e-26,
0,line,8,ASGARD fwd $1.0\times 10^{17}$ Hz,5937.244114571097,3.4666004418986555e-26,
0,line,8,ASGARD fwd $1.0\times 10^{17}$ Hz,6666.522835319501,3.1051588007887156e-26,
0,line,8,ASGARD fwd $1.0\times 10^{17}$ Hz,7485.379724368442,2.778047823336386e-26,
0,line,8,ASGARD fwd $1.0\times 10^{17}$ Hz,8404.817774137397,2.4826023975241225e-26,
0,line,8,ASGARD fwd $1.0\times 10^{17}$ Hz,9437.191487625705,2.21546036468726e-26,
0,line,8,ASGARD fwd $1.0\times 10^{17}$ Hz,10596.372886056477,1.9742865890654868e-26,
0,line,8,ASGARD fwd $1.0\times 10^{17}$ Hz,11897.937907435859,1.7569571058048198e-26,
0,line,8,ASGARD fwd $1.0\times 10^{17}$ Hz,13359.375700667906,1.5604772236422057e-26,
0,line,8,ASGARD fwd $1.0\times 10^{17}$ Hz,15000.323627513291,1.3831363204496913e-26,
0,line,8,ASGARD fwd $1.0\times 10^{17}$ Hz,16842.831130116658,1.2226385311281754e-26,
0,line,8,ASGARD fwd $1.0\times 10^{17}$ Hz,18911.65600969468,1.0766240936350063e-26,
0,line,8,ASGARD fwd $1.0\times 10^{17}$ Hz,21234.59709748593,9.43299102799394e-27,
0,line,8,ASGARD fwd $1.0\times 10^{17}$ Hz,23842.867788067262,8.209356182377179e-27,
0,line,8,ASGARD fwd $1.0\times 10^{17}$ Hz,26771.51545420944,7.081019000327025e-27,
0,line,8,ASGARD fwd $1.0\times 10^{17}$ Hz,30059.89237895584,6.0438896608854545e-27,
0,line,8,ASGARD fwd $1.0\times 10^{17}$ Hz,33752.1845328457,5.099217017942694e-27,
0,line,8,ASGARD fwd $1.0\times 10^{17}$ Hz,37898.005301469406,4.250337572311096e-27,
0,line,8,ASGARD fwd $1.0\times 10^{17}$ Hz,42553.0621412821,3.501671397809891e-27,
0,line,8,ASGARD fwd $1.0\times 10^{17}$ Hz,47779.90512153967,2.855773994190968e-27,
0,line,8,ASGARD fwd $1.0\times 10^{17}$ Hz,53648.76741052671,2.3094784609526016e-27,
0,line,8,ASGARD fwd $1.0\times 10^{17}$ Hz,60238.50899970236,1.8557371980079924e-27,
0,line,8,ASGARD fwd $1.0\times 10^{17}$ Hz,67637.67634660006,1.4846526708991625e-27,
0,line,8,ASGARD fwd $1.0\times 10^{17}$ Hz,75945.69217491779,1.1845000602666078e-27,
0,line,8,ASGARD fwd $1.0\times 10^{17}$ Hz,85274.19141916305,9.43433023851278e-28,
0,line,8,ASGARD fwd $1.0\times 10^{17}$ Hz,95748.52126495788,7.51091822355626e-28,
0,line,8,ASGARD fwd $1.0\times 10^{17}$ Hz,107509.42544107056,5.980835369214538e-28,
0,line,8,ASGARD fwd $1.0\times 10^{17}$ Hz,120714.9353950307,4.764497901622009e-28,
0,line,8,ASGARD fwd $1.0\times 10^{17}$ Hz,135542.4937640828,3.7962262990562857e-28,
0,line,8,ASGARD fwd $1.0\times 10^{17}$ Hz,152191.33867459052,3.0225417499838114e-28,
0,line,8,ASGARD fwd $1.0\times 10^{17}$ Hz,170885.1809077577,2.4037364876980956e-28,
0,line,8,ASGARD fwd $1.0\times 10^{17}$ Hz,191875.20990478364,1.9106146019733873e-28,
0,line,8,ASGARD fwd $1.0\times 10^{17}$ Hz,215443.46900318866,1.5183518737721429e-28,
0,line,8,ASGARD fwd $1.0\times 10^{17}$ Hz,241906.64525741176,1.2055343561451664e-28,
0,line,8,ASGARD fwd $1.0\times 10^{17}$ Hz,271620.32476755726,9.569887872187352e-29,
0,line,8,ASGARD fwd $1.0\times 10^{17}$ Hz,304983.77069520706,7.601725963588134e-29,
0,line,8,ASGARD fwd $1.0\times 10^{17}$ Hz,342445.2881685698,6.036398893089576e-29,
0,line,8,ASGARD fwd $1.0\times 10^{17}$ Hz,384508.2481652776,4.7962346538598507e-29,
0,line,8,ASGARD fwd $1.0\times 10^{17}$ Hz,431737.8513158363,3.816893235425083e-29,
0,line,8,ASGARD fwd $1.0\times 10^{17}$ Hz,484768.7225130572,3.036844787719194e-29,
0,line,8,ASGARD fwd $1.0\times 10^{17}$ Hz,544313.4383763528,2.4168809313115312e-29,
0,line,8,ASGARD fwd $1.0\times 10^{17}$ Hz,611172.1021545639,1.928780290490155e-29,
0,line,8,ASGARD fwd $1.0\times 10^{17}$ Hz,686243.0947254312,1.5407457504137784e-29,
0,line,8,ASGARD fwd $1.0\times 10^{17}$ Hz,770535.1461530557,1.232242474653267e-29,
0,line,8,ASGARD fwd $1.0\times 10^{17}$ Hz,865180.8900090464,9.879593474237867e-30,
0,line,8,ASGARD fwd $1.0\times 10^{17}$ Hz,971452.0825869758,7.921923093934294e-30,
0,line,8,ASGARD fwd $1.0\times 10^{17}$ Hz,1090776.6915109565,6.36677375123464e-30,
0,line,8,ASGARD fwd $1.0\times 10^{17}$ Hz,1224758.0833582329,5.138521174836984e-30,
0,line,8,ASGARD fwd $1.0\times 10^{17}$ Hz,1375196.5681201622,4.1459012079643714e-30,
0,line,8,ASGARD fwd $1.0\times 10^{17}$ Hz,1544113.5899948329,3.3445395534757034e-30,
0,line,8,ASGARD fwd $1.0\times 10^{17}$ Hz,1733778.8895633693,2.7150823191637775e-30,
0,line,8,ASGARD fwd $1.0\times 10^{17}$ Hz,1946741.0023284936,2.207819938996217e-30,
0,line,8,ASGARD fwd $1.0\times 10^{17}$ Hz,2185861.5034246743,1.7889401762062846e-30,
0,line,8,ASGARD fwd $1.0\times 10^{17}$ Hz,2454353.458646543,1.4583789000632029e-30,
0,line,8,ASGARD fwd $1.0\times 10^{17}$ Hz,2755824.5984626412,1.194684931318554e-30,
0,line,8,ASGARD fwd $1.0\times 10^{17}$ Hz,3094325.795144362,9.743201476327355e-31,
0,line,8,ASGARD fwd $1.0\times 10^{17}$ Hz,3474405.4943980086,7.960557238703687e-31,
0,line,8,ASGARD fwd $1.0\times 10^{17}$ Hz,3901170.8328986377,6.558847071216361e-31,
0,line,8,ASGARD fwd $1.0\times 10^{17}$ Hz,4380356.262962907,5.356420162250528e-31,
0,line,8,ASGARD fwd $1.0\times 10^{17}$ Hz,4918400.606471699,4.360434811022526e-31,
0,line,8,ASGARD fwd $1.0\times 10^{17}$ Hz,5522533.573417251,3.5915955119997736e-31,
0,line,8,ASGARD fwd $1.0\times 10^{17}$ Hz,6200872.907625809,2.944995895704461e-31,
0,line,8,ASGARD fwd $1.0\times 10^{17}$ Hz,6962533.465004367,2.4020556012152686e-31,
0,line,8,ASGARD fwd $1.0\times 10^{17}$ Hz,7817749.689997524,1.9844994079880617e-31,
0,line,8,ASGARD fwd $1.0\times 10^{17}$ Hz,8778013.135972489,1.6360981835711153e-31,
0,line,8,ASGARD fwd $1.0\times 10^{17}$ Hz,9856226.87739571,1.341524081107465e-31,
0,line,8,ASGARD fwd $1.0\times 10^{17}$ Hz,11066878.88863989,1.1111972719846212e-31,
0,line,8,ASGARD fwd $1.0\times 10^{17}$ Hz,12426236.719115056,9.222105942306547e-32,
0,line,8,ASGARD fwd $1.0\times 10^{17}$ Hz,13952566.080576338,7.61272914387052e-32,
0,line,8,ASGARD fwd $1.0\times 10^{17}$ Hz,15666376.283769464,6.326461583213484e-32,
0,line,8,ASGARD fwd $1.0\times 10^{17}$ Hz,17590695.822349843,5.28882386340973e-32,
0,line,8,ASGARD fwd $1.0\times 10^{17}$ Hz,19751381.80710058,4.3974630289574614e-32,
0,line,8,ASGARD fwd $1.0\times 10^{17}$ Hz,22177467.40832167,3.668082086221206e-32,
0,line,8,ASGARD fwd $1.0\times 10^{17}$ Hz,24901551.97497901,3.088936573125182e-32,
0,line,8,ASGARD fwd $1.0\times 10^{17}$ Hz,27960239.072650153,2.5866407046685156e-32,
0,line,8,ASGARD fwd $1.0\times 10^{17}$ Hz,31394628.326189354,2.1654521721709146e-32,
0,line,8,ASGARD fwd $1.0\times 10^{17}$ Hz,35250867.67600913,1.836227268623219e-32,
0,line,8,ASGARD fwd $1.0\times 10^{17}$ Hz,39580773.46865453,1.5478942073506985e-32,
0,line,8,ASGARD fwd $1.0\times 10^{17}$ Hz,44442526.71383636,1.3000985219458137e-32,
0,line,8,ASGARD fwd $1.0\times 10^{17}$ Hz,49901454.86353981,1.1095175445908217e-32,
0,line,8,ASGARD fwd $1.0\times 10^{17}$ Hz,56030909.61798617,9.410403779894451e-33,
0,line,8,ASGARD fwd $1.0\times 10^{17}$ Hz,62913252.55353957,7.939318098887672e-33,
0,line,8,ASGARD fwd $1.0\times 10^{17}$ Hz,70640961.8164559,6.804376810939822e-33,
0,line,8,ASGARD fwd $1.0\times 10^{17}$ Hz,79317874.75313465,5.803424073561734e-33,
0,line,8,ASGARD fwd $1.0\times 10^{17}$ Hz,89060583.17411506,4.922121747990283e-33,
0,line,8,ASGARD fwd $1.0\times 10^{17}$ Hz,100000000.0,4.228043838475842e-33,
0,line,9,Vegas fwd $1.0\times 10^{17}$ Hz,1.0,4.2431242775336435e-28,
0,line,9,Vegas fwd $1.0\times 10^{17}$ Hz,1.1228311834035287,5.678821339962203e-28,
0,line,9,Vegas fwd $1.0\times 10^{17}$ Hz,1.2607498664233685,7.570001558618322e-28,
0,line,9,Vegas fwd $1.0\times 10^{17}$ Hz,1.4156092644919918,1.0052838959635839e-27,
0,line,9,Vegas fwd $1.0\times 10^{17}$ Hz,1.5894902256865417,1.329644560358256e-27,
0,line,9,Vegas fwd $1.0\times 10^{17}$ Hz,1.7847291911159615,1.7513171576899194e-27,
0,line,9,Vegas fwd $1.0\times 10^{17}$ Hz,2.0039495897155577,2.29759818538096e-27,
0,line,9,Vegas fwd $1.0\times 10^{17}$ Hz,2.2500970893013355,3.001935474368352e-27,
0,line,9,Vegas fwd $1.0\times 10^{17}$ Hz,2.5264791775530537,3.906211979832415e-27,
0,line,9,Vegas fwd $1.0\times 10^{17}$ Hz,2.8368096047762688,5.063417460966539e-27,
0,line,9,Vegas fwd $1.0\times 10^{17}$ Hz,3.1852582856214346,6.536071662308651e-27,
0,line,9,Vegas fwd $1.0\times 10^{17}$ Hz,3.57650733029021,8.403887701218212e-27,
0,line,9,Vegas fwd $1.0\times 10^{17}$ Hz,4.015813958121153,1.0761887238429427e-26,
0,line,9,Vegas fwd $1.0\times 10^{17}$ Hz,4.509081138925582,1.3728774525542484e-26,
0,line,9,Vegas fwd $1.0\times 10^{17}$ Hz,5.062936911282342,1.7449347372663632e-26,
0,line,9,Vegas fwd $1.0\times 10^{17}$ Hz,5.684823443592558,2.2099422125606093e-26,
0,line,9,Vegas fwd $1.0\times 10^{17}$ Hz,6.383097034609155,2.788572812649011e-26,
0,line,9,Vegas fwd $1.0\times 10^{17}$ Hz,7.167140397149751,3.5056050647049037e-26,
0,line,9,Vegas fwd $1.0\times 10^{17}$ Hz,8.04748873375089,4.3851956587251696e-26,
0,line,9,Vegas fwd $1.0\times 10^{17}$ Hz,9.035971298344078,5.44547054764017e-26,
0,line,9,Vegas fwd $1.0\times 10^{17}$ Hz,10.14587034612,6.693366421599323e-26,
0,line,9,Vegas fwd $1.0\times 10^{17}$ Hz,11.392099607392687,8.119033326304748e-26,
0,line,9,Vegas fwd $1.0\times 10^{17}$ Hz,12.791404683619605,9.689789094886383e-26,
0,line,9,Vegas fwd $1.0\times 10^{17}$ Hz,14.362588058302041,1.1341681688266798e-25,
0,line,9,Vegas fwd $1.0\times 10^{17}$ Hz,16.12676174624068,1.3034926655189384e-25,
0,line,9,Vegas fwd $1.0\times 10^{17}$ Hz,18.107630975998173,1.4756405456851247e-25,
0,line,9,Vegas fwd $1.0\times 10^{17}$ Hz,20.331812717414422,1.6590435934675654e-25,
0,line,9,Vegas fwd $1.0\times 10^{17}$ Hz,22.82919333423335,1.853429844275033e-25,
0,line,9,Vegas fwd $1.0\times 10^{17}$ Hz,25.63333016762518,2.0556733485412249e-25,
0,line,9,Vegas fwd $1.0\times 10^{17}$ Hz,28.78190244668795,2.2623919602920533e-25,
0,line,9,Vegas fwd $1.0\times 10^{17}$ Hz,32.31721758481955,2.4701209196918676e-25,
0,line,9,Vegas fwd $1.0\times 10^{17}$ Hz,36.28677966507226,2.679726267821451e-25,
0,line,9,Vegas fwd $1.0\times 10^{17}$ Hz,40.743927753236186,2.885266074887975e-25,
0,line,9,Vegas fwd $1.0\times 10^{17}$ Hz,45.74855261567406,3.0864547065560225e-25,
0,line,9,Vegas fwd $1.0\times 10^{17}$ Hz,51.3679014724559,3.281095938420873e-25,
0,line,9,Vegas fwd $1.0\times 10^{17}$ Hz,57.67748159927351,3.4668906824551265e-25,
0,line,9,Vegas fwd $1.0\times 10^{17}$ Hz,64.76207491984752,3.639348164788112e-25,
0,line,9,Vegas fwd $1.0\times 10^{17}$ Hz,72.71687722192038,3.7970581697656966e-25,
0,line,9,Vegas fwd $1.0\times 10^{17}$ Hz,81.64877730449795,3.9382570464761585e-25,
0,line,9,Vegas fwd $1.0\times 10^{17}$ Hz,91.67779324426061,4.062728530782776e-25,
0,line,9,Vegas fwd $1.0\times 10^{17}$ Hz,102.93868508027717,4.165149445617383e-25,
0,line,9,Vegas fwd $1.0\times 10^{17}$ Hz,115.58276558669077,4.241952144660693e-25,
0,line,9,Vegas fwd $1.0\times 10^{17}$ Hz,129.77993346475662,4.292452600891644e-25,
0,line,9,Vegas fwd $1.0\times 10^{17}$ Hz,145.7209562742639,4.318287034770812e-25,
0,line,9,Vegas fwd $1.0\times 10^{17}$ Hz,163.6200337801256,4.318577864095572e-25,
0,line,9,Vegas fwd $1.0\times 10^{17}$ Hz,183.71767615786374,4.288221378938615e-25,
0,line,9,Vegas fwd $1.0\times 10^{17}$ Hz,206.2839357324804,4.234512702561994e-25,
0,line,9,Vegas fwd $1.0\times 10^{17}$ Hz,231.6220356756384,4.157881083417438e-25,
0,line,9,Vegas fwd $1.0\times 10^{17}$ Hz,260.07244442001166,4.051975556164205e-25,
0,line,9,Vegas fwd $1.0\times 10^{17}$ Hz,292.0174505387701,3.930436800259483e-25,
0,line,9,Vegas fwd $1.0\times 10^{17}$ Hz,327.8862995629286,3.7918151804941876e-25,
0,line,9,Vegas fwd $1.0\times 10^{17}$ Hz,368.16096176004703,3.628999909176128e-25,
0,line,9,Vegas fwd $1.0\times 10^{17}$ Hz,413.38260837601484,3.4655306036745443e-25,
0,line,9,Vegas fwd $1.0\times 10^{17}$ Hz,464.1588833612782,3.2853528406250984e-25,
0,line,9,Vegas fwd $1.0\times 10^{17}$ Hz,521.1720682918044,3.1007028933411257e-25,
0,line,9,Vegas fwd $1.0\times 10^{17}$ Hz,585.1882501969513,2.9154172081971963e-25,
0,line,9,Vegas fwd $1.0\times 10^{17}$ Hz,657.0676154824831,2.7253615308630266e-25,
0,line,9,Vegas fwd $1.0\times 10^{17}$ Hz,737.7760082683312,2.5390649279018398e-25,
0,line,9,Vegas fwd $1.0\times 10^{17}$ Hz,828.3979084506619,2.3564836757348605e-25,
0,line,9,Vegas fwd $1.0\times 10^{17}$ Hz,930.1510038746646,2.1783281221551175e-25,
0,line,9,Vegas fwd $1.0\times 10^{17}$ Hz,1044.4025524245699,2.0046789411513425e-25,
0,line,9,Vegas fwd $1.0\times 10^{17}$ Hz,1172.6877538885456,1.8430289263942276e-25,
0,line,9,Vegas fwd $1.0\times 10^{17}$ Hz,1316.7303784615017,1.6886581887176481e-25,
0,line,9,Vegas fwd $1.0\times 10^{17}$ Hz,1478.465929071304,1.5404790531963582e-25,
0,line,9,Vegas fwd $1.0\times 10^{17}$ Hz,1660.0676487609296,1.4036025767077885e-25,
0,line,9,Vegas fwd $1.0\times 10^{17}$ Hz,1863.975722588148,1.2764846544561041e-25,
0,line,9,Vegas fwd $1.0\times 10^{17}$ Hz,2092.9300664290977,1.1580568647915415e-25,
0,line,9,Vegas fwd $1.0\times 10^{17}$ Hz,2350.0071432694094,1.047328266112262e-25,
0,line,9,Vegas fwd $1.0\times 10^{17}$ Hz,2638.6613016839365,9.464017194188824e-26,
0,line,9,Vegas fwd $1.0\times 10^{17}$ Hz,2962.77119197087,8.543560400647301e-26,
0,line,9,Vegas fwd $1.0\times 10^{17}$ Hz,3326.691883634535,7.70221109826658e-26,
0,line,9,Vegas fwd $1.0\times 10^{17}$ Hz,3735.3133845202788,6.932063687353284e-26,
0,line,9,Vegas fwd $1.0\times 10^{17}$ Hz,4194.126347923944,6.225539937252986e-26,
0,line,9,Vegas fwd $1.0\times 10^{17}$ Hz,4709.295850583362,5.586847150500024e-26,
0,line,9,Vegas fwd $1.0\times 10^{17}$ Hz,5287.744232907843,5.0095967272561386e-26,
0,line,9,Vegas fwd $1.0\times 10^{17}$ Hz,5937.244114571097,4.4883221410781534e-26,
0,line,9,Vegas fwd $1.0\times 10^{17}$ Hz,6666.522835319501,4.0178774662203913e-26,
0,line,9,Vegas fwd $1.0\times 10^{17}$ Hz,7485.379724368442,3.59379564067795e-26,
0,line,9,Vegas fwd $1.0\times 10^{17}$ Hz,8404.817774137397,3.211830034580396e-26,
0,line,9,Vegas fwd $1.0\times 10^{17}$ Hz,9437.191487625705,2.8683184535550605e-26,
0,line,9,Vegas fwd $1.0\times 10^{17}$ Hz,10596.372886056477,2.560400944751875e-26,
0,line,9,Vegas fwd $1.0\times 10^{17}$ Hz,11897.937907435859,2.2845872164031864e-26,
0,line,9,Vegas fwd $1.0\times 10^{17}$ Hz,13359.375700667906,2.033968390080356e-26,
0,line,9,Vegas fwd $1.0\times 10^{17}$ Hz,15000.323627513291,1.8086601849682033e-26,
0,line,9,Vegas fwd $1.0\times 10^{17}$ Hz,16842.831130116658,1.605513943862264e-26,
0,line,9,Vegas fwd $1.0\times 10^{17}$ Hz,18911.65600969468,1.4212525785235394e-26,
0,line,9,Vegas fwd $1.0\times 10^{17}$ Hz,21234.59709748593,1.2533072187422702e-26,
0,line,9,Vegas fwd $1.0\times 10^{17}$ Hz,23842.867788067262,1.098923373630604e-26,
0,line,9,Vegas fwd $1.0\times 10^{17}$ Hz,26771.51545420944,9.567266003113203e-27,
0,line,9,Vegas fwd $1.0\times 10^{17}$ Hz,30059.89237895584,8.253792728449082e-27,
0,line,9,Vegas fwd $1.0\times 10^{17}$ Hz,33752.1845328457,7.045069710344947e-27,
0,line,9,Vegas fwd $1.0\times 10^{17}$ Hz,37898.005301469406,5.947369174400114e-27,
0,line,9,Vegas fwd $1.0\times 10^{17}$ Hz,42553.0621412821,4.964743036977222e-27,
0,line,9,Vegas fwd $1.0\times 10^{17}$ Hz,47779.90512153967,4.101225634790792e-27,
0,line,9,Vegas fwd $1.0\times 10^{17}$ Hz,53648.76741052671,3.355670954993481e-27,
0,line,9,Vegas fwd $1.0\times 10^{17}$ Hz,60238.50899970236,2.7242413687509435e-27,
0,line,9,Vegas fwd $1.0\times 10^{17}$ Hz,67637.67634660006,2.1980288845673048e-27,
0,line,9,Vegas fwd $1.0\times 10^{17}$ Hz,75945.69217491779,1.76515038009884e-27,
0,line,9,Vegas fwd $1.0\times 10^{17}$ Hz,85274.19141916305,1.4127039731657013e-27,
0,line,9,Vegas fwd $1.0\times 10^{17}$ Hz,95748.52126495788,1.1280616815141207e-27,
0,line,9,Vegas fwd $1.0\times 10^{17}$ Hz,107509.42544107056,8.995323949132249e-28,
0,line,9,Vegas fwd $1.0\times 10^{17}$ Hz,120714.9353950307,7.1680877695852945e-28,
0,line,9,Vegas fwd $1.0\times 10^{17}$ Hz,135542.4937640828,5.710109038605031e-28,
0,line,9,Vegas fwd $1.0\times 10^{17}$ Hz,152191.33867459052,4.549216454555942e-28,
0,line,9,Vegas fwd $1.0\times 10^{17}$ Hz,170885.1809077577,3.625422355550302e-28,
0,line,9,Vegas fwd $1.0\times 10^{17}$ Hz,191875.20990478364,2.8906716254195203e-28,
0,line,9,Vegas fwd $1.0\times 10^{17}$ Hz,215443.46900318866,2.306110231636838e-28,
0,line,9,Vegas fwd $1.0\times 10^{17}$ Hz,241906.64525741176,1.841013067427688e-28,
0,line,9,Vegas fwd $1.0\times 10^{17}$ Hz,271620.32476755726,1.4706927340433916e-28,
0,line,9,Vegas fwd $1.0\times 10^{17}$ Hz,304983.77069520706,1.175706632123482e-28,
0,line,9,Vegas fwd $1.0\times 10^{17}$ Hz,342445.2881685698,9.405290087790147e-29,
0,line,9,Vegas fwd $1.0\times 10^{17}$ Hz,384508.2481652776,7.529593342712676e-29,
0,line,9,Vegas fwd $1.0\times 10^{17}$ Hz,431737.8513158363,6.031520285115368e-29,
0,line,9,Vegas fwd $1.0\times 10^{17}$ Hz,484768.7225130572,4.835677382112555e-29,
0,line,9,Vegas fwd $1.0\times 10^{17}$ Hz,544313.4383763528,3.878546583854607e-29,
0,line,9,Vegas fwd $1.0\times 10^{17}$ Hz,611172.1021545639,3.1138717256957326e-29,
0,line,9,Vegas fwd $1.0\times 10^{17}$ Hz,686243.0947254312,2.5007806949288314e-29,
0,line,9,Vegas fwd $1.0\times 10^{17}$ Hz,770535.1461530557,2.0102267372174112e-29,
0,line,9,Vegas fwd $1.0\times 10^{17}$ Hz,865180.8900090464,1.616712412444955e-29,
0,line,9,Vegas fwd $1.0\times 10^{17}$ Hz,971452.0825869758,1.300967510600183e-29,
0,line,9,Vegas fwd $1.0\times 10^{17}$ Hz,1090776.6915109565,1.0478878314487291e-29,
0,line,9,Vegas fwd $1.0\times 10^{17}$ Hz,1224758.0833582329,8.441824769217743e-30,
0,line,9,Vegas fwd $1.0\times 10^{17}$ Hz,1375196.5681201622,6.809082846699354e-30,
0,line,9,Vegas fwd $1.0\times 10^{17}$ Hz,1544113.5899948329,5.493392975470201e-30,
0,line,9,Vegas fwd $1.0\times 10^{17}$ Hz,1733778.8895633693,4.4357863566112215e-30,
0,line,9,Vegas fwd $1.0\times 10^{17}$ Hz,1946741.0023284936,3.584811759156973e-30,
0,line,9,Vegas fwd $1.0\times 10^{17}$ Hz,2185861.5034246743,2.8976175377412183e-30,
0,line,9,Vegas fwd $1.0\times 10^{17}$ Hz,2454353.458646543,2.345809053753303e-30,
0,line,9,Vegas fwd $1.0\times 10^{17}$ Hz,2755824.5984626412,1.899311403023692e-30,
0,line,9,Vegas fwd $1.0\times 10^{17}$ Hz,3094325.795144362,1.5394733611357624e-30,
0,line,9,Vegas fwd $1.0\times 10^{17}$ Hz,3474405.4943980086,1.2489878359110958e-30,
0,line,9,Vegas fwd $1.0\times 10^{17}$ Hz,3901170.8328986377,1.0134604457149554e-30,
0,line,9,Vegas fwd $1.0\times 10^{17}$ Hz,4380356.262962907,8.2398224624753e-31,
0,line,9,Vegas fwd $1.0\times 10^{17}$ Hz,4918400.606471699,6.6999574929442135e-31,
0,line,9,Vegas fwd $1.0\times 10^{17}$ Hz,5522533.573417251,5.454387125744649e-31,
0,line,9,Vegas fwd $1.0\times 10^{17}$ Hz,6200872.907625809,4.4458881794936045e-31,
0,line,9,Vegas fwd $1.0\times 10^{17}$ Hz,6962533.465004367,3.6240147096302896e-31,
0,line,9,Vegas fwd $1.0\times 10^{17}$ Hz,7817749.689997524,2.9612647035655657e-31,
0,line,9,Vegas fwd $1.0\times 10^{17}$ Hz,8778013.135972489,2.4201292446095375e-31,
0,line,9,Vegas fwd $1.0\times 10^{17}$ Hz,9856226.87739571,1.980153846256569e-31,
0,line,9,Vegas fwd $1.0\times 10^{17}$ Hz,11066878.88863989,1.6229040482541582e-31,
0,line,9,Vegas fwd $1.0\times 10^{17}$ Hz,12426236.719115056,1.33010774243832e-31,
0,line,9,Vegas fwd $1.0\times 10^{17}$ Hz,13952566.080576338,1.0929398420785918e-31,
0,line,9,Vegas fwd $1.0\times 10^{17}$ Hz,15666376.283769464,8.984622186668553e-32,
0,line,9,Vegas fwd $1.0\times 10^{17}$ Hz,17590695.822349843,7.392719883184179e-32,
0,line,9,Vegas fwd $1.0\times 10^{17}$ Hz,19751381.80710058,6.09636970851973e-32,
0,line,9,Vegas fwd $1.0\times 10^{17}$ Hz,22177467.40832167,5.027341249253541e-32,
0,line,9,Vegas fwd $1.0\times 10^{17}$ Hz,24901551.97497901,4.1555417153214363e-32,
0,line,9,Vegas fwd $1.0\times 10^{17}$ Hz,27960239.072650153,3.4378763905113884e-32,
0,line,9,Vegas fwd $1.0\times 10^{17}$ Hz,31394628.326189354,2.8456950695464e-32,
0,line,9,Vegas fwd $1.0\times 10^{17}$ Hz,35250867.67600913,2.3618494184095162e-32,
0,line,9,Vegas fwd $1.0\times 10^{17}$ Hz,39580773.46865453,1.9602707374573728e-32,
0,line,9,Vegas fwd $1.0\times 10^{17}$ Hz,44442526.71383636,1.6300855101178027e-32,
0,line,9,Vegas fwd $1.0\times 10^{17}$ Hz,49901454.86353981,1.3572360516190334e-32,
0,line,9,Vegas fwd $1.0\times 10^{17}$ Hz,56030909.61798617,1.1301710974748143e-32,
0,line,9,Vegas fwd $1.0\times 10^{17}$ Hz,62913252.55353957,9.439054056655382e-33,
0,line,9,Vegas fwd $1.0\times 10^{17}$ Hz,70640961.8164559,7.883385916947504e-33,
0,line,9,Vegas fwd $1.0\times 10^{17}$ Hz,79317874.75313465,6.593109824829909e-33,
0,line,9,Vegas fwd $1.0\times 10^{17}$ Hz,89060583.17411506,5.5227706485709486e-33,
0,line,9,Vegas fwd $1.0\times 10^{17}$ Hz,100000000.0,4.626192576310346e-33,
0,line,10,ASGARD rvs $1.0\times 10^{17}$ Hz,1.0,6.2778864885053456e-30,
0,line,10,ASGARD rvs $1.0\times 10^{17}$ Hz,1.1228311834035287,9.15069286628907e-30,
0,line,10,ASGARD rvs $1.0\times 10^{17}$ Hz,1.2607498664233685,1.3250174038165516e-29,
0,line,10,ASGARD rvs $1.0\times 10^{17}$ Hz,1.4156092644919918,1.9845530101282613e-29,
0,line,10,ASGARD rvs $1.0\times 10^{17}$ Hz,1.5894902256865417,2.833042244544561e-29,
0,line,10,ASGARD rvs $1.0\times 10^{17}$ Hz,1.7847291911159615,4.1037020008270076e-29,
0,line,10,ASGARD rvs $1.0\times 10^{17}$ Hz,2.0039495897155577,5.730734815932462e-29,
0,line,10,ASGARD rvs $1.0\times 10^{17}$ Hz,2.2500970893013355,7.844450337130814e-29,
0,line,10,ASGARD rvs $1.0\times 10^{17}$ Hz,2.5264791775530537,1.0532054266392266e-28,
0,line,10,ASGARD rvs $1.0\times 10^{17}$ Hz,2.8368096047762688,1.4311199862389769e-28,
0,line,10,ASGARD rvs $1.0\times 10^{17}$ Hz,3.1852582856214346,1.8920394910239407e-28,
0,line,10,ASGARD rvs $1.0\times 10^{17}$ Hz,3.57650733029021,2.4536614761417772e-28,
0,line,10,ASGARD rvs $1.0\times 10^{17}$ Hz,4.015813958121153,3.2122986410646178e-28,
0,line,10,ASGARD rvs $1.0\times 10^{17}$ Hz,4.509081138925582,4.2114145846618675e-28,
0,line,10,ASGARD rvs $1.0\times 10^{17}$ Hz,5.062936911282342,5.41493105858809e-28,
0,line,10,ASGARD rvs $1.0\times 10^{17}$ Hz,5.684823443592558,6.883620258370071e-28,
0,line,10,ASGARD rvs $1.0\times 10^{17}$ Hz,6.383097034609155,8.839042433935291e-28,
0,line,10,ASGARD rvs $1.0\times 10^{17}$ Hz,7.167140397149751,1.129985190316308e-27,
0,line,10,ASGARD rvs $1.0\times 10^{17}$ Hz,8.04748873375089,1.4322073758964365e-27,
0,line,10,ASGARD rvs $1.0\times 10^{17}$ Hz,9.035971298344078,1.8099752250794783e-27,
0,line,10,ASGARD rvs $1.0\times 10^{17}$ Hz,10.14587034612,2.250906465666188e-27,
0,line,10,ASGARD rvs $1.0\times 10^{17}$ Hz,11.392099607392687,2.725634419563482e-27,
0,line,10,ASGARD rvs $1.0\times 10^{17}$ Hz,12.791404683619605,3.1389481202971625e-27,
0,line,10,ASGARD rvs $1.0\times 10^{17}$ Hz,14.362588058302041,3.2486284528167536e-27,
0,line,10,ASGARD rvs $1.0\times 10^{17}$ Hz,16.12676174624068,3.0695619001221878e-27,
0,line,10,ASGARD rvs $1.0\times 10^{17}$ Hz,18.107630975998173,2.7026562628528193e-27,
0,line,10,ASGARD rvs $1.0\times 10^{17}$ Hz,20.331812717414422,2.2693069501720025e-27,
0,line,10,ASGARD rvs $1.0\times 10^{17}$ Hz,22.82919333423335,1.9027472370246873e-27,
0,line,10,ASGARD rvs $1.0\times 10^{17}$ Hz,25.63333016762518,1.5079679276865572e-27,
0,line,10,ASGARD rvs $1.0\times 10^{17}$ Hz,28.78190244668795,1.2262555730886056e-27,
0,line,10,ASGARD rvs $1.0\times 10^{17}$ Hz,32.31721758481955,9.771287876267474e-28,
0,line,10,ASGARD rvs $1.0\times 10^{17}$ Hz,36.28677966507226,7.710853279707426e-28,
0,line,10,ASGARD rvs $1.0\times 10^{17}$ Hz,40.743927753236186,6.131887971915882e-28,
0,line,10,ASGARD rvs $1.0\times 10^{17}$ Hz,45.74855261567406,4.777919257646235e-28,
0,line,10,ASGARD rvs $1.0\times 10^{17}$ Hz,51.3679014724559,3.777502891878265e-28,
0,line,10,ASGARD rvs $1.0\times 10^{17}$ Hz,57.67748159927351,2.9389251890491354e-28,
0,line,10,ASGARD rvs $1.0\times 10^{17}$ Hz,64.76207491984752,2.273254552334197e-28,
0,line,10,ASGARD rvs $1.0\times 10^{17}$ Hz,72.71687722192038,1.7990724232857586e-28,
0,line,10,ASGARD rvs $1.0\times 10^{17}$ Hz,81.64877730449795,1.3254483747629448e-28,
0,line,10,ASGARD rvs $1.0\times 10^{17}$ Hz,91.67779324426061,1.0476241821925933e-28,
0,line,10,ASGARD rvs $1.0\times 10^{17}$ Hz,102.93868508027717,8.144892641624027e-29,
0,line,10,ASGARD rvs $1.0\times 10^{17}$ Hz,115.58276558669077,6.094695999318859e-29,
0,line,10,ASGARD rvs $1.0\times 10^{17}$ Hz,129.77993346475662,4.7158657755479415e-29,
0,line,10,ASGARD rvs $1.0\times 10^{17}$ Hz,145.7209562742639,3.6577633648931486e-29,
0,line,10,ASGARD rvs $1.0\times 10^{17}$ Hz,163.6200337801256,2.789817966185441e-29,
0,line,10,ASGARD rvs $1.0\times 10^{17}$ Hz,183.71767615786374,2.101969161511765e-29,
0,line,10,ASGARD rvs $1.0\times 10^{17}$ Hz,206.2839357324804,1.5834023255153998e-29,
0,line,10,ASGARD rvs $1.0\times 10^{17}$ Hz,231.6220356756384,1.2033880658593859e-29,
0,line,10,ASGARD rvs $1.0\times 10^{17}$ Hz,260.07244442001166,9.106290892679559e-30,
0,line,10,ASGARD rvs $1.0\times 10^{17}$ Hz,292.0174505387701,6.881310225995525e-30,
0,line,10,ASGARD rvs $1.0\times 10^{17}$ Hz,327.8862995629286,5.186335852489134e-30,
0,line,10,ASGARD rvs $1.0\times 10^{17}$ Hz,368.16096176004703,3.905632194459577e-30,
0,line,10,ASGARD rvs $1.0\times 10^{17}$ Hz,413.38260837601484,2.9402096803755045e-30,
0,line,10,ASGARD rvs $1.0\times 10^{17}$ Hz,464.1588833612782,2.2047660718693904e-30,
0,line,10,ASGARD rvs $1.0\times 10^{17}$ Hz,521.1720682918044,1.6337785273369553e-30,
0,line,10,ASGARD rvs $1.0\times 10^{17}$ Hz,585.1882501969513,1.2431137175711855e-30,
0,line,10,ASGARD rvs $1.0\times 10^{17}$ Hz,657.0676154824831,9.22800407657705e-31,
0,line,10,ASGARD rvs $1.0\times 10^{17}$ Hz,737.7760082683312,6.960784803825905e-31,
0,line,10,ASGARD rvs $1.0\times 10^{17}$ Hz,828.3979084506619,5.1868765131305425e-31,
0,line,10,ASGARD rvs $1.0\times 10^{17}$ Hz,930.1510038746646,3.899474434822613e-31,
0,line,10,ASGARD rvs $1.0\times 10^{17}$ Hz,1044.4025524245699,2.904811176885961e-31,
0,line,10,ASGARD rvs $1.0\times 10^{17}$ Hz,1172.6877538885456,2.171039034269367e-31,
0,line,10,ASGARD rvs $1.0\times 10^{17}$ Hz,1316.7303784615017,1.6267818592611436e-31,
0,line,10,ASGARD rvs $1.0\times 10^{17}$ Hz,1478.465929071304,1.2128864391040207e-31,
0,line,10,ASGARD rvs $1.0\times 10^{17}$ Hz,1660.0676487609296,9.030275644386309e-32,
0,line,10,ASGARD rvs $1.0\times 10^{17}$ Hz,1863.975722588148,6.733879803630092e-32,
0,line,10,ASGARD rvs $1.0\times 10^{17}$ Hz,2092.9300664290977,5.005626443031476e-32,
0,line,10,ASGARD rvs $1.0\times 10^{17}$ Hz,2350.0071432694094,3.713396318982399e-32,
0,line,10,ASGARD rvs $1.0\times 10^{17}$ Hz,2638.6613016839365,2.7576977605624165e-32,
0,line,10,ASGARD rvs $1.0\times 10^{17}$ Hz,2962.77119197087,2.0427087323214797e-32,
0,line,10,ASGARD rvs $1.0\times 10^{17}$ Hz,3326.691883634535,1.5088633134570404e-32,
0,line,10,ASGARD rvs $1.0\times 10^{17}$ Hz,3735.3133845202788,1.1075050842319668e-32,
0,line,10,ASGARD rvs $1.0\times 10^{17}$ Hz,4194.126347923944,8.026000247993438e-33,
0,line,10,ASGARD rvs $1.0\times 10^{17}$ Hz,4709.295850583362,5.647069026000536e-33,
0,line,10,ASGARD rvs $1.0\times 10^{17}$ Hz,5287.744232907843,3.777646087800956e-33,
0,line,10,ASGARD rvs $1.0\times 10^{17}$ Hz,5937.244114571097,2.4115780257931886e-33,
0,line,10,ASGARD rvs $1.0\times 10^{17}$ Hz,6666.522835319501,1.5333809127054656e-33,
0,line,10,ASGARD rvs $1.0\times 10^{17}$ Hz,7485.379724368442,9.83815111523867e-34,
0,line,10,ASGARD rvs $1.0\times 10^{17}$ Hz,8404.817774137397,6.298601089673143e-34,
0,line,10,ASGARD rvs $1.0\times 10^{17}$ Hz,9437.191487625705,3.967174212586043e-34,
0,line,10,ASGARD rvs $1.0\times 10^{17}$ Hz,10596.372886056477,2.4875994231357097e-34,
0,line,10,ASGARD rvs $1.0\times 10^{17}$ Hz,11897.937907435859,1.5549556555556526e-34,
0,line,10,ASGARD rvs $1.0\times 10^{17}$ Hz,13359.375700667906,9.523457321789054e-35,
0,line,10,ASGARD rvs $1.0\times 10^{17}$ Hz,15000.323627513291,5.747282974385332e-35,
0,line,10,ASGARD rvs $1.0\times 10^{17}$ Hz,16842.831130116658,3.4477720811668883e-35,
0,line,10,ASGARD rvs $1.0\times 10^{17}$ Hz,18911.65600969468,1.9945527431256224e-35,
0,line,10,ASGARD rvs $1.0\times 10^{17}$ Hz,21234.59709748593,1.1158594476836651e-35,
0,line,10,ASGARD rvs $1.0\times 10^{17}$ Hz,23842.867788067262,6.149700053529844e-36,
0,line,10,ASGARD rvs $1.0\times 10^{17}$ Hz,26771.51545420944,3.1814954620425614e-36,
0,line,10,ASGARD rvs $1.0\times 10^{17}$ Hz,30059.89237895584,1.5428808611040296e-36,
0,line,10,ASGARD rvs $1.0\times 10^{17}$ Hz,33752.1845328457,7.385043324331002e-37,
0,line,10,ASGARD rvs $1.0\times 10^{17}$ Hz,37898.005301469406,3.3659664156979487e-37,
0,line,10,ASGARD rvs $1.0\times 10^{17}$ Hz,42553.0621412821,1.394132139682317e-37,
0,line,10,ASGARD rvs $1.0\times 10^{17}$ Hz,47779.90512153967,5.627440480579804e-38,
0,line,10,ASGARD rvs $1.0\times 10^{17}$ Hz,53648.76741052671,2.1807823990995633e-38,
0,line,10,ASGARD rvs $1.0\times 10^{17}$ Hz,60238.50899970236,7.223080277900417e-39,
0,line,10,ASGARD rvs $1.0\times 10^{17}$ Hz,67637.67634660006,2.0710389990029112e-39,
0,line,10,ASGARD rvs $1.0\times 10^{17}$ Hz,75945.69217491779,6.197576145193754e-40,
0,line,10,ASGARD rvs $1.0\times 10^{17}$ Hz,85274.19141916305,1.7355954458694873e-40,
0,line,10,ASGARD rvs $1.0\times 10^{17}$ Hz,95748.52126495788,3.431667097761206e-41,
0,line,10,ASGARD rvs $1.0\times 10^{17}$ Hz,107509.42544107056,4.7848774942877965e-42,
0,line,10,ASGARD rvs $1.0\times 10^{17}$ Hz,120714.9353950307,8.121492067923504e-43,
0,line,10,ASGARD rvs $1.0\times 10^{17}$ Hz,135542.4937640828,1.6356690254478998e-43,
0,line,10,ASGARD rvs $1.0\times 10^{17}$ Hz,152191.33867459052,1.1842001068982088e-44,
0,line,10,ASGARD rvs $1.0\times 10^{17}$ Hz,170885.1809077577,5.2911802118839286e-46,
0,line,10,ASGARD rvs $1.0\times 10^{17}$ Hz,191875.20990478364,1.0917682670111853e-46,
0,line,10,ASGARD rvs $1.0\times 10^{17}$ Hz,215443.46900318866,9.632556716646119e-48,
0,line,10,ASGARD rvs $1.0\times 10^{17}$ Hz,241906.64525741176,2.5959009229726766e-49,
0,line,10,ASGARD rvs $1.0\times 10^{17}$ Hz,271620.32476755726,3.8221253952955184e-51,
0,line,10,ASGARD rvs $1.0\times 10^{17}$ Hz,304983.77069520706,1.1155557441473624e-52,
0,line,10,ASGARD rvs $1.0\times 10^{17}$ Hz,342445.2881685698,2.413654565480814e-54,
0,line,10,ASGARD rvs $1.0\times 10^{17}$ Hz,384508.2481652776,6.564354576388976e-57,
0,line,10,ASGARD rvs $1.0\times 10^{17}$ Hz,431737.8513158363,0.0,
0,line,10,ASGARD rvs $1.0\times 10^{17}$ Hz,484768.7225130572,0.0,
0,line,10,ASGARD rvs $1.0\times 10^{17}$ Hz,544313.4383763528,0.0,
0,line,10,ASGARD rvs $1.0\times 10^{17}$ Hz,611172.1021545639,0.0,
0,line,10,ASGARD rvs $1.0\times 10^{17}$ Hz,686243.0947254312,0.0,
0,line,10,ASGARD rvs $1.0\times 10^{17}$ Hz,770535.1461530557,0.0,
0,line,10,ASGARD rvs $1.0\times 10^{17}$ Hz,865180.8900090464,0.0,
0,line,10,ASGARD rvs $1.0\times 10^{17}$ Hz,971452.0825869758,0.0,
0,line,10,ASGARD rvs $1.0\times 10^{17}$ Hz,1090776.6915109565,0.0,
0,line,10,ASGARD rvs $1.0\times 10^{17}$ Hz,1224758.0833582329,0.0,
0,line,10,ASGARD rvs $1.0\times 10^{17}$ Hz,1375196.5681201622,0.0,
0,line,10,ASGARD rvs $1.0\times 10^{17}$ Hz,1544113.5899948329,0.0,
0,line,10,ASGARD rvs $1.0\times 10^{17}$ Hz,1733778.8895633693,0.0,
0,line,10,ASGARD rvs $1.0\times 10^{17}$ Hz,1946741.0023284936,0.0,
0,line,10,ASGARD rvs $1.0\times 10^{17}$ Hz,2185861.5034246743,0.0,
0,line,10,ASGARD rvs $1.0\times 10^{17}$ Hz,2454353.458646543,0.0,
0,line,10,ASGARD rvs $1.0\times 10^{17}$ Hz,2755824.5984626412,0.0,
0,line,10,ASGARD rvs $1.0\times 10^{17}$ Hz,3094325.795144362,0.0,
0,line,10,ASGARD rvs $1.0\times 10^{17}$ Hz,3474405.4943980086,0.0,
0,line,10,ASGARD rvs $1.0\times 10^{17}$ Hz,3901170.8328986377,0.0,
0,line,10,ASGARD rvs $1.0\times 10^{17}$ Hz,4380356.262962907,0.0,
0,line,10,ASGARD rvs $1.0\times 10^{17}$ Hz,4918400.606471699,0.0,
0,line,10,ASGARD rvs $1.0\times 10^{17}$ Hz,5522533.573417251,0.0,
0,line,10,ASGARD rvs $1.0\times 10^{17}$ Hz,6200872.907625809,0.0,
0,line,10,ASGARD rvs $1.0\times 10^{17}$ Hz,6962533.465004367,0.0,
0,line,10,ASGARD rvs $1.0\times 10^{17}$ Hz,7817749.689997524,0.0,
0,line,10,ASGARD rvs $1.0\times 10^{17}$ Hz,8778013.135972489,0.0,
0,line,10,ASGARD rvs $1.0\times 10^{17}$ Hz,9856226.87739571,0.0,
0,line,10,ASGARD rvs $1.0\times 10^{17}$ Hz,11066878.88863989,0.0,
0,line,10,ASGARD rvs $1.0\times 10^{17}$ Hz,12426236.719115056,0.0,
0,line,10,ASGARD rvs $1.0\times 10^{17}$ Hz,13952566.080576338,0.0,
0,line,10,ASGARD rvs $1.0\times 10^{17}$ Hz,15666376.283769464,0.0,
0,line,10,ASGARD rvs $1.0\times 10^{17}$ Hz,17590695.822349843,0.0,
0,line,10,ASGARD rvs $1.0\times 10^{17}$ Hz,19751381.80710058,0.0,
0,line,10,ASGARD rvs $1.0\times 10^{17}$ Hz,22177467.40832167,0.0,
0,line,10,ASGARD rvs $1.0\times 10^{17}$ Hz,24901551.97497901,0.0,
0,line,10,ASGARD rvs $1.0\times 10^{17}$ Hz,27960239.072650153,0.0,
0,line,10,ASGARD rvs $1.0\times 10^{17}$ Hz,31394628.326189354,0.0,
0,line,10,ASGARD rvs $1.0\times 10^{17}$ Hz,35250867.67600913,0.0,
0,line,10,ASGARD rvs $1.0\times 10^{17}$ Hz,39580773.46865453,0.0,
0,line,10,ASGARD rvs $1.0\times 10^{17}$ Hz,44442526.71383636,0.0,
0,line,10,ASGARD rvs $1.0\times 10^{17}$ Hz,49901454.86353981,0.0,
0,line,10,ASGARD rvs $1.0\times 10^{17}$ Hz,56030909.61798617,0.0,
0,line,10,ASGARD rvs $1.0\times 10^{17}$ Hz,62913252.55353957,0.0,
0,line,10,ASGARD rvs $1.0\times 10^{17}$ Hz,70640961.8164559,0.0,
0,line,10,ASGARD rvs $1.0\times 10^{17}$ Hz,79317874.75313465,0.0,
0,line,10,ASGARD rvs $1.0\times 10^{17}$ Hz,89060583.17411506,0.0,
0,line,10,ASGARD rvs $1.0\times 10^{17}$ Hz,100000000.0,0.0,
0,line,11,Vegas rvs $1.0\times 10^{17}$ Hz,1.0,8.359521557468703e-30,
0,line,11,Vegas rvs $1.0\times 10^{17}$ Hz,1.1228311834035287,1.2277820576455039e-29,
0,line,11,Vegas rvs $1.0\times 10^{17}$ Hz,1.2607498664233685,1.7879499651197092e-29,
0,line,11,Vegas rvs $1.0\times 10^{17}$ Hz,1.4156092644919918,2.58231024061454e-29,
0,line,11,Vegas rvs $1.0\times 10^{17}$ Hz,1.5894902256865417,3.6968012761864716e-29,
0,line,11,Vegas rvs $1.0\times 10^{17}$ Hz,1.7847291911159615,5.243324009580024e-29,
0,line,11,Vegas rvs $1.0\times 10^{17}$ Hz,2.0039495897155577,7.370259165922948e-29,
0,line,11,Vegas rvs $1.0\times 10^{17}$ Hz,2.2500970893013355,1.0263247581628085e-28,
0,line,11,Vegas rvs $1.0\times 10^{17}$ Hz,2.5264791775530537,1.4159319716099004e-28,
0,line,11,Vegas rvs $1.0\times 10^{17}$ Hz,2.8368096047762688,1.9364540018833752e-28,
0,line,11,Vegas rvs $1.0\times 10^{17}$ Hz,3.1852582856214346,2.623316596917761e-28,
0,line,11,Vegas rvs $1.0\times 10^{17}$ Hz,3.57650733029021,3.52243912063864e-28,
0,line,11,Vegas rvs $1.0\times 10^{17}$ Hz,4.015813958121153,4.687096750610904e-28,
0,line,11,Vegas rvs $1.0\times 10^{17}$ Hz,4.509081138925582,6.183543806927591e-28,
0,line,11,Vegas rvs $1.0\times 10^{17}$ Hz,5.062936911282342,8.091600975053503e-28,
0,line,11,Vegas rvs $1.0\times 10^{17}$ Hz,5.684823443592558,1.0505441757214838e-27,
0,line,11,Vegas rvs $1.0\times 10^{17}$ Hz,6.383097034609155,1.3525657272414728e-27,
0,line,11,Vegas rvs $1.0\times 10^{17}$ Hz,7.167140397149751,1.7237737971833745e-27,
0,line,11,Vegas rvs $1.0\times 10^{17}$ Hz,8.04748873375089,2.1523762305828924e-27,
0,line,11,Vegas rvs $1.0\times 10^{17}$ Hz,9.035971298344078,2.59960901760887e-27,
0,line,11,Vegas rvs $1.0\times 10^{17}$ Hz,10.14587034612,3.0054262252956282e-27,
0,line,11,Vegas rvs $1.0\times 10^{17}$ Hz,11.392099607392687,3.301456406875024e-27,
0,line,11,Vegas rvs $1.0\times 10^{17}$ Hz,12.791404683619605,3.423202997884877e-27,
0,line,11,Vegas rvs $1.0\times 10^{17}$ Hz,14.362588058302041,3.323886111680528e-27,
0,line,11,Vegas rvs $1.0\times 10^{17}$ Hz,16.12676174624068,3.0662366322904403e-27,
0,line,11,Vegas rvs $1.0\times 10^{17}$ Hz,18.107630975998173,2.752012793401579e-27,
0,line,11,Vegas rvs $1.0\times 10^{17}$ Hz,20.331812717414422,2.5317282673609658e-27,
0,line,11,Vegas rvs $1.0\times 10^{17}$ Hz,22.82919333423335,2.3716276401435263e-27,
0,line,11,Vegas rvs $1.0\times 10^{17}$ Hz,25.63333016762518,2.2234699177643708e-27,
0,line,11,Vegas rvs $1.0\times 10^{17}$ Hz,28.78190244668795,2.050529628826289e-27,
0,line,11,Vegas rvs $1.0\times 10^{17}$ Hz,32.31721758481955,1.860765911866807e-27,
0,line,11,Vegas rvs $1.0\times 10^{17}$ Hz,36.28677966507226,1.70555306182527e-27,
0,line,11,Vegas rvs $1.0\times 10^{17}$ Hz,40.743927753236186,1.5144323363395996e-27,
0,line,11,Vegas rvs $1.0\times 10^{17}$ Hz,45.74855261567406,1.3243926429557552e-27,
0,line,11,Vegas rvs $1.0\times 10^{17}$ Hz,51.3679014724559,1.1676400125368004e-27,
0,line,11,Vegas rvs $1.0\times 10^{17}$ Hz,57.67748159927351,9.933968357921807e-28,
0,line,11,Vegas rvs $1.0\times 10^{17}$ Hz,64.76207491984752,8.6151683654663e-28,
0,line,11,Vegas rvs $1.0\times 10^{17}$ Hz,72.71687722192038,7.18943562565169e-28,
0,line,11,Vegas rvs $1.0\times 10^{17}$ Hz,81.64877730449795,6.074443633094933e-28,
0,line,11,Vegas rvs $1.0\times 10^{17}$ Hz,91.67779324426061,5.082520808271284e-28,
0,line,11,Vegas rvs $1.0\times 10^{17}$ Hz,102.93868508027717,4.134871898477701e-28,
0,line,11,Vegas rvs $1.0\times 10^{17}$ Hz,115.58276558669077,3.476382473075492e-28,
0,line,11,Vegas rvs $1.0\times 10^{17}$ Hz,129.77993346475662,2.762494108209989e-28,
0,line,11,Vegas rvs $1.0\times 10^{17}$ Hz,145.7209562742639,2.310255728932998e-28,
0,line,11,Vegas rvs $1.0\times 10^{17}$ Hz,163.6200337801256,1.8507403092919606e-28,
0,line,11,Vegas rvs $1.0\times 10^{17}$ Hz,183.71767615786374,1.5034647122517447e-28,
0,line,11,Vegas rvs $1.0\times 10^{17}$ Hz,206.2839357324804,1.2067221293063224e-28,
0,line,11,Vegas rvs $1.0\times 10^{17}$ Hz,231.6220356756384,9.586527457299446e-29,
0,line,11,Vegas rvs $1.0\times 10^{17}$ Hz,260.07244442001166,7.728119760170305e-29,
0,line,11,Vegas rvs $1.0\times 10^{17}$ Hz,292.0174505387701,6.056893275635362e-29,
0,line,11,Vegas rvs $1.0\times 10^{17}$ Hz,327.8862995629286,4.856607700141105e-29,
0,line,11,Vegas rvs $1.0\times 10^{17}$ Hz,368.16096176004703,3.7771607124777493e-29,
0,line,11,Vegas rvs $1.0\times 10^{17}$ Hz,413.38260837601484,3.009575930896244e-29,
0,line,11,Vegas rvs $1.0\times 10^{17}$ Hz,464.1588833612782,2.3325101337450976e-29,
0,line,11,Vegas rvs $1.0\times 10^{17}$ Hz,521.1720682918044,1.8404109337720857e-29,
0,line,11,Vegas rvs $1.0\times 10^{17}$ Hz,585.1882501969513,1.4255759050917863e-29,
0,line,11,Vegas rvs $1.0\times 10^{17}$ Hz,657.0676154824831,1.1128172683338383e-29,
0,line,11,Vegas rvs $1.0\times 10^{17}$ Hz,737.7760082683312,8.584976234309223e-30,
0,line,11,Vegas rvs $1.0\times 10^{17}$ Hz,828.3979084506619,6.701867863155206e-30,
0,line,11,Vegas rvs $1.0\times 10^{17}$ Hz,930.1510038746646,5.119943903376699e-30,
0,line,11,Vegas rvs $1.0\times 10^{17}$ Hz,1044.4025524245699,3.965231560529704e-30,
0,line,11,Vegas rvs $1.0\times 10^{17}$ Hz,1172.6877538885456,3.041438355369074e-30,
0,line,11,Vegas rvs $1.0\times 10^{17}$ Hz,1316.7303784615017,2.3210316406953733e-30,
0,line,11,Vegas rvs $1.0\times 10^{17}$ Hz,1478.465929071304,1.788927234791228e-30,
0,line,11,Vegas rvs $1.0\times 10^{17}$ Hz,1660.0676487609296,1.3621027711526354e-30,
0,line,11,Vegas rvs $1.0\times 10^{17}$ Hz,1863.975722588148,1.0365169051915727e-30,
0,line,11,Vegas rvs $1.0\times 10^{17}$ Hz,2092.9300664290977,7.916952888576326e-31,
0,line,11,Vegas rvs $1.0\times 10^{17}$ Hz,2350.0071432694094,6.048187212673123e-31,
0,line,11,Vegas rvs $1.0\times 10^{17}$ Hz,2638.6613016839365,4.579207721524943e-31,
0,line,11,Vegas rvs $1.0\times 10^{17}$ Hz,2962.77119197087,3.4652306318470363e-31,
0,line,11,Vegas rvs $1.0\times 10^{17}$ Hz,3326.691883634535,2.6220102604697068e-31,
0,line,11,Vegas rvs $1.0\times 10^{17}$ Hz,3735.3133845202788,1.982994045610537e-31,
0,line,11,Vegas rvs $1.0\times 10^{17}$ Hz,4194.126347923944,1.4983267240846033e-31,
0,line,11,Vegas rvs $1.0\times 10^{17}$ Hz,4709.295850583362,1.128989121733347e-31,
0,line,11,Vegas rvs $1.0\times 10^{17}$ Hz,5287.744232907843,8.481725025690754e-32,
0,line,11,Vegas rvs $1.0\times 10^{17}$ Hz,5937.244114571097,6.365009611558206e-32,
0,line,11,Vegas rvs $1.0\times 10^{17}$ Hz,6666.522835319501,4.7378938445089686e-32,
0,line,11,Vegas rvs $1.0\times 10^{17}$ Hz,7485.379724368442,3.4559060786317153e-32,
0,line,11,Vegas rvs $1.0\times 10^{17}$ Hz,8404.817774137397,2.4538604956838523e-32,
0,line,11,Vegas rvs $1.0\times 10^{17}$ Hz,9437.191487625705,1.6803221659885783e-32,
0,line,11,Vegas rvs $1.0\times 10^{17}$ Hz,10596.372886056477,1.1041404272954333e-32,
0,line,11,Vegas rvs $1.0\times 10^{17}$ Hz,11897.937907435859,7.061388635891408e-33,
0,line,11,Vegas rvs $1.0\times 10^{17}$ Hz,13359.375700667906,4.4985016469082536e-33,
0,line,11,Vegas rvs $1.0\times 10^{17}$ Hz,15000.323627513291,2.862341349218801e-33,
0,line,11,Vegas rvs $1.0\times 10^{17}$ Hz,16842.831130116658,1.815476484620078e-33,
0,line,11,Vegas rvs $1.0\times 10^{17}$ Hz,18911.65600969468,1.1428547795932669e-33,
0,line,11,Vegas rvs $1.0\times 10^{17}$ Hz,21234.59709748593,7.121237360622074e-34,
0,line,11,Vegas rvs $1.0\times 10^{17}$ Hz,23842.867788067262,4.380544014063488e-34,
0,line,11,Vegas rvs $1.0\times 10^{17}$ Hz,26771.51545420944,2.6553563931631136e-34,
0,line,11,Vegas rvs $1.0\times 10^{17}$ Hz,30059.89237895584,1.585445469721249e-34,
0,line,11,Vegas rvs $1.0\times 10^{17}$ Hz,33752.1845328457,9.330588871213475e-35,
0,line,11,Vegas rvs $1.0\times 10^{17}$ Hz,37898.005301469406,5.423521401148733e-35,
0,line,11,Vegas rvs $1.0\times 10^{17}$ Hz,42553.0621412821,3.1216285850083254e-35,
0,line,11,Vegas rvs $1.0\times 10^{17}$ Hz,47779.90512153967,1.785032901641237e-35,
0,line,11,Vegas rvs $1.0\times 10^{17}$ Hz,53648.76741052671,1.0171016227067818e-35,
0,line,11,Vegas rvs $1.0\times 10^{17}$ Hz,60238.50899970236,5.7909281310881294e-36,
0,line,11,Vegas rvs $1.0\times 10^{17}$ Hz,67637.67634660006,3.3008237210561615e-36,
0,line,11,Vegas rvs $1.0\times 10^{17}$ Hz,75945.69217491779,1.8858611754856472e-36,
0,line,11,Vegas rvs $1.0\times 10^{17}$ Hz,85274.19141916305,1.0806292324919338e-36,
0,line,11,Vegas rvs $1.0\times 10^{17}$ Hz,95748.52126495788,6.209278434929515e-37,
0,line,11,Vegas rvs $1.0\times 10^{17}$ Hz,107509.42544107056,3.576962326039662e-37,
0,line,11,Vegas rvs $1.0\times 10^{17}$ Hz,120714.9353950307,2.0631127676805724e-37,
0,line,11,Vegas rvs $1.0\times 10^{17}$ Hz,135542.4937640828,1.1899916404209416e-37,
0,line,11,Vegas rvs $1.0\times 10^{17}$ Hz,152191.33867459052,6.853186703207237e-38,
0,line,11,Vegas rvs $1.0\times 10^{17}$ Hz,170885.1809077577,3.92975926320628e-38,
0,line,11,Vegas rvs $1.0\times 10^{17}$ Hz,191875.20990478364,2.2389613729476435e-38,
0,line,11,Vegas rvs $1.0\times 10^{17}$ Hz,215443.46900318866,1.2635222697220431e-38,
0,line,11,Vegas rvs $1.0\times 10^{17}$ Hz,241906.64525741176,7.021816605596921e-39,
0,line,11,Vegas rvs $1.0\times 10^{17}$ Hz,271620.32476755726,3.841148430314937e-39,
0,line,11,Vegas rvs $1.0\times 10^{17}$ Hz,304983.77069520706,2.0411621007912023e-39,
0,line,11,Vegas rvs $1.0\times 10^{17}$ Hz,342445.2881685698,1.0540329978216273e-39,
0,line,11,Vegas rvs $1.0\times 10^{17}$ Hz,384508.2481652776,5.204493375968801e-40,
0,line,11,Vegas rvs $1.0\times 10^{17}$ Hz,431737.8513158363,2.442820465979569e-40,
0,line,11,Vegas rvs $1.0\times 10^{17}$ Hz,484768.7225130572,1.0646771645794107e-40,
0,line,11,Vegas rvs $1.0\times 10^{17}$ Hz,544313.4383763528,4.321276607022488e-41,
0,line,11,Vegas rvs $1.0\times 10^{17}$ Hz,611172.1021545639,1.51330299693815e-41,
0,line,11,Vegas rvs $1.0\times 10^{17}$ Hz,686243.0947254312,4.920077768269081e-42,
0,line,11,Vegas rvs $1.0\times 10^{17}$ Hz,770535.1461530557,1.2412330048262476e-42,
0,line,11,Vegas rvs $1.0\times 10^{17}$ Hz,865180.8900090464,2.6838541953373176e-43,
0,line,11,Vegas rvs $1.0\times 10^{17}$ Hz,971452.0825869758,4.513207019452205e-44,
0,line,11,Vegas rvs $1.0\times 10^{17}$ Hz,1090776.6915109565,4.488457883866854e-45,
0,line,11,Vegas rvs $1.0\times 10^{17}$ Hz,1224758.0833582329,4.077579771813926e-46,
0,line,11,Vegas rvs $1.0\times 10^{17}$ Hz,1375196.5681201622,1.3240778867933027e-47,
0,line,11,Vegas rvs $1.0\times 10^{17}$ Hz,1544113.5899948329,3.2464548806643443e-49,
0,line,11,Vegas rvs $1.0\times 10^{17}$ Hz,1733778.8895633693,3.141163125174709e-51,
0,line,11,Vegas rvs $1.0\times 10^{17}$ Hz,1946741.0023284936,6.421385923592895e-54,
0,line,11,Vegas rvs $1.0\times 10^{17}$ Hz,2185861.5034246743,1.1948503228441635e-56,
0,line,11,Vegas rvs $1.0\times 10^{17}$ Hz,2454353.458646543,5.6003421111123455e-61,
0,line,11,Vegas rvs $1.0\times 10^{17}$ Hz,2755824.5984626412,1.3866206011097485e-65,
0,line,11,Vegas rvs $1.0\times 10^{17}$ Hz,3094325.795144362,1.829148055778386e-71,
0,line,11,Vegas rvs $1.0\times 10^{17}$ Hz,3474405.4943980086,1.6875324875959616e-79,
0,line,11,Vegas rvs $1.0\times 10^{17}$ Hz,3901170.8328986377,1.5326485188475594e-87,
0,line,11,Vegas rvs $1.0\times 10^{17}$ Hz,4380356.262962907,7.49995946116082e-101,
0,line,11,Vegas rvs $1.0\times 10^{17}$ Hz,4918400.606471699,5.136526038953386e-115,
0,line,11,Vegas rvs $1.0\times 10^{17}$ Hz,5522533.573417251,5.216889208505142e-133,
0,line,11,Vegas rvs $1.0\times 10^{17}$ Hz,6200872.907625809,3.3932938946011723e-158,
0,line,11,Vegas rvs $1.0\times 10^{17}$ Hz,6962533.465004367,2.243892846121613e-183,
0,line,11,Vegas rvs $1.0\times 10^{17}$ Hz,7817749.689997524,5.465024194752375e-225,
0,line,11,Vegas rvs $1.0\times 10^{17}$ Hz,8778013.135972489,4.722561206326357e-270,
0,line,11,Vegas rvs $1.0\times 10^{17}$ Hz,9856226.87739571,0.0,
0,line,11,Vegas rvs $1.0\times 10^{17}$ Hz,11066878.88863989,0.0,
0,line,11,Vegas rvs $1.0\times 10^{17}$ Hz,12426236.719115056,0.0,
0,line,11,Vegas rvs $1.0\times 10^{17}$ Hz,13952566.080576338,0.0,
0,line,11,Vegas rvs $1.0\times 10^{17}$ Hz,15666376.283769464,0.0,
0,line,11,Vegas rvs $1.0\times 10^{17}$ Hz,17590695.822349843,0.0,
0,line,11,Vegas rvs $1.0\times 10^{17}$ Hz,19751381.80710058,0.0,
0,line,11,Vegas rvs $1.0\times 10^{17}$ Hz,22177467.40832167,0.0,
0,line,11,Vegas rvs $1.0\times 10^{17}$ Hz,24901551.97497901,0.0,
0,line,11,Vegas rvs $1.0\times 10^{17}$ Hz,27960239.072650153,0.0,
0,line,11,Vegas rvs $1.0\times 10^{17}$ Hz,31394628.326189354,0.0,
0,line,11,Vegas rvs $1.0\times 10^{17}$ Hz,35250867.67600913,0.0,
0,line,11,Vegas rvs $1.0\times 10^{17}$ Hz,39580773.46865453,0.0,
0,line,11,Vegas rvs $1.0\times 10^{17}$ Hz,44442526.71383636,0.0,
0,line,11,Vegas rvs $1.0\times 10^{17}$ Hz,49901454.86353981,0.0,
0,line,11,Vegas rvs $1.0\times 10^{17}$ Hz,56030909.61798617,0.0,
0,line,11,Vegas rvs $1.0\times 10^{17}$ Hz,62913252.55353957,0.0,
0,line,11,Vegas rvs $1.0\times 10^{17}$ Hz,70640961.8164559,0.0,
0,line,11,Vegas rvs $1.0\times 10^{17}$ Hz,79317874.75313465,0.0,
0,line,11,Vegas rvs $1.0\times 10^{17}$ Hz,89060583.17411506,0.0,
0,line,11,Vegas rvs $1.0\times 10^{17}$ Hz,100000000.0,0.0,
