axis,kind,series,label,x,y,value
0,image,0,_child0,0,0,nan
0,image,0,_child0,1,0,nan
0,image,0,_child0,2,0,nan
0,image,0,_child0,3,0,nan
0,image,0,_child0,4,0,nan
0,image,0,_child0,5,0,nan
0,image,0,_child0,6,0,nan
0,image,0,_child0,7,0,nan
0,image,0,_child0,8,0,nan
0,image,0,_child0,9,0,nan
0,image,0,_child0,10,0,nan
0,image,0,_child0,11,0,nan
0,image,0,_child0,12,0,nan
0,image,0,_child0,13,0,nan
0,image,0,_child0,14,0,nan
0,image,0,_child0,15,0,nan
0,image,0,_child0,16,0,nan
0,image,0,_child0,17,0,nan
0,image,0,_child0,18,0,nan
0,image,0,_child0,19,0,nan
0,image,0,_child0,20,0,nan
0,image,0,_child0,21,0,nan
0,image,0,_child0,22,0,nan
0,image,0,_child0,23,0,nan
0,image,0,_child0,24,0,nan
0,image,0,_child0,25,0,nan
0,image,0,_child0,26,0,nan
0,image,0,_child0,27,0,nan
0,image,0,_child0,28,0,nan
0,image,0,_child0,29,0,nan
0,image,0,_child0,30,0,nan
0,image,0,_child0,31,0,nan
0,image,0,_child0,32,0,nan
0,image,0,_child0,33,0,nan
0,image,0,_child0,34,0,nan
0,image,0,_child0,35,0,nan
0,image,0,_child0,36,0,nan
0,image,0,_child0,37,0,nan
0,image,0,_child0,38,0,nan
0,image,0,_child0,39,0,nan
0,image,0,_child0,40,0,nan
0,image,0,_child0,41,0,nan
0,image,0,_child0,42,0,nan
0,image,0,_child0,43,0,nan
0,image,0,_child0,44,0,nan
0,image,0,_child0,45,0,nan
0,image,0,_child0,46,0,nan
0,image,0,_child0,47,0,nan
0,image,0,_child0,0,1,nan
0,image,0,_child0,1,1,nan
0,image,0,_child0,2,1,nan
0,image,0,_child0,3,1,nan
0,image,0,_child0,4,1,nan
0,image,0,_child0,5,1,nan
0,image,0,_child0,6,1,nan
0,image,0,_child0,7,1,nan
0,image,0,_child0,8,1,nan
0,image,0,_child0,9,1,nan
0,image,0,_child0,10,1,nan
0,image,0,_child0,11,1,nan
0,image,0,_child0,12,1,nan
0,image,0,_child0,13,1,nan
0,image,0,_child0,14,1,nan
0,image,0,_child0,15,1,nan
0,image,0,_child0,16,1,nan
0,image,0,_child0,17,1,nan
0,image,0,_child0,18,1,nan
0,image,0,_child0,19,1,nan
0,image,0,_child0,20,1,nan
0,image,0,_child0,21,1,nan
0,image,0,_child0,22,1,nan
0,image,0,_child0,23,1,nan
0,image,0,_child0,24,1,nan
0,image,0,_child0,25,1,nan
0,image,0,_child0,26,1,nan
0,image,0,_child0,27,1,nan
0,image,0,_child0,28,1,nan
0,image,0,_child0,29,1,nan
0,image,0,_child0,30,1,nan
0,image,0,_child0,31,1,nan
0,image,0,_child0,32,1,nan
0,image,0,_child0,33,1,nan
0,image,0,_child0,34,1,nan
0,image,0,_child0,35,1,nan
0,image,0,_child0,36,1,nan
0,image,0,_child0,37,1,nan
0,image,0,_child0,38,1,nan
0,image,0,_child0,39,1,nan
0,image,0,_child0,40,1,nan
0,image,0,_child0,41,1,nan
0,image,0,_child0,42,1,nan
0,image,0,_child0,43,1,nan
0,image,0,_child0,44,1,nan
0,image,0,_child0,45,1,nan
0,image,0,_child0,46,1,nan
0,image,0,_child0,47,1,nan
0,image,0,_child0,0,2,nan
0,image,0,_child0,1,2,nan
0,image,0,_child0,2,2,nan
0,image,0,_child0,3,2,nan
0,image,0,_child0,4,2,nan
0,image,0,_child0,5,2,nan
0,image,0,_child0,6,2,nan
0,image,0,_child0,7,2,nan
0,image,0,_child0,8,2,nan
0,image,0,_child0,9,2,nan
0,image,0,_child0,10,2,nan
0,image,0,_child0,11,2,nan
0,image,0,_child0,12,2,nan
0,image,0,_child0,13,2,nan
0,image,0,_child0,14,2,nan
0,image,0,_child0,15,2,nan
0,image,0,_child0,16,2,nan
0,image,0,_child0,17,2,nan
0,image,0,_child0,18,2,nan
0,image,0,_child0,19,2,nan
0,image,0,_child0,20,2,nan
0,image,0,_child0,21,2,nan
0,image,0,_child0,22,2,nan
0,image,0,_child0,23,2,nan
0,image,0,_child0,24,2,nan
0,image,0,_child0,25,2,nan
0,image,0,_child0,26,2,nan
0,image,0,_child0,27,2,nan
0,image,0,_child0,28,2,nan
0,image,0,_child0,29,2,nan
0,image,0,_child0,30,2,nan
0,image,0,_child0,31,2,nan
0,image,0,_child0,32,2,nan
0,image,0,_child0,33,2,nan
0,image,0,_child0,34,2,nan
0,image,0,_child0,35,2,nan
0,image,0,_child0,36,2,nan
0,image,0,_child0,37,2,nan
0,image,0,_child0,38,2,nan
0,image,0,_child0,39,2,nan
0,image,0,_child0,40,2,nan
0,image,0,_child0,41,2,nan
0,image,0,_child0,42,2,nan
0,image,0,_child0,43,2,nan
0,image,0,_child0,44,2,nan
0,image,0,_child0,45,2,nan
0,image,0,_child0,46,2,nan
0,image,0,_child0,47,2,nan
0,image,0,_child0,0,3,nan
0,image,0,_child0,1,3,nan
0,image,0,_child0,2,3,nan
0,image,0,_child0,3,3,nan
0,image,0,_child0,4,3,nan
0,image,0,_child0,5,3,nan
0,image,0,_child0,6,3,nan
0,image,0,_child0,7,3,nan
0,image,0,_child0,8,3,nan
0,image,0,_child0,9,3,nan
0,image,0,_child0,10,3,nan
0,image,0,_child0,11,3,nan
0,image,0,_child0,12,3,nan
0,image,0,_child0,13,3,nan
0,image,0,_child0,14,3,nan
0,image,0,_child0,15,3,nan
0,image,0,_child0,16,3,nan
0,image,0,_child0,17,3,nan
0,image,0,_child0,18,3,nan
0,image,0,_child0,19,3,nan
0,image,0,_child0,20,3,nan
0,image,0,_child0,21,3,nan
0,image,0,_child0,22,3,nan
0,image,0,_child0,23,3,nan
0,image,0,_child0,24,3,nan
0,image,0,_child0,25,3,nan
0,image,0,_child0,26,3,nan
0,image,0,_child0,27,3,nan
0,image,0,_child0,28,3,nan
0,image,0,_child0,29,3,nan
0,image,0,_child0,30,3,nan
0,image,0,_child0,31,3,nan
0,image,0,_child0,32,3,nan
0,image,0,_child0,33,3,nan
0,image,0,_child0,34,3,nan
0,image,0,_child0,35,3,nan
0,image,0,_child0,36,3,nan
0,image,0,_child0,37,3,nan
0,image,0,_child0,38,3,nan
0,image,0,_child0,39,3,nan
0,image,0,_child0,40,3,nan
0,image,0,_child0,41,3,nan
0,image,0,_child0,42,3,nan
0,image,0,_child0,43,3,nan
0,image,0,_child0,44,3,nan
0,image,0,_child0,45,3,nan
0,image,0,_child0,46,3,nan
0,image,0,_child0,47,3,nan
0,image,0,_child0,0,4,nan
0,image,0,_child0,1,4,nan
0,image,0,_child0,2,4,nan
0,image,0,_child0,3,4,nan
0,image,0,_child0,4,4,nan
0,image,0,_child0,5,4,nan
0,image,0,_child0,6,4,nan
0,image,0,_child0,7,4,nan
0,image,0,_child0,8,4,nan
0,image,0,_child0,9,4,nan
0,image,0,_child0,10,4,nan
0,image,0,_child0,11,4,nan
0,image,0,_child0,12,4,nan
0,image,0,_child0,13,4,nan
0,image,0,_child0,14,4,nan
0,image,0,_child0,15,4,nan
0,image,0,_child0,16,4,nan
0,image,0,_child0,17,4,nan
0,image,0,_child0,18,4,nan
0,image,0,_child0,19,4,nan
0,image,0,_child0,20,4,nan
0,image,0,_child0,21,4,nan
0,image,0,_child0,22,4,nan
0,image,0,_child0,23,4,nan
0,image,0,_child0,24,4,nan
0,image,0,_child0,25,4,nan
0,image,0,_child0,26,4,nan
0,image,0,_child0,27,4,nan
0,image,0,_child0,28,4,nan
0,image,0,_child0,29,4,nan
0,image,0,_child0,30,4,nan
0,image,0,_child0,31,4,nan
0,image,0,_child0,32,4,nan
0,image,0,_child0,33,4,nan
0,image,0,_child0,34,4,nan
0,image,0,_child0,35,4,nan
0,image,0,_child0,36,4,nan
0,image,0,_child0,37,4,nan
0,image,0,_child0,38,4,nan
0,image,0,_child0,39,4,nan
0,image,0,_child0,40,4,nan
0,image,0,_child0,41,4,nan
0,image,0,_child0,42,4,nan
0,image,0,_child0,43,4,nan
0,image,0,_child0,44,4,nan
0,image,0,_child0,45,4,nan
0,image,0,_child0,46,4,nan
0,image,0,_child0,47,4,nan
0,image,0,_child0,0,5,nan
0,image,0,_child0,1,5,nan
0,image,0,_child0,2,5,nan
0,image,0,_child0,3,5,nan
0,image,0,_child0,4,5,nan
0,image,0,_child0,5,5,nan
0,image,0,_child0,6,5,nan
0,image,0,_child0,7,5,nan
0,image,0,_child0,8,5,nan
0,image,0,_child0,9,5,nan
0,image,0,_child0,10,5,nan
0,image,0,_child0,11,5,nan
0,image,0,_child0,12,5,nan
0,image,0,_child0,13,5,nan
0,image,0,_child0,14,5,nan
0,image,0,_child0,15,5,nan
0,image,0,_child0,16,5,nan
0,image,0,_child0,17,5,nan
0,image,0,_child0,18,5,nan
0,image,0,_child0,19,5,6.584910821547455e-13
0,image,0,_child0,20,5,1.9112655160853623e-12
0,image,0,_child0,21,5,5.669847786603396e-12
0,image,0,_child0,22,5,5.669847786603396e-12
0,image,0,_child0,23,5,5.669847786603396e-12
0,image,0,_child0,24,5,5.669847786603396e-12
0,image,0,_child0,25,5,5.669847786603396e-12
0,image,0,_child0,26,5,5.669847786603396e-12
0,image,0,_child0,27,5,1.9112655160853623e-12
0,image,0,_child0,28,5,6.584910821547455e-13
0,image,0,_child0,29,5,nan
0,image,0,_child0,30,5,nan
0,image,0,_child0,31,5,nan
0,image,0,_child0,32,5,nan
0,image,0,_child0,33,5,nan
0,image,0,_child0,34,5,nan
0,image,0,_child0,35,5,nan
0,image,0,_child0,36,5,nan
0,image,0,_child0,37,5,nan
0,image,0,_child0,38,5,nan
0,image,0,_child0,39,5,nan
0,image,0,_child0,40,5,nan
0,image,0,_child0,41,5,nan
0,image,0,_child0,42,5,nan
0,image,0,_child0,43,5,nan
0,image,0,_child0,44,5,nan
0,image,0,_child0,45,5,nan
0,image,0,_child0,46,5,nan
0,image,0,_child0,47,5,nan
0,image,0,_child0,0,6,nan
0,image,0,_child0,1,6,nan
0,image,0,_child0,2,6,nan
0,image,0,_child0,3,6,nan
0,image,0,_child0,4,6,nan
0,image,0,_child0,5,6,nan
0,image,0,_child0,6,6,nan
0,image,0,_child0,7,6,nan
0,image,0,_child0,8,6,nan
0,image,0,_child0,9,6,nan
0,image,0,_child0,10,6,nan
0,image,0,_child0,11,6,nan
0,image,0,_child0,12,6,nan
0,image,0,_child0,13,6,nan
0,image,0,_child0,14,6,nan
0,image,0,_child0,15,6,nan
0,image,0,_child0,16,6,6.584910821547455e-13
0,image,0,_child0,17,6,5.669847786603396e-12
0,image,0,_child0,18,6,1.2581201190012793e-11
0,image,0,_child0,19,6,2.875012672448428e-11
0,image,0,_child0,20,6,6.105201441850333e-11
0,image,0,_child0,21,6,1.1576312210994999e-10
0,image,0,_child0,22,6,1.1576312210994999e-10
0,image,0,_child0,23,6,1.1576312210994999e-10
0,image,0,_child0,24,6,1.1576312210994999e-10
0,image,0,_child0,25,6,1.1576312210994999e-10
0,image,0,_child0,26,6,1.1576312210994999e-10
0,image,0,_child0,27,6,6.105201441850333e-11
0,image,0,_child0,28,6,2.875012672448428e-11
0,image,0,_child0,29,6,1.2581201190012793e-11
0,image,0,_child0,30,6,5.669847786603396e-12
0,image,0,_child0,31,6,6.584910821547455e-13
0,image,0,_child0,32,6,nan
0,image,0,_child0,33,6,nan
0,image,0,_child0,34,6,nan
0,image,0,_child0,35,6,nan
0,image,0,_child0,36,6,nan
0,image,0,_child0,37,6,nan
0,image,0,_child0,38,6,nan
0,image,0,_child0,39,6,nan
0,image,0,_child0,40,6,nan
0,image,0,_child0,41,6,nan
0,image,0,_child0,42,6,nan
0,image,0,_child0,43,6,nan
0,image,0,_child0,44,6,nan
0,image,0,_child0,45,6,nan
0,image,0,_child0,46,6,nan
0,image,0,_child0,47,6,nan
0,image,0,_child0,0,7,nan
0,image,0,_child0,1,7,nan
0,image,0,_child0,2,7,nan
0,image,0,_child0,3,7,nan
0,image,0,_child0,4,7,nan
0,image,0,_child0,5,7,nan
0,image,0,_child0,6,7,nan
0,image,0,_child0,7,7,nan
0,image,0,_child0,8,7,nan
0,image,0,_child0,9,7,nan
0,image,0,_child0,10,7,nan
0,image,0,_child0,11,7,nan
0,image,0,_child0,12,7,nan
0,image,0,_child0,13,7,nan
0,image,0,_child0,14,7,6.584910821547455e-13
0,image,0,_child0,15,7,5.669847786603396e-12
0,image,0,_child0,16,7,2.875012672448428e-11
0,image,0,_child0,17,7,1.1576312210994999e-10
0,image,0,_child0,18,7,2.36536510829312e-10
0,image,0,_child0,19,7,3.971760273644555e-10
0,image,0,_child0,20,7,7.082341409068854e-10
0,image,0,_child0,21,7,1.2314775953344967e-09
0,image,0,_child0,22,7,1.2314775953344967e-09
0,image,0,_child0,23,7,1.2314775953344967e-09
0,image,0,_child0,24,7,1.2314775953344967e-09
0,image,0,_child0,25,7,1.2314775953344967e-09
0,image,0,_child0,26,7,1.2314775953344967e-09
0,image,0,_child0,27,7,7.082341409068854e-10
0,image,0,_child0,28,7,3.971760273644555e-10
0,image,0,_child0,29,7,2.36536510829312e-10
0,image,0,_child0,30,7,1.1576312210994999e-10
0,image,0,_child0,31,7,2.875012672448428e-11
0,image,0,_child0,32,7,5.669847786603396e-12
0,image,0,_child0,33,7,6.584910821547455e-13
0,image,0,_child0,34,7,nan
0,image,0,_child0,35,7,nan
0,image,0,_child0,36,7,nan
0,image,0,_child0,37,7,nan
0,image,0,_child0,38,7,nan
0,image,0,_child0,39,7,nan
0,image,0,_child0,40,7,nan
0,image,0,_child0,41,7,nan
0,image,0,_child0,42,7,nan
0,image,0,_child0,43,7,nan
0,image,0,_child0,44,7,nan
0,image,0,_child0,45,7,nan
0,image,0,_child0,46,7,nan
0,image,0,_child0,47,7,nan
0,image,0,_child0,0,8,nan
0,image,0,_child0,1,8,nan
0,image,0,_child0,2,8,nan
0,image,0,_child0,3,8,nan
0,image,0,_child0,4,8,nan
0,image,0,_child0,5,8,nan
0,image,0,_child0,6,8,nan
0,image,0,_child0,7,8,nan
0,image,0,_child0,8,8,nan
0,image,0,_child0,9,8,nan
0,image,0,_child0,10,8,nan
0,image,0,_child0,11,8,nan
0,image,0,_child0,12,8,nan
0,image,0,_child0,13,8,5.669847786603396e-12
0,image,0,_child0,14,8,2.875012672448428e-11
0,image,0,_child0,15,8,1.1576312210994999e-10
0,image,0,_child0,16,8,3.971760273644555e-10
0,image,0,_child0,17,8,7.082341409068854e-10
0,image,0,_child0,18,8,1.755432274282758e-09
0,image,0,_child0,19,8,2.38863400289075e-09
0,image,0,_child0,20,8,3.2242405888732265e-09
0,image,0,_child0,21,8,4.590763517601818e-09
0,image,0,_child0,22,8,4.590763517601818e-09
0,image,0,_child0,23,8,4.590763517601818e-09
0,image,0,_child0,24,8,4.590763517601818e-09
0,image,0,_child0,25,8,4.590763517601818e-09
0,image,0,_child0,26,8,4.590763517601818e-09
0,image,0,_child0,27,8,3.2242405888732265e-09
0,image,0,_child0,28,8,2.38863400289075e-09
0,image,0,_child0,29,8,1.755432274282758e-09
0,image,0,_child0,30,8,7.082341409068854e-10
0,image,0,_child0,31,8,3.971760273644555e-10
0,image,0,_child0,32,8,1.1576312210994999e-10
0,image,0,_child0,33,8,2.875012672448428e-11
0,image,0,_child0,34,8,5.669847786603396e-12
0,image,0,_child0,35,8,nan
0,image,0,_child0,36,8,nan
0,image,0,_child0,37,8,nan
0,image,0,_child0,38,8,nan
0,image,0,_child0,39,8,nan
0,image,0,_child0,40,8,nan
0,image,0,_child0,41,8,nan
0,image,0,_child0,42,8,nan
0,image,0,_child0,43,8,nan
0,image,0,_child0,44,8,nan
0,image,0,_child0,45,8,nan
0,image,0,_child0,46,8,nan
0,image,0,_child0,47,8,nan
0,image,0,_child0,0,9,nan
0,image,0,_child0,1,9,nan
0,image,0,_child0,2,9,nan
0,image,0,_child0,3,9,nan
0,image,0,_child0,4,9,nan
0,image,0,_child0,5,9,nan
0,image,0,_child0,6,9,nan
0,image,0,_child0,7,9,nan
0,image,0,_child0,8,9,nan
0,image,0,_child0,9,9,nan
0,image,0,_child0,10,9,nan
0,image,0,_child0,11,9,6.584910821547455e-13
0,image,0,_child0,12,9,5.669847786603396e-12
0,image,0,_child0,13,9,6.105201441850333e-11
0,image,0,_child0,14,9,2.36536510829312e-10
0,image,0,_child0,15,9,7.082341409068854e-10
0,image,0,_child0,16,9,1.755432274282758e-09
0,image,0,_child0,17,9,3.2242405888732265e-09
0,image,0,_child0,18,9,4.590763517601818e-09
0,image,0,_child0,19,9,6.705328188804403e-09
0,image,0,_child0,20,9,7.756167383083108e-09
0,image,0,_child0,21,9,9.181431409653072e-09
0,image,0,_child0,22,9,9.181431409653072e-09
0,image,0,_child0,23,9,9.181431409653072e-09
0,image,0,_child0,24,9,9.181431409653072e-09
0,image,0,_child0,25,9,9.181431409653072e-09
0,image,0,_child0,26,9,9.181431409653072e-09
0,image,0,_child0,27,9,7.756167383083108e-09
0,image,0,_child0,28,9,6.705328188804403e-09
0,image,0,_child0,29,9,4.590763517601818e-09
0,image,0,_child0,30,9,3.2242405888732265e-09
0,image,0,_child0,31,9,1.755432274282758e-09
0,image,0,_child0,32,9,7.082341409068854e-10
0,image,0,_child0,33,9,2.36536510829312e-10
0,image,0,_child0,34,9,6.105201441850333e-11
0,image,0,_child0,35,9,5.669847786603396e-12
0,image,0,_child0,36,9,6.584910821547455e-13
0,image,0,_child0,37,9,nan
0,image,0,_child0,38,9,nan
0,image,0,_child0,39,9,nan
0,image,0,_child0,40,9,nan
0,image,0,_child0,41,9,nan
0,image,0,_child0,42,9,nan
0,image,0,_child0,43,9,nan
0,image,0,_child0,44,9,nan
0,image,0,_child0,45,9,nan
0,image,0,_child0,46,9,nan
0,image,0,_child0,47,9,nan
0,image,0,_child0,0,10,nan
0,image,0,_child0,1,10,nan
0,image,0,_child0,2,10,nan
0,image,0,_child0,3,10,nan
0,image,0,_child0,4,10,nan
0,image,0,_child0,5,10,nan
0,image,0,_child0,6,10,nan
0,image,0,_child0,7,10,nan
0,image,0,_child0,8,10,nan
0,image,0,_child0,9,10,nan
0,image,0,_child0,10,10,6.584910821547455e-13
0,image,0,_child0,11,10,1.2581201190012793e-11
0,image,0,_child0,12,10,1.1576312210994999e-10
0,image,0,_child0,13,10,3.971760273644555e-10
0,image,0,_child0,14,10,1.2314775953344967e-09
0,image,0,_child0,15,10,3.2242405888732265e-09
0,image,0,_child0,16,10,5.28878690605939e-09
0,image,0,_child0,17,10,7.756167383083108e-09
0,image,0,_child0,18,10,9.181431409653072e-09
0,image,0,_child0,19,10,1.0608473084020015e-08
0,image,0,_child0,20,10,1.1122928059638804e-08
0,image,0,_child0,21,10,1.1663825861318588e-08
0,image,0,_child0,22,10,1.1663825861318588e-08
0,image,0,_child0,23,10,1.1663825861318588e-08
0,image,0,_child0,24,10,1.1663825861318588e-08
0,image,0,_child0,25,10,1.1663825861318588e-08
0,image,0,_child0,26,10,1.1663825861318588e-08
0,image,0,_child0,27,10,1.1122928059638804e-08
0,image,0,_child0,28,10,1.0608473084020015e-08
0,image,0,_child0,29,10,9.181431409653072e-09
0,image,0,_child0,30,10,7.756167383083108e-09
0,image,0,_child0,31,10,5.28878690605939e-09
0,image,0,_child0,32,10,3.2242405888732265e-09
0,image,0,_child0,33,10,1.2314775953344967e-09
0,image,0,_child0,34,10,3.971760273644555e-10
0,image,0,_child0,35,10,1.1576312210994999e-10
0,image,0,_child0,36,10,1.2581201190012793e-11
0,image,0,_child0,37,10,6.584910821547455e-13
0,image,0,_child0,38,10,nan
0,image,0,_child0,39,10,nan
0,image,0,_child0,40,10,nan
0,image,0,_child0,41,10,nan
0,image,0,_child0,42,10,nan
0,image,0,_child0,43,10,nan
0,image,0,_child0,44,10,nan
0,image,0,_child0,45,10,nan
0,image,0,_child0,46,10,nan
0,image,0,_child0,47,10,nan
0,image,0,_child0,0,11,nan
0,image,0,_child0,1,11,nan
0,image,0,_child0,2,11,nan
0,image,0,_child0,3,11,nan
0,image,0,_child0,4,11,nan
0,image,0,_child0,5,11,nan
0,image,0,_child0,6,11,nan
0,image,0,_child0,7,11,nan
0,image,0,_child0,8,11,nan
0,image,0,_child0,9,11,6.584910821547455e-13
0,image,0,_child0,10,11,1.2581201190012793e-11
0,image,0,_child0,11,11,1.1576312210994999e-10
0,image,0,_child0,12,11,7.082341409068854e-10
0,image,0,_child0,13,11,1.755432274282758e-09
0,image,0,_child0,14,11,4.590763517601818e-09
0,image,0,_child0,15,11,6.705328188804403e-09
0,image,0,_child0,16,11,9.181431409653072e-09
0,image,0,_child0,17,11,1.0608473084020015e-08
0,image,0,_child0,18,11,1.1663825861318588e-08
0,image,0,_child0,19,11,1.196038909524169e-08
0,image,0,_child0,20,11,1.2170107350956844e-08
0,image,0,_child0,21,11,1.2227719239784969e-08
0,image,0,_child0,22,11,1.2227719239784969e-08
0,image,0,_child0,23,11,1.2227719239784969e-08
0,image,0,_child0,24,11,1.2227719239784969e-08
0,image,0,_child0,25,11,1.2227719239784969e-08
0,image,0,_child0,26,11,1.2227719239784969e-08
0,image,0,_child0,27,11,1.2170107350956844e-08
0,image,0,_child0,28,11,1.196038909524169e-08
0,image,0,_child0,29,11,1.1663825861318588e-08
0,image,0,_child0,30,11,1.0608473084020015e-08
0,image,0,_child0,31,11,9.181431409653072e-09
0,image,0,_child0,32,11,6.705328188804403e-09
0,image,0,_child0,33,11,4.590763517601818e-09
0,image,0,_child0,34,11,1.755432274282758e-09
0,image,0,_child0,35,11,7.082341409068854e-10
0,image,0,_child0,36,11,1.1576312210994999e-10
0,image,0,_child0,37,11,1.2581201190012793e-11
0,image,0,_child0,38,11,6.584910821547455e-13
0,image,0,_child0,39,11,nan
0,image,0,_child0,40,11,nan
0,image,0,_child0,41,11,nan
0,image,0,_child0,42,11,nan
0,image,0,_child0,43,11,nan
0,image,0,_child0,44,11,nan
0,image,0,_child0,45,11,nan
0,image,0,_child0,46,11,nan
0,image,0,_child0,47,11,nan
0,image,0,_child0,0,12,nan
0,image,0,_child0,1,12,nan
0,image,0,_child0,2,12,nan
0,image,0,_child0,3,12,nan
0,image,0,_child0,4,12,nan
0,image,0,_child0,5,12,nan
0,image,0,_child0,6,12,nan
0,image,0,_child0,7,12,nan
0,image,0,_child0,8,12,nan
0,image,0,_child0,9,12,5.669847786603396e-12
0,image,0,_child0,10,12,1.1576312210994999e-10
0,image,0,_child0,11,12,7.082341409068854e-10
0,image,0,_child0,12,12,1.755432274282758e-09
0,image,0,_child0,13,12,4.590763517601818e-09
0,image,0,_child0,14,12,7.756167383083108e-09
0,image,0,_child0,15,12,1.0206008045737529e-08
0,image,0,_child0,16,12,1.1663825861318588e-08
0,image,0,_child0,17,12,1.2050654256972604e-08
0,image,0,_child0,18,12,1.2227719239784969e-08
0,image,0,_child0,19,12,1.2252210543153315e-08
0,image,0,_child0,20,12,1.2249570593661016e-08
0,image,0,_child0,21,12,1.2238958876854596e-08
0,image,0,_child0,22,12,1.222403690544664e-08
0,image,0,_child0,23,12,1.222403690544664e-08
0,image,0,_child0,24,12,1.222403690544664e-08
0,image,0,_child0,25,12,1.222403690544664e-08
0,image,0,_child0,26,12,1.2238958876854596e-08
0,image,0,_child0,27,12,1.2249570593661016e-08
0,image,0,_child0,28,12,1.2252210543153315e-08
0,image,0,_child0,29,12,1.2227719239784969e-08
0,image,0,_child0,30,12,1.2050654256972604e-08
0,image,0,_child0,31,12,1.1663825861318588e-08
0,image,0,_child0,32,12,1.0206008045737529e-08
0,image,0,_child0,33,12,7.756167383083108e-09
0,image,0,_child0,34,12,4.590763517601818e-09
0,image,0,_child0,35,12,1.755432274282758e-09
0,image,0,_child0,36,12,7.082341409068854e-10
0,image,0,_child0,37,12,1.1576312210994999e-10
0,image,0,_child0,38,12,5.669847786603396e-12
0,image,0,_child0,39,12,nan
0,image,0,_child0,40,12,nan
0,image,0,_child0,41,12,nan
0,image,0,_child0,42,12,nan
0,image,0,_child0,43,12,nan
0,image,0,_child0,44,12,nan
0,image,0,_child0,45,12,nan
0,image,0,_child0,46,12,nan
0,image,0,_child0,47,12,nan
0,image,0,_child0,0,13,nan
0,image,0,_child0,1,13,nan
0,image,0,_child0,2,13,nan
0,image,0,_child0,3,13,nan
0,image,0,_child0,4,13,nan
0,image,0,_child0,5,13,nan
0,image,0,_child0,6,13,nan
0,image,0,_child0,7,13,nan
0,image,0,_child0,8,13,5.669847786603396e-12
0,image,0,_child0,9,13,6.105201441850333e-11
0,image,0,_child0,10,13,3.971760273644555e-10
0,image,0,_child0,11,13,1.755432274282758e-09
0,image,0,_child0,12,13,4.590763517601818e-09
0,image,0,_child0,13,13,7.756167383083108e-09
0,image,0,_child0,14,13,1.0608473084020015e-08
0,image,0,_child0,15,13,1.1663825861318588e-08
0,image,0,_child0,16,13,1.2170107350956844e-08
0,image,0,_child0,17,13,1.2252210543153315e-08
0,image,0,_child0,18,13,1.2238958876854596e-08
0,image,0,_child0,19,13,1.2214229401392884e-08
0,image,0,_child0,20,13,1.2194918812040484e-08
0,image,0,_child0,21,13,1.2183806043526849e-08
0,image,0,_child0,22,13,1.2165746044502373e-08
0,image,0,_child0,23,13,1.2165746044502373e-08
0,image,0,_child0,24,13,1.2165746044502373e-08
0,image,0,_child0,25,13,1.2165746044502373e-08
0,image,0,_child0,26,13,1.2183806043526849e-08
0,image,0,_child0,27,13,1.2194918812040484e-08
0,image,0,_child0,28,13,1.2214229401392884e-08
0,image,0,_child0,29,13,1.2238958876854596e-08
0,image,0,_child0,30,13,1.2252210543153315e-08
0,image,0,_child0,31,13,1.2170107350956844e-08
0,image,0,_child0,32,13,1.1663825861318588e-08
0,image,0,_child0,33,13,1.0608473084020015e-08
0,image,0,_child0,34,13,7.756167383083108e-09
0,image,0,_child0,35,13,4.590763517601818e-09
0,image,0,_child0,36,13,1.755432274282758e-09
0,image,0,_child0,37,13,3.971760273644555e-10
0,image,0,_child0,38,13,6.105201441850333e-11
0,image,0,_child0,39,13,5.669847786603396e-12
0,image,0,_child0,40,13,nan
0,image,0,_child0,41,13,nan
0,image,0,_child0,42,13,nan
0,image,0,_child0,43,13,nan
0,image,0,_child0,44,13,nan
0,image,0,_child0,45,13,nan
0,image,0,_child0,46,13,nan
0,image,0,_child0,47,13,nan
0,image,0,_child0,0,14,nan
0,image,0,_child0,1,14,nan
0,image,0,_child0,2,14,nan
0,image,0,_child0,3,14,nan
0,image,0,_child0,4,14,nan
0,image,0,_child0,5,14,nan
0,image,0,_child0,6,14,nan
0,image,0,_child0,7,14,6.584910821547455e-13
0,image,0,_child0,8,14,2.875012672448428e-11
0,image,0,_child0,9,14,2.36536510829312e-10
0,image,0,_child0,10,14,1.2314775953344967e-09
0,image,0,_child0,11,14,4.590763517601818e-09
0,image,0,_child0,12,14,7.756167383083108e-09
0,image,0,_child0,13,14,1.0608473084020015e-08
0,image,0,_child0,14,14,1.196038909524169e-08
0,image,0,_child0,15,14,1.2227719239784969e-08
0,image,0,_child0,16,14,1.2249570593661016e-08
0,image,0,_child0,17,14,1.222403690544664e-08
0,image,0,_child0,18,14,1.2183806043526849e-08
0,image,0,_child0,19,14,1.2165746044502373e-08
0,image,0,_child0,20,14,1.213909230498222e-08
0,image,0,_child0,21,14,1.2126095070620908e-08
0,image,0,_child0,22,14,1.2109930347134075e-08
0,image,0,_child0,23,14,1.2109930347134075e-08
0,image,0,_child0,24,14,1.2109930347134075e-08
0,image,0,_child0,25,14,1.2109930347134075e-08
0,image,0,_child0,26,14,1.2126095070620908e-08
0,image,0,_child0,27,14,1.213909230498222e-08
0,image,0,_child0,28,14,1.2165746044502373e-08
0,image,0,_child0,29,14,1.2183806043526849e-08
0,image,0,_child0,30,14,1.222403690544664e-08
0,image,0,_child0,31,14,1.2249570593661016e-08
0,image,0,_child0,32,14,1.2227719239784969e-08
0,image,0,_child0,33,14,1.196038909524169e-08
0,image,0,_child0,34,14,1.0608473084020015e-08
0,image,0,_child0,35,14,7.756167383083108e-09
0,image,0,_child0,36,14,4.590763517601818e-09
0,image,0,_child0,37,14,1.2314775953344967e-09
0,image,0,_child0,38,14,2.36536510829312e-10
0,image,0,_child0,39,14,2.875012672448428e-11
0,image,0,_child0,40,14,6.584910821547455e-13
0,image,0,_child0,41,14,nan
0,image,0,_child0,42,14,nan
0,image,0,_child0,43,14,nan
0,image,0,_child0,44,14,nan
0,image,0,_child0,45,14,nan
0,image,0,_child0,46,14,nan
0,image,0,_child0,47,14,nan
0,image,0,_child0,0,15,nan
0,image,0,_child0,1,15,nan
0,image,0,_child0,2,15,nan
0,image,0,_child0,3,15,nan
0,image,0,_child0,4,15,nan
0,image,0,_child0,5,15,nan
0,image,0,_child0,6,15,nan
0,image,0,_child0,7,15,5.669847786603396e-12
0,image,0,_child0,8,15,1.1576312210994999e-10
0,image,0,_child0,9,15,7.082341409068854e-10
0,image,0,_child0,10,15,3.2242405888732265e-09
0,image,0,_child0,11,15,6.705328188804403e-09
0,image,0,_child0,12,15,1.0206008045737529e-08
0,image,0,_child0,13,15,1.1663825861318588e-08
0,image,0,_child0,14,15,1.2227719239784969e-08
0,image,0,_child0,15,15,1.2249570593661016e-08
0,image,0,_child0,16,15,1.2214229401392884e-08
0,image,0,_child0,17,15,1.2165746044502373e-08
0,image,0,_child0,18,15,1.213909230498222e-08
0,image,0,_child0,19,15,1.2109930347134075e-08
0,image,0,_child0,20,15,1.209043506680598e-08
0,image,0,_child0,21,15,1.207483792280741e-08
0,image,0,_child0,22,15,1.2062646156878846e-08
0,image,0,_child0,23,15,1.2062646156878846e-08
0,image,0,_child0,24,15,1.2062646156878846e-08
0,image,0,_child0,25,15,1.2062646156878846e-08
0,image,0,_child0,26,15,1.207483792280741e-08
0,image,0,_child0,27,15,1.209043506680598e-08
0,image,0,_child0,28,15,1.2109930347134075e-08
0,image,0,_child0,29,15,1.213909230498222e-08
0,image,0,_child0,30,15,1.2165746044502373e-08
0,image,0,_child0,31,15,1.2214229401392884e-08
0,image,0,_child0,32,15,1.2249570593661016e-08
0,image,0,_child0,33,15,1.2227719239784969e-08
0,image,0,_child0,34,15,1.1663825861318588e-08
0,image,0,_child0,35,15,1.0206008045737529e-08
0,image,0,_child0,36,15,6.705328188804403e-09
0,image,0,_child0,37,15,3.2242405888732265e-09
0,image,0,_child0,38,15,7.082341409068854e-10
0,image,0,_child0,39,15,1.1576312210994999e-10
0,image,0,_child0,40,15,5.669847786603396e-12
0,image,0,_child0,41,15,nan
0,image,0,_child0,42,15,nan
0,image,0,_child0,43,15,nan
0,image,0,_child0,44,15,nan
0,image,0,_child0,45,15,nan
0,image,0,_child0,46,15,nan
0,image,0,_child0,47,15,nan
0,image,0,_child0,0,16,nan
0,image,0,_child0,1,16,nan
0,image,0,_child0,2,16,nan
0,image,0,_child0,3,16,nan
0,image,0,_child0,4,16,nan
0,image,0,_child0,5,16,nan
0,image,0,_child0,6,16,6.584910821547455e-13
0,image,0,_child0,7,16,2.875012672448428e-11
0,image,0,_child0,8,16,3.971760273644555e-10
0,image,0,_child0,9,16,1.755432274282758e-09
0,image,0,_child0,10,16,5.28878690605939e-09
0,image,0,_child0,11,16,9.181431409653072e-09
0,image,0,_child0,12,16,1.1663825861318588e-08
0,image,0,_child0,13,16,1.2170107350956844e-08
0,image,0,_child0,14,16,1.2249570593661016e-08
0,image,0,_child0,15,16,1.2214229401392884e-08
0,image,0,_child0,16,16,1.2165746044502373e-08
0,image,0,_child0,17,16,1.2126095070620908e-08
0,image,0,_child0,18,16,1.2096113978257117e-08
0,image,0,_child0,19,16,1.2062646156878846e-08
0,image,0,_child0,20,16,1.2048585008187416e-08
0,image,0,_child0,21,16,1.2031911844148972e-08
0,image,0,_child0,22,16,1.202002472865865e-08
0,image,0,_child0,23,16,1.202002472865865e-08
0,image,0,_child0,24,16,1.202002472865865e-08
0,image,0,_child0,25,16,1.202002472865865e-08
0,image,0,_child0,26,16,1.2031911844148972e-08
0,image,0,_child0,27,16,1.2048585008187416e-08
0,image,0,_child0,28,16,1.2062646156878846e-08
0,image,0,_child0,29,16,1.2096113978257117e-08
0,image,0,_child0,30,16,1.2126095070620908e-08
0,image,0,_child0,31,16,1.2165746044502373e-08
0,image,0,_child0,32,16,1.2214229401392884e-08
0,image,0,_child0,33,16,1.2249570593661016e-08
0,image,0,_child0,34,16,1.2170107350956844e-08
0,image,0,_child0,35,16,1.1663825861318588e-08
0,image,0,_child0,36,16,9.181431409653072e-09
0,image,0,_child0,37,16,5.28878690605939e-09
0,image,0,_child0,38,16,1.755432274282758e-09
0,image,0,_child0,39,16,3.971760273644555e-10
0,image,0,_child0,40,16,2.875012672448428e-11
0,image,0,_child0,41,16,6.584910821547455e-13
0,image,0,_child0,42,16,nan
0,image,0,_child0,43,16,nan
0,image,0,_child0,44,16,nan
0,image,0,_child0,45,16,nan
0,image,0,_child0,46,16,nan
0,image,0,_child0,47,16,nan
0,image,0,_child0,0,17,nan
0,image,0,_child0,1,17,nan
0,image,0,_child0,2,17,nan
0,image,0,_child0,3,17,nan
0,image,0,_child0,4,17,nan
0,image,0,_child0,5,17,nan
0,image,0,_child0,6,17,5.669847786603396e-12
0,image,0,_child0,7,17,1.1576312210994999e-10
0,image,0,_child0,8,17,7.082341409068854e-10
0,image,0,_child0,9,17,3.2242405888732265e-09
0,image,0,_child0,10,17,7.756167383083108e-09
0,image,0,_child0,11,17,1.0608473084020015e-08
0,image,0,_child0,12,17,1.2050654256972604e-08
0,image,0,_child0,13,17,1.2252210543153315e-08
0,image,0,_child0,14,17,1.222403690544664e-08
0,image,0,_child0,15,17,1.2165746044502373e-08
0,image,0,_child0,16,17,1.2126095070620908e-08
0,image,0,_child0,17,17,1.209043506680598e-08
0,image,0,_child0,18,17,1.2062646156878846e-08
0,image,0,_child0,19,17,1.2031911844148972e-08
0,image,0,_child0,20,17,1.2012602540741653e-08
0,image,0,_child0,21,17,1.1996556953188565e-08
0,image,0,_child0,22,17,1.1983876679003693e-08
0,image,0,_child0,23,17,1.1983876679003693e-08
0,image,0,_child0,24,17,1.1983876679003693e-08
0,image,0,_child0,25,17,1.1983876679003693e-08
0,image,0,_child0,26,17,1.1996556953188565e-08
0,image,0,_child0,27,17,1.2012602540741653e-08
0,image,0,_child0,28,17,1.2031911844148972e-08
0,image,0,_child0,29,17,1.2062646156878846e-08
0,image,0,_child0,30,17,1.209043506680598e-08
0,image,0,_child0,31,17,1.2126095070620908e-08
0,image,0,_child0,32,17,1.2165746044502373e-08
0,image,0,_child0,33,17,1.222403690544664e-08
0,image,0,_child0,34,17,1.2252210543153315e-08
0,image,0,_child0,35,17,1.2050654256972604e-08
0,image,0,_child0,36,17,1.0608473084020015e-08
0,image,0,_child0,37,17,7.756167383083108e-09
0,image,0,_child0,38,17,3.2242405888732265e-09
0,image,0,_child0,39,17,7.082341409068854e-10
0,image,0,_child0,40,17,1.1576312210994999e-10
0,image,0,_child0,41,17,5.669847786603396e-12
0,image,0,_child0,42,17,nan
0,image,0,_child0,43,17,nan
0,image,0,_child0,44,17,nan
0,image,0,_child0,45,17,nan
0,image,0,_child0,46,17,nan
0,image,0,_child0,47,17,nan
0,image,0,_child0,0,18,nan
0,image,0,_child0,1,18,nan
0,image,0,_child0,2,18,nan
0,image,0,_child0,3,18,nan
0,image,0,_child0,4,18,nan
0,image,0,_child0,5,18,nan
0,image,0,_child0,6,18,1.2581201190012793e-11
0,image,0,_child0,7,18,2.36536510829312e-10
0,image,0,_child0,8,18,1.755432274282758e-09
0,image,0,_child0,9,18,4.590763517601818e-09
0,image,0,_child0,10,18,9.181431409653072e-09
0,image,0,_child0,11,18,1.1663825861318588e-08
0,image,0,_child0,12,18,1.2227719239784969e-08
0,image,0,_child0,13,18,1.2238958876854596e-08
0,image,0,_child0,14,18,1.2183806043526849e-08
0,image,0,_child0,15,18,1.213909230498222e-08
0,image,0,_child0,16,18,1.2096113978257117e-08
0,image,0,_child0,17,18,1.2062646156878846e-08
0,image,0,_child0,18,18,1.2031911844148972e-08
0,image,0,_child0,19,18,1.2002513529326232e-08
0,image,0,_child0,20,18,1.1983876679003693e-08
0,image,0,_child0,21,18,1.196759920008775e-08
0,image,0,_child0,22,18,1.1956317278744497e-08
0,image,0,_child0,23,18,1.1956317278744497e-08
0,image,0,_child0,24,18,1.1956317278744497e-08
0,image,0,_child0,25,18,1.1956317278744497e-08
0,image,0,_child0,26,18,1.196759920008775e-08
0,image,0,_child0,27,18,1.1983876679003693e-08
0,image,0,_child0,28,18,1.2002513529326232e-08
0,image,0,_child0,29,18,1.2031911844148972e-08
0,image,0,_child0,30,18,1.2062646156878846e-08
0,image,0,_child0,31,18,1.2096113978257117e-08
0,image,0,_child0,32,18,1.213909230498222e-08
0,image,0,_child0,33,18,1.2183806043526849e-08
0,image,0,_child0,34,18,1.2238958876854596e-08
0,image,0,_child0,35,18,1.2227719239784969e-08
0,image,0,_child0,36,18,1.1663825861318588e-08
0,image,0,_child0,37,18,9.181431409653072e-09
0,image,0,_child0,38,18,4.590763517601818e-09
0,image,0,_child0,39,18,1.755432274282758e-09
0,image,0,_child0,40,18,2.36536510829312e-10
0,image,0,_child0,41,18,1.2581201190012793e-11
0,image,0,_child0,42,18,nan
0,image,0,_child0,43,18,nan
0,image,0,_child0,44,18,nan
0,image,0,_child0,45,18,nan
0,image,0,_child0,46,18,nan
0,image,0,_child0,47,18,nan
0,image,0,_child0,0,19,nan
0,image,0,_child0,1,19,nan
0,image,0,_child0,2,19,nan
0,image,0,_child0,3,19,nan
0,image,0,_child0,4,19,nan
0,image,0,_child0,5,19,6.584910821547455e-13
0,image,0,_child0,6,19,2.875012672448428e-11
0,image,0,_child0,7,19,3.971760273644555e-10
0,image,0,_child0,8,19,2.38863400289075e-09
0,image,0,_child0,9,19,6.705328188804403e-09
0,image,0,_child0,10,19,1.0608473084020015e-08
0,image,0,_child0,11,19,1.196038909524169e-08
0,image,0,_child0,12,19,1.2252210543153315e-08
0,image,0,_child0,13,19,1.2214229401392884e-08
0,image,0,_child0,14,19,1.2165746044502373e-08
0,image,0,_child0,15,19,1.2109930347134075e-08
0,image,0,_child0,16,19,1.2062646156878846e-08
0,image,0,_child0,17,19,1.2031911844148972e-08
0,image,0,_child0,18,19,1.2002513529326232e-08
0,image,0,_child0,19,19,1.1977225212103021e-08
0,image,0,_child0,20,19,1.1956317278744497e-08
0,image,0,_child0,21,19,1.1943617342656614e-08
0,image,0,_child0,22,19,1.1932545444435746e-08
0,image,0,_child0,23,19,1.1932545444435746e-08
0,image,0,_child0,24,19,1.1932545444435746e-08
0,image,0,_child0,25,19,1.1932545444435746e-08
0,image,0,_child0,26,19,1.1943617342656614e-08
0,image,0,_child0,27,19,1.1956317278744497e-08
0,image,0,_child0,28,19,1.1977225212103021e-08
0,image,0,_child0,29,19,1.2002513529326232e-08
0,image,0,_child0,30,19,1.2031911844148972e-08
0,image,0,_child0,31,19,1.2062646156878846e-08
0,image,0,_child0,32,19,1.2109930347134075e-08
0,image,0,_child0,33,19,1.2165746044502373e-08
0,image,0,_child0,34,19,1.2214229401392884e-08
0,image,0,_child0,35,19,1.2252210543153315e-08
0,image,0,_child0,36,19,1.196038909524169e-08
0,image,0,_child0,37,19,1.0608473084020015e-08
0,image,0,_child0,38,19,6.705328188804403e-09
0,image,0,_child0,39,19,2.38863400289075e-09
0,image,0,_child0,40,19,3.971760273644555e-10
0,image,0,_child0,41,19,2.875012672448428e-11
0,image,0,_child0,42,19,6.584910821547455e-13
0,image,0,_child0,43,19,nan
0,image,0,_child0,44,19,nan
0,image,0,_child0,45,19,nan
0,image,0,_child0,46,19,nan
0,image,0,_child0,47,19,nan
0,image,0,_child0,0,20,nan
0,image,0,_child0,1,20,nan
0,image,0,_child0,2,20,nan
0,image,0,_child0,3,20,nan
0,image,0,_child0,4,20,nan
0,image,0,_child0,5,20,1.9112655160853623e-12
0,image,0,_child0,6,20,6.105201441850333e-11
0,image,0,_child0,7,20,7.082341409068854e-10
0,image,0,_child0,8,20,3.2242405888732265e-09
0,image,0,_child0,9,20,7.756167383083108e-09
0,image,0,_child0,10,20,1.1122928059638804e-08
0,image,0,_child0,11,20,1.2170107350956844e-08
0,image,0,_child0,12,20,1.2249570593661016e-08
0,image,0,_child0,13,20,1.2194918812040484e-08
0,image,0,_child0,14,20,1.213909230498222e-08
0,image,0,_child0,15,20,1.209043506680598e-08
0,image,0,_child0,16,20,1.2048585008187416e-08
0,image,0,_child0,17,20,1.2012602540741653e-08
0,image,0,_child0,18,20,1.1983876679003693e-08
0,image,0,_child0,19,20,1.1956317278744497e-08
0,image,0,_child0,20,20,1.1939179106425868e-08
0,image,0,_child0,21,20,1.192674442160665e-08
0,image,0,_child0,22,20,1.192084409816585e-08
0,image,0,_child0,23,20,1.1919068786732376e-08
0,image,0,_child0,24,20,1.1919068786732376e-08
0,image,0,_child0,25,20,1.192084409816585e-08
0,image,0,_child0,26,20,1.192674442160665e-08
0,image,0,_child0,27,20,1.1939179106425868e-08
0,image,0,_child0,28,20,1.1956317278744497e-08
0,image,0,_child0,29,20,1.1983876679003693e-08
0,image,0,_child0,30,20,1.2012602540741653e-08
0,image,0,_child0,31,20,1.2048585008187416e-08
0,image,0,_child0,32,20,1.209043506680598e-08
0,image,0,_child0,33,20,1.213909230498222e-08
0,image,0,_child0,34,20,1.2194918812040484e-08
0,image,0,_child0,35,20,1.2249570593661016e-08
0,image,0,_child0,36,20,1.2170107350956844e-08
0,image,0,_child0,37,20,1.1122928059638804e-08
0,image,0,_child0,38,20,7.756167383083108e-09
0,image,0,_child0,39,20,3.2242405888732265e-09
0,image,0,_child0,40,20,7.082341409068854e-10
0,image,0,_child0,41,20,6.105201441850333e-11
0,image,0,_child0,42,20,1.9112655160853623e-12
0,image,0,_child0,43,20,nan
0,image,0,_child0,44,20,nan
0,image,0,_child0,45,20,nan
0,image,0,_child0,46,20,nan
0,image,0,_child0,47,20,nan
0,image,0,_child0,0,21,nan
0,image,0,_child0,1,21,nan
0,image,0,_child0,2,21,nan
0,image,0,_child0,3,21,nan
0,image,0,_child0,4,21,nan
0,image,0,_child0,5,21,5.669847786603396e-12
0,image,0,_child0,6,21,1.1576312210994999e-10
0,image,0,_child0,7,21,1.2314775953344967e-09
0,image,0,_child0,8,21,4.590763517601818e-09
0,image,0,_child0,9,21,9.181431409653072e-09
0,image,0,_child0,10,21,1.1663825861318588e-08
0,image,0,_child0,11,21,1.2227719239784969e-08
0,image,0,_child0,12,21,1.2238958876854596e-08
0,image,0,_child0,13,21,1.2183806043526849e-08
0,image,0,_child0,14,21,1.2126095070620908e-08
0,image,0,_child0,15,21,1.207483792280741e-08
0,image,0,_child0,16,21,1.2031911844148972e-08
0,image,0,_child0,17,21,1.1996556953188565e-08
0,image,0,_child0,18,21,1.196759920008775e-08
0,image,0,_child0,19,21,1.1943617342656614e-08
0,image,0,_child0,20,21,1.192674442160665e-08
0,image,0,_child0,21,21,1.1919068786732376e-08
0,image,0,_child0,22,21,1.1920567083773706e-08
0,image,0,_child0,23,21,1.192533214422437e-08
0,image,0,_child0,24,21,1.192533214422437e-08
0,image,0,_child0,25,21,1.1920567083773706e-08
0,image,0,_child0,26,21,1.1919068786732376e-08
0,image,0,_child0,27,21,1.192674442160665e-08
0,image,0,_child0,28,21,1.1943617342656614e-08
0,image,0,_child0,29,21,1.196759920008775e-08
0,image,0,_child0,30,21,1.1996556953188565e-08
0,image,0,_child0,31,21,1.2031911844148972e-08
0,image,0,_child0,32,21,1.207483792280741e-08
0,image,0,_child0,33,21,1.2126095070620908e-08
0,image,0,_child0,34,21,1.2183806043526849e-08
0,image,0,_child0,35,21,1.2238958876854596e-08
0,image,0,_child0,36,21,1.2227719239784969e-08
0,image,0,_child0,37,21,1.1663825861318588e-08
0,image,0,_child0,38,21,9.181431409653072e-09
0,image,0,_child0,39,21,4.590763517601818e-09
0,image,0,_child0,40,21,1.2314775953344967e-09
0,image,0,_child0,41,21,1.1576312210994999e-10
0,image,0,_child0,42,21,5.669847786603396e-12
0,image,0,_child0,43,21,nan
0,image,0,_child0,44,21,nan
0,image,0,_child0,45,21,nan
0,image,0,_child0,46,21,nan
0,image,0,_child0,47,21,nan
0,image,0,_child0,0,22,nan
0,image,0,_child0,1,22,nan
0,image,0,_child0,2,22,nan
0,image,0,_child0,3,22,nan
0,image,0,_child0,4,22,nan
0,image,0,_child0,5,22,5.669847786603396e-12
0,image,0,_child0,6,22,1.1576312210994999e-10
0,image,0,_child0,7,22,1.2314775953344967e-09
0,image,0,_child0,8,22,4.590763517601818e-09
0,image,0,_child0,9,22,9.181431409653072e-09
0,image,0,_child0,10,22,1.1663825861318588e-08
0,image,0,_child0,11,22,1.2227719239784969e-08
0,image,0,_child0,12,22,1.222403690544664e-08
0,image,0,_child0,13,22,1.2165746044502373e-08
0,image,0,_child0,14,22,1.2109930347134075e-08
0,image,0,_child0,15,22,1.2062646156878846e-08
0,image,0,_child0,16,22,1.202002472865865e-08
0,image,0,_child0,17,22,1.1983876679003693e-08
0,image,0,_child0,18,22,1.1956317278744497e-08
0,image,0,_child0,19,22,1.1932545444435746e-08
0,image,0,_child0,20,22,1.192084409816585e-08
0,image,0,_child0,21,22,1.1920567083773706e-08
0,image,0,_child0,22,22,1.1934586313907273e-08
0,image,0,_child0,23,22,1.1950844226356787e-08
0,image,0,_child0,24,22,1.1950844226356787e-08
0,image,0,_child0,25,22,1.1934586313907273e-08
0,image,0,_child0,26,22,1.1920567083773706e-08
0,image,0,_child0,27,22,1.192084409816585e-08
0,image,0,_child0,28,22,1.1932545444435746e-08
0,image,0,_child0,29,22,1.1956317278744497e-08
0,image,0,_child0,30,22,1.1983876679003693e-08
0,image,0,_child0,31,22,1.202002472865865e-08
0,image,0,_child0,32,22,1.2062646156878846e-08
0,image,0,_child0,33,22,1.2109930347134075e-08
0,image,0,_child0,34,22,1.2165746044502373e-08
0,image,0,_child0,35,22,1.222403690544664e-08
0,image,0,_child0,36,22,1.2227719239784969e-08
0,image,0,_child0,37,22,1.1663825861318588e-08
0,image,0,_child0,38,22,9.181431409653072e-09
0,image,0,_child0,39,22,4.590763517601818e-09
0,image,0,_child0,40,22,1.2314775953344967e-09
0,image,0,_child0,41,22,1.1576312210994999e-10
0,image,0,_child0,42,22,5.669847786603396e-12
0,image,0,_child0,43,22,nan
0,image,0,_child0,44,22,nan
0,image,0,_child0,45,22,nan
0,image,0,_child0,46,22,nan
0,image,0,_child0,47,22,nan
0,image,0,_child0,0,23,nan
0,image,0,_child0,1,23,nan
0,image,0,_child0,2,23,nan
0,image,0,_child0,3,23,nan
0,image,0,_child0,4,23,nan
0,image,0,_child0,5,23,5.669847786603396e-12
0,image,0,_child0,6,23,1.1576312210994999e-10
0,image,0,_child0,7,23,1.2314775953344967e-09
0,image,0,_child0,8,23,4.590763517601818e-09
0,image,0,_child0,9,23,9.181431409653072e-09
0,image,0,_child0,10,23,1.1663825861318588e-08
0,image,0,_child0,11,23,1.2227719239784969e-08
0,image,0,_child0,12,23,1.222403690544664e-08
0,image,0,_child0,13,23,1.2165746044502373e-08
0,image,0,_child0,14,23,1.2109930347134075e-08
0,image,0,_child0,15,23,1.2062646156878846e-08
0,image,0,_child0,16,23,1.202002472865865e-08
0,image,0,_child0,17,23,1.1983876679003693e-08
0,image,0,_child0,18,23,1.1956317278744497e-08
0,image,0,_child0,19,23,1.1932545444435746e-08
0,image,0,_child0,20,23,1.1919068786732376e-08
0,image,0,_child0,21,23,1.192533214422437e-08
0,image,0,_child0,22,23,1.1950844226356787e-08
0,image,0,_child0,23,23,1.1976913539668944e-08
0,image,0,_child0,24,23,1.1976913539668944e-08
0,image,0,_child0,25,23,1.1950844226356787e-08
0,image,0,_child0,26,23,1.192533214422437e-08
0,image,0,_child0,27,23,1.1919068786732376e-08
0,image,0,_child0,28,23,1.1932545444435746e-08
0,image,0,_child0,29,23,1.1956317278744497e-08
0,image,0,_child0,30,23,1.1983876679003693e-08
0,image,0,_child0,31,23,1.202002472865865e-08
0,image,0,_child0,32,23,1.2062646156878846e-08
0,image,0,_child0,33,23,1.2109930347134075e-08
0,image,0,_child0,34,23,1.2165746044502373e-08
0,image,0,_child0,35,23,1.222403690544664e-08
0,image,0,_child0,36,23,1.2227719239784969e-08
0,image,0,_child0,37,23,1.1663825861318588e-08
0,image,0,_child0,38,23,9.181431409653072e-09
0,image,0,_child0,39,23,4.590763517601818e-09
0,image,0,_child0,40,23,1.2314775953344967e-09
0,image,0,_child0,41,23,1.1576312210994999e-10
0,image,0,_child0,42,23,5.669847786603396e-12
0,image,0,_child0,43,23,nan
0,image,0,_child0,44,23,nan
0,image,0,_child0,45,23,nan
0,image,0,_child0,46,23,nan
0,image,0,_child0,47,23,nan
0,image,0,_child0,0,24,nan
0,image,0,_child0,1,24,nan
0,image,0,_child0,2,24,nan
0,image,0,_child0,3,24,nan
0,image,0,_child0,4,24,nan
0,image,0,_child0,5,24,5.669847786603396e-12
0,image,0,_child0,6,24,1.1576312210994999e-10
0,image,0,_child0,7,24,1.2314775953344967e-09
0,image,0,_child0,8,24,4.590763517601818e-09
0,image,0,_child0,9,24,9.181431409653072e-09
0,image,0,_child0,10,24,1.1663825861318588e-08
0,image,0,_child0,11,24,1.2227719239784969e-08
0,image,0,_child0,12,24,1.222403690544664e-08
0,image,0,_child0,13,24,1.2165746044502373e-08
0,image,0,_child0,14,24,1.2109930347134075e-08
0,image,0,_child0,15,24,1.2062646156878846e-08
0,image,0,_child0,16,24,1.202002472865865e-08
0,image,0,_child0,17,24,1.1983876679003693e-08
0,image,0,_child0,18,24,1.1956317278744497e-08
0,image,0,_child0,19,24,1.1932545444435746e-08
0,image,0,_child0,20,24,1.1919068786732376e-08
0,image,0,_child0,21,24,1.192533214422437e-08
0,image,0,_child0,22,24,1.1950844226356787e-08
0,image,0,_child0,23,24,1.1976913539668944e-08
0,image,0,_child0,24,24,1.1976913539668944e-08
0,image,0,_child0,25,24,1.1950844226356787e-08
0,image,0,_child0,26,24,1.192533214422437e-08
0,image,0,_child0,27,24,1.1919068786732376e-08
0,image,0,_child0,28,24,1.1932545444435746e-08
0,image,0,_child0,29,24,1.1956317278744497e-08
0,image,0,_child0,30,24,1.1983876679003693e-08
0,image,0,_child0,31,24,1.202002472865865e-08
0,image,0,_child0,32,24,1.2062646156878846e-08
0,image,0,_child0,33,24,1.2109930347134075e-08
0,image,0,_child0,34,24,1.2165746044502373e-08
0,image,0,_child0,35,24,1.222403690544664e-08
0,image,0,_child0,36,24,1.2227719239784969e-08
0,image,0,_child0,37,24,1.1663825861318588e-08
0,image,0,_child0,38,24,9.181431409653072e-09
0,image,0,_child0,39,24,4.590763517601818e-09
0,image,0,_child0,40,24,1.2314775953344967e-09
0,image,0,_child0,41,24,1.1576312210994999e-10
0,image,0,_child0,42,24,5.669847786603396e-12
0,image,0,_child0,43,24,nan
0,image,0,_child0,44,24,nan
0,image,0,_child0,45,24,nan
0,image,0,_child0,46,24,nan
0,image,0,_child0,47,24,nan
0,image,0,_child0,0,25,nan
0,image,0,_child0,1,25,nan
0,image,0,_child0,2,25,nan
0,image,0,_child0,3,25,nan
0,image,0,_child0,4,25,nan
0,image,0,_child0,5,25,5.669847786603396e-12
0,image,0,_child0,6,25,1.1576312210994999e-10
0,image,0,_child0,7,25,1.2314775953344967e-09
0,image,0,_child0,8,25,4.590763517601818e-09
0,image,0,_child0,9,25,9.181431409653072e-09
0,image,0,_child0,10,25,1.1663825861318588e-08
0,image,0,_child0,11,25,1.2227719239784969e-08
0,image,0,_child0,12,25,1.222403690544664e-08
0,image,0,_child0,13,25,1.2165746044502373e-08
0,image,0,_child0,14,25,1.2109930347134075e-08
0,image,0,_child0,15,25,1.2062646156878846e-08
0,image,0,_child0,16,25,1.202002472865865e-08
0,image,0,_child0,17,25,1.1983876679003693e-08
0,image,0,_child0,18,25,1.1956317278744497e-08
0,image,0,_child0,19,25,1.1932545444435746e-08
0,image,0,_child0,20,25,1.192084409816585e-08
0,image,0,_child0,21,25,1.1920567083773706e-08
0,image,0,_child0,22,25,1.1934586313907273e-08
0,image,0,_child0,23,25,1.1950844226356787e-08
0,image,0,_child0,24,25,1.1950844226356787e-08
0,image,0,_child0,25,25,1.1934586313907273e-08
0,image,0,_child0,26,25,1.1920567083773706e-08
0,image,0,_child0,27,25,1.192084409816585e-08
0,image,0,_child0,28,25,1.1932545444435746e-08
0,image,0,_child0,29,25,1.1956317278744497e-08
0,image,0,_child0,30,25,1.1983876679003693e-08
0,image,0,_child0,31,25,1.202002472865865e-08
0,image,0,_child0,32,25,1.2062646156878846e-08
0,image,0,_child0,33,25,1.2109930347134075e-08
0,image,0,_child0,34,25,1.2165746044502373e-08
0,image,0,_child0,35,25,1.222403690544664e-08
0,image,0,_child0,36,25,1.2227719239784969e-08
0,image,0,_child0,37,25,1.1663825861318588e-08
0,image,0,_child0,38,25,9.181431409653072e-09
0,image,0,_child0,39,25,4.590763517601818e-09
0,image,0,_child0,40,25,1.2314775953344967e-09
0,image,0,_child0,41,25,1.1576312210994999e-10
0,image,0,_child0,42,25,5.669847786603396e-12
0,image,0,_child0,43,25,nan
0,image,0,_child0,44,25,nan
0,image,0,_child0,45,25,nan
0,image,0,_child0,46,25,nan
0,image,0,_child0,47,25,nan
0,image,0,_child0,0,26,nan
0,image,0,_child0,1,26,nan
0,image,0,_child0,2,26,nan
0,image,0,_child0,3,26,nan
0,image,0,_child0,4,26,nan
0,image,0,_child0,5,26,5.669847786603396e-12
0,image,0,_child0,6,26,1.1576312210994999e-10
0,image,0,_child0,7,26,1.2314775953344967e-09
0,image,0,_child0,8,26,4.590763517601818e-09
0,image,0,_child0,9,26,9.181431409653072e-09
0,image,0,_child0,10,26,1.1663825861318588e-08
0,image,0,_child0,11,26,1.2227719239784969e-08
0,image,0,_child0,12,26,1.2238958876854596e-08
0,image,0,_child0,13,26,1.2183806043526849e-08
0,image,0,_child0,14,26,1.2126095070620908e-08
0,image,0,_child0,15,26,1.207483792280741e-08
0,image,0,_child0,16,26,1.2031911844148972e-08
0,image,0,_child0,17,26,1.1996556953188565e-08
0,image,0,_child0,18,26,1.196759920008775e-08
0,image,0,_child0,19,26,1.1943617342656614e-08
0,image,0,_child0,20,26,1.192674442160665e-08
0,image,0,_child0,21,26,1.1919068786732376e-08
0,image,0,_child0,22,26,1.1920567083773706e-08
0,image,0,_child0,23,26,1.192533214422437e-08
0,image,0,_child0,24,26,1.192533214422437e-08
0,image,0,_child0,25,26,1.1920567083773706e-08
0,image,0,_child0,26,26,1.1919068786732376e-08
0,image,0,_child0,27,26,1.192674442160665e-08
0,image,0,_child0,28,26,1.1943617342656614e-08
0,image,0,_child0,29,26,1.196759920008775e-08
0,image,0,_child0,30,26,1.1996556953188565e-08
0,image,0,_child0,31,26,1.2031911844148972e-08
0,image,0,_child0,32,26,1.207483792280741e-08
0,image,0,_child0,33,26,1.2126095070620908e-08
0,image,0,_child0,34,26,1.2183806043526849e-08
0,image,0,_child0,35,26,1.2238958876854596e-08
0,image,0,_child0,36,26,1.2227719239784969e-08
0,image,0,_child0,37,26,1.1663825861318588e-08
0,image,0,_child0,38,26,9.181431409653072e-09
0,image,0,_child0,39,26,4.590763517601818e-09
0,image,0,_child0,40,26,1.2314775953344967e-09
0,image,0,_child0,41,26,1.1576312210994999e-10
0,image,0,_child0,42,26,5.669847786603396e-12
0,image,0,_child0,43,26,nan
0,image,0,_child0,44,26,nan
0,image,0,_child0,45,26,nan
0,image,0,_child0,46,26,nan
0,image,0,_child0,47,26,nan
0,image,0,_child0,0,27,nan
0,image,0,_child0,1,27,nan
0,image,0,_child0,2,27,nan
0,image,0,_child0,3,27,nan
0,image,0,_child0,4,27,nan
0,image,0,_child0,5,27,1.9112655160853623e-12
0,image,0,_child0,6,27,6.105201441850333e-11
0,image,0,_child0,7,27,7.082341409068854e-10
0,image,0,_child0,8,27,3.2242405888732265e-09
0,image,0,_child0,9,27,7.756167383083108e-09
0,image,0,_child0,10,27,1.1122928059638804e-08
0,image,0,_child0,11,27,1.2170107350956844e-08
0,image,0,_child0,12,27,1.2249570593661016e-08
0,image,0,_child0,13,27,1.2194918812040484e-08
0,image,0,_child0,14,27,1.213909230498222e-08
0,image,0,_child0,15,27,1.209043506680598e-08
0,image,0,_child0,16,27,1.2048585008187416e-08
0,image,0,_child0,17,27,1.2012602540741653e-08
0,image,0,_child0,18,27,1.1983876679003693e-08
0,image,0,_child0,19,27,1.1956317278744497e-08
0,image,0,_child0,20,27,1.1939179106425868e-08
0,image,0,_child0,21,27,1.192674442160665e-08
0,image,0,_child0,22,27,1.192084409816585e-08
0,image,0,_child0,23,27,1.1919068786732376e-08
0,image,0,_child0,24,27,1.1919068786732376e-08
0,image,0,_child0,25,27,1.192084409816585e-08
0,image,0,_child0,26,27,1.192674442160665e-08
0,image,0,_child0,27,27,1.1939179106425868e-08
0,image,0,_child0,28,27,1.1956317278744497e-08
0,image,0,_child0,29,27,1.1983876679003693e-08
0,image,0,_child0,30,27,1.2012602540741653e-08
0,image,0,_child0,31,27,1.2048585008187416e-08
0,image,0,_child0,32,27,1.209043506680598e-08
0,image,0,_child0,33,27,1.213909230498222e-08
0,image,0,_child0,34,27,1.2194918812040484e-08
0,image,0,_child0,35,27,1.2249570593661016e-08
0,image,0,_child0,36,27,1.2170107350956844e-08
0,image,0,_child0,37,27,1.1122928059638804e-08
0,image,0,_child0,38,27,7.756167383083108e-09
0,image,0,_child0,39,27,3.2242405888732265e-09
0,image,0,_child0,40,27,7.082341409068854e-10
0,image,0,_child0,41,27,6.105201441850333e-11
0,image,0,_child0,42,27,1.9112655160853623e-12
0,image,0,_child0,43,27,nan
0,image,0,_child0,44,27,nan
0,image,0,_child0,45,27,nan
0,image,0,_child0,46,27,nan
0,image,0,_child0,47,27,nan
0,image,0,_child0,0,28,nan
0,image,0,_child0,1,28,nan
0,image,0,_child0,2,28,nan
0,image,0,_child0,3,28,nan
0,image,0,_child0,4,28,nan
0,image,0,_child0,5,28,6.584910821547455e-13
0,image,0,_child0,6,28,2.875012672448428e-11
0,image,0,_child0,7,28,3.971760273644555e-10
0,image,0,_child0,8,28,2.38863400289075e-09
0,image,0,_child0,9,28,6.705328188804403e-09
0,image,0,_child0,10,28,1.0608473084020015e-08
0,image,0,_child0,11,28,1.196038909524169e-08
0,image,0,_child0,12,28,1.2252210543153315e-08
0,image,0,_child0,13,28,1.2214229401392884e-08
0,image,0,_child0,14,28,1.2165746044502373e-08
0,image,0,_child0,15,28,1.2109930347134075e-08
0,image,0,_child0,16,28,1.2062646156878846e-08
0,image,0,_child0,17,28,1.2031911844148972e-08
0,image,0,_child0,18,28,1.2002513529326232e-08
0,image,0,_child0,19,28,1.1977225212103021e-08
0,image,0,_child0,20,28,1.1956317278744497e-08
0,image,0,_child0,21,28,1.1943617342656614e-08
0,image,0,_child0,22,28,1.1932545444435746e-08
0,image,0,_child0,23,28,1.1932545444435746e-08
0,image,0,_child0,24,28,1.1932545444435746e-08
0,image,0,_child0,25,28,1.1932545444435746e-08
0,image,0,_child0,26,28,1.1943617342656614e-08
0,image,0,_child0,27,28,1.1956317278744497e-08
0,image,0,_child0,28,28,1.1977225212103021e-08
0,image,0,_child0,29,28,1.2002513529326232e-08
0,image,0,_child0,30,28,1.2031911844148972e-08
0,image,0,_child0,31,28,1.2062646156878846e-08
0,image,0,_child0,32,28,1.2109930347134075e-08
0,image,0,_child0,33,28,1.2165746044502373e-08
0,image,0,_child0,34,28,1.2214229401392884e-08
0,image,0,_child0,35,28,1.2252210543153315e-08
0,image,0,_child0,36,28,1.196038909524169e-08
0,image,0,_child0,37,28,1.0608473084020015e-08
0,image,0,_child0,38,28,6.705328188804403e-09
0,image,0,_child0,39,28,2.38863400289075e-09
0,image,0,_child0,40,28,3.971760273644555e-10
0,image,0,_child0,41,28,2.875012672448428e-11
0,image,0,_child0,42,28,6.584910821547455e-13
0,image,0,_child0,43,28,nan
0,image,0,_child0,44,28,nan
0,image,0,_child0,45,28,nan
0,image,0,_child0,46,28,nan
0,image,0,_child0,47,28,nan
0,image,0,_child0,0,29,nan
0,image,0,_child0,1,29,nan
0,image,0,_child0,2,29,nan
0,image,0,_child0,3,29,nan
0,image,0,_child0,4,29,nan
0,image,0,_child0,5,29,nan
0,image,0,_child0,6,29,1.2581201190012793e-11
0,image,0,_child0,7,29,2.36536510829312e-10
0,image,0,_child0,8,29,1.755432274282758e-09
0,image,0,_child0,9,29,4.590763517601818e-09
0,image,0,_child0,10,29,9.181431409653072e-09
0,image,0,_child0,11,29,1.1663825861318588e-08
0,image,0,_child0,12,29,1.2227719239784969e-08
0,image,0,_child0,13,29,1.2238958876854596e-08
0,image,0,_child0,14,29,1.2183806043526849e-08
0,image,0,_child0,15,29,1.213909230498222e-08
0,image,0,_child0,16,29,1.2096113978257117e-08
0,image,0,_child0,17,29,1.2062646156878846e-08
0,image,0,_child0,18,29,1.2031911844148972e-08
0,image,0,_child0,19,29,1.2002513529326232e-08
0,image,0,_child0,20,29,1.1983876679003693e-08
0,image,0,_child0,21,29,1.196759920008775e-08
0,image,0,_child0,22,29,1.1956317278744497e-08
0,image,0,_child0,23,29,1.1956317278744497e-08
0,image,0,_child0,24,29,1.1956317278744497e-08
0,image,0,_child0,25,29,1.1956317278744497e-08
0,image,0,_child0,26,29,1.196759920008775e-08
0,image,0,_child0,27,29,1.1983876679003693e-08
0,image,0,_child0,28,29,1.2002513529326232e-08
0,image,0,_child0,29,29,1.2031911844148972e-08
0,image,0,_child0,30,29,1.2062646156878846e-08
0,image,0,_child0,31,29,1.2096113978257117e-08
0,image,0,_child0,32,29,1.213909230498222e-08
0,image,0,_child0,33,29,1.2183806043526849e-08
0,image,0,_child0,34,29,1.2238958876854596e-08
0,image,0,_child0,35,29,1.2227719239784969e-08
0,image,0,_child0,36,29,1.1663825861318588e-08
0,image,0,_child0,37,29,9.181431409653072e-09
0,image,0,_child0,38,29,4.590763517601818e-09
0,image,0,_child0,39,29,1.755432274282758e-09
0,image,0,_child0,40,29,2.36536510829312e-10
0,image,0,_child0,41,29,1.2581201190012793e-11
0,image,0,_child0,42,29,nan
0,image,0,_child0,43,29,nan
0,image,0,_child0,44,29,nan
0,image,0,_child0,45,29,nan
0,image,0,_child0,46,29,nan
0,image,0,_child0,47,29,nan
0,image,0,_child0,0,30,nan
0,image,0,_child0,1,30,nan
0,image,0,_child0,2,30,nan
0,image,0,_child0,3,30,nan
0,image,0,_child0,4,30,nan
0,image,0,_child0,5,30,nan
0,image,0,_child0,6,30,5.669847786603396e-12
0,image,0,_child0,7,30,1.1576312210994999e-10
0,image,0,_child0,8,30,7.082341409068854e-10
0,image,0,_child0,9,30,3.2242405888732265e-09
0,image,0,_child0,10,30,7.756167383083108e-09
0,image,0,_child0,11,30,1.0608473084020015e-08
0,image,0,_child0,12,30,1.2050654256972604e-08
0,image,0,_child0,13,30,1.2252210543153315e-08
0,image,0,_child0,14,30,1.222403690544664e-08
0,image,0,_child0,15,30,1.2165746044502373e-08
0,image,0,_child0,16,30,1.2126095070620908e-08
0,image,0,_child0,17,30,1.209043506680598e-08
0,image,0,_child0,18,30,1.2062646156878846e-08
0,image,0,_child0,19,30,1.2031911844148972e-08
0,image,0,_child0,20,30,1.2012602540741653e-08
0,image,0,_child0,21,30,1.1996556953188565e-08
0,image,0,_child0,22,30,1.1983876679003693e-08
0,image,0,_child0,23,30,1.1983876679003693e-08
0,image,0,_child0,24,30,1.1983876679003693e-08
0,image,0,_child0,25,30,1.1983876679003693e-08
0,image,0,_child0,26,30,1.1996556953188565e-08
0,image,0,_child0,27,30,1.2012602540741653e-08
0,image,0,_child0,28,30,1.2031911844148972e-08
0,image,0,_child0,29,30,1.2062646156878846e-08
0,image,0,_child0,30,30,1.209043506680598e-08
0,image,0,_child0,31,30,1.2126095070620908e-08
0,image,0,_child0,32,30,1.2165746044502373e-08
0,image,0,_child0,33,30,1.222403690544664e-08
0,image,0,_child0,34,30,1.2252210543153315e-08
0,image,0,_child0,35,30,1.2050654256972604e-08
0,image,0,_child0,36,30,1.0608473084020015e-08
0,image,0,_child0,37,30,7.756167383083108e-09
0,image,0,_child0,38,30,3.2242405888732265e-09
0,image,0,_child0,39,30,7.082341409068854e-10
0,image,0,_child0,40,30,1.1576312210994999e-10
0,image,0,_child0,41,30,5.669847786603396e-12
0,image,0,_child0,42,30,nan
0,image,0,_child0,43,30,nan
0,image,0,_child0,44,30,nan
0,image,0,_child0,45,30,nan
0,image,0,_child0,46,30,nan
0,image,0,_child0,47,30,nan
0,image,0,_child0,0,31,nan
0,image,0,_child0,1,31,nan
0,image,0,_child0,2,31,nan
0,image,0,_child0,3,31,nan
0,image,0,_child0,4,31,nan
0,image,0,_child0,5,31,nan
0,image,0,_child0,6,31,6.584910821547455e-13
0,image,0,_child0,7,31,2.875012672448428e-11
0,image,0,_child0,8,31,3.971760273644555e-10
0,image,0,_child0,9,31,1.755432274282758e-09
0,image,0,_child0,10,31,5.28878690605939e-09
0,image,0,_child0,11,31,9.181431409653072e-09
0,image,0,_child0,12,31,1.1663825861318588e-08
0,image,0,_child0,13,31,1.2170107350956844e-08
0,image,0,_child0,14,31,1.2249570593661016e-08
0,image,0,_child0,15,31,1.2214229401392884e-08
0,image,0,_child0,16,31,1.2165746044502373e-08
0,image,0,_child0,17,31,1.2126095070620908e-08
0,image,0,_child0,18,31,1.2096113978257117e-08
0,image,0,_child0,19,31,1.2062646156878846e-08
0,image,0,_child0,20,31,1.2048585008187416e-08
0,image,0,_child0,21,31,1.2031911844148972e-08
0,image,0,_child0,22,31,1.202002472865865e-08
0,image,0,_child0,23,31,1.202002472865865e-08
0,image,0,_child0,24,31,1.202002472865865e-08
0,image,0,_child0,25,31,1.202002472865865e-08
0,image,0,_child0,26,31,1.2031911844148972e-08
0,image,0,_child0,27,31,1.2048585008187416e-08
0,image,0,_child0,28,31,1.2062646156878846e-08
0,image,0,_child0,29,31,1.2096113978257117e-08
0,image,0,_child0,30,31,1.2126095070620908e-08
0,image,0,_child0,31,31,1.2165746044502373e-08
0,image,0,_child0,32,31,1.2214229401392884e-08
0,image,0,_child0,33,31,1.2249570593661016e-08
0,image,0,_child0,34,31,1.2170107350956844e-08
0,image,0,_child0,35,31,1.1663825861318588e-08
0,image,0,_child0,36,31,9.181431409653072e-09
0,image,0,_child0,37,31,5.28878690605939e-09
0,image,0,_child0,38,31,1.755432274282758e-09
0,image,0,_child0,39,31,3.971760273644555e-10
0,image,0,_child0,40,31,2.875012672448428e-11
0,image,0,_child0,41,31,6.584910821547455e-13
0,image,0,_child0,42,31,nan
0,image,0,_child0,43,31,nan
0,image,0,_child0,44,31,nan
0,image,0,_child0,45,31,nan
0,image,0,_child0,46,31,nan
0,image,0,_child0,47,31,nan
0,image,0,_child0,0,32,nan
0,image,0,_child0,1,32,nan
0,image,0,_child0,2,32,nan
0,image,0,_child0,3,32,nan
0,image,0,_child0,4,32,nan
0,image,0,_child0,5,32,nan
0,image,0,_child0,6,32,nan
0,image,0,_child0,7,32,5.669847786603396e-12
0,image,0,_child0,8,32,1.1576312210994999e-10
0,image,0,_child0,9,32,7.082341409068854e-10
0,image,0,_child0,10,32,3.2242405888732265e-09
0,image,0,_child0,11,32,6.705328188804403e-09
0,image,0,_child0,12,32,1.0206008045737529e-08
0,image,0,_child0,13,32,1.1663825861318588e-08
0,image,0,_child0,14,32,1.2227719239784969e-08
0,image,0,_child0,15,32,1.2249570593661016e-08
0,image,0,_child0,16,32,1.2214229401392884e-08
0,image,0,_child0,17,32,1.2165746044502373e-08
0,image,0,_child0,18,32,1.213909230498222e-08
0,image,0,_child0,19,32,1.2109930347134075e-08
0,image,0,_child0,20,32,1.209043506680598e-08
0,image,0,_child0,21,32,1.207483792280741e-08
0,image,0,_child0,22,32,1.2062646156878846e-08
0,image,0,_child0,23,32,1.2062646156878846e-08
0,image,0,_child0,24,32,1.2062646156878846e-08
0,image,0,_child0,25,32,1.2062646156878846e-08
0,image,0,_child0,26,32,1.207483792280741e-08
0,image,0,_child0,27,32,1.209043506680598e-08
0,image,0,_child0,28,32,1.2109930347134075e-08
0,image,0,_child0,29,32,1.213909230498222e-08
0,image,0,_child0,30,32,1.2165746044502373e-08
0,image,0,_child0,31,32,1.2214229401392884e-08
0,image,0,_child0,32,32,1.2249570593661016e-08
0,image,0,_child0,33,32,1.2227719239784969e-08
0,image,0,_child0,34,32,1.1663825861318588e-08
0,image,0,_child0,35,32,1.0206008045737529e-08
0,image,0,_child0,36,32,6.705328188804403e-09
0,image,0,_child0,37,32,3.2242405888732265e-09
0,image,0,_child0,38,32,7.082341409068854e-10
0,image,0,_child0,39,32,1.1576312210994999e-10
0,image,0,_child0,40,32,5.669847786603396e-12
0,image,0,_child0,41,32,nan
0,image,0,_child0,42,32,nan
0,image,0,_child0,43,32,nan
0,image,0,_child0,44,32,nan
0,image,0,_child0,45,32,nan
0,image,0,_child0,46,32,nan
0,image,0,_child0,47,32,nan
0,image,0,_child0,0,33,nan
0,image,0,_child0,1,33,nan
0,image,0,_child0,2,33,nan
0,image,0,_child0,3,33,nan
0,image,0,_child0,4,33,nan
0,image,0,_child0,5,33,nan
0,image,0,_child0,6,33,nan
0,image,0,_child0,7,33,6.584910821547455e-13
0,image,0,_child0,8,33,2.875012672448428e-11
0,image,0,_child0,9,33,2.36536510829312e-10
0,image,0,_child0,10,33,1.2314775953344967e-09
0,image,0,_child0,11,33,4.590763517601818e-09
0,image,0,_child0,12,33,7.756167383083108e-09
0,image,0,_child0,13,33,1.0608473084020015e-08
0,image,0,_child0,14,33,1.196038909524169e-08
0,image,0,_child0,15,33,1.2227719239784969e-08
0,image,0,_child0,16,33,1.2249570593661016e-08
0,image,0,_child0,17,33,1.222403690544664e-08
0,image,0,_child0,18,33,1.2183806043526849e-08
0,image,0,_child0,19,33,1.2165746044502373e-08
0,image,0,_child0,20,33,1.213909230498222e-08
0,image,0,_child0,21,33,1.2126095070620908e-08
0,image,0,_child0,22,33,1.2109930347134075e-08
0,image,0,_child0,23,33,1.2109930347134075e-08
0,image,0,_child0,24,33,1.2109930347134075e-08
0,image,0,_child0,25,33,1.2109930347134075e-08
0,image,0,_child0,26,33,1.2126095070620908e-08
0,image,0,_child0,27,33,1.213909230498222e-08
0,image,0,_child0,28,33,1.2165746044502373e-08
0,image,0,_child0,29,33,1.2183806043526849e-08
0,image,0,_child0,30,33,1.222403690544664e-08
0,image,0,_child0,31,33,1.2249570593661016e-08
0,image,0,_child0,32,33,1.2227719239784969e-08
0,image,0,_child0,33,33,1.196038909524169e-08
0,image,0,_child0,34,33,1.0608473084020015e-08
0,image,0,_child0,35,33,7.756167383083108e-09
0,image,0,_child0,36,33,4.590763517601818e-09
0,image,0,_child0,37,33,1.2314775953344967e-09
0,image,0,_child0,38,33,2.36536510829312e-10
0,image,0,_child0,39,33,2.875012672448428e-11
0,image,0,_child0,40,33,6.584910821547455e-13
0,image,0,_child0,41,33,nan
0,image,0,_child0,42,33,nan
0,image,0,_child0,43,33,nan
0,image,0,_child0,44,33,nan
0,image,0,_child0,45,33,nan
0,image,0,_child0,46,33,nan
0,image,0,_child0,47,33,nan
0,image,0,_child0,0,34,nan
0,image,0,_child0,1,34,nan
0,image,0,_child0,2,34,nan
0,image,0,_child0,3,34,nan
0,image,0,_child0,4,34,nan
0,image,0,_child0,5,34,nan
0,image,0,_child0,6,34,nan
0,image,0,_child0,7,34,nan
0,image,0,_child0,8,34,5.669847786603396e-12
0,image,0,_child0,9,34,6.105201441850333e-11
0,image,0,_child0,10,34,3.971760273644555e-10
0,image,0,_child0,11,34,1.755432274282758e-09
0,image,0,_child0,12,34,4.590763517601818e-09
0,image,0,_child0,13,34,7.756167383083108e-09
0,image,0,_child0,14,34,1.0608473084020015e-08
0,image,0,_child0,15,34,1.1663825861318588e-08
0,image,0,_child0,16,34,1.2170107350956844e-08
0,image,0,_child0,17,34,1.2252210543153315e-08
0,image,0,_child0,18,34,1.2238958876854596e-08
0,image,0,_child0,19,34,1.2214229401392884e-08
0,image,0,_child0,20,34,1.2194918812040484e-08
0,image,0,_child0,21,34,1.2183806043526849e-08
0,image,0,_child0,22,34,1.2165746044502373e-08
0,image,0,_child0,23,34,1.2165746044502373e-08
0,image,0,_child0,24,34,1.2165746044502373e-08
0,image,0,_child0,25,34,1.2165746044502373e-08
0,image,0,_child0,26,34,1.2183806043526849e-08
0,image,0,_child0,27,34,1.2194918812040484e-08
0,image,0,_child0,28,34,1.2214229401392884e-08
0,image,0,_child0,29,34,1.2238958876854596e-08
0,image,0,_child0,30,34,1.2252210543153315e-08
0,image,0,_child0,31,34,1.2170107350956844e-08
0,image,0,_child0,32,34,1.1663825861318588e-08
0,image,0,_child0,33,34,1.0608473084020015e-08
0,image,0,_child0,34,34,7.756167383083108e-09
0,image,0,_child0,35,34,4.590763517601818e-09
0,image,0,_child0,36,34,1.755432274282758e-09
0,image,0,_child0,37,34,3.971760273644555e-10
0,image,0,_child0,38,34,6.105201441850333e-11
0,image,0,_child0,39,34,5.669847786603396e-12
0,image,0,_child0,40,34,nan
0,image,0,_child0,41,34,nan
0,image,0,_child0,42,34,nan
0,image,0,_child0,43,34,nan
0,image,0,_child0,44,34,nan
0,image,0,_child0,45,34,nan
0,image,0,_child0,46,34,nan
0,image,0,_child0,47,34,nan
0,image,0,_child0,0,35,nan
0,image,0,_child0,1,35,nan
0,image,0,_child0,2,35,nan
0,image,0,_child0,3,35,nan
0,image,0,_child0,4,35,nan
0,image,0,_child0,5,35,nan
0,image,0,_child0,6,35,nan
0,image,0,_child0,7,35,nan
0,image,0,_child0,8,35,nan
0,image,0,_child0,9,35,5.669847786603396e-12
0,image,0,_child0,10,35,1.1576312210994999e-10
0,image,0,_child0,11,35,7.082341409068854e-10
0,image,0,_child0,12,35,1.755432274282758e-09
0,image,0,_child0,13,35,4.590763517601818e-09
0,image,0,_child0,14,35,7.756167383083108e-09
0,image,0,_child0,15,35,1.0206008045737529e-08
0,image,0,_child0,16,35,1.1663825861318588e-08
0,image,0,_child0,17,35,1.2050654256972604e-08
0,image,0,_child0,18,35,1.2227719239784969e-08
0,image,0,_child0,19,35,1.2252210543153315e-08
0,image,0,_child0,20,35,1.2249570593661016e-08
0,image,0,_child0,21,35,1.2238958876854596e-08
0,image,0,_child0,22,35,1.222403690544664e-08
0,image,0,_child0,23,35,1.222403690544664e-08
0,image,0,_child0,24,35,1.222403690544664e-08
0,image,0,_child0,25,35,1.222403690544664e-08
0,image,0,_child0,26,35,1.2238958876854596e-08
0,image,0,_child0,27,35,1.2249570593661016e-08
0,image,0,_child0,28,35,1.2252210543153315e-08
0,image,0,_child0,29,35,1.2227719239784969e-08
0,image,0,_child0,30,35,1.2050654256972604e-08
0,image,0,_child0,31,35,1.1663825861318588e-08
0,image,0,_child0,32,35,1.0206008045737529e-08
0,image,0,_child0,33,35,7.756167383083108e-09
0,image,0,_child0,34,35,4.590763517601818e-09
0,image,0,_child0,35,35,1.755432274282758e-09
0,image,0,_child0,36,35,7.082341409068854e-10
0,image,0,_child0,37,35,1.1576312210994999e-10
0,image,0,_child0,38,35,5.669847786603396e-12
0,image,0,_child0,39,35,nan
0,image,0,_child0,40,35,nan
0,image,0,_child0,41,35,nan
0,image,0,_child0,42,35,nan
0,image,0,_child0,43,35,nan
0,image,0,_child0,44,35,nan
0,image,0,_child0,45,35,nan
0,image,0,_child0,46,35,nan
0,image,0,_child0,47,35,nan
0,image,0,_child0,0,36,nan
0,image,0,_child0,1,36,nan
0,image,0,_child0,2,36,nan
0,image,0,_child0,3,36,nan
0,image,0,_child0,4,36,nan
0,image,0,_child0,5,36,nan
0,image,0,_child0,6,36,nan
0,image,0,_child0,7,36,nan
0,image,0,_child0,8,36,nan
0,image,0,_child0,9,36,6.584910821547455e-13
0,image,0,_child0,10,36,1.2581201190012793e-11
0,image,0,_child0,11,36,1.1576312210994999e-10
0,image,0,_child0,12,36,7.082341409068854e-10
0,image,0,_child0,13,36,1.755432274282758e-09
0,image,0,_child0,14,36,4.590763517601818e-09
0,image,0,_child0,15,36,6.705328188804403e-09
0,image,0,_child0,16,36,9.181431409653072e-09
0,image,0,_child0,17,36,1.0608473084020015e-08
0,image,0,_child0,18,36,1.1663825861318588e-08
0,image,0,_child0,19,36,1.196038909524169e-08
0,image,0,_child0,20,36,1.2170107350956844e-08
0,image,0,_child0,21,36,1.2227719239784969e-08
0,image,0,_child0,22,36,1.2227719239784969e-08
0,image,0,_child0,23,36,1.2227719239784969e-08
0,image,0,_child0,24,36,1.2227719239784969e-08
0,image,0,_child0,25,36,1.2227719239784969e-08
0,image,0,_child0,26,36,1.2227719239784969e-08
0,image,0,_child0,27,36,1.2170107350956844e-08
0,image,0,_child0,28,36,1.196038909524169e-08
0,image,0,_child0,29,36,1.1663825861318588e-08
0,image,0,_child0,30,36,1.0608473084020015e-08
0,image,0,_child0,31,36,9.181431409653072e-09
0,image,0,_child0,32,36,6.705328188804403e-09
0,image,0,_child0,33,36,4.590763517601818e-09
0,image,0,_child0,34,36,1.755432274282758e-09
0,image,0,_child0,35,36,7.082341409068854e-10
0,image,0,_child0,36,36,1.1576312210994999e-10
0,image,0,_child0,37,36,1.2581201190012793e-11
0,image,0,_child0,38,36,6.584910821547455e-13
0,image,0,_child0,39,36,nan
0,image,0,_child0,40,36,nan
0,image,0,_child0,41,36,nan
0,image,0,_child0,42,36,nan
0,image,0,_child0,43,36,nan
0,image,0,_child0,44,36,nan
0,image,0,_child0,45,36,nan
0,image,0,_child0,46,36,nan
0,image,0,_child0,47,36,nan
0,image,0,_child0,0,37,nan
0,image,0,_child0,1,37,nan
0,image,0,_child0,2,37,nan
0,image,0,_child0,3,37,nan
0,image,0,_child0,4,37,nan
0,image,0,_child0,5,37,nan
0,image,0,_child0,6,37,nan
0,image,0,_child0,7,37,nan
0,image,0,_child0,8,37,nan
0,image,0,_child0,9,37,nan
0,image,0,_child0,10,37,6.584910821547455e-13
0,image,0,_child0,11,37,1.2581201190012793e-11
0,image,0,_child0,12,37,1.1576312210994999e-10
0,image,0,_child0,13,37,3.971760273644555e-10
0,image,0,_child0,14,37,1.2314775953344967e-09
0,image,0,_child0,15,37,3.2242405888732265e-09
0,image,0,_child0,16,37,5.28878690605939e-09
0,image,0,_child0,17,37,7.756167383083108e-09
0,image,0,_child0,18,37,9.181431409653072e-09
0,image,0,_child0,19,37,1.0608473084020015e-08
0,image,0,_child0,20,37,1.1122928059638804e-08
0,image,0,_child0,21,37,1.1663825861318588e-08
0,image,0,_child0,22,37,1.1663825861318588e-08
0,image,0,_child0,23,37,1.1663825861318588e-08
0,image,0,_child0,24,37,1.1663825861318588e-08
0,image,0,_child0,25,37,1.1663825861318588e-08
0,image,0,_child0,26,37,1.1663825861318588e-08
0,image,0,_child0,27,37,1.1122928059638804e-08
0,image,0,_child0,28,37,1.0608473084020015e-08
0,image,0,_child0,29,37,9.181431409653072e-09
0,image,0,_child0,30,37,7.756167383083108e-09
0,image,0,_child0,31,37,5.28878690605939e-09
0,image,0,_child0,32,37,3.2242405888732265e-09
0,image,0,_child0,33,37,1.2314775953344967e-09
0,image,0,_child0,34,37,3.971760273644555e-10
0,image,0,_child0,35,37,1.1576312210994999e-10
0,image,0,_child0,36,37,1.2581201190012793e-11
0,image,0,_child0,37,37,6.584910821547455e-13
0,image,0,_child0,38,37,nan
0,image,0,_child0,39,37,nan
0,image,0,_child0,40,37,nan
0,image,0,_child0,41,37,nan
0,image,0,_child0,42,37,nan
0,image,0,_child0,43,37,nan
0,image,0,_child0,44,37,nan
0,image,0,_child0,45,37,nan
0,image,0,_child0,46,37,nan
0,image,0,_child0,47,37,nan
0,image,0,_child0,0,38,nan
0,image,0,_child0,1,38,nan
0,image,0,_child0,2,38,nan
0,image,0,_child0,3,38,nan
0,image,0,_child0,4,38,nan
0,image,0,_child0,5,38,nan
0,image,0,_child0,6,38,nan
0,image,0,_child0,7,38,nan
0,image,0,_child0,8,38,nan
0,image,0,_child0,9,38,nan
0,image,0,_child0,10,38,nan
0,image,0,_child0,11,38,6.584910821547455e-13
0,image,0,_child0,12,38,5.669847786603396e-12
0,image,0,_child0,13,38,6.105201441850333e-11
0,image,0,_child0,14,38,2.36536510829312e-10
0,image,0,_child0,15,38,7.082341409068854e-10
0,image,0,_child0,16,38,1.755432274282758e-09
0,image,0,_child0,17,38,3.2242405888732265e-09
0,image,0,_child0,18,38,4.590763517601818e-09
0,image,0,_child0,19,38,6.705328188804403e-09
0,image,0,_child0,20,38,7.756167383083108e-09
0,image,0,_child0,21,38,9.181431409653072e-09
0,image,0,_child0,22,38,9.181431409653072e-09
0,image,0,_child0,23,38,9.181431409653072e-09
0,image,0,_child0,24,38,9.181431409653072e-09
0,image,0,_child0,25,38,9.181431409653072e-09
0,image,0,_child0,26,38,9.181431409653072e-09
0,image,0,_child0,27,38,7.756167383083108e-09
0,image,0,_child0,28,38,6.705328188804403e-09
0,image,0,_child0,29,38,4.590763517601818e-09
0,image,0,_child0,30,38,3.2242405888732265e-09
0,image,0,_child0,31,38,1.755432274282758e-09
0,image,0,_child0,32,38,7.082341409068854e-10
0,image,0,_child0,33,38,2.36536510829312e-10
0,image,0,_child0,34,38,6.105201441850333e-11
0,image,0,_child0,35,38,5.669847786603396e-12
0,image,0,_child0,36,38,6.584910821547455e-13
0,image,0,_child0,37,38,nan
0,image,0,_child0,38,38,nan
0,image,0,_child0,39,38,nan
0,image,0,_child0,40,38,nan
0,image,0,_child0,41,38,nan
0,image,0,_child0,42,38,nan
0,image,0,_child0,43,38,nan
0,image,0,_child0,44,38,nan
0,image,0,_child0,45,38,nan
0,image,0,_child0,46,38,nan
0,image,0,_child0,47,38,nan
0,image,0,_child0,0,39,nan
0,image,0,_child0,1,39,nan
0,image,0,_child0,2,39,nan
0,image,0,_child0,3,39,nan
0,image,0,_child0,4,39,nan
0,image,0,_child0,5,39,nan
0,image,0,_child0,6,39,nan
0,image,0,_child0,7,39,nan
0,image,0,_child0,8,39,nan
0,image,0,_child0,9,39,nan
0,image,0,_child0,10,39,nan
0,image,0,_child0,11,39,nan
0,image,0,_child0,12,39,nan
0,image,0,_child0,13,39,5.669847786603396e-12
0,image,0,_child0,14,39,2.875012672448428e-11
0,image,0,_child0,15,39,1.1576312210994999e-10
0,image,0,_child0,16,39,3.971760273644555e-10
0,image,0,_child0,17,39,7.082341409068854e-10
0,image,0,_child0,18,39,1.755432274282758e-09
0,image,0,_child0,19,39,2.38863400289075e-09
0,image,0,_child0,20,39,3.2242405888732265e-09
0,image,0,_child0,21,39,4.590763517601818e-09
0,image,0,_child0,22,39,4.590763517601818e-09
0,image,0,_child0,23,39,4.590763517601818e-09
0,image,0,_child0,24,39,4.590763517601818e-09
0,image,0,_child0,25,39,4.590763517601818e-09
0,image,0,_child0,26,39,4.590763517601818e-09
0,image,0,_child0,27,39,3.2242405888732265e-09
0,image,0,_child0,28,39,2.38863400289075e-09
0,image,0,_child0,29,39,1.755432274282758e-09
0,image,0,_child0,30,39,7.082341409068854e-10
0,image,0,_child0,31,39,3.971760273644555e-10
0,image,0,_child0,32,39,1.1576312210994999e-10
0,image,0,_child0,33,39,2.875012672448428e-11
0,image,0,_child0,34,39,5.669847786603396e-12
0,image,0,_child0,35,39,nan
0,image,0,_child0,36,39,nan
0,image,0,_child0,37,39,nan
0,image,0,_child0,38,39,nan
0,image,0,_child0,39,39,nan
0,image,0,_child0,40,39,nan
0,image,0,_child0,41,39,nan
0,image,0,_child0,42,39,nan
0,image,0,_child0,43,39,nan
0,image,0,_child0,44,39,nan
0,image,0,_child0,45,39,nan
0,image,0,_child0,46,39,nan
0,image,0,_child0,47,39,nan
0,image,0,_child0,0,40,nan
0,image,0,_child0,1,40,nan
0,image,0,_child0,2,40,nan
0,image,0,_child0,3,40,nan
0,image,0,_child0,4,40,nan
0,image,0,_child0,5,40,nan
0,image,0,_child0,6,40,nan
0,image,0,_child0,7,40,nan
0,image,0,_child0,8,40,nan
0,image,0,_child0,9,40,nan
0,image,0,_child0,10,40,nan
0,image,0,_child0,11,40,nan
0,image,0,_child0,12,40,nan
0,image,0,_child0,13,40,nan
0,image,0,_child0,14,40,6.584910821547455e-13
0,image,0,_child0,15,40,5.669847786603396e-12
0,image,0,_child0,16,40,2.875012672448428e-11
0,image,0,_child0,17,40,1.1576312210994999e-10
0,image,0,_child0,18,40,2.36536510829312e-10
0,image,0,_child0,19,40,3.971760273644555e-10
0,image,0,_child0,20,40,7.082341409068854e-10
0,image,0,_child0,21,40,1.2314775953344967e-09
0,image,0,_child0,22,40,1.2314775953344967e-09
0,image,0,_child0,23,40,1.2314775953344967e-09
0,image,0,_child0,24,40,1.2314775953344967e-09
0,image,0,_child0,25,40,1.2314775953344967e-09
0,image,0,_child0,26,40,1.2314775953344967e-09
0,image,0,_child0,27,40,7.082341409068854e-10
0,image,0,_child0,28,40,3.971760273644555e-10
0,image,0,_child0,29,40,2.36536510829312e-10
0,image,0,_child0,30,40,1.1576312210994999e-10
0,image,0,_child0,31,40,2.875012672448428e-11
0,image,0,_child0,32,40,5.669847786603396e-12
0,image,0,_child0,33,40,6.584910821547455e-13
0,image,0,_child0,34,40,nan
0,image,0,_child0,35,40,nan
0,image,0,_child0,36,40,nan
0,image,0,_child0,37,40,nan
0,image,0,_child0,38,40,nan
0,image,0,_child0,39,40,nan
0,image,0,_child0,40,40,nan
0,image,0,_child0,41,40,nan
0,image,0,_child0,42,40,nan
0,image,0,_child0,43,40,nan
0,image,0,_child0,44,40,nan
0,image,0,_child0,45,40,nan
0,image,0,_child0,46,40,nan
0,image,0,_child0,47,40,nan
0,image,0,_child0,0,41,nan
0,image,0,_child0,1,41,nan
0,image,0,_child0,2,41,nan
0,image,0,_child0,3,41,nan
0,image,0,_child0,4,41,nan
0,image,0,_child0,5,41,nan
0,image,0,_child0,6,41,nan
0,image,0,_child0,7,41,nan
0,image,0,_child0,8,41,nan
0,image,0,_child0,9,41,nan
0,image,0,_child0,10,41,nan
0,image,0,_child0,11,41,nan
0,image,0,_child0,12,41,nan
0,image,0,_child0,13,41,nan
0,image,0,_child0,14,41,nan
0,image,0,_child0,15,41,nan
0,image,0,_child0,16,41,6.584910821547455e-13
0,image,0,_child0,17,41,5.669847786603396e-12
0,image,0,_child0,18,41,1.2581201190012793e-11
0,image,0,_child0,19,41,2.875012672448428e-11
0,image,0,_child0,20,41,6.105201441850333e-11
0,image,0,_child0,21,41,1.1576312210994999e-10
0,image,0,_child0,22,41,1.1576312210994999e-10
0,image,0,_child0,23,41,1.1576312210994999e-10
0,image,0,_child0,24,41,1.1576312210994999e-10
0,image,0,_child0,25,41,1.1576312210994999e-10
0,image,0,_child0,26,41,1.1576312210994999e-10
0,image,0,_child0,27,41,6.105201441850333e-11
0,image,0,_child0,28,41,2.875012672448428e-11
0,image,0,_child0,29,41,1.2581201190012793e-11
0,image,0,_child0,30,41,5.669847786603396e-12
0,image,0,_child0,31,41,6.584910821547455e-13
0,image,0,_child0,32,41,nan
0,image,0,_child0,33,41,nan
0,image,0,_child0,34,41,nan
0,image,0,_child0,35,41,nan
0,image,0,_child0,36,41,nan
0,image,0,_child0,37,41,nan
0,image,0,_child0,38,41,nan
0,image,0,_child0,39,41,nan
0,image,0,_child0,40,41,nan
0,image,0,_child0,41,41,nan
0,image,0,_child0,42,41,nan
0,image,0,_child0,43,41,nan
0,image,0,_child0,44,41,nan
0,image,0,_child0,45,41,nan
0,image,0,_child0,46,41,nan
0,image,0,_child0,47,41,nan
0,image,0,_child0,0,42,nan
0,image,0,_child0,1,42,nan
0,image,0,_child0,2,42,nan
0,image,0,_child0,3,42,nan
0,image,0,_child0,4,42,nan
0,image,0,_child0,5,42,nan
0,image,0,_child0,6,42,nan
0,image,0,_child0,7,42,nan
0,image,0,_child0,8,42,nan
0,image,0,_child0,9,42,nan
0,image,0,_child0,10,42,nan
0,image,0,_child0,11,42,nan
0,image,0,_child0,12,42,nan
0,image,0,_child0,13,42,nan
0,image,0,_child0,14,42,nan
0,image,0,_child0,15,42,nan
0,image,0,_child0,16,42,nan
0,image,0,_child0,17,42,nan
0,image,0,_child0,18,42,nan
0,image,0,_child0,19,42,6.584910821547455e-13
0,image,0,_child0,20,42,1.9112655160853623e-12
0,image,0,_child0,21,42,5.669847786603396e-12
0,image,0,_child0,22,42,5.669847786603396e-12
0,image,0,_child0,23,42,5.669847786603396e-12
0,image,0,_child0,24,42,5.669847786603396e-12
0,image,0,_child0,25,42,5.669847786603396e-12
0,image,0,_child0,26,42,5.669847786603396e-12
0,image,0,_child0,27,42,1.9112655160853623e-12
0,image,0,_child0,28,42,6.584910821547455e-13
0,image,0,_child0,29,42,nan
0,image,0,_child0,30,42,nan
0,image,0,_child0,31,42,nan
0,image,0,_child0,32,42,nan
0,image,0,_child0,33,42,nan
0,image,0,_child0,34,42,nan
0,image,0,_child0,35,42,nan
0,image,0,_child0,36,42,nan
0,image,0,_child0,37,42,nan
0,image,0,_child0,38,42,nan
0,image,0,_child0,39,42,nan
0,image,0,_child0,40,42,nan
0,image,0,_child0,41,42,nan
0,image,0,_child0,42,42,nan
0,image,0,_child0,43,42,nan
0,image,0,_child0,44,42,nan
0,image,0,_child0,45,42,nan
0,image,0,_child0,46,42,nan
0,image,0,_child0,47,42,nan
0,image,0,_child0,0,43,nan
0,image,0,_child0,1,43,nan
0,image,0,_child0,2,43,nan
0,image,0,_child0,3,43,nan
0,image,0,_child0,4,43,nan
0,image,0,_child0,5,43,nan
0,image,0,_child0,6,43,nan
0,image,0,_child0,7,43,nan
0,image,0,_child0,8,43,nan
0,image,0,_child0,9,43,nan
0,image,0,_child0,10,43,nan
0,image,0,_child0,11,43,nan
0,image,0,_child0,12,43,nan
0,image,0,_child0,13,43,nan
0,image,0,_child0,14,43,nan
0,image,0,_child0,15,43,nan
0,image,0,_child0,16,43,nan
0,image,0,_child0,17,43,nan
0,image,0,_child0,18,43,nan
0,image,0,_child0,19,43,nan
0,image,0,_child0,20,43,nan
0,image,0,_child0,21,43,nan
0,image,0,_child0,22,43,nan
0,image,0,_child0,23,43,nan
0,image,0,_child0,24,43,nan
0,image,0,_child0,25,43,nan
0,image,0,_child0,26,43,nan
0,image,0,_child0,27,43,nan
0,image,0,_child0,28,43,nan
0,image,0,_child0,29,43,nan
0,image,0,_child0,30,43,nan
0,image,0,_child0,31,43,nan
0,image,0,_child0,32,43,nan
0,image,0,_child0,33,43,nan
0,image,0,_child0,34,43,nan
0,image,0,_child0,35,43,nan
0,image,0,_child0,36,43,nan
0,image,0,_child0,37,43,nan
0,image,0,_child0,38,43,nan
0,image,0,_child0,39,43,nan
0,image,0,_child0,40,43,nan
0,image,0,_child0,41,43,nan
0,image,0,_child0,42,43,nan
0,image,0,_child0,43,43,nan
0,image,0,_child0,44,43,nan
0,image,0,_child0,45,43,nan
0,image,0,_child0,46,43,nan
0,image,0,_child0,47,43,nan
0,image,0,_child0,0,44,nan
0,image,0,_child0,1,44,nan
0,image,0,_child0,2,44,nan
0,image,0,_child0,3,44,nan
0,image,0,_child0,4,44,nan
0,image,0,_child0,5,44,nan
0,image,0,_child0,6,44,nan
0,image,0,_child0,7,44,nan
0,image,0,_child0,8,44,nan
0,image,0,_child0,9,44,nan
0,image,0,_child0,10,44,nan
0,image,0,_child0,11,44,nan
0,image,0,_child0,12,44,nan
0,image,0,_child0,13,44,nan
0,image,0,_child0,14,44,nan
0,image,0,_child0,15,44,nan
0,image,0,_child0,16,44,nan
0,image,0,_child0,17,44,nan
0,image,0,_child0,18,44,nan
0,image,0,_child0,19,44,nan
0,image,0,_child0,20,44,nan
0,image,0,_child0,21,44,nan
0,image,0,_child0,22,44,nan
0,image,0,_child0,23,44,nan
0,image,0,_child0,24,44,nan
0,image,0,_child0,25,44,nan
0,image,0,_child0,26,44,nan
0,image,0,_child0,27,44,nan
0,image,0,_child0,28,44,nan
0,image,0,_child0,29,44,nan
0,image,0,_child0,30,44,nan
0,image,0,_child0,31,44,nan
0,image,0,_child0,32,44,nan
0,image,0,_child0,33,44,nan
0,image,0,_child0,34,44,nan
0,image,0,_child0,35,44,nan
0,image,0,_child0,36,44,nan
0,image,0,_child0,37,44,nan
0,image,0,_child0,38,44,nan
0,image,0,_child0,39,44,nan
0,image,0,_child0,40,44,nan
0,image,0,_child0,41,44,nan
0,image,0,_child0,42,44,nan
0,image,0,_child0,43,44,nan
0,image,0,_child0,44,44,nan
0,image,0,_child0,45,44,nan
0,image,0,_child0,46,44,nan
0,image,0,_child0,47,44,nan
0,image,0,_child0,0,45,nan
0,image,0,_child0,1,45,nan
0,image,0,_child0,2,45,nan
0,image,0,_child0,3,45,nan
0,image,0,_child0,4,45,nan
0,image,0,_child0,5,45,nan
0,image,0,_child0,6,45,nan
0,image,0,_child0,7,45,nan
0,image,0,_child0,8,45,nan
0,image,0,_child0,9,45,nan
0,image,0,_child0,10,45,nan
0,image,0,_child0,11,45,nan
0,image,0,_child0,12,45,nan
0,image,0,_child0,13,45,nan
0,image,0,_child0,14,45,nan
0,image,0,_child0,15,45,nan
0,image,0,_child0,16,45,nan
0,image,0,_child0,17,45,nan
0,image,0,_child0,18,45,nan
0,image,0,_child0,19,45,nan
0,image,0,_child0,20,45,nan
0,image,0,_child0,21,45,nan
0,image,0,_child0,22,45,nan
0,image,0,_child0,23,45,nan
0,image,0,_child0,24,45,nan
0,image,0,_child0,25,45,nan
0,image,0,_child0,26,45,nan
0,image,0,_child0,27,45,nan
0,image,0,_child0,28,45,nan
0,image,0,_child0,29,45,nan
0,image,0,_child0,30,45,nan
0,image,0,_child0,31,45,nan
0,image,0,_child0,32,45,nan
0,image,0,_child0,33,45,nan
0,image,0,_child0,34,45,nan
0,image,0,_child0,35,45,nan
0,image,0,_child0,36,45,nan
0,image,0,_child0,37,45,nan
0,image,0,_child0,38,45,nan
0,image,0,_child0,39,45,nan
0,image,0,_child0,40,45,nan
0,image,0,_child0,41,45,nan
0,image,0,_child0,42,45,nan
0,image,0,_child0,43,45,nan
0,image,0,_child0,44,45,nan
0,image,0,_child0,45,45,nan
0,image,0,_child0,46,45,nan
0,image,0,_child0,47,45,nan
0,image,0,_child0,0,46,nan
0,image,0,_child0,1,46,nan
0,image,0,_child0,2,46,nan
0,image,0,_child0,3,46,nan
0,image,0,_child0,4,46,nan
0,image,0,_child0,5,46,nan
0,image,0,_child0,6,46,nan
0,image,0,_child0,7,46,nan
0,image,0,_child0,8,46,nan
0,image,0,_child0,9,46,nan
0,image,0,_child0,10,46,nan
0,image,0,_child0,11,46,nan
0,image,0,_child0,12,46,nan
0,image,0,_child0,13,46,nan
0,image,0,_child0,14,46,nan
0,image,0,_child0,15,46,nan
0,image,0,_child0,16,46,nan
0,image,0,_child0,17,46,nan
0,image,0,_child0,18,46,nan
0,image,0,_child0,19,46,nan
0,image,0,_child0,20,46,nan
0,image,0,_child0,21,46,nan
0,image,0,_child0,22,46,nan
0,image,0,_child0,23,46,nan
0,image,0,_child0,24,46,nan
0,image,0,_child0,25,46,nan
0,image,0,_child0,26,46,nan
0,image,0,_child0,27,46,nan
0,image,0,_child0,28,46,nan
0,image,0,_child0,29,46,nan
0,image,0,_child0,30,46,nan
0,image,0,_child0,31,46,nan
0,image,0,_child0,32,46,nan
0,image,0,_child0,33,46,nan
0,image,0,_child0,34,46,nan
0,image,0,_child0,35,46,nan
0,image,0,_child0,36,46,nan
0,image,0,_child0,37,46,nan
0,image,0,_child0,38,46,nan
0,image,0,_child0,39,46,nan
0,image,0,_child0,40,46,nan
0,image,0,_child0,41,46,nan
0,image,0,_child0,42,46,nan
0,image,0,_child0,43,46,nan
0,image,0,_child0,44,46,nan
0,image,0,_child0,45,46,nan
0,image,0,_child0,46,46,nan
0,image,0,_child0,47,46,nan
0,image,0,_child0,0,47,nan
0,image,0,_child0,1,47,nan
0,image,0,_child0,2,47,nan
0,image,0,_child0,3,47,nan
0,image,0,_child0,4,47,nan
0,image,0,_child0,5,47,nan
0,image,0,_child0,6,47,nan
0,image,0,_child0,7,47,nan
0,image,0,_child0,8,47,nan
0,image,0,_child0,9,47,nan
0,image,0,_child0,10,47,nan
0,image,0,_child0,11,47,nan
0,image,0,_child0,12,47,nan
0,image,0,_child0,13,47,nan
0,image,0,_child0,14,47,nan
0,image,0,_child0,15,47,nan
0,image,0,_child0,16,47,nan
0,image,0,_child0,17,47,nan
0,image,0,_child0,18,47,nan
0,image,0,_child0,19,47,nan
0,image,0,_child0,20,47,nan
0,image,0,_child0,21,47,nan
0,image,0,_child0,22,47,nan
0,image,0,_child0,23,47,nan
0,image,0,_child0,24,47,nan
0,image,0,_child0,25,47,nan
0,image,0,_child0,26,47,nan
0,image,0,_child0,27,47,nan
0,image,0,_child0,28,47,nan
0,image,0,_child0,29,47,nan
0,image,0,_child0,30,47,nan
0,image,0,_child0,31,47,nan
0,image,0,_child0,32,47,nan
0,image,0,_child0,33,47,nan
0,image,0,_child0,34,47,nan
0,image,0,_child0,35,47,nan
0,image,0,_child0,36,47,nan
0,image,0,_child0,37,47,nan
0,image,0,_child0,38,47,nan
0,image,0,_child0,39,47,nan
0,image,0,_child0,40,47,nan
0,image,0,_child0,41,47,nan
0,image,0,_child0,42,47,nan
0,image,0,_child0,43,47,nan
0,image,0,_child0,44,47,nan
0,image,0,_child0,45,47,nan
0,image,0,_child0,46,47,nan
0,image,0,_child0,47,47,nan
1,image,0,_child0,0,0,nan
1,image,0,_child0,1,0,nan
1,image,0,_child0,2,0,nan
1,image,0,_child0,3,0,nan
1,image,0,_child0,4,0,nan
1,image,0,_child0,5,0,nan
1,image,0,_child0,6,0,nan
1,image,0,_child0,7,0,nan
1,image,0,_child0,8,0,nan
1,image,0,_child0,9,0,nan
1,image,0,_child0,10,0,nan
1,image,0,_child0,11,0,nan
1,image,0,_child0,12,0,nan
1,image,0,_child0,13,0,nan
1,image,0,_child0,14,0,nan
1,image,0,_child0,15,0,nan
1,image,0,_child0,16,0,nan
1,image,0,_child0,17,0,nan
1,image,0,_child0,18,0,nan
1,image,0,_child0,19,0,nan
1,image,0,_child0,20,0,nan
1,image,0,_child0,21,0,nan
1,image,0,_child0,22,0,nan
1,image,0,_child0,23,0,nan
1,image,0,_child0,24,0,nan
1,image,0,_child0,25,0,nan
1,image,0,_child0,26,0,nan
1,image,0,_child0,27,0,nan
1,image,0,_child0,28,0,nan
1,image,0,_child0,29,0,nan
1,image,0,_child0,30,0,nan
1,image,0,_child0,31,0,nan
1,image,0,_child0,32,0,nan
1,image,0,_child0,33,0,nan
1,image,0,_child0,34,0,nan
1,image,0,_child0,35,0,nan
1,image,0,_child0,36,0,nan
1,image,0,_child0,37,0,nan
1,image,0,_child0,38,0,nan
1,image,0,_child0,39,0,nan
1,image,0,_child0,40,0,nan
1,image,0,_child0,41,0,nan
1,image,0,_child0,42,0,nan
1,image,0,_child0,43,0,nan
1,image,0,_child0,44,0,nan
1,image,0,_child0,45,0,nan
1,image,0,_child0,46,0,nan
1,image,0,_child0,47,0,nan
1,image,0,_child0,0,1,nan
1,image,0,_child0,1,1,nan
1,image,0,_child0,2,1,nan
1,image,0,_child0,3,1,nan
1,image,0,_child0,4,1,nan
1,image,0,_child0,5,1,nan
1,image,0,_child0,6,1,nan
1,image,0,_child0,7,1,nan
1,image,0,_child0,8,1,nan
1,image,0,_child0,9,1,nan
1,image,0,_child0,10,1,nan
1,image,0,_child0,11,1,nan
1,image,0,_child0,12,1,nan
1,image,0,_child0,13,1,nan
1,image,0,_child0,14,1,nan
1,image,0,_child0,15,1,nan
1,image,0,_child0,16,1,nan
1,image,0,_child0,17,1,nan
1,image,0,_child0,18,1,nan
1,image,0,_child0,19,1,nan
1,image,0,_child0,20,1,nan
1,image,0,_child0,21,1,nan
1,image,0,_child0,22,1,nan
1,image,0,_child0,23,1,nan
1,image,0,_child0,24,1,nan
1,image,0,_child0,25,1,nan
1,image,0,_child0,26,1,nan
1,image,0,_child0,27,1,nan
1,image,0,_child0,28,1,nan
1,image,0,_child0,29,1,nan
1,image,0,_child0,30,1,nan
1,image,0,_child0,31,1,nan
1,image,0,_child0,32,1,nan
1,image,0,_child0,33,1,nan
1,image,0,_child0,34,1,nan
1,image,0,_child0,35,1,nan
1,image,0,_child0,36,1,nan
1,image,0,_child0,37,1,nan
1,image,0,_child0,38,1,nan
1,image,0,_child0,39,1,nan
1,image,0,_child0,40,1,nan
1,image,0,_child0,41,1,nan
1,image,0,_child0,42,1,nan
1,image,0,_child0,43,1,nan
1,image,0,_child0,44,1,nan
1,image,0,_child0,45,1,nan
1,image,0,_child0,46,1,nan
1,image,0,_child0,47,1,nan
1,image,0,_child0,0,2,nan
1,image,0,_child0,1,2,nan
1,image,0,_child0,2,2,nan
1,image,0,_child0,3,2,nan
1,image,0,_child0,4,2,nan
1,image,0,_child0,5,2,nan
1,image,0,_child0,6,2,nan
1,image,0,_child0,7,2,nan
1,image,0,_child0,8,2,nan
1,image,0,_child0,9,2,nan
1,image,0,_child0,10,2,nan
1,image,0,_child0,11,2,nan
1,image,0,_child0,12,2,nan
1,image,0,_child0,13,2,nan
1,image,0,_child0,14,2,nan
1,image,0,_child0,15,2,nan
1,image,0,_child0,16,2,nan
1,image,0,_child0,17,2,nan
1,image,0,_child0,18,2,nan
1,image,0,_child0,19,2,nan
1,image,0,_child0,20,2,nan
1,image,0,_child0,21,2,nan
1,image,0,_child0,22,2,nan
1,image,0,_child0,23,2,nan
1,image,0,_child0,24,2,nan
1,image,0,_child0,25,2,nan
1,image,0,_child0,26,2,nan
1,image,0,_child0,27,2,nan
1,image,0,_child0,28,2,nan
1,image,0,_child0,29,2,nan
1,image,0,_child0,30,2,nan
1,image,0,_child0,31,2,nan
1,image,0,_child0,32,2,nan
1,image,0,_child0,33,2,nan
1,image,0,_child0,34,2,nan
1,image,0,_child0,35,2,nan
1,image,0,_child0,36,2,nan
1,image,0,_child0,37,2,nan
1,image,0,_child0,38,2,nan
1,image,0,_child0,39,2,nan
1,image,0,_child0,40,2,nan
1,image,0,_child0,41,2,nan
1,image,0,_child0,42,2,nan
1,image,0,_child0,43,2,nan
1,image,0,_child0,44,2,nan
1,image,0,_child0,45,2,nan
1,image,0,_child0,46,2,nan
1,image,0,_child0,47,2,nan
1,image,0,_child0,0,3,nan
1,image,0,_child0,1,3,nan
1,image,0,_child0,2,3,nan
1,image,0,_child0,3,3,nan
1,image,0,_child0,4,3,nan
1,image,0,_child0,5,3,nan
1,image,0,_child0,6,3,nan
1,image,0,_child0,7,3,nan
1,image,0,_child0,8,3,nan
1,image,0,_child0,9,3,nan
1,image,0,_child0,10,3,nan
1,image,0,_child0,11,3,nan
1,image,0,_child0,12,3,nan
1,image,0,_child0,13,3,nan
1,image,0,_child0,14,3,nan
1,image,0,_child0,15,3,nan
1,image,0,_child0,16,3,nan
1,image,0,_child0,17,3,nan
1,image,0,_child0,18,3,nan
1,image,0,_child0,19,3,nan
1,image,0,_child0,20,3,nan
1,image,0,_child0,21,3,nan
1,image,0,_child0,22,3,nan
1,image,0,_child0,23,3,nan
1,image,0,_child0,24,3,nan
1,image,0,_child0,25,3,nan
1,image,0,_child0,26,3,nan
1,image,0,_child0,27,3,nan
1,image,0,_child0,28,3,nan
1,image,0,_child0,29,3,nan
1,image,0,_child0,30,3,nan
1,image,0,_child0,31,3,nan
1,image,0,_child0,32,3,nan
1,image,0,_child0,33,3,nan
1,image,0,_child0,34,3,nan
1,image,0,_child0,35,3,nan
1,image,0,_child0,36,3,nan
1,image,0,_child0,37,3,nan
1,image,0,_child0,38,3,nan
1,image,0,_child0,39,3,nan
1,image,0,_child0,40,3,nan
1,image,0,_child0,41,3,nan
1,image,0,_child0,42,3,nan
1,image,0,_child0,43,3,nan
1,image,0,_child0,44,3,nan
1,image,0,_child0,45,3,nan
1,image,0,_child0,46,3,nan
1,image,0,_child0,47,3,nan
1,image,0,_child0,0,4,nan
1,image,0,_child0,1,4,nan
1,image,0,_child0,2,4,nan
1,image,0,_child0,3,4,nan
1,image,0,_child0,4,4,nan
1,image,0,_child0,5,4,nan
1,image,0,_child0,6,4,nan
1,image,0,_child0,7,4,nan
1,image,0,_child0,8,4,nan
1,image,0,_child0,9,4,nan
1,image,0,_child0,10,4,nan
1,image,0,_child0,11,4,nan
1,image,0,_child0,12,4,nan
1,image,0,_child0,13,4,nan
1,image,0,_child0,14,4,nan
1,image,0,_child0,15,4,nan
1,image,0,_child0,16,4,nan
1,image,0,_child0,17,4,nan
1,image,0,_child0,18,4,nan
1,image,0,_child0,19,4,nan
1,image,0,_child0,20,4,nan
1,image,0,_child0,21,4,nan
1,image,0,_child0,22,4,nan
1,image,0,_child0,23,4,nan
1,image,0,_child0,24,4,nan
1,image,0,_child0,25,4,nan
1,image,0,_child0,26,4,nan
1,image,0,_child0,27,4,nan
1,image,0,_child0,28,4,nan
1,image,0,_child0,29,4,nan
1,image,0,_child0,30,4,nan
1,image,0,_child0,31,4,nan
1,image,0,_child0,32,4,nan
1,image,0,_child0,33,4,nan
1,image,0,_child0,34,4,nan
1,image,0,_child0,35,4,nan
1,image,0,_child0,36,4,nan
1,image,0,_child0,37,4,nan
1,image,0,_child0,38,4,nan
1,image,0,_child0,39,4,nan
1,image,0,_child0,40,4,nan
1,image,0,_child0,41,4,nan
1,image,0,_child0,42,4,nan
1,image,0,_child0,43,4,nan
1,image,0,_child0,44,4,nan
1,image,0,_child0,45,4,nan
1,image,0,_child0,46,4,nan
1,image,0,_child0,47,4,nan
1,image,0,_child0,0,5,nan
1,image,0,_child0,1,5,nan
1,image,0,_child0,2,5,nan
1,image,0,_child0,3,5,nan
1,image,0,_child0,4,5,nan
1,image,0,_child0,5,5,nan
1,image,0,_child0,6,5,nan
1,image,0,_child0,7,5,nan
1,image,0,_child0,8,5,nan
1,image,0,_child0,9,5,nan
1,image,0,_child0,10,5,nan
1,image,0,_child0,11,5,nan
1,image,0,_child0,12,5,nan
1,image,0,_child0,13,5,nan
1,image,0,_child0,14,5,nan
1,image,0,_child0,15,5,nan
1,image,0,_child0,16,5,nan
1,image,0,_child0,17,5,nan
1,image,0,_child0,18,5,nan
1,image,0,_child0,19,5,nan
1,image,0,_child0,20,5,nan
1,image,0,_child0,21,5,nan
1,image,0,_child0,22,5,nan
1,image,0,_child0,23,5,nan
1,image,0,_child0,24,5,nan
1,image,0,_child0,25,5,nan
1,image,0,_child0,26,5,nan
1,image,0,_child0,27,5,nan
1,image,0,_child0,28,5,nan
1,image,0,_child0,29,5,nan
1,image,0,_child0,30,5,nan
1,image,0,_child0,31,5,nan
1,image,0,_child0,32,5,nan
1,image,0,_child0,33,5,nan
1,image,0,_child0,34,5,nan
1,image,0,_child0,35,5,nan
1,image,0,_child0,36,5,nan
1,image,0,_child0,37,5,nan
1,image,0,_child0,38,5,nan
1,image,0,_child0,39,5,nan
1,image,0,_child0,40,5,nan
1,image,0,_child0,41,5,nan
1,image,0,_child0,42,5,nan
1,image,0,_child0,43,5,nan
1,image,0,_child0,44,5,nan
1,image,0,_child0,45,5,nan
1,image,0,_child0,46,5,nan
1,image,0,_child0,47,5,nan
1,image,0,_child0,0,6,nan
1,image,0,_child0,1,6,nan
1,image,0,_child0,2,6,nan
1,image,0,_child0,3,6,nan
1,image,0,_child0,4,6,nan
1,image,0,_child0,5,6,nan
1,image,0,_child0,6,6,nan
1,image,0,_child0,7,6,nan
1,image,0,_child0,8,6,nan
1,image,0,_child0,9,6,nan
1,image,0,_child0,10,6,nan
1,image,0,_child0,11,6,nan
1,image,0,_child0,12,6,nan
1,image,0,_child0,13,6,nan
1,image,0,_child0,14,6,nan
1,image,0,_child0,15,6,nan
1,image,0,_child0,16,6,nan
1,image,0,_child0,17,6,nan
1,image,0,_child0,18,6,nan
1,image,0,_child0,19,6,nan
1,image,0,_child0,20,6,nan
1,image,0,_child0,21,6,nan
1,image,0,_child0,22,6,nan
1,image,0,_child0,23,6,nan
1,image,0,_child0,24,6,nan
1,image,0,_child0,25,6,nan
1,image,0,_child0,26,6,nan
1,image,0,_child0,27,6,nan
1,image,0,_child0,28,6,nan
1,image,0,_child0,29,6,nan
1,image,0,_child0,30,6,nan
1,image,0,_child0,31,6,nan
1,image,0,_child0,32,6,nan
1,image,0,_child0,33,6,nan
1,image,0,_child0,34,6,nan
1,image,0,_child0,35,6,nan
1,image,0,_child0,36,6,nan
1,image,0,_child0,37,6,nan
1,image,0,_child0,38,6,nan
1,image,0,_child0,39,6,nan
1,image,0,_child0,40,6,nan
1,image,0,_child0,41,6,nan
1,image,0,_child0,42,6,nan
1,image,0,_child0,43,6,nan
1,image,0,_child0,44,6,nan
1,image,0,_child0,45,6,nan
1,image,0,_child0,46,6,nan
1,image,0,_child0,47,6,nan
1,image,0,_child0,0,7,nan
1,image,0,_child0,1,7,nan
1,image,0,_child0,2,7,nan
1,image,0,_child0,3,7,nan
1,image,0,_child0,4,7,nan
1,image,0,_child0,5,7,nan
1,image,0,_child0,6,7,nan
1,image,0,_child0,7,7,nan
1,image,0,_child0,8,7,nan
1,image,0,_child0,9,7,nan
1,image,0,_child0,10,7,nan
1,image,0,_child0,11,7,nan
1,image,0,_child0,12,7,nan
1,image,0,_child0,13,7,nan
1,image,0,_child0,14,7,nan
1,image,0,_child0,15,7,nan
1,image,0,_child0,16,7,nan
1,image,0,_child0,17,7,nan
1,image,0,_child0,18,7,nan
1,image,0,_child0,19,7,nan
1,image,0,_child0,20,7,nan
1,image,0,_child0,21,7,nan
1,image,0,_child0,22,7,nan
1,image,0,_child0,23,7,nan
1,image,0,_child0,24,7,nan
1,image,0,_child0,25,7,nan
1,image,0,_child0,26,7,nan
1,image,0,_child0,27,7,nan
1,image,0,_child0,28,7,nan
1,image,0,_child0,29,7,nan
1,image,0,_child0,30,7,nan
1,image,0,_child0,31,7,nan
1,image,0,_child0,32,7,nan
1,image,0,_child0,33,7,nan
1,image,0,_child0,34,7,nan
1,image,0,_child0,35,7,nan
1,image,0,_child0,36,7,nan
1,image,0,_child0,37,7,nan
1,image,0,_child0,38,7,nan
1,image,0,_child0,39,7,nan
1,image,0,_child0,40,7,nan
1,image,0,_child0,41,7,nan
1,image,0,_child0,42,7,nan
1,image,0,_child0,43,7,nan
1,image,0,_child0,44,7,nan
1,image,0,_child0,45,7,nan
1,image,0,_child0,46,7,nan
1,image,0,_child0,47,7,nan
1,image,0,_child0,0,8,nan
1,image,0,_child0,1,8,nan
1,image,0,_child0,2,8,nan
1,image,0,_child0,3,8,nan
1,image,0,_child0,4,8,nan
1,image,0,_child0,5,8,nan
1,image,0,_child0,6,8,nan
1,image,0,_child0,7,8,nan
1,image,0,_child0,8,8,nan
1,image,0,_child0,9,8,nan
1,image,0,_child0,10,8,nan
1,image,0,_child0,11,8,nan
1,image,0,_child0,12,8,nan
1,image,0,_child0,13,8,nan
1,image,0,_child0,14,8,nan
1,image,0,_child0,15,8,nan
1,image,0,_child0,16,8,nan
1,image,0,_child0,17,8,nan
1,image,0,_child0,18,8,nan
1,image,0,_child0,19,8,nan
1,image,0,_child0,20,8,nan
1,image,0,_child0,21,8,1.0311258926692939e-09
1,image,0,_child0,22,8,2.051087335881334e-09
1,image,0,_child0,23,8,2.051087335881334e-09
1,image,0,_child0,24,8,2.051087335881334e-09
1,image,0,_child0,25,8,2.051087335881334e-09
1,image,0,_child0,26,8,1.0311258926692939e-09
1,image,0,_child0,27,8,nan
1,image,0,_child0,28,8,nan
1,image,0,_child0,29,8,nan
1,image,0,_child0,30,8,nan
1,image,0,_child0,31,8,nan
1,image,0,_child0,32,8,nan
1,image,0,_child0,33,8,nan
1,image,0,_child0,34,8,nan
1,image,0,_child0,35,8,nan
1,image,0,_child0,36,8,nan
1,image,0,_child0,37,8,nan
1,image,0,_child0,38,8,nan
1,image,0,_child0,39,8,nan
1,image,0,_child0,40,8,nan
1,image,0,_child0,41,8,nan
1,image,0,_child0,42,8,nan
1,image,0,_child0,43,8,nan
1,image,0,_child0,44,8,nan
1,image,0,_child0,45,8,nan
1,image,0,_child0,46,8,nan
1,image,0,_child0,47,8,nan
1,image,0,_child0,0,9,nan
1,image,0,_child0,1,9,nan
1,image,0,_child0,2,9,nan
1,image,0,_child0,3,9,nan
1,image,0,_child0,4,9,nan
1,image,0,_child0,5,9,nan
1,image,0,_child0,6,9,nan
1,image,0,_child0,7,9,nan
1,image,0,_child0,8,9,nan
1,image,0,_child0,9,9,nan
1,image,0,_child0,10,9,nan
1,image,0,_child0,11,9,nan
1,image,0,_child0,12,9,nan
1,image,0,_child0,13,9,nan
1,image,0,_child0,14,9,nan
1,image,0,_child0,15,9,nan
1,image,0,_child0,16,9,nan
1,image,0,_child0,17,9,nan
1,image,0,_child0,18,9,2.3060574816903036e-09
1,image,0,_child0,19,9,4.062837582195788e-09
1,image,0,_child0,20,9,5.782619914732404e-09
1,image,0,_child0,21,9,5.9638964176172296e-09
1,image,0,_child0,22,9,5.651771677464946e-09
1,image,0,_child0,23,9,5.880905470255426e-09
1,image,0,_child0,24,9,5.880905470255426e-09
1,image,0,_child0,25,9,5.651771677464946e-09
1,image,0,_child0,26,9,5.9638964176172296e-09
1,image,0,_child0,27,9,5.782619914732404e-09
1,image,0,_child0,28,9,4.062837582195788e-09
1,image,0,_child0,29,9,2.3060574816903036e-09
1,image,0,_child0,30,9,nan
1,image,0,_child0,31,9,nan
1,image,0,_child0,32,9,nan
1,image,0,_child0,33,9,nan
1,image,0,_child0,34,9,nan
1,image,0,_child0,35,9,nan
1,image,0,_child0,36,9,nan
1,image,0,_child0,37,9,nan
1,image,0,_child0,38,9,nan
1,image,0,_child0,39,9,nan
1,image,0,_child0,40,9,nan
1,image,0,_child0,41,9,nan
1,image,0,_child0,42,9,nan
1,image,0,_child0,43,9,nan
1,image,0,_child0,44,9,nan
1,image,0,_child0,45,9,nan
1,image,0,_child0,46,9,nan
1,image,0,_child0,47,9,nan
1,image,0,_child0,0,10,nan
1,image,0,_child0,1,10,nan
1,image,0,_child0,2,10,nan
1,image,0,_child0,3,10,nan
1,image,0,_child0,4,10,nan
1,image,0,_child0,5,10,nan
1,image,0,_child0,6,10,nan
1,image,0,_child0,7,10,nan
1,image,0,_child0,8,10,nan
1,image,0,_child0,9,10,nan
1,image,0,_child0,10,10,nan
1,image,0,_child0,11,10,nan
1,image,0,_child0,12,10,nan
1,image,0,_child0,13,10,nan
1,image,0,_child0,14,10,nan
1,image,0,_child0,15,10,nan
1,image,0,_child0,16,10,2.81322687593797e-09
1,image,0,_child0,17,10,5.292494477732353e-09
1,image,0,_child0,18,10,5.903894261513296e-09
1,image,0,_child0,19,10,5.780123145823307e-09
1,image,0,_child0,20,10,5.4288453398360295e-09
1,image,0,_child0,21,10,5.581501471965284e-09
1,image,0,_child0,22,10,5.775057433441384e-09
1,image,0,_child0,23,10,5.257981050051755e-09
1,image,0,_child0,24,10,5.257981050051755e-09
1,image,0,_child0,25,10,5.775057433441384e-09
1,image,0,_child0,26,10,5.581501471965284e-09
1,image,0,_child0,27,10,5.4288453398360295e-09
1,image,0,_child0,28,10,5.780123145823307e-09
1,image,0,_child0,29,10,5.903894261513296e-09
1,image,0,_child0,30,10,5.292494477732353e-09
1,image,0,_child0,31,10,2.81322687593797e-09
1,image,0,_child0,32,10,nan
1,image,0,_child0,33,10,nan
1,image,0,_child0,34,10,nan
1,image,0,_child0,35,10,nan
1,image,0,_child0,36,10,nan
1,image,0,_child0,37,10,nan
1,image,0,_child0,38,10,nan
1,image,0,_child0,39,10,nan
1,image,0,_child0,40,10,nan
1,image,0,_child0,41,10,nan
1,image,0,_child0,42,10,nan
1,image,0,_child0,43,10,nan
1,image,0,_child0,44,10,nan
1,image,0,_child0,45,10,nan
1,image,0,_child0,46,10,nan
1,image,0,_child0,47,10,nan
1,image,0,_child0,0,11,nan
1,image,0,_child0,1,11,nan
1,image,0,_child0,2,11,nan
1,image,0,_child0,3,11,nan
1,image,0,_child0,4,11,nan
1,image,0,_child0,5,11,nan
1,image,0,_child0,6,11,nan
1,image,0,_child0,7,11,nan
1,image,0,_child0,8,11,nan
1,image,0,_child0,9,11,nan
1,image,0,_child0,10,11,nan
1,image,0,_child0,11,11,nan
1,image,0,_child0,12,11,nan
1,image,0,_child0,13,11,nan
1,image,0,_child0,14,11,1.0283347803049804e-09
1,image,0,_child0,15,11,4.5558324508463835e-09
1,image,0,_child0,16,11,5.663190886027724e-09
1,image,0,_child0,17,11,5.719105333510568e-09
1,image,0,_child0,18,11,5.0999367555896365e-09
1,image,0,_child0,19,11,5.867441558631807e-09
1,image,0,_child0,20,11,5.084626190505987e-09
1,image,0,_child0,21,11,5.8589544622553525e-09
1,image,0,_child0,22,11,5.352148241379415e-09
1,image,0,_child0,23,11,5.9634912066406635e-09
1,image,0,_child0,24,11,5.9634912066406635e-09
1,image,0,_child0,25,11,5.352148241379415e-09
1,image,0,_child0,26,11,5.8589544622553525e-09
1,image,0,_child0,27,11,5.084626190505987e-09
1,image,0,_child0,28,11,5.867441558631807e-09
1,image,0,_child0,29,11,5.0999367555896365e-09
1,image,0,_child0,30,11,5.719105333510568e-09
1,image,0,_child0,31,11,5.663190886027724e-09
1,image,0,_child0,32,11,4.5558324508463835e-09
1,image,0,_child0,33,11,1.0283347803049804e-09
1,image,0,_child0,34,11,nan
1,image,0,_child0,35,11,nan
1,image,0,_child0,36,11,nan
1,image,0,_child0,37,11,nan
1,image,0,_child0,38,11,nan
1,image,0,_child0,39,11,nan
1,image,0,_child0,40,11,nan
1,image,0,_child0,41,11,nan
1,image,0,_child0,42,11,nan
1,image,0,_child0,43,11,nan
1,image,0,_child0,44,11,nan
1,image,0,_child0,45,11,nan
1,image,0,_child0,46,11,nan
1,image,0,_child0,47,11,nan
1,image,0,_child0,0,12,nan
1,image,0,_child0,1,12,nan
1,image,0,_child0,2,12,nan
1,image,0,_child0,3,12,nan
1,image,0,_child0,4,12,nan
1,image,0,_child0,5,12,nan
1,image,0,_child0,6,12,nan
1,image,0,_child0,7,12,nan
1,image,0,_child0,8,12,nan
1,image,0,_child0,9,12,nan
1,image,0,_child0,10,12,nan
1,image,0,_child0,11,12,nan
1,image,0,_child0,12,12,nan
1,image,0,_child0,13,12,1.2833251411079905e-09
1,image,0,_child0,14,12,5.779867957928713e-09
1,image,0,_child0,15,12,5.559650800968317e-09
1,image,0,_child0,16,12,6.0483309975637755e-09
1,image,0,_child0,17,12,5.373601922841976e-09
1,image,0,_child0,18,12,5.6510164330421885e-09
1,image,0,_child0,19,12,5.682343226206552e-09
1,image,0,_child0,20,12,5.74886375183636e-09
1,image,0,_child0,21,12,5.420404787172889e-09
1,image,0,_child0,22,12,5.739824760010299e-09
1,image,0,_child0,23,12,5.4850340901864526e-09
1,image,0,_child0,24,12,5.4850340901864526e-09
1,image,0,_child0,25,12,5.739824760010299e-09
1,image,0,_child0,26,12,5.420404787172889e-09
1,image,0,_child0,27,12,5.74886375183636e-09
1,image,0,_child0,28,12,5.682343226206552e-09
1,image,0,_child0,29,12,5.6510164330421885e-09
1,image,0,_child0,30,12,5.373601922841976e-09
1,image,0,_child0,31,12,6.0483309975637755e-09
1,image,0,_child0,32,12,5.559650800968317e-09
1,image,0,_child0,33,12,5.779867957928713e-09
1,image,0,_child0,34,12,1.2833251411079905e-09
1,image,0,_child0,35,12,nan
1,image,0,_child0,36,12,nan
1,image,0,_child0,37,12,nan
1,image,0,_child0,38,12,nan
1,image,0,_child0,39,12,nan
1,image,0,_child0,40,12,nan
1,image,0,_child0,41,12,nan
1,image,0,_child0,42,12,nan
1,image,0,_child0,43,12,nan
1,image,0,_child0,44,12,nan
1,image,0,_child0,45,12,nan
1,image,0,_child0,46,12,nan
1,image,0,_child0,47,12,nan
1,image,0,_child0,0,13,nan
1,image,0,_child0,1,13,nan
1,image,0,_child0,2,13,nan
1,image,0,_child0,3,13,nan
1,image,0,_child0,4,13,nan
1,image,0,_child0,5,13,nan
1,image,0,_child0,6,13,nan
1,image,0,_child0,7,13,nan
1,image,0,_child0,8,13,nan
1,image,0,_child0,9,13,nan
1,image,0,_child0,10,13,nan
1,image,0,_child0,11,13,nan
1,image,0,_child0,12,13,1.2833251411079905e-09
1,image,0,_child0,13,13,6.017931836330959e-09
1,image,0,_child0,14,13,5.504695335294755e-09
1,image,0,_child0,15,13,5.733666630167032e-09
1,image,0,_child0,16,13,5.479411325769627e-09
1,image,0,_child0,17,13,5.691582183843142e-09
1,image,0,_child0,18,13,5.662369431589115e-09
1,image,0,_child0,19,13,5.658627602710285e-09
1,image,0,_child0,20,13,5.675208893000546e-09
1,image,0,_child0,21,13,5.533083284394499e-09
1,image,0,_child0,22,13,5.431479506732904e-09
1,image,0,_child0,23,13,5.390213069278308e-09
1,image,0,_child0,24,13,5.390213069278308e-09
1,image,0,_child0,25,13,5.431479506732904e-09
1,image,0,_child0,26,13,5.533083284394499e-09
1,image,0,_child0,27,13,5.675208893000546e-09
1,image,0,_child0,28,13,5.658627602710285e-09
1,image,0,_child0,29,13,5.662369431589115e-09
1,image,0,_child0,30,13,5.691582183843142e-09
1,image,0,_child0,31,13,5.479411325769627e-09
1,image,0,_child0,32,13,5.733666630167032e-09
1,image,0,_child0,33,13,5.504695335294755e-09
1,image,0,_child0,34,13,6.017931836330959e-09
1,image,0,_child0,35,13,1.2833251411079905e-09
1,image,0,_child0,36,13,nan
1,image,0,_child0,37,13,nan
1,image,0,_child0,38,13,nan
1,image,0,_child0,39,13,nan
1,image,0,_child0,40,13,nan
1,image,0,_child0,41,13,nan
1,image,0,_child0,42,13,nan
1,image,0,_child0,43,13,nan
1,image,0,_child0,44,13,nan
1,image,0,_child0,45,13,nan
1,image,0,_child0,46,13,nan
1,image,0,_child0,47,13,nan
1,image,0,_child0,0,14,nan
1,image,0,_child0,1,14,nan
1,image,0,_child0,2,14,nan
1,image,0,_child0,3,14,nan
1,image,0,_child0,4,14,nan
1,image,0,_child0,5,14,nan
1,image,0,_child0,6,14,nan
1,image,0,_child0,7,14,nan
1,image,0,_child0,8,14,nan
1,image,0,_child0,9,14,nan
1,image,0,_child0,10,14,nan
1,image,0,_child0,11,14,1.0283347803049804e-09
1,image,0,_child0,12,14,5.779867957928713e-09
1,image,0,_child0,13,14,5.504695335294755e-09
1,image,0,_child0,14,14,5.460240692145363e-09
1,image,0,_child0,15,14,5.425040150274368e-09
1,image,0,_child0,16,14,5.553387798686842e-09
1,image,0,_child0,17,14,5.497549938100254e-09
1,image,0,_child0,18,14,5.43876719348678e-09
1,image,0,_child0,19,14,5.749462064146463e-09
1,image,0,_child0,20,14,5.371760599252227e-09
1,image,0,_child0,21,14,5.54799817495846e-09
1,image,0,_child0,22,14,5.428611024678611e-09
1,image,0,_child0,23,14,5.2262046386579325e-09
1,image,0,_child0,24,14,5.2262046386579325e-09
1,image,0,_child0,25,14,5.428611024678611e-09
1,image,0,_child0,26,14,5.54799817495846e-09
1,image,0,_child0,27,14,5.371760599252227e-09
1,image,0,_child0,28,14,5.749462064146463e-09
1,image,0,_child0,29,14,5.43876719348678e-09
1,image,0,_child0,30,14,5.497549938100254e-09
1,image,0,_child0,31,14,5.553387798686842e-09
1,image,0,_child0,32,14,5.425040150274368e-09
1,image,0,_child0,33,14,5.460240692145363e-09
1,image,0,_child0,34,14,5.504695335294755e-09
1,image,0,_child0,35,14,5.779867957928713e-09
1,image,0,_child0,36,14,1.0283347803049804e-09
1,image,0,_child0,37,14,nan
1,image,0,_child0,38,14,nan
1,image,0,_child0,39,14,nan
1,image,0,_child0,40,14,nan
1,image,0,_child0,41,14,nan
1,image,0,_child0,42,14,nan
1,image,0,_child0,43,14,nan
1,image,0,_child0,44,14,nan
1,image,0,_child0,45,14,nan
1,image,0,_child0,46,14,nan
1,image,0,_child0,47,14,nan
1,image,0,_child0,0,15,nan
1,image,0,_child0,1,15,nan
1,image,0,_child0,2,15,nan
1,image,0,_child0,3,15,nan
1,image,0,_child0,4,15,nan
1,image,0,_child0,5,15,nan
1,image,0,_child0,6,15,nan
1,image,0,_child0,7,15,nan
1,image,0,_child0,8,15,nan
1,image,0,_child0,9,15,nan
1,image,0,_child0,10,15,nan
1,image,0,_child0,11,15,4.5558324508463835e-09
1,image,0,_child0,12,15,5.559650800968317e-09
1,image,0,_child0,13,15,5.733666630167032e-09
1,image,0,_child0,14,15,5.425040150274368e-09
1,image,0,_child0,15,15,6.142951483225762e-09
1,image,0,_child0,16,15,5.425632154446933e-09
1,image,0,_child0,17,15,5.677892952456231e-09
1,image,0,_child0,18,15,5.371791612736915e-09
1,image,0,_child0,19,15,5.435053123130958e-09
1,image,0,_child0,20,15,5.509382859372261e-09
1,image,0,_child0,21,15,5.467654393887325e-09
1,image,0,_child0,22,15,5.45789169107381e-09
1,image,0,_child0,23,15,5.56909720294095e-09
1,image,0,_child0,24,15,5.56909720294095e-09
1,image,0,_child0,25,15,5.45789169107381e-09
1,image,0,_child0,26,15,5.467654393887325e-09
1,image,0,_child0,27,15,5.509382859372261e-09
1,image,0,_child0,28,15,5.435053123130958e-09
1,image,0,_child0,29,15,5.371791612736915e-09
1,image,0,_child0,30,15,5.677892952456231e-09
1,image,0,_child0,31,15,5.425632154446933e-09
1,image,0,_child0,32,15,6.142951483225762e-09
1,image,0,_child0,33,15,5.425040150274368e-09
1,image,0,_child0,34,15,5.733666630167032e-09
1,image,0,_child0,35,15,5.559650800968317e-09
1,image,0,_child0,36,15,4.5558324508463835e-09
1,image,0,_child0,37,15,nan
1,image,0,_child0,38,15,nan
1,image,0,_child0,39,15,nan
1,image,0,_child0,40,15,nan
1,image,0,_child0,41,15,nan
1,image,0,_child0,42,15,nan
1,image,0,_child0,43,15,nan
1,image,0,_child0,44,15,nan
1,image,0,_child0,45,15,nan
1,image,0,_child0,46,15,nan
1,image,0,_child0,47,15,nan
1,image,0,_child0,0,16,nan
1,image,0,_child0,1,16,nan
1,image,0,_child0,2,16,nan
1,image,0,_child0,3,16,nan
1,image,0,_child0,4,16,nan
1,image,0,_child0,5,16,nan
1,image,0,_child0,6,16,nan
1,image,0,_child0,7,16,nan
1,image,0,_child0,8,16,nan
1,image,0,_child0,9,16,nan
1,image,0,_child0,10,16,2.81322687593797e-09
1,image,0,_child0,11,16,5.663190886027724e-09
1,image,0,_child0,12,16,6.0483309975637755e-09
1,image,0,_child0,13,16,5.479411325769627e-09
1,image,0,_child0,14,16,5.553387798686842e-09
1,image,0,_child0,15,16,5.425632154446933e-09
1,image,0,_child0,16,16,4.7160859677019504e-09
1,image,0,_child0,17,16,5.455169568486873e-09
1,image,0,_child0,18,16,5.904893109652771e-09
1,image,0,_child0,19,16,5.536481759470959e-09
1,image,0,_child0,20,16,5.398260884578159e-09
1,image,0,_child0,21,16,5.419136033645165e-09
1,image,0,_child0,22,16,5.2403355285056526e-09
1,image,0,_child0,23,16,5.546522257869124e-09
1,image,0,_child0,24,16,5.546522257869124e-09
1,image,0,_child0,25,16,5.2403355285056526e-09
1,image,0,_child0,26,16,5.419136033645165e-09
1,image,0,_child0,27,16,5.398260884578159e-09
1,image,0,_child0,28,16,5.536481759470959e-09
1,image,0,_child0,29,16,5.904893109652771e-09
1,image,0,_child0,30,16,5.455169568486873e-09
1,image,0,_child0,31,16,4.7160859677019504e-09
1,image,0,_child0,32,16,5.425632154446933e-09
1,image,0,_child0,33,16,5.553387798686842e-09
1,image,0,_child0,34,16,5.479411325769627e-09
1,image,0,_child0,35,16,6.0483309975637755e-09
1,image,0,_child0,36,16,5.663190886027724e-09
1,image,0,_child0,37,16,2.81322687593797e-09
1,image,0,_child0,38,16,nan
1,image,0,_child0,39,16,nan
1,image,0,_child0,40,16,nan
1,image,0,_child0,41,16,nan
1,image,0,_child0,42,16,nan
1,image,0,_child0,43,16,nan
1,image,0,_child0,44,16,nan
1,image,0,_child0,45,16,nan
1,image,0,_child0,46,16,nan
1,image,0,_child0,47,16,nan
1,image,0,_child0,0,17,nan
1,image,0,_child0,1,17,nan
1,image,0,_child0,2,17,nan
1,image,0,_child0,3,17,nan
1,image,0,_child0,4,17,nan
1,image,0,_child0,5,17,nan
1,image,0,_child0,6,17,nan
1,image,0,_child0,7,17,nan
1,image,0,_child0,8,17,nan
1,image,0,_child0,9,17,nan
1,image,0,_child0,10,17,5.292494477732353e-09
1,image,0,_child0,11,17,5.719105333510568e-09
1,image,0,_child0,12,17,5.373601922841976e-09
1,image,0,_child0,13,17,5.691582183843142e-09
1,image,0,_child0,14,17,5.497549938100254e-09
1,image,0,_child0,15,17,5.677892952456231e-09
1,image,0,_child0,16,17,5.455169568486873e-09
1,image,0,_child0,17,17,5.3489833536107394e-09
1,image,0,_child0,18,17,5.5461079465084816e-09
1,image,0,_child0,19,17,5.147533214253955e-09
1,image,0,_child0,20,17,5.701934255095421e-09
1,image,0,_child0,21,17,5.2478991618354096e-09
1,image,0,_child0,22,17,5.285719729236562e-09
1,image,0,_child0,23,17,5.464109058980082e-09
1,image,0,_child0,24,17,5.464109058980082e-09
1,image,0,_child0,25,17,5.285719729236562e-09
1,image,0,_child0,26,17,5.2478991618354096e-09
1,image,0,_child0,27,17,5.701934255095421e-09
1,image,0,_child0,28,17,5.147533214253955e-09
1,image,0,_child0,29,17,5.5461079465084816e-09
1,image,0,_child0,30,17,5.3489833536107394e-09
1,image,0,_child0,31,17,5.455169568486873e-09
1,image,0,_child0,32,17,5.677892952456231e-09
1,image,0,_child0,33,17,5.497549938100254e-09
1,image,0,_child0,34,17,5.691582183843142e-09
1,image,0,_child0,35,17,5.373601922841976e-09
1,image,0,_child0,36,17,5.719105333510568e-09
1,image,0,_child0,37,17,5.292494477732353e-09
1,image,0,_child0,38,17,nan
1,image,0,_child0,39,17,nan
1,image,0,_child0,40,17,nan
1,image,0,_child0,41,17,nan
1,image,0,_child0,42,17,nan
1,image,0,_child0,43,17,nan
1,image,0,_child0,44,17,nan
1,image,0,_child0,45,17,nan
1,image,0,_child0,46,17,nan
1,image,0,_child0,47,17,nan
1,image,0,_child0,0,18,nan
1,image,0,_child0,1,18,nan
1,image,0,_child0,2,18,nan
1,image,0,_child0,3,18,nan
1,image,0,_child0,4,18,nan
1,image,0,_child0,5,18,nan
1,image,0,_child0,6,18,nan
1,image,0,_child0,7,18,nan
1,image,0,_child0,8,18,nan
1,image,0,_child0,9,18,2.3060574816903036e-09
1,image,0,_child0,10,18,5.903894261513296e-09
1,image,0,_child0,11,18,5.0999367555896365e-09
1,image,0,_child0,12,18,5.6510164330421885e-09
1,image,0,_child0,13,18,5.662369431589115e-09
1,image,0,_child0,14,18,5.43876719348678e-09
1,image,0,_child0,15,18,5.371791612736915e-09
1,image,0,_child0,16,18,5.904893109652771e-09
1,image,0,_child0,17,18,5.5461079465084816e-09
1,image,0,_child0,18,18,5.352947513406684e-09
1,image,0,_child0,19,18,5.475531776889922e-09
1,image,0,_child0,20,18,5.027512183463155e-09
1,image,0,_child0,21,18,5.507770153873274e-09
1,image,0,_child0,22,18,5.50009623779253e-09
1,image,0,_child0,23,18,5.280699948178019e-09
1,image,0,_child0,24,18,5.280699948178019e-09
1,image,0,_child0,25,18,5.50009623779253e-09
1,image,0,_child0,26,18,5.507770153873274e-09
1,image,0,_child0,27,18,5.027512183463155e-09
1,image,0,_child0,28,18,5.475531776889922e-09
1,image,0,_child0,29,18,5.352947513406684e-09
1,image,0,_child0,30,18,5.5461079465084816e-09
1,image,0,_child0,31,18,5.904893109652771e-09
1,image,0,_child0,32,18,5.371791612736915e-09
1,image,0,_child0,33,18,5.43876719348678e-09
1,image,0,_child0,34,18,5.662369431589115e-09
1,image,0,_child0,35,18,5.6510164330421885e-09
1,image,0,_child0,36,18,5.0999367555896365e-09
1,image,0,_child0,37,18,5.903894261513296e-09
1,image,0,_child0,38,18,2.3060574816903036e-09
1,image,0,_child0,39,18,nan
1,image,0,_child0,40,18,nan
1,image,0,_child0,41,18,nan
1,image,0,_child0,42,18,nan
1,image,0,_child0,43,18,nan
1,image,0,_child0,44,18,nan
1,image,0,_child0,45,18,nan
1,image,0,_child0,46,18,nan
1,image,0,_child0,47,18,nan
1,image,0,_child0,0,19,nan
1,image,0,_child0,1,19,nan
1,image,0,_child0,2,19,nan
1,image,0,_child0,3,19,nan
1,image,0,_child0,4,19,nan
1,image,0,_child0,5,19,nan
1,image,0,_child0,6,19,nan
1,image,0,_child0,7,19,nan
1,image,0,_child0,8,19,nan
1,image,0,_child0,9,19,4.062837582195788e-09
1,image,0,_child0,10,19,5.780123145823307e-09
1,image,0,_child0,11,19,5.867441558631807e-09
1,image,0,_child0,12,19,5.682343226206552e-09
1,image,0,_child0,13,19,5.658627602710285e-09
1,image,0,_child0,14,19,5.749462064146463e-09
1,image,0,_child0,15,19,5.435053123130958e-09
1,image,0,_child0,16,19,5.536481759470959e-09
1,image,0,_child0,17,19,5.147533214253955e-09
1,image,0,_child0,18,19,5.475531776889922e-09
1,image,0,_child0,19,19,5.239284554790335e-09
1,image,0,_child0,20,19,5.194505288702149e-09
1,image,0,_child0,21,19,5.304969226956254e-09
1,image,0,_child0,22,19,5.380907033267989e-09
1,image,0,_child0,23,19,5.263333562428259e-09
1,image,0,_child0,24,19,5.263333562428259e-09
1,image,0,_child0,25,19,5.380907033267989e-09
1,image,0,_child0,26,19,5.304969226956254e-09
1,image,0,_child0,27,19,5.194505288702149e-09
1,image,0,_child0,28,19,5.239284554790335e-09
1,image,0,_child0,29,19,5.475531776889922e-09
1,image,0,_child0,30,19,5.147533214253955e-09
1,image,0,_child0,31,19,5.536481759470959e-09
1,image,0,_child0,32,19,5.435053123130958e-09
1,image,0,_child0,33,19,5.749462064146463e-09
1,image,0,_child0,34,19,5.658627602710285e-09
1,image,0,_child0,35,19,5.682343226206552e-09
1,image,0,_child0,36,19,5.867441558631807e-09
1,image,0,_child0,37,19,5.780123145823307e-09
1,image,0,_child0,38,19,4.062837582195788e-09
1,image,0,_child0,39,19,nan
1,image,0,_child0,40,19,nan
1,image,0,_child0,41,19,nan
1,image,0,_child0,42,19,nan
1,image,0,_child0,43,19,nan
1,image,0,_child0,44,19,nan
1,image,0,_child0,45,19,nan
1,image,0,_child0,46,19,nan
1,image,0,_child0,47,19,nan
1,image,0,_child0,0,20,nan
1,image,0,_child0,1,20,nan
1,image,0,_child0,2,20,nan
1,image,0,_child0,3,20,nan
1,image,0,_child0,4,20,nan
1,image,0,_child0,5,20,nan
1,image,0,_child0,6,20,nan
1,image,0,_child0,7,20,nan
1,image,0,_child0,8,20,nan
1,image,0,_child0,9,20,5.782619914732404e-09
1,image,0,_child0,10,20,5.4288453398360295e-09
1,image,0,_child0,11,20,5.084626190505987e-09
1,image,0,_child0,12,20,5.74886375183636e-09
1,image,0,_child0,13,20,5.675208893000546e-09
1,image,0,_child0,14,20,5.371760599252227e-09
1,image,0,_child0,15,20,5.509382859372261e-09
1,image,0,_child0,16,20,5.398260884578159e-09
1,image,0,_child0,17,20,5.701934255095421e-09
1,image,0,_child0,18,20,5.027512183463155e-09
1,image,0,_child0,19,20,5.194505288702149e-09
1,image,0,_child0,20,20,5.265997054957388e-09
1,image,0,_child0,21,20,5.470624883742317e-09
1,image,0,_child0,22,20,5.2879995731799464e-09
1,image,0,_child0,23,20,5.312351360316681e-09
1,image,0,_child0,24,20,5.312351360316681e-09
1,image,0,_child0,25,20,5.2879995731799464e-09
1,image,0,_child0,26,20,5.470624883742317e-09
1,image,0,_child0,27,20,5.265997054957388e-09
1,image,0,_child0,28,20,5.194505288702149e-09
1,image,0,_child0,29,20,5.027512183463155e-09
1,image,0,_child0,30,20,5.701934255095421e-09
1,image,0,_child0,31,20,5.398260884578159e-09
1,image,0,_child0,32,20,5.509382859372261e-09
1,image,0,_child0,33,20,5.371760599252227e-09
1,image,0,_child0,34,20,5.675208893000546e-09
1,image,0,_child0,35,20,5.74886375183636e-09
1,image,0,_child0,36,20,5.084626190505987e-09
1,image,0,_child0,37,20,5.4288453398360295e-09
1,image,0,_child0,38,20,5.782619914732404e-09
1,image,0,_child0,39,20,nan
1,image,0,_child0,40,20,nan
1,image,0,_child0,41,20,nan
1,image,0,_child0,42,20,nan
1,image,0,_child0,43,20,nan
1,image,0,_child0,44,20,nan
1,image,0,_child0,45,20,nan
1,image,0,_child0,46,20,nan
1,image,0,_child0,47,20,nan
1,image,0,_child0,0,21,nan
1,image,0,_child0,1,21,nan
1,image,0,_child0,2,21,nan
1,image,0,_child0,3,21,nan
1,image,0,_child0,4,21,nan
1,image,0,_child0,5,21,nan
1,image,0,_child0,6,21,nan
1,image,0,_child0,7,21,nan
1,image,0,_child0,8,21,1.0311258926692939e-09
1,image,0,_child0,9,21,5.9638964176172296e-09
1,image,0,_child0,10,21,5.581501471965284e-09
1,image,0,_child0,11,21,5.8589544622553525e-09
1,image,0,_child0,12,21,5.420404787172889e-09
1,image,0,_child0,13,21,5.533083284394499e-09
1,image,0,_child0,14,21,5.54799817495846e-09
1,image,0,_child0,15,21,5.467654393887325e-09
1,image,0,_child0,16,21,5.419136033645165e-09
1,image,0,_child0,17,21,5.2478991618354096e-09
1,image,0,_child0,18,21,5.507770153873274e-09
1,image,0,_child0,19,21,5.304969226956254e-09
1,image,0,_child0,20,21,5.470624883742317e-09
1,image,0,_child0,21,21,5.20939296144611e-09
1,image,0,_child0,22,21,5.238966782387239e-09
1,image,0,_child0,23,21,5.25465595204154e-09
1,image,0,_child0,24,21,5.25465595204154e-09
1,image,0,_child0,25,21,5.238966782387239e-09
1,image,0,_child0,26,21,5.20939296144611e-09
1,image,0,_child0,27,21,5.470624883742317e-09
1,image,0,_child0,28,21,5.304969226956254e-09
1,image,0,_child0,29,21,5.507770153873274e-09
1,image,0,_child0,30,21,5.2478991618354096e-09
1,image,0,_child0,31,21,5.419136033645165e-09
1,image,0,_child0,32,21,5.467654393887325e-09
1,image,0,_child0,33,21,5.54799817495846e-09
1,image,0,_child0,34,21,5.533083284394499e-09
1,image,0,_child0,35,21,5.420404787172889e-09
1,image,0,_child0,36,21,5.8589544622553525e-09
1,image,0,_child0,37,21,5.581501471965284e-09
1,image,0,_child0,38,21,5.9638964176172296e-09
1,image,0,_child0,39,21,1.0311258926692939e-09
1,image,0,_child0,40,21,nan
1,image,0,_child0,41,21,nan
1,image,0,_child0,42,21,nan
1,image,0,_child0,43,21,nan
1,image,0,_child0,44,21,nan
1,image,0,_child0,45,21,nan
1,image,0,_child0,46,21,nan
1,image,0,_child0,47,21,nan
1,image,0,_child0,0,22,nan
1,image,0,_child0,1,22,nan
1,image,0,_child0,2,22,nan
1,image,0,_child0,3,22,nan
1,image,0,_child0,4,22,nan
1,image,0,_child0,5,22,nan
1,image,0,_child0,6,22,nan
1,image,0,_child0,7,22,nan
1,image,0,_child0,8,22,2.051087335881334e-09
1,image,0,_child0,9,22,5.651771677464946e-09
1,image,0,_child0,10,22,5.775057433441384e-09
1,image,0,_child0,11,22,5.352148241379415e-09
1,image,0,_child0,12,22,5.739824760010299e-09
1,image,0,_child0,13,22,5.431479506732904e-09
1,image,0,_child0,14,22,5.428611024678611e-09
1,image,0,_child0,15,22,5.45789169107381e-09
1,image,0,_child0,16,22,5.2403355285056526e-09
1,image,0,_child0,17,22,5.285719729236562e-09
1,image,0,_child0,18,22,5.50009623779253e-09
1,image,0,_child0,19,22,5.380907033267989e-09
1,image,0,_child0,20,22,5.2879995731799464e-09
1,image,0,_child0,21,22,5.238966782387239e-09
1,image,0,_child0,22,22,5.285704092521927e-09
1,image,0,_child0,23,22,5.270473221347314e-09
1,image,0,_child0,24,22,5.270473221347314e-09
1,image,0,_child0,25,22,5.285704092521927e-09
1,image,0,_child0,26,22,5.238966782387239e-09
1,image,0,_child0,27,22,5.2879995731799464e-09
1,image,0,_child0,28,22,5.380907033267989e-09
1,image,0,_child0,29,22,5.50009623779253e-09
1,image,0,_child0,30,22,5.285719729236562e-09
1,image,0,_child0,31,22,5.2403355285056526e-09
1,image,0,_child0,32,22,5.45789169107381e-09
1,image,0,_child0,33,22,5.428611024678611e-09
1,image,0,_child0,34,22,5.431479506732904e-09
1,image,0,_child0,35,22,5.739824760010299e-09
1,image,0,_child0,36,22,5.352148241379415e-09
1,image,0,_child0,37,22,5.775057433441384e-09
1,image,0,_child0,38,22,5.651771677464946e-09
1,image,0,_child0,39,22,2.051087335881334e-09
1,image,0,_child0,40,22,nan
1,image,0,_child0,41,22,nan
1,image,0,_child0,42,22,nan
1,image,0,_child0,43,22,nan
1,image,0,_child0,44,22,nan
1,image,0,_child0,45,22,nan
1,image,0,_child0,46,22,nan
1,image,0,_child0,47,22,nan
1,image,0,_child0,0,23,nan
1,image,0,_child0,1,23,nan
1,image,0,_child0,2,23,nan
1,image,0,_child0,3,23,nan
1,image,0,_child0,4,23,nan
1,image,0,_child0,5,23,nan
1,image,0,_child0,6,23,nan
1,image,0,_child0,7,23,nan
1,image,0,_child0,8,23,2.051087335881334e-09
1,image,0,_child0,9,23,5.880905470255426e-09
1,image,0,_child0,10,23,5.257981050051755e-09
1,image,0,_child0,11,23,5.9634912066406635e-09
1,image,0,_child0,12,23,5.4850340901864526e-09
1,image,0,_child0,13,23,5.390213069278308e-09
1,image,0,_child0,14,23,5.2262046386579325e-09
1,image,0,_child0,15,23,5.56909720294095e-09
1,image,0,_child0,16,23,5.546522257869124e-09
1,image,0,_child0,17,23,5.464109058980082e-09
1,image,0,_child0,18,23,5.280699948178019e-09
1,image,0,_child0,19,23,5.263333562428259e-09
1,image,0,_child0,20,23,5.312351360316681e-09
1,image,0,_child0,21,23,5.25465595204154e-09
1,image,0,_child0,22,23,5.270473221347314e-09
1,image,0,_child0,23,23,5.2242346166800496e-09
1,image,0,_child0,24,23,5.2242346166800496e-09
1,image,0,_child0,25,23,5.270473221347314e-09
1,image,0,_child0,26,23,5.25465595204154e-09
1,image,0,_child0,27,23,5.312351360316681e-09
1,image,0,_child0,28,23,5.263333562428259e-09
1,image,0,_child0,29,23,5.280699948178019e-09
1,image,0,_child0,30,23,5.464109058980082e-09
1,image,0,_child0,31,23,5.546522257869124e-09
1,image,0,_child0,32,23,5.56909720294095e-09
1,image,0,_child0,33,23,5.2262046386579325e-09
1,image,0,_child0,34,23,5.390213069278308e-09
1,image,0,_child0,35,23,5.4850340901864526e-09
1,image,0,_child0,36,23,5.9634912066406635e-09
1,image,0,_child0,37,23,5.257981050051755e-09
1,image,0,_child0,38,23,5.880905470255426e-09
1,image,0,_child0,39,23,2.051087335881334e-09
1,image,0,_child0,40,23,nan
1,image,0,_child0,41,23,nan
1,image,0,_child0,42,23,nan
1,image,0,_child0,43,23,nan
1,image,0,_child0,44,23,nan
1,image,0,_child0,45,23,nan
1,image,0,_child0,46,23,nan
1,image,0,_child0,47,23,nan
1,image,0,_child0,0,24,nan
1,image,0,_child0,1,24,nan
1,image,0,_child0,2,24,nan
1,image,0,_child0,3,24,nan
1,image,0,_child0,4,24,nan
1,image,0,_child0,5,24,nan
1,image,0,_child0,6,24,nan
1,image,0,_child0,7,24,nan
1,image,0,_child0,8,24,2.051087335881334e-09
1,image,0,_child0,9,24,5.880905470255426e-09
1,image,0,_child0,10,24,5.257981050051755e-09
1,image,0,_child0,11,24,5.9634912066406635e-09
1,image,0,_child0,12,24,5.4850340901864526e-09
1,image,0,_child0,13,24,5.390213069278308e-09
1,image,0,_child0,14,24,5.2262046386579325e-09
1,image,0,_child0,15,24,5.56909720294095e-09
1,image,0,_child0,16,24,5.546522257869124e-09
1,image,0,_child0,17,24,5.464109058980082e-09
1,image,0,_child0,18,24,5.280699948178019e-09
1,image,0,_child0,19,24,5.263333562428259e-09
1,image,0,_child0,20,24,5.312351360316681e-09
1,image,0,_child0,21,24,5.25465595204154e-09
1,image,0,_child0,22,24,5.270473221347314e-09
1,image,0,_child0,23,24,5.2242346166800496e-09
1,image,0,_child0,24,24,5.2242346166800496e-09
1,image,0,_child0,25,24,5.270473221347314e-09
1,image,0,_child0,26,24,5.25465595204154e-09
1,image,0,_child0,27,24,5.312351360316681e-09
1,image,0,_child0,28,24,5.263333562428259e-09
1,image,0,_child0,29,24,5.280699948178019e-09
1,image,0,_child0,30,24,5.464109058980082e-09
1,image,0,_child0,31,24,5.546522257869124e-09
1,image,0,_child0,32,24,5.56909720294095e-09
1,image,0,_child0,33,24,5.2262046386579325e-09
1,image,0,_child0,34,24,5.390213069278308e-09
1,image,0,_child0,35,24,5.4850340901864526e-09
1,image,0,_child0,36,24,5.9634912066406635e-09
1,image,0,_child0,37,24,5.257981050051755e-09
1,image,0,_child0,38,24,5.880905470255426e-09
1,image,0,_child0,39,24,2.051087335881334e-09
1,image,0,_child0,40,24,nan
1,image,0,_child0,41,24,nan
1,image,0,_child0,42,24,nan
1,image,0,_child0,43,24,nan
1,image,0,_child0,44,24,nan
1,image,0,_child0,45,24,nan
1,image,0,_child0,46,24,nan
1,image,0,_child0,47,24,nan
1,image,0,_child0,0,25,nan
1,image,0,_child0,1,25,nan
1,image,0,_child0,2,25,nan
1,image,0,_child0,3,25,nan
1,image,0,_child0,4,25,nan
1,image,0,_child0,5,25,nan
1,image,0,_child0,6,25,nan
1,image,0,_child0,7,25,nan
1,image,0,_child0,8,25,2.051087335881334e-09
1,image,0,_child0,9,25,5.651771677464946e-09
1,image,0,_child0,10,25,5.775057433441384e-09
1,image,0,_child0,11,25,5.352148241379415e-09
1,image,0,_child0,12,25,5.739824760010299e-09
1,image,0,_child0,13,25,5.431479506732904e-09
1,image,0,_child0,14,25,5.428611024678611e-09
1,image,0,_child0,15,25,5.45789169107381e-09
1,image,0,_child0,16,25,5.2403355285056526e-09
1,image,0,_child0,17,25,5.285719729236562e-09
1,image,0,_child0,18,25,5.50009623779253e-09
1,image,0,_child0,19,25,5.380907033267989e-09
1,image,0,_child0,20,25,5.2879995731799464e-09
1,image,0,_child0,21,25,5.238966782387239e-09
1,image,0,_child0,22,25,5.285704092521927e-09
1,image,0,_child0,23,25,5.270473221347314e-09
1,image,0,_child0,24,25,5.270473221347314e-09
1,image,0,_child0,25,25,5.285704092521927e-09
1,image,0,_child0,26,25,5.238966782387239e-09
1,image,0,_child0,27,25,5.2879995731799464e-09
1,image,0,_child0,28,25,5.380907033267989e-09
1,image,0,_child0,29,25,5.50009623779253e-09
1,image,0,_child0,30,25,5.285719729236562e-09
1,image,0,_child0,31,25,5.2403355285056526e-09
1,image,0,_child0,32,25,5.45789169107381e-09
1,image,0,_child0,33,25,5.428611024678611e-09
1,image,0,_child0,34,25,5.431479506732904e-09
1,image,0,_child0,35,25,5.739824760010299e-09
1,image,0,_child0,36,25,5.352148241379415e-09
1,image,0,_child0,37,25,5.775057433441384e-09
1,image,0,_child0,38,25,5.651771677464946e-09
1,image,0,_child0,39,25,2.051087335881334e-09
1,image,0,_child0,40,25,nan
1,image,0,_child0,41,25,nan
1,image,0,_child0,42,25,nan
1,image,0,_child0,43,25,nan
1,image,0,_child0,44,25,nan
1,image,0,_child0,45,25,nan
1,image,0,_child0,46,25,nan
1,image,0,_child0,47,25,nan
1,image,0,_child0,0,26,nan
1,image,0,_child0,1,26,nan
1,image,0,_child0,2,26,nan
1,image,0,_child0,3,26,nan
1,image,0,_child0,4,26,nan
1,image,0,_child0,5,26,nan
1,image,0,_child0,6,26,nan
1,image,0,_child0,7,26,nan
1,image,0,_child0,8,26,1.0311258926692939e-09
1,image,0,_child0,9,26,5.9638964176172296e-09
1,image,0,_child0,10,26,5.581501471965284e-09
1,image,0,_child0,11,26,5.8589544622553525e-09
1,image,0,_child0,12,26,5.420404787172889e-09
1,image,0,_child0,13,26,5.533083284394499e-09
1,image,0,_child0,14,26,5.54799817495846e-09
1,image,0,_child0,15,26,5.467654393887325e-09
1,image,0,_child0,16,26,5.419136033645165e-09
1,image,0,_child0,17,26,5.2478991618354096e-09
1,image,0,_child0,18,26,5.507770153873274e-09
1,image,0,_child0,19,26,5.304969226956254e-09
1,image,0,_child0,20,26,5.470624883742317e-09
1,image,0,_child0,21,26,5.20939296144611e-09
1,image,0,_child0,22,26,5.238966782387239e-09
1,image,0,_child0,23,26,5.25465595204154e-09
1,image,0,_child0,24,26,5.25465595204154e-09
1,image,0,_child0,25,26,5.238966782387239e-09
1,image,0,_child0,26,26,5.20939296144611e-09
1,image,0,_child0,27,26,5.470624883742317e-09
1,image,0,_child0,28,26,5.304969226956254e-09
1,image,0,_child0,29,26,5.507770153873274e-09
1,image,0,_child0,30,26,5.2478991618354096e-09
1,image,0,_child0,31,26,5.419136033645165e-09
1,image,0,_child0,32,26,5.467654393887325e-09
1,image,0,_child0,33,26,5.54799817495846e-09
1,image,0,_child0,34,26,5.533083284394499e-09
1,image,0,_child0,35,26,5.420404787172889e-09
1,image,0,_child0,36,26,5.8589544622553525e-09
1,image,0,_child0,37,26,5.581501471965284e-09
1,image,0,_child0,38,26,5.9638964176172296e-09
1,image,0,_child0,39,26,1.0311258926692939e-09
1,image,0,_child0,40,26,nan
1,image,0,_child0,41,26,nan
1,image,0,_child0,42,26,nan
1,image,0,_child0,43,26,nan
1,image,0,_child0,44,26,nan
1,image,0,_child0,45,26,nan
1,image,0,_child0,46,26,nan
1,image,0,_child0,47,26,nan
1,image,0,_child0,0,27,nan
1,image,0,_child0,1,27,nan
1,image,0,_child0,2,27,nan
1,image,0,_child0,3,27,nan
1,image,0,_child0,4,27,nan
1,image,0,_child0,5,27,nan
1,image,0,_child0,6,27,nan
1,image,0,_child0,7,27,nan
1,image,0,_child0,8,27,nan
1,image,0,_child0,9,27,5.782619914732404e-09
1,image,0,_child0,10,27,5.4288453398360295e-09
1,image,0,_child0,11,27,5.084626190505987e-09
1,image,0,_child0,12,27,5.74886375183636e-09
1,image,0,_child0,13,27,5.675208893000546e-09
1,image,0,_child0,14,27,5.371760599252227e-09
1,image,0,_child0,15,27,5.509382859372261e-09
1,image,0,_child0,16,27,5.398260884578159e-09
1,image,0,_child0,17,27,5.701934255095421e-09
1,image,0,_child0,18,27,5.027512183463155e-09
1,image,0,_child0,19,27,5.194505288702149e-09
1,image,0,_child0,20,27,5.265997054957388e-09
1,image,0,_child0,21,27,5.470624883742317e-09
1,image,0,_child0,22,27,5.2879995731799464e-09
1,image,0,_child0,23,27,5.312351360316681e-09
1,image,0,_child0,24,27,5.312351360316681e-09
1,image,0,_child0,25,27,5.2879995731799464e-09
1,image,0,_child0,26,27,5.470624883742317e-09
1,image,0,_child0,27,27,5.265997054957388e-09
1,image,0,_child0,28,27,5.194505288702149e-09
1,image,0,_child0,29,27,5.027512183463155e-09
1,image,0,_child0,30,27,5.701934255095421e-09
1,image,0,_child0,31,27,5.398260884578159e-09
1,image,0,_child0,32,27,5.509382859372261e-09
1,image,0,_child0,33,27,5.371760599252227e-09
1,image,0,_child0,34,27,5.675208893000546e-09
1,image,0,_child0,35,27,5.74886375183636e-09
1,image,0,_child0,36,27,5.084626190505987e-09
1,image,0,_child0,37,27,5.4288453398360295e-09
1,image,0,_child0,38,27,5.782619914732404e-09
1,image,0,_child0,39,27,nan
1,image,0,_child0,40,27,nan
1,image,0,_child0,41,27,nan
1,image,0,_child0,42,27,nan
1,image,0,_child0,43,27,nan
1,image,0,_child0,44,27,nan
1,image,0,_child0,45,27,nan
1,image,0,_child0,46,27,nan
1,image,0,_child0,47,27,nan
1,image,0,_child0,0,28,nan
1,image,0,_child0,1,28,nan
1,image,0,_child0,2,28,nan
1,image,0,_child0,3,28,nan
1,image,0,_child0,4,28,nan
1,image,0,_child0,5,28,nan
1,image,0,_child0,6,28,nan
1,image,0,_child0,7,28,nan
1,image,0,_child0,8,28,nan
1,image,0,_child0,9,28,4.062837582195788e-09
1,image,0,_child0,10,28,5.780123145823307e-09
1,image,0,_child0,11,28,5.867441558631807e-09
1,image,0,_child0,12,28,5.682343226206552e-09
1,image,0,_child0,13,28,5.658627602710285e-09
1,image,0,_child0,14,28,5.749462064146463e-09
1,image,0,_child0,15,28,5.435053123130958e-09
1,image,0,_child0,16,28,5.536481759470959e-09
1,image,0,_child0,17,28,5.147533214253955e-09
1,image,0,_child0,18,28,5.475531776889922e-09
1,image,0,_child0,19,28,5.239284554790335e-09
1,image,0,_child0,20,28,5.194505288702149e-09
1,image,0,_child0,21,28,5.304969226956254e-09
1,image,0,_child0,22,28,5.380907033267989e-09
1,image,0,_child0,23,28,5.263333562428259e-09
1,image,0,_child0,24,28,5.263333562428259e-09
1,image,0,_child0,25,28,5.380907033267989e-09
1,image,0,_child0,26,28,5.304969226956254e-09
1,image,0,_child0,27,28,5.194505288702149e-09
1,image,0,_child0,28,28,5.239284554790335e-09
1,image,0,_child0,29,28,5.475531776889922e-09
1,image,0,_child0,30,28,5.147533214253955e-09
1,image,0,_child0,31,28,5.536481759470959e-09
1,image,0,_child0,32,28,5.435053123130958e-09
1,image,0,_child0,33,28,5.749462064146463e-09
1,image,0,_child0,34,28,5.658627602710285e-09
1,image,0,_child0,35,28,5.682343226206552e-09
1,image,0,_child0,36,28,5.867441558631807e-09
1,image,0,_child0,37,28,5.780123145823307e-09
1,image,0,_child0,38,28,4.062837582195788e-09
1,image,0,_child0,39,28,nan
1,image,0,_child0,40,28,nan
1,image,0,_child0,41,28,nan
1,image,0,_child0,42,28,nan
1,image,0,_child0,43,28,nan
1,image,0,_child0,44,28,nan
1,image,0,_child0,45,28,nan
1,image,0,_child0,46,28,nan
1,image,0,_child0,47,28,nan
1,image,0,_child0,0,29,nan
1,image,0,_child0,1,29,nan
1,image,0,_child0,2,29,nan
1,image,0,_child0,3,29,nan
1,image,0,_child0,4,29,nan
1,image,0,_child0,5,29,nan
1,image,0,_child0,6,29,nan
1,image,0,_child0,7,29,nan
1,image,0,_child0,8,29,nan
1,image,0,_child0,9,29,2.3060574816903036e-09
1,image,0,_child0,10,29,5.903894261513296e-09
1,image,0,_child0,11,29,5.0999367555896365e-09
1,image,0,_child0,12,29,5.6510164330421885e-09
1,image,0,_child0,13,29,5.662369431589115e-09
1,image,0,_child0,14,29,5.43876719348678e-09
1,image,0,_child0,15,29,5.371791612736915e-09
1,image,0,_child0,16,29,5.904893109652771e-09
1,image,0,_child0,17,29,5.5461079465084816e-09
1,image,0,_child0,18,29,5.352947513406684e-09
1,image,0,_child0,19,29,5.475531776889922e-09
1,image,0,_child0,20,29,5.027512183463155e-09
1,image,0,_child0,21,29,5.507770153873274e-09
1,image,0,_child0,22,29,5.50009623779253e-09
1,image,0,_child0,23,29,5.280699948178019e-09
1,image,0,_child0,24,29,5.280699948178019e-09
1,image,0,_child0,25,29,5.50009623779253e-09
1,image,0,_child0,26,29,5.507770153873274e-09
1,image,0,_child0,27,29,5.027512183463155e-09
1,image,0,_child0,28,29,5.475531776889922e-09
1,image,0,_child0,29,29,5.352947513406684e-09
1,image,0,_child0,30,29,5.5461079465084816e-09
1,image,0,_child0,31,29,5.904893109652771e-09
1,image,0,_child0,32,29,5.371791612736915e-09
1,image,0,_child0,33,29,5.43876719348678e-09
1,image,0,_child0,34,29,5.662369431589115e-09
1,image,0,_child0,35,29,5.6510164330421885e-09
1,image,0,_child0,36,29,5.0999367555896365e-09
1,image,0,_child0,37,29,5.903894261513296e-09
1,image,0,_child0,38,29,2.3060574816903036e-09
1,image,0,_child0,39,29,nan
1,image,0,_child0,40,29,nan
1,image,0,_child0,41,29,nan
1,image,0,_child0,42,29,nan
1,image,0,_child0,43,29,nan
1,image,0,_child0,44,29,nan
1,image,0,_child0,45,29,nan
1,image,0,_child0,46,29,nan
1,image,0,_child0,47,29,nan
1,image,0,_child0,0,30,nan
1,image,0,_child0,1,30,nan
1,image,0,_child0,2,30,nan
1,image,0,_child0,3,30,nan
1,image,0,_child0,4,30,nan
1,image,0,_child0,5,30,nan
1,image,0,_child0,6,30,nan
1,image,0,_child0,7,30,nan
1,image,0,_child0,8,30,nan
1,image,0,_child0,9,30,nan
1,image,0,_child0,10,30,5.292494477732353e-09
1,image,0,_child0,11,30,5.719105333510568e-09
1,image,0,_child0,12,30,5.373601922841976e-09
1,image,0,_child0,13,30,5.691582183843142e-09
1,image,0,_child0,14,30,5.497549938100254e-09
1,image,0,_child0,15,30,5.677892952456231e-09
1,image,0,_child0,16,30,5.455169568486873e-09
1,image,0,_child0,17,30,5.3489833536107394e-09
1,image,0,_child0,18,30,5.5461079465084816e-09
1,image,0,_child0,19,30,5.147533214253955e-09
1,image,0,_child0,20,30,5.701934255095421e-09
1,image,0,_child0,21,30,5.2478991618354096e-09
1,image,0,_child0,22,30,5.285719729236562e-09
1,image,0,_child0,23,30,5.464109058980082e-09
1,image,0,_child0,24,30,5.464109058980082e-09
1,image,0,_child0,25,30,5.285719729236562e-09
1,image,0,_child0,26,30,5.2478991618354096e-09
1,image,0,_child0,27,30,5.701934255095421e-09
1,image,0,_child0,28,30,5.147533214253955e-09
1,image,0,_child0,29,30,5.5461079465084816e-09
1,image,0,_child0,30,30,5.3489833536107394e-09
1,image,0,_child0,31,30,5.455169568486873e-09
1,image,0,_child0,32,30,5.677892952456231e-09
1,image,0,_child0,33,30,5.497549938100254e-09
1,image,0,_child0,34,30,5.691582183843142e-09
1,image,0,_child0,35,30,5.373601922841976e-09
1,image,0,_child0,36,30,5.719105333510568e-09
1,image,0,_child0,37,30,5.292494477732353e-09
1,image,0,_child0,38,30,nan
1,image,0,_child0,39,30,nan
1,image,0,_child0,40,30,nan
1,image,0,_child0,41,30,nan
1,image,0,_child0,42,30,nan
1,image,0,_child0,43,30,nan
1,image,0,_child0,44,30,nan
1,image,0,_child0,45,30,nan
1,image,0,_child0,46,30,nan
1,image,0,_child0,47,30,nan
1,image,0,_child0,0,31,nan
1,image,0,_child0,1,31,nan
1,image,0,_child0,2,31,nan
1,image,0,_child0,3,31,nan
1,image,0,_child0,4,31,nan
1,image,0,_child0,5,31,nan
1,image,0,_child0,6,31,nan
1,image,0,_child0,7,31,nan
1,image,0,_child0,8,31,nan
1,image,0,_child0,9,31,nan
1,image,0,_child0,10,31,2.81322687593797e-09
1,image,0,_child0,11,31,5.663190886027724e-09
1,image,0,_child0,12,31,6.0483309975637755e-09
1,image,0,_child0,13,31,5.479411325769627e-09
1,image,0,_child0,14,31,5.553387798686842e-09
1,image,0,_child0,15,31,5.425632154446933e-09
1,image,0,_child0,16,31,4.7160859677019504e-09
1,image,0,_child0,17,31,5.455169568486873e-09
1,image,0,_child0,18,31,5.904893109652771e-09
1,image,0,_child0,19,31,5.536481759470959e-09
1,image,0,_child0,20,31,5.398260884578159e-09
1,image,0,_child0,21,31,5.419136033645165e-09
1,image,0,_child0,22,31,5.2403355285056526e-09
1,image,0,_child0,23,31,5.546522257869124e-09
1,image,0,_child0,24,31,5.546522257869124e-09
1,image,0,_child0,25,31,5.2403355285056526e-09
1,image,0,_child0,26,31,5.419136033645165e-09
1,image,0,_child0,27,31,5.398260884578159e-09
1,image,0,_child0,28,31,5.536481759470959e-09
1,image,0,_child0,29,31,5.904893109652771e-09
1,image,0,_child0,30,31,5.455169568486873e-09
1,image,0,_child0,31,31,4.7160859677019504e-09
1,image,0,_child0,32,31,5.425632154446933e-09
1,image,0,_child0,33,31,5.553387798686842e-09
1,image,0,_child0,34,31,5.479411325769627e-09
1,image,0,_child0,35,31,6.0483309975637755e-09
1,image,0,_child0,36,31,5.663190886027724e-09
1,image,0,_child0,37,31,2.81322687593797e-09
1,image,0,_child0,38,31,nan
1,image,0,_child0,39,31,nan
1,image,0,_child0,40,31,nan
1,image,0,_child0,41,31,nan
1,image,0,_child0,42,31,nan
1,image,0,_child0,43,31,nan
1,image,0,_child0,44,31,nan
1,image,0,_child0,45,31,nan
1,image,0,_child0,46,31,nan
1,image,0,_child0,47,31,nan
1,image,0,_child0,0,32,nan
1,image,0,_child0,1,32,nan
1,image,0,_child0,2,32,nan
1,image,0,_child0,3,32,nan
1,image,0,_child0,4,32,nan
1,image,0,_child0,5,32,nan
1,image,0,_child0,6,32,nan
1,image,0,_child0,7,32,nan
1,image,0,_child0,8,32,nan
1,image,0,_child0,9,32,nan
1,image,0,_child0,10,32,nan
1,image,0,_child0,11,32,4.5558324508463835e-09
1,image,0,_child0,12,32,5.559650800968317e-09
1,image,0,_child0,13,32,5.733666630167032e-09
1,image,0,_child0,14,32,5.425040150274368e-09
1,image,0,_child0,15,32,6.142951483225762e-09
1,image,0,_child0,16,32,5.425632154446933e-09
1,image,0,_child0,17,32,5.677892952456231e-09
1,image,0,_child0,18,32,5.371791612736915e-09
1,image,0,_child0,19,32,5.435053123130958e-09
1,image,0,_child0,20,32,5.509382859372261e-09
1,image,0,_child0,21,32,5.467654393887325e-09
1,image,0,_child0,22,32,5.45789169107381e-09
1,image,0,_child0,23,32,5.56909720294095e-09
1,image,0,_child0,24,32,5.56909720294095e-09
1,image,0,_child0,25,32,5.45789169107381e-09
1,image,0,_child0,26,32,5.467654393887325e-09
1,image,0,_child0,27,32,5.509382859372261e-09
1,image,0,_child0,28,32,5.435053123130958e-09
1,image,0,_child0,29,32,5.371791612736915e-09
1,image,0,_child0,30,32,5.677892952456231e-09
1,image,0,_child0,31,32,5.425632154446933e-09
1,image,0,_child0,32,32,6.142951483225762e-09
1,image,0,_child0,33,32,5.425040150274368e-09
1,image,0,_child0,34,32,5.733666630167032e-09
1,image,0,_child0,35,32,5.559650800968317e-09
1,image,0,_child0,36,32,4.5558324508463835e-09
1,image,0,_child0,37,32,nan
1,image,0,_child0,38,32,nan
1,image,0,_child0,39,32,nan
1,image,0,_child0,40,32,nan
1,image,0,_child0,41,32,nan
1,image,0,_child0,42,32,nan
1,image,0,_child0,43,32,nan
1,image,0,_child0,44,32,nan
1,image,0,_child0,45,32,nan
1,image,0,_child0,46,32,nan
1,image,0,_child0,47,32,nan
1,image,0,_child0,0,33,nan
1,image,0,_child0,1,33,nan
1,image,0,_child0,2,33,nan
1,image,0,_child0,3,33,nan
1,image,0,_child0,4,33,nan
1,image,0,_child0,5,33,nan
1,image,0,_child0,6,33,nan
1,image,0,_child0,7,33,nan
1,image,0,_child0,8,33,nan
1,image,0,_child0,9,33,nan
1,image,0,_child0,10,33,nan
1,image,0,_child0,11,33,1.0283347803049804e-09
1,image,0,_child0,12,33,5.779867957928713e-09
1,image,0,_child0,13,33,5.504695335294755e-09
1,image,0,_child0,14,33,5.460240692145363e-09
1,image,0,_child0,15,33,5.425040150274368e-09
1,image,0,_child0,16,33,5.553387798686842e-09
1,image,0,_child0,17,33,5.497549938100254e-09
1,image,0,_child0,18,33,5.43876719348678e-09
1,image,0,_child0,19,33,5.749462064146463e-09
1,image,0,_child0,20,33,5.371760599252227e-09
1,image,0,_child0,21,33,5.54799817495846e-09
1,image,0,_child0,22,33,5.428611024678611e-09
1,image,0,_child0,23,33,5.2262046386579325e-09
1,image,0,_child0,24,33,5.2262046386579325e-09
1,image,0,_child0,25,33,5.428611024678611e-09
1,image,0,_child0,26,33,5.54799817495846e-09
1,image,0,_child0,27,33,5.371760599252227e-09
1,image,0,_child0,28,33,5.749462064146463e-09
1,image,0,_child0,29,33,5.43876719348678e-09
1,image,0,_child0,30,33,5.497549938100254e-09
1,image,0,_child0,31,33,5.553387798686842e-09
1,image,0,_child0,32,33,5.425040150274368e-09
1,image,0,_child0,33,33,5.460240692145363e-09
1,image,0,_child0,34,33,5.504695335294755e-09
1,image,0,_child0,35,33,5.779867957928713e-09
1,image,0,_child0,36,33,1.0283347803049804e-09
1,image,0,_child0,37,33,nan
1,image,0,_child0,38,33,nan
1,image,0,_child0,39,33,nan
1,image,0,_child0,40,33,nan
1,image,0,_child0,41,33,nan
1,image,0,_child0,42,33,nan
1,image,0,_child0,43,33,nan
1,image,0,_child0,44,33,nan
1,image,0,_child0,45,33,nan
1,image,0,_child0,46,33,nan
1,image,0,_child0,47,33,nan
1,image,0,_child0,0,34,nan
1,image,0,_child0,1,34,nan
1,image,0,_child0,2,34,nan
1,image,0,_child0,3,34,nan
1,image,0,_child0,4,34,nan
1,image,0,_child0,5,34,nan
1,image,0,_child0,6,34,nan
1,image,0,_child0,7,34,nan
1,image,0,_child0,8,34,nan
1,image,0,_child0,9,34,nan
1,image,0,_child0,10,34,nan
1,image,0,_child0,11,34,nan
1,image,0,_child0,12,34,1.2833251411079905e-09
1,image,0,_child0,13,34,6.017931836330959e-09
1,image,0,_child0,14,34,5.504695335294755e-09
1,image,0,_child0,15,34,5.733666630167032e-09
1,image,0,_child0,16,34,5.479411325769627e-09
1,image,0,_child0,17,34,5.691582183843142e-09
1,image,0,_child0,18,34,5.662369431589115e-09
1,image,0,_child0,19,34,5.658627602710285e-09
1,image,0,_child0,20,34,5.675208893000546e-09
1,image,0,_child0,21,34,5.533083284394499e-09
1,image,0,_child0,22,34,5.431479506732904e-09
1,image,0,_child0,23,34,5.390213069278308e-09
1,image,0,_child0,24,34,5.390213069278308e-09
1,image,0,_child0,25,34,5.431479506732904e-09
1,image,0,_child0,26,34,5.533083284394499e-09
1,image,0,_child0,27,34,5.675208893000546e-09
1,image,0,_child0,28,34,5.658627602710285e-09
1,image,0,_child0,29,34,5.662369431589115e-09
1,image,0,_child0,30,34,5.691582183843142e-09
1,image,0,_child0,31,34,5.479411325769627e-09
1,image,0,_child0,32,34,5.733666630167032e-09
1,image,0,_child0,33,34,5.504695335294755e-09
1,image,0,_child0,34,34,6.017931836330959e-09
1,image,0,_child0,35,34,1.2833251411079905e-09
1,image,0,_child0,36,34,nan
1,image,0,_child0,37,34,nan
1,image,0,_child0,38,34,nan
1,image,0,_child0,39,34,nan
1,image,0,_child0,40,34,nan
1,image,0,_child0,41,34,nan
1,image,0,_child0,42,34,nan
1,image,0,_child0,43,34,nan
1,image,0,_child0,44,34,nan
1,image,0,_child0,45,34,nan
1,image,0,_child0,46,34,nan
1,image,0,_child0,47,34,nan
1,image,0,_child0,0,35,nan
1,image,0,_child0,1,35,nan
1,image,0,_child0,2,35,nan
1,image,0,_child0,3,35,nan
1,image,0,_child0,4,35,nan
1,image,0,_child0,5,35,nan
1,image,0,_child0,6,35,nan
1,image,0,_child0,7,35,nan
1,image,0,_child0,8,35,nan
1,image,0,_child0,9,35,nan
1,image,0,_child0,10,35,nan
1,image,0,_child0,11,35,nan
1,image,0,_child0,12,35,nan
1,image,0,_child0,13,35,1.2833251411079905e-09
1,image,0,_child0,14,35,5.779867957928713e-09
1,image,0,_child0,15,35,5.559650800968317e-09
1,image,0,_child0,16,35,6.0483309975637755e-09
1,image,0,_child0,17,35,5.373601922841976e-09
1,image,0,_child0,18,35,5.6510164330421885e-09
1,image,0,_child0,19,35,5.682343226206552e-09
1,image,0,_child0,20,35,5.74886375183636e-09
1,image,0,_child0,21,35,5.420404787172889e-09
1,image,0,_child0,22,35,5.739824760010299e-09
1,image,0,_child0,23,35,5.4850340901864526e-09
1,image,0,_child0,24,35,5.4850340901864526e-09
1,image,0,_child0,25,35,5.739824760010299e-09
1,image,0,_child0,26,35,5.420404787172889e-09
1,image,0,_child0,27,35,5.74886375183636e-09
1,image,0,_child0,28,35,5.682343226206552e-09
1,image,0,_child0,29,35,5.6510164330421885e-09
1,image,0,_child0,30,35,5.373601922841976e-09
1,image,0,_child0,31,35,6.0483309975637755e-09
1,image,0,_child0,32,35,5.559650800968317e-09
1,image,0,_child0,33,35,5.779867957928713e-09
1,image,0,_child0,34,35,1.2833251411079905e-09
1,image,0,_child0,35,35,nan
1,image,0,_child0,36,35,nan
1,image,0,_child0,37,35,nan
1,image,0,_child0,38,35,nan
1,image,0,_child0,39,35,nan
1,image,0,_child0,40,35,nan
1,image,0,_child0,41,35,nan
1,image,0,_child0,42,35,nan
1,image,0,_child0,43,35,nan
1,image,0,_child0,44,35,nan
1,image,0,_child0,45,35,nan
1,image,0,_child0,46,35,nan
1,image,0,_child0,47,35,nan
1,image,0,_child0,0,36,nan
1,image,0,_child0,1,36,nan
1,image,0,_child0,2,36,nan
1,image,0,_child0,3,36,nan
1,image,0,_child0,4,36,nan
1,image,0,_child0,5,36,nan
1,image,0,_child0,6,36,nan
1,image,0,_child0,7,36,nan
1,image,0,_child0,8,36,nan
1,image,0,_child0,9,36,nan
1,image,0,_child0,10,36,nan
1,image,0,_child0,11,36,nan
1,image,0,_child0,12,36,nan
1,image,0,_child0,13,36,nan
1,image,0,_child0,14,36,1.0283347803049804e-09
1,image,0,_child0,15,36,4.5558324508463835e-09
1,image,0,_child0,16,36,5.663190886027724e-09
1,image,0,_child0,17,36,5.719105333510568e-09
1,image,0,_child0,18,36,5.0999367555896365e-09
1,image,0,_child0,19,36,5.867441558631807e-09
1,image,0,_child0,20,36,5.084626190505987e-09
1,image,0,_child0,21,36,5.8589544622553525e-09
1,image,0,_child0,22,36,5.352148241379415e-09
1,image,0,_child0,23,36,5.9634912066406635e-09
1,image,0,_child0,24,36,5.9634912066406635e-09
1,image,0,_child0,25,36,5.352148241379415e-09
1,image,0,_child0,26,36,5.8589544622553525e-09
1,image,0,_child0,27,36,5.084626190505987e-09
1,image,0,_child0,28,36,5.867441558631807e-09
1,image,0,_child0,29,36,5.0999367555896365e-09
1,image,0,_child0,30,36,5.719105333510568e-09
1,image,0,_child0,31,36,5.663190886027724e-09
1,image,0,_child0,32,36,4.5558324508463835e-09
1,image,0,_child0,33,36,1.0283347803049804e-09
1,image,0,_child0,34,36,nan
1,image,0,_child0,35,36,nan
1,image,0,_child0,36,36,nan
1,image,0,_child0,37,36,nan
1,image,0,_child0,38,36,nan
1,image,0,_child0,39,36,nan
1,image,0,_child0,40,36,nan
1,image,0,_child0,41,36,nan
1,image,0,_child0,42,36,nan
1,image,0,_child0,43,36,nan
1,image,0,_child0,44,36,nan
1,image,0,_child0,45,36,nan
1,image,0,_child0,46,36,nan
1,image,0,_child0,47,36,nan
1,image,0,_child0,0,37,nan
1,image,0,_child0,1,37,nan
1,image,0,_child0,2,37,nan
1,image,0,_child0,3,37,nan
1,image,0,_child0,4,37,nan
1,image,0,_child0,5,37,nan
1,image,0,_child0,6,37,nan
1,image,0,_child0,7,37,nan
1,image,0,_child0,8,37,nan
1,image,0,_child0,9,37,nan
1,image,0,_child0,10,37,nan
1,image,0,_child0,11,37,nan
1,image,0,_child0,12,37,nan
1,image,0,_child0,13,37,nan
1,image,0,_child0,14,37,nan
1,image,0,_child0,15,37,nan
1,image,0,_child0,16,37,2.81322687593797e-09
1,image,0,_child0,17,37,5.292494477732353e-09
1,image,0,_child0,18,37,5.903894261513296e-09
1,image,0,_child0,19,37,5.780123145823307e-09
1,image,0,_child0,20,37,5.4288453398360295e-09
1,image,0,_child0,21,37,5.581501471965284e-09
1,image,0,_child0,22,37,5.775057433441384e-09
1,image,0,_child0,23,37,5.257981050051755e-09
1,image,0,_child0,24,37,5.257981050051755e-09
1,image,0,_child0,25,37,5.775057433441384e-09
1,image,0,_child0,26,37,5.581501471965284e-09
1,image,0,_child0,27,37,5.4288453398360295e-09
1,image,0,_child0,28,37,5.780123145823307e-09
1,image,0,_child0,29,37,5.903894261513296e-09
1,image,0,_child0,30,37,5.292494477732353e-09
1,image,0,_child0,31,37,2.81322687593797e-09
1,image,0,_child0,32,37,nan
1,image,0,_child0,33,37,nan
1,image,0,_child0,34,37,nan
1,image,0,_child0,35,37,nan
1,image,0,_child0,36,37,nan
1,image,0,_child0,37,37,nan
1,image,0,_child0,38,37,nan
1,image,0,_child0,39,37,nan
1,image,0,_child0,40,37,nan
1,image,0,_child0,41,37,nan
1,image,0,_child0,42,37,nan
1,image,0,_child0,43,37,nan
1,image,0,_child0,44,37,nan
1,image,0,_child0,45,37,nan
1,image,0,_child0,46,37,nan
1,image,0,_child0,47,37,nan
1,image,0,_child0,0,38,nan
1,image,0,_child0,1,38,nan
1,image,0,_child0,2,38,nan
1,image,0,_child0,3,38,nan
1,image,0,_child0,4,38,nan
1,image,0,_child0,5,38,nan
1,image,0,_child0,6,38,nan
1,image,0,_child0,7,38,nan
1,image,0,_child0,8,38,nan
1,image,0,_child0,9,38,nan
1,image,0,_child0,10,38,nan
1,image,0,_child0,11,38,nan
1,image,0,_child0,12,38,nan
1,image,0,_child0,13,38,nan
1,image,0,_child0,14,38,nan
1,image,0,_child0,15,38,nan
1,image,0,_child0,16,38,nan
1,image,0,_child0,17,38,nan
1,image,0,_child0,18,38,2.3060574816903036e-09
1,image,0,_child0,19,38,4.062837582195788e-09
1,image,0,_child0,20,38,5.782619914732404e-09
1,image,0,_child0,21,38,5.9638964176172296e-09
1,image,0,_child0,22,38,5.651771677464946e-09
1,image,0,_child0,23,38,5.880905470255426e-09
1,image,0,_child0,24,38,5.880905470255426e-09
1,image,0,_child0,25,38,5.651771677464946e-09
1,image,0,_child0,26,38,5.9638964176172296e-09
1,image,0,_child0,27,38,5.782619914732404e-09
1,image,0,_child0,28,38,4.062837582195788e-09
1,image,0,_child0,29,38,2.3060574816903036e-09
1,image,0,_child0,30,38,nan
1,image,0,_child0,31,38,nan
1,image,0,_child0,32,38,nan
1,image,0,_child0,33,38,nan
1,image,0,_child0,34,38,nan
1,image,0,_child0,35,38,nan
1,image,0,_child0,36,38,nan
1,image,0,_child0,37,38,nan
1,image,0,_child0,38,38,nan
1,image,0,_child0,39,38,nan
1,image,0,_child0,40,38,nan
1,image,0,_child0,41,38,nan
1,image,0,_child0,42,38,nan
1,image,0,_child0,43,38,nan
1,image,0,_child0,44,38,nan
1,image,0,_child0,45,38,nan
1,image,0,_child0,46,38,nan
1,image,0,_child0,47,38,nan
1,image,0,_child0,0,39,nan
1,image,0,_child0,1,39,nan
1,image,0,_child0,2,39,nan
1,image,0,_child0,3,39,nan
1,image,0,_child0,4,39,nan
1,image,0,_child0,5,39,nan
1,image,0,_child0,6,39,nan
1,image,0,_child0,7,39,nan
1,image,0,_child0,8,39,nan
1,image,0,_child0,9,39,nan
1,image,0,_child0,10,39,nan
1,image,0,_child0,11,39,nan
1,image,0,_child0,12,39,nan
1,image,0,_child0,13,39,nan
1,image,0,_child0,14,39,nan
1,image,0,_child0,15,39,nan
1,image,0,_child0,16,39,nan
1,image,0,_child0,17,39,nan
1,image,0,_child0,18,39,nan
1,image,0,_child0,19,39,nan
1,image,0,_child0,20,39,nan
1,image,0,_child0,21,39,1.0311258926692939e-09
1,image,0,_child0,22,39,2.051087335881334e-09
1,image,0,_child0,23,39,2.051087335881334e-09
1,image,0,_child0,24,39,2.051087335881334e-09
1,image,0,_child0,25,39,2.051087335881334e-09
1,image,0,_child0,26,39,1.0311258926692939e-09
1,image,0,_child0,27,39,nan
1,image,0,_child0,28,39,nan
1,image,0,_child0,29,39,nan
1,image,0,_child0,30,39,nan
1,image,0,_child0,31,39,nan
1,image,0,_child0,32,39,nan
1,image,0,_child0,33,39,nan
1,image,0,_child0,34,39,nan
1,image,0,_child0,35,39,nan
1,image,0,_child0,36,39,nan
1,image,0,_child0,37,39,nan
1,image,0,_child0,38,39,nan
1,image,0,_child0,39,39,nan
1,image,0,_child0,40,39,nan
1,image,0,_child0,41,39,nan
1,image,0,_child0,42,39,nan
1,image,0,_child0,43,39,nan
1,image,0,_child0,44,39,nan
1,image,0,_child0,45,39,nan
1,image,0,_child0,46,39,nan
1,image,0,_child0,47,39,nan
1,image,0,_child0,0,40,nan
1,image,0,_child0,1,40,nan
1,image,0,_child0,2,40,nan
1,image,0,_child0,3,40,nan
1,image,0,_child0,4,40,nan
1,image,0,_child0,5,40,nan
1,image,0,_child0,6,40,nan
1,image,0,_child0,7,40,nan
1,image,0,_child0,8,40,nan
1,image,0,_child0,9,40,nan
1,image,0,_child0,10,40,nan
1,image,0,_child0,11,40,nan
1,image,0,_child0,12,40,nan
1,image,0,_child0,13,40,nan
1,image,0,_child0,14,40,nan
1,image,0,_child0,15,40,nan
1,image,0,_child0,16,40,nan
1,image,0,_child0,17,40,nan
1,image,0,_child0,18,40,nan
1,image,0,_child0,19,40,nan
1,image,0,_child0,20,40,nan
1,image,0,_child0,21,40,nan
1,image,0,_child0,22,40,nan
1,image,0,_child0,23,40,nan
1,image,0,_child0,24,40,nan
1,image,0,_child0,25,40,nan
1,image,0,_child0,26,40,nan
1,image,0,_child0,27,40,nan
1,image,0,_child0,28,40,nan
1,image,0,_child0,29,40,nan
1,image,0,_child0,30,40,nan
1,image,0,_child0,31,40,nan
1,image,0,_child0,32,40,nan
1,image,0,_child0,33,40,nan
1,image,0,_child0,34,40,nan
1,image,0,_child0,35,40,nan
1,image,0,_child0,36,40,nan
1,image,0,_child0,37,40,nan
1,image,0,_child0,38,40,nan
1,image,0,_child0,39,40,nan
1,image,0,_child0,40,40,nan
1,image,0,_child0,41,40,nan
1,image,0,_child0,42,40,nan
1,image,0,_child0,43,40,nan
1,image,0,_child0,44,40,nan
1,image,0,_child0,45,40,nan
1,image,0,_child0,46,40,nan
1,image,0,_child0,47,40,nan
1,image,0,_child0,0,41,nan
1,image,0,_child0,1,41,nan
1,image,0,_child0,2,41,nan
1,image,0,_child0,3,41,nan
1,image,0,_child0,4,41,nan
1,image,0,_child0,5,41,nan
1,image,0,_child0,6,41,nan
1,image,0,_child0,7,41,nan
1,image,0,_child0,8,41,nan
1,image,0,_child0,9,41,nan
1,image,0,_child0,10,41,nan
1,image,0,_child0,11,41,nan
1,image,0,_child0,12,41,nan
1,image,0,_child0,13,41,nan
1,image,0,_child0,14,41,nan
1,image,0,_child0,15,41,nan
1,image,0,_child0,16,41,nan
1,image,0,_child0,17,41,nan
1,image,0,_child0,18,41,nan
1,image,0,_child0,19,41,nan
1,image,0,_child0,20,41,nan
1,image,0,_child0,21,41,nan
1,image,0,_child0,22,41,nan
1,image,0,_child0,23,41,nan
1,image,0,_child0,24,41,nan
1,image,0,_child0,25,41,nan
1,image,0,_child0,26,41,nan
1,image,0,_child0,27,41,nan
1,image,0,_child0,28,41,nan
1,image,0,_child0,29,41,nan
1,image,0,_child0,30,41,nan
1,image,0,_child0,31,41,nan
1,image,0,_child0,32,41,nan
1,image,0,_child0,33,41,nan
1,image,0,_child0,34,41,nan
1,image,0,_child0,35,41,nan
1,image,0,_child0,36,41,nan
1,image,0,_child0,37,41,nan
1,image,0,_child0,38,41,nan
1,image,0,_child0,39,41,nan
1,image,0,_child0,40,41,nan
1,image,0,_child0,41,41,nan
1,image,0,_child0,42,41,nan
1,image,0,_child0,43,41,nan
1,image,0,_child0,44,41,nan
1,image,0,_child0,45,41,nan
1,image,0,_child0,46,41,nan
1,image,0,_child0,47,41,nan
1,image,0,_child0,0,42,nan
1,image,0,_child0,1,42,nan
1,image,0,_child0,2,42,nan
1,image,0,_child0,3,42,nan
1,image,0,_child0,4,42,nan
1,image,0,_child0,5,42,nan
1,image,0,_child0,6,42,nan
1,image,0,_child0,7,42,nan
1,image,0,_child0,8,42,nan
1,image,0,_child0,9,42,nan
1,image,0,_child0,10,42,nan
1,image,0,_child0,11,42,nan
1,image,0,_child0,12,42,nan
1,image,0,_child0,13,42,nan
1,image,0,_child0,14,42,nan
1,image,0,_child0,15,42,nan
1,image,0,_child0,16,42,nan
1,image,0,_child0,17,42,nan
1,image,0,_child0,18,42,nan
1,image,0,_child0,19,42,nan
1,image,0,_child0,20,42,nan
1,image,0,_child0,21,42,nan
1,image,0,_child0,22,42,nan
1,image,0,_child0,23,42,nan
1,image,0,_child0,24,42,nan
1,image,0,_child0,25,42,nan
1,image,0,_child0,26,42,nan
1,image,0,_child0,27,42,nan
1,image,0,_child0,28,42,nan
1,image,0,_child0,29,42,nan
1,image,0,_child0,30,42,nan
1,image,0,_child0,31,42,nan
1,image,0,_child0,32,42,nan
1,image,0,_child0,33,42,nan
1,image,0,_child0,34,42,nan
1,image,0,_child0,35,42,nan
1,image,0,_child0,36,42,nan
1,image,0,_child0,37,42,nan
1,image,0,_child0,38,42,nan
1,image,0,_child0,39,42,nan
1,image,0,_child0,40,42,nan
1,image,0,_child0,41,42,nan
1,image,0,_child0,42,42,nan
1,image,0,_child0,43,42,nan
1,image,0,_child0,44,42,nan
1,image,0,_child0,45,42,nan
1,image,0,_child0,46,42,nan
1,image,0,_child0,47,42,nan
1,image,0,_child0,0,43,nan
1,image,0,_child0,1,43,nan
1,image,0,_child0,2,43,nan
1,image,0,_child0,3,43,nan
1,image,0,_child0,4,43,nan
1,image,0,_child0,5,43,nan
1,image,0,_child0,6,43,nan
1,image,0,_child0,7,43,nan
1,image,0,_child0,8,43,nan
1,image,0,_child0,9,43,nan
1,image,0,_child0,10,43,nan
1,image,0,_child0,11,43,nan
1,image,0,_child0,12,43,nan
1,image,0,_child0,13,43,nan
1,image,0,_child0,14,43,nan
1,image,0,_child0,15,43,nan
1,image,0,_child0,16,43,nan
1,image,0,_child0,17,43,nan
1,image,0,_child0,18,43,nan
1,image,0,_child0,19,43,nan
1,image,0,_child0,20,43,nan
1,image,0,_child0,21,43,nan
1,image,0,_child0,22,43,nan
1,image,0,_child0,23,43,nan
1,image,0,_child0,24,43,nan
1,image,0,_child0,25,43,nan
1,image,0,_child0,26,43,nan
1,image,0,_child0,27,43,nan
1,image,0,_child0,28,43,nan
1,image,0,_child0,29,43,nan
1,image,0,_child0,30,43,nan
1,image,0,_child0,31,43,nan
1,image,0,_child0,32,43,nan
1,image,0,_child0,33,43,nan
1,image,0,_child0,34,43,nan
1,image,0,_child0,35,43,nan
1,image,0,_child0,36,43,nan
1,image,0,_child0,37,43,nan
1,image,0,_child0,38,43,nan
1,image,0,_child0,39,43,nan
1,image,0,_child0,40,43,nan
1,image,0,_child0,41,43,nan
1,image,0,_child0,42,43,nan
1,image,0,_child0,43,43,nan
1,image,0,_child0,44,43,nan
1,image,0,_child0,45,43,nan
1,image,0,_child0,46,43,nan
1,image,0,_child0,47,43,nan
1,image,0,_child0,0,44,nan
1,image,0,_child0,1,44,nan
1,image,0,_child0,2,44,nan
1,image,0,_child0,3,44,nan
1,image,0,_child0,4,44,nan
1,image,0,_child0,5,44,nan
1,image,0,_child0,6,44,nan
1,image,0,_child0,7,44,nan
1,image,0,_child0,8,44,nan
1,image,0,_child0,9,44,nan
1,image,0,_child0,10,44,nan
1,image,0,_child0,11,44,nan
1,image,0,_child0,12,44,nan
1,image,0,_child0,13,44,nan
1,image,0,_child0,14,44,nan
1,image,0,_child0,15,44,nan
1,image,0,_child0,16,44,nan
1,image,0,_child0,17,44,nan
1,image,0,_child0,18,44,nan
1,image,0,_child0,19,44,nan
1,image,0,_child0,20,44,nan
1,image,0,_child0,21,44,nan
1,image,0,_child0,22,44,nan
1,image,0,_child0,23,44,nan
1,image,0,_child0,24,44,nan
1,image,0,_child0,25,44,nan
1,image,0,_child0,26,44,nan
1,image,0,_child0,27,44,nan
1,image,0,_child0,28,44,nan
1,image,0,_child0,29,44,nan
1,image,0,_child0,30,44,nan
1,image,0,_child0,31,44,nan
1,image,0,_child0,32,44,nan
1,image,0,_child0,33,44,nan
1,image,0,_child0,34,44,nan
1,image,0,_child0,35,44,nan
1,image,0,_child0,36,44,nan
1,image,0,_child0,37,44,nan
1,image,0,_child0,38,44,nan
1,image,0,_child0,39,44,nan
1,image,0,_child0,40,44,nan
1,image,0,_child0,41,44,nan
1,image,0,_child0,42,44,nan
1,image,0,_child0,43,44,nan
1,image,0,_child0,44,44,nan
1,image,0,_child0,45,44,nan
1,image,0,_child0,46,44,nan
1,image,0,_child0,47,44,nan
1,image,0,_child0,0,45,nan
1,image,0,_child0,1,45,nan
1,image,0,_child0,2,45,nan
1,image,0,_child0,3,45,nan
1,image,0,_child0,4,45,nan
1,image,0,_child0,5,45,nan
1,image,0,_child0,6,45,nan
1,image,0,_child0,7,45,nan
1,image,0,_child0,8,45,nan
1,image,0,_child0,9,45,nan
1,image,0,_child0,10,45,nan
1,image,0,_child0,11,45,nan
1,image,0,_child0,12,45,nan
1,image,0,_child0,13,45,nan
1,image,0,_child0,14,45,nan
1,image,0,_child0,15,45,nan
1,image,0,_child0,16,45,nan
1,image,0,_child0,17,45,nan
1,image,0,_child0,18,45,nan
1,image,0,_child0,19,45,nan
1,image,0,_child0,20,45,nan
1,image,0,_child0,21,45,nan
1,image,0,_child0,22,45,nan
1,image,0,_child0,23,45,nan
1,image,0,_child0,24,45,nan
1,image,0,_child0,25,45,nan
1,image,0,_child0,26,45,nan
1,image,0,_child0,27,45,nan
1,image,0,_child0,28,45,nan
1,image,0,_child0,29,45,nan
1,image,0,_child0,30,45,nan
1,image,0,_child0,31,45,nan
1,image,0,_child0,32,45,nan
1,image,0,_child0,33,45,nan
1,image,0,_child0,34,45,nan
1,image,0,_child0,35,45,nan
1,image,0,_child0,36,45,nan
1,image,0,_child0,37,45,nan
1,image,0,_child0,38,45,nan
1,image,0,_child0,39,45,nan
1,image,0,_child0,40,45,nan
1,image,0,_child0,41,45,nan
1,image,0,_child0,42,45,nan
1,image,0,_child0,43,45,nan
1,image,0,_child0,44,45,nan
1,image,0,_child0,45,45,nan
1,image,0,_child0,46,45,nan
1,image,0,_child0,47,45,nan
1,image,0,_child0,0,46,nan
1,image,0,_child0,1,46,nan
1,image,0,_child0,2,46,nan
1,image,0,_child0,3,46,nan
1,image,0,_child0,4,46,nan
1,image,0,_child0,5,46,nan
1,image,0,_child0,6,46,nan
1,image,0,_child0,7,46,nan
1,image,0,_child0,8,46,nan
1,image,0,_child0,9,46,nan
1,image,0,_child0,10,46,nan
1,image,0,_child0,11,46,nan
1,image,0,_child0,12,46,nan
1,image,0,_child0,13,46,nan
1,image,0,_child0,14,46,nan
1,image,0,_child0,15,46,nan
1,image,0,_child0,16,46,nan
1,image,0,_child0,17,46,nan
1,image,0,_child0,18,46,nan
1,image,0,_child0,19,46,nan
1,image,0,_child0,20,46,nan
1,image,0,_child0,21,46,nan
1,image,0,_child0,22,46,nan
1,image,0,_child0,23,46,nan
1,image,0,_child0,24,46,nan
1,image,0,_child0,25,46,nan
1,image,0,_child0,26,46,nan
1,image,0,_child0,27,46,nan
1,image,0,_child0,28,46,nan
1,image,0,_child0,29,46,nan
1,image,0,_child0,30,46,nan
1,image,0,_child0,31,46,nan
1,image,0,_child0,32,46,nan
1,image,0,_child0,33,46,nan
1,image,0,_child0,34,46,nan
1,image,0,_child0,35,46,nan
1,image,0,_child0,36,46,nan
1,image,0,_child0,37,46,nan
1,image,0,_child0,38,46,nan
1,image,0,_child0,39,46,nan
1,image,0,_child0,40,46,nan
1,image,0,_child0,41,46,nan
1,image,0,_child0,42,46,nan
1,image,0,_child0,43,46,nan
1,image,0,_child0,44,46,nan
1,image,0,_child0,45,46,nan
1,image,0,_child0,46,46,nan
1,image,0,_child0,47,46,nan
1,image,0,_child0,0,47,nan
1,image,0,_child0,1,47,nan
1,image,0,_child0,2,47,nan
1,image,0,_child0,3,47,nan
1,image,0,_child0,4,47,nan
1,image,0,_child0,5,47,nan
1,image,0,_child0,6,47,nan
1,image,0,_child0,7,47,nan
1,image,0,_child0,8,47,nan
1,image,0,_child0,9,47,nan
1,image,0,_child0,10,47,nan
1,image,0,_child0,11,47,nan
1,image,0,_child0,12,47,nan
1,image,0,_child0,13,47,nan
1,image,0,_child0,14,47,nan
1,image,0,_child0,15,47,nan
1,image,0,_child0,16,47,nan
1,image,0,_child0,17,47,nan
1,image,0,_child0,18,47,nan
1,image,0,_child0,19,47,nan
1,image,0,_child0,20,47,nan
1,image,0,_child0,21,47,nan
1,image,0,_child0,22,47,nan
1,image,0,_child0,23,47,nan
1,image,0,_child0,24,47,nan
1,image,0,_child0,25,47,nan
1,image,0,_child0,26,47,nan
1,image,0,_child0,27,47,nan
1,image,0,_child0,28,47,nan
1,image,0,_child0,29,47,nan
1,image,0,_child0,30,47,nan
1,image,0,_child0,31,47,nan
1,image,0,_child0,32,47,nan
1,image,0,_child0,33,47,nan
1,image,0,_child0,34,47,nan
1,image,0,_child0,35,47,nan
1,image,0,_child0,36,47,nan
1,image,0,_child0,37,47,nan
1,image,0,_child0,38,47,nan
1,image,0,_child0,39,47,nan
1,image,0,_child0,40,47,nan
1,image,0,_child0,41,47,nan
1,image,0,_child0,42,47,nan
1,image,0,_child0,43,47,nan
1,image,0,_child0,44,47,nan
1,image,0,_child0,45,47,nan
1,image,0,_child0,46,47,nan
1,image,0,_child0,47,47,nan
2,collection,0,_child0,0.0,0.0,
2,collection,1,_child1,0.0,0.0,
3,collection,0,_child0,0.0,0.0,
3,collection,1,_child1,0.0,0.0,
