axis,kind,series,label,x,y,value
0,line,0,ASGARD sync $1.0\times 10^{9}$ Hz,1.0,9.214177138571048e-31,
0,line,0,ASGARD sync $1.0\times 10^{9}$ Hz,1.1228311834035287,1.295189297645278e-30,
0,line,0,ASGARD sync $1.0\times 10^{9}$ Hz,1.2607498664233685,1.809571652078426e-30,
0,line,0,ASGARD sync $1.0\times 10^{9}$ Hz,1.4156092644919918,2.4926820753625972e-30,
0,line,0,ASGARD sync $1.0\times 10^{9}$ Hz,1.5894902256865417,3.49216965934005e-30,
0,line,0,ASGARD sync $1.0\times 10^{9}$ Hz,1.7847291911159615,4.7682577119590286e-30,
0,line,0,ASGARD sync $1.0\times 10^{9}$ Hz,2.0039495897155577,6.552998134890047e-30,
0,line,0,ASGARD sync $1.0\times 10^{9}$ Hz,2.2500970893013355,8.949315731743041e-30,
0,line,0,ASGARD sync $1.0\times 10^{9}$ Hz,2.5264791775530537,1.1905735834416486e-29,
0,line,0,ASGARD sync $1.0\times 10^{9}$ Hz,2.8368096047762688,1.5928773599357338e-29,
0,line,0,ASGARD sync $1.0\times 10^{9}$ Hz,3.1852582856214346,2.0735935592637436e-29,
0,line,0,ASGARD sync $1.0\times 10^{9}$ Hz,3.57650733029021,2.6572043996204126e-29,
0,line,0,ASGARD sync $1.0\times 10^{9}$ Hz,4.015813958121153,3.379890277052989e-29,
0,line,0,ASGARD sync $1.0\times 10^{9}$ Hz,4.509081138925582,4.166498030655096e-29,
0,line,0,ASGARD sync $1.0\times 10^{9}$ Hz,5.062936911282342,5.101031431780705e-29,
0,line,0,ASGARD sync $1.0\times 10^{9}$ Hz,5.684823443592558,6.131911954652449e-29,
0,line,0,ASGARD sync $1.0\times 10^{9}$ Hz,6.383097034609155,7.199123905875863e-29,
0,line,0,ASGARD sync $1.0\times 10^{9}$ Hz,7.167140397149751,8.407480243486064e-29,
0,line,0,ASGARD sync $1.0\times 10^{9}$ Hz,8.04748873375089,9.657544666331806e-29,
0,line,0,ASGARD sync $1.0\times 10^{9}$ Hz,9.035971298344078,1.0914666903665993e-28,
0,line,0,ASGARD sync $1.0\times 10^{9}$ Hz,10.14587034612,1.2262385812196185e-28,
0,line,0,ASGARD sync $1.0\times 10^{9}$ Hz,11.392099607392687,1.3658059079698462e-28,
0,line,0,ASGARD sync $1.0\times 10^{9}$ Hz,12.791404683619605,1.510326475495812e-28,
0,line,0,ASGARD sync $1.0\times 10^{9}$ Hz,14.362588058302041,1.677048138883153e-28,
0,line,0,ASGARD sync $1.0\times 10^{9}$ Hz,16.12676174624068,1.8435857542022247e-28,
0,line,0,ASGARD sync $1.0\times 10^{9}$ Hz,18.107630975998173,2.0362813975065643e-28,
0,line,0,ASGARD sync $1.0\times 10^{9}$ Hz,20.331812717414422,2.2286283835008605e-28,
0,line,0,ASGARD sync $1.0\times 10^{9}$ Hz,22.82919333423335,2.432662382022421e-28,
0,line,0,ASGARD sync $1.0\times 10^{9}$ Hz,25.63333016762518,2.6472882306692623e-28,
0,line,0,ASGARD sync $1.0\times 10^{9}$ Hz,28.78190244668795,2.882432242965461e-28,
0,line,0,ASGARD sync $1.0\times 10^{9}$ Hz,32.31721758481955,3.140378618057409e-28,
0,line,0,ASGARD sync $1.0\times 10^{9}$ Hz,36.28677966507226,3.410472732815611e-28,
0,line,0,ASGARD sync $1.0\times 10^{9}$ Hz,40.743927753236186,3.7141721713917174e-28,
0,line,0,ASGARD sync $1.0\times 10^{9}$ Hz,45.74855261567406,4.034503623015062e-28,
0,line,0,ASGARD sync $1.0\times 10^{9}$ Hz,51.3679014724559,4.3755003221270175e-28,
0,line,0,ASGARD sync $1.0\times 10^{9}$ Hz,57.67748159927351,4.729875030473515e-28,
0,line,0,ASGARD sync $1.0\times 10^{9}$ Hz,64.76207491984752,5.105823657739185e-28,
0,line,0,ASGARD sync $1.0\times 10^{9}$ Hz,72.71687722192038,5.486066380423269e-28,
0,line,0,ASGARD sync $1.0\times 10^{9}$ Hz,81.64877730449795,5.882838366983691e-28,
0,line,0,ASGARD sync $1.0\times 10^{9}$ Hz,91.67779324426061,6.290871176171597e-28,
0,line,0,ASGARD sync $1.0\times 10^{9}$ Hz,102.93868508027717,6.713912304431169e-28,
0,line,0,ASGARD sync $1.0\times 10^{9}$ Hz,115.58276558669077,7.1472467601524885e-28,
0,line,0,ASGARD sync $1.0\times 10^{9}$ Hz,129.77993346475662,7.591017120611516e-28,
0,line,0,ASGARD sync $1.0\times 10^{9}$ Hz,145.7209562742639,8.044522857430522e-28,
0,line,0,ASGARD sync $1.0\times 10^{9}$ Hz,163.6200337801256,8.505103968260846e-28,
0,line,0,ASGARD sync $1.0\times 10^{9}$ Hz,183.71767615786374,8.982310327853855e-28,
0,line,0,ASGARD sync $1.0\times 10^{9}$ Hz,206.2839357324804,9.467305031104435e-28,
0,line,0,ASGARD sync $1.0\times 10^{9}$ Hz,231.6220356756384,9.961357754178142e-28,
0,line,0,ASGARD sync $1.0\times 10^{9}$ Hz,260.07244442001166,1.046499761073967e-27,
0,line,0,ASGARD sync $1.0\times 10^{9}$ Hz,292.0174505387701,1.0985013625233144e-27,
0,line,0,ASGARD sync $1.0\times 10^{9}$ Hz,327.8862995629286,1.1552985100355084e-27,
0,line,0,ASGARD sync $1.0\times 10^{9}$ Hz,368.16096176004703,1.2163884113622017e-27,
0,line,0,ASGARD sync $1.0\times 10^{9}$ Hz,413.38260837601484,1.2830559211981523e-27,
0,line,0,ASGARD sync $1.0\times 10^{9}$ Hz,464.1588833612782,1.3554894102619247e-27,
0,line,0,ASGARD sync $1.0\times 10^{9}$ Hz,521.1720682918044,1.4349876015602685e-27,
0,line,0,ASGARD sync $1.0\times 10^{9}$ Hz,585.1882501969513,1.522588378000012e-27,
0,line,0,ASGARD sync $1.0\times 10^{9}$ Hz,657.0676154824831,1.621103090629051e-27,
0,line,0,ASGARD sync $1.0\times 10^{9}$ Hz,737.7760082683312,1.728915366059146e-27,
0,line,0,ASGARD sync $1.0\times 10^{9}$ Hz,828.3979084506619,1.8477250003280344e-27,
0,line,0,ASGARD sync $1.0\times 10^{9}$ Hz,930.1510038746646,1.97796297096355e-27,
0,line,0,ASGARD sync $1.0\times 10^{9}$ Hz,1044.4025524245699,2.1192011066028345e-27,
0,line,0,ASGARD sync $1.0\times 10^{9}$ Hz,1172.6877538885456,2.2715554175072257e-27,
0,line,0,ASGARD sync $1.0\times 10^{9}$ Hz,1316.7303784615017,2.434593902977996e-27,
0,line,0,ASGARD sync $1.0\times 10^{9}$ Hz,1478.465929071304,2.6059165543707234e-27,
0,line,0,ASGARD sync $1.0\times 10^{9}$ Hz,1660.0676487609296,2.7844312517140912e-27,
0,line,0,ASGARD sync $1.0\times 10^{9}$ Hz,1863.975722588148,2.96849107871985e-27,
0,line,0,ASGARD sync $1.0\times 10^{9}$ Hz,2092.9300664290977,3.1596422847149808e-27,
0,line,0,ASGARD sync $1.0\times 10^{9}$ Hz,2350.0071432694094,3.35652107353043e-27,
0,line,0,ASGARD sync $1.0\times 10^{9}$ Hz,2638.6613016839365,3.5592846058260795e-27,
0,line,0,ASGARD sync $1.0\times 10^{9}$ Hz,2962.77119197087,3.767826862713718e-27,
0,line,0,ASGARD sync $1.0\times 10^{9}$ Hz,3326.691883634535,3.981438822152705e-27,
0,line,0,ASGARD sync $1.0\times 10^{9}$ Hz,3735.3133845202788,4.200285831792547e-27,
0,line,0,ASGARD sync $1.0\times 10^{9}$ Hz,4194.126347923944,4.424058859175594e-27,
0,line,0,ASGARD sync $1.0\times 10^{9}$ Hz,4709.295850583362,4.652630668356869e-27,
0,line,0,ASGARD sync $1.0\times 10^{9}$ Hz,5287.744232907843,4.886132014401725e-27,
0,line,0,ASGARD sync $1.0\times 10^{9}$ Hz,5937.244114571097,5.123867554436024e-27,
0,line,0,ASGARD sync $1.0\times 10^{9}$ Hz,6666.522835319501,5.369477573148807e-27,
0,line,0,ASGARD sync $1.0\times 10^{9}$ Hz,7485.379724368442,5.629176286529651e-27,
0,line,0,ASGARD sync $1.0\times 10^{9}$ Hz,8404.817774137397,5.909980863129394e-27,
0,line,0,ASGARD sync $1.0\times 10^{9}$ Hz,9437.191487625705,6.2157223474957846e-27,
0,line,0,ASGARD sync $1.0\times 10^{9}$ Hz,10596.372886056477,6.549180609189345e-27,
0,line,0,ASGARD sync $1.0\times 10^{9}$ Hz,11897.937907435859,6.919422474533281e-27,
0,line,0,ASGARD sync $1.0\times 10^{9}$ Hz,13359.375700667906,7.332679496819623e-27,
0,line,0,ASGARD sync $1.0\times 10^{9}$ Hz,15000.323627513291,7.791369401407323e-27,
0,line,0,ASGARD sync $1.0\times 10^{9}$ Hz,16842.831130116658,8.300774566095802e-27,
0,line,0,ASGARD sync $1.0\times 10^{9}$ Hz,18911.65600969468,8.858912953627556e-27,
0,line,0,ASGARD sync $1.0\times 10^{9}$ Hz,21234.59709748593,9.46263659402782e-27,
0,line,0,ASGARD sync $1.0\times 10^{9}$ Hz,23842.867788067262,1.0104657805839224e-26,
0,line,0,ASGARD sync $1.0\times 10^{9}$ Hz,26771.51545420944,1.0770335033862945e-26,
0,line,0,ASGARD sync $1.0\times 10^{9}$ Hz,30059.89237895584,1.1444646104593964e-26,
0,line,0,ASGARD sync $1.0\times 10^{9}$ Hz,33752.1845328457,1.2104782063421686e-26,
0,line,0,ASGARD sync $1.0\times 10^{9}$ Hz,37898.005301469406,1.2730836038309366e-26,
0,line,0,ASGARD sync $1.0\times 10^{9}$ Hz,42553.0621412821,1.3316832643243886e-26,
0,line,0,ASGARD sync $1.0\times 10^{9}$ Hz,47779.90512153967,1.3831850152562984e-26,
0,line,0,ASGARD sync $1.0\times 10^{9}$ Hz,53648.76741052671,1.424724510649341e-26,
0,line,0,ASGARD sync $1.0\times 10^{9}$ Hz,60238.50899970236,1.4531323438993676e-26,
0,line,0,ASGARD sync $1.0\times 10^{9}$ Hz,67637.67634660006,1.466652894693426e-26,
0,line,0,ASGARD sync $1.0\times 10^{9}$ Hz,75945.69217491779,1.465788300688228e-26,
0,line,0,ASGARD sync $1.0\times 10^{9}$ Hz,85274.19141916305,1.4523707475812243e-26,
0,line,0,ASGARD sync $1.0\times 10^{9}$ Hz,95748.52126495788,1.4303982617997928e-26,
0,line,0,ASGARD sync $1.0\times 10^{9}$ Hz,107509.42544107056,1.4015636924251604e-26,
0,line,0,ASGARD sync $1.0\times 10^{9}$ Hz,120714.9353950307,1.3672556820931997e-26,
0,line,0,ASGARD sync $1.0\times 10^{9}$ Hz,135542.4937640828,1.3318831491036466e-26,
0,line,0,ASGARD sync $1.0\times 10^{9}$ Hz,152191.33867459052,1.2989893276901012e-26,
0,line,0,ASGARD sync $1.0\times 10^{9}$ Hz,170885.1809077577,1.2736001779837364e-26,
0,line,0,ASGARD sync $1.0\times 10^{9}$ Hz,191875.20990478364,1.2617604094836634e-26,
0,line,0,ASGARD sync $1.0\times 10^{9}$ Hz,215443.46900318866,1.2625204676876547e-26,
0,line,0,ASGARD sync $1.0\times 10^{9}$ Hz,241906.64525741176,1.2743942303615083e-26,
0,line,0,ASGARD sync $1.0\times 10^{9}$ Hz,271620.32476755726,1.2926580045101912e-26,
0,line,0,ASGARD sync $1.0\times 10^{9}$ Hz,304983.77069520706,1.3126690541757266e-26,
0,line,0,ASGARD sync $1.0\times 10^{9}$ Hz,342445.2881685698,1.332186255570148e-26,
0,line,0,ASGARD sync $1.0\times 10^{9}$ Hz,384508.2481652776,1.347357540640719e-26,
0,line,0,ASGARD sync $1.0\times 10^{9}$ Hz,431737.8513158363,1.357952976357384e-26,
0,line,0,ASGARD sync $1.0\times 10^{9}$ Hz,484768.7225130572,1.3606286500516826e-26,
0,line,0,ASGARD sync $1.0\times 10^{9}$ Hz,544313.4383763528,1.3511742752484053e-26,
0,line,0,ASGARD sync $1.0\times 10^{9}$ Hz,611172.1021545639,1.332291119818028e-26,
0,line,0,ASGARD sync $1.0\times 10^{9}$ Hz,686243.0947254312,1.307131984093985e-26,
0,line,0,ASGARD sync $1.0\times 10^{9}$ Hz,770535.1461530557,1.2804251752302511e-26,
0,line,0,ASGARD sync $1.0\times 10^{9}$ Hz,865180.8900090464,1.2528329824665688e-26,
0,line,0,ASGARD sync $1.0\times 10^{9}$ Hz,971452.0825869758,1.2229488244565569e-26,
0,line,0,ASGARD sync $1.0\times 10^{9}$ Hz,1090776.6915109565,1.1938780684271085e-26,
0,line,0,ASGARD sync $1.0\times 10^{9}$ Hz,1224758.0833582329,1.1632331230625087e-26,
0,line,0,ASGARD sync $1.0\times 10^{9}$ Hz,1375196.5681201622,1.1309997434423011e-26,
0,line,0,ASGARD sync $1.0\times 10^{9}$ Hz,1544113.5899948329,1.1040766292077497e-26,
0,line,0,ASGARD sync $1.0\times 10^{9}$ Hz,1733778.8895633693,1.0854875231122901e-26,
0,line,0,ASGARD sync $1.0\times 10^{9}$ Hz,1946741.0023284936,1.0872600160528482e-26,
0,line,0,ASGARD sync $1.0\times 10^{9}$ Hz,2185861.5034246743,1.1025954340390333e-26,
0,line,0,ASGARD sync $1.0\times 10^{9}$ Hz,2454353.458646543,1.1171158507951404e-26,
0,line,0,ASGARD sync $1.0\times 10^{9}$ Hz,2755824.5984626412,1.1392041847719039e-26,
0,line,0,ASGARD sync $1.0\times 10^{9}$ Hz,3094325.795144362,1.157548070189256e-26,
0,line,0,ASGARD sync $1.0\times 10^{9}$ Hz,3474405.4943980086,1.1704677270356602e-26,
0,line,0,ASGARD sync $1.0\times 10^{9}$ Hz,3901170.8328986377,1.1835103339974914e-26,
0,line,0,ASGARD sync $1.0\times 10^{9}$ Hz,4380356.262962907,1.1800064284627955e-26,
0,line,0,ASGARD sync $1.0\times 10^{9}$ Hz,4918400.606471699,1.1584652563592459e-26,
0,line,0,ASGARD sync $1.0\times 10^{9}$ Hz,5522533.573417251,1.124033718042638e-26,
0,line,0,ASGARD sync $1.0\times 10^{9}$ Hz,6200872.907625809,1.0792022967016669e-26,
0,line,0,ASGARD sync $1.0\times 10^{9}$ Hz,6962533.465004367,1.0308768277930658e-26,
0,line,0,ASGARD sync $1.0\times 10^{9}$ Hz,7817749.689997524,9.773635108448926e-27,
0,line,0,ASGARD sync $1.0\times 10^{9}$ Hz,8778013.135972489,9.194723328640709e-27,
0,line,0,ASGARD sync $1.0\times 10^{9}$ Hz,9856226.87739571,8.626626829356215e-27,
0,line,0,ASGARD sync $1.0\times 10^{9}$ Hz,11066878.88863989,8.018001382702112e-27,
0,line,0,ASGARD sync $1.0\times 10^{9}$ Hz,12426236.719115056,7.409109039130339e-27,
0,line,0,ASGARD sync $1.0\times 10^{9}$ Hz,13952566.080576338,6.805831786940164e-27,
0,line,0,ASGARD sync $1.0\times 10^{9}$ Hz,15666376.283769464,6.1902783512249e-27,
0,line,0,ASGARD sync $1.0\times 10^{9}$ Hz,17590695.822349843,5.631510999969832e-27,
0,line,0,ASGARD sync $1.0\times 10^{9}$ Hz,19751381.80710058,5.0804533294111594e-27,
0,line,0,ASGARD sync $1.0\times 10^{9}$ Hz,22177467.40832167,4.559589241749e-27,
0,line,0,ASGARD sync $1.0\times 10^{9}$ Hz,24901551.97497901,4.093346522281775e-27,
0,line,0,ASGARD sync $1.0\times 10^{9}$ Hz,27960239.072650153,3.640505092382133e-27,
0,line,0,ASGARD sync $1.0\times 10^{9}$ Hz,31394628.326189354,3.247371754489826e-27,
0,line,0,ASGARD sync $1.0\times 10^{9}$ Hz,35250867.67600913,2.8844084567637406e-27,
0,line,0,ASGARD sync $1.0\times 10^{9}$ Hz,39580773.46865453,2.5448862093042073e-27,
0,line,0,ASGARD sync $1.0\times 10^{9}$ Hz,44442526.71383636,2.2636765037438513e-27,
0,line,0,ASGARD sync $1.0\times 10^{9}$ Hz,49901454.86353981,1.9950155404845294e-27,
0,line,0,ASGARD sync $1.0\times 10^{9}$ Hz,56030909.61798617,1.762488614815592e-27,
0,line,0,ASGARD sync $1.0\times 10^{9}$ Hz,62913252.55353957,1.557900739481276e-27,
0,line,0,ASGARD sync $1.0\times 10^{9}$ Hz,70640961.8164559,1.3643014907104533e-27,
0,line,0,ASGARD sync $1.0\times 10^{9}$ Hz,79317874.75313465,1.2093369129753251e-27,
0,line,0,ASGARD sync $1.0\times 10^{9}$ Hz,89060583.17411506,1.0628871564329381e-27,
0,line,0,ASGARD sync $1.0\times 10^{9}$ Hz,100000000.0,9.333295870260566e-28,
0,line,1,ASGARD SSC $1.0\times 10^{9}$ Hz,1.0,1.2984153650621743e-51,
0,line,1,ASGARD SSC $1.0\times 10^{9}$ Hz,1.1228311834035287,2.069311610259378e-51,
0,line,1,ASGARD SSC $1.0\times 10^{9}$ Hz,1.2607498664233685,3.271735128127389e-51,
0,line,1,ASGARD SSC $1.0\times 10^{9}$ Hz,1.4156092644919918,5.0346882806847146e-51,
0,line,1,ASGARD SSC $1.0\times 10^{9}$ Hz,1.5894902256865417,8.05671500291355e-51,
0,line,1,ASGARD SSC $1.0\times 10^{9}$ Hz,1.7847291911159615,1.2304179985226495e-50,
0,line,1,ASGARD SSC $1.0\times 10^{9}$ Hz,2.0039495897155577,1.9150329095896825e-50,
0,line,1,ASGARD SSC $1.0\times 10^{9}$ Hz,2.2500970893013355,2.9820807050337834e-50,
0,line,1,ASGARD SSC $1.0\times 10^{9}$ Hz,2.5264791775530537,4.437967359301206e-50,
0,line,1,ASGARD SSC $1.0\times 10^{9}$ Hz,2.8368096047762688,6.789456323132918e-50,
0,line,1,ASGARD SSC $1.0\times 10^{9}$ Hz,3.1852582856214346,9.983925017524497e-50,
0,line,1,ASGARD SSC $1.0\times 10^{9}$ Hz,3.57650733029021,1.441103191610573e-49,
0,line,1,ASGARD SSC $1.0\times 10^{9}$ Hz,4.015813958121153,2.0943812142251292e-49,
0,line,1,ASGARD SSC $1.0\times 10^{9}$ Hz,4.509081138925582,2.898164388876837e-49,
0,line,1,ASGARD SSC $1.0\times 10^{9}$ Hz,5.062936911282342,4.026368924299626e-49,
0,line,1,ASGARD SSC $1.0\times 10^{9}$ Hz,5.684823443592558,5.5052410206599846e-49,
0,line,1,ASGARD SSC $1.0\times 10^{9}$ Hz,6.383097034609155,7.257362101718204e-49,
0,line,1,ASGARD SSC $1.0\times 10^{9}$ Hz,7.167140397149751,9.597391095544687e-49,
0,line,1,ASGARD SSC $1.0\times 10^{9}$ Hz,8.04748873375089,1.2347719051671223e-48,
0,line,1,ASGARD SSC $1.0\times 10^{9}$ Hz,9.035971298344078,1.5520102738352416e-48,
0,line,1,ASGARD SSC $1.0\times 10^{9}$ Hz,10.14587034612,1.993069130126999e-48,
0,line,1,ASGARD SSC $1.0\times 10^{9}$ Hz,11.392099607392687,2.5958580336495493e-48,
0,line,1,ASGARD SSC $1.0\times 10^{9}$ Hz,12.791404683619605,3.354626334410323e-48,
0,line,1,ASGARD SSC $1.0\times 10^{9}$ Hz,14.362588058302041,4.3905165703765004e-48,
0,line,1,ASGARD SSC $1.0\times 10^{9}$ Hz,16.12676174624068,5.671434156505166e-48,
0,line,1,ASGARD SSC $1.0\times 10^{9}$ Hz,18.107630975998173,7.297611934338457e-48,
0,line,1,ASGARD SSC $1.0\times 10^{9}$ Hz,20.331812717414422,9.36965907938511e-48,
0,line,1,ASGARD SSC $1.0\times 10^{9}$ Hz,22.82919333423335,1.1955521621462005e-47,
0,line,1,ASGARD SSC $1.0\times 10^{9}$ Hz,25.63333016762518,1.511761122455817e-47,
0,line,1,ASGARD SSC $1.0\times 10^{9}$ Hz,28.78190244668795,1.946559868049614e-47,
0,line,1,ASGARD SSC $1.0\times 10^{9}$ Hz,32.31721758481955,2.478836234503659e-47,
0,line,1,ASGARD SSC $1.0\times 10^{9}$ Hz,36.28677966507226,3.1523638823542156e-47,
0,line,1,ASGARD SSC $1.0\times 10^{9}$ Hz,40.743927753236186,4.006942886413195e-47,
0,line,1,ASGARD SSC $1.0\times 10^{9}$ Hz,45.74855261567406,5.067608958734985e-47,
0,line,1,ASGARD SSC $1.0\times 10^{9}$ Hz,51.3679014724559,6.345605525736021e-47,
0,line,1,ASGARD SSC $1.0\times 10^{9}$ Hz,57.67748159927351,7.900497238034639e-47,
0,line,1,ASGARD SSC $1.0\times 10^{9}$ Hz,64.76207491984752,9.800003277581046e-47,
0,line,1,ASGARD SSC $1.0\times 10^{9}$ Hz,72.71687722192038,1.2050955663526482e-46,
0,line,1,ASGARD SSC $1.0\times 10^{9}$ Hz,81.64877730449795,1.4725831756304507e-46,
0,line,1,ASGARD SSC $1.0\times 10^{9}$ Hz,91.67779324426061,1.7926920888990304e-46,
0,line,1,ASGARD SSC $1.0\times 10^{9}$ Hz,102.93868508027717,2.1779369011414057e-46,
0,line,1,ASGARD SSC $1.0\times 10^{9}$ Hz,115.58276558669077,2.6294303587829873e-46,
0,line,1,ASGARD SSC $1.0\times 10^{9}$ Hz,129.77993346475662,3.1637841648020112e-46,
0,line,1,ASGARD SSC $1.0\times 10^{9}$ Hz,145.7209562742639,3.793634217064809e-46,
0,line,1,ASGARD SSC $1.0\times 10^{9}$ Hz,163.6200337801256,4.525480073828583e-46,
0,line,1,ASGARD SSC $1.0\times 10^{9}$ Hz,183.71767615786374,5.3869380208159626e-46,
0,line,1,ASGARD SSC $1.0\times 10^{9}$ Hz,206.2839357324804,6.389742188992076e-46,
0,line,1,ASGARD SSC $1.0\times 10^{9}$ Hz,231.6220356756384,7.56042073278542e-46,
0,line,1,ASGARD SSC $1.0\times 10^{9}$ Hz,260.07244442001166,9.06897130110876e-46,
0,line,1,ASGARD SSC $1.0\times 10^{9}$ Hz,292.0174505387701,1.0999290291798046e-45,
0,line,1,ASGARD SSC $1.0\times 10^{9}$ Hz,327.8862995629286,1.3524320189343207e-45,
0,line,1,ASGARD SSC $1.0\times 10^{9}$ Hz,368.16096176004703,1.6765243993152924e-45,
0,line,1,ASGARD SSC $1.0\times 10^{9}$ Hz,413.38260837601484,2.0945514989505087e-45,
0,line,1,ASGARD SSC $1.0\times 10^{9}$ Hz,464.1588833612782,2.6378828931258668e-45,
0,line,1,ASGARD SSC $1.0\times 10^{9}$ Hz,521.1720682918044,3.3467861264211366e-45,
0,line,1,ASGARD SSC $1.0\times 10^{9}$ Hz,585.1882501969513,4.2646730729843796e-45,
0,line,1,ASGARD SSC $1.0\times 10^{9}$ Hz,657.0676154824831,5.4582167650035137e-45,
0,line,1,ASGARD SSC $1.0\times 10^{9}$ Hz,737.7760082683312,6.966000607475098e-45,
0,line,1,ASGARD SSC $1.0\times 10^{9}$ Hz,828.3979084506619,8.871778783181049e-45,
0,line,1,ASGARD SSC $1.0\times 10^{9}$ Hz,930.1510038746646,1.1248865304273345e-44,
0,line,1,ASGARD SSC $1.0\times 10^{9}$ Hz,1044.4025524245699,1.4179567795005965e-44,
0,line,1,ASGARD SSC $1.0\times 10^{9}$ Hz,1172.6877538885456,1.7756031007797262e-44,
0,line,1,ASGARD SSC $1.0\times 10^{9}$ Hz,1316.7303784615017,2.2098753874978541e-44,
0,line,1,ASGARD SSC $1.0\times 10^{9}$ Hz,1478.465929071304,2.731630231009307e-44,
0,line,1,ASGARD SSC $1.0\times 10^{9}$ Hz,1660.0676487609296,3.3561645513332095e-44,
0,line,1,ASGARD SSC $1.0\times 10^{9}$ Hz,1863.975722588148,4.0958763726044675e-44,
0,line,1,ASGARD SSC $1.0\times 10^{9}$ Hz,2092.9300664290977,4.981995148684044e-44,
0,line,1,ASGARD SSC $1.0\times 10^{9}$ Hz,2350.0071432694094,6.02678610467768e-44,
0,line,1,ASGARD SSC $1.0\times 10^{9}$ Hz,2638.6613016839365,7.262119836252158e-44,
0,line,1,ASGARD SSC $1.0\times 10^{9}$ Hz,2962.77119197087,8.720807555053379e-44,
0,line,1,ASGARD SSC $1.0\times 10^{9}$ Hz,3326.691883634535,1.0433087215387567e-43,
0,line,1,ASGARD SSC $1.0\times 10^{9}$ Hz,3735.3133845202788,1.2437702380136446e-43,
0,line,1,ASGARD SSC $1.0\times 10^{9}$ Hz,4194.126347923944,1.4770252352622566e-43,
0,line,1,ASGARD SSC $1.0\times 10^{9}$ Hz,4709.295850583362,1.7471176037919452e-43,
0,line,1,ASGARD SSC $1.0\times 10^{9}$ Hz,5287.744232907843,2.066414765834906e-43,
0,line,1,ASGARD SSC $1.0\times 10^{9}$ Hz,5937.244114571097,2.4508604955793523e-43,
0,line,1,ASGARD SSC $1.0\times 10^{9}$ Hz,6666.522835319501,2.9450235275775483e-43,
0,line,1,ASGARD SSC $1.0\times 10^{9}$ Hz,7485.379724368442,3.581785356015445e-43,
0,line,1,ASGARD SSC $1.0\times 10^{9}$ Hz,8404.817774137397,4.400830180423534e-43,
0,line,1,ASGARD SSC $1.0\times 10^{9}$ Hz,9437.191487625705,5.479613717565486e-43,
0,line,1,ASGARD SSC $1.0\times 10^{9}$ Hz,10596.372886056477,6.890380357717034e-43,
0,line,1,ASGARD SSC $1.0\times 10^{9}$ Hz,11897.937907435859,8.744143112406496e-43,
0,line,1,ASGARD SSC $1.0\times 10^{9}$ Hz,13359.375700667906,1.116541247787201e-42,
0,line,1,ASGARD SSC $1.0\times 10^{9}$ Hz,15000.323627513291,1.427547300673679e-42,
0,line,1,ASGARD SSC $1.0\times 10^{9}$ Hz,16842.831130116658,1.825195705437388e-42,
0,line,1,ASGARD SSC $1.0\times 10^{9}$ Hz,18911.65600969468,2.3249162467975628e-42,
0,line,1,ASGARD SSC $1.0\times 10^{9}$ Hz,21234.59709748593,2.9458029453214874e-42,
0,line,1,ASGARD SSC $1.0\times 10^{9}$ Hz,23842.867788067262,3.7097363879020795e-42,
0,line,1,ASGARD SSC $1.0\times 10^{9}$ Hz,26771.51545420944,4.635739724340434e-42,
0,line,1,ASGARD SSC $1.0\times 10^{9}$ Hz,30059.89237895584,5.75392721626079e-42,
0,line,1,ASGARD SSC $1.0\times 10^{9}$ Hz,33752.1845328457,7.086636215607929e-42,
0,line,1,ASGARD SSC $1.0\times 10^{9}$ Hz,37898.005301469406,8.66028550632768e-42,
0,line,1,ASGARD SSC $1.0\times 10^{9}$ Hz,42553.0621412821,1.0518764115976497e-41,
0,line,1,ASGARD SSC $1.0\times 10^{9}$ Hz,47779.90512153967,1.2670953510708e-41,
0,line,1,ASGARD SSC $1.0\times 10^{9}$ Hz,53648.76741052671,1.5115667649661184e-41,
0,line,1,ASGARD SSC $1.0\times 10^{9}$ Hz,60238.50899970236,1.7827562151800432e-41,
0,line,1,ASGARD SSC $1.0\times 10^{9}$ Hz,67637.67634660006,2.077050883711744e-41,
0,line,1,ASGARD SSC $1.0\times 10^{9}$ Hz,75945.69217491779,2.3923874590010087e-41,
0,line,1,ASGARD SSC $1.0\times 10^{9}$ Hz,85274.19141916305,2.7243055627103893e-41,
0,line,1,ASGARD SSC $1.0\times 10^{9}$ Hz,95748.52126495788,3.0706858249710444e-41,
0,line,1,ASGARD SSC $1.0\times 10^{9}$ Hz,107509.42544107056,3.4541546769320976e-41,
0,line,1,ASGARD SSC $1.0\times 10^{9}$ Hz,120714.9353950307,3.9012404332721653e-41,
0,line,1,ASGARD SSC $1.0\times 10^{9}$ Hz,135542.4937640828,4.495759657976917e-41,
0,line,1,ASGARD SSC $1.0\times 10^{9}$ Hz,152191.33867459052,5.327424823630994e-41,
0,line,1,ASGARD SSC $1.0\times 10^{9}$ Hz,170885.1809077577,6.516970582194245e-41,
0,line,1,ASGARD SSC $1.0\times 10^{9}$ Hz,191875.20990478364,8.173313226168504e-41,
0,line,1,ASGARD SSC $1.0\times 10^{9}$ Hz,215443.46900318866,1.0296436891330467e-40,
0,line,1,ASGARD SSC $1.0\times 10^{9}$ Hz,241906.64525741176,1.2904969432462137e-40,
0,line,1,ASGARD SSC $1.0\times 10^{9}$ Hz,271620.32476755726,1.5963258344528038e-40,
0,line,1,ASGARD SSC $1.0\times 10^{9}$ Hz,304983.77069520706,1.9416948134109223e-40,
0,line,1,ASGARD SSC $1.0\times 10^{9}$ Hz,342445.2881685698,2.3255858300331627e-40,
0,line,1,ASGARD SSC $1.0\times 10^{9}$ Hz,384508.2481652776,2.7363887299988873e-40,
0,line,1,ASGARD SSC $1.0\times 10^{9}$ Hz,431737.8513158363,3.174668398572417e-40,
0,line,1,ASGARD SSC $1.0\times 10^{9}$ Hz,484768.7225130572,3.6506325556627545e-40,
0,line,1,ASGARD SSC $1.0\times 10^{9}$ Hz,544313.4383763528,4.159516925516494e-40,
0,line,1,ASGARD SSC $1.0\times 10^{9}$ Hz,611172.1021545639,4.694712662040274e-40,
0,line,1,ASGARD SSC $1.0\times 10^{9}$ Hz,686243.0947254312,5.2467995053447055e-40,
0,line,1,ASGARD SSC $1.0\times 10^{9}$ Hz,770535.1461530557,5.816968880404739e-40,
0,line,1,ASGARD SSC $1.0\times 10^{9}$ Hz,865180.8900090464,6.3993219193769715e-40,
0,line,1,ASGARD SSC $1.0\times 10^{9}$ Hz,971452.0825869758,6.9806167406337055e-40,
0,line,1,ASGARD SSC $1.0\times 10^{9}$ Hz,1090776.6915109565,7.57572286203209e-40,
0,line,1,ASGARD SSC $1.0\times 10^{9}$ Hz,1224758.0833582329,8.280226082784776e-40,
0,line,1,ASGARD SSC $1.0\times 10^{9}$ Hz,1375196.5681201622,9.200486459566229e-40,
0,line,1,ASGARD SSC $1.0\times 10^{9}$ Hz,1544113.5899948329,1.1464347817948567e-39,
0,line,1,ASGARD SSC $1.0\times 10^{9}$ Hz,1733778.8895633693,1.4454724381529853e-39,
0,line,1,ASGARD SSC $1.0\times 10^{9}$ Hz,1946741.0023284936,1.8481207692057706e-39,
0,line,1,ASGARD SSC $1.0\times 10^{9}$ Hz,2185861.5034246743,2.357494567502804e-39,
0,line,1,ASGARD SSC $1.0\times 10^{9}$ Hz,2454353.458646543,2.914791153438974e-39,
0,line,1,ASGARD SSC $1.0\times 10^{9}$ Hz,2755824.5984626412,3.590557888843029e-39,
0,line,1,ASGARD SSC $1.0\times 10^{9}$ Hz,3094325.795144362,4.332859775437305e-39,
0,line,1,ASGARD SSC $1.0\times 10^{9}$ Hz,3474405.4943980086,5.126789727042394e-39,
0,line,1,ASGARD SSC $1.0\times 10^{9}$ Hz,3901170.8328986377,6.120464381181766e-39,
0,line,1,ASGARD SSC $1.0\times 10^{9}$ Hz,4380356.262962907,7.165321824380333e-39,
0,line,1,ASGARD SSC $1.0\times 10^{9}$ Hz,4918400.606471699,8.311809712450994e-39,
0,line,1,ASGARD SSC $1.0\times 10^{9}$ Hz,5522533.573417251,9.484045054871611e-39,
0,line,1,ASGARD SSC $1.0\times 10^{9}$ Hz,6200872.907625809,1.0651484538755186e-38,
0,line,1,ASGARD SSC $1.0\times 10^{9}$ Hz,6962533.465004367,1.1925270391693087e-38,
0,line,1,ASGARD SSC $1.0\times 10^{9}$ Hz,7817749.689997524,1.322885688897095e-38,
0,line,1,ASGARD SSC $1.0\times 10^{9}$ Hz,8778013.135972489,1.4563614392827245e-38,
0,line,1,ASGARD SSC $1.0\times 10^{9}$ Hz,9856226.87739571,1.904577050399892e-38,
0,line,1,ASGARD SSC $1.0\times 10^{9}$ Hz,11066878.88863989,2.4918792709334083e-38,
0,line,1,ASGARD SSC $1.0\times 10^{9}$ Hz,12426236.719115056,3.3570034471298876e-38,
0,line,1,ASGARD SSC $1.0\times 10^{9}$ Hz,13952566.080576338,4.387230692084815e-38,
0,line,1,ASGARD SSC $1.0\times 10^{9}$ Hz,15666376.283769464,5.51104751540797e-38,
0,line,1,ASGARD SSC $1.0\times 10^{9}$ Hz,17590695.822349843,6.830938598188826e-38,
0,line,1,ASGARD SSC $1.0\times 10^{9}$ Hz,19751381.80710058,8.287426219225863e-38,
0,line,1,ASGARD SSC $1.0\times 10^{9}$ Hz,22177467.40832167,9.945813874579526e-38,
0,line,1,ASGARD SSC $1.0\times 10^{9}$ Hz,24901551.97497901,1.1798414162696578e-37,
0,line,1,ASGARD SSC $1.0\times 10^{9}$ Hz,27960239.072650153,1.3640502265051009e-37,
0,line,1,ASGARD SSC $1.0\times 10^{9}$ Hz,31394628.326189354,1.5163333319008094e-37,
0,line,1,ASGARD SSC $1.0\times 10^{9}$ Hz,35250867.67600913,1.6583148786991753e-37,
0,line,1,ASGARD SSC $1.0\times 10^{9}$ Hz,39580773.46865453,1.792269720859651e-37,
0,line,1,ASGARD SSC $1.0\times 10^{9}$ Hz,44442526.71383636,2.263960974531385e-37,
0,line,1,ASGARD SSC $1.0\times 10^{9}$ Hz,49901454.86353981,2.9117270081666193e-37,
0,line,1,ASGARD SSC $1.0\times 10^{9}$ Hz,56030909.61798617,3.9114139741363924e-37,
0,line,1,ASGARD SSC $1.0\times 10^{9}$ Hz,62913252.55353957,4.9977986450348005e-37,
0,line,1,ASGARD SSC $1.0\times 10^{9}$ Hz,70640961.8164559,6.152733600946543e-37,
0,line,1,ASGARD SSC $1.0\times 10^{9}$ Hz,79317874.75313465,7.3191257178536865e-37,
0,line,1,ASGARD SSC $1.0\times 10^{9}$ Hz,89060583.17411506,8.675989629717623e-37,
0,line,1,ASGARD SSC $1.0\times 10^{9}$ Hz,100000000.0,1.0309131802672227e-36,
0,line,2,Vegas sync $1.0\times 10^{9}$ Hz,1.0,1.3894409926166732e-30,
0,line,2,Vegas sync $1.0\times 10^{9}$ Hz,1.1228311834035287,1.9548959829659033e-30,
0,line,2,Vegas sync $1.0\times 10^{9}$ Hz,1.2607498664233685,2.748074020236555e-30,
0,line,2,Vegas sync $1.0\times 10^{9}$ Hz,1.4156092644919918,3.8464231136078744e-30,
0,line,2,Vegas sync $1.0\times 10^{9}$ Hz,1.5894902256865417,5.3642029089397504e-30,
0,line,2,Vegas sync $1.0\times 10^{9}$ Hz,1.7847291911159615,7.466212351484336e-30,
0,line,2,Vegas sync $1.0\times 10^{9}$ Hz,2.0039495897155577,1.033603173245334e-29,
0,line,2,Vegas sync $1.0\times 10^{9}$ Hz,2.2500970893013355,1.4185926096416555e-29,
0,line,2,Vegas sync $1.0\times 10^{9}$ Hz,2.5264791775530537,1.9268291521740275e-29,
0,line,2,Vegas sync $1.0\times 10^{9}$ Hz,2.8368096047762688,2.5849081441365687e-29,
0,line,2,Vegas sync $1.0\times 10^{9}$ Hz,3.1852582856214346,3.417784392382147e-29,
0,line,2,Vegas sync $1.0\times 10^{9}$ Hz,3.57650733029021,4.445078262263743e-29,
0,line,2,Vegas sync $1.0\times 10^{9}$ Hz,4.015813958121153,5.679478484279738e-29,
0,line,2,Vegas sync $1.0\times 10^{9}$ Hz,4.509081138925582,7.124235972754424e-29,
0,line,2,Vegas sync $1.0\times 10^{9}$ Hz,5.062936911282342,8.774226763743646e-29,
0,line,2,Vegas sync $1.0\times 10^{9}$ Hz,5.684823443592558,1.061832694436623e-28,
0,line,2,Vegas sync $1.0\times 10^{9}$ Hz,6.383097034609155,1.2642442981103706e-28,
0,line,2,Vegas sync $1.0\times 10^{9}$ Hz,7.167140397149751,1.4830016661060503e-28,
0,line,2,Vegas sync $1.0\times 10^{9}$ Hz,8.04748873375089,1.7157995092254779e-28,
0,line,2,Vegas sync $1.0\times 10^{9}$ Hz,9.035971298344078,1.9625398175704245e-28,
0,line,2,Vegas sync $1.0\times 10^{9}$ Hz,10.14587034612,2.221840550116102e-28,
0,line,2,Vegas sync $1.0\times 10^{9}$ Hz,11.392099607392687,2.4943929460305377e-28,
0,line,2,Vegas sync $1.0\times 10^{9}$ Hz,12.791404683619605,2.7804352960995567e-28,
0,line,2,Vegas sync $1.0\times 10^{9}$ Hz,14.362588058302041,3.0781096224365804e-28,
0,line,2,Vegas sync $1.0\times 10^{9}$ Hz,16.12676174624068,3.3899480603668855e-28,
0,line,2,Vegas sync $1.0\times 10^{9}$ Hz,18.107630975998173,3.7147824539122623e-28,
0,line,2,Vegas sync $1.0\times 10^{9}$ Hz,20.331812717414422,4.051005562216447e-28,
0,line,2,Vegas sync $1.0\times 10^{9}$ Hz,22.82919333423335,4.4046221352362525e-28,
0,line,2,Vegas sync $1.0\times 10^{9}$ Hz,25.63333016762518,4.77482605971851e-28,
0,line,2,Vegas sync $1.0\times 10^{9}$ Hz,28.78190244668795,5.161708130793807e-28,
0,line,2,Vegas sync $1.0\times 10^{9}$ Hz,32.31721758481955,5.569630874502008e-28,
0,line,2,Vegas sync $1.0\times 10^{9}$ Hz,36.28677966507226,5.994286798260614e-28,
0,line,2,Vegas sync $1.0\times 10^{9}$ Hz,40.743927753236186,6.44194714832807e-28,
0,line,2,Vegas sync $1.0\times 10^{9}$ Hz,45.74855261567406,6.908892514739289e-28,
0,line,2,Vegas sync $1.0\times 10^{9}$ Hz,51.3679014724559,7.400175260624743e-28,
0,line,2,Vegas sync $1.0\times 10^{9}$ Hz,57.67748159927351,7.92631786033625e-28,
0,line,2,Vegas sync $1.0\times 10^{9}$ Hz,64.76207491984752,8.460465176111608e-28,
0,line,2,Vegas sync $1.0\times 10^{9}$ Hz,72.71687722192038,9.058044590916976e-28,
0,line,2,Vegas sync $1.0\times 10^{9}$ Hz,81.64877730449795,9.64043919738983e-28,
0,line,2,Vegas sync $1.0\times 10^{9}$ Hz,91.67779324426061,1.0299615266012157e-27,
0,line,2,Vegas sync $1.0\times 10^{9}$ Hz,102.93868508027717,1.0954333278738528e-27,
0,line,2,Vegas sync $1.0\times 10^{9}$ Hz,115.58276558669077,1.167242870523956e-27,
0,line,2,Vegas sync $1.0\times 10^{9}$ Hz,129.77993346475662,1.2416432835032113e-27,
0,line,2,Vegas sync $1.0\times 10^{9}$ Hz,145.7209562742639,1.320342746262528e-27,
0,line,2,Vegas sync $1.0\times 10^{9}$ Hz,163.6200337801256,1.405037876684747e-27,
0,line,2,Vegas sync $1.0\times 10^{9}$ Hz,183.71767615786374,1.4911530573332553e-27,
0,line,2,Vegas sync $1.0\times 10^{9}$ Hz,206.2839357324804,1.5852850403997395e-27,
0,line,2,Vegas sync $1.0\times 10^{9}$ Hz,231.6220356756384,1.6815527028442502e-27,
0,line,2,Vegas sync $1.0\times 10^{9}$ Hz,260.07244442001166,1.785309644859094e-27,
0,line,2,Vegas sync $1.0\times 10^{9}$ Hz,292.0174505387701,1.895954437084376e-27,
0,line,2,Vegas sync $1.0\times 10^{9}$ Hz,327.8862995629286,2.0092590456467128e-27,
0,line,2,Vegas sync $1.0\times 10^{9}$ Hz,368.16096176004703,2.1344708834210723e-27,
0,line,2,Vegas sync $1.0\times 10^{9}$ Hz,413.38260837601484,2.260701536497508e-27,
0,line,2,Vegas sync $1.0\times 10^{9}$ Hz,464.1588833612782,2.3985040661686582e-27,
0,line,2,Vegas sync $1.0\times 10^{9}$ Hz,521.1720682918044,2.5443869740637567e-27,
0,line,2,Vegas sync $1.0\times 10^{9}$ Hz,585.1882501969513,2.6938881661294297e-27,
0,line,2,Vegas sync $1.0\times 10^{9}$ Hz,657.0676154824831,2.857682660122149e-27,
0,line,2,Vegas sync $1.0\times 10^{9}$ Hz,737.7760082683312,3.0274896742301323e-27,
0,line,2,Vegas sync $1.0\times 10^{9}$ Hz,828.3979084506619,3.2066384129956888e-27,
0,line,2,Vegas sync $1.0\times 10^{9}$ Hz,930.1510038746646,3.401499497346234e-27,
0,line,2,Vegas sync $1.0\times 10^{9}$ Hz,1044.4025524245699,3.601607254343324e-27,
0,line,2,Vegas sync $1.0\times 10^{9}$ Hz,1172.6877538885456,3.8146600851865605e-27,
0,line,2,Vegas sync $1.0\times 10^{9}$ Hz,1316.7303784615017,4.045693218614569e-27,
0,line,2,Vegas sync $1.0\times 10^{9}$ Hz,1478.465929071304,4.285203883127123e-27,
0,line,2,Vegas sync $1.0\times 10^{9}$ Hz,1660.0676487609296,4.537034563152212e-27,
0,line,2,Vegas sync $1.0\times 10^{9}$ Hz,1863.975722588148,4.80986884292107e-27,
0,line,2,Vegas sync $1.0\times 10^{9}$ Hz,2092.9300664290977,5.1006616816197935e-27,
0,line,2,Vegas sync $1.0\times 10^{9}$ Hz,2350.0071432694094,5.398718304391189e-27,
0,line,2,Vegas sync $1.0\times 10^{9}$ Hz,2638.6613016839365,5.718671757643643e-27,
0,line,2,Vegas sync $1.0\times 10^{9}$ Hz,2962.77119197087,6.061703285095078e-27,
0,line,2,Vegas sync $1.0\times 10^{9}$ Hz,3326.691883634535,6.426830257861612e-27,
0,line,2,Vegas sync $1.0\times 10^{9}$ Hz,3735.3133845202788,6.812272359561052e-27,
0,line,2,Vegas sync $1.0\times 10^{9}$ Hz,4194.126347923944,7.216650848017623e-27,
0,line,2,Vegas sync $1.0\times 10^{9}$ Hz,4709.295850583362,7.646702829113066e-27,
0,line,2,Vegas sync $1.0\times 10^{9}$ Hz,5287.744232907843,8.105455954914879e-27,
0,line,2,Vegas sync $1.0\times 10^{9}$ Hz,5937.244114571097,8.592957244791813e-27,
0,line,2,Vegas sync $1.0\times 10^{9}$ Hz,6666.522835319501,9.109400189937434e-27,
0,line,2,Vegas sync $1.0\times 10^{9}$ Hz,7485.379724368442,9.65773616419736e-27,
0,line,2,Vegas sync $1.0\times 10^{9}$ Hz,8404.817774137397,1.0239969097909465e-26,
0,line,2,Vegas sync $1.0\times 10^{9}$ Hz,9437.191487625705,1.0861230517834157e-26,
0,line,2,Vegas sync $1.0\times 10^{9}$ Hz,10596.372886056477,1.1520933646348038e-26,
0,line,2,Vegas sync $1.0\times 10^{9}$ Hz,11897.937907435859,1.221775708187143e-26,
0,line,2,Vegas sync $1.0\times 10^{9}$ Hz,13359.375700667906,1.2958210266342156e-26,
0,line,2,Vegas sync $1.0\times 10^{9}$ Hz,15000.323627513291,1.3748341466829885e-26,
0,line,2,Vegas sync $1.0\times 10^{9}$ Hz,16842.831130116658,1.4577435786429435e-26,
0,line,2,Vegas sync $1.0\times 10^{9}$ Hz,18911.65600969468,1.545477549433848e-26,
0,line,2,Vegas sync $1.0\times 10^{9}$ Hz,21234.59709748593,1.6371246627444128e-26,
0,line,2,Vegas sync $1.0\times 10^{9}$ Hz,23842.867788067262,1.731556908147491e-26,
0,line,2,Vegas sync $1.0\times 10^{9}$ Hz,26771.51545420944,1.827391069733922e-26,
0,line,2,Vegas sync $1.0\times 10^{9}$ Hz,30059.89237895584,1.9232743968953234e-26,
0,line,2,Vegas sync $1.0\times 10^{9}$ Hz,33752.1845328457,2.0153559538326545e-26,
0,line,2,Vegas sync $1.0\times 10^{9}$ Hz,37898.005301469406,2.101926545009953e-26,
0,line,2,Vegas sync $1.0\times 10^{9}$ Hz,42553.0621412821,2.1807279447429925e-26,
0,line,2,Vegas sync $1.0\times 10^{9}$ Hz,47779.90512153967,2.2496530948109538e-26,
0,line,2,Vegas sync $1.0\times 10^{9}$ Hz,53648.76741052671,2.3080245142820775e-26,
0,line,2,Vegas sync $1.0\times 10^{9}$ Hz,60238.50899970236,2.3560938359776517e-26,
0,line,2,Vegas sync $1.0\times 10^{9}$ Hz,67637.67634660006,2.393950570605289e-26,
0,line,2,Vegas sync $1.0\times 10^{9}$ Hz,75945.69217491779,2.422077871069022e-26,
0,line,2,Vegas sync $1.0\times 10^{9}$ Hz,85274.19141916305,2.4421809135565453e-26,
0,line,2,Vegas sync $1.0\times 10^{9}$ Hz,95748.52126495788,2.454921504927283e-26,
0,line,2,Vegas sync $1.0\times 10^{9}$ Hz,107509.42544107056,2.4611474744852798e-26,
0,line,2,Vegas sync $1.0\times 10^{9}$ Hz,120714.9353950307,2.4629335599065418e-26,
0,line,2,Vegas sync $1.0\times 10^{9}$ Hz,135542.4937640828,2.4596367705814933e-26,
0,line,2,Vegas sync $1.0\times 10^{9}$ Hz,152191.33867459052,2.453842726612636e-26,
0,line,2,Vegas sync $1.0\times 10^{9}$ Hz,170885.1809077577,2.444889820249921e-26,
0,line,2,Vegas sync $1.0\times 10^{9}$ Hz,191875.20990478364,2.4343935598583498e-26,
0,line,2,Vegas sync $1.0\times 10^{9}$ Hz,215443.46900318866,2.4221091010442178e-26,
0,line,2,Vegas sync $1.0\times 10^{9}$ Hz,241906.64525741176,2.4096262589364857e-26,
0,line,2,Vegas sync $1.0\times 10^{9}$ Hz,271620.32476755726,2.3961573205563207e-26,
0,line,2,Vegas sync $1.0\times 10^{9}$ Hz,304983.77069520706,2.382558947779126e-26,
0,line,2,Vegas sync $1.0\times 10^{9}$ Hz,342445.2881685698,2.369930612645243e-26,
0,line,2,Vegas sync $1.0\times 10^{9}$ Hz,384508.2481652776,2.3566680124935918e-26,
0,line,2,Vegas sync $1.0\times 10^{9}$ Hz,431737.8513158363,2.344560429137162e-26,
0,line,2,Vegas sync $1.0\times 10^{9}$ Hz,484768.7225130572,2.3336392857717363e-26,
0,line,2,Vegas sync $1.0\times 10^{9}$ Hz,544313.4383763528,2.3226379875358663e-26,
0,line,2,Vegas sync $1.0\times 10^{9}$ Hz,611172.1021545639,2.3130346932047437e-26,
0,line,2,Vegas sync $1.0\times 10^{9}$ Hz,686243.0947254312,2.3046065438995385e-26,
0,line,2,Vegas sync $1.0\times 10^{9}$ Hz,770535.1461530557,2.2962234454640336e-26,
0,line,2,Vegas sync $1.0\times 10^{9}$ Hz,865180.8900090464,2.2888777956247745e-26,
0,line,2,Vegas sync $1.0\times 10^{9}$ Hz,971452.0825869758,2.2819752299142245e-26,
0,line,2,Vegas sync $1.0\times 10^{9}$ Hz,1090776.6915109565,2.2750878688822956e-26,
0,line,2,Vegas sync $1.0\times 10^{9}$ Hz,1224758.0833582329,2.2675986367032094e-26,
0,line,2,Vegas sync $1.0\times 10^{9}$ Hz,1375196.5681201622,2.258930763512784e-26,
0,line,2,Vegas sync $1.0\times 10^{9}$ Hz,1544113.5899948329,2.250301553068439e-26,
0,line,2,Vegas sync $1.0\times 10^{9}$ Hz,1733778.8895633693,2.2368398892664254e-26,
0,line,2,Vegas sync $1.0\times 10^{9}$ Hz,1946741.0023284936,2.219956745768619e-26,
0,line,2,Vegas sync $1.0\times 10^{9}$ Hz,2185861.5034246743,2.203203872304427e-26,
0,line,2,Vegas sync $1.0\times 10^{9}$ Hz,2454353.458646543,2.1737088936528788e-26,
0,line,2,Vegas sync $1.0\times 10^{9}$ Hz,2755824.5984626412,2.138420672265485e-26,
0,line,2,Vegas sync $1.0\times 10^{9}$ Hz,3094325.795144362,2.1037065148326215e-26,
0,line,2,Vegas sync $1.0\times 10^{9}$ Hz,3474405.4943980086,2.0453961593966892e-26,
0,line,2,Vegas sync $1.0\times 10^{9}$ Hz,3901170.8328986377,1.980231754626065e-26,
0,line,2,Vegas sync $1.0\times 10^{9}$ Hz,4380356.262962907,1.917143761242533e-26,
0,line,2,Vegas sync $1.0\times 10^{9}$ Hz,4918400.606471699,1.8217631025784465e-26,
0,line,2,Vegas sync $1.0\times 10^{9}$ Hz,5522533.573417251,1.7219937952111644e-26,
0,line,2,Vegas sync $1.0\times 10^{9}$ Hz,6200872.907625809,1.62768841498477e-26,
0,line,2,Vegas sync $1.0\times 10^{9}$ Hz,6962533.465004367,1.5024446123323773e-26,
0,line,2,Vegas sync $1.0\times 10^{9}$ Hz,7817749.689997524,1.3792932709082676e-26,
0,line,2,Vegas sync $1.0\times 10^{9}$ Hz,8778013.135972489,1.2662363146266857e-26,
0,line,2,Vegas sync $1.0\times 10^{9}$ Hz,9856226.87739571,1.134850528680372e-26,
0,line,2,Vegas sync $1.0\times 10^{9}$ Hz,11066878.88863989,1.0124073200344721e-26,
0,line,2,Vegas sync $1.0\times 10^{9}$ Hz,12426236.719115056,9.031749730173061e-27,
0,line,2,Vegas sync $1.0\times 10^{9}$ Hz,13952566.080576338,7.902428484759382e-27,
0,line,2,Vegas sync $1.0\times 10^{9}$ Hz,15666376.283769464,6.892051527666599e-27,
0,line,2,Vegas sync $1.0\times 10^{9}$ Hz,17590695.822349843,6.010857958380989e-27,
0,line,2,Vegas sync $1.0\times 10^{9}$ Hz,19751381.80710058,5.176051410397831e-27,
0,line,2,Vegas sync $1.0\times 10^{9}$ Hz,22177467.40832167,4.4488054088390515e-27,
0,line,2,Vegas sync $1.0\times 10^{9}$ Hz,24901551.97497901,3.823739042396892e-27,
0,line,2,Vegas sync $1.0\times 10^{9}$ Hz,27960239.072650153,3.264283497309682e-27,
0,line,2,Vegas sync $1.0\times 10^{9}$ Hz,31394628.326189354,2.7841268246469035e-27,
0,line,2,Vegas sync $1.0\times 10^{9}$ Hz,35250867.67600913,2.374598363241852e-27,
0,line,2,Vegas sync $1.0\times 10^{9}$ Hz,39580773.46865453,2.0198294536366777e-27,
0,line,2,Vegas sync $1.0\times 10^{9}$ Hz,44442526.71383636,1.7174732595390536e-27,
0,line,2,Vegas sync $1.0\times 10^{9}$ Hz,49901454.86353981,1.460377958073792e-27,
0,line,2,Vegas sync $1.0\times 10^{9}$ Hz,56030909.61798617,1.241202666625011e-27,
0,line,2,Vegas sync $1.0\times 10^{9}$ Hz,62913252.55353957,1.0548633198436504e-27,
0,line,2,Vegas sync $1.0\times 10^{9}$ Hz,70640961.8164559,8.964987400104374e-28,
0,line,2,Vegas sync $1.0\times 10^{9}$ Hz,79317874.75313465,7.623869425570215e-28,
0,line,2,Vegas sync $1.0\times 10^{9}$ Hz,89060583.17411506,6.483861913717707e-28,
0,line,2,Vegas sync $1.0\times 10^{9}$ Hz,100000000.0,5.514321275768347e-28,
0,line,3,Vegas SSC $1.0\times 10^{9}$ Hz,1.0,6.39766664636581e-51,
0,line,3,Vegas SSC $1.0\times 10^{9}$ Hz,1.1228311834035287,1.0185544661030147e-50,
0,line,3,Vegas SSC $1.0\times 10^{9}$ Hz,1.2607498664233685,1.621069376731529e-50,
0,line,3,Vegas SSC $1.0\times 10^{9}$ Hz,1.4156092644919918,2.572040187602389e-50,
0,line,3,Vegas SSC $1.0\times 10^{9}$ Hz,1.5894902256865417,4.072126278110593e-50,
0,line,3,Vegas SSC $1.0\times 10^{9}$ Hz,1.7847291911159615,6.442182299879226e-50,
0,line,3,Vegas SSC $1.0\times 10^{9}$ Hz,2.0039495897155577,1.0152644323328023e-49,
0,line,3,Vegas SSC $1.0\times 10^{9}$ Hz,2.2500970893013355,1.5902607697138745e-49,
0,line,3,Vegas SSC $1.0\times 10^{9}$ Hz,2.5264791775530537,2.4733244290275726e-49,
0,line,3,Vegas SSC $1.0\times 10^{9}$ Hz,2.8368096047762688,3.8140879003354255e-49,
0,line,3,Vegas SSC $1.0\times 10^{9}$ Hz,3.1852582856214346,5.822579970841074e-49,
0,line,3,Vegas SSC $1.0\times 10^{9}$ Hz,3.57650733029021,8.735203383224479e-49,
0,line,3,Vegas SSC $1.0\times 10^{9}$ Hz,4.015813958121153,1.2930774816400912e-48,
0,line,3,Vegas SSC $1.0\times 10^{9}$ Hz,4.509081138925582,1.8936477608412083e-48,
0,line,3,Vegas SSC $1.0\times 10^{9}$ Hz,5.062936911282342,2.740379040333776e-48,
0,line,3,Vegas SSC $1.0\times 10^{9}$ Hz,5.684823443592558,3.9045614429624404e-48,
0,line,3,Vegas SSC $1.0\times 10^{9}$ Hz,6.383097034609155,5.492346385493726e-48,
0,line,3,Vegas SSC $1.0\times 10^{9}$ Hz,7.167140397149751,7.637697421868271e-48,
0,line,3,Vegas SSC $1.0\times 10^{9}$ Hz,8.04748873375089,1.051287183243562e-47,
0,line,3,Vegas SSC $1.0\times 10^{9}$ Hz,9.035971298344078,1.4258564788353936e-47,
0,line,3,Vegas SSC $1.0\times 10^{9}$ Hz,10.14587034612,1.9137213722938239e-47,
0,line,3,Vegas SSC $1.0\times 10^{9}$ Hz,11.392099607392687,2.5510352162579036e-47,
0,line,3,Vegas SSC $1.0\times 10^{9}$ Hz,12.791404683619605,3.3683050956881277e-47,
0,line,3,Vegas SSC $1.0\times 10^{9}$ Hz,14.362588058302041,4.418229275686065e-47,
0,line,3,Vegas SSC $1.0\times 10^{9}$ Hz,16.12676174624068,5.761534724907073e-47,
0,line,3,Vegas SSC $1.0\times 10^{9}$ Hz,18.107630975998173,7.455579072620087e-47,
0,line,3,Vegas SSC $1.0\times 10^{9}$ Hz,20.331812717414422,9.586946213855157e-47,
0,line,3,Vegas SSC $1.0\times 10^{9}$ Hz,22.82919333423335,1.226607430932307e-46,
0,line,3,Vegas SSC $1.0\times 10^{9}$ Hz,25.63333016762518,1.5641515143164342e-46,
0,line,3,Vegas SSC $1.0\times 10^{9}$ Hz,28.78190244668795,1.9838046157556313e-46,
0,line,3,Vegas SSC $1.0\times 10^{9}$ Hz,32.31721758481955,2.511844664636932e-46,
0,line,3,Vegas SSC $1.0\times 10^{9}$ Hz,36.28677966507226,3.1638727005796825e-46,
0,line,3,Vegas SSC $1.0\times 10^{9}$ Hz,40.743927753236186,3.974865691099443e-46,
0,line,3,Vegas SSC $1.0\times 10^{9}$ Hz,45.74855261567406,4.9741572592007064e-46,
0,line,3,Vegas SSC $1.0\times 10^{9}$ Hz,51.3679014724559,6.217995852190843e-46,
0,line,3,Vegas SSC $1.0\times 10^{9}$ Hz,57.67748159927351,7.759565994797573e-46,
0,line,3,Vegas SSC $1.0\times 10^{9}$ Hz,64.76207491984752,9.66529068577606e-46,
0,line,3,Vegas SSC $1.0\times 10^{9}$ Hz,72.71687722192038,1.2032929916074139e-45,
0,line,3,Vegas SSC $1.0\times 10^{9}$ Hz,81.64877730449795,1.4877329907332122e-45,
0,line,3,Vegas SSC $1.0\times 10^{9}$ Hz,91.67779324426061,1.8401338753763295e-45,
0,line,3,Vegas SSC $1.0\times 10^{9}$ Hz,102.93868508027717,2.2672759392721392e-45,
0,line,3,Vegas SSC $1.0\times 10^{9}$ Hz,115.58276558669077,2.7986776640816556e-45,
0,line,3,Vegas SSC $1.0\times 10^{9}$ Hz,129.77993346475662,3.4471714865422236e-45,
0,line,3,Vegas SSC $1.0\times 10^{9}$ Hz,145.7209562742639,4.243546778866639e-45,
0,line,3,Vegas SSC $1.0\times 10^{9}$ Hz,163.6200337801256,5.22229142343349e-45,
0,line,3,Vegas SSC $1.0\times 10^{9}$ Hz,183.71767615786374,6.403189116436369e-45,
0,line,3,Vegas SSC $1.0\times 10^{9}$ Hz,206.2839357324804,7.858950805591682e-45,
0,line,3,Vegas SSC $1.0\times 10^{9}$ Hz,231.6220356756384,9.610860418817601e-45,
0,line,3,Vegas SSC $1.0\times 10^{9}$ Hz,260.07244442001166,1.1755254662636778e-44,
0,line,3,Vegas SSC $1.0\times 10^{9}$ Hz,292.0174505387701,1.4373087869123508e-44,
0,line,3,Vegas SSC $1.0\times 10^{9}$ Hz,327.8862995629286,1.7545529306646353e-44,
0,line,3,Vegas SSC $1.0\times 10^{9}$ Hz,368.16096176004703,2.1459315728280004e-44,
0,line,3,Vegas SSC $1.0\times 10^{9}$ Hz,413.38260837601484,2.615430372031508e-44,
0,line,3,Vegas SSC $1.0\times 10^{9}$ Hz,464.1588833612782,3.184888123092482e-44,
0,line,3,Vegas SSC $1.0\times 10^{9}$ Hz,521.1720682918044,3.876110870653668e-44,
0,line,3,Vegas SSC $1.0\times 10^{9}$ Hz,585.1882501969513,4.704724196245102e-44,
0,line,3,Vegas SSC $1.0\times 10^{9}$ Hz,657.0676154824831,5.722633649875883e-44,
0,line,3,Vegas SSC $1.0\times 10^{9}$ Hz,737.7760082683312,6.952518151206292e-44,
0,line,3,Vegas SSC $1.0\times 10^{9}$ Hz,828.3979084506619,8.444524082103667e-44,
0,line,3,Vegas SSC $1.0\times 10^{9}$ Hz,930.1510038746646,1.025862412796069e-43,
0,line,3,Vegas SSC $1.0\times 10^{9}$ Hz,1044.4025524245699,1.243359627065619e-43,
0,line,3,Vegas SSC $1.0\times 10^{9}$ Hz,1172.6877538885456,1.5071654051208034e-43,
0,line,3,Vegas SSC $1.0\times 10^{9}$ Hz,1316.7303784615017,1.8289066146127257e-43,
0,line,3,Vegas SSC $1.0\times 10^{9}$ Hz,1478.465929071304,2.217567320202229e-43,
0,line,3,Vegas SSC $1.0\times 10^{9}$ Hz,1660.0676487609296,2.6873848628434564e-43,
0,line,3,Vegas SSC $1.0\times 10^{9}$ Hz,1863.975722588148,3.257565831528926e-43,
0,line,3,Vegas SSC $1.0\times 10^{9}$ Hz,2092.9300664290977,3.9472021097619884e-43,
0,line,3,Vegas SSC $1.0\times 10^{9}$ Hz,2350.0071432694094,4.772929469965987e-43,
0,line,3,Vegas SSC $1.0\times 10^{9}$ Hz,2638.6613016839365,5.770676026138539e-43,
0,line,3,Vegas SSC $1.0\times 10^{9}$ Hz,2962.77119197087,6.9756060628059356e-43,
0,line,3,Vegas SSC $1.0\times 10^{9}$ Hz,3326.691883634535,8.432215216478272e-43,
0,line,3,Vegas SSC $1.0\times 10^{9}$ Hz,3735.3133845202788,1.019398205898488e-42,
0,line,3,Vegas SSC $1.0\times 10^{9}$ Hz,4194.126347923944,1.2323808521229054e-42,
0,line,3,Vegas SSC $1.0\times 10^{9}$ Hz,4709.295850583362,1.4891672205770075e-42,
0,line,3,Vegas SSC $1.0\times 10^{9}$ Hz,5287.744232907843,1.797628204421954e-42,
0,line,3,Vegas SSC $1.0\times 10^{9}$ Hz,5937.244114571097,2.168072010638124e-42,
0,line,3,Vegas SSC $1.0\times 10^{9}$ Hz,6666.522835319501,2.6145814021649148e-42,
0,line,3,Vegas SSC $1.0\times 10^{9}$ Hz,7485.379724368442,3.154912097582331e-42,
0,line,3,Vegas SSC $1.0\times 10^{9}$ Hz,8404.817774137397,3.808291690148858e-42,
0,line,3,Vegas SSC $1.0\times 10^{9}$ Hz,9437.191487625705,4.5987751533438765e-42,
0,line,3,Vegas SSC $1.0\times 10^{9}$ Hz,10596.372886056477,5.5504659737206037e-42,
0,line,3,Vegas SSC $1.0\times 10^{9}$ Hz,11897.937907435859,6.695125004021341e-42,
0,line,3,Vegas SSC $1.0\times 10^{9}$ Hz,13359.375700667906,8.077228415928713e-42,
0,line,3,Vegas SSC $1.0\times 10^{9}$ Hz,15000.323627513291,9.749793284620187e-42,
0,line,3,Vegas SSC $1.0\times 10^{9}$ Hz,16842.831130116658,1.1764993965629425e-41,
0,line,3,Vegas SSC $1.0\times 10^{9}$ Hz,18911.65600969468,1.4200362966598695e-41,
0,line,3,Vegas SSC $1.0\times 10^{9}$ Hz,21234.59709748593,1.7134801128126674e-41,
0,line,3,Vegas SSC $1.0\times 10^{9}$ Hz,23842.867788067262,2.0661830204356211e-41,
0,line,3,Vegas SSC $1.0\times 10^{9}$ Hz,26771.51545420944,2.4914796142209945e-41,
0,line,3,Vegas SSC $1.0\times 10^{9}$ Hz,30059.89237895584,3.004151251432447e-41,
0,line,3,Vegas SSC $1.0\times 10^{9}$ Hz,33752.1845328457,3.6180679558521794e-41,
0,line,3,Vegas SSC $1.0\times 10^{9}$ Hz,37898.005301469406,4.3498698074334063e-41,
0,line,3,Vegas SSC $1.0\times 10^{9}$ Hz,42553.0621412821,5.215141686755314e-41,
0,line,3,Vegas SSC $1.0\times 10^{9}$ Hz,47779.90512153967,6.23042296796783e-41,
0,line,3,Vegas SSC $1.0\times 10^{9}$ Hz,53648.76741052671,7.418193063677584e-41,
0,line,3,Vegas SSC $1.0\times 10^{9}$ Hz,60238.50899970236,8.801232781166134e-41,
0,line,3,Vegas SSC $1.0\times 10^{9}$ Hz,67637.67634660006,1.0403765940831332e-40,
0,line,3,Vegas SSC $1.0\times 10^{9}$ Hz,75945.69217491779,1.225206050836445e-40,
0,line,3,Vegas SSC $1.0\times 10^{9}$ Hz,85274.19141916305,1.4374049396954761e-40,
0,line,3,Vegas SSC $1.0\times 10^{9}$ Hz,95748.52126495788,1.6803661034397837e-40,
0,line,3,Vegas SSC $1.0\times 10^{9}$ Hz,107509.42544107056,1.9592369063891145e-40,
0,line,3,Vegas SSC $1.0\times 10^{9}$ Hz,120714.9353950307,2.280201742834992e-40,
0,line,3,Vegas SSC $1.0\times 10^{9}$ Hz,135542.4937640828,2.6473884720281336e-40,
0,line,3,Vegas SSC $1.0\times 10^{9}$ Hz,152191.33867459052,3.06935771605831e-40,
0,line,3,Vegas SSC $1.0\times 10^{9}$ Hz,170885.1809077577,3.5497044234815635e-40,
0,line,3,Vegas SSC $1.0\times 10^{9}$ Hz,191875.20990478364,4.096313125386835e-40,
0,line,3,Vegas SSC $1.0\times 10^{9}$ Hz,215443.46900318866,4.717579072341298e-40,
0,line,3,Vegas SSC $1.0\times 10^{9}$ Hz,241906.64525741176,5.43216165078309e-40,
0,line,3,Vegas SSC $1.0\times 10^{9}$ Hz,271620.32476755726,6.250743196903435e-40,
0,line,3,Vegas SSC $1.0\times 10^{9}$ Hz,304983.77069520706,7.190590001107548e-40,
0,line,3,Vegas SSC $1.0\times 10^{9}$ Hz,342445.2881685698,8.2692022565283e-40,
0,line,3,Vegas SSC $1.0\times 10^{9}$ Hz,384508.2481652776,9.496104706132898e-40,
0,line,3,Vegas SSC $1.0\times 10^{9}$ Hz,431737.8513158363,1.0924450528806183e-39,
0,line,3,Vegas SSC $1.0\times 10^{9}$ Hz,484768.7225130572,1.2598148575716813e-39,
0,line,3,Vegas SSC $1.0\times 10^{9}$ Hz,544313.4383763528,1.4535383724388423e-39,
0,line,3,Vegas SSC $1.0\times 10^{9}$ Hz,611172.1021545639,1.6764984133912887e-39,
0,line,3,Vegas SSC $1.0\times 10^{9}$ Hz,686243.0947254312,1.929645349512011e-39,
0,line,3,Vegas SSC $1.0\times 10^{9}$ Hz,770535.1461530557,2.2200494006078856e-39,
0,line,3,Vegas SSC $1.0\times 10^{9}$ Hz,865180.8900090464,2.563034451194357e-39,
0,line,3,Vegas SSC $1.0\times 10^{9}$ Hz,971452.0825869758,2.97028867585845e-39,
0,line,3,Vegas SSC $1.0\times 10^{9}$ Hz,1090776.6915109565,3.4426588713468537e-39,
0,line,3,Vegas SSC $1.0\times 10^{9}$ Hz,1224758.0833582329,3.9926603282832646e-39,
0,line,3,Vegas SSC $1.0\times 10^{9}$ Hz,1375196.5681201622,4.63042330924509e-39,
0,line,3,Vegas SSC $1.0\times 10^{9}$ Hz,1544113.5899948329,5.3701549286109477e-39,
0,line,3,Vegas SSC $1.0\times 10^{9}$ Hz,1733778.8895633693,6.249417253993522e-39,
0,line,3,Vegas SSC $1.0\times 10^{9}$ Hz,1946741.0023284936,7.286482960022089e-39,
0,line,3,Vegas SSC $1.0\times 10^{9}$ Hz,2185861.5034246743,8.495743139258588e-39,
0,line,3,Vegas SSC $1.0\times 10^{9}$ Hz,2454353.458646543,9.906824403098331e-39,
0,line,3,Vegas SSC $1.0\times 10^{9}$ Hz,2755824.5984626412,1.1550839422530377e-38,
0,line,3,Vegas SSC $1.0\times 10^{9}$ Hz,3094325.795144362,1.3467769028544645e-38,
0,line,3,Vegas SSC $1.0\times 10^{9}$ Hz,3474405.4943980086,1.5697068194257943e-38,
0,line,3,Vegas SSC $1.0\times 10^{9}$ Hz,3901170.8328986377,1.8291170647165375e-38,
0,line,3,Vegas SSC $1.0\times 10^{9}$ Hz,4380356.262962907,2.1314065201086518e-38,
0,line,3,Vegas SSC $1.0\times 10^{9}$ Hz,4918400.606471699,2.434446385364718e-38,
0,line,3,Vegas SSC $1.0\times 10^{9}$ Hz,5522533.573417251,2.764858606928242e-38,
0,line,3,Vegas SSC $1.0\times 10^{9}$ Hz,6200872.907625809,3.140121981732854e-38,
0,line,3,Vegas SSC $1.0\times 10^{9}$ Hz,6962533.465004367,3.6063495067408197e-38,
0,line,3,Vegas SSC $1.0\times 10^{9}$ Hz,7817749.689997524,4.1522337296609173e-38,
0,line,3,Vegas SSC $1.0\times 10^{9}$ Hz,8778013.135972489,4.78075374707362e-38,
0,line,3,Vegas SSC $1.0\times 10^{9}$ Hz,9856226.87739571,5.539730682538765e-38,
0,line,3,Vegas SSC $1.0\times 10^{9}$ Hz,11066878.88863989,6.426945931402398e-38,
0,line,3,Vegas SSC $1.0\times 10^{9}$ Hz,12426236.719115056,7.456259866452105e-38,
0,line,3,Vegas SSC $1.0\times 10^{9}$ Hz,13952566.080576338,8.732723689909887e-38,
0,line,3,Vegas SSC $1.0\times 10^{9}$ Hz,15666376.283769464,1.0243648931654635e-37,
0,line,3,Vegas SSC $1.0\times 10^{9}$ Hz,17590695.822349843,1.2015999995677165e-37,
0,line,3,Vegas SSC $1.0\times 10^{9}$ Hz,19751381.80710058,1.3972748409633118e-37,
0,line,3,Vegas SSC $1.0\times 10^{9}$ Hz,22177467.40832167,1.6227148062689984e-37,
0,line,3,Vegas SSC $1.0\times 10^{9}$ Hz,24901551.97497901,1.8845284934509856e-37,
0,line,3,Vegas SSC $1.0\times 10^{9}$ Hz,27960239.072650153,2.2455336863724306e-37,
0,line,3,Vegas SSC $1.0\times 10^{9}$ Hz,31394628.326189354,2.6849924258275888e-37,
0,line,3,Vegas SSC $1.0\times 10^{9}$ Hz,35250867.67600913,3.2104556443510592e-37,
0,line,3,Vegas SSC $1.0\times 10^{9}$ Hz,39580773.46865453,3.9371215777799455e-37,
0,line,3,Vegas SSC $1.0\times 10^{9}$ Hz,44442526.71383636,4.8437814358057044e-37,
0,line,3,Vegas SSC $1.0\times 10^{9}$ Hz,49901454.86353981,5.959232648149126e-37,
0,line,3,Vegas SSC $1.0\times 10^{9}$ Hz,56030909.61798617,7.2898034624927705e-37,
0,line,3,Vegas SSC $1.0\times 10^{9}$ Hz,62913252.55353957,8.911244066964604e-37,
0,line,3,Vegas SSC $1.0\times 10^{9}$ Hz,70640961.8164559,1.0893336261473764e-36,
0,line,3,Vegas SSC $1.0\times 10^{9}$ Hz,79317874.75313465,1.3520774331391258e-36,
0,line,3,Vegas SSC $1.0\times 10^{9}$ Hz,89060583.17411506,1.681239719804248e-36,
0,line,3,Vegas SSC $1.0\times 10^{9}$ Hz,100000000.0,2.0905365044880804e-36,
0,line,4,ASGARD sync $1.0\times 10^{14}$ Hz,1.0,4.277074295856764e-29,
0,line,4,ASGARD sync $1.0\times 10^{14}$ Hz,1.1228311834035287,6.012131066351098e-29,
0,line,4,ASGARD sync $1.0\times 10^{14}$ Hz,1.2607498664233685,8.399964188560945e-29,
0,line,4,ASGARD sync $1.0\times 10^{14}$ Hz,1.4156092644919918,1.1571077646977184e-28,
0,line,4,ASGARD sync $1.0\times 10^{14}$ Hz,1.5894902256865417,1.6210992436140968e-28,
0,line,4,ASGARD sync $1.0\times 10^{14}$ Hz,1.7847291911159615,2.2135066250371577e-28,
0,line,4,ASGARD sync $1.0\times 10^{14}$ Hz,2.0039495897155577,3.042055615549686e-28,
0,line,4,ASGARD sync $1.0\times 10^{14}$ Hz,2.2500970893013355,4.154554651363423e-28,
0,line,4,ASGARD sync $1.0\times 10^{14}$ Hz,2.5264791775530537,5.527081068446528e-28,
0,line,4,ASGARD sync $1.0\times 10^{14}$ Hz,2.8368096047762688,7.394803816478529e-28,
0,line,4,ASGARD sync $1.0\times 10^{14}$ Hz,3.1852582856214346,9.626550916446903e-28,
0,line,4,ASGARD sync $1.0\times 10^{14}$ Hz,3.57650733029021,1.2335920886809086e-27,
0,line,4,ASGARD sync $1.0\times 10^{14}$ Hz,4.015813958121153,1.5690900050077764e-27,
0,line,4,ASGARD sync $1.0\times 10^{14}$ Hz,4.509081138925582,1.9342424289512164e-27,
0,line,4,ASGARD sync $1.0\times 10^{14}$ Hz,5.062936911282342,2.3680449816934454e-27,
0,line,4,ASGARD sync $1.0\times 10^{14}$ Hz,5.684823443592558,2.846541989881454e-27,
0,line,4,ASGARD sync $1.0\times 10^{14}$ Hz,6.383097034609155,3.341861635661574e-27,
0,line,4,ASGARD sync $1.0\times 10^{14}$ Hz,7.167140397149751,3.902738934187542e-27,
0,line,4,ASGARD sync $1.0\times 10^{14}$ Hz,8.04748873375089,4.482992878166515e-27,
0,line,4,ASGARD sync $1.0\times 10^{14}$ Hz,9.035971298344078,5.066498913392753e-27,
0,line,4,ASGARD sync $1.0\times 10^{14}$ Hz,10.14587034612,5.6920309111539456e-27,
0,line,4,ASGARD sync $1.0\times 10^{14}$ Hz,11.392099607392687,6.339748750267553e-27,
0,line,4,ASGARD sync $1.0\times 10^{14}$ Hz,12.791404683619605,7.010365345791019e-27,
0,line,4,ASGARD sync $1.0\times 10^{14}$ Hz,14.362588058302041,7.783876877991435e-27,
0,line,4,ASGARD sync $1.0\times 10^{14}$ Hz,16.12676174624068,8.556513738100277e-27,
0,line,4,ASGARD sync $1.0\times 10^{14}$ Hz,18.107630975998173,9.45033428808852e-27,
0,line,4,ASGARD sync $1.0\times 10^{14}$ Hz,20.331812717414422,1.0342489473295758e-26,
0,line,4,ASGARD sync $1.0\times 10^{14}$ Hz,22.82919333423335,1.1288683136733822e-26,
0,line,4,ASGARD sync $1.0\times 10^{14}$ Hz,25.63333016762518,1.2283839194472415e-26,
0,line,4,ASGARD sync $1.0\times 10^{14}$ Hz,28.78190244668795,1.337399422784902e-26,
0,line,4,ASGARD sync $1.0\times 10^{14}$ Hz,32.31721758481955,1.456958875542684e-26,
0,line,4,ASGARD sync $1.0\times 10^{14}$ Hz,36.28677966507226,1.5821267967094767e-26,
0,line,4,ASGARD sync $1.0\times 10^{14}$ Hz,40.743927753236186,1.7228375465698723e-26,
0,line,4,ASGARD sync $1.0\times 10^{14}$ Hz,45.74855261567406,1.8712199251591892e-26,
0,line,4,ASGARD sync $1.0\times 10^{14}$ Hz,51.3679014724559,2.0291337352426435e-26,
0,line,4,ASGARD sync $1.0\times 10^{14}$ Hz,57.67748159927351,2.1931901814977161e-26,
0,line,4,ASGARD sync $1.0\times 10^{14}$ Hz,64.76207491984752,2.367172821014378e-26,
0,line,4,ASGARD sync $1.0\times 10^{14}$ Hz,72.71687722192038,2.5430581698547144e-26,
0,line,4,ASGARD sync $1.0\times 10^{14}$ Hz,81.64877730449795,2.726507628448846e-26,
0,line,4,ASGARD sync $1.0\times 10^{14}$ Hz,91.67779324426061,2.9150670856216035e-26,
0,line,4,ASGARD sync $1.0\times 10^{14}$ Hz,102.93868508027717,3.110450280101067e-26,
0,line,4,ASGARD sync $1.0\times 10^{14}$ Hz,115.58276558669077,3.310523527033006e-26,
0,line,4,ASGARD sync $1.0\times 10^{14}$ Hz,129.77993346475662,3.5152747302236114e-26,
0,line,4,ASGARD sync $1.0\times 10^{14}$ Hz,145.7209562742639,3.7243366145476726e-26,
0,line,4,ASGARD sync $1.0\times 10^{14}$ Hz,163.6200337801256,3.936455101313917e-26,
0,line,4,ASGARD sync $1.0\times 10^{14}$ Hz,183.71767615786374,4.15583139618587e-26,
0,line,4,ASGARD sync $1.0\times 10^{14}$ Hz,206.2839357324804,4.3783147470980577e-26,
0,line,4,ASGARD sync $1.0\times 10^{14}$ Hz,231.6220356756384,4.604578392903141e-26,
0,line,4,ASGARD sync $1.0\times 10^{14}$ Hz,260.07244442001166,4.834808093693233e-26,
0,line,4,ASGARD sync $1.0\times 10^{14}$ Hz,292.0174505387701,5.071933902959372e-26,
0,line,4,ASGARD sync $1.0\times 10^{14}$ Hz,327.8862995629286,5.330013751448433e-26,
0,line,4,ASGARD sync $1.0\times 10^{14}$ Hz,368.16096176004703,5.60656712990412e-26,
0,line,4,ASGARD sync $1.0\times 10^{14}$ Hz,413.38260837601484,5.907132256821177e-26,
0,line,4,ASGARD sync $1.0\times 10^{14}$ Hz,464.1588833612782,6.232231675666277e-26,
0,line,4,ASGARD sync $1.0\times 10^{14}$ Hz,521.1720682918044,6.587299513377655e-26,
0,line,4,ASGARD sync $1.0\times 10^{14}$ Hz,585.1882501969513,6.976450809717754e-26,
0,line,4,ASGARD sync $1.0\times 10^{14}$ Hz,657.0676154824831,7.411596701545005e-26,
0,line,4,ASGARD sync $1.0\times 10^{14}$ Hz,737.7760082683312,7.884930303773506e-26,
0,line,4,ASGARD sync $1.0\times 10^{14}$ Hz,828.3979084506619,8.403279264253242e-26,
0,line,4,ASGARD sync $1.0\times 10^{14}$ Hz,930.1510038746646,8.967770466580689e-26,
0,line,4,ASGARD sync $1.0\times 10^{14}$ Hz,1044.4025524245699,9.575605803278995e-26,
0,line,4,ASGARD sync $1.0\times 10^{14}$ Hz,1172.6877538885456,1.0226554079393561e-25,
0,line,4,ASGARD sync $1.0\times 10^{14}$ Hz,1316.7303784615017,1.0917317185197287e-25,
0,line,4,ASGARD sync $1.0\times 10^{14}$ Hz,1478.465929071304,1.1635835578671874e-25,
0,line,4,ASGARD sync $1.0\times 10^{14}$ Hz,1660.0676487609296,1.2375063953532163e-25,
0,line,4,ASGARD sync $1.0\times 10^{14}$ Hz,1863.975722588148,1.3126134836732226e-25,
0,line,4,ASGARD sync $1.0\times 10^{14}$ Hz,2092.9300664290977,1.3893258508092626e-25,
0,line,4,ASGARD sync $1.0\times 10^{14}$ Hz,2350.0071432694094,1.466838362298912e-25,
0,line,4,ASGARD sync $1.0\times 10^{14}$ Hz,2638.6613016839365,1.5448265043841207e-25,
0,line,4,ASGARD sync $1.0\times 10^{14}$ Hz,2962.77119197087,1.6228612683458881e-25,
0,line,4,ASGARD sync $1.0\times 10^{14}$ Hz,3326.691883634535,1.7002406288078022e-25,
0,line,4,ASGARD sync $1.0\times 10^{14}$ Hz,3735.3133845202788,1.7758258071164023e-25,
0,line,4,ASGARD sync $1.0\times 10^{14}$ Hz,4194.126347923944,1.8460612093555263e-25,
0,line,4,ASGARD sync $1.0\times 10^{14}$ Hz,4709.295850583362,1.9129445846729065e-25,
0,line,4,ASGARD sync $1.0\times 10^{14}$ Hz,5287.744232907843,1.9762833969709114e-25,
0,line,4,ASGARD sync $1.0\times 10^{14}$ Hz,5937.244114571097,2.035195382637149e-25,
0,line,4,ASGARD sync $1.0\times 10^{14}$ Hz,6666.522835319501,2.0897298648860994e-25,
0,line,4,ASGARD sync $1.0\times 10^{14}$ Hz,7485.379724368442,2.139468588159026e-25,
0,line,4,ASGARD sync $1.0\times 10^{14}$ Hz,8404.817774137397,2.1841749734726544e-25,
0,line,4,ASGARD sync $1.0\times 10^{14}$ Hz,9437.191487625705,2.2235011402021254e-25,
0,line,4,ASGARD sync $1.0\times 10^{14}$ Hz,10596.372886056477,2.2561529080852297e-25,
0,line,4,ASGARD sync $1.0\times 10^{14}$ Hz,11897.937907435859,2.2816004708001406e-25,
0,line,4,ASGARD sync $1.0\times 10^{14}$ Hz,13359.375700667906,2.299049045755509e-25,
0,line,4,ASGARD sync $1.0\times 10^{14}$ Hz,15000.323627513291,2.3070002149928354e-25,
0,line,4,ASGARD sync $1.0\times 10^{14}$ Hz,16842.831130116658,2.304731136553516e-25,
0,line,4,ASGARD sync $1.0\times 10^{14}$ Hz,18911.65600969468,2.2902595646708124e-25,
0,line,4,ASGARD sync $1.0\times 10^{14}$ Hz,21234.59709748593,2.261334709517965e-25,
0,line,4,ASGARD sync $1.0\times 10^{14}$ Hz,23842.867788067262,2.2149352100199803e-25,
0,line,4,ASGARD sync $1.0\times 10^{14}$ Hz,26771.51545420944,2.1470582323532954e-25,
0,line,4,ASGARD sync $1.0\times 10^{14}$ Hz,30059.89237895584,2.0556995187353936e-25,
0,line,4,ASGARD sync $1.0\times 10^{14}$ Hz,33752.1845328457,1.9394931312014977e-25,
0,line,4,ASGARD sync $1.0\times 10^{14}$ Hz,37898.005301469406,1.7999702712278333e-25,
0,line,4,ASGARD sync $1.0\times 10^{14}$ Hz,42553.0621412821,1.6415826481241116e-25,
0,line,4,ASGARD sync $1.0\times 10^{14}$ Hz,47779.90512153967,1.4698284899898523e-25,
0,line,4,ASGARD sync $1.0\times 10^{14}$ Hz,53648.76741052671,1.292984676532978e-25,
0,line,4,ASGARD sync $1.0\times 10^{14}$ Hz,60238.50899970236,1.1194514967861385e-25,
0,line,4,ASGARD sync $1.0\times 10^{14}$ Hz,67637.67634660006,9.558752412760927e-26,
0,line,4,ASGARD sync $1.0\times 10^{14}$ Hz,75945.69217491779,8.074378253003035e-26,
0,line,4,ASGARD sync $1.0\times 10^{14}$ Hz,85274.19141916305,6.759032731261883e-26,
0,line,4,ASGARD sync $1.0\times 10^{14}$ Hz,95748.52126495788,5.605380436076165e-26,
0,line,4,ASGARD sync $1.0\times 10^{14}$ Hz,107509.42544107056,4.62425149724929e-26,
0,line,4,ASGARD sync $1.0\times 10^{14}$ Hz,120714.9353950307,3.7978086091474247e-26,
0,line,4,ASGARD sync $1.0\times 10^{14}$ Hz,135542.4937640828,3.110177374286995e-26,
0,line,4,ASGARD sync $1.0\times 10^{14}$ Hz,152191.33867459052,2.5397366609185268e-26,
0,line,4,ASGARD sync $1.0\times 10^{14}$ Hz,170885.1809077577,2.0691518812515982e-26,
0,line,4,ASGARD sync $1.0\times 10^{14}$ Hz,191875.20990478364,1.683816866115613e-26,
0,line,4,ASGARD sync $1.0\times 10^{14}$ Hz,215443.46900318866,1.3672040966483246e-26,
0,line,4,ASGARD sync $1.0\times 10^{14}$ Hz,241906.64525741176,1.1090770442613647e-26,
0,line,4,ASGARD sync $1.0\times 10^{14}$ Hz,271620.32476755726,8.990077152258173e-27,
0,line,4,ASGARD sync $1.0\times 10^{14}$ Hz,304983.77069520706,7.280991323705832e-27,
0,line,4,ASGARD sync $1.0\times 10^{14}$ Hz,342445.2881685698,5.9027366923505764e-27,
0,line,4,ASGARD sync $1.0\times 10^{14}$ Hz,384508.2481652776,4.777606296573265e-27,
0,line,4,ASGARD sync $1.0\times 10^{14}$ Hz,431737.8513158363,3.866986556246302e-27,
0,line,4,ASGARD sync $1.0\times 10^{14}$ Hz,484768.7225130572,3.136731751981718e-27,
0,line,4,ASGARD sync $1.0\times 10^{14}$ Hz,544313.4383763528,2.542488831551114e-27,
0,line,4,ASGARD sync $1.0\times 10^{14}$ Hz,611172.1021545639,2.063528736829153e-27,
0,line,4,ASGARD sync $1.0\times 10^{14}$ Hz,686243.0947254312,1.675599413359272e-27,
0,line,4,ASGARD sync $1.0\times 10^{14}$ Hz,770535.1461530557,1.3632885373767123e-27,
0,line,4,ASGARD sync $1.0\times 10^{14}$ Hz,865180.8900090464,1.1112934823798154e-27,
0,line,4,ASGARD sync $1.0\times 10^{14}$ Hz,971452.0825869758,9.04625139050031e-28,
0,line,4,ASGARD sync $1.0\times 10^{14}$ Hz,1090776.6915109565,7.407865946640661e-28,
0,line,4,ASGARD sync $1.0\times 10^{14}$ Hz,1224758.0833582329,6.059849764480724e-28,
0,line,4,ASGARD sync $1.0\times 10^{14}$ Hz,1375196.5681201622,4.955413742927914e-28,
0,line,4,ASGARD sync $1.0\times 10^{14}$ Hz,1544113.5899948329,4.087201476130116e-28,
0,line,4,ASGARD sync $1.0\times 10^{14}$ Hz,1733778.8895633693,3.3524963501605722e-28,
0,line,4,ASGARD sync $1.0\times 10^{14}$ Hz,1946741.0023284936,2.761780382255633e-28,
0,line,4,ASGARD sync $1.0\times 10^{14}$ Hz,2185861.5034246743,2.2894778457916445e-28,
0,line,4,ASGARD sync $1.0\times 10^{14}$ Hz,2454353.458646543,1.8834086233387791e-28,
0,line,4,ASGARD sync $1.0\times 10^{14}$ Hz,2755824.5984626412,1.5654477386251354e-28,
0,line,4,ASGARD sync $1.0\times 10^{14}$ Hz,3094325.795144362,1.297681636203335e-28,
0,line,4,ASGARD sync $1.0\times 10^{14}$ Hz,3474405.4943980086,1.0692200192345085e-28,
0,line,4,ASGARD sync $1.0\times 10^{14}$ Hz,3901170.8328986377,8.926752089093389e-29,
0,line,4,ASGARD sync $1.0\times 10^{14}$ Hz,4380356.262962907,7.385644597708933e-29,
0,line,4,ASGARD sync $1.0\times 10^{14}$ Hz,4918400.606471699,6.126942505914702e-29,
0,line,4,ASGARD sync $1.0\times 10^{14}$ Hz,5522533.573417251,5.114160561458601e-29,
0,line,4,ASGARD sync $1.0\times 10^{14}$ Hz,6200872.907625809,4.2247048470588814e-29,
0,line,4,ASGARD sync $1.0\times 10^{14}$ Hz,6962533.465004367,3.538455966993799e-29,
0,line,4,ASGARD sync $1.0\times 10^{14}$ Hz,7817749.689997524,2.9502043737856756e-29,
0,line,4,ASGARD sync $1.0\times 10^{14}$ Hz,8778013.135972489,2.4476766205431104e-29,
0,line,4,ASGARD sync $1.0\times 10^{14}$ Hz,9856226.87739571,2.062244692323509e-29,
0,line,4,ASGARD sync $1.0\times 10^{14}$ Hz,11066878.88863989,1.719175384791446e-29,
0,line,4,ASGARD sync $1.0\times 10^{14}$ Hz,12426236.719115056,1.4438653118414694e-29,
0,line,4,ASGARD sync $1.0\times 10^{14}$ Hz,13952566.080576338,1.2166968381962318e-29,
0,line,4,ASGARD sync $1.0\times 10^{14}$ Hz,15666376.283769464,1.0154047439916009e-29,
0,line,4,ASGARD sync $1.0\times 10^{14}$ Hz,17590695.822349843,8.637106846342225e-30,
0,line,4,ASGARD sync $1.0\times 10^{14}$ Hz,19751381.80710058,7.284986328366757e-30,
0,line,4,ASGARD sync $1.0\times 10^{14}$ Hz,22177467.40832167,6.1507580548002894e-30,
0,line,4,ASGARD sync $1.0\times 10^{14}$ Hz,24901551.97497901,5.24724332667345e-30,
0,line,4,ASGARD sync $1.0\times 10^{14}$ Hz,27960239.072650153,4.432023515154165e-30,
0,line,4,ASGARD sync $1.0\times 10^{14}$ Hz,31394628.326189354,3.7927938323438744e-30,
0,line,4,ASGARD sync $1.0\times 10^{14}$ Hz,35250867.67600913,3.238043914932044e-30,
0,line,4,ASGARD sync $1.0\times 10^{14}$ Hz,39580773.46865453,2.7495881092528546e-30,
0,line,4,ASGARD sync $1.0\times 10^{14}$ Hz,44442526.71383636,2.373573053202157e-30,
0,line,4,ASGARD sync $1.0\times 10^{14}$ Hz,49901454.86353981,2.0277511405530467e-30,
0,line,4,ASGARD sync $1.0\times 10^{14}$ Hz,56030909.61798617,1.7444228468640585e-30,
0,line,4,ASGARD sync $1.0\times 10^{14}$ Hz,62913252.55353957,1.5055025797045e-30,
0,line,4,ASGARD sync $1.0\times 10^{14}$ Hz,70640961.8164559,1.2867594255409134e-30,
0,line,4,ASGARD sync $1.0\times 10^{14}$ Hz,79317874.75313465,1.1201824735497058e-30,
0,line,4,ASGARD sync $1.0\times 10^{14}$ Hz,89060583.17411506,9.663598442715583e-31,
0,line,4,ASGARD sync $1.0\times 10^{14}$ Hz,100000000.0,8.34589927712071e-31,
0,line,5,ASGARD SSC $1.0\times 10^{14}$ Hz,1.0,1.950795715844104e-46,
0,line,5,ASGARD SSC $1.0\times 10^{14}$ Hz,1.1228311834035287,3.0988823945772067e-46,
0,line,5,ASGARD SSC $1.0\times 10^{14}$ Hz,1.2607498664233685,4.898921691293812e-46,
0,line,5,ASGARD SSC $1.0\times 10^{14}$ Hz,1.4156092644919918,7.516916054921254e-46,
0,line,5,ASGARD SSC $1.0\times 10^{14}$ Hz,1.5894902256865417,1.199483622868181e-45,
0,line,5,ASGARD SSC $1.0\times 10^{14}$ Hz,1.7847291911159615,1.8277032613102165e-45,
0,line,5,ASGARD SSC $1.0\times 10^{14}$ Hz,2.0039495897155577,2.8255389052827284e-45,
0,line,5,ASGARD SSC $1.0\times 10^{14}$ Hz,2.2500970893013355,4.37470160464611e-45,
0,line,5,ASGARD SSC $1.0\times 10^{14}$ Hz,2.5264791775530537,6.460906300226218e-45,
0,line,5,ASGARD SSC $1.0\times 10^{14}$ Hz,2.8368096047762688,9.77528683082645e-45,
0,line,5,ASGARD SSC $1.0\times 10^{14}$ Hz,3.1852582856214346,1.420864477895531e-44,
0,line,5,ASGARD SSC $1.0\times 10^{14}$ Hz,3.57650733029021,2.0212208220309618e-44,
0,line,5,ASGARD SSC $1.0\times 10^{14}$ Hz,4.015813958121153,2.890656640968973e-44,
0,line,5,ASGARD SSC $1.0\times 10^{14}$ Hz,4.509081138925582,3.931644048502552e-44,
0,line,5,ASGARD SSC $1.0\times 10^{14}$ Hz,5.062936911282342,5.359248103291902e-44,
0,line,5,ASGARD SSC $1.0\times 10^{14}$ Hz,5.684823443592558,7.187714267355157e-44,
0,line,5,ASGARD SSC $1.0\times 10^{14}$ Hz,6.383097034609155,9.294435113274265e-44,
0,line,5,ASGARD SSC $1.0\times 10^{14}$ Hz,7.167140397149751,1.2175041074291187e-43,
0,line,5,ASGARD SSC $1.0\times 10^{14}$ Hz,8.04748873375089,1.5586887010365447e-43,
0,line,5,ASGARD SSC $1.0\times 10^{14}$ Hz,9.035971298344078,1.9492848781341492e-43,
0,line,5,ASGARD SSC $1.0\times 10^{14}$ Hz,10.14587034612,2.491266335715077e-43,
0,line,5,ASGARD SSC $1.0\times 10^{14}$ Hz,11.392099607392687,3.2290676750672047e-43,
0,line,5,ASGARD SSC $1.0\times 10^{14}$ Hz,12.791404683619605,4.152736024177476e-43,
0,line,5,ASGARD SSC $1.0\times 10^{14}$ Hz,14.362588058302041,5.4097360470865045e-43,
0,line,5,ASGARD SSC $1.0\times 10^{14}$ Hz,16.12676174624068,6.95384074169079e-43,
0,line,5,ASGARD SSC $1.0\times 10^{14}$ Hz,18.107630975998173,8.904612629668109e-43,
0,line,5,ASGARD SSC $1.0\times 10^{14}$ Hz,20.331812717414422,1.1378043594526122e-42,
0,line,5,ASGARD SSC $1.0\times 10^{14}$ Hz,22.82919333423335,1.4447978110221877e-42,
0,line,5,ASGARD SSC $1.0\times 10^{14}$ Hz,25.63333016762518,1.818037624725e-42,
0,line,5,ASGARD SSC $1.0\times 10^{14}$ Hz,28.78190244668795,2.3298695144347353e-42,
0,line,5,ASGARD SSC $1.0\times 10^{14}$ Hz,32.31721758481955,2.952852559000122e-42,
0,line,5,ASGARD SSC $1.0\times 10^{14}$ Hz,36.28677966507226,3.737104855722832e-42,
0,line,5,ASGARD SSC $1.0\times 10^{14}$ Hz,40.743927753236186,4.72792953675546e-42,
0,line,5,ASGARD SSC $1.0\times 10^{14}$ Hz,45.74855261567406,5.951462309228977e-42,
0,line,5,ASGARD SSC $1.0\times 10^{14}$ Hz,51.3679014724559,7.417068618795656e-42,
0,line,5,ASGARD SSC $1.0\times 10^{14}$ Hz,57.67748159927351,9.191019305948224e-42,
0,line,5,ASGARD SSC $1.0\times 10^{14}$ Hz,64.76207491984752,1.1348248262038355e-41,
0,line,5,ASGARD SSC $1.0\times 10^{14}$ Hz,72.71687722192038,1.3889861958912479e-41,
0,line,5,ASGARD SSC $1.0\times 10^{14}$ Hz,81.64877730449795,1.6893907745342624e-41,
0,line,5,ASGARD SSC $1.0\times 10^{14}$ Hz,91.67779324426061,2.0471361616294824e-41,
0,line,5,ASGARD SSC $1.0\times 10^{14}$ Hz,102.93868508027717,2.476277277408335e-41,
0,line,5,ASGARD SSC $1.0\times 10^{14}$ Hz,115.58276558669077,2.979730832644384e-41,
0,line,5,ASGARD SSC $1.0\times 10^{14}$ Hz,129.77993346475662,3.5737432528134554e-41,
0,line,5,ASGARD SSC $1.0\times 10^{14}$ Hz,145.7209562742639,4.271481875155379e-41,
0,line,5,ASGARD SSC $1.0\times 10^{14}$ Hz,163.6200337801256,5.079165466390792e-41,
0,line,5,ASGARD SSC $1.0\times 10^{14}$ Hz,183.71767615786374,6.026649009651631e-41,
0,line,5,ASGARD SSC $1.0\times 10^{14}$ Hz,206.2839357324804,7.125697713408445e-41,
0,line,5,ASGARD SSC $1.0\times 10^{14}$ Hz,231.6220356756384,8.404164223103405e-41,
0,line,5,ASGARD SSC $1.0\times 10^{14}$ Hz,260.07244442001166,1.004851805524754e-40,
0,line,5,ASGARD SSC $1.0\times 10^{14}$ Hz,292.0174505387701,1.2147569857313462e-40,
0,line,5,ASGARD SSC $1.0\times 10^{14}$ Hz,327.8862995629286,1.4887561388715704e-40,
0,line,5,ASGARD SSC $1.0\times 10^{14}$ Hz,368.16096176004703,1.83950236152645e-40,
0,line,5,ASGARD SSC $1.0\times 10^{14}$ Hz,413.38260837601484,2.290679121653654e-40,
0,line,5,ASGARD SSC $1.0\times 10^{14}$ Hz,464.1588833612782,2.8754861869598135e-40,
0,line,5,ASGARD SSC $1.0\times 10^{14}$ Hz,521.1720682918044,3.6363611548585174e-40,
0,line,5,ASGARD SSC $1.0\times 10^{14}$ Hz,585.1882501969513,4.61854846718078e-40,
0,line,5,ASGARD SSC $1.0\times 10^{14}$ Hz,657.0676154824831,5.891969419451844e-40,
0,line,5,ASGARD SSC $1.0\times 10^{14}$ Hz,737.7760082683312,7.495138401197529e-40,
0,line,5,ASGARD SSC $1.0\times 10^{14}$ Hz,828.3979084506619,9.514772971339743e-40,
0,line,5,ASGARD SSC $1.0\times 10^{14}$ Hz,930.1510038746646,1.2025120410007601e-39,
0,line,5,ASGARD SSC $1.0\times 10^{14}$ Hz,1044.4025524245699,1.5108825068199837e-39,
0,line,5,ASGARD SSC $1.0\times 10^{14}$ Hz,1172.6877538885456,1.8857866095576483e-39,
0,line,5,ASGARD SSC $1.0\times 10^{14}$ Hz,1316.7303784615017,2.3391981237496883e-39,
0,line,5,ASGARD SSC $1.0\times 10^{14}$ Hz,1478.465929071304,2.8817265260580602e-39,
0,line,5,ASGARD SSC $1.0\times 10^{14}$ Hz,1660.0676487609296,3.528454516839993e-39,
0,line,5,ASGARD SSC $1.0\times 10^{14}$ Hz,1863.975722588148,4.29127796227549e-39,
0,line,5,ASGARD SSC $1.0\times 10^{14}$ Hz,2092.9300664290977,5.2019169810218587e-39,
0,line,5,ASGARD SSC $1.0\times 10^{14}$ Hz,2350.0071432694094,6.28015355671432e-39,
0,line,5,ASGARD SSC $1.0\times 10^{14}$ Hz,2638.6613016839365,7.55695672102657e-39,
0,line,5,ASGARD SSC $1.0\times 10^{14}$ Hz,2962.77119197087,9.06191647215315e-39,
0,line,5,ASGARD SSC $1.0\times 10^{14}$ Hz,3326.691883634535,1.0825265443760193e-38,
0,line,5,ASGARD SSC $1.0\times 10^{14}$ Hz,3735.3133845202788,1.2885170163760588e-38,
0,line,5,ASGARD SSC $1.0\times 10^{14}$ Hz,4194.126347923944,1.5273634657519926e-38,
0,line,5,ASGARD SSC $1.0\times 10^{14}$ Hz,4709.295850583362,1.8032163708391858e-38,
0,line,5,ASGARD SSC $1.0\times 10^{14}$ Hz,5287.744232907843,2.1282666042713667e-38,
0,line,5,ASGARD SSC $1.0\times 10^{14}$ Hz,5937.244114571097,2.517975593969124e-38,
0,line,5,ASGARD SSC $1.0\times 10^{14}$ Hz,6666.522835319501,3.015904051861385e-38,
0,line,5,ASGARD SSC $1.0\times 10^{14}$ Hz,7485.379724368442,3.653879306115296e-38,
0,line,5,ASGARD SSC $1.0\times 10^{14}$ Hz,8404.817774137397,4.4700773222232445e-38,
0,line,5,ASGARD SSC $1.0\times 10^{14}$ Hz,9437.191487625705,5.539023579654213e-38,
0,line,5,ASGARD SSC $1.0\times 10^{14}$ Hz,10596.372886056477,6.929276282726189e-38,
0,line,5,ASGARD SSC $1.0\times 10^{14}$ Hz,11897.937907435859,8.746630934330789e-38,
0,line,5,ASGARD SSC $1.0\times 10^{14}$ Hz,13359.375700667906,1.110881283156274e-37,
0,line,5,ASGARD SSC $1.0\times 10^{14}$ Hz,15000.323627513291,1.4128757854043086e-37,
0,line,5,ASGARD SSC $1.0\times 10^{14}$ Hz,16842.831130116658,1.7973042278007457e-37,
0,line,5,ASGARD SSC $1.0\times 10^{14}$ Hz,18911.65600969468,2.278311400141002e-37,
0,line,5,ASGARD SSC $1.0\times 10^{14}$ Hz,21234.59709748593,2.8733890608949186e-37,
0,line,5,ASGARD SSC $1.0\times 10^{14}$ Hz,23842.867788067262,3.6017924405319187e-37,
0,line,5,ASGARD SSC $1.0\times 10^{14}$ Hz,26771.51545420944,4.479081395660557e-37,
0,line,5,ASGARD SSC $1.0\times 10^{14}$ Hz,30059.89237895584,5.528379166651822e-37,
0,line,5,ASGARD SSC $1.0\times 10^{14}$ Hz,33752.1845328457,6.7660313937175285e-37,
0,line,5,ASGARD SSC $1.0\times 10^{14}$ Hz,37898.005301469406,8.211194545173111e-37,
0,line,5,ASGARD SSC $1.0\times 10^{14}$ Hz,42553.0621412821,9.895902101262088e-37,
0,line,5,ASGARD SSC $1.0\times 10^{14}$ Hz,47779.90512153967,1.1819814580126518e-36,
0,line,5,ASGARD SSC $1.0\times 10^{14}$ Hz,53648.76741052671,1.3972848421502706e-36,
0,line,5,ASGARD SSC $1.0\times 10^{14}$ Hz,60238.50899970236,1.631968261060893e-36,
0,line,5,ASGARD SSC $1.0\times 10^{14}$ Hz,67637.67634660006,1.881440874535865e-36,
0,line,5,ASGARD SSC $1.0\times 10^{14}$ Hz,75945.69217491779,2.1427887082010156e-36,
0,line,5,ASGARD SSC $1.0\times 10^{14}$ Hz,85274.19141916305,2.4112063732762942e-36,
0,line,5,ASGARD SSC $1.0\times 10^{14}$ Hz,95748.52126495788,2.6791679960799813e-36,
0,line,5,ASGARD SSC $1.0\times 10^{14}$ Hz,107509.42544107056,2.9622920383911124e-36,
0,line,5,ASGARD SSC $1.0\times 10^{14}$ Hz,120714.9353950307,3.2743035351165766e-36,
0,line,5,ASGARD SSC $1.0\times 10^{14}$ Hz,135542.4937640828,3.6638735794718534e-36,
0,line,5,ASGARD SSC $1.0\times 10^{14}$ Hz,152191.33867459052,4.1810487334369474e-36,
0,line,5,ASGARD SSC $1.0\times 10^{14}$ Hz,170885.1809077577,4.893475512994811e-36,
0,line,5,ASGARD SSC $1.0\times 10^{14}$ Hz,191875.20990478364,5.8657314757473e-36,
0,line,5,ASGARD SSC $1.0\times 10^{14}$ Hz,215443.46900318866,7.091976530069407e-36,
0,line,5,ASGARD SSC $1.0\times 10^{14}$ Hz,241906.64525741176,8.580795020070553e-36,
0,line,5,ASGARD SSC $1.0\times 10^{14}$ Hz,271620.32476755726,1.0304698917670608e-35,
0,line,5,ASGARD SSC $1.0\times 10^{14}$ Hz,304983.77069520706,1.2223703886923235e-35,
0,line,5,ASGARD SSC $1.0\times 10^{14}$ Hz,342445.2881685698,1.4328356005581264e-35,
0,line,5,ASGARD SSC $1.0\times 10^{14}$ Hz,384508.2481652776,1.651435059557787e-35,
0,line,5,ASGARD SSC $1.0\times 10^{14}$ Hz,431737.8513158363,1.871009730908689e-35,
0,line,5,ASGARD SSC $1.0\times 10^{14}$ Hz,484768.7225130572,2.0818634181842464e-35,
0,line,5,ASGARD SSC $1.0\times 10^{14}$ Hz,544313.4383763528,2.2737677152799434e-35,
0,line,5,ASGARD SSC $1.0\times 10^{14}$ Hz,611172.1021545639,2.4479986547070096e-35,
0,line,5,ASGARD SSC $1.0\times 10^{14}$ Hz,686243.0947254312,2.606901648579375e-35,
0,line,5,ASGARD SSC $1.0\times 10^{14}$ Hz,770535.1461530557,2.75755318863953e-35,
0,line,5,ASGARD SSC $1.0\times 10^{14}$ Hz,865180.8900090464,2.9026374442260104e-35,
0,line,5,ASGARD SSC $1.0\times 10^{14}$ Hz,971452.0825869758,3.0380277307288435e-35,
0,line,5,ASGARD SSC $1.0\times 10^{14}$ Hz,1090776.6915109565,3.1738478335851485e-35,
0,line,5,ASGARD SSC $1.0\times 10^{14}$ Hz,1224758.0833582329,3.316639155138945e-35,
0,line,5,ASGARD SSC $1.0\times 10^{14}$ Hz,1375196.5681201622,3.4813646202446205e-35,
0,line,5,ASGARD SSC $1.0\times 10^{14}$ Hz,1544113.5899948329,3.8343699505076057e-35,
0,line,5,ASGARD SSC $1.0\times 10^{14}$ Hz,1733778.8895633693,4.306760811592262e-35,
0,line,5,ASGARD SSC $1.0\times 10^{14}$ Hz,1946741.0023284936,4.981231622301531e-35,
0,line,5,ASGARD SSC $1.0\times 10^{14}$ Hz,2185861.5034246743,5.887380249158151e-35,
0,line,5,ASGARD SSC $1.0\times 10^{14}$ Hz,2454353.458646543,6.872231559074931e-35,
0,line,5,ASGARD SSC $1.0\times 10^{14}$ Hz,2755824.5984626412,8.054564225411276e-35,
0,line,5,ASGARD SSC $1.0\times 10^{14}$ Hz,3094325.795144362,9.320197456177368e-35,
0,line,5,ASGARD SSC $1.0\times 10^{14}$ Hz,3474405.4943980086,1.060382080420214e-34,
0,line,5,ASGARD SSC $1.0\times 10^{14}$ Hz,3901170.8328986377,1.1854100203330306e-34,
0,line,5,ASGARD SSC $1.0\times 10^{14}$ Hz,4380356.262962907,1.2900659259821969e-34,
0,line,5,ASGARD SSC $1.0\times 10^{14}$ Hz,4918400.606471699,1.3741479306513378e-34,
0,line,5,ASGARD SSC $1.0\times 10^{14}$ Hz,5522533.573417251,1.4438714498000095e-34,
0,line,5,ASGARD SSC $1.0\times 10^{14}$ Hz,6200872.907625809,1.4989028715305347e-34,
0,line,5,ASGARD SSC $1.0\times 10^{14}$ Hz,6962533.465004367,1.5476156633215437e-34,
0,line,5,ASGARD SSC $1.0\times 10^{14}$ Hz,7817749.689997524,1.5843648201303672e-34,
0,line,5,ASGARD SSC $1.0\times 10^{14}$ Hz,8778013.135972489,1.6103253824749786e-34,
0,line,5,ASGARD SSC $1.0\times 10^{14}$ Hz,9856226.87739571,1.6609770171420096e-34,
0,line,5,ASGARD SSC $1.0\times 10^{14}$ Hz,11066878.88863989,1.7099947831158561e-34,
0,line,5,ASGARD SSC $1.0\times 10^{14}$ Hz,12426236.719115056,1.772661067883801e-34,
0,line,5,ASGARD SSC $1.0\times 10^{14}$ Hz,13952566.080576338,1.8240860809817245e-34,
0,line,5,ASGARD SSC $1.0\times 10^{14}$ Hz,15666376.283769464,1.8581883267500125e-34,
0,line,5,ASGARD SSC $1.0\times 10^{14}$ Hz,17590695.822349843,1.8708063937117252e-34,
0,line,5,ASGARD SSC $1.0\times 10^{14}$ Hz,19751381.80710058,1.8480811391821222e-34,
0,line,5,ASGARD SSC $1.0\times 10^{14}$ Hz,22177467.40832167,1.790094871837694e-34,
0,line,5,ASGARD SSC $1.0\times 10^{14}$ Hz,24901551.97497901,1.6866829839748245e-34,
0,line,5,ASGARD SSC $1.0\times 10^{14}$ Hz,27960239.072650153,1.562355195912962e-34,
0,line,5,ASGARD SSC $1.0\times 10^{14}$ Hz,31394628.326189354,1.4226767009998143e-34,
0,line,5,ASGARD SSC $1.0\times 10^{14}$ Hz,35250867.67600913,1.283987124733207e-34,
0,line,5,ASGARD SSC $1.0\times 10^{14}$ Hz,39580773.46865453,1.1457453624969237e-34,
0,line,5,ASGARD SSC $1.0\times 10^{14}$ Hz,44442526.71383636,1.0250598318005314e-34,
0,line,5,ASGARD SSC $1.0\times 10^{14}$ Hz,49901454.86353981,9.087676326926597e-35,
0,line,5,ASGARD SSC $1.0\times 10^{14}$ Hz,56030909.61798617,8.077568115551211e-35,
0,line,5,ASGARD SSC $1.0\times 10^{14}$ Hz,62913252.55353957,7.177880879286588e-35,
0,line,5,ASGARD SSC $1.0\times 10^{14}$ Hz,70640961.8164559,6.317243601389308e-35,
0,line,5,ASGARD SSC $1.0\times 10^{14}$ Hz,79317874.75313465,5.6117973678975e-35,
0,line,5,ASGARD SSC $1.0\times 10^{14}$ Hz,89060583.17411506,4.920629492456802e-35,
0,line,5,ASGARD SSC $1.0\times 10^{14}$ Hz,100000000.0,4.2739641294437215e-35,
0,line,6,Vegas sync $1.0\times 10^{14}$ Hz,1.0,7.840273383188321e-29,
0,line,6,Vegas sync $1.0\times 10^{14}$ Hz,1.1228311834035287,1.1038219067557597e-28,
0,line,6,Vegas sync $1.0\times 10^{14}$ Hz,1.2607498664233685,1.5524564754265323e-28,
0,line,6,Vegas sync $1.0\times 10^{14}$ Hz,1.4156092644919918,2.170759948178842e-28,
0,line,6,Vegas sync $1.0\times 10^{14}$ Hz,1.5894902256865417,3.0214110057908644e-28,
0,line,6,Vegas sync $1.0\times 10^{14}$ Hz,1.7847291911159615,4.195874005833611e-28,
0,line,6,Vegas sync $1.0\times 10^{14}$ Hz,2.0039495897155577,5.785896508430976e-28,
0,line,6,Vegas sync $1.0\times 10^{14}$ Hz,2.2500970893013355,7.891101953437974e-28,
0,line,6,Vegas sync $1.0\times 10^{14}$ Hz,2.5264791775530537,1.0625964184002026e-27,
0,line,6,Vegas sync $1.0\times 10^{14}$ Hz,2.8368096047762688,1.4100006343307329e-27,
0,line,6,Vegas sync $1.0\times 10^{14}$ Hz,3.1852582856214346,1.8402807976213517e-27,
0,line,6,Vegas sync $1.0\times 10^{14}$ Hz,3.57650733029021,2.358963205804102e-27,
0,line,6,Vegas sync $1.0\times 10^{14}$ Hz,4.015813958121153,2.96820697862787e-27,
0,line,6,Vegas sync $1.0\times 10^{14}$ Hz,4.509081138925582,3.666397552176469e-27,
0,line,6,Vegas sync $1.0\times 10^{14}$ Hz,5.062936911282342,4.449343959918708e-27,
0,line,6,Vegas sync $1.0\times 10^{14}$ Hz,5.684823443592558,5.311570028088993e-27,
0,line,6,Vegas sync $1.0\times 10^{14}$ Hz,6.383097034609155,6.247486044740737e-27,
0,line,6,Vegas sync $1.0\times 10^{14}$ Hz,7.167140397149751,7.251148840530359e-27,
0,line,6,Vegas sync $1.0\times 10^{14}$ Hz,8.04748873375089,8.313841157633943e-27,
0,line,6,Vegas sync $1.0\times 10^{14}$ Hz,9.035971298344078,9.437351046627032e-27,
0,line,6,Vegas sync $1.0\times 10^{14}$ Hz,10.14587034612,1.0616956593363936e-26,
0,line,6,Vegas sync $1.0\times 10^{14}$ Hz,11.392099607392687,1.1857328246147508e-26,
0,line,6,Vegas sync $1.0\times 10^{14}$ Hz,12.791404683619605,1.3160427956485846e-26,
0,line,6,Vegas sync $1.0\times 10^{14}$ Hz,14.362588058302041,1.4518173294599493e-26,
0,line,6,Vegas sync $1.0\times 10^{14}$ Hz,16.12676174624068,1.5942891182077933e-26,
0,line,6,Vegas sync $1.0\times 10^{14}$ Hz,18.107630975998173,1.7430280771674036e-26,
0,line,6,Vegas sync $1.0\times 10^{14}$ Hz,20.331812717414422,1.8972190083453717e-26,
0,line,6,Vegas sync $1.0\times 10^{14}$ Hz,22.82919333423335,2.059537878811029e-26,
0,line,6,Vegas sync $1.0\times 10^{14}$ Hz,25.63333016762518,2.2296947759394823e-26,
0,line,6,Vegas sync $1.0\times 10^{14}$ Hz,28.78190244668795,2.4077443583430896e-26,
0,line,6,Vegas sync $1.0\times 10^{14}$ Hz,32.31721758481955,2.5956353042515537e-26,
0,line,6,Vegas sync $1.0\times 10^{14}$ Hz,36.28677966507226,2.791399778724326e-26,
0,line,6,Vegas sync $1.0\times 10^{14}$ Hz,40.743927753236186,2.997930100928399e-26,
0,line,6,Vegas sync $1.0\times 10^{14}$ Hz,45.74855261567406,3.213454536739271e-26,
0,line,6,Vegas sync $1.0\times 10^{14}$ Hz,51.3679014724559,3.440295229559168e-26,
0,line,6,Vegas sync $1.0\times 10^{14}$ Hz,57.67748159927351,3.683345759230828e-26,
0,line,6,Vegas sync $1.0\times 10^{14}$ Hz,64.76207491984752,3.9300596361423537e-26,
0,line,6,Vegas sync $1.0\times 10^{14}$ Hz,72.71687722192038,4.20617521737577e-26,
0,line,6,Vegas sync $1.0\times 10^{14}$ Hz,81.64877730449795,4.475125537705096e-26,
0,line,6,Vegas sync $1.0\times 10^{14}$ Hz,91.67779324426061,4.779599008515678e-26,
0,line,6,Vegas sync $1.0\times 10^{14}$ Hz,102.93868508027717,5.081785201747428e-26,
0,line,6,Vegas sync $1.0\times 10^{14}$ Hz,115.58276558669077,5.413136513881016e-26,
0,line,6,Vegas sync $1.0\times 10^{14}$ Hz,129.77993346475662,5.756204156698259e-26,
0,line,6,Vegas sync $1.0\times 10^{14}$ Hz,145.7209562742639,6.118777223570563e-26,
0,line,6,Vegas sync $1.0\times 10^{14}$ Hz,163.6200337801256,6.508636941526894e-26,
0,line,6,Vegas sync $1.0\times 10^{14}$ Hz,183.71767615786374,6.90443371074838e-26,
0,line,6,Vegas sync $1.0\times 10^{14}$ Hz,206.2839357324804,7.336613715915864e-26,
0,line,6,Vegas sync $1.0\times 10^{14}$ Hz,231.6220356756384,7.777574528235796e-26,
0,line,6,Vegas sync $1.0\times 10^{14}$ Hz,260.07244442001166,8.252104038859839e-26,
0,line,6,Vegas sync $1.0\times 10^{14}$ Hz,292.0174505387701,8.756984768924125e-26,
0,line,6,Vegas sync $1.0\times 10^{14}$ Hz,327.8862995629286,9.272021392393411e-26,
0,line,6,Vegas sync $1.0\times 10^{14}$ Hz,368.16096176004703,9.840199247316158e-26,
0,line,6,Vegas sync $1.0\times 10^{14}$ Hz,413.38260837601484,1.0409737488443579e-25,
0,line,6,Vegas sync $1.0\times 10^{14}$ Hz,464.1588833612782,1.1029139560037262e-25,
0,line,6,Vegas sync $1.0\times 10^{14}$ Hz,521.1720682918044,1.1681905235970032e-25,
0,line,6,Vegas sync $1.0\times 10^{14}$ Hz,585.1882501969513,1.2345126696368622e-25,
0,line,6,Vegas sync $1.0\times 10^{14}$ Hz,657.0676154824831,1.306741914790857e-25,
0,line,6,Vegas sync $1.0\times 10^{14}$ Hz,737.7760082683312,1.38094629630479e-25,
0,line,6,Vegas sync $1.0\times 10^{14}$ Hz,828.3979084506619,1.458360996093611e-25,
0,line,6,Vegas sync $1.0\times 10^{14}$ Hz,930.1510038746646,1.5417041752903295e-25,
0,line,6,Vegas sync $1.0\times 10^{14}$ Hz,1044.4025524245699,1.6259292188205245e-25,
0,line,6,Vegas sync $1.0\times 10^{14}$ Hz,1172.6877538885456,1.714105412980696e-25,
0,line,6,Vegas sync $1.0\times 10^{14}$ Hz,1316.7303784615017,1.8081320745644274e-25,
0,line,6,Vegas sync $1.0\times 10^{14}$ Hz,1478.465929071304,1.9032419867123765e-25,
0,line,6,Vegas sync $1.0\times 10^{14}$ Hz,1660.0676487609296,2.0002998181534268e-25,
0,line,6,Vegas sync $1.0\times 10^{14}$ Hz,1863.975722588148,2.1025730991347718e-25,
0,line,6,Vegas sync $1.0\times 10^{14}$ Hz,2092.9300664290977,2.208267653919737e-25,
0,line,6,Vegas sync $1.0\times 10^{14}$ Hz,2350.0071432694094,2.3105351394933944e-25,
0,line,6,Vegas sync $1.0\times 10^{14}$ Hz,2638.6613016839365,2.4149800899904095e-25,
0,line,6,Vegas sync $1.0\times 10^{14}$ Hz,2962.77119197087,2.5217208637054223e-25,
0,line,6,Vegas sync $1.0\times 10^{14}$ Hz,3326.691883634535,2.627503191090183e-25,
0,line,6,Vegas sync $1.0\times 10^{14}$ Hz,3735.3133845202788,2.7293449739562094e-25,
0,line,6,Vegas sync $1.0\times 10^{14}$ Hz,4194.126347923944,2.8261163880477025e-25,
0,line,6,Vegas sync $1.0\times 10^{14}$ Hz,4709.295850583362,2.917053570208841e-25,
0,line,6,Vegas sync $1.0\times 10^{14}$ Hz,5287.744232907843,3.0009216086436004e-25,
0,line,6,Vegas sync $1.0\times 10^{14}$ Hz,5937.244114571097,3.076999307027426e-25,
0,line,6,Vegas sync $1.0\times 10^{14}$ Hz,6666.522835319501,3.1406840059484393e-25,
0,line,6,Vegas sync $1.0\times 10^{14}$ Hz,7485.379724368442,3.1904026324764506e-25,
0,line,6,Vegas sync $1.0\times 10^{14}$ Hz,8404.817774137397,3.2267328686896e-25,
0,line,6,Vegas sync $1.0\times 10^{14}$ Hz,9437.191487625705,3.2482581144634424e-25,
0,line,6,Vegas sync $1.0\times 10^{14}$ Hz,10596.372886056477,3.250795668086338e-25,
0,line,6,Vegas sync $1.0\times 10^{14}$ Hz,11897.937907435859,3.2348972974325577e-25,
0,line,6,Vegas sync $1.0\times 10^{14}$ Hz,13359.375700667906,3.1999806337194215e-25,
0,line,6,Vegas sync $1.0\times 10^{14}$ Hz,15000.323627513291,3.1474345222057347e-25,
0,line,6,Vegas sync $1.0\times 10^{14}$ Hz,16842.831130116658,3.0734482311098803e-25,
0,line,6,Vegas sync $1.0\times 10^{14}$ Hz,18911.65600969468,2.980800764324886e-25,
0,line,6,Vegas sync $1.0\times 10^{14}$ Hz,21234.59709748593,2.865807910664482e-25,
0,line,6,Vegas sync $1.0\times 10^{14}$ Hz,23842.867788067262,2.727643614188124e-25,
0,line,6,Vegas sync $1.0\times 10^{14}$ Hz,26771.51545420944,2.563969102324669e-25,
0,line,6,Vegas sync $1.0\times 10^{14}$ Hz,30059.89237895584,2.3761940717101385e-25,
0,line,6,Vegas sync $1.0\times 10^{14}$ Hz,33752.1845328457,2.163024452807507e-25,
0,line,6,Vegas sync $1.0\times 10^{14}$ Hz,37898.005301469406,1.932291394329418e-25,
0,line,6,Vegas sync $1.0\times 10^{14}$ Hz,42553.0621412821,1.6931451936051855e-25,
0,line,6,Vegas sync $1.0\times 10^{14}$ Hz,47779.90512153967,1.4562474768042504e-25,
0,line,6,Vegas sync $1.0\times 10^{14}$ Hz,53648.76741052671,1.2315844458755797e-25,
0,line,6,Vegas sync $1.0\times 10^{14}$ Hz,60238.50899970236,1.027214587459611e-25,
0,line,6,Vegas sync $1.0\times 10^{14}$ Hz,67637.67634660006,8.471932251562516e-26,
0,line,6,Vegas sync $1.0\times 10^{14}$ Hz,75945.69217491779,6.922930625357167e-26,
0,line,6,Vegas sync $1.0\times 10^{14}$ Hz,85274.19141916305,5.620450406318262e-26,
0,line,6,Vegas sync $1.0\times 10^{14}$ Hz,95748.52126495788,4.5409985449143347e-26,
0,line,6,Vegas sync $1.0\times 10^{14}$ Hz,107509.42544107056,3.65528381101336e-26,
0,line,6,Vegas sync $1.0\times 10^{14}$ Hz,120714.9353950307,2.935839996689797e-26,
0,line,6,Vegas sync $1.0\times 10^{14}$ Hz,135542.4937640828,2.3538805970577274e-26,
0,line,6,Vegas sync $1.0\times 10^{14}$ Hz,152191.33867459052,1.8858238616209493e-26,
0,line,6,Vegas sync $1.0\times 10^{14}$ Hz,170885.1809077577,1.5097808901612724e-26,
0,line,6,Vegas sync $1.0\times 10^{14}$ Hz,191875.20990478364,1.208717016874837e-26,
0,line,6,Vegas sync $1.0\times 10^{14}$ Hz,215443.46900318866,9.67735833066823e-27,
0,line,6,Vegas sync $1.0\times 10^{14}$ Hz,241906.64525741176,7.749403602538009e-27,
0,line,6,Vegas sync $1.0\times 10^{14}$ Hz,271620.32476755726,6.209039844162466e-27,
0,line,6,Vegas sync $1.0\times 10^{14}$ Hz,304983.77069520706,4.9767017371606044e-27,
0,line,6,Vegas sync $1.0\times 10^{14}$ Hz,342445.2881685698,3.991110904442207e-27,
0,line,6,Vegas sync $1.0\times 10^{14}$ Hz,384508.2481652776,3.203533287535586e-27,
0,line,6,Vegas sync $1.0\times 10^{14}$ Hz,431737.8513158363,2.5721021353206455e-27,
0,line,6,Vegas sync $1.0\times 10^{14}$ Hz,484768.7225130572,2.0672696737188326e-27,
0,line,6,Vegas sync $1.0\times 10^{14}$ Hz,544313.4383763528,1.6626502965408333e-27,
0,line,6,Vegas sync $1.0\times 10^{14}$ Hz,611172.1021545639,1.3377653092035693e-27,
0,line,6,Vegas sync $1.0\times 10^{14}$ Hz,686243.0947254312,1.0779305183605993e-27,
0,line,6,Vegas sync $1.0\times 10^{14}$ Hz,770535.1461530557,8.688332187261747e-28,
0,line,6,Vegas sync $1.0\times 10^{14}$ Hz,865180.8900090464,7.008105012794226e-28,
0,line,6,Vegas sync $1.0\times 10^{14}$ Hz,971452.0825869758,5.66209603794921e-28,
0,line,6,Vegas sync $1.0\times 10^{14}$ Hz,1090776.6915109565,4.574933062762909e-28,
0,line,6,Vegas sync $1.0\times 10^{14}$ Hz,1224758.0833582329,3.7010286427460803e-28,
0,line,6,Vegas sync $1.0\times 10^{14}$ Hz,1375196.5681201622,2.998667743701801e-28,
0,line,6,Vegas sync $1.0\times 10^{14}$ Hz,1544113.5899948329,2.42960560655351e-28,
0,line,6,Vegas sync $1.0\times 10^{14}$ Hz,1733778.8895633693,1.9720194592511586e-28,
0,line,6,Vegas sync $1.0\times 10^{14}$ Hz,1946741.0023284936,1.6027818603354004e-28,
0,line,6,Vegas sync $1.0\times 10^{14}$ Hz,2185861.5034246743,1.302682374126111e-28,
0,line,6,Vegas sync $1.0\times 10^{14}$ Hz,2454353.458646543,1.0612177646187655e-28,
0,line,6,Vegas sync $1.0\times 10^{14}$ Hz,2755824.5984626412,8.655504799502589e-29,
0,line,6,Vegas sync $1.0\times 10^{14}$ Hz,3094325.795144362,7.059611506879014e-29,
0,line,6,Vegas sync $1.0\times 10^{14}$ Hz,3474405.4943980086,5.774214438535535e-29,
0,line,6,Vegas sync $1.0\times 10^{14}$ Hz,3901170.8328986377,4.7279244060107867e-29,
0,line,6,Vegas sync $1.0\times 10^{14}$ Hz,4380356.262962907,3.8712250893681706e-29,
0,line,6,Vegas sync $1.0\times 10^{14}$ Hz,4918400.606471699,3.180145665831824e-29,
0,line,6,Vegas sync $1.0\times 10^{14}$ Hz,5522533.573417251,2.614935492372672e-29,
0,line,6,Vegas sync $1.0\times 10^{14}$ Hz,6200872.907625809,2.1501813994901234e-29,
0,line,6,Vegas sync $1.0\times 10^{14}$ Hz,6962533.465004367,1.7744637653491572e-29,
0,line,6,Vegas sync $1.0\times 10^{14}$ Hz,7817749.689997524,1.4656453483472017e-29,
0,line,6,Vegas sync $1.0\times 10^{14}$ Hz,8778013.135972489,1.2105723061860048e-29,
0,line,6,Vegas sync $1.0\times 10^{14}$ Hz,9856226.87739571,1.003767764727856e-29,
0,line,6,Vegas sync $1.0\times 10^{14}$ Hz,11066878.88863989,8.32919828423673e-30,
0,line,6,Vegas sync $1.0\times 10^{14}$ Hz,12426236.719115056,6.91151412883935e-30,
0,line,6,Vegas sync $1.0\times 10^{14}$ Hz,13952566.080576338,5.757855043153239e-30,
0,line,6,Vegas sync $1.0\times 10^{14}$ Hz,15666376.283769464,4.799942997449742e-30,
0,line,6,Vegas sync $1.0\times 10^{14}$ Hz,17590695.822349843,4.001395270577553e-30,
0,line,6,Vegas sync $1.0\times 10^{14}$ Hz,19751381.80710058,3.3486488211952766e-30,
0,line,6,Vegas sync $1.0\times 10^{14}$ Hz,22177467.40832167,2.8040002877622865e-30,
0,line,6,Vegas sync $1.0\times 10^{14}$ Hz,24901551.97497901,2.3479374020058905e-30,
0,line,6,Vegas sync $1.0\times 10^{14}$ Hz,27960239.072650153,1.9732130909164204e-30,
0,line,6,Vegas sync $1.0\times 10^{14}$ Hz,31394628.326189354,1.659113179911192e-30,
0,line,6,Vegas sync $1.0\times 10^{14}$ Hz,35250867.67600913,1.3950123234732483e-30,
0,line,6,Vegas sync $1.0\times 10^{14}$ Hz,39580773.46865453,1.1767892207607604e-30,
0,line,6,Vegas sync $1.0\times 10^{14}$ Hz,44442526.71383636,9.931160442733478e-31,
0,line,6,Vegas sync $1.0\times 10^{14}$ Hz,49901454.86353981,8.381105691602101e-31,
0,line,6,Vegas sync $1.0\times 10^{14}$ Hz,56030909.61798617,7.092919870707824e-31,
0,line,6,Vegas sync $1.0\times 10^{14}$ Hz,62913252.55353957,6.00479278275305e-31,
0,line,6,Vegas sync $1.0\times 10^{14}$ Hz,70640961.8164559,5.083595632371448e-31,
0,line,6,Vegas sync $1.0\times 10^{14}$ Hz,79317874.75313465,4.31381534434969e-31,
0,line,6,Vegas sync $1.0\times 10^{14}$ Hz,89060583.17411506,3.6616213929626565e-31,
0,line,6,Vegas sync $1.0\times 10^{14}$ Hz,100000000.0,3.108030867216887e-31,
0,line,7,Vegas SSC $1.0\times 10^{14}$ Hz,1.0,4.3658933433790485e-46,
0,line,7,Vegas SSC $1.0\times 10^{14}$ Hz,1.1228311834035287,6.948490695089271e-46,
0,line,7,Vegas SSC $1.0\times 10^{14}$ Hz,1.2607498664233685,1.1054838147327156e-45,
0,line,7,Vegas SSC $1.0\times 10^{14}$ Hz,1.4156092644919918,1.753232137637719e-45,
0,line,7,Vegas SSC $1.0\times 10^{14}$ Hz,1.5894902256865417,2.7743755523956412e-45,
0,line,7,Vegas SSC $1.0\times 10^{14}$ Hz,1.7847291911159615,4.3867439740280547e-45,
0,line,7,Vegas SSC $1.0\times 10^{14}$ Hz,2.0039495897155577,6.909064949693822e-45,
0,line,7,Vegas SSC $1.0\times 10^{14}$ Hz,2.2500970893013355,1.0814083202120365e-44,
0,line,7,Vegas SSC $1.0\times 10^{14}$ Hz,2.5264791775530537,1.6804610526436892e-44,
0,line,7,Vegas SSC $1.0\times 10^{14}$ Hz,2.8368096047762688,2.5888390658545623e-44,
0,line,7,Vegas SSC $1.0\times 10^{14}$ Hz,3.1852582856214346,3.9476469650891254e-44,
0,line,7,Vegas SSC $1.0\times 10^{14}$ Hz,3.57650733029021,5.926526510499214e-44,
0,line,7,Vegas SSC $1.0\times 10^{14}$ Hz,4.015813958121153,8.778033234017985e-44,
0,line,7,Vegas SSC $1.0\times 10^{14}$ Hz,4.509081138925582,1.2849649820532316e-43,
0,line,7,Vegas SSC $1.0\times 10^{14}$ Hz,5.062936911282342,1.8577204397524497e-43,
0,line,7,Vegas SSC $1.0\times 10^{14}$ Hz,5.684823443592558,2.648302620327452e-43,
0,line,7,Vegas SSC $1.0\times 10^{14}$ Hz,6.383097034609155,3.72722668798309e-43,
0,line,7,Vegas SSC $1.0\times 10^{14}$ Hz,7.167140397149751,5.1827088725242345e-43,
0,line,7,Vegas SSC $1.0\times 10^{14}$ Hz,8.04748873375089,7.1268746706471724e-43,
0,line,7,Vegas SSC $1.0\times 10^{14}$ Hz,9.035971298344078,9.669180232106435e-43,
0,line,7,Vegas SSC $1.0\times 10^{14}$ Hz,10.14587034612,1.2980162329741457e-42,
0,line,7,Vegas SSC $1.0\times 10^{14}$ Hz,11.392099607392687,1.7293625783019874e-42,
0,line,7,Vegas SSC $1.0\times 10^{14}$ Hz,12.791404683619605,2.285063871379144e-42,
0,line,7,Vegas SSC $1.0\times 10^{14}$ Hz,14.362588058302041,2.998313545604903e-42,
0,line,7,Vegas SSC $1.0\times 10^{14}$ Hz,16.12676174624068,3.9099276497427025e-42,
0,line,7,Vegas SSC $1.0\times 10^{14}$ Hz,18.107630975998173,5.058810378319307e-42,
0,line,7,Vegas SSC $1.0\times 10^{14}$ Hz,20.331812717414422,6.504153740900757e-42,
0,line,7,Vegas SSC $1.0\times 10^{14}$ Hz,22.82919333423335,8.322793375993724e-42,
0,line,7,Vegas SSC $1.0\times 10^{14}$ Hz,25.63333016762518,1.0610598268436402e-41,
0,line,7,Vegas SSC $1.0\times 10^{14}$ Hz,28.78190244668795,1.346454829506608e-41,
0,line,7,Vegas SSC $1.0\times 10^{14}$ Hz,32.31721758481955,1.7051149690481097e-41,
0,line,7,Vegas SSC $1.0\times 10^{14}$ Hz,36.28677966507226,2.1489033487869382e-41,
0,line,7,Vegas SSC $1.0\times 10^{14}$ Hz,40.743927753236186,2.700377658951712e-41,
0,line,7,Vegas SSC $1.0\times 10^{14}$ Hz,45.74855261567406,3.380739625433931e-41,
0,line,7,Vegas SSC $1.0\times 10^{14}$ Hz,51.3679014724559,4.225674195260302e-41,
0,line,7,Vegas SSC $1.0\times 10^{14}$ Hz,57.67748159927351,5.271342724933076e-41,
0,line,7,Vegas SSC $1.0\times 10^{14}$ Hz,64.76207491984752,6.560182485306458e-41,
0,line,7,Vegas SSC $1.0\times 10^{14}$ Hz,72.71687722192038,8.16465983951974e-41,
0,line,7,Vegas SSC $1.0\times 10^{14}$ Hz,81.64877730449795,1.0098120028517355e-40,
0,line,7,Vegas SSC $1.0\times 10^{14}$ Hz,91.67779324426061,1.250356135571513e-40,
0,line,7,Vegas SSC $1.0\times 10^{14}$ Hz,102.93868508027717,1.5416458418905479e-40,
0,line,7,Vegas SSC $1.0\times 10^{14}$ Hz,115.58276558669077,1.903182231538837e-40,
0,line,7,Vegas SSC $1.0\times 10^{14}$ Hz,129.77993346475662,2.343931868416018e-40,
0,line,7,Vegas SSC $1.0\times 10^{14}$ Hz,145.7209562742639,2.8848695826643073e-40,
0,line,7,Vegas SSC $1.0\times 10^{14}$ Hz,163.6200337801256,3.549454354587658e-40,
0,line,7,Vegas SSC $1.0\times 10^{14}$ Hz,183.71767615786374,4.353164360523234e-40,
0,line,7,Vegas SSC $1.0\times 10^{14}$ Hz,206.2839357324804,5.344015147684081e-40,
0,line,7,Vegas SSC $1.0\times 10^{14}$ Hz,231.6220356756384,6.5375252838213804e-40,
0,line,7,Vegas SSC $1.0\times 10^{14}$ Hz,260.07244442001166,7.997267845854189e-40,
0,line,7,Vegas SSC $1.0\times 10^{14}$ Hz,292.0174505387701,9.779255338069543e-40,
0,line,7,Vegas SSC $1.0\times 10^{14}$ Hz,327.8862995629286,1.1932612120451794e-39,
0,line,7,Vegas SSC $1.0\times 10^{14}$ Hz,368.16096176004703,1.4586464312657752e-39,
0,line,7,Vegas SSC $1.0\times 10^{14}$ Hz,413.38260837601484,1.7770096947232676e-39,
0,line,7,Vegas SSC $1.0\times 10^{14}$ Hz,464.1588833612782,2.164993586972359e-39,
0,line,7,Vegas SSC $1.0\times 10^{14}$ Hz,521.1720682918044,2.6368080957193632e-39,
0,line,7,Vegas SSC $1.0\times 10^{14}$ Hz,585.1882501969513,3.2028923281582256e-39,
0,line,7,Vegas SSC $1.0\times 10^{14}$ Hz,657.0676154824831,3.896623149875313e-39,
0,line,7,Vegas SSC $1.0\times 10^{14}$ Hz,737.7760082683312,4.734028399567975e-39,
0,line,7,Vegas SSC $1.0\times 10^{14}$ Hz,828.3979084506619,5.748320461482046e-39,
0,line,7,Vegas SSC $1.0\times 10^{14}$ Hz,930.1510038746646,6.982024137130877e-39,
0,line,7,Vegas SSC $1.0\times 10^{14}$ Hz,1044.4025524245699,8.461543283732539e-39,
0,line,7,Vegas SSC $1.0\times 10^{14}$ Hz,1172.6877538885456,1.0255091139437954e-38,
0,line,7,Vegas SSC $1.0\times 10^{14}$ Hz,1316.7303784615017,1.2438541259443927e-38,
0,line,7,Vegas SSC $1.0\times 10^{14}$ Hz,1478.465929071304,1.506976948274519e-38,
0,line,7,Vegas SSC $1.0\times 10^{14}$ Hz,1660.0676487609296,1.8250594979721855e-38,
0,line,7,Vegas SSC $1.0\times 10^{14}$ Hz,1863.975722588148,2.2115581605799043e-38,
0,line,7,Vegas SSC $1.0\times 10^{14}$ Hz,2092.9300664290977,2.6795663794553924e-38,
0,line,7,Vegas SSC $1.0\times 10^{14}$ Hz,2350.0071432694094,3.240463198339515e-38,
0,line,7,Vegas SSC $1.0\times 10^{14}$ Hz,2638.6613016839365,3.91829135837733e-38,
0,line,7,Vegas SSC $1.0\times 10^{14}$ Hz,2962.77119197087,4.737167900492227e-38,
0,line,7,Vegas SSC $1.0\times 10^{14}$ Hz,3326.691883634535,5.726126096675784e-38,
0,line,7,Vegas SSC $1.0\times 10^{14}$ Hz,3735.3133845202788,6.919952165035798e-38,
0,line,7,Vegas SSC $1.0\times 10^{14}$ Hz,4194.126347923944,8.360523391485169e-38,
0,line,7,Vegas SSC $1.0\times 10^{14}$ Hz,4709.295850583362,1.0099161251393458e-37,
0,line,7,Vegas SSC $1.0\times 10^{14}$ Hz,5287.744232907843,1.2194993768668376e-37,
0,line,7,Vegas SSC $1.0\times 10^{14}$ Hz,5937.244114571097,1.4719677052673992e-37,
0,line,7,Vegas SSC $1.0\times 10^{14}$ Hz,6666.522835319501,1.7763458052765152e-37,
0,line,7,Vegas SSC $1.0\times 10^{14}$ Hz,7485.379724368442,2.143930878494081e-37,
0,line,7,Vegas SSC $1.0\times 10^{14}$ Hz,8404.817774137397,2.5876744644390903e-37,
0,line,7,Vegas SSC $1.0\times 10^{14}$ Hz,9437.191487625705,3.1241666515599684e-37,
0,line,7,Vegas SSC $1.0\times 10^{14}$ Hz,10596.372886056477,3.770073684559506e-37,
0,line,7,Vegas SSC $1.0\times 10^{14}$ Hz,11897.937907435859,4.547481699114161e-37,
0,line,7,Vegas SSC $1.0\times 10^{14}$ Hz,13359.375700667906,5.48663392916998e-37,
0,line,7,Vegas SSC $1.0\times 10^{14}$ Hz,15000.323627513291,6.624915473809473e-37,
0,line,7,Vegas SSC $1.0\times 10^{14}$ Hz,16842.831130116658,7.9981066735741e-37,
0,line,7,Vegas SSC $1.0\times 10^{14}$ Hz,18911.65600969468,9.651541291728994e-37,
0,line,7,Vegas SSC $1.0\times 10^{14}$ Hz,21234.59709748593,1.1626970114799637e-36,
0,line,7,Vegas SSC $1.0\times 10^{14}$ Hz,23842.867788067262,1.3977846527970253e-36,
0,line,7,Vegas SSC $1.0\times 10^{14}$ Hz,26771.51545420944,1.6768679548651953e-36,
0,line,7,Vegas SSC $1.0\times 10^{14}$ Hz,30059.89237895584,2.007031103537173e-36,
0,line,7,Vegas SSC $1.0\times 10^{14}$ Hz,33752.1845328457,2.3956145059648705e-36,
0,line,7,Vegas SSC $1.0\times 10^{14}$ Hz,37898.005301469406,2.8516328515515578e-36,
0,line,7,Vegas SSC $1.0\times 10^{14}$ Hz,42553.0621412821,3.382222204364755e-36,
0,line,7,Vegas SSC $1.0\times 10^{14}$ Hz,47779.90512153967,3.994758163232391e-36,
0,line,7,Vegas SSC $1.0\times 10^{14}$ Hz,53648.76741052671,4.701274905219846e-36,
0,line,7,Vegas SSC $1.0\times 10^{14}$ Hz,60238.50899970236,5.5120692767624286e-36,
0,line,7,Vegas SSC $1.0\times 10^{14}$ Hz,67637.67634660006,6.435878516026675e-36,
0,line,7,Vegas SSC $1.0\times 10^{14}$ Hz,75945.69217491779,7.465241985085231e-36,
0,line,7,Vegas SSC $1.0\times 10^{14}$ Hz,85274.19141916305,8.589041304908851e-36,
0,line,7,Vegas SSC $1.0\times 10^{14}$ Hz,95748.52126495788,9.807825729698008e-36,
0,line,7,Vegas SSC $1.0\times 10^{14}$ Hz,107509.42544107056,1.1124412565600024e-35,
0,line,7,Vegas SSC $1.0\times 10^{14}$ Hz,120714.9353950307,1.2559637370284783e-35,
0,line,7,Vegas SSC $1.0\times 10^{14}$ Hz,135542.4937640828,1.4123433266674117e-35,
0,line,7,Vegas SSC $1.0\times 10^{14}$ Hz,152191.33867459052,1.5851901196864742e-35,
0,line,7,Vegas SSC $1.0\times 10^{14}$ Hz,170885.1809077577,1.7747310694839632e-35,
0,line,7,Vegas SSC $1.0\times 10^{14}$ Hz,191875.20990478364,1.9835450036336795e-35,
0,line,7,Vegas SSC $1.0\times 10^{14}$ Hz,215443.46900318866,2.2122122242823002e-35,
0,line,7,Vegas SSC $1.0\times 10^{14}$ Hz,241906.64525741176,2.4636442324951566e-35,
0,line,7,Vegas SSC $1.0\times 10^{14}$ Hz,271620.32476755726,2.737151537673829e-35,
0,line,7,Vegas SSC $1.0\times 10^{14}$ Hz,304983.77069520706,3.0309917172439175e-35,
0,line,7,Vegas SSC $1.0\times 10^{14}$ Hz,342445.2881685698,3.342660294035423e-35,
0,line,7,Vegas SSC $1.0\times 10^{14}$ Hz,384508.2481652776,3.6712191691727836e-35,
0,line,7,Vegas SSC $1.0\times 10^{14}$ Hz,431737.8513158363,4.0287701356858176e-35,
0,line,7,Vegas SSC $1.0\times 10^{14}$ Hz,484768.7225130572,4.4132251209982994e-35,
0,line,7,Vegas SSC $1.0\times 10^{14}$ Hz,544313.4383763528,4.829239333325471e-35,
0,line,7,Vegas SSC $1.0\times 10^{14}$ Hz,611172.1021545639,5.286078099729858e-35,
0,line,7,Vegas SSC $1.0\times 10^{14}$ Hz,686243.0947254312,5.782283930986152e-35,
0,line,7,Vegas SSC $1.0\times 10^{14}$ Hz,770535.1461530557,6.323721225057755e-35,
0,line,7,Vegas SSC $1.0\times 10^{14}$ Hz,865180.8900090464,6.901953746656481e-35,
0,line,7,Vegas SSC $1.0\times 10^{14}$ Hz,971452.0825869758,7.502840419361156e-35,
0,line,7,Vegas SSC $1.0\times 10^{14}$ Hz,1090776.6915109565,8.154910466284796e-35,
0,line,7,Vegas SSC $1.0\times 10^{14}$ Hz,1224758.0833582329,8.84948137705848e-35,
0,line,7,Vegas SSC $1.0\times 10^{14}$ Hz,1375196.5681201622,9.585446558223889e-35,
0,line,7,Vegas SSC $1.0\times 10^{14}$ Hz,1544113.5899948329,1.0382725195803145e-34,
0,line,7,Vegas SSC $1.0\times 10^{14}$ Hz,1733778.8895633693,1.1242896863625737e-34,
0,line,7,Vegas SSC $1.0\times 10^{14}$ Hz,1946741.0023284936,1.2168600804932279e-34,
0,line,7,Vegas SSC $1.0\times 10^{14}$ Hz,2185861.5034246743,1.317060126848432e-34,
0,line,7,Vegas SSC $1.0\times 10^{14}$ Hz,2454353.458646543,1.4050397522604803e-34,
0,line,7,Vegas SSC $1.0\times 10^{14}$ Hz,2755824.5984626412,1.4884571683048715e-34,
0,line,7,Vegas SSC $1.0\times 10^{14}$ Hz,3094325.795144362,1.5768310785913739e-34,
0,line,7,Vegas SSC $1.0\times 10^{14}$ Hz,3474405.4943980086,1.6352916136083124e-34,
0,line,7,Vegas SSC $1.0\times 10^{14}$ Hz,3901170.8328986377,1.682923722732745e-34,
0,line,7,Vegas SSC $1.0\times 10^{14}$ Hz,4380356.262962907,1.7319448840435942e-34,
0,line,7,Vegas SSC $1.0\times 10^{14}$ Hz,4918400.606471699,1.7358407129178129e-34,
0,line,7,Vegas SSC $1.0\times 10^{14}$ Hz,5522533.573417251,1.7267662126565143e-34,
0,line,7,Vegas SSC $1.0\times 10^{14}$ Hz,6200872.907625809,1.7177396675237544e-34,
0,line,7,Vegas SSC $1.0\times 10^{14}$ Hz,6962533.465004367,1.6654694946824682e-34,
0,line,7,Vegas SSC $1.0\times 10^{14}$ Hz,7817749.689997524,1.6053016169233046e-34,
0,line,7,Vegas SSC $1.0\times 10^{14}$ Hz,8778013.135972489,1.5473075125475526e-34,
0,line,7,Vegas SSC $1.0\times 10^{14}$ Hz,9856226.87739571,1.446142223618722e-34,
0,line,7,Vegas SSC $1.0\times 10^{14}$ Hz,11066878.88863989,1.3435958664806912e-34,
0,line,7,Vegas SSC $1.0\times 10^{14}$ Hz,12426236.719115056,1.2483211011382999e-34,
0,line,7,Vegas SSC $1.0\times 10^{14}$ Hz,13952566.080576338,1.1173328421465564e-34,
0,line,7,Vegas SSC $1.0\times 10^{14}$ Hz,15666376.283769464,9.93907571176716e-35,
0,line,7,Vegas SSC $1.0\times 10^{14}$ Hz,17590695.822349843,8.841163779108044e-35,
0,line,7,Vegas SSC $1.0\times 10^{14}$ Hz,19751381.80710058,7.669893054897393e-35,
0,line,7,Vegas SSC $1.0\times 10^{14}$ Hz,22177467.40832167,6.629149309024691e-35,
0,line,7,Vegas SSC $1.0\times 10^{14}$ Hz,24901551.97497901,5.729626356162535e-35,
0,line,7,Vegas SSC $1.0\times 10^{14}$ Hz,27960239.072650153,4.887957901778909e-35,
0,line,7,Vegas SSC $1.0\times 10^{14}$ Hz,31394628.326189354,4.1625675425109106e-35,
0,line,7,Vegas SSC $1.0\times 10^{14}$ Hz,35250867.67600913,3.54482775060312e-35,
0,line,7,Vegas SSC $1.0\times 10^{14}$ Hz,39580773.46865453,2.9748169749818784e-35,
0,line,7,Vegas SSC $1.0\times 10^{14}$ Hz,44442526.71383636,2.491816385885146e-35,
0,line,7,Vegas SSC $1.0\times 10^{14}$ Hz,49901454.86353981,2.087237310095716e-35,
0,line,7,Vegas SSC $1.0\times 10^{14}$ Hz,56030909.61798617,1.7077283233328084e-35,
0,line,7,Vegas SSC $1.0\times 10^{14}$ Hz,62913252.55353957,1.3932243079441827e-35,
0,line,7,Vegas SSC $1.0\times 10^{14}$ Hz,70640961.8164559,1.136640981911553e-35,
0,line,7,Vegas SSC $1.0\times 10^{14}$ Hz,79317874.75313465,9.250071343087564e-36,
0,line,7,Vegas SSC $1.0\times 10^{14}$ Hz,89060583.17411506,7.525550849078493e-36,
0,line,7,Vegas SSC $1.0\times 10^{14}$ Hz,100000000.0,6.122538299653266e-36,
0,line,8,ASGARD sync $1.0\times 10^{17}$ Hz,1.0,4.225593659030245e-28,
0,line,8,ASGARD sync $1.0\times 10^{17}$ Hz,1.1228311834035287,5.939214384671109e-28,
0,line,8,ASGARD sync $1.0\times 10^{17}$ Hz,1.2607498664233685,8.297392993517341e-28,
0,line,8,ASGARD sync $1.0\times 10^{17}$ Hz,1.4156092644919918,1.1428391682237622e-27,
0,line,8,ASGARD sync $1.0\times 10^{17}$ Hz,1.5894902256865417,1.6008849796636139e-27,
0,line,8,ASGARD sync $1.0\times 10^{17}$ Hz,1.7847291911159615,2.1855967357849395e-27,
0,line,8,ASGARD sync $1.0\times 10^{17}$ Hz,2.0039495897155577,3.003074317879347e-27,
0,line,8,ASGARD sync $1.0\times 10^{17}$ Hz,2.2500970893013355,4.10028564718959e-27,
0,line,8,ASGARD sync $1.0\times 10^{17}$ Hz,2.5264791775530537,5.45338735817515e-27,
0,line,8,ASGARD sync $1.0\times 10^{17}$ Hz,2.8368096047762688,7.293348833306571e-27,
0,line,8,ASGARD sync $1.0\times 10^{17}$ Hz,3.1852582856214346,9.490280154491967e-27,
0,line,8,ASGARD sync $1.0\times 10^{17}$ Hz,3.57650733029021,1.2155150931944838e-26,
0,line,8,ASGARD sync $1.0\times 10^{17}$ Hz,4.015813958121153,1.545060243125524e-26,
0,line,8,ASGARD sync $1.0\times 10^{17}$ Hz,4.509081138925582,1.9033242577323878e-26,
0,line,8,ASGARD sync $1.0\times 10^{17}$ Hz,5.062936911282342,2.3282350772899894e-26,
0,line,8,ASGARD sync $1.0\times 10^{17}$ Hz,5.684823443592558,2.795984772210374e-26,
0,line,8,ASGARD sync $1.0\times 10^{17}$ Hz,6.383097034609155,3.279264386931818e-26,
0,line,8,ASGARD sync $1.0\times 10^{17}$ Hz,7.167140397149751,3.82457506666613e-26,
0,line,8,ASGARD sync $1.0\times 10^{17}$ Hz,8.04748873375089,4.386547257742541e-26,
0,line,8,ASGARD sync $1.0\times 10^{17}$ Hz,9.035971298344078,4.9494877280319015e-26,
0,line,8,ASGARD sync $1.0\times 10^{17}$ Hz,10.14587034612,5.549744685976505e-26,
0,line,8,ASGARD sync $1.0\times 10^{17}$ Hz,11.392099607392687,6.166444523338627e-26,
0,line,8,ASGARD sync $1.0\times 10^{17}$ Hz,12.791404683619605,6.798984482770578e-26,
0,line,8,ASGARD sync $1.0\times 10^{17}$ Hz,14.362588058302041,7.513955387291749e-26,
0,line,8,ASGARD sync $1.0\times 10^{17}$ Hz,16.12676174624068,8.216608133658242e-26,
0,line,8,ASGARD sync $1.0\times 10^{17}$ Hz,18.107630975998173,9.012763590157813e-26,
0,line,8,ASGARD sync $1.0\times 10^{17}$ Hz,20.331812717414422,9.793487228356608e-26,
0,line,8,ASGARD sync $1.0\times 10^{17}$ Hz,22.82919333423335,1.0603474410528663e-25,
0,line,8,ASGARD sync $1.0\times 10^{17}$ Hz,25.63333016762518,1.143588958407691e-25,
0,line,8,ASGARD sync $1.0\times 10^{17}$ Hz,28.78190244668795,1.232259596387377e-25,
0,line,8,ASGARD sync $1.0\times 10^{17}$ Hz,32.31721758481955,1.3266580256852006e-25,
0,line,8,ASGARD sync $1.0\times 10^{17}$ Hz,36.28677966507226,1.4222197250491342e-25,
0,line,8,ASGARD sync $1.0\times 10^{17}$ Hz,40.743927753236186,1.5260023611667165e-25,
0,line,8,ASGARD sync $1.0\times 10^{17}$ Hz,45.74855261567406,1.6312745122721986e-25,
0,line,8,ASGARD sync $1.0\times 10^{17}$ Hz,51.3679014724559,1.7387128476305167e-25,
0,line,8,ASGARD sync $1.0\times 10^{17}$ Hz,57.67748159927351,1.8446324993693607e-25,
0,line,8,ASGARD sync $1.0\times 10^{17}$ Hz,64.76207491984752,1.950280555650044e-25,
0,line,8,ASGARD sync $1.0\times 10^{17}$ Hz,72.71687722192038,2.0487394041364931e-25,
0,line,8,ASGARD sync $1.0\times 10^{17}$ Hz,81.64877730449795,2.143602997541281e-25,
0,line,8,ASGARD sync $1.0\times 10^{17}$ Hz,91.67779324426061,2.232426301544347e-25,
0,line,8,ASGARD sync $1.0\times 10^{17}$ Hz,102.93868508027717,2.3140376747482737e-25,
0,line,8,ASGARD sync $1.0\times 10^{17}$ Hz,115.58276558669077,2.3871980054939975e-25,
0,line,8,ASGARD sync $1.0\times 10^{17}$ Hz,129.77993346475662,2.449980872500272e-25,
0,line,8,ASGARD sync $1.0\times 10^{17}$ Hz,145.7209562742639,2.5004162073515525e-25,
0,line,8,ASGARD sync $1.0\times 10^{17}$ Hz,163.6200337801256,2.5374778281530996e-25,
0,line,8,ASGARD sync $1.0\times 10^{17}$ Hz,183.71767615786374,2.562815782134005e-25,
0,line,8,ASGARD sync $1.0\times 10^{17}$ Hz,206.2839357324804,2.5715426850553066e-25,
0,line,8,ASGARD sync $1.0\times 10^{17}$ Hz,231.6220356756384,2.5630446755804835e-25,
0,line,8,ASGARD sync $1.0\times 10^{17}$ Hz,260.07244442001166,2.5221703428551817e-25,
0,line,8,ASGARD sync $1.0\times 10^{17}$ Hz,292.0174505387701,2.463776448142916e-25,
0,line,8,ASGARD sync $1.0\times 10^{17}$ Hz,327.8862995629286,2.395006361106974e-25,
0,line,8,ASGARD sync $1.0\times 10^{17}$ Hz,368.16096176004703,2.316102202904294e-25,
0,line,8,ASGARD sync $1.0\times 10^{17}$ Hz,413.38260837601484,2.2290688693769895e-25,
0,line,8,ASGARD sync $1.0\times 10^{17}$ Hz,464.1588833612782,2.134719292840092e-25,
0,line,8,ASGARD sync $1.0\times 10^{17}$ Hz,521.1720682918044,2.035034523855122e-25,
0,line,8,ASGARD sync $1.0\times 10^{17}$ Hz,585.1882501969513,1.9305516216933812e-25,
0,line,8,ASGARD sync $1.0\times 10^{17}$ Hz,657.0676154824831,1.824125758047531e-25,
0,line,8,ASGARD sync $1.0\times 10^{17}$ Hz,737.7760082683312,1.7153847697190207e-25,
0,line,8,ASGARD sync $1.0\times 10^{17}$ Hz,828.3979084506619,1.6065164625340826e-25,
0,line,8,ASGARD sync $1.0\times 10^{17}$ Hz,930.1510038746646,1.4988868469324234e-25,
0,line,8,ASGARD sync $1.0\times 10^{17}$ Hz,1044.4025524245699,1.3925923786716074e-25,
0,line,8,ASGARD sync $1.0\times 10^{17}$ Hz,1172.6877538885456,1.2892931187658368e-25,
0,line,8,ASGARD sync $1.0\times 10^{17}$ Hz,1316.7303784615017,1.1892053635295419e-25,
0,line,8,ASGARD sync $1.0\times 10^{17}$ Hz,1478.465929071304,1.0936893819735633e-25,
0,line,8,ASGARD sync $1.0\times 10^{17}$ Hz,1660.0676487609296,1.0021196319437011e-25,
0,line,8,ASGARD sync $1.0\times 10^{17}$ Hz,1863.975722588148,9.155371400959722e-26,
0,line,8,ASGARD sync $1.0\times 10^{17}$ Hz,2092.9300664290977,8.344672935234167e-26,
0,line,8,ASGARD sync $1.0\times 10^{17}$ Hz,2350.0071432694094,7.584471789677974e-26,
0,line,8,ASGARD sync $1.0\times 10^{17}$ Hz,2638.6613016839365,6.878302271254874e-26,
0,line,8,ASGARD sync $1.0\times 10^{17}$ Hz,2962.77119197087,6.225470849726818e-26,
0,line,8,ASGARD sync $1.0\times 10^{17}$ Hz,3326.691883634535,5.624080502172385e-26,
0,line,8,ASGARD sync $1.0\times 10^{17}$ Hz,3735.3133845202788,5.074318863351213e-26,
0,line,8,ASGARD sync $1.0\times 10^{17}$ Hz,4194.126347923944,4.5732527026573035e-26,
0,line,8,ASGARD sync $1.0\times 10^{17}$ Hz,4709.295850583362,4.118162944446442e-26,
0,line,8,ASGARD sync $1.0\times 10^{17}$ Hz,5287.744232907843,3.709519172634969e-26,
0,line,8,ASGARD sync $1.0\times 10^{17}$ Hz,5937.244114571097,3.3431926536960314e-26,
0,line,8,ASGARD sync $1.0\times 10^{17}$ Hz,6666.522835319501,3.011724924539404e-26,
0,line,8,ASGARD sync $1.0\times 10^{17}$ Hz,7485.379724368442,2.711458601262533e-26,
0,line,8,ASGARD sync $1.0\times 10^{17}$ Hz,8404.817774137397,2.439165331740587e-26,
0,line,8,ASGARD sync $1.0\times 10^{17}$ Hz,9437.191487625705,2.192693782380468e-26,
0,line,8,ASGARD sync $1.0\times 10^{17}$ Hz,10596.372886056477,1.9692491814372886e-26,
0,line,8,ASGARD sync $1.0\times 10^{17}$ Hz,11897.937907435859,1.766391799687681e-26,
0,line,8,ASGARD sync $1.0\times 10^{17}$ Hz,13359.375700667906,1.582090769530356e-26,
0,line,8,ASGARD sync $1.0\times 10^{17}$ Hz,15000.323627513291,1.413815007665743e-26,
0,line,8,ASGARD sync $1.0\times 10^{17}$ Hz,16842.831130116658,1.2597195646669811e-26,
0,line,8,ASGARD sync $1.0\times 10^{17}$ Hz,18911.65600969468,1.1175744536036556e-26,
0,line,8,ASGARD sync $1.0\times 10^{17}$ Hz,21234.59709748593,9.85499727644512e-27,
0,line,8,ASGARD sync $1.0\times 10^{17}$ Hz,23842.867788067262,8.620795631074579e-27,
0,line,8,ASGARD sync $1.0\times 10^{17}$ Hz,26771.51545420944,7.462947602211378e-27,
0,line,8,ASGARD sync $1.0\times 10^{17}$ Hz,30059.89237895584,6.384718586340459e-27,
0,line,8,ASGARD sync $1.0\times 10^{17}$ Hz,33752.1845328457,5.391800070023197e-27,
0,line,8,ASGARD sync $1.0\times 10^{17}$ Hz,37898.005301469406,4.493900837270164e-27,
0,line,8,ASGARD sync $1.0\times 10^{17}$ Hz,42553.0621412821,3.700374335721216e-27,
0,line,8,ASGARD sync $1.0\times 10^{17}$ Hz,47779.90512153967,3.0137494153722342e-27,
0,line,8,ASGARD sync $1.0\times 10^{17}$ Hz,53648.76741052671,2.4332102086773753e-27,
0,line,8,ASGARD sync $1.0\times 10^{17}$ Hz,60238.50899970236,1.951521267676919e-27,
0,line,8,ASGARD sync $1.0\times 10^{17}$ Hz,67637.67634660006,1.5578279083556126e-27,
0,line,8,ASGARD sync $1.0\times 10^{17}$ Hz,75945.69217491779,1.2403289739521545e-27,
0,line,8,ASGARD sync $1.0\times 10^{17}$ Hz,85274.19141916305,9.859304300612625e-28,
0,line,8,ASGARD sync $1.0\times 10^{17}$ Hz,95748.52126495788,7.836106131416541e-28,
0,line,8,ASGARD sync $1.0\times 10^{17}$ Hz,107509.42544107056,6.234772616472347e-28,
0,line,8,ASGARD sync $1.0\times 10^{17}$ Hz,120714.9353950307,4.968987316373252e-28,
0,line,8,ASGARD sync $1.0\times 10^{17}$ Hz,135542.4937640828,3.985107214233836e-28,
0,line,8,ASGARD sync $1.0\times 10^{17}$ Hz,152191.33867459052,3.1999119486053994e-28,
0,line,8,ASGARD sync $1.0\times 10^{17}$ Hz,170885.1809077577,2.572106217522275e-28,
0,line,8,ASGARD sync $1.0\times 10^{17}$ Hz,191875.20990478364,2.0708004921554606e-28,
0,line,8,ASGARD sync $1.0\times 10^{17}$ Hz,215443.46900318866,1.6670067941057632e-28,
0,line,8,ASGARD sync $1.0\times 10^{17}$ Hz,241906.64525741176,1.3429036804610248e-28,
0,line,8,ASGARD sync $1.0\times 10^{17}$ Hz,271620.32476755726,1.0823086648021643e-28,
0,line,8,ASGARD sync $1.0\times 10^{17}$ Hz,304983.77069520706,8.72229270938891e-29,
0,line,8,ASGARD sync $1.0\times 10^{17}$ Hz,342445.2881685698,7.039552292588877e-29,
0,line,8,ASGARD sync $1.0\times 10^{17}$ Hz,384508.2481652776,5.67253521557001e-29,
0,line,8,ASGARD sync $1.0\times 10^{17}$ Hz,431737.8513158363,4.570404973413131e-29,
0,line,8,ASGARD sync $1.0\times 10^{17}$ Hz,484768.7225130572,3.689343641376359e-29,
0,line,8,ASGARD sync $1.0\times 10^{17}$ Hz,544313.4383763528,2.974275575188398e-29,
0,line,8,ASGARD sync $1.0\times 10^{17}$ Hz,611172.1021545639,2.3994858057710948e-29,
0,line,8,ASGARD sync $1.0\times 10^{17}$ Hz,686243.0947254312,1.9353517293203437e-29,
0,line,8,ASGARD sync $1.0\times 10^{17}$ Hz,770535.1461530557,1.5630542703730856e-29,
0,line,8,ASGARD sync $1.0\times 10^{17}$ Hz,865180.8900090464,1.2639542684469833e-29,
0,line,8,ASGARD sync $1.0\times 10^{17}$ Hz,971452.0825869758,1.0198843339306564e-29,
0,line,8,ASGARD sync $1.0\times 10^{17}$ Hz,1090776.6915109565,8.276854655094546e-30,
0,line,8,ASGARD sync $1.0\times 10^{17}$ Hz,1224758.0833582329,6.706076330661217e-30,
0,line,8,ASGARD sync $1.0\times 10^{17}$ Hz,1375196.5681201622,5.429429244096166e-30,
0,line,8,ASGARD sync $1.0\times 10^{17}$ Hz,1544113.5899948329,4.435892567677484e-30,
0,line,8,ASGARD sync $1.0\times 10^{17}$ Hz,1733778.8895633693,3.6021122420428726e-30,
0,line,8,ASGARD sync $1.0\times 10^{17}$ Hz,1946741.0023284936,2.939279827648044e-30,
0,line,8,ASGARD sync $1.0\times 10^{17}$ Hz,2185861.5034246743,2.4153124131589633e-30,
0,line,8,ASGARD sync $1.0\times 10^{17}$ Hz,2454353.458646543,1.9690063933176106e-30,
0,line,8,ASGARD sync $1.0\times 10^{17}$ Hz,2755824.5984626412,1.625549361331812e-30,
0,line,8,ASGARD sync $1.0\times 10^{17}$ Hz,3094325.795144362,1.3403828000980029e-30,
0,line,8,ASGARD sync $1.0\times 10^{17}$ Hz,3474405.4943980086,1.100345479053939e-30,
0,line,8,ASGARD sync $1.0\times 10^{17}$ Hz,3901170.8328986377,9.180920186921489e-31,
0,line,8,ASGARD sync $1.0\times 10^{17}$ Hz,4380356.262962907,7.605085753141214e-31,
0,line,8,ASGARD sync $1.0\times 10^{17}$ Hz,4918400.606471699,6.319954583871247e-31,
0,line,8,ASGARD sync $1.0\times 10^{17}$ Hz,5522533.573417251,5.285201110889794e-31,
0,line,8,ASGARD sync $1.0\times 10^{17}$ Hz,6200872.907625809,4.374799463332109e-31,
0,line,8,ASGARD sync $1.0\times 10^{17}$ Hz,6962533.465004367,3.6703473372924323e-31,
0,line,8,ASGARD sync $1.0\times 10^{17}$ Hz,7817749.689997524,3.0644477269262207e-31,
0,line,8,ASGARD sync $1.0\times 10^{17}$ Hz,8778013.135972489,2.544932061223382e-31,
0,line,8,ASGARD sync $1.0\times 10^{17}$ Hz,9856226.87739571,2.144571989710909e-31,
0,line,8,ASGARD sync $1.0\times 10^{17}$ Hz,11066878.88863989,1.7870715603144741e-31,
0,line,8,ASGARD sync $1.0\times 10^{17}$ Hz,12426236.719115056,1.4990232036111587e-31,
0,line,8,ASGARD sync $1.0\times 10^{17}$ Hz,13952566.080576338,1.26066872098129e-31,
0,line,8,ASGARD sync $1.0\times 10^{17}$ Hz,15666376.283769464,1.0490197851002818e-31,
0,line,8,ASGARD sync $1.0\times 10^{17}$ Hz,17590695.822349843,8.892752060715902e-32,
0,line,8,ASGARD sync $1.0\times 10^{17}$ Hz,19751381.80710058,7.468662299204801e-32,
0,line,8,ASGARD sync $1.0\times 10^{17}$ Hz,22177467.40832167,6.274801397923043e-32,
0,line,8,ASGARD sync $1.0\times 10^{17}$ Hz,24901551.97497901,5.325987398222373e-32,
0,line,8,ASGARD sync $1.0\times 10^{17}$ Hz,27960239.072650153,4.471701053186924e-32,
0,line,8,ASGARD sync $1.0\times 10^{17}$ Hz,31394628.326189354,3.8050643708884053e-32,
0,line,8,ASGARD sync $1.0\times 10^{17}$ Hz,35250867.67600913,3.2288747424274174e-32,
0,line,8,ASGARD sync $1.0\times 10^{17}$ Hz,39580773.46865453,2.723990169303822e-32,
0,line,8,ASGARD sync $1.0\times 10^{17}$ Hz,44442526.71383636,2.338160669047389e-32,
0,line,8,ASGARD sync $1.0\times 10^{17}$ Hz,49901454.86353981,1.9849083200595096e-32,
0,line,8,ASGARD sync $1.0\times 10^{17}$ Hz,56030909.61798617,1.697529877820962e-32,
0,line,8,ASGARD sync $1.0\times 10^{17}$ Hz,62913252.55353957,1.4566102364995546e-32,
0,line,8,ASGARD sync $1.0\times 10^{17}$ Hz,70640961.8164559,1.2372282111958113e-32,
0,line,8,ASGARD sync $1.0\times 10^{17}$ Hz,79317874.75313465,1.0713352654523327e-32,
0,line,8,ASGARD sync $1.0\times 10^{17}$ Hz,89060583.17411506,9.188336040749477e-33,
0,line,8,ASGARD sync $1.0\times 10^{17}$ Hz,100000000.0,7.889286012879302e-33,
0,line,9,ASGARD SSC $1.0\times 10^{17}$ Hz,1.0,1.8984347187976987e-43,
0,line,9,ASGARD SSC $1.0\times 10^{17}$ Hz,1.1228311834035287,3.0134746872302054e-43,
0,line,9,ASGARD SSC $1.0\times 10^{17}$ Hz,1.2607498664233685,4.76112670376442e-43,
0,line,9,ASGARD SSC $1.0\times 10^{17}$ Hz,1.4156092644919918,7.30146379999428e-43,
0,line,9,ASGARD SSC $1.0\times 10^{17}$ Hz,1.5894902256865417,1.1644245562427485e-42,
0,line,9,ASGARD SSC $1.0\times 10^{17}$ Hz,1.7847291911159615,1.7735582873236432e-42,
0,line,9,ASGARD SSC $1.0\times 10^{17}$ Hz,2.0039495897155577,2.7403544245933675e-42,
0,line,9,ASGARD SSC $1.0\times 10^{17}$ Hz,2.2500970893013355,4.2412057553084236e-42,
0,line,9,ASGARD SSC $1.0\times 10^{17}$ Hz,2.5264791775530537,6.261566522755398e-42,
0,line,9,ASGARD SSC $1.0\times 10^{17}$ Hz,2.8368096047762688,9.470258462961522e-42,
0,line,9,ASGARD SSC $1.0\times 10^{17}$ Hz,3.1852582856214346,1.3761986557762967e-41,
0,line,9,ASGARD SSC $1.0\times 10^{17}$ Hz,3.57650733029021,1.957069781638311e-41,
0,line,9,ASGARD SSC $1.0\times 10^{17}$ Hz,4.015813958121153,2.79861299848189e-41,
0,line,9,ASGARD SSC $1.0\times 10^{17}$ Hz,4.509081138925582,3.8057196772697654e-41,
0,line,9,ASGARD SSC $1.0\times 10^{17}$ Hz,5.062936911282342,5.187155566697945e-41,
0,line,9,ASGARD SSC $1.0\times 10^{17}$ Hz,5.684823443592558,6.95711144241581e-41,
0,line,9,ASGARD SSC $1.0\times 10^{17}$ Hz,6.383097034609155,8.995249490277426e-41,
0,line,9,ASGARD SSC $1.0\times 10^{17}$ Hz,7.167140397149751,1.1784977689835182e-40,
0,line,9,ASGARD SSC $1.0\times 10^{17}$ Hz,8.04748873375089,1.5088389697795778e-40,
0,line,9,ASGARD SSC $1.0\times 10^{17}$ Hz,9.035971298344078,1.8868604103832872e-40,
0,line,9,ASGARD SSC $1.0\times 10^{17}$ Hz,10.14587034612,2.4113262376074387e-40,
0,line,9,ASGARD SSC $1.0\times 10^{17}$ Hz,11.392099607392687,3.1245740088721665e-40,
0,line,9,ASGARD SSC $1.0\times 10^{17}$ Hz,12.791404683619605,4.016397430705001e-40,
0,line,9,ASGARD SSC $1.0\times 10^{17}$ Hz,14.362588058302041,5.226904743006885e-40,
0,line,9,ASGARD SSC $1.0\times 10^{17}$ Hz,16.12676174624068,6.708011078731944e-40,
0,line,9,ASGARD SSC $1.0\times 10^{17}$ Hz,18.107630975998173,8.575598870046745e-40,
0,line,9,ASGARD SSC $1.0\times 10^{17}$ Hz,20.331812717414422,1.0936715424401576e-39,
0,line,9,ASGARD SSC $1.0\times 10^{17}$ Hz,22.82919333423335,1.3858854394067959e-39,
0,line,9,ASGARD SSC $1.0\times 10^{17}$ Hz,25.63333016762518,1.740141054723777e-39,
0,line,9,ASGARD SSC $1.0\times 10^{17}$ Hz,28.78190244668795,2.2246972472948515e-39,
0,line,9,ASGARD SSC $1.0\times 10^{17}$ Hz,32.31721758481955,2.8127772647711343e-39,
0,line,9,ASGARD SSC $1.0\times 10^{17}$ Hz,36.28677966507226,3.55078922275016e-39,
0,line,9,ASGARD SSC $1.0\times 10^{17}$ Hz,40.743927753236186,4.480775340344486e-39,
0,line,9,ASGARD SSC $1.0\times 10^{17}$ Hz,45.74855261567406,5.623265479746653e-39,
0,line,9,ASGARD SSC $1.0\times 10^{17}$ Hz,51.3679014724559,6.983364355098479e-39,
0,line,9,ASGARD SSC $1.0\times 10^{17}$ Hz,57.67748159927351,8.617462729382802e-39,
0,line,9,ASGARD SSC $1.0\times 10^{17}$ Hz,64.76207491984752,1.0585820321562151e-38,
0,line,9,ASGARD SSC $1.0\times 10^{17}$ Hz,72.71687722192038,1.2887629105250406e-38,
0,line,9,ASGARD SSC $1.0\times 10^{17}$ Hz,81.64877730449795,1.5587912526760004e-38,
0,line,9,ASGARD SSC $1.0\times 10^{17}$ Hz,91.67779324426061,1.8770650633036037e-38,
0,line,9,ASGARD SSC $1.0\times 10^{17}$ Hz,102.93868508027717,2.254834348242479e-38,
0,line,9,ASGARD SSC $1.0\times 10^{17}$ Hz,115.58276558669077,2.693381011844496e-38,
0,line,9,ASGARD SSC $1.0\times 10^{17}$ Hz,129.77993346475662,3.20494553230479e-38,
0,line,9,ASGARD SSC $1.0\times 10^{17}$ Hz,145.7209562742639,3.799126654861229e-38,
0,line,9,ASGARD SSC $1.0\times 10^{17}$ Hz,163.6200337801256,4.479321983099943e-38,
0,line,9,ASGARD SSC $1.0\times 10^{17}$ Hz,183.71767615786374,5.268205428071297e-38,
0,line,9,ASGARD SSC $1.0\times 10^{17}$ Hz,206.2839357324804,6.172116550364089e-38,
0,line,9,ASGARD SSC $1.0\times 10^{17}$ Hz,231.6220356756384,7.20656914137521e-38,
0,line,9,ASGARD SSC $1.0\times 10^{17}$ Hz,260.07244442001166,8.463224804758312e-38,
0,line,9,ASGARD SSC $1.0\times 10^{17}$ Hz,292.0174505387701,9.997438331095935e-38,
0,line,9,ASGARD SSC $1.0\times 10^{17}$ Hz,327.8862995629286,1.1923978523539972e-37,
0,line,9,ASGARD SSC $1.0\times 10^{17}$ Hz,368.16096176004703,1.4300906698254885e-37,
0,line,9,ASGARD SSC $1.0\times 10^{17}$ Hz,413.38260837601484,1.7249751325806747e-37,
0,line,9,ASGARD SSC $1.0\times 10^{17}$ Hz,464.1588833612782,2.093020593393799e-37,
0,line,9,ASGARD SSC $1.0\times 10^{17}$ Hz,521.1720682918044,2.5546044099767533e-37,
0,line,9,ASGARD SSC $1.0\times 10^{17}$ Hz,585.1882501969513,3.129897321777338e-37,
0,line,9,ASGARD SSC $1.0\times 10^{17}$ Hz,657.0676154824831,3.851752277681088e-37,
0,line,9,ASGARD SSC $1.0\times 10^{17}$ Hz,737.7760082683312,4.731847379176913e-37,
0,line,9,ASGARD SSC $1.0\times 10^{17}$ Hz,828.3979084506619,5.8070176959574924e-37,
0,line,9,ASGARD SSC $1.0\times 10^{17}$ Hz,930.1510038746646,7.1040010673778246e-37,
0,line,9,ASGARD SSC $1.0\times 10^{17}$ Hz,1044.4025524245699,8.649833678348787e-37,
0,line,9,ASGARD SSC $1.0\times 10^{17}$ Hz,1172.6877538885456,1.0456098570664069e-36,
0,line,9,ASGARD SSC $1.0\times 10^{17}$ Hz,1316.7303784615017,1.2545210824395085e-36,
0,line,9,ASGARD SSC $1.0\times 10^{17}$ Hz,1478.465929071304,1.4912111628942704e-36,
0,line,9,ASGARD SSC $1.0\times 10^{17}$ Hz,1660.0676487609296,1.757884350288451e-36,
0,line,9,ASGARD SSC $1.0\times 10^{17}$ Hz,1863.975722588148,2.0546524929829597e-36,
0,line,9,ASGARD SSC $1.0\times 10^{17}$ Hz,2092.9300664290977,2.3858827976709612e-36,
0,line,9,ASGARD SSC $1.0\times 10^{17}$ Hz,2350.0071432694094,2.7518720631405208e-36,
0,line,9,ASGARD SSC $1.0\times 10^{17}$ Hz,2638.6613016839365,3.154651069010414e-36,
0,line,9,ASGARD SSC $1.0\times 10^{17}$ Hz,2962.77119197087,3.595448888636848e-36,
0,line,9,ASGARD SSC $1.0\times 10^{17}$ Hz,3326.691883634535,4.074401535753463e-36,
0,line,9,ASGARD SSC $1.0\times 10^{17}$ Hz,3735.3133845202788,4.593197987711607e-36,
0,line,9,ASGARD SSC $1.0\times 10^{17}$ Hz,4194.126347923944,5.15098117572455e-36,
0,line,9,ASGARD SSC $1.0\times 10^{17}$ Hz,4709.295850583362,5.7463306841248096e-36,
0,line,9,ASGARD SSC $1.0\times 10^{17}$ Hz,5287.744232907843,6.375248742261048e-36,
0,line,9,ASGARD SSC $1.0\times 10^{17}$ Hz,5937.244114571097,7.029649511465156e-36,
0,line,9,ASGARD SSC $1.0\times 10^{17}$ Hz,6666.522835319501,7.769486821459436e-36,
0,line,9,ASGARD SSC $1.0\times 10^{17}$ Hz,7485.379724368442,8.619892359692493e-36,
0,line,9,ASGARD SSC $1.0\times 10^{17}$ Hz,8404.817774137397,9.608658626183609e-36,
0,line,9,ASGARD SSC $1.0\times 10^{17}$ Hz,9437.191487625705,1.0780734916525233e-35,
0,line,9,ASGARD SSC $1.0\times 10^{17}$ Hz,10596.372886056477,1.2170895678971037e-35,
0,line,9,ASGARD SSC $1.0\times 10^{17}$ Hz,11897.937907435859,1.384227238590507e-35,
0,line,9,ASGARD SSC $1.0\times 10^{17}$ Hz,13359.375700667906,1.5856072029050471e-35,
0,line,9,ASGARD SSC $1.0\times 10^{17}$ Hz,15000.323627513291,1.8257161651698887e-35,
0,line,9,ASGARD SSC $1.0\times 10^{17}$ Hz,16842.831130116658,2.1123354405580178e-35,
0,line,9,ASGARD SSC $1.0\times 10^{17}$ Hz,18911.65600969468,2.449593926415608e-35,
0,line,9,ASGARD SSC $1.0\times 10^{17}$ Hz,21234.59709748593,2.842854936199915e-35,
0,line,9,ASGARD SSC $1.0\times 10^{17}$ Hz,23842.867788067262,3.295636750549217e-35,
0,line,9,ASGARD SSC $1.0\times 10^{17}$ Hz,26771.51545420944,3.805993226162438e-35,
0,line,9,ASGARD SSC $1.0\times 10^{17}$ Hz,30059.89237895584,4.370729176538464e-35,
0,line,9,ASGARD SSC $1.0\times 10^{17}$ Hz,33752.1845328457,4.984365277364288e-35,
0,line,9,ASGARD SSC $1.0\times 10^{17}$ Hz,37898.005301469406,5.642101774351414e-35,
0,line,9,ASGARD SSC $1.0\times 10^{17}$ Hz,42553.0621412821,6.343047384518257e-35,
0,line,9,ASGARD SSC $1.0\times 10^{17}$ Hz,47779.90512153967,7.070955347058113e-35,
0,line,9,ASGARD SSC $1.0\times 10^{17}$ Hz,53648.76741052671,7.806194951620725e-35,
0,line,9,ASGARD SSC $1.0\times 10^{17}$ Hz,60238.50899970236,8.519715480921823e-35,
0,line,9,ASGARD SSC $1.0\times 10^{17}$ Hz,67637.67634660006,9.18214234071775e-35,
0,line,9,ASGARD SSC $1.0\times 10^{17}$ Hz,75945.69217491779,9.779638627037723e-35,
0,line,9,ASGARD SSC $1.0\times 10^{17}$ Hz,85274.19141916305,1.0310047582307158e-34,
0,line,9,ASGARD SSC $1.0\times 10^{17}$ Hz,95748.52126495788,1.0782534931131482e-34,
0,line,9,ASGARD SSC $1.0\times 10^{17}$ Hz,107509.42544107056,1.1211427710096902e-34,
0,line,9,ASGARD SSC $1.0\times 10^{17}$ Hz,120714.9353950307,1.1610977222991752e-34,
0,line,9,ASGARD SSC $1.0\times 10^{17}$ Hz,135542.4937640828,1.2056514254058285e-34,
0,line,9,ASGARD SSC $1.0\times 10^{17}$ Hz,152191.33867459052,1.2602200463872657e-34,
0,line,9,ASGARD SSC $1.0\times 10^{17}$ Hz,170885.1809077577,1.334603114966741e-34,
0,line,9,ASGARD SSC $1.0\times 10^{17}$ Hz,191875.20990478364,1.439534075907327e-34,
0,line,9,ASGARD SSC $1.0\times 10^{17}$ Hz,215443.46900318866,1.5733415519621715e-34,
0,line,9,ASGARD SSC $1.0\times 10^{17}$ Hz,241906.64525741176,1.7355913955245729e-34,
0,line,9,ASGARD SSC $1.0\times 10^{17}$ Hz,271620.32476755726,1.9194118950029491e-34,
0,line,9,ASGARD SSC $1.0\times 10^{17}$ Hz,304983.77069520706,2.1165566126229664e-34,
0,line,9,ASGARD SSC $1.0\times 10^{17}$ Hz,342445.2881685698,2.3235069204505237e-34,
0,line,9,ASGARD SSC $1.0\times 10^{17}$ Hz,384508.2481652776,2.5251136346877617e-34,
0,line,9,ASGARD SSC $1.0\times 10^{17}$ Hz,431737.8513158363,2.71090197924939e-34,
0,line,9,ASGARD SSC $1.0\times 10^{17}$ Hz,484768.7225130572,2.8638598781148045e-34,
0,line,9,ASGARD SSC $1.0\times 10^{17}$ Hz,544313.4383763528,2.9705461443359438e-34,
0,line,9,ASGARD SSC $1.0\times 10^{17}$ Hz,611172.1021545639,3.0359637747219973e-34,
0,line,9,ASGARD SSC $1.0\times 10^{17}$ Hz,686243.0947254312,3.065631901282538e-34,
0,line,9,ASGARD SSC $1.0\times 10^{17}$ Hz,770535.1461530557,3.067870040254498e-34,
0,line,9,ASGARD SSC $1.0\times 10^{17}$ Hz,865180.8900090464,3.044215315250281e-34,
0,line,9,ASGARD SSC $1.0\times 10^{17}$ Hz,971452.0825869758,2.9938454846585435e-34,
0,line,9,ASGARD SSC $1.0\times 10^{17}$ Hz,1090776.6915109565,2.9231382599245808e-34,
0,line,9,ASGARD SSC $1.0\times 10^{17}$ Hz,1224758.0833582329,2.8338653148600083e-34,
0,line,9,ASGARD SSC $1.0\times 10^{17}$ Hz,1375196.5681201622,2.731361129811414e-34,
0,line,9,ASGARD SSC $1.0\times 10^{17}$ Hz,1544113.5899948329,2.6477220847941666e-34,
0,line,9,ASGARD SSC $1.0\times 10^{17}$ Hz,1733778.8895633693,2.5617876621834936e-34,
0,line,9,ASGARD SSC $1.0\times 10^{17}$ Hz,1946741.0023284936,2.4841845995273733e-34,
0,line,9,ASGARD SSC $1.0\times 10^{17}$ Hz,2185861.5034246743,2.401674509496971e-34,
0,line,9,ASGARD SSC $1.0\times 10^{17}$ Hz,2454353.458646543,2.3038575248476466e-34,
0,line,9,ASGARD SSC $1.0\times 10^{17}$ Hz,2755824.5984626412,2.199104505130381e-34,
0,line,9,ASGARD SSC $1.0\times 10^{17}$ Hz,3094325.795144362,2.0817200143137927e-34,
0,line,9,ASGARD SSC $1.0\times 10^{17}$ Hz,3474405.4943980086,1.9529308495831303e-34,
0,line,9,ASGARD SSC $1.0\times 10^{17}$ Hz,3901170.8328986377,1.7972655392630283e-34,
0,line,9,ASGARD SSC $1.0\times 10^{17}$ Hz,4380356.262962907,1.6201854068178267e-34,
0,line,9,ASGARD SSC $1.0\times 10^{17}$ Hz,4918400.606471699,1.4372528584730197e-34,
0,line,9,ASGARD SSC $1.0\times 10^{17}$ Hz,5522533.573417251,1.2645873554503537e-34,
0,line,9,ASGARD SSC $1.0\times 10^{17}$ Hz,6200872.907625809,1.0980133413566355e-34,
0,line,9,ASGARD SSC $1.0\times 10^{17}$ Hz,6962533.465004367,9.53016531003796e-35,
0,line,9,ASGARD SSC $1.0\times 10^{17}$ Hz,7817749.689997524,8.210165591263923e-35,
0,line,9,ASGARD SSC $1.0\times 10^{17}$ Hz,8778013.135972489,7.010398923195632e-35,
0,line,9,ASGARD SSC $1.0\times 10^{17}$ Hz,9856226.87739571,6.038136652523839e-35,
0,line,9,ASGARD SSC $1.0\times 10^{17}$ Hz,11066878.88863989,5.146386477525631e-35,
0,line,9,ASGARD SSC $1.0\times 10^{17}$ Hz,12426236.719115056,4.4006464517345946e-35,
0,line,9,ASGARD SSC $1.0\times 10^{17}$ Hz,13952566.080576338,3.762576010800522e-35,
0,line,9,ASGARD SSC $1.0\times 10^{17}$ Hz,15666376.283769464,3.1807910368618145e-35,
0,line,9,ASGARD SSC $1.0\times 10^{17}$ Hz,17590695.822349843,2.723839286820264e-35,
0,line,9,ASGARD SSC $1.0\times 10^{17}$ Hz,19751381.80710058,2.305989118771202e-35,
0,line,9,ASGARD SSC $1.0\times 10^{17}$ Hz,22177467.40832167,1.9429534901019315e-35,
0,line,9,ASGARD SSC $1.0\times 10^{17}$ Hz,24901551.97497901,1.6423500748426913e-35,
0,line,9,ASGARD SSC $1.0\times 10^{17}$ Hz,27960239.072650153,1.3668868518414767e-35,
0,line,9,ASGARD SSC $1.0\times 10^{17}$ Hz,31394628.326189354,1.146974976130087e-35,
0,line,9,ASGARD SSC $1.0\times 10^{17}$ Hz,35250867.67600913,9.564508375807855e-36,
0,line,9,ASGARD SSC $1.0\times 10^{17}$ Hz,39580773.46865453,7.891922795076424e-36,
0,line,9,ASGARD SSC $1.0\times 10^{17}$ Hz,44442526.71383636,6.625552701122642e-36,
0,line,9,ASGARD SSC $1.0\times 10^{17}$ Hz,49901454.86353981,5.4755624690682365e-36,
0,line,9,ASGARD SSC $1.0\times 10^{17}$ Hz,56030909.61798617,4.558177567333235e-36,
0,line,9,ASGARD SSC $1.0\times 10^{17}$ Hz,62913252.55353957,3.803003379563719e-36,
0,line,9,ASGARD SSC $1.0\times 10^{17}$ Hz,70640961.8164559,3.124991810738325e-36,
0,line,9,ASGARD SSC $1.0\times 10^{17}$ Hz,79317874.75313465,2.6289204619032032e-36,
0,line,9,ASGARD SSC $1.0\times 10^{17}$ Hz,89060583.17411506,2.1770171547759256e-36,
0,line,9,ASGARD SSC $1.0\times 10^{17}$ Hz,100000000.0,1.7983470676944415e-36,
0,line,10,Vegas sync $1.0\times 10^{17}$ Hz,1.0,7.794054892583934e-28,
0,line,10,Vegas sync $1.0\times 10^{17}$ Hz,1.1228311834035287,1.0971533272999514e-27,
0,line,10,Vegas sync $1.0\times 10^{17}$ Hz,1.2607498664233685,1.5428320024762215e-27,
0,line,10,Vegas sync $1.0\times 10^{17}$ Hz,1.4156092644919918,2.156873633036526e-27,
0,line,10,Vegas sync $1.0\times 10^{17}$ Hz,1.5894902256865417,3.0013866157933345e-27,
0,line,10,Vegas sync $1.0\times 10^{17}$ Hz,1.7847291911159615,4.167012345881344e-27,
0,line,10,Vegas sync $1.0\times 10^{17}$ Hz,2.0039495897155577,5.744387678617982e-27,
0,line,10,Vegas sync $1.0\times 10^{17}$ Hz,2.2500970893013355,7.83163446287561e-27,
0,line,10,Vegas sync $1.0\times 10^{17}$ Hz,2.5264791775530537,1.0541186336858594e-26,
0,line,10,Vegas sync $1.0\times 10^{17}$ Hz,2.8368096047762688,1.3979928928907406e-26,
0,line,10,Vegas sync $1.0\times 10^{17}$ Hz,3.1852582856214346,1.8234078388455218e-26,
0,line,10,Vegas sync $1.0\times 10^{17}$ Hz,3.57650733029021,2.3354630124375274e-26,
0,line,10,Vegas sync $1.0\times 10^{17}$ Hz,4.015813958121153,2.9357954885982783e-26,
0,line,10,Vegas sync $1.0\times 10^{17}$ Hz,4.509081138925582,3.622139597719284e-26,
0,line,10,Vegas sync $1.0\times 10^{17}$ Hz,5.062936911282342,4.389502111239584e-26,
0,line,10,Vegas sync $1.0\times 10^{17}$ Hz,5.684823443592558,5.231418012031784e-26,
0,line,10,Vegas sync $1.0\times 10^{17}$ Hz,6.383097034609155,6.141066517920877e-26,
0,line,10,Vegas sync $1.0\times 10^{17}$ Hz,7.167140397149751,7.110987299886828e-26,
0,line,10,Vegas sync $1.0\times 10^{17}$ Hz,8.04748873375089,8.130553785944683e-26,
0,line,10,Vegas sync $1.0\times 10^{17}$ Hz,9.035971298344078,9.199252096764342e-26,
0,line,10,Vegas sync $1.0\times 10^{17}$ Hz,10.14587034612,1.030947593474696e-25,
0,line,10,Vegas sync $1.0\times 10^{17}$ Hz,11.392099607392687,1.146242851604021e-25,
0,line,10,Vegas sync $1.0\times 10^{17}$ Hz,12.791404683619605,1.2655908691680235e-25,
0,line,10,Vegas sync $1.0\times 10^{17}$ Hz,14.362588058302041,1.3876673445842723e-25,
0,line,10,Vegas sync $1.0\times 10^{17}$ Hz,16.12676174624068,1.5131026566517156e-25,
0,line,10,Vegas sync $1.0\times 10^{17}$ Hz,18.107630975998173,1.6403377564349594e-25,
0,line,10,Vegas sync $1.0\times 10^{17}$ Hz,20.331812717414422,1.7678444041445711e-25,
0,line,10,Vegas sync $1.0\times 10^{17}$ Hz,22.82919333423335,1.8979681026034841e-25,
0,line,10,Vegas sync $1.0\times 10^{17}$ Hz,25.63333016762518,2.0284172770769888e-25,
0,line,10,Vegas sync $1.0\times 10^{17}$ Hz,28.78190244668795,2.1579212386920014e-25,
0,line,10,Vegas sync $1.0\times 10^{17}$ Hz,32.31721758481955,2.2878281421972334e-25,
0,line,10,Vegas sync $1.0\times 10^{17}$ Hz,36.28677966507226,2.4130140936967675e-25,
0,line,10,Vegas sync $1.0\times 10^{17}$ Hz,40.743927753236186,2.5346709611503305e-25,
0,line,10,Vegas sync $1.0\times 10^{17}$ Hz,45.74855261567406,2.650055614168823e-25,
0,line,10,Vegas sync $1.0\times 10^{17}$ Hz,51.3679014724559,2.7577167801446436e-25,
0,line,10,Vegas sync $1.0\times 10^{17}$ Hz,57.67748159927351,2.860178701826291e-25,
0,line,10,Vegas sync $1.0\times 10^{17}$ Hz,64.76207491984752,2.943665426284099e-25,
0,line,10,Vegas sync $1.0\times 10^{17}$ Hz,72.71687722192038,3.0310211073647e-25,
0,line,10,Vegas sync $1.0\times 10^{17}$ Hz,81.64877730449795,3.0807606523077595e-25,
0,line,10,Vegas sync $1.0\times 10^{17}$ Hz,91.67779324426061,3.137637323187486e-25,
0,line,10,Vegas sync $1.0\times 10^{17}$ Hz,102.93868508027717,3.1580260598333213e-25,
0,line,10,Vegas sync $1.0\times 10^{17}$ Hz,115.58276558669077,3.1724435988153948e-25,
0,line,10,Vegas sync $1.0\times 10^{17}$ Hz,129.77993346475662,3.1641417184094295e-25,
0,line,10,Vegas sync $1.0\times 10^{17}$ Hz,145.7209562742639,3.137123486704051e-25,
0,line,10,Vegas sync $1.0\times 10^{17}$ Hz,163.6200337801256,3.098449863932948e-25,
0,line,10,Vegas sync $1.0\times 10^{17}$ Hz,183.71767615786374,3.030639903363799e-25,
0,line,10,Vegas sync $1.0\times 10^{17}$ Hz,206.2839357324804,2.958348104651713e-25,
0,line,10,Vegas sync $1.0\times 10^{17}$ Hz,231.6220356756384,2.8601401876853456e-25,
0,line,10,Vegas sync $1.0\times 10^{17}$ Hz,260.07244442001166,2.756722402596847e-25,
0,line,10,Vegas sync $1.0\times 10^{17}$ Hz,292.0174505387701,2.644971494600264e-25,
0,line,10,Vegas sync $1.0\times 10^{17}$ Hz,327.8862995629286,2.515439434714751e-25,
0,line,10,Vegas sync $1.0\times 10^{17}$ Hz,368.16096176004703,2.392316479618798e-25,
0,line,10,Vegas sync $1.0\times 10^{17}$ Hz,413.38260837601484,2.251917477553084e-25,
0,line,10,Vegas sync $1.0\times 10^{17}$ Hz,464.1588833612782,2.1177463846935966e-25,
0,line,10,Vegas sync $1.0\times 10^{17}$ Hz,521.1720682918044,1.9817461672642602e-25,
0,line,10,Vegas sync $1.0\times 10^{17}$ Hz,585.1882501969513,1.8418982330200874e-25,
0,line,10,Vegas sync $1.0\times 10^{17}$ Hz,657.0676154824831,1.7108027017701737e-25,
0,line,10,Vegas sync $1.0\times 10^{17}$ Hz,737.7760082683312,1.5796699688993753e-25,
0,line,10,Vegas sync $1.0\times 10^{17}$ Hz,828.3979084506619,1.4538292211580048e-25,
0,line,10,Vegas sync $1.0\times 10^{17}$ Hz,930.1510038746646,1.3367318669524945e-25,
0,line,10,Vegas sync $1.0\times 10^{17}$ Hz,1044.4025524245699,1.2218252421580765e-25,
0,line,10,Vegas sync $1.0\times 10^{17}$ Hz,1172.6877538885456,1.1146370342831386e-25,
0,line,10,Vegas sync $1.0\times 10^{17}$ Hz,1316.7303784615017,1.0161905394772091e-25,
0,line,10,Vegas sync $1.0\times 10^{17}$ Hz,1478.465929071304,9.225299994002503e-26,
0,line,10,Vegas sync $1.0\times 10^{17}$ Hz,1660.0676487609296,8.353200250761429e-26,
0,line,10,Vegas sync $1.0\times 10^{17}$ Hz,1863.975722588148,7.563034109383072e-26,
0,line,10,Vegas sync $1.0\times 10^{17}$ Hz,2092.9300664290977,6.838496241367959e-26,
0,line,10,Vegas sync $1.0\times 10^{17}$ Hz,2350.0071432694094,6.155208660975568e-26,
0,line,10,Vegas sync $1.0\times 10^{17}$ Hz,2638.6613016839365,5.537855545124318e-26,
0,line,10,Vegas sync $1.0\times 10^{17}$ Hz,2962.77119197087,4.981151959888007e-26,
0,line,10,Vegas sync $1.0\times 10^{17}$ Hz,3326.691883634535,4.4767788502445543e-26,
0,line,10,Vegas sync $1.0\times 10^{17}$ Hz,3735.3133845202788,4.017364614863827e-26,
0,line,10,Vegas sync $1.0\times 10^{17}$ Hz,4194.126347923944,3.596520098345541e-26,
0,line,10,Vegas sync $1.0\times 10^{17}$ Hz,4709.295850583362,3.217175571609235e-26,
0,line,10,Vegas sync $1.0\times 10^{17}$ Hz,5287.744232907843,2.876648913445199e-26,
0,line,10,Vegas sync $1.0\times 10^{17}$ Hz,5937.244114571097,2.570767321362806e-26,
0,line,10,Vegas sync $1.0\times 10^{17}$ Hz,6666.522835319501,2.295730972011632e-26,
0,line,10,Vegas sync $1.0\times 10^{17}$ Hz,7485.379724368442,2.0487010962211095e-26,
0,line,10,Vegas sync $1.0\times 10^{17}$ Hz,8404.817774137397,1.8271640730412683e-26,
0,line,10,Vegas sync $1.0\times 10^{17}$ Hz,9437.191487625705,1.628308344331123e-26,
0,line,10,Vegas sync $1.0\times 10^{17}$ Hz,10596.372886056477,1.449639484141589e-26,
0,line,10,Vegas sync $1.0\times 10^{17}$ Hz,11897.937907435859,1.2888147053897698e-26,
0,line,10,Vegas sync $1.0\times 10^{17}$ Hz,13359.375700667906,1.144382851602099e-26,
0,line,10,Vegas sync $1.0\times 10^{17}$ Hz,15000.323627513291,1.0142421282467122e-26,
0,line,10,Vegas sync $1.0\times 10^{17}$ Hz,16842.831130116658,8.960250239593068e-27,
0,line,10,Vegas sync $1.0\times 10^{17}$ Hz,18911.65600969468,7.882553364302674e-27,
0,line,10,Vegas sync $1.0\times 10^{17}$ Hz,21234.59709748593,6.892376530803562e-27,
0,line,10,Vegas sync $1.0\times 10^{17}$ Hz,23842.867788067262,5.978112524886134e-27,
0,line,10,Vegas sync $1.0\times 10^{17}$ Hz,26771.51545420944,5.133143458088912e-27,
0,line,10,Vegas sync $1.0\times 10^{17}$ Hz,30059.89237895584,4.360080688619891e-27,
0,line,10,Vegas sync $1.0\times 10^{17}$ Hz,33752.1845328457,3.657208473863423e-27,
0,line,10,Vegas sync $1.0\times 10^{17}$ Hz,37898.005301469406,3.0320494273048694e-27,
0,line,10,Vegas sync $1.0\times 10^{17}$ Hz,42553.0621412821,2.4876164629812395e-27,
0,line,10,Vegas sync $1.0\times 10^{17}$ Hz,47779.90512153967,2.0223545445292948e-27,
0,line,10,Vegas sync $1.0\times 10^{17}$ Hz,53648.76741052671,1.6316526385372435e-27,
0,line,10,Vegas sync $1.0\times 10^{17}$ Hz,60238.50899970236,1.3092298417842071e-27,
0,line,10,Vegas sync $1.0\times 10^{17}$ Hz,67637.67634660006,1.0462927039894596e-27,
0,line,10,Vegas sync $1.0\times 10^{17}$ Hz,75945.69217491779,8.337193136334072e-28,
0,line,10,Vegas sync $1.0\times 10^{17}$ Hz,85274.19141916305,6.633185801274393e-28,
0,line,10,Vegas sync $1.0\times 10^{17}$ Hz,95748.52126495788,5.272716002449181e-28,
0,line,10,Vegas sync $1.0\times 10^{17}$ Hz,107509.42544107056,4.189627036502612e-28,
0,line,10,Vegas sync $1.0\times 10^{17}$ Hz,120714.9353950307,3.329763315864335e-28,
0,line,10,Vegas sync $1.0\times 10^{17}$ Hz,135542.4937640828,2.6473523929778225e-28,
0,line,10,Vegas sync $1.0\times 10^{17}$ Hz,152191.33867459052,2.1060657489633034e-28,
0,line,10,Vegas sync $1.0\times 10^{17}$ Hz,170885.1809077577,1.6767610432139713e-28,
0,line,10,Vegas sync $1.0\times 10^{17}$ Hz,191875.20990478364,1.3360098332514136e-28,
0,line,10,Vegas sync $1.0\times 10^{17}$ Hz,215443.46900318866,1.0655020273255803e-28,
0,line,10,Vegas sync $1.0\times 10^{17}$ Hz,241906.64525741176,8.504153291367479e-29,
0,line,10,Vegas sync $1.0\times 10^{17}$ Hz,271620.32476755726,6.794662165499482e-29,
0,line,10,Vegas sync $1.0\times 10^{17}$ Hz,304983.77069520706,5.432979443452523e-29,
0,line,10,Vegas sync $1.0\times 10^{17}$ Hz,342445.2881685698,4.3478476122723054e-29,
0,line,10,Vegas sync $1.0\times 10^{17}$ Hz,384508.2481652776,3.4835834730858914e-29,
0,line,10,Vegas sync $1.0\times 10^{17}$ Hz,431737.8513158363,2.792255977256763e-29,
0,line,10,Vegas sync $1.0\times 10^{17}$ Hz,484768.7225130572,2.240955568674002e-29,
0,line,10,Vegas sync $1.0\times 10^{17}$ Hz,544313.4383763528,1.7999222327845462e-29,
0,line,10,Vegas sync $1.0\times 10^{17}$ Hz,611172.1021545639,1.446364880786479e-29,
0,line,10,Vegas sync $1.0\times 10^{17}$ Hz,686243.0947254312,1.1641132342379142e-29,
0,line,10,Vegas sync $1.0\times 10^{17}$ Hz,770535.1461530557,9.37255104530497e-30,
0,line,10,Vegas sync $1.0\times 10^{17}$ Hz,865180.8900090464,7.551907883882019e-30,
0,line,10,Vegas sync $1.0\times 10^{17}$ Hz,971452.0825869758,6.095327732911876e-30,
0,line,10,Vegas sync $1.0\times 10^{17}$ Hz,1090776.6915109565,4.920047883212994e-30,
0,line,10,Vegas sync $1.0\times 10^{17}$ Hz,1224758.0833582329,3.976299906200163e-30,
0,line,10,Vegas sync $1.0\times 10^{17}$ Hz,1375196.5681201622,3.2185865210234076e-30,
0,line,10,Vegas sync $1.0\times 10^{17}$ Hz,1544113.5899948329,2.6052702869527206e-30,
0,line,10,Vegas sync $1.0\times 10^{17}$ Hz,1733778.8895633693,2.112539096554355e-30,
0,line,10,Vegas sync $1.0\times 10^{17}$ Hz,1946741.0023284936,1.7153087539991446e-30,
0,line,10,Vegas sync $1.0\times 10^{17}$ Hz,2185861.5034246743,1.3927743376505857e-30,
0,line,10,Vegas sync $1.0\times 10^{17}$ Hz,2454353.458646543,1.1334639121719657e-30,
0,line,10,Vegas sync $1.0\times 10^{17}$ Hz,2755824.5984626412,9.235282740247697e-31,
0,line,10,Vegas sync $1.0\times 10^{17}$ Hz,3094325.795144362,7.524769655031886e-31,
0,line,10,Vegas sync $1.0\times 10^{17}$ Hz,3474405.4943980086,6.148061839384248e-31,
0,line,10,Vegas sync $1.0\times 10^{17}$ Hz,3901170.8328986377,5.028528694108705e-31,
0,line,10,Vegas sync $1.0\times 10^{17}$ Hz,4380356.262962907,4.1128599878529464e-31,
0,line,10,Vegas sync $1.0\times 10^{17}$ Hz,4918400.606471699,3.37472683998145e-31,
0,line,10,Vegas sync $1.0\times 10^{17}$ Hz,5522533.573417251,2.7716635570799966e-31,
0,line,10,Vegas sync $1.0\times 10^{17}$ Hz,6200872.907625809,2.2763684298610988e-31,
0,line,10,Vegas sync $1.0\times 10^{17}$ Hz,6962533.465004367,1.8762496002157368e-31,
0,line,10,Vegas sync $1.0\times 10^{17}$ Hz,7817749.689997524,1.5477509768192917e-31,
0,line,10,Vegas sync $1.0\times 10^{17}$ Hz,8778013.135972489,1.2767669851180971e-31,
0,line,10,Vegas sync $1.0\times 10^{17}$ Hz,9856226.87739571,1.0572271292804294e-31,
0,line,10,Vegas sync $1.0\times 10^{17}$ Hz,11066878.88863989,8.760840294171702e-32,
0,line,10,Vegas sync $1.0\times 10^{17}$ Hz,12426236.719115056,7.259776846179278e-32,
0,line,10,Vegas sync $1.0\times 10^{17}$ Hz,13952566.080576338,6.039268148793147e-32,
0,line,10,Vegas sync $1.0\times 10^{17}$ Hz,15666376.283769464,5.027215945522769e-32,
0,line,10,Vegas sync $1.0\times 10^{17}$ Hz,17590695.822349843,4.1847622657001236e-32,
0,line,10,Vegas sync $1.0\times 10^{17}$ Hz,19751381.80710058,3.4967631370442857e-32,
0,line,10,Vegas sync $1.0\times 10^{17}$ Hz,22177467.40832167,2.9235290841298393e-32,
0,line,10,Vegas sync $1.0\times 10^{17}$ Hz,24901551.97497901,2.444266938601072e-32,
0,line,10,Vegas sync $1.0\times 10^{17}$ Hz,27960239.072650153,2.0508975058064585e-32,
0,line,10,Vegas sync $1.0\times 10^{17}$ Hz,31394628.326189354,1.7216721930732606e-32,
0,line,10,Vegas sync $1.0\times 10^{17}$ Hz,35250867.67600913,1.4452965936082254e-32,
0,line,10,Vegas sync $1.0\times 10^{17}$ Hz,39580773.46865453,1.2172066388562274e-32,
0,line,10,Vegas sync $1.0\times 10^{17}$ Hz,44442526.71383636,1.0255340124901443e-32,
0,line,10,Vegas sync $1.0\times 10^{17}$ Hz,49901454.86353981,8.640439379778417e-33,
0,line,10,Vegas sync $1.0\times 10^{17}$ Hz,56030909.61798617,7.300189066227891e-33,
0,line,10,Vegas sync $1.0\times 10^{17}$ Hz,62913252.55353957,6.169932605574051e-33,
0,line,10,Vegas sync $1.0\times 10^{17}$ Hz,70640961.8164559,5.214668843947405e-33,
0,line,10,Vegas sync $1.0\times 10^{17}$ Hz,79317874.75313465,4.417613181240685e-33,
0,line,10,Vegas sync $1.0\times 10^{17}$ Hz,89060583.17411506,3.743429173245594e-33,
0,line,10,Vegas sync $1.0\times 10^{17}$ Hz,100000000.0,3.1721342322187536e-33,
0,line,11,Vegas SSC $1.0\times 10^{17}$ Hz,1.0,3.4713953217846868e-43,
0,line,11,Vegas SSC $1.0\times 10^{17}$ Hz,1.1228311834035287,5.52375323174725e-43,
0,line,11,Vegas SSC $1.0\times 10^{17}$ Hz,1.2607498664233685,8.786237250287784e-43,
0,line,11,Vegas SSC $1.0\times 10^{17}$ Hz,1.4156092644919918,1.3930814704439034e-42,
0,line,11,Vegas SSC $1.0\times 10^{17}$ Hz,1.5894902256865417,2.203797954958976e-42,
0,line,11,Vegas SSC $1.0\times 10^{17}$ Hz,1.7847291911159615,3.4834373392764624e-42,
0,line,11,Vegas SSC $1.0\times 10^{17}$ Hz,2.0039495897155577,5.484329369042304e-42,
0,line,11,Vegas SSC $1.0\times 10^{17}$ Hz,2.2500970893013355,8.580306218655824e-42,
0,line,11,Vegas SSC $1.0\times 10^{17}$ Hz,2.5264791775530537,1.3326534751290937e-41,
0,line,11,Vegas SSC $1.0\times 10^{17}$ Hz,2.8368096047762688,2.0517959774058444e-41,
0,line,11,Vegas SSC $1.0\times 10^{17}$ Hz,3.1852582856214346,3.1266027357300397e-41,
0,line,11,Vegas SSC $1.0\times 10^{17}$ Hz,3.57650733029021,4.695883324078463e-41,
0,line,11,Vegas SSC $1.0\times 10^{17}$ Hz,4.015813958121153,6.957630875573647e-41,
0,line,11,Vegas SSC $1.0\times 10^{17}$ Hz,4.509081138925582,1.0182325176361755e-40,
0,line,11,Vegas SSC $1.0\times 10^{17}$ Hz,5.062936911282342,1.4712374118946663e-40,
0,line,11,Vegas SSC $1.0\times 10^{17}$ Hz,5.684823443592558,2.0979997726103495e-40,
0,line,11,Vegas SSC $1.0\times 10^{17}$ Hz,6.383097034609155,2.953679532843968e-40,
0,line,11,Vegas SSC $1.0\times 10^{17}$ Hz,7.167140397149751,4.106901444492807e-40,
0,line,11,Vegas SSC $1.0\times 10^{17}$ Hz,8.04748873375089,5.644254778920914e-40,
0,line,11,Vegas SSC $1.0\times 10^{17}$ Hz,9.035971298344078,7.659118075870625e-40,
0,line,11,Vegas SSC $1.0\times 10^{17}$ Hz,10.14587034612,1.0283034958864104e-39,
0,line,11,Vegas SSC $1.0\times 10^{17}$ Hz,11.392099607392687,1.3695824636673566e-39,
0,line,11,Vegas SSC $1.0\times 10^{17}$ Hz,12.791404683619605,1.8104687565736353e-39,
0,line,11,Vegas SSC $1.0\times 10^{17}$ Hz,14.362588058302041,2.3760470025906544e-39,
0,line,11,Vegas SSC $1.0\times 10^{17}$ Hz,16.12676174624068,3.0984743726208434e-39,
0,line,11,Vegas SSC $1.0\times 10^{17}$ Hz,18.107630975998173,4.0085674307825804e-39,
0,line,11,Vegas SSC $1.0\times 10^{17}$ Hz,20.331812717414422,5.1534439952568634e-39,
0,line,11,Vegas SSC $1.0\times 10^{17}$ Hz,22.82919333423335,6.594851032820484e-39,
0,line,11,Vegas SSC $1.0\times 10^{17}$ Hz,25.63333016762518,8.402138947541263e-39,
0,line,11,Vegas SSC $1.0\times 10^{17}$ Hz,28.78190244668795,1.065131122847384e-38,
0,line,11,Vegas SSC $1.0\times 10^{17}$ Hz,32.31721758481955,1.3459203534641776e-38,
0,line,11,Vegas SSC $1.0\times 10^{17}$ Hz,36.28677966507226,1.688454544806367e-38,
0,line,11,Vegas SSC $1.0\times 10^{17}$ Hz,40.743927753236186,2.1055005948537547e-38,
0,line,11,Vegas SSC $1.0\times 10^{17}$ Hz,45.74855261567406,2.6098242585742253e-38,
0,line,11,Vegas SSC $1.0\times 10^{17}$ Hz,51.3679014724559,3.2239930684796357e-38,
0,line,11,Vegas SSC $1.0\times 10^{17}$ Hz,57.67748159927351,3.970349940562735e-38,
0,line,11,Vegas SSC $1.0\times 10^{17}$ Hz,64.76207491984752,4.870431902769968e-38,
0,line,11,Vegas SSC $1.0\times 10^{17}$ Hz,72.71687722192038,5.96474633639842e-38,
0,line,11,Vegas SSC $1.0\times 10^{17}$ Hz,81.64877730449795,7.237650785706765e-38,
0,line,11,Vegas SSC $1.0\times 10^{17}$ Hz,91.67779324426061,8.771495793417175e-38,
0,line,11,Vegas SSC $1.0\times 10^{17}$ Hz,102.93868508027717,1.0543577995503084e-37,
0,line,11,Vegas SSC $1.0\times 10^{17}$ Hz,115.58276558669077,1.2643488198989375e-37,
0,line,11,Vegas SSC $1.0\times 10^{17}$ Hz,129.77993346475662,1.5070122697438102e-37,
0,line,11,Vegas SSC $1.0\times 10^{17}$ Hz,145.7209562742639,1.7918060827740306e-37,
0,line,11,Vegas SSC $1.0\times 10^{17}$ Hz,163.6200337801256,2.130453482355774e-37,
0,line,11,Vegas SSC $1.0\times 10^{17}$ Hz,183.71767615786374,2.5207929824730967e-37,
0,line,11,Vegas SSC $1.0\times 10^{17}$ Hz,206.2839357324804,2.979991577670916e-37,
0,line,11,Vegas SSC $1.0\times 10^{17}$ Hz,231.6220356756384,3.5011962300938943e-37,
0,line,11,Vegas SSC $1.0\times 10^{17}$ Hz,260.07244442001166,4.102926324077221e-37,
0,line,11,Vegas SSC $1.0\times 10^{17}$ Hz,292.0174505387701,4.7939068916673284e-37,
0,line,11,Vegas SSC $1.0\times 10^{17}$ Hz,327.8862995629286,5.56917183454781e-37,
0,line,11,Vegas SSC $1.0\times 10^{17}$ Hz,368.16096176004703,6.470941312625373e-37,
0,line,11,Vegas SSC $1.0\times 10^{17}$ Hz,413.38260837601484,7.473381986884439e-37,
0,line,11,Vegas SSC $1.0\times 10^{17}$ Hz,464.1588833612782,8.630951038405704e-37,
0,line,11,Vegas SSC $1.0\times 10^{17}$ Hz,521.1720682918044,9.952168448043685e-37,
0,line,11,Vegas SSC $1.0\times 10^{17}$ Hz,585.1882501969513,1.142287579012422e-36,
0,line,11,Vegas SSC $1.0\times 10^{17}$ Hz,657.0676154824831,1.3106158970007825e-36,
0,line,11,Vegas SSC $1.0\times 10^{17}$ Hz,737.7760082683312,1.4985771237141533e-36,
0,line,11,Vegas SSC $1.0\times 10^{17}$ Hz,828.3979084506619,1.7107851984571007e-36,
0,line,11,Vegas SSC $1.0\times 10^{17}$ Hz,930.1510038746646,1.952968848917645e-36,
0,line,11,Vegas SSC $1.0\times 10^{17}$ Hz,1044.4025524245699,2.2232104595160496e-36,
0,line,11,Vegas SSC $1.0\times 10^{17}$ Hz,1172.6877538885456,2.5293970849366436e-36,
0,line,11,Vegas SSC $1.0\times 10^{17}$ Hz,1316.7303784615017,2.880096806531322e-36,
0,line,11,Vegas SSC $1.0\times 10^{17}$ Hz,1478.465929071304,3.2733653404467204e-36,
0,line,11,Vegas SSC $1.0\times 10^{17}$ Hz,1660.0676487609296,3.717317911285849e-36,
0,line,11,Vegas SSC $1.0\times 10^{17}$ Hz,1863.975722588148,4.222366639709349e-36,
0,line,11,Vegas SSC $1.0\times 10^{17}$ Hz,2092.9300664290977,4.793617935244909e-36,
0,line,11,Vegas SSC $1.0\times 10^{17}$ Hz,2350.0071432694094,5.427735135676375e-36,
0,line,11,Vegas SSC $1.0\times 10^{17}$ Hz,2638.6613016839365,6.142983500256489e-36,
0,line,11,Vegas SSC $1.0\times 10^{17}$ Hz,2962.77119197087,6.949653023954961e-36,
0,line,11,Vegas SSC $1.0\times 10^{17}$ Hz,3326.691883634535,7.859147454542321e-36,
0,line,11,Vegas SSC $1.0\times 10^{17}$ Hz,3735.3133845202788,8.882873871657156e-36,
0,line,11,Vegas SSC $1.0\times 10^{17}$ Hz,4194.126347923944,1.0033545411405067e-35,
0,line,11,Vegas SSC $1.0\times 10^{17}$ Hz,4709.295850583362,1.1332252454713365e-35,
0,line,11,Vegas SSC $1.0\times 10^{17}$ Hz,5287.744232907843,1.2798776260855264e-35,
0,line,11,Vegas SSC $1.0\times 10^{17}$ Hz,5937.244114571097,1.4452355143960054e-35,
0,line,11,Vegas SSC $1.0\times 10^{17}$ Hz,6666.522835319501,1.6313588791900423e-35,
0,line,11,Vegas SSC $1.0\times 10^{17}$ Hz,7485.379724368442,1.8410856261174094e-35,
0,line,11,Vegas SSC $1.0\times 10^{17}$ Hz,8404.817774137397,2.077360624672753e-35,
0,line,11,Vegas SSC $1.0\times 10^{17}$ Hz,9437.191487625705,2.34446849414744e-35,
0,line,11,Vegas SSC $1.0\times 10^{17}$ Hz,10596.372886056477,2.6450740849001615e-35,
0,line,11,Vegas SSC $1.0\times 10^{17}$ Hz,11897.937907435859,2.9829443403337623e-35,
0,line,11,Vegas SSC $1.0\times 10^{17}$ Hz,13359.375700667906,3.365136894858365e-35,
0,line,11,Vegas SSC $1.0\times 10^{17}$ Hz,15000.323627513291,3.7996062270459364e-35,
0,line,11,Vegas SSC $1.0\times 10^{17}$ Hz,16842.831130116658,4.289714244532715e-35,
0,line,11,Vegas SSC $1.0\times 10^{17}$ Hz,18911.65600969468,4.844505067455114e-35,
0,line,11,Vegas SSC $1.0\times 10^{17}$ Hz,21234.59709748593,5.468475375613546e-35,
0,line,11,Vegas SSC $1.0\times 10^{17}$ Hz,23842.867788067262,6.167560477114584e-35,
0,line,11,Vegas SSC $1.0\times 10^{17}$ Hz,26771.51545420944,6.950372766435511e-35,
0,line,11,Vegas SSC $1.0\times 10^{17}$ Hz,30059.89237895584,7.824245915163391e-35,
0,line,11,Vegas SSC $1.0\times 10^{17}$ Hz,33752.1845328457,8.787374447495062e-35,
0,line,11,Vegas SSC $1.0\times 10^{17}$ Hz,37898.005301469406,9.841443042884296e-35,
0,line,11,Vegas SSC $1.0\times 10^{17}$ Hz,42553.0621412821,1.0981357474042725e-34,
0,line,11,Vegas SSC $1.0\times 10^{17}$ Hz,47779.90512153967,1.2199052284485577e-34,
0,line,11,Vegas SSC $1.0\times 10^{17}$ Hz,53648.76741052671,1.3490155824254051e-34,
0,line,11,Vegas SSC $1.0\times 10^{17}$ Hz,60238.50899970236,1.484670426396193e-34,
0,line,11,Vegas SSC $1.0\times 10^{17}$ Hz,67637.67634660006,1.626208445408064e-34,
0,line,11,Vegas SSC $1.0\times 10^{17}$ Hz,75945.69217491779,1.7726308977724252e-34,
0,line,11,Vegas SSC $1.0\times 10^{17}$ Hz,85274.19141916305,1.9233174287456866e-34,
0,line,11,Vegas SSC $1.0\times 10^{17}$ Hz,95748.52126495788,2.0778113680312965e-34,
0,line,11,Vegas SSC $1.0\times 10^{17}$ Hz,107509.42544107056,2.2345140121857863e-34,
0,line,11,Vegas SSC $1.0\times 10^{17}$ Hz,120714.9353950307,2.3928784133612243e-34,
0,line,11,Vegas SSC $1.0\times 10^{17}$ Hz,135542.4937640828,2.550999857711251e-34,
0,line,11,Vegas SSC $1.0\times 10^{17}$ Hz,152191.33867459052,2.7083695421258243e-34,
0,line,11,Vegas SSC $1.0\times 10^{17}$ Hz,170885.1809077577,2.8593658994796626e-34,
0,line,11,Vegas SSC $1.0\times 10^{17}$ Hz,191875.20990478364,3.0074676662263607e-34,
0,line,11,Vegas SSC $1.0\times 10^{17}$ Hz,215443.46900318866,3.1440272871495283e-34,
0,line,11,Vegas SSC $1.0\times 10^{17}$ Hz,241906.64525741176,3.267646762509454e-34,
0,line,11,Vegas SSC $1.0\times 10^{17}$ Hz,271620.32476755726,3.3761377798862508e-34,
0,line,11,Vegas SSC $1.0\times 10^{17}$ Hz,304983.77069520706,3.463555909951321e-34,
0,line,11,Vegas SSC $1.0\times 10^{17}$ Hz,342445.2881685698,3.522015602066056e-34,
0,line,11,Vegas SSC $1.0\times 10^{17}$ Hz,384508.2481652776,3.550961171084064e-34,
0,line,11,Vegas SSC $1.0\times 10^{17}$ Hz,431737.8513158363,3.5561373813794717e-34,
0,line,11,Vegas SSC $1.0\times 10^{17}$ Hz,484768.7225130572,3.514532521768737e-34,
0,line,11,Vegas SSC $1.0\times 10^{17}$ Hz,544313.4383763528,3.4526672831965363e-34,
0,line,11,Vegas SSC $1.0\times 10^{17}$ Hz,611172.1021545639,3.362909308907409e-34,
0,line,11,Vegas SSC $1.0\times 10^{17}$ Hz,686243.0947254312,3.2190608003626134e-34,
0,line,11,Vegas SSC $1.0\times 10^{17}$ Hz,770535.1461530557,3.0725989836284887e-34,
0,line,11,Vegas SSC $1.0\times 10^{17}$ Hz,865180.8900090464,2.8987411246124493e-34,
0,line,11,Vegas SSC $1.0\times 10^{17}$ Hz,971452.0825869758,2.6863911546302922e-34,
0,line,11,Vegas SSC $1.0\times 10^{17}$ Hz,1090776.6915109565,2.488146235164909e-34,
0,line,11,Vegas SSC $1.0\times 10^{17}$ Hz,1224758.0833582329,2.2704170958567184e-34,
0,line,11,Vegas SSC $1.0\times 10^{17}$ Hz,1375196.5681201622,2.040763589426613e-34,
0,line,11,Vegas SSC $1.0\times 10^{17}$ Hz,1544113.5899948329,1.8343397299769038e-34,
0,line,11,Vegas SSC $1.0\times 10^{17}$ Hz,1733778.8895633693,1.6330241325216478e-34,
0,line,11,Vegas SSC $1.0\times 10^{17}$ Hz,1946741.0023284936,1.4444028158605666e-34,
0,line,11,Vegas SSC $1.0\times 10^{17}$ Hz,2185861.5034246743,1.2775683300875653e-34,
0,line,11,Vegas SSC $1.0\times 10^{17}$ Hz,2454353.458646543,1.1072869202632705e-34,
0,line,11,Vegas SSC $1.0\times 10^{17}$ Hz,2755824.5984626412,9.503413264065132e-35,
0,line,11,Vegas SSC $1.0\times 10^{17}$ Hz,3094325.795144362,8.156413669061189e-35,
0,line,11,Vegas SSC $1.0\times 10^{17}$ Hz,3474405.4943980086,6.887774391965735e-35,
0,line,11,Vegas SSC $1.0\times 10^{17}$ Hz,3901170.8328986377,5.78234294443034e-35,
0,line,11,Vegas SSC $1.0\times 10^{17}$ Hz,4380356.262962907,4.85432663505784e-35,
0,line,11,Vegas SSC $1.0\times 10^{17}$ Hz,4918400.606471699,4.0547807831498715e-35,
0,line,11,Vegas SSC $1.0\times 10^{17}$ Hz,5522533.573417251,3.3821512433578874e-35,
0,line,11,Vegas SSC $1.0\times 10^{17}$ Hz,6200872.907625809,2.8211021479289596e-35,
0,line,11,Vegas SSC $1.0\times 10^{17}$ Hz,6962533.465004367,2.3316438051508654e-35,
0,line,11,Vegas SSC $1.0\times 10^{17}$ Hz,7817749.689997524,1.9230611807699496e-35,
0,line,11,Vegas SSC $1.0\times 10^{17}$ Hz,8778013.135972489,1.5860763970357931e-35,
0,line,11,Vegas SSC $1.0\times 10^{17}$ Hz,9856226.87739571,1.297823280298264e-35,
0,line,11,Vegas SSC $1.0\times 10^{17}$ Hz,11066878.88863989,1.0603436119109849e-35,
0,line,11,Vegas SSC $1.0\times 10^{17}$ Hz,12426236.719115056,8.663188594973784e-36,
0,line,11,Vegas SSC $1.0\times 10^{17}$ Hz,13952566.080576338,7.021053548617763e-36,
0,line,11,Vegas SSC $1.0\times 10^{17}$ Hz,15666376.283769464,5.682578405496281e-36,
0,line,11,Vegas SSC $1.0\times 10^{17}$ Hz,17590695.822349843,4.599267187351303e-36,
0,line,11,Vegas SSC $1.0\times 10^{17}$ Hz,19751381.80710058,3.702174558195937e-36,
0,line,11,Vegas SSC $1.0\times 10^{17}$ Hz,22177467.40832167,2.977656460767031e-36,
0,line,11,Vegas SSC $1.0\times 10^{17}$ Hz,24901551.97497901,2.3949272491398658e-36,
0,line,11,Vegas SSC $1.0\times 10^{17}$ Hz,27960239.072650153,1.919676258646167e-36,
0,line,11,Vegas SSC $1.0\times 10^{17}$ Hz,31394628.326189354,1.5380263525389978e-36,
0,line,11,Vegas SSC $1.0\times 10^{17}$ Hz,35250867.67600913,1.232252141630665e-36,
0,line,11,Vegas SSC $1.0\times 10^{17}$ Hz,39580773.46865453,9.831280121160992e-37,
0,line,11,Vegas SSC $1.0\times 10^{17}$ Hz,44442526.71383636,7.839512118582447e-37,
0,line,11,Vegas SSC $1.0\times 10^{17}$ Hz,49901454.86353981,6.251266516226587e-37,
0,line,11,Vegas SSC $1.0\times 10^{17}$ Hz,56030909.61798617,4.93877440060665e-37,
0,line,11,Vegas SSC $1.0\times 10^{17}$ Hz,62913252.55353957,3.8974403368816934e-37,
0,line,11,Vegas SSC $1.0\times 10^{17}$ Hz,70640961.8164559,3.075670257201967e-37,
0,line,11,Vegas SSC $1.0\times 10^{17}$ Hz,79317874.75313465,2.4326372443350053e-37,
0,line,11,Vegas SSC $1.0\times 10^{17}$ Hz,89060583.17411506,1.924560824518471e-37,
0,line,11,Vegas SSC $1.0\times 10^{17}$ Hz,100000000.0,1.5226003891099207e-37,
