axis,kind,series,label,x,y,value
0,line,0,ASGARD $1.0\times 10^{9}$ Hz,1.0,9.214177138571048e-31,
0,line,0,ASGARD $1.0\times 10^{9}$ Hz,1.1228311834035287,1.295189297645278e-30,
0,line,0,ASGARD $1.0\times 10^{9}$ Hz,1.2607498664233685,1.809571652078426e-30,
0,line,0,ASGARD $1.0\times 10^{9}$ Hz,1.4156092644919918,2.4926820753625972e-30,
0,line,0,ASGARD $1.0\times 10^{9}$ Hz,1.5894902256865417,3.49216965934005e-30,
0,line,0,ASGARD $1.0\times 10^{9}$ Hz,1.7847291911159615,4.7682577119590286e-30,
0,line,0,ASGARD $1.0\times 10^{9}$ Hz,2.0039495897155577,6.552998134890047e-30,
0,line,0,ASGARD $1.0\times 10^{9}$ Hz,2.2500970893013355,8.949315731743041e-30,
0,line,0,ASGARD $1.0\times 10^{9}$ Hz,2.5264791775530537,1.1905735834416486e-29,
0,line,0,ASGARD $1.0\times 10^{9}$ Hz,2.8368096047762688,1.5928773599357338e-29,
0,line,0,ASGARD $1.0\times 10^{9}$ Hz,3.1852582856214346,2.0735935592637436e-29,
0,line,0,ASGARD $1.0\times 10^{9}$ Hz,3.57650733029021,2.6572043996204126e-29,
0,line,0,ASGARD $1.0\times 10^{9}$ Hz,4.015813958121153,3.379890277052989e-29,
0,line,0,ASGARD $1.0\times 10^{9}$ Hz,4.509081138925582,4.166498030655096e-29,
0,line,0,ASGARD $1.0\times 10^{9}$ Hz,5.062936911282342,5.101031431780705e-29,
0,line,0,ASGARD $1.0\times 10^{9}$ Hz,5.684823443592558,6.131911954652449e-29,
0,line,0,ASGARD $1.0\times 10^{9}$ Hz,6.383097034609155,7.199123905875863e-29,
0,line,0,ASGARD $1.0\times 10^{9}$ Hz,7.167140397149751,8.407480243486064e-29,
0,line,0,ASGARD $1.0\times 10^{9}$ Hz,8.04748873375089,9.657544666331806e-29,
0,line,0,ASGARD $1.0\times 10^{9}$ Hz,9.035971298344078,1.0914666903665993e-28,
0,line,0,ASGARD $1.0\times 10^{9}$ Hz,10.14587034612,1.2262385812196185e-28,
0,line,0,ASGARD $1.0\times 10^{9}$ Hz,11.392099607392687,1.3658059079698462e-28,
0,line,0,ASGARD $1.0\times 10^{9}$ Hz,12.791404683619605,1.510326475495812e-28,
0,line,0,ASGARD $1.0\times 10^{9}$ Hz,14.362588058302041,1.677048138883153e-28,
0,line,0,ASGARD $1.0\times 10^{9}$ Hz,16.12676174624068,1.8435857542022247e-28,
0,line,0,ASGARD $1.0\times 10^{9}$ Hz,18.107630975998173,2.0362813975065643e-28,
0,line,0,ASGARD $1.0\times 10^{9}$ Hz,20.331812717414422,2.2286283835008605e-28,
0,line,0,ASGARD $1.0\times 10^{9}$ Hz,22.82919333423335,2.432662382022421e-28,
0,line,0,ASGARD $1.0\times 10^{9}$ Hz,25.63333016762518,2.6472882306692623e-28,
0,line,0,ASGARD $1.0\times 10^{9}$ Hz,28.78190244668795,2.882432242965461e-28,
0,line,0,ASGARD $1.0\times 10^{9}$ Hz,32.31721758481955,3.140378618057409e-28,
0,line,0,ASGARD $1.0\times 10^{9}$ Hz,36.28677966507226,3.410472732815611e-28,
0,line,0,ASGARD $1.0\times 10^{9}$ Hz,40.743927753236186,3.7141721713917174e-28,
0,line,0,ASGARD $1.0\times 10^{9}$ Hz,45.74855261567406,4.034503623015062e-28,
0,line,0,ASGARD $1.0\times 10^{9}$ Hz,51.3679014724559,4.3755003221270175e-28,
0,line,0,ASGARD $1.0\times 10^{9}$ Hz,57.67748159927351,4.729875030473515e-28,
0,line,0,ASGARD $1.0\times 10^{9}$ Hz,64.76207491984752,5.105823657739185e-28,
0,line,0,ASGARD $1.0\times 10^{9}$ Hz,72.71687722192038,5.486066380423269e-28,
0,line,0,ASGARD $1.0\times 10^{9}$ Hz,81.64877730449795,5.882838366983691e-28,
0,line,0,ASGARD $1.0\times 10^{9}$ Hz,91.67779324426061,6.290871176171597e-28,
0,line,0,ASGARD $1.0\times 10^{9}$ Hz,102.93868508027717,6.713912304431169e-28,
0,line,0,ASGARD $1.0\times 10^{9}$ Hz,115.58276558669077,7.1472467601524885e-28,
0,line,0,ASGARD $1.0\times 10^{9}$ Hz,129.77993346475662,7.591017120611516e-28,
0,line,0,ASGARD $1.0\times 10^{9}$ Hz,145.7209562742639,8.044522857430522e-28,
0,line,0,ASGARD $1.0\times 10^{9}$ Hz,163.6200337801256,8.505103968260846e-28,
0,line,0,ASGARD $1.0\times 10^{9}$ Hz,183.71767615786374,8.982310327853855e-28,
0,line,0,ASGARD $1.0\times 10^{9}$ Hz,206.2839357324804,9.467305031104435e-28,
0,line,0,ASGARD $1.0\times 10^{9}$ Hz,231.6220356756384,9.961357754178142e-28,
0,line,0,ASGARD $1.0\times 10^{9}$ Hz,260.07244442001166,1.046499761073967e-27,
0,line,0,ASGARD $1.0\times 10^{9}$ Hz,292.0174505387701,1.0985013625233144e-27,
0,line,0,ASGARD $1.0\times 10^{9}$ Hz,327.8862995629286,1.1552985100355084e-27,
0,line,0,ASGARD $1.0\times 10^{9}$ Hz,368.16096176004703,1.2163884113622017e-27,
0,line,0,ASGARD $1.0\times 10^{9}$ Hz,413.38260837601484,1.2830559211981523e-27,
0,line,0,ASGARD $1.0\times 10^{9}$ Hz,464.1588833612782,1.3554894102619247e-27,
0,line,0,ASGARD $1.0\times 10^{9}$ Hz,521.1720682918044,1.4349876015602685e-27,
0,line,0,ASGARD $1.0\times 10^{9}$ Hz,585.1882501969513,1.522588378000012e-27,
0,line,0,ASGARD $1.0\times 10^{9}$ Hz,657.0676154824831,1.621103090629051e-27,
0,line,0,ASGARD $1.0\times 10^{9}$ Hz,737.7760082683312,1.728915366059146e-27,
0,line,0,ASGARD $1.0\times 10^{9}$ Hz,828.3979084506619,1.8477250003280344e-27,
0,line,0,ASGARD $1.0\times 10^{9}$ Hz,930.1510038746646,1.97796297096355e-27,
0,line,0,ASGARD $1.0\times 10^{9}$ Hz,1044.4025524245699,2.1192011066028345e-27,
0,line,0,ASGARD $1.0\times 10^{9}$ Hz,1172.6877538885456,2.2715554175072257e-27,
0,line,0,ASGARD $1.0\times 10^{9}$ Hz,1316.7303784615017,2.434593902977996e-27,
0,line,0,ASGARD $1.0\times 10^{9}$ Hz,1478.465929071304,2.6059165543707234e-27,
0,line,0,ASGARD $1.0\times 10^{9}$ Hz,1660.0676487609296,2.7844312517140912e-27,
0,line,0,ASGARD $1.0\times 10^{9}$ Hz,1863.975722588148,2.96849107871985e-27,
0,line,0,ASGARD $1.0\times 10^{9}$ Hz,2092.9300664290977,3.1596422847149808e-27,
0,line,0,ASGARD $1.0\times 10^{9}$ Hz,2350.0071432694094,3.35652107353043e-27,
0,line,0,ASGARD $1.0\times 10^{9}$ Hz,2638.6613016839365,3.5592846058260795e-27,
0,line,0,ASGARD $1.0\times 10^{9}$ Hz,2962.77119197087,3.767826862713718e-27,
0,line,0,ASGARD $1.0\times 10^{9}$ Hz,3326.691883634535,3.981438822152705e-27,
0,line,0,ASGARD $1.0\times 10^{9}$ Hz,3735.3133845202788,4.200285831792547e-27,
0,line,0,ASGARD $1.0\times 10^{9}$ Hz,4194.126347923944,4.424058859175594e-27,
0,line,0,ASGARD $1.0\times 10^{9}$ Hz,4709.295850583362,4.652630668356869e-27,
0,line,0,ASGARD $1.0\times 10^{9}$ Hz,5287.744232907843,4.886132014401725e-27,
0,line,0,ASGARD $1.0\times 10^{9}$ Hz,5937.244114571097,5.123867554436024e-27,
0,line,0,ASGARD $1.0\times 10^{9}$ Hz,6666.522835319501,5.369477573148807e-27,
0,line,0,ASGARD $1.0\times 10^{9}$ Hz,7485.379724368442,5.629176286529651e-27,
0,line,0,ASGARD $1.0\times 10^{9}$ Hz,8404.817774137397,5.909980863129394e-27,
0,line,0,ASGARD $1.0\times 10^{9}$ Hz,9437.191487625705,6.2157223474957846e-27,
0,line,0,ASGARD $1.0\times 10^{9}$ Hz,10596.372886056477,6.549180609189345e-27,
0,line,0,ASGARD $1.0\times 10^{9}$ Hz,11897.937907435859,6.919422474533281e-27,
0,line,0,ASGARD $1.0\times 10^{9}$ Hz,13359.375700667906,7.332679496819623e-27,
0,line,0,ASGARD $1.0\times 10^{9}$ Hz,15000.323627513291,7.791369401407323e-27,
0,line,0,ASGARD $1.0\times 10^{9}$ Hz,16842.831130116658,8.300774566095802e-27,
0,line,0,ASGARD $1.0\times 10^{9}$ Hz,18911.65600969468,8.858912953627556e-27,
0,line,0,ASGARD $1.0\times 10^{9}$ Hz,21234.59709748593,9.46263659402782e-27,
0,line,0,ASGARD $1.0\times 10^{9}$ Hz,23842.867788067262,1.0104657805839224e-26,
0,line,0,ASGARD $1.0\times 10^{9}$ Hz,26771.51545420944,1.0770335033862945e-26,
0,line,0,ASGARD $1.0\times 10^{9}$ Hz,30059.89237895584,1.1444646104593964e-26,
0,line,0,ASGARD $1.0\times 10^{9}$ Hz,33752.1845328457,1.2104782063421686e-26,
0,line,0,ASGARD $1.0\times 10^{9}$ Hz,37898.005301469406,1.2730836038309366e-26,
0,line,0,ASGARD $1.0\times 10^{9}$ Hz,42553.0621412821,1.3316832643243886e-26,
0,line,0,ASGARD $1.0\times 10^{9}$ Hz,47779.90512153967,1.3831850152562984e-26,
0,line,0,ASGARD $1.0\times 10^{9}$ Hz,53648.76741052671,1.424724510649341e-26,
0,line,0,ASGARD $1.0\times 10^{9}$ Hz,60238.50899970236,1.4531323438993676e-26,
0,line,0,ASGARD $1.0\times 10^{9}$ Hz,67637.67634660006,1.466652894693426e-26,
0,line,0,ASGARD $1.0\times 10^{9}$ Hz,75945.69217491779,1.465788300688228e-26,
0,line,0,ASGARD $1.0\times 10^{9}$ Hz,85274.19141916305,1.4523707475812243e-26,
0,line,0,ASGARD $1.0\times 10^{9}$ Hz,95748.52126495788,1.4303982617997928e-26,
0,line,0,ASGARD $1.0\times 10^{9}$ Hz,107509.42544107056,1.4015636924251604e-26,
0,line,0,ASGARD $1.0\times 10^{9}$ Hz,120714.9353950307,1.3672556820931997e-26,
0,line,0,ASGARD $1.0\times 10^{9}$ Hz,135542.4937640828,1.3318831491036466e-26,
0,line,0,ASGARD $1.0\times 10^{9}$ Hz,152191.33867459052,1.2989893276901012e-26,
0,line,0,ASGARD $1.0\times 10^{9}$ Hz,170885.1809077577,1.2736001779837364e-26,
0,line,0,ASGARD $1.0\times 10^{9}$ Hz,191875.20990478364,1.2617604094836634e-26,
0,line,0,ASGARD $1.0\times 10^{9}$ Hz,215443.46900318866,1.2625204676876547e-26,
0,line,0,ASGARD $1.0\times 10^{9}$ Hz,241906.64525741176,1.2743942303615083e-26,
0,line,0,ASGARD $1.0\times 10^{9}$ Hz,271620.32476755726,1.2926580045101912e-26,
0,line,0,ASGARD $1.0\times 10^{9}$ Hz,304983.77069520706,1.3126690541757266e-26,
0,line,0,ASGARD $1.0\times 10^{9}$ Hz,342445.2881685698,1.332186255570148e-26,
0,line,0,ASGARD $1.0\times 10^{9}$ Hz,384508.2481652776,1.347357540640719e-26,
0,line,0,ASGARD $1.0\times 10^{9}$ Hz,431737.8513158363,1.357952976357384e-26,
0,line,0,ASGARD $1.0\times 10^{9}$ Hz,484768.7225130572,1.3606286500516826e-26,
0,line,0,ASGARD $1.0\times 10^{9}$ Hz,544313.4383763528,1.3511742752484053e-26,
0,line,0,ASGARD $1.0\times 10^{9}$ Hz,611172.1021545639,1.332291119818028e-26,
0,line,0,ASGARD $1.0\times 10^{9}$ Hz,686243.0947254312,1.307131984093985e-26,
0,line,0,ASGARD $1.0\times 10^{9}$ Hz,770535.1461530557,1.2804251752302511e-26,
0,line,0,ASGARD $1.0\times 10^{9}$ Hz,865180.8900090464,1.2528329824665688e-26,
0,line,0,ASGARD $1.0\times 10^{9}$ Hz,971452.0825869758,1.2229488244565569e-26,
0,line,0,ASGARD $1.0\times 10^{9}$ Hz,1090776.6915109565,1.1938780684271085e-26,
0,line,0,ASGARD $1.0\times 10^{9}$ Hz,1224758.0833582329,1.1632331230625087e-26,
0,line,0,ASGARD $1.0\times 10^{9}$ Hz,1375196.5681201622,1.1309997434423011e-26,
0,line,0,ASGARD $1.0\times 10^{9}$ Hz,1544113.5899948329,1.1040766292077497e-26,
0,line,0,ASGARD $1.0\times 10^{9}$ Hz,1733778.8895633693,1.0854875231122901e-26,
0,line,0,ASGARD $1.0\times 10^{9}$ Hz,1946741.0023284936,1.0872600160528482e-26,
0,line,0,ASGARD $1.0\times 10^{9}$ Hz,2185861.5034246743,1.1025954340390333e-26,
0,line,0,ASGARD $1.0\times 10^{9}$ Hz,2454353.458646543,1.1171158507951404e-26,
0,line,0,ASGARD $1.0\times 10^{9}$ Hz,2755824.5984626412,1.1392041847719039e-26,
0,line,0,ASGARD $1.0\times 10^{9}$ Hz,3094325.795144362,1.157548070189256e-26,
0,line,0,ASGARD $1.0\times 10^{9}$ Hz,3474405.4943980086,1.1704677270356602e-26,
0,line,0,ASGARD $1.0\times 10^{9}$ Hz,3901170.8328986377,1.1835103339974914e-26,
0,line,0,ASGARD $1.0\times 10^{9}$ Hz,4380356.262962907,1.1800064284627955e-26,
0,line,0,ASGARD $1.0\times 10^{9}$ Hz,4918400.606471699,1.1584652563592459e-26,
0,line,0,ASGARD $1.0\times 10^{9}$ Hz,5522533.573417251,1.124033718042638e-26,
0,line,0,ASGARD $1.0\times 10^{9}$ Hz,6200872.907625809,1.0792022967016669e-26,
0,line,0,ASGARD $1.0\times 10^{9}$ Hz,6962533.465004367,1.0308768277930658e-26,
0,line,0,ASGARD $1.0\times 10^{9}$ Hz,7817749.689997524,9.773635108448926e-27,
0,line,0,ASGARD $1.0\times 10^{9}$ Hz,8778013.135972489,9.194723328640709e-27,
0,line,0,ASGARD $1.0\times 10^{9}$ Hz,9856226.87739571,8.626626829356215e-27,
0,line,0,ASGARD $1.0\times 10^{9}$ Hz,11066878.88863989,8.018001382702112e-27,
0,line,0,ASGARD $1.0\times 10^{9}$ Hz,12426236.719115056,7.409109039130339e-27,
0,line,0,ASGARD $1.0\times 10^{9}$ Hz,13952566.080576338,6.805831786940164e-27,
0,line,0,ASGARD $1.0\times 10^{9}$ Hz,15666376.283769464,6.1902783512249e-27,
0,line,0,ASGARD $1.0\times 10^{9}$ Hz,17590695.822349843,5.631510999969832e-27,
0,line,0,ASGARD $1.0\times 10^{9}$ Hz,19751381.80710058,5.0804533294111594e-27,
0,line,0,ASGARD $1.0\times 10^{9}$ Hz,22177467.40832167,4.559589241749e-27,
0,line,0,ASGARD $1.0\times 10^{9}$ Hz,24901551.97497901,4.093346522281775e-27,
0,line,0,ASGARD $1.0\times 10^{9}$ Hz,27960239.072650153,3.640505092382133e-27,
0,line,0,ASGARD $1.0\times 10^{9}$ Hz,31394628.326189354,3.247371754489826e-27,
0,line,0,ASGARD $1.0\times 10^{9}$ Hz,35250867.67600913,2.8844084567637406e-27,
0,line,0,ASGARD $1.0\times 10^{9}$ Hz,39580773.46865453,2.5448862093042073e-27,
0,line,0,ASGARD $1.0\times 10^{9}$ Hz,44442526.71383636,2.2636765037438513e-27,
0,line,0,ASGARD $1.0\times 10^{9}$ Hz,49901454.86353981,1.9950155404845294e-27,
0,line,0,ASGARD $1.0\times 10^{9}$ Hz,56030909.61798617,1.762488614815592e-27,
0,line,0,ASGARD $1.0\times 10^{9}$ Hz,62913252.55353957,1.557900739481276e-27,
0,line,0,ASGARD $1.0\times 10^{9}$ Hz,70640961.8164559,1.3643014907104533e-27,
0,line,0,ASGARD $1.0\times 10^{9}$ Hz,79317874.75313465,1.2093369129753251e-27,
0,line,0,ASGARD $1.0\times 10^{9}$ Hz,89060583.17411506,1.0628871564329381e-27,
0,line,0,ASGARD $1.0\times 10^{9}$ Hz,100000000.0,9.333295870260566e-28,
0,line,1,ASGARD+had $1.0\times 10^{9}$ Hz,1.0,2.163319619269763e-30,
0,line,1,ASGARD+had $1.0\times 10^{9}$ Hz,1.1228311834035287,3.038510005274603e-30,
0,line,1,ASGARD+had $1.0\times 10^{9}$ Hz,1.2607498664233685,4.2365794628655506e-30,
0,line,1,ASGARD+had $1.0\times 10^{9}$ Hz,1.4156092644919918,5.828675637557836e-30,
0,line,1,ASGARD+had $1.0\times 10^{9}$ Hz,1.5894902256865417,8.120793928620326e-30,
0,line,1,ASGARD+had $1.0\times 10^{9}$ Hz,1.7847291911159615,1.1008525499975483e-29,
0,line,1,ASGARD+had $1.0\times 10^{9}$ Hz,2.0039495897155577,1.4995731040097253e-29,
0,line,1,ASGARD+had $1.0\times 10^{9}$ Hz,2.2500970893013355,2.021830801826623e-29,
0,line,1,ASGARD+had $1.0\times 10^{9}$ Hz,2.5264791775530537,2.658211247191293e-29,
0,line,1,ASGARD+had $1.0\times 10^{9}$ Hz,2.8368096047762688,3.5046845855714926e-29,
0,line,1,ASGARD+had $1.0\times 10^{9}$ Hz,3.1852582856214346,4.4977342585597965e-29,
0,line,1,ASGARD+had $1.0\times 10^{9}$ Hz,3.57650733029021,5.687806350937802e-29,
0,line,1,ASGARD+had $1.0\times 10^{9}$ Hz,4.015813958121153,7.135010613928778e-29,
0,line,1,ASGARD+had $1.0\times 10^{9}$ Hz,4.509081138925582,8.701734809873814e-29,
0,line,1,ASGARD+had $1.0\times 10^{9}$ Hz,5.062936911282342,1.0549578682941885e-28,
0,line,1,ASGARD+had $1.0\times 10^{9}$ Hz,5.684823443592558,1.2544437169089686e-28,
0,line,1,ASGARD+had $1.0\times 10^{9}$ Hz,6.383097034609155,1.460776417203766e-28,
0,line,1,ASGARD+had $1.0\times 10^{9}$ Hz,7.167140397149751,1.6858583508659514e-28,
0,line,1,ASGARD+had $1.0\times 10^{9}$ Hz,8.04748873375089,1.9159908454152627e-28,
0,line,1,ASGARD+had $1.0\times 10^{9}$ Hz,9.035971298344078,2.146591025023355e-28,
0,line,1,ASGARD+had $1.0\times 10^{9}$ Hz,10.14587034612,2.3922699611386733e-28,
0,line,1,ASGARD+had $1.0\times 10^{9}$ Hz,11.392099607392687,2.647699060948642e-28,
0,line,1,ASGARD+had $1.0\times 10^{9}$ Hz,12.791404683619605,2.9016500638974027e-28,
0,line,1,ASGARD+had $1.0\times 10^{9}$ Hz,14.362588058302041,3.162505104123386e-28,
0,line,1,ASGARD+had $1.0\times 10^{9}$ Hz,16.12676174624068,3.429610469439904e-28,
0,line,1,ASGARD+had $1.0\times 10^{9}$ Hz,18.107630975998173,3.701003787089987e-28,
0,line,1,ASGARD+had $1.0\times 10^{9}$ Hz,20.331812717414422,3.9817657109507607e-28,
0,line,1,ASGARD+had $1.0\times 10^{9}$ Hz,22.82919333423335,4.262399340244966e-28,
0,line,1,ASGARD+had $1.0\times 10^{9}$ Hz,25.63333016762518,4.54552320999512e-28,
0,line,1,ASGARD+had $1.0\times 10^{9}$ Hz,28.78190244668795,4.845049156950812e-28,
0,line,1,ASGARD+had $1.0\times 10^{9}$ Hz,32.31721758481955,5.145066656587927e-28,
0,line,1,ASGARD+had $1.0\times 10^{9}$ Hz,36.28677966507226,5.450488743996978e-28,
0,line,1,ASGARD+had $1.0\times 10^{9}$ Hz,40.743927753236186,5.768777700911811e-28,
0,line,1,ASGARD+had $1.0\times 10^{9}$ Hz,45.74855261567406,6.094810418414051e-28,
0,line,1,ASGARD+had $1.0\times 10^{9}$ Hz,51.3679014724559,6.427221609248976e-28,
0,line,1,ASGARD+had $1.0\times 10^{9}$ Hz,57.67748159927351,6.779636890771602e-28,
0,line,1,ASGARD+had $1.0\times 10^{9}$ Hz,64.76207491984752,7.16828044260518e-28,
0,line,1,ASGARD+had $1.0\times 10^{9}$ Hz,72.71687722192038,7.585027407774621e-28,
0,line,1,ASGARD+had $1.0\times 10^{9}$ Hz,81.64877730449795,8.03135591782938e-28,
0,line,1,ASGARD+had $1.0\times 10^{9}$ Hz,91.67779324426061,8.515907870332783e-28,
0,line,1,ASGARD+had $1.0\times 10^{9}$ Hz,102.93868508027717,9.055650208804721e-28,
0,line,1,ASGARD+had $1.0\times 10^{9}$ Hz,115.58276558669077,9.624424823884584e-28,
0,line,1,ASGARD+had $1.0\times 10^{9}$ Hz,129.77993346475662,1.0232641486500774e-27,
0,line,1,ASGARD+had $1.0\times 10^{9}$ Hz,145.7209562742639,1.088774598733132e-27,
0,line,1,ASGARD+had $1.0\times 10^{9}$ Hz,163.6200337801256,1.1582333261135976e-27,
0,line,1,ASGARD+had $1.0\times 10^{9}$ Hz,183.71767615786374,1.2322733835884292e-27,
0,line,1,ASGARD+had $1.0\times 10^{9}$ Hz,206.2839357324804,1.3113008342319986e-27,
0,line,1,ASGARD+had $1.0\times 10^{9}$ Hz,231.6220356756384,1.3941569044162292e-27,
0,line,1,ASGARD+had $1.0\times 10^{9}$ Hz,260.07244442001166,1.4815615588332715e-27,
0,line,1,ASGARD+had $1.0\times 10^{9}$ Hz,292.0174505387701,1.5723061010915277e-27,
0,line,1,ASGARD+had $1.0\times 10^{9}$ Hz,327.8862995629286,1.6674015725138764e-27,
0,line,1,ASGARD+had $1.0\times 10^{9}$ Hz,368.16096176004703,1.7663687902239614e-27,
0,line,1,ASGARD+had $1.0\times 10^{9}$ Hz,413.38260837601484,1.8695396892751793e-27,
0,line,1,ASGARD+had $1.0\times 10^{9}$ Hz,464.1588833612782,1.9768076531420553e-27,
0,line,1,ASGARD+had $1.0\times 10^{9}$ Hz,521.1720682918044,2.088598127815395e-27,
0,line,1,ASGARD+had $1.0\times 10^{9}$ Hz,585.1882501969513,2.20461537276929e-27,
0,line,1,ASGARD+had $1.0\times 10^{9}$ Hz,657.0676154824831,2.3259965515128356e-27,
0,line,1,ASGARD+had $1.0\times 10^{9}$ Hz,737.7760082683312,2.4516098383180735e-27,
0,line,1,ASGARD+had $1.0\times 10^{9}$ Hz,828.3979084506619,2.5826225219838837e-27,
0,line,1,ASGARD+had $1.0\times 10^{9}$ Hz,930.1510038746646,2.7186624158834253e-27,
0,line,1,ASGARD+had $1.0\times 10^{9}$ Hz,1044.4025524245699,2.8599025003172817e-27,
0,line,1,ASGARD+had $1.0\times 10^{9}$ Hz,1172.6877538885456,3.0083318282199074e-27,
0,line,1,ASGARD+had $1.0\times 10^{9}$ Hz,1316.7303784615017,3.1648052290337937e-27,
0,line,1,ASGARD+had $1.0\times 10^{9}$ Hz,1478.465929071304,3.3341077533062185e-27,
0,line,1,ASGARD+had $1.0\times 10^{9}$ Hz,1660.0676487609296,3.517894001762578e-27,
0,line,1,ASGARD+had $1.0\times 10^{9}$ Hz,1863.975722588148,3.717486558993282e-27,
0,line,1,ASGARD+had $1.0\times 10^{9}$ Hz,2092.9300664290977,3.936873771590081e-27,
0,line,1,ASGARD+had $1.0\times 10^{9}$ Hz,2350.0071432694094,4.174784866438901e-27,
0,line,1,ASGARD+had $1.0\times 10^{9}$ Hz,2638.6613016839365,4.433755599984401e-27,
0,line,1,ASGARD+had $1.0\times 10^{9}$ Hz,2962.77119197087,4.714202266556651e-27,
0,line,1,ASGARD+had $1.0\times 10^{9}$ Hz,3326.691883634535,5.015933337049452e-27,
0,line,1,ASGARD+had $1.0\times 10^{9}$ Hz,3735.3133845202788,5.340773650770457e-27,
0,line,1,ASGARD+had $1.0\times 10^{9}$ Hz,4194.126347923944,5.687707710938362e-27,
0,line,1,ASGARD+had $1.0\times 10^{9}$ Hz,4709.295850583362,6.056155100391187e-27,
0,line,1,ASGARD+had $1.0\times 10^{9}$ Hz,5287.744232907843,6.448342671804536e-27,
0,line,1,ASGARD+had $1.0\times 10^{9}$ Hz,5937.244114571097,6.860308172253386e-27,
0,line,1,ASGARD+had $1.0\times 10^{9}$ Hz,6666.522835319501,7.29393574366047e-27,
0,line,1,ASGARD+had $1.0\times 10^{9}$ Hz,7485.379724368442,7.74817880837901e-27,
0,line,1,ASGARD+had $1.0\times 10^{9}$ Hz,8404.817774137397,8.222045512614125e-27,
0,line,1,ASGARD+had $1.0\times 10^{9}$ Hz,9437.191487625705,8.717685399791022e-27,
0,line,1,ASGARD+had $1.0\times 10^{9}$ Hz,10596.372886056477,9.233644832888483e-27,
0,line,1,ASGARD+had $1.0\times 10^{9}$ Hz,11897.937907435859,9.771148353967317e-27,
0,line,1,ASGARD+had $1.0\times 10^{9}$ Hz,13359.375700667906,1.033091191377763e-26,
0,line,1,ASGARD+had $1.0\times 10^{9}$ Hz,15000.323627513291,1.0910761227931516e-26,
0,line,1,ASGARD+had $1.0\times 10^{9}$ Hz,16842.831130116658,1.151289383371182e-26,
0,line,1,ASGARD+had $1.0\times 10^{9}$ Hz,18911.65600969468,1.2132720719224033e-26,
0,line,1,ASGARD+had $1.0\times 10^{9}$ Hz,21234.59709748593,1.2766329303718653e-26,
0,line,1,ASGARD+had $1.0\times 10^{9}$ Hz,23842.867788067262,1.340823609412726e-26,
0,line,1,ASGARD+had $1.0\times 10^{9}$ Hz,26771.51545420944,1.4044185422525475e-26,
0,line,1,ASGARD+had $1.0\times 10^{9}$ Hz,30059.89237895584,1.4671220931789145e-26,
0,line,1,ASGARD+had $1.0\times 10^{9}$ Hz,33752.1845328457,1.5272475316542117e-26,
0,line,1,ASGARD+had $1.0\times 10^{9}$ Hz,37898.005301469406,1.5835239832721625e-26,
0,line,1,ASGARD+had $1.0\times 10^{9}$ Hz,42553.0621412821,1.635679934468635e-26,
0,line,1,ASGARD+had $1.0\times 10^{9}$ Hz,47779.90512153967,1.682918773544329e-26,
0,line,1,ASGARD+had $1.0\times 10^{9}$ Hz,53648.76741052671,1.7259830176324816e-26,
0,line,1,ASGARD+had $1.0\times 10^{9}$ Hz,60238.50899970236,1.7656678629244584e-26,
0,line,1,ASGARD+had $1.0\times 10^{9}$ Hz,67637.67634660006,1.802767380297118e-26,
0,line,1,ASGARD+had $1.0\times 10^{9}$ Hz,75945.69217491779,1.839112497322494e-26,
0,line,1,ASGARD+had $1.0\times 10^{9}$ Hz,85274.19141916305,1.8716212486998665e-26,
0,line,1,ASGARD+had $1.0\times 10^{9}$ Hz,95748.52126495788,1.8971258120414016e-26,
0,line,1,ASGARD+had $1.0\times 10^{9}$ Hz,107509.42544107056,1.9138051601699164e-26,
0,line,1,ASGARD+had $1.0\times 10^{9}$ Hz,120714.9353950307,1.9200468036574284e-26,
0,line,1,ASGARD+had $1.0\times 10^{9}$ Hz,135542.4937640828,1.916660475450498e-26,
0,line,1,ASGARD+had $1.0\times 10^{9}$ Hz,152191.33867459052,1.9037209787846524e-26,
0,line,1,ASGARD+had $1.0\times 10^{9}$ Hz,170885.1809077577,1.8825637852130805e-26,
0,line,1,ASGARD+had $1.0\times 10^{9}$ Hz,191875.20990478364,1.8556760320877755e-26,
0,line,1,ASGARD+had $1.0\times 10^{9}$ Hz,215443.46900318866,1.8236677852148788e-26,
0,line,1,ASGARD+had $1.0\times 10^{9}$ Hz,241906.64525741176,1.7888966773344327e-26,
0,line,1,ASGARD+had $1.0\times 10^{9}$ Hz,271620.32476755726,1.7520978001014877e-26,
0,line,1,ASGARD+had $1.0\times 10^{9}$ Hz,304983.77069520706,1.7135460729095895e-26,
0,line,1,ASGARD+had $1.0\times 10^{9}$ Hz,342445.2881685698,1.675048405618996e-26,
0,line,1,ASGARD+had $1.0\times 10^{9}$ Hz,384508.2481652776,1.635892712574384e-26,
0,line,1,ASGARD+had $1.0\times 10^{9}$ Hz,431737.8513158363,1.6002131544901608e-26,
0,line,1,ASGARD+had $1.0\times 10^{9}$ Hz,484768.7225130572,1.576719090893948e-26,
0,line,1,ASGARD+had $1.0\times 10^{9}$ Hz,544313.4383763528,1.5663721671434268e-26,
0,line,1,ASGARD+had $1.0\times 10^{9}$ Hz,611172.1021545639,1.5664621875462704e-26,
0,line,1,ASGARD+had $1.0\times 10^{9}$ Hz,686243.0947254312,1.5714843682965398e-26,
0,line,1,ASGARD+had $1.0\times 10^{9}$ Hz,770535.1461530557,1.5791628089704523e-26,
0,line,1,ASGARD+had $1.0\times 10^{9}$ Hz,865180.8900090464,1.586986141628828e-26,
0,line,1,ASGARD+had $1.0\times 10^{9}$ Hz,971452.0825869758,1.5912054786118685e-26,
0,line,1,ASGARD+had $1.0\times 10^{9}$ Hz,1090776.6915109565,1.595137652009757e-26,
0,line,1,ASGARD+had $1.0\times 10^{9}$ Hz,1224758.0833582329,1.5938808806500396e-26,
0,line,1,ASGARD+had $1.0\times 10^{9}$ Hz,1375196.5681201622,1.5856993299221183e-26,
0,line,1,ASGARD+had $1.0\times 10^{9}$ Hz,1544113.5899948329,1.5707043466189035e-26,
0,line,1,ASGARD+had $1.0\times 10^{9}$ Hz,1733778.8895633693,1.5465557508467205e-26,
0,line,1,ASGARD+had $1.0\times 10^{9}$ Hz,1946741.0023284936,1.5184429815744142e-26,
0,line,1,ASGARD+had $1.0\times 10^{9}$ Hz,2185861.5034246743,1.4882931674664368e-26,
0,line,1,ASGARD+had $1.0\times 10^{9}$ Hz,2454353.458646543,1.450513383911596e-26,
0,line,1,ASGARD+had $1.0\times 10^{9}$ Hz,2755824.5984626412,1.413738939691891e-26,
0,line,1,ASGARD+had $1.0\times 10^{9}$ Hz,3094325.795144362,1.372867797812282e-26,
0,line,1,ASGARD+had $1.0\times 10^{9}$ Hz,3474405.4943980086,1.327339028263387e-26,
0,line,1,ASGARD+had $1.0\times 10^{9}$ Hz,3901170.8328986377,1.290001593973007e-26,
0,line,1,ASGARD+had $1.0\times 10^{9}$ Hz,4380356.262962907,1.2485252926883775e-26,
0,line,1,ASGARD+had $1.0\times 10^{9}$ Hz,4918400.606471699,1.2081865737209672e-26,
0,line,1,ASGARD+had $1.0\times 10^{9}$ Hz,5522533.573417251,1.1666907186359399e-26,
0,line,1,ASGARD+had $1.0\times 10^{9}$ Hz,6200872.907625809,1.118028638323426e-26,
0,line,1,ASGARD+had $1.0\times 10^{9}$ Hz,6962533.465004367,1.0690761778270027e-26,
0,line,1,ASGARD+had $1.0\times 10^{9}$ Hz,7817749.689997524,1.0144413276724533e-26,
0,line,1,ASGARD+had $1.0\times 10^{9}$ Hz,8778013.135972489,9.550300462796887e-27,
0,line,1,ASGARD+had $1.0\times 10^{9}$ Hz,9856226.87739571,8.887107330013445e-27,
0,line,1,ASGARD+had $1.0\times 10^{9}$ Hz,11066878.88863989,8.164528079628366e-27,
0,line,1,ASGARD+had $1.0\times 10^{9}$ Hz,12426236.719115056,7.423819649128726e-27,
0,line,1,ASGARD+had $1.0\times 10^{9}$ Hz,13952566.080576338,6.700459746979938e-27,
0,line,1,ASGARD+had $1.0\times 10^{9}$ Hz,15666376.283769464,5.9755498719732805e-27,
0,line,1,ASGARD+had $1.0\times 10^{9}$ Hz,17590695.822349843,5.3348782295528716e-27,
0,line,1,ASGARD+had $1.0\times 10^{9}$ Hz,19751381.80710058,4.71788314342631e-27,
0,line,1,ASGARD+had $1.0\times 10^{9}$ Hz,22177467.40832167,4.1494136436858835e-27,
0,line,1,ASGARD+had $1.0\times 10^{9}$ Hz,24901551.97497901,3.6557480118599635e-27,
0,line,1,ASGARD+had $1.0\times 10^{9}$ Hz,27960239.072650153,3.1868858888150292e-27,
0,line,1,ASGARD+had $1.0\times 10^{9}$ Hz,31394628.326189354,2.7929239788569624e-27,
0,line,1,ASGARD+had $1.0\times 10^{9}$ Hz,35250867.67600913,2.4375875305459865e-27,
0,line,1,ASGARD+had $1.0\times 10^{9}$ Hz,39580773.46865453,2.1128203747524832e-27,
0,line,1,ASGARD+had $1.0\times 10^{9}$ Hz,44442526.71383636,1.8519408448150107e-27,
0,line,1,ASGARD+had $1.0\times 10^{9}$ Hz,49901454.86353981,1.607058554280123e-27,
0,line,1,ASGARD+had $1.0\times 10^{9}$ Hz,56030909.61798617,1.4005014002396508e-27,
0,line,1,ASGARD+had $1.0\times 10^{9}$ Hz,62913252.55353957,1.2226302403256621e-27,
0,line,1,ASGARD+had $1.0\times 10^{9}$ Hz,70640961.8164559,1.0572116968240845e-27,
0,line,1,ASGARD+had $1.0\times 10^{9}$ Hz,79317874.75313465,9.281877170517874e-28,
0,line,1,ASGARD+had $1.0\times 10^{9}$ Hz,89060583.17411506,8.078227089957319e-28,
0,line,1,ASGARD+had $1.0\times 10^{9}$ Hz,100000000.0,7.031619247629178e-28,
0,line,2,Vegas $1.0\times 10^{9}$ Hz,1.0,1.3894409926166732e-30,
0,line,2,Vegas $1.0\times 10^{9}$ Hz,1.1228311834035287,1.9548959829659033e-30,
0,line,2,Vegas $1.0\times 10^{9}$ Hz,1.2607498664233685,2.748074020236555e-30,
0,line,2,Vegas $1.0\times 10^{9}$ Hz,1.4156092644919918,3.8464231136078744e-30,
0,line,2,Vegas $1.0\times 10^{9}$ Hz,1.5894902256865417,5.3642029089397504e-30,
0,line,2,Vegas $1.0\times 10^{9}$ Hz,1.7847291911159615,7.466212351484336e-30,
0,line,2,Vegas $1.0\times 10^{9}$ Hz,2.0039495897155577,1.033603173245334e-29,
0,line,2,Vegas $1.0\times 10^{9}$ Hz,2.2500970893013355,1.4185926096416555e-29,
0,line,2,Vegas $1.0\times 10^{9}$ Hz,2.5264791775530537,1.9268291521740275e-29,
0,line,2,Vegas $1.0\times 10^{9}$ Hz,2.8368096047762688,2.584908144136564e-29,
0,line,2,Vegas $1.0\times 10^{9}$ Hz,3.1852582856214346,3.417784392382147e-29,
0,line,2,Vegas $1.0\times 10^{9}$ Hz,3.57650733029021,4.4450782622637374e-29,
0,line,2,Vegas $1.0\times 10^{9}$ Hz,4.015813958121153,5.679478484279738e-29,
0,line,2,Vegas $1.0\times 10^{9}$ Hz,4.509081138925582,7.124235972754404e-29,
0,line,2,Vegas $1.0\times 10^{9}$ Hz,5.062936911282342,8.774226763743646e-29,
0,line,2,Vegas $1.0\times 10^{9}$ Hz,5.684823443592558,1.06183269443662e-28,
0,line,2,Vegas $1.0\times 10^{9}$ Hz,6.383097034609155,1.2642442981103657e-28,
0,line,2,Vegas $1.0\times 10^{9}$ Hz,7.167140397149751,1.4830016661060503e-28,
0,line,2,Vegas $1.0\times 10^{9}$ Hz,8.04748873375089,1.7157995092254779e-28,
0,line,2,Vegas $1.0\times 10^{9}$ Hz,9.035971298344078,1.9625398175704245e-28,
0,line,2,Vegas $1.0\times 10^{9}$ Hz,10.14587034612,2.221840550116102e-28,
0,line,2,Vegas $1.0\times 10^{9}$ Hz,11.392099607392687,2.4943929460305377e-28,
0,line,2,Vegas $1.0\times 10^{9}$ Hz,12.791404683619605,2.7804352960995567e-28,
0,line,2,Vegas $1.0\times 10^{9}$ Hz,14.362588058302041,3.0781096224365804e-28,
0,line,2,Vegas $1.0\times 10^{9}$ Hz,16.12676174624068,3.3899480603668855e-28,
0,line,2,Vegas $1.0\times 10^{9}$ Hz,18.107630975998173,3.7147824539122623e-28,
0,line,2,Vegas $1.0\times 10^{9}$ Hz,20.331812717414422,4.051005562216447e-28,
0,line,2,Vegas $1.0\times 10^{9}$ Hz,22.82919333423335,4.4046221352362525e-28,
0,line,2,Vegas $1.0\times 10^{9}$ Hz,25.63333016762518,4.77482605971851e-28,
0,line,2,Vegas $1.0\times 10^{9}$ Hz,28.78190244668795,5.161708130793807e-28,
0,line,2,Vegas $1.0\times 10^{9}$ Hz,32.31721758481955,5.569630874502008e-28,
0,line,2,Vegas $1.0\times 10^{9}$ Hz,36.28677966507226,5.994286798260614e-28,
0,line,2,Vegas $1.0\times 10^{9}$ Hz,40.743927753236186,6.44194714832807e-28,
0,line,2,Vegas $1.0\times 10^{9}$ Hz,45.74855261567406,6.908892514739289e-28,
0,line,2,Vegas $1.0\times 10^{9}$ Hz,51.3679014724559,7.400175260624743e-28,
0,line,2,Vegas $1.0\times 10^{9}$ Hz,57.67748159927351,7.92631786033625e-28,
0,line,2,Vegas $1.0\times 10^{9}$ Hz,64.76207491984752,8.460465176111608e-28,
0,line,2,Vegas $1.0\times 10^{9}$ Hz,72.71687722192038,9.058044590916974e-28,
0,line,2,Vegas $1.0\times 10^{9}$ Hz,81.64877730449795,9.64043919738983e-28,
0,line,2,Vegas $1.0\times 10^{9}$ Hz,91.67779324426061,1.0299615266012157e-27,
0,line,2,Vegas $1.0\times 10^{9}$ Hz,102.93868508027717,1.0954333278738528e-27,
0,line,2,Vegas $1.0\times 10^{9}$ Hz,115.58276558669077,1.1672428705239583e-27,
0,line,2,Vegas $1.0\times 10^{9}$ Hz,129.77993346475662,1.2416432835032807e-27,
0,line,2,Vegas $1.0\times 10^{9}$ Hz,145.7209562742639,1.3203427462626747e-27,
0,line,2,Vegas $1.0\times 10^{9}$ Hz,163.6200337801256,1.4050378766850528e-27,
0,line,2,Vegas $1.0\times 10^{9}$ Hz,183.71767615786374,1.4911530573338967e-27,
0,line,2,Vegas $1.0\times 10^{9}$ Hz,206.2839357324804,1.585285040401092e-27,
0,line,2,Vegas $1.0\times 10^{9}$ Hz,231.6220356756384,1.6815527028463265e-27,
0,line,2,Vegas $1.0\times 10^{9}$ Hz,260.07244442001166,1.7853096448600254e-27,
0,line,2,Vegas $1.0\times 10^{9}$ Hz,292.0174505387701,1.8959544370863768e-27,
0,line,2,Vegas $1.0\times 10^{9}$ Hz,327.8862995629286,2.009259045651044e-27,
0,line,2,Vegas $1.0\times 10^{9}$ Hz,368.16096176004703,2.1344708834305012e-27,
0,line,2,Vegas $1.0\times 10^{9}$ Hz,413.38260837601484,2.2607015365049318e-27,
0,line,2,Vegas $1.0\times 10^{9}$ Hz,464.1588833612782,2.398504066176207e-27,
0,line,2,Vegas $1.0\times 10^{9}$ Hz,521.1720682918044,2.5443869740805863e-27,
0,line,2,Vegas $1.0\times 10^{9}$ Hz,585.1882501969513,2.693888176881212e-27,
0,line,2,Vegas $1.0\times 10^{9}$ Hz,657.0676154824831,2.85768267000376e-27,
0,line,2,Vegas $1.0\times 10^{9}$ Hz,737.7760082683312,3.0274896742649018e-27,
0,line,2,Vegas $1.0\times 10^{9}$ Hz,828.3979084506619,3.2066384130738587e-27,
0,line,2,Vegas $1.0\times 10^{9}$ Hz,930.1510038746646,3.4014995296953964e-27,
0,line,2,Vegas $1.0\times 10^{9}$ Hz,1044.4025524245699,3.601607265338802e-27,
0,line,2,Vegas $1.0\times 10^{9}$ Hz,1172.6877538885456,3.814660085374019e-27,
0,line,2,Vegas $1.0\times 10^{9}$ Hz,1316.7303784615017,4.045693219026431e-27,
0,line,2,Vegas $1.0\times 10^{9}$ Hz,1478.465929071304,4.2852039037503936e-27,
0,line,2,Vegas $1.0\times 10^{9}$ Hz,1660.0676487609296,4.537034885721174e-27,
0,line,2,Vegas $1.0\times 10^{9}$ Hz,1863.975722588148,4.8098696595773666e-27,
0,line,2,Vegas $1.0\times 10^{9}$ Hz,2092.9300664290977,5.100663341065532e-27,
0,line,2,Vegas $1.0\times 10^{9}$ Hz,2350.0071432694094,5.398721119181571e-27,
0,line,2,Vegas $1.0\times 10^{9}$ Hz,2638.6613016839365,5.718673915652645e-27,
0,line,2,Vegas $1.0\times 10^{9}$ Hz,2962.77119197087,6.06170406723746e-27,
0,line,2,Vegas $1.0\times 10^{9}$ Hz,3326.691883634535,6.4268307575080544e-27,
0,line,2,Vegas $1.0\times 10^{9}$ Hz,3735.3133845202788,6.812272979895515e-27,
0,line,2,Vegas $1.0\times 10^{9}$ Hz,4194.126347923944,7.216651616791993e-27,
0,line,2,Vegas $1.0\times 10^{9}$ Hz,4709.295850583362,7.64670379434926e-27,
0,line,2,Vegas $1.0\times 10^{9}$ Hz,5287.744232907843,8.105457182181023e-27,
0,line,2,Vegas $1.0\times 10^{9}$ Hz,5937.244114571097,8.59295880478765e-27,
0,line,2,Vegas $1.0\times 10^{9}$ Hz,6666.522835319501,9.109402156283894e-27,
0,line,2,Vegas $1.0\times 10^{9}$ Hz,7485.379724368442,9.657738609733601e-27,
0,line,2,Vegas $1.0\times 10^{9}$ Hz,8404.817774137397,1.0239972103686734e-26,
0,line,2,Vegas $1.0\times 10^{9}$ Hz,9437.191487625705,1.0861234131813839e-26,
0,line,2,Vegas $1.0\times 10^{9}$ Hz,10596.372886056477,1.1520937887855137e-26,
0,line,2,Vegas $1.0\times 10^{9}$ Hz,11897.937907435859,1.2217761981490588e-26,
0,line,2,Vegas $1.0\times 10^{9}$ Hz,13359.375700667906,1.2958215841868344e-26,
0,line,2,Vegas $1.0\times 10^{9}$ Hz,15000.323627513291,1.3748347749309258e-26,
0,line,2,Vegas $1.0\times 10^{9}$ Hz,16842.831130116658,1.4577442800613312e-26,
0,line,2,Vegas $1.0\times 10^{9}$ Hz,18911.65600969468,1.5454783268164698e-26,
0,line,2,Vegas $1.0\times 10^{9}$ Hz,21234.59709748593,1.6371255199603583e-26,
0,line,2,Vegas $1.0\times 10^{9}$ Hz,23842.867788067262,1.7315578472220383e-26,
0,line,2,Vegas $1.0\times 10^{9}$ Hz,26771.51545420944,1.8273920937965847e-26,
0,line,2,Vegas $1.0\times 10^{9}$ Hz,30059.89237895584,1.923275508684596e-26,
0,line,2,Vegas $1.0\times 10^{9}$ Hz,33752.1845328457,2.0153571508222836e-26,
0,line,2,Vegas $1.0\times 10^{9}$ Hz,37898.005301469406,2.1019278190676463e-26,
0,line,2,Vegas $1.0\times 10^{9}$ Hz,42553.0621412821,2.1807292782105833e-26,
0,line,2,Vegas $1.0\times 10^{9}$ Hz,47779.90512153967,2.2496544691921217e-26,
0,line,2,Vegas $1.0\times 10^{9}$ Hz,53648.76741052671,2.3080259212514853e-26,
0,line,2,Vegas $1.0\times 10^{9}$ Hz,60238.50899970236,2.3560952691288378e-26,
0,line,2,Vegas $1.0\times 10^{9}$ Hz,67637.67634660006,2.3939520238232575e-26,
0,line,2,Vegas $1.0\times 10^{9}$ Hz,75945.69217491779,2.4220793386487593e-26,
0,line,2,Vegas $1.0\times 10^{9}$ Hz,85274.19141916305,2.4421823908617678e-26,
0,line,2,Vegas $1.0\times 10^{9}$ Hz,95748.52126495788,2.454922987817606e-26,
0,line,2,Vegas $1.0\times 10^{9}$ Hz,107509.42544107056,2.4611489592431233e-26,
0,line,2,Vegas $1.0\times 10^{9}$ Hz,120714.9353950307,2.4629350438955213e-26,
0,line,2,Vegas $1.0\times 10^{9}$ Hz,135542.4937640828,2.4596382508966603e-26,
0,line,2,Vegas $1.0\times 10^{9}$ Hz,152191.33867459052,2.4538442015869813e-26,
0,line,2,Vegas $1.0\times 10^{9}$ Hz,170885.1809077577,2.4448912878535383e-26,
0,line,2,Vegas $1.0\times 10^{9}$ Hz,191875.20990478364,2.4343950191594268e-26,
0,line,2,Vegas $1.0\times 10^{9}$ Hz,215443.46900318866,2.4221105510058475e-26,
0,line,2,Vegas $1.0\times 10^{9}$ Hz,241906.64525741176,2.4096276993669268e-26,
0,line,2,Vegas $1.0\times 10^{9}$ Hz,271620.32476755726,2.3961587509373202e-26,
0,line,2,Vegas $1.0\times 10^{9}$ Hz,304983.77069520706,2.3825603680381586e-26,
0,line,2,Vegas $1.0\times 10^{9}$ Hz,342445.2881685698,2.3699320233018842e-26,
0,line,2,Vegas $1.0\times 10^{9}$ Hz,384508.2481652776,2.3566694133138237e-26,
0,line,2,Vegas $1.0\times 10^{9}$ Hz,431737.8513158363,2.3445618207796693e-26,
0,line,2,Vegas $1.0\times 10^{9}$ Hz,484768.7225130572,2.3336406690317992e-26,
0,line,2,Vegas $1.0\times 10^{9}$ Hz,544313.4383763528,2.3226393624946809e-26,
0,line,2,Vegas $1.0\times 10^{9}$ Hz,611172.1021545639,2.3130360607389365e-26,
0,line,2,Vegas $1.0\times 10^{9}$ Hz,686243.0947254312,2.304607904986205e-26,
0,line,2,Vegas $1.0\times 10^{9}$ Hz,770535.1461530557,2.2962248002024705e-26,
0,line,2,Vegas $1.0\times 10^{9}$ Hz,865180.8900090464,2.2888791448459956e-26,
0,line,2,Vegas $1.0\times 10^{9}$ Hz,971452.0825869758,2.28197657433859e-26,
0,line,2,Vegas $1.0\times 10^{9}$ Hz,1090776.6915109565,2.275089208538758e-26,
0,line,2,Vegas $1.0\times 10^{9}$ Hz,1224758.0833582329,2.2675999717244866e-26,
0,line,2,Vegas $1.0\times 10^{9}$ Hz,1375196.5681201622,2.258932093752331e-26,
0,line,2,Vegas $1.0\times 10^{9}$ Hz,1544113.5899948329,2.2503028785452558e-26,
0,line,2,Vegas $1.0\times 10^{9}$ Hz,1733778.8895633693,2.236841207946769e-26,
0,line,2,Vegas $1.0\times 10^{9}$ Hz,1946741.0023284936,2.219958056186623e-26,
0,line,2,Vegas $1.0\times 10^{9}$ Hz,2185861.5034246743,2.203205174510713e-26,
0,line,2,Vegas $1.0\times 10^{9}$ Hz,2454353.458646543,2.1737101812237484e-26,
0,line,2,Vegas $1.0\times 10^{9}$ Hz,2755824.5984626412,2.138421942233077e-26,
0,line,2,Vegas $1.0\times 10^{9}$ Hz,3094325.795144362,2.1037077674295653e-26,
0,line,2,Vegas $1.0\times 10^{9}$ Hz,3474405.4943980086,2.045397381797383e-26,
0,line,2,Vegas $1.0\times 10^{9}$ Hz,3901170.8328986377,1.980232942940607e-26,
0,line,2,Vegas $1.0\times 10^{9}$ Hz,4380356.262962907,1.9171449164021944e-26,
0,line,2,Vegas $1.0\times 10^{9}$ Hz,4918400.606471699,1.8217642064287877e-26,
0,line,2,Vegas $1.0\times 10^{9}$ Hz,5522533.573417251,1.721994844884978e-26,
0,line,2,Vegas $1.0\times 10^{9}$ Hz,6200872.907625809,1.6276894131053374e-26,
0,line,2,Vegas $1.0\times 10^{9}$ Hz,6962533.465004367,1.5024455400003283e-26,
0,line,2,Vegas $1.0\times 10^{9}$ Hz,7817749.689997524,1.379294128549161e-26,
0,line,2,Vegas $1.0\times 10^{9}$ Hz,8778013.135972489,1.2662371074877151e-26,
0,line,2,Vegas $1.0\times 10^{9}$ Hz,9856226.87739571,1.1348512450430136e-26,
0,line,2,Vegas $1.0\times 10^{9}$ Hz,11066878.88863989,1.0124079643942454e-26,
0,line,2,Vegas $1.0\times 10^{9}$ Hz,12426236.719115056,9.031755525723197e-27,
0,line,2,Vegas $1.0\times 10^{9}$ Hz,13952566.080576338,7.902433601406606e-27,
0,line,2,Vegas $1.0\times 10^{9}$ Hz,15666376.283769464,6.892056030683044e-27,
0,line,2,Vegas $1.0\times 10^{9}$ Hz,17590695.822349843,6.010861921036816e-27,
0,line,2,Vegas $1.0\times 10^{9}$ Hz,19751381.80710058,5.176054854742208e-27,
0,line,2,Vegas $1.0\times 10^{9}$ Hz,22177467.40832167,4.448808396978868e-27,
0,line,2,Vegas $1.0\times 10^{9}$ Hz,24901551.97497901,3.823741634533335e-27,
0,line,2,Vegas $1.0\times 10^{9}$ Hz,27960239.072650153,3.264285730468676e-27,
0,line,2,Vegas $1.0\times 10^{9}$ Hz,31394628.326189354,2.7841287466113625e-27,
0,line,2,Vegas $1.0\times 10^{9}$ Hz,35250867.67600913,2.3746000172434276e-27,
0,line,2,Vegas $1.0\times 10^{9}$ Hz,39580773.46865453,2.019830872325744e-27,
0,line,2,Vegas $1.0\times 10^{9}$ Hz,44442526.71383636,1.7174744758103797e-27,
0,line,2,Vegas $1.0\times 10^{9}$ Hz,49901454.86353981,1.4603790007384298e-27,
0,line,2,Vegas $1.0\times 10^{9}$ Hz,56030909.61798617,1.2412035590730536e-27,
0,line,2,Vegas $1.0\times 10^{9}$ Hz,62913252.55353957,1.05486408354127e-27,
0,line,2,Vegas $1.0\times 10^{9}$ Hz,70640961.8164559,8.964993935013592e-28,
0,line,2,Vegas $1.0\times 10^{9}$ Hz,79317874.75313465,7.623875012775185e-28,
0,line,2,Vegas $1.0\times 10^{9}$ Hz,89060583.17411506,6.483866690075014e-28,
0,line,2,Vegas $1.0\times 10^{9}$ Hz,100000000.0,5.514325358844488e-28,
0,line,3,ASGARD $1.0\times 10^{14}$ Hz,1.0,4.277074295856764e-29,
0,line,3,ASGARD $1.0\times 10^{14}$ Hz,1.1228311834035287,6.012131066351098e-29,
0,line,3,ASGARD $1.0\times 10^{14}$ Hz,1.2607498664233685,8.399964188560945e-29,
0,line,3,ASGARD $1.0\times 10^{14}$ Hz,1.4156092644919918,1.1571077646977184e-28,
0,line,3,ASGARD $1.0\times 10^{14}$ Hz,1.5894902256865417,1.6210992436140968e-28,
0,line,3,ASGARD $1.0\times 10^{14}$ Hz,1.7847291911159615,2.2135066250371577e-28,
0,line,3,ASGARD $1.0\times 10^{14}$ Hz,2.0039495897155577,3.042055615549686e-28,
0,line,3,ASGARD $1.0\times 10^{14}$ Hz,2.2500970893013355,4.154554651363423e-28,
0,line,3,ASGARD $1.0\times 10^{14}$ Hz,2.5264791775530537,5.527081068446528e-28,
0,line,3,ASGARD $1.0\times 10^{14}$ Hz,2.8368096047762688,7.394803816478529e-28,
0,line,3,ASGARD $1.0\times 10^{14}$ Hz,3.1852582856214346,9.626550916446903e-28,
0,line,3,ASGARD $1.0\times 10^{14}$ Hz,3.57650733029021,1.2335920886809086e-27,
0,line,3,ASGARD $1.0\times 10^{14}$ Hz,4.015813958121153,1.5690900050077764e-27,
0,line,3,ASGARD $1.0\times 10^{14}$ Hz,4.509081138925582,1.9342424289512164e-27,
0,line,3,ASGARD $1.0\times 10^{14}$ Hz,5.062936911282342,2.3680449816934454e-27,
0,line,3,ASGARD $1.0\times 10^{14}$ Hz,5.684823443592558,2.846541989881454e-27,
0,line,3,ASGARD $1.0\times 10^{14}$ Hz,6.383097034609155,3.341861635661574e-27,
0,line,3,ASGARD $1.0\times 10^{14}$ Hz,7.167140397149751,3.902738934187542e-27,
0,line,3,ASGARD $1.0\times 10^{14}$ Hz,8.04748873375089,4.482992878166515e-27,
0,line,3,ASGARD $1.0\times 10^{14}$ Hz,9.035971298344078,5.066498913392753e-27,
0,line,3,ASGARD $1.0\times 10^{14}$ Hz,10.14587034612,5.6920309111539456e-27,
0,line,3,ASGARD $1.0\times 10^{14}$ Hz,11.392099607392687,6.339748750267553e-27,
0,line,3,ASGARD $1.0\times 10^{14}$ Hz,12.791404683619605,7.010365345791019e-27,
0,line,3,ASGARD $1.0\times 10^{14}$ Hz,14.362588058302041,7.783876877991435e-27,
0,line,3,ASGARD $1.0\times 10^{14}$ Hz,16.12676174624068,8.556513738100277e-27,
0,line,3,ASGARD $1.0\times 10^{14}$ Hz,18.107630975998173,9.45033428808852e-27,
0,line,3,ASGARD $1.0\times 10^{14}$ Hz,20.331812717414422,1.0342489473295758e-26,
0,line,3,ASGARD $1.0\times 10^{14}$ Hz,22.82919333423335,1.1288683136733822e-26,
0,line,3,ASGARD $1.0\times 10^{14}$ Hz,25.63333016762518,1.2283839194472415e-26,
0,line,3,ASGARD $1.0\times 10^{14}$ Hz,28.78190244668795,1.337399422784902e-26,
0,line,3,ASGARD $1.0\times 10^{14}$ Hz,32.31721758481955,1.456958875542684e-26,
0,line,3,ASGARD $1.0\times 10^{14}$ Hz,36.28677966507226,1.5821267967094767e-26,
0,line,3,ASGARD $1.0\times 10^{14}$ Hz,40.743927753236186,1.7228375465698723e-26,
0,line,3,ASGARD $1.0\times 10^{14}$ Hz,45.74855261567406,1.8712199251591892e-26,
0,line,3,ASGARD $1.0\times 10^{14}$ Hz,51.3679014724559,2.0291337352426435e-26,
0,line,3,ASGARD $1.0\times 10^{14}$ Hz,57.67748159927351,2.1931901814977161e-26,
0,line,3,ASGARD $1.0\times 10^{14}$ Hz,64.76207491984752,2.367172821014378e-26,
0,line,3,ASGARD $1.0\times 10^{14}$ Hz,72.71687722192038,2.5430581698547144e-26,
0,line,3,ASGARD $1.0\times 10^{14}$ Hz,81.64877730449795,2.726507628448846e-26,
0,line,3,ASGARD $1.0\times 10^{14}$ Hz,91.67779324426061,2.9150670856216035e-26,
0,line,3,ASGARD $1.0\times 10^{14}$ Hz,102.93868508027717,3.110450280101067e-26,
0,line,3,ASGARD $1.0\times 10^{14}$ Hz,115.58276558669077,3.310523527033006e-26,
0,line,3,ASGARD $1.0\times 10^{14}$ Hz,129.77993346475662,3.5152747302236114e-26,
0,line,3,ASGARD $1.0\times 10^{14}$ Hz,145.7209562742639,3.7243366145476726e-26,
0,line,3,ASGARD $1.0\times 10^{14}$ Hz,163.6200337801256,3.936455101313917e-26,
0,line,3,ASGARD $1.0\times 10^{14}$ Hz,183.71767615786374,4.15583139618587e-26,
0,line,3,ASGARD $1.0\times 10^{14}$ Hz,206.2839357324804,4.3783147470980577e-26,
0,line,3,ASGARD $1.0\times 10^{14}$ Hz,231.6220356756384,4.604578392903141e-26,
0,line,3,ASGARD $1.0\times 10^{14}$ Hz,260.07244442001166,4.834808093693233e-26,
0,line,3,ASGARD $1.0\times 10^{14}$ Hz,292.0174505387701,5.071933902959372e-26,
0,line,3,ASGARD $1.0\times 10^{14}$ Hz,327.8862995629286,5.330013751448433e-26,
0,line,3,ASGARD $1.0\times 10^{14}$ Hz,368.16096176004703,5.60656712990412e-26,
0,line,3,ASGARD $1.0\times 10^{14}$ Hz,413.38260837601484,5.907132256821177e-26,
0,line,3,ASGARD $1.0\times 10^{14}$ Hz,464.1588833612782,6.232231675666277e-26,
0,line,3,ASGARD $1.0\times 10^{14}$ Hz,521.1720682918044,6.587299513377655e-26,
0,line,3,ASGARD $1.0\times 10^{14}$ Hz,585.1882501969513,6.976450809717754e-26,
0,line,3,ASGARD $1.0\times 10^{14}$ Hz,657.0676154824831,7.411596701545005e-26,
0,line,3,ASGARD $1.0\times 10^{14}$ Hz,737.7760082683312,7.884930303773506e-26,
0,line,3,ASGARD $1.0\times 10^{14}$ Hz,828.3979084506619,8.403279264253242e-26,
0,line,3,ASGARD $1.0\times 10^{14}$ Hz,930.1510038746646,8.967770466580689e-26,
0,line,3,ASGARD $1.0\times 10^{14}$ Hz,1044.4025524245699,9.575605803278995e-26,
0,line,3,ASGARD $1.0\times 10^{14}$ Hz,1172.6877538885456,1.0226554079393561e-25,
0,line,3,ASGARD $1.0\times 10^{14}$ Hz,1316.7303784615017,1.0917317185197287e-25,
0,line,3,ASGARD $1.0\times 10^{14}$ Hz,1478.465929071304,1.1635835578671874e-25,
0,line,3,ASGARD $1.0\times 10^{14}$ Hz,1660.0676487609296,1.2375063953532163e-25,
0,line,3,ASGARD $1.0\times 10^{14}$ Hz,1863.975722588148,1.3126134836732226e-25,
0,line,3,ASGARD $1.0\times 10^{14}$ Hz,2092.9300664290977,1.3893258508092626e-25,
0,line,3,ASGARD $1.0\times 10^{14}$ Hz,2350.0071432694094,1.466838362298912e-25,
0,line,3,ASGARD $1.0\times 10^{14}$ Hz,2638.6613016839365,1.5448265043841207e-25,
0,line,3,ASGARD $1.0\times 10^{14}$ Hz,2962.77119197087,1.6228612683458881e-25,
0,line,3,ASGARD $1.0\times 10^{14}$ Hz,3326.691883634535,1.7002406288078022e-25,
0,line,3,ASGARD $1.0\times 10^{14}$ Hz,3735.3133845202788,1.7758258071164023e-25,
0,line,3,ASGARD $1.0\times 10^{14}$ Hz,4194.126347923944,1.8460612093555263e-25,
0,line,3,ASGARD $1.0\times 10^{14}$ Hz,4709.295850583362,1.9129445846729065e-25,
0,line,3,ASGARD $1.0\times 10^{14}$ Hz,5287.744232907843,1.9762833969709114e-25,
0,line,3,ASGARD $1.0\times 10^{14}$ Hz,5937.244114571097,2.0351953826371491e-25,
0,line,3,ASGARD $1.0\times 10^{14}$ Hz,6666.522835319501,2.0897298648861003e-25,
0,line,3,ASGARD $1.0\times 10^{14}$ Hz,7485.379724368442,2.139468588159026e-25,
0,line,3,ASGARD $1.0\times 10^{14}$ Hz,8404.817774137397,2.1841749734726544e-25,
0,line,3,ASGARD $1.0\times 10^{14}$ Hz,9437.191487625705,2.2235011402021254e-25,
0,line,3,ASGARD $1.0\times 10^{14}$ Hz,10596.372886056477,2.25615290808523e-25,
0,line,3,ASGARD $1.0\times 10^{14}$ Hz,11897.937907435859,2.2816004708001406e-25,
0,line,3,ASGARD $1.0\times 10^{14}$ Hz,13359.375700667906,2.299049045755509e-25,
0,line,3,ASGARD $1.0\times 10^{14}$ Hz,15000.323627513291,2.3070002149928363e-25,
0,line,3,ASGARD $1.0\times 10^{14}$ Hz,16842.831130116658,2.3047311365535177e-25,
0,line,3,ASGARD $1.0\times 10^{14}$ Hz,18911.65600969468,2.290259564670813e-25,
0,line,3,ASGARD $1.0\times 10^{14}$ Hz,21234.59709748593,2.2613347095179654e-25,
0,line,3,ASGARD $1.0\times 10^{14}$ Hz,23842.867788067262,2.2149352100199817e-25,
0,line,3,ASGARD $1.0\times 10^{14}$ Hz,26771.51545420944,2.1470582323532963e-25,
0,line,3,ASGARD $1.0\times 10^{14}$ Hz,30059.89237895584,2.0556995187353939e-25,
0,line,3,ASGARD $1.0\times 10^{14}$ Hz,33752.1845328457,1.9394931312014989e-25,
0,line,3,ASGARD $1.0\times 10^{14}$ Hz,37898.005301469406,1.7999702712278347e-25,
0,line,3,ASGARD $1.0\times 10^{14}$ Hz,42553.0621412821,1.6415826481241123e-25,
0,line,3,ASGARD $1.0\times 10^{14}$ Hz,47779.90512153967,1.469828489989853e-25,
0,line,3,ASGARD $1.0\times 10^{14}$ Hz,53648.76741052671,1.2929846765329792e-25,
0,line,3,ASGARD $1.0\times 10^{14}$ Hz,60238.50899970236,1.1194514967861391e-25,
0,line,3,ASGARD $1.0\times 10^{14}$ Hz,67637.67634660006,9.55875241276094e-26,
0,line,3,ASGARD $1.0\times 10^{14}$ Hz,75945.69217491779,8.074378253003046e-26,
0,line,3,ASGARD $1.0\times 10^{14}$ Hz,85274.19141916305,6.759032731261887e-26,
0,line,3,ASGARD $1.0\times 10^{14}$ Hz,95748.52126495788,5.605380436076168e-26,
0,line,3,ASGARD $1.0\times 10^{14}$ Hz,107509.42544107056,4.6242514972492936e-26,
0,line,3,ASGARD $1.0\times 10^{14}$ Hz,120714.9353950307,3.797808609147426e-26,
0,line,3,ASGARD $1.0\times 10^{14}$ Hz,135542.4937640828,3.1101773742869954e-26,
0,line,3,ASGARD $1.0\times 10^{14}$ Hz,152191.33867459052,2.5397366609185288e-26,
0,line,3,ASGARD $1.0\times 10^{14}$ Hz,170885.1809077577,2.0691518812516023e-26,
0,line,3,ASGARD $1.0\times 10^{14}$ Hz,191875.20990478364,1.6838168661156154e-26,
0,line,3,ASGARD $1.0\times 10^{14}$ Hz,215443.46900318866,1.367204096648325e-26,
0,line,3,ASGARD $1.0\times 10^{14}$ Hz,241906.64525741176,1.1090770442613661e-26,
0,line,3,ASGARD $1.0\times 10^{14}$ Hz,271620.32476755726,8.990077152258187e-27,
0,line,3,ASGARD $1.0\times 10^{14}$ Hz,304983.77069520706,7.28099132370584e-27,
0,line,3,ASGARD $1.0\times 10^{14}$ Hz,342445.2881685698,5.902736692350582e-27,
0,line,3,ASGARD $1.0\times 10^{14}$ Hz,384508.2481652776,4.777606296573269e-27,
0,line,3,ASGARD $1.0\times 10^{14}$ Hz,431737.8513158363,3.866986556246306e-27,
0,line,3,ASGARD $1.0\times 10^{14}$ Hz,484768.7225130572,3.1367317519817195e-27,
0,line,3,ASGARD $1.0\times 10^{14}$ Hz,544313.4383763528,2.5424888315511183e-27,
0,line,3,ASGARD $1.0\times 10^{14}$ Hz,611172.1021545639,2.063528736829155e-27,
0,line,3,ASGARD $1.0\times 10^{14}$ Hz,686243.0947254312,1.6755994133592737e-27,
0,line,3,ASGARD $1.0\times 10^{14}$ Hz,770535.1461530557,1.3632885373767157e-27,
0,line,3,ASGARD $1.0\times 10^{14}$ Hz,865180.8900090464,1.1112934823798168e-27,
0,line,3,ASGARD $1.0\times 10^{14}$ Hz,971452.0825869758,9.046251390500326e-28,
0,line,3,ASGARD $1.0\times 10^{14}$ Hz,1090776.6915109565,7.40786594664067e-28,
0,line,3,ASGARD $1.0\times 10^{14}$ Hz,1224758.0833582329,6.059849764480729e-28,
0,line,3,ASGARD $1.0\times 10^{14}$ Hz,1375196.5681201622,4.955413742927919e-28,
0,line,3,ASGARD $1.0\times 10^{14}$ Hz,1544113.5899948329,4.087201476130118e-28,
0,line,3,ASGARD $1.0\times 10^{14}$ Hz,1733778.8895633693,3.352496350160579e-28,
0,line,3,ASGARD $1.0\times 10^{14}$ Hz,1946741.0023284936,2.7617803822556345e-28,
0,line,3,ASGARD $1.0\times 10^{14}$ Hz,2185861.5034246743,2.2894778457916454e-28,
0,line,3,ASGARD $1.0\times 10^{14}$ Hz,2454353.458646543,1.8834086233387805e-28,
0,line,3,ASGARD $1.0\times 10^{14}$ Hz,2755824.5984626412,1.5654477386251367e-28,
0,line,3,ASGARD $1.0\times 10^{14}$ Hz,3094325.795144362,1.2976816362033354e-28,
0,line,3,ASGARD $1.0\times 10^{14}$ Hz,3474405.4943980086,1.0692200192345087e-28,
0,line,3,ASGARD $1.0\times 10^{14}$ Hz,3901170.8328986377,8.926752089093391e-29,
0,line,3,ASGARD $1.0\times 10^{14}$ Hz,4380356.262962907,7.38564459770894e-29,
0,line,3,ASGARD $1.0\times 10^{14}$ Hz,4918400.606471699,6.126942505914708e-29,
0,line,3,ASGARD $1.0\times 10^{14}$ Hz,5522533.573417251,5.114160561458608e-29,
0,line,3,ASGARD $1.0\times 10^{14}$ Hz,6200872.907625809,4.224704847058883e-29,
0,line,3,ASGARD $1.0\times 10^{14}$ Hz,6962533.465004367,3.538455966993803e-29,
0,line,3,ASGARD $1.0\times 10^{14}$ Hz,7817749.689997524,2.950204373785676e-29,
0,line,3,ASGARD $1.0\times 10^{14}$ Hz,8778013.135972489,2.4476766205431124e-29,
0,line,3,ASGARD $1.0\times 10^{14}$ Hz,9856226.87739571,2.0622446923235102e-29,
0,line,3,ASGARD $1.0\times 10^{14}$ Hz,11066878.88863989,1.7191753847914465e-29,
0,line,3,ASGARD $1.0\times 10^{14}$ Hz,12426236.719115056,1.4438653118414702e-29,
0,line,3,ASGARD $1.0\times 10^{14}$ Hz,13952566.080576338,1.2166968381962322e-29,
0,line,3,ASGARD $1.0\times 10^{14}$ Hz,15666376.283769464,1.015404743991601e-29,
0,line,3,ASGARD $1.0\times 10^{14}$ Hz,17590695.822349843,8.637106846342228e-30,
0,line,3,ASGARD $1.0\times 10^{14}$ Hz,19751381.80710058,7.28498632836676e-30,
0,line,3,ASGARD $1.0\times 10^{14}$ Hz,22177467.40832167,6.1507580548002915e-30,
0,line,3,ASGARD $1.0\times 10^{14}$ Hz,24901551.97497901,5.247243326673455e-30,
0,line,3,ASGARD $1.0\times 10^{14}$ Hz,27960239.072650153,4.432023515154165e-30,
0,line,3,ASGARD $1.0\times 10^{14}$ Hz,31394628.326189354,3.792793832343876e-30,
0,line,3,ASGARD $1.0\times 10^{14}$ Hz,35250867.67600913,3.238043914932044e-30,
0,line,3,ASGARD $1.0\times 10^{14}$ Hz,39580773.46865453,2.7495881092528546e-30,
0,line,3,ASGARD $1.0\times 10^{14}$ Hz,44442526.71383636,2.3735730532021576e-30,
0,line,3,ASGARD $1.0\times 10^{14}$ Hz,49901454.86353981,2.027751140553047e-30,
0,line,3,ASGARD $1.0\times 10^{14}$ Hz,56030909.61798617,1.7444228468640585e-30,
0,line,3,ASGARD $1.0\times 10^{14}$ Hz,62913252.55353957,1.5055025797045e-30,
0,line,3,ASGARD $1.0\times 10^{14}$ Hz,70640961.8164559,1.2867594255409134e-30,
0,line,3,ASGARD $1.0\times 10^{14}$ Hz,79317874.75313465,1.1201824735497058e-30,
0,line,3,ASGARD $1.0\times 10^{14}$ Hz,89060583.17411506,9.663598442715583e-31,
0,line,3,ASGARD $1.0\times 10^{14}$ Hz,100000000.0,8.34589927712071e-31,
0,line,4,ASGARD+had $1.0\times 10^{14}$ Hz,1.0,8.689627371692876e-29,
0,line,4,ASGARD+had $1.0\times 10^{14}$ Hz,1.1228311834035287,1.2225304691572698e-28,
0,line,4,ASGARD+had $1.0\times 10^{14}$ Hz,1.2607498664233685,1.7084686079121735e-28,
0,line,4,ASGARD+had $1.0\times 10^{14}$ Hz,1.4156092644919918,2.3555350699758983e-28,
0,line,4,ASGARD+had $1.0\times 10^{14}$ Hz,1.5894902256865417,3.2927141788569504e-28,
0,line,4,ASGARD+had $1.0\times 10^{14}$ Hz,1.7847291911159615,4.4789200701131575e-28,
0,line,4,ASGARD+had $1.0\times 10^{14}$ Hz,2.0039495897155577,6.123725332314801e-28,
0,line,4,ASGARD+had $1.0\times 10^{14}$ Hz,2.2500970893013355,8.301687323545277e-28,
0,line,4,ASGARD+had $1.0\times 10^{14}$ Hz,2.5264791775530537,1.096648232338706e-27,
0,line,4,ASGARD+had $1.0\times 10^{14}$ Hz,2.8368096047762688,1.4550441765809385e-27,
0,line,4,ASGARD+had $1.0\times 10^{14}$ Hz,3.1852582856214346,1.878599336041946e-27,
0,line,4,ASGARD+had $1.0\times 10^{14}$ Hz,3.57650733029021,2.38801565556954e-27,
0,line,4,ASGARD+had $1.0\times 10^{14}$ Hz,4.015813958121153,3.006277842447858e-27,
0,line,4,ASGARD+had $1.0\times 10^{14}$ Hz,4.509081138925582,3.673606929714787e-27,
0,line,4,ASGARD+had $1.0\times 10^{14}$ Hz,5.062936911282342,4.451024905667e-27,
0,line,4,ASGARD+had $1.0\times 10^{14}$ Hz,5.684823443592558,5.296815050158296e-27,
0,line,4,ASGARD+had $1.0\times 10^{14}$ Hz,6.383097034609155,6.1655161570902696e-27,
0,line,4,ASGARD+had $1.0\times 10^{14}$ Hz,7.167140397149751,7.138540904684516e-27,
0,line,4,ASGARD+had $1.0\times 10^{14}$ Hz,8.04748873375089,8.143843592860197e-27,
0,line,4,ASGARD+had $1.0\times 10^{14}$ Hz,9.035971298344078,9.153597496989022e-27,
0,line,4,ASGARD+had $1.0\times 10^{14}$ Hz,10.14587034612,1.0239467704710865e-26,
0,line,4,ASGARD+had $1.0\times 10^{14}$ Hz,11.392099607392687,1.135254708377772e-26,
0,line,4,ASGARD+had $1.0\times 10^{14}$ Hz,12.791404683619605,1.246903591751376e-26,
0,line,4,ASGARD+had $1.0\times 10^{14}$ Hz,14.362588058302041,1.362622603191064e-26,
0,line,4,ASGARD+had $1.0\times 10^{14}$ Hz,16.12676174624068,1.4800431593700274e-26,
0,line,4,ASGARD+had $1.0\times 10^{14}$ Hz,18.107630975998173,1.6015265609860646e-26,
0,line,4,ASGARD+had $1.0\times 10^{14}$ Hz,20.331812717414422,1.7266183414311514e-26,
0,line,4,ASGARD+had $1.0\times 10^{14}$ Hz,22.82919333423335,1.8523117224997295e-26,
0,line,4,ASGARD+had $1.0\times 10^{14}$ Hz,25.63333016762518,1.9802019747165936e-26,
0,line,4,ASGARD+had $1.0\times 10^{14}$ Hz,28.78190244668795,2.1155899967965017e-26,
0,line,4,ASGARD+had $1.0\times 10^{14}$ Hz,32.31721758481955,2.252131978613478e-26,
0,line,4,ASGARD+had $1.0\times 10^{14}$ Hz,36.28677966507226,2.3917654111417227e-26,
0,line,4,ASGARD+had $1.0\times 10^{14}$ Hz,40.743927753236186,2.53759340984193e-26,
0,line,4,ASGARD+had $1.0\times 10^{14}$ Hz,45.74855261567406,2.6878177013210693e-26,
0,line,4,ASGARD+had $1.0\times 10^{14}$ Hz,51.3679014724559,2.8412468641948506e-26,
0,line,4,ASGARD+had $1.0\times 10^{14}$ Hz,57.67748159927351,3.004410546179401e-26,
0,line,4,ASGARD+had $1.0\times 10^{14}$ Hz,64.76207491984752,3.184322376666926e-26,
0,line,4,ASGARD+had $1.0\times 10^{14}$ Hz,72.71687722192038,3.37748328390277e-26,
0,line,4,ASGARD+had $1.0\times 10^{14}$ Hz,81.64877730449795,3.584311685212058e-26,
0,line,4,ASGARD+had $1.0\times 10^{14}$ Hz,91.67779324426061,3.808657636552777e-26,
0,line,4,ASGARD+had $1.0\times 10^{14}$ Hz,102.93868508027717,4.0584308233176497e-26,
0,line,4,ASGARD+had $1.0\times 10^{14}$ Hz,115.58276558669077,4.323161293538422e-26,
0,line,4,ASGARD+had $1.0\times 10^{14}$ Hz,129.77993346475662,4.605457686043897e-26,
0,line,4,ASGARD+had $1.0\times 10^{14}$ Hz,145.7209562742639,4.908207774144901e-26,
0,line,4,ASGARD+had $1.0\times 10^{14}$ Hz,163.6200337801256,5.227858835627399e-26,
0,line,4,ASGARD+had $1.0\times 10^{14}$ Hz,183.71767615786374,5.566398506057788e-26,
0,line,4,ASGARD+had $1.0\times 10^{14}$ Hz,206.2839357324804,5.925444327618483e-26,
0,line,4,ASGARD+had $1.0\times 10^{14}$ Hz,231.6220356756384,6.299956452095879e-26,
0,line,4,ASGARD+had $1.0\times 10^{14}$ Hz,260.07244442001166,6.692768453098708e-26,
0,line,4,ASGARD+had $1.0\times 10^{14}$ Hz,292.0174505387701,7.098087622422567e-26,
0,line,4,ASGARD+had $1.0\times 10^{14}$ Hz,327.8862995629286,7.51985310767427e-26,
0,line,4,ASGARD+had $1.0\times 10^{14}$ Hz,368.16096176004703,7.955419569732096e-26,
0,line,4,ASGARD+had $1.0\times 10^{14}$ Hz,413.38260837601484,8.405557569773801e-26,
0,line,4,ASGARD+had $1.0\times 10^{14}$ Hz,464.1588833612782,8.869123625593238e-26,
0,line,4,ASGARD+had $1.0\times 10^{14}$ Hz,521.1720682918044,9.34710203581685e-26,
0,line,4,ASGARD+had $1.0\times 10^{14}$ Hz,585.1882501969513,9.837271009675082e-26,
0,line,4,ASGARD+had $1.0\times 10^{14}$ Hz,657.0676154824831,1.034341467544892e-25,
0,line,4,ASGARD+had $1.0\times 10^{14}$ Hz,737.7760082683312,1.0859743569475856e-25,
0,line,4,ASGARD+had $1.0\times 10^{14}$ Hz,828.3979084506619,1.1390038672312827e-25,
0,line,4,ASGARD+had $1.0\times 10^{14}$ Hz,930.1510038746646,1.1931266910426896e-25,
0,line,4,ASGARD+had $1.0\times 10^{14}$ Hz,1044.4025524245699,1.2482480796645266e-25,
0,line,4,ASGARD+had $1.0\times 10^{14}$ Hz,1172.6877538885456,1.3050463682947937e-25,
0,line,4,ASGARD+had $1.0\times 10^{14}$ Hz,1316.7303784615017,1.3635252699222067e-25,
0,line,4,ASGARD+had $1.0\times 10^{14}$ Hz,1478.465929071304,1.4253539312425136e-25,
0,line,4,ASGARD+had $1.0\times 10^{14}$ Hz,1660.0676487609296,1.4906731355837149e-25,
0,line,4,ASGARD+had $1.0\times 10^{14}$ Hz,1863.975722588148,1.5596822539062735e-25,
0,line,4,ASGARD+had $1.0\times 10^{14}$ Hz,2092.9300664290977,1.633316050275859e-25,
0,line,4,ASGARD+had $1.0\times 10^{14}$ Hz,2350.0071432694094,1.7106316691217551e-25,
0,line,4,ASGARD+had $1.0\times 10^{14}$ Hz,2638.6613016839365,1.7919179186409676e-25,
0,line,4,ASGARD+had $1.0\times 10^{14}$ Hz,2962.77119197087,1.8766133040506448e-25,
0,line,4,ASGARD+had $1.0\times 10^{14}$ Hz,3326.691883634535,1.9639108324732956e-25,
0,line,4,ASGARD+had $1.0\times 10^{14}$ Hz,3735.3133845202788,2.0525532195155095e-25,
0,line,4,ASGARD+had $1.0\times 10^{14}$ Hz,4194.126347923944,2.1367831641480334e-25,
0,line,4,ASGARD+had $1.0\times 10^{14}$ Hz,4709.295850583362,2.219262623092133e-25,
0,line,4,ASGARD+had $1.0\times 10^{14}$ Hz,5287.744232907843,2.3001707761075705e-25,
0,line,4,ASGARD+had $1.0\times 10^{14}$ Hz,5937.244114571097,2.3771152756308377e-25,
0,line,4,ASGARD+had $1.0\times 10^{14}$ Hz,6666.522835319501,2.448606467982868e-25,
0,line,4,ASGARD+had $1.0\times 10^{14}$ Hz,7485.379724368442,2.512572970907389e-25,
0,line,4,ASGARD+had $1.0\times 10^{14}$ Hz,8404.817774137397,2.567072812464563e-25,
0,line,4,ASGARD+had $1.0\times 10^{14}$ Hz,9437.191487625705,2.6110904328835674e-25,
0,line,4,ASGARD+had $1.0\times 10^{14}$ Hz,10596.372886056477,2.642978168873472e-25,
0,line,4,ASGARD+had $1.0\times 10^{14}$ Hz,11897.937907435859,2.6619586301962802e-25,
0,line,4,ASGARD+had $1.0\times 10^{14}$ Hz,13359.375700667906,2.667432747567291e-25,
0,line,4,ASGARD+had $1.0\times 10^{14}$ Hz,15000.323627513291,2.6582321373955576e-25,
0,line,4,ASGARD+had $1.0\times 10^{14}$ Hz,16842.831130116658,2.634324198790939e-25,
0,line,4,ASGARD+had $1.0\times 10^{14}$ Hz,18911.65600969468,2.5944063109890314e-25,
0,line,4,ASGARD+had $1.0\times 10^{14}$ Hz,21234.59709748593,2.537456469550565e-25,
0,line,4,ASGARD+had $1.0\times 10^{14}$ Hz,23842.867788067262,2.4622650756052505e-25,
0,line,4,ASGARD+had $1.0\times 10^{14}$ Hz,26771.51545420944,2.365366321650136e-25,
0,line,4,ASGARD+had $1.0\times 10^{14}$ Hz,30059.89237895584,2.2438464407264515e-25,
0,line,4,ASGARD+had $1.0\times 10^{14}$ Hz,33752.1845328457,2.0951496667354887e-25,
0,line,4,ASGARD+had $1.0\times 10^{14}$ Hz,37898.005301469406,1.9198467537668403e-25,
0,line,4,ASGARD+had $1.0\times 10^{14}$ Hz,42553.0621412821,1.723388934725543e-25,
0,line,4,ASGARD+had $1.0\times 10^{14}$ Hz,47779.90512153967,1.5160557530588346e-25,
0,line,4,ASGARD+had $1.0\times 10^{14}$ Hz,53648.76741052671,1.3094452598031637e-25,
0,line,4,ASGARD+had $1.0\times 10^{14}$ Hz,60238.50899970236,1.112729842009422e-25,
0,line,4,ASGARD+had $1.0\times 10^{14}$ Hz,67637.67634660006,9.321069348939931e-26,
0,line,4,ASGARD+had $1.0\times 10^{14}$ Hz,75945.69217491779,7.717898197607718e-26,
0,line,4,ASGARD+had $1.0\times 10^{14}$ Hz,85274.19141916305,6.325745409619378e-26,
0,line,4,ASGARD+had $1.0\times 10^{14}$ Hz,95748.52126495788,5.1147505769172085e-26,
0,line,4,ASGARD+had $1.0\times 10^{14}$ Hz,107509.42544107056,4.116389801852114e-26,
0,line,4,ASGARD+had $1.0\times 10^{14}$ Hz,120714.9353950307,3.302908226653127e-26,
0,line,4,ASGARD+had $1.0\times 10^{14}$ Hz,135542.4937640828,2.647308146343251e-26,
0,line,4,ASGARD+had $1.0\times 10^{14}$ Hz,152191.33867459052,2.1197532399879015e-26,
0,line,4,ASGARD+had $1.0\times 10^{14}$ Hz,170885.1809077577,1.6968926017479435e-26,
0,line,4,ASGARD+had $1.0\times 10^{14}$ Hz,191875.20990478364,1.3597419517503998e-26,
0,line,4,ASGARD+had $1.0\times 10^{14}$ Hz,215443.46900318866,1.0893807356387177e-26,
0,line,4,ASGARD+had $1.0\times 10^{14}$ Hz,241906.64525741176,8.737371919565743e-27,
0,line,4,ASGARD+had $1.0\times 10^{14}$ Hz,271620.32476755726,7.016231220800366e-27,
0,line,4,ASGARD+had $1.0\times 10^{14}$ Hz,304983.77069520706,5.639523000262866e-27,
0,line,4,ASGARD+had $1.0\times 10^{14}$ Hz,342445.2881685698,4.545136943185818e-27,
0,line,4,ASGARD+had $1.0\times 10^{14}$ Hz,384508.2481652776,3.6621457822413734e-27,
0,line,4,ASGARD+had $1.0\times 10^{14}$ Hz,431737.8513158363,2.954357369254098e-27,
0,line,4,ASGARD+had $1.0\times 10^{14}$ Hz,484768.7225130572,2.391031035020003e-27,
0,line,4,ASGARD+had $1.0\times 10^{14}$ Hz,544313.4383763528,1.9350596918179583e-27,
0,line,4,ASGARD+had $1.0\times 10^{14}$ Hz,611172.1021545639,1.5688587434662153e-27,
0,line,4,ASGARD+had $1.0\times 10^{14}$ Hz,686243.0947254312,1.27287787056009e-27,
0,line,4,ASGARD+had $1.0\times 10^{14}$ Hz,770535.1461530557,1.0347781805497118e-27,
0,line,4,ASGARD+had $1.0\times 10^{14}$ Hz,865180.8900090464,8.425965702789535e-28,
0,line,4,ASGARD+had $1.0\times 10^{14}$ Hz,971452.0825869758,6.848044489096494e-28,
0,line,4,ASGARD+had $1.0\times 10^{14}$ Hz,1090776.6915109565,5.595313320265101e-28,
0,line,4,ASGARD+had $1.0\times 10^{14}$ Hz,1224758.0833582329,4.5626979867797415e-28,
0,line,4,ASGARD+had $1.0\times 10^{14}$ Hz,1375196.5681201622,3.715154094975416e-28,
0,line,4,ASGARD+had $1.0\times 10^{14}$ Hz,1544113.5899948329,3.0482225825763185e-28,
0,line,4,ASGARD+had $1.0\times 10^{14}$ Hz,1733778.8895633693,2.4832047435523676e-28,
0,line,4,ASGARD+had $1.0\times 10^{14}$ Hz,1946741.0023284936,2.029073645514034e-28,
0,line,4,ASGARD+had $1.0\times 10^{14}$ Hz,2185861.5034246743,1.6665820699465898e-28,
0,line,4,ASGARD+had $1.0\times 10^{14}$ Hz,2454353.458646543,1.3553800372371717e-28,
0,line,4,ASGARD+had $1.0\times 10^{14}$ Hz,2755824.5984626412,1.1103806789809207e-28,
0,line,4,ASGARD+had $1.0\times 10^{14}$ Hz,3094325.795144362,9.075592902179508e-29,
0,line,4,ASGARD+had $1.0\times 10^{14}$ Hz,3474405.4943980086,7.374811521713199e-29,
0,line,4,ASGARD+had $1.0\times 10^{14}$ Hz,3901170.8328986377,6.085951089999549e-29,
0,line,4,ASGARD+had $1.0\times 10^{14}$ Hz,4380356.262962907,4.977277524211829e-29,
0,line,4,ASGARD+had $1.0\times 10^{14}$ Hz,4918400.606471699,4.086680169400806e-29,
0,line,4,ASGARD+had $1.0\times 10^{14}$ Hz,5522533.573417251,3.3809537837100005e-29,
0,line,4,ASGARD+had $1.0\times 10^{14}$ Hz,6200872.907625809,2.768512744994321e-29,
0,line,4,ASGARD+had $1.0\times 10^{14}$ Hz,6962533.465004367,2.3028642976382273e-29,
0,line,4,ASGARD+had $1.0\times 10^{14}$ Hz,7817749.689997524,1.907570317356719e-29,
0,line,4,ASGARD+had $1.0\times 10^{14}$ Hz,8778013.135972489,1.5730495343032997e-29,
0,line,4,ASGARD+had $1.0\times 10^{14}$ Hz,9856226.87739571,1.3192118726524442e-29,
0,line,4,ASGARD+had $1.0\times 10^{14}$ Hz,11066878.88863989,1.0945300490517739e-29,
0,line,4,ASGARD+had $1.0\times 10^{14}$ Hz,12426236.719115056,9.155948171302733e-30,
0,line,4,ASGARD+had $1.0\times 10^{14}$ Hz,13952566.080576338,7.687598525745919e-30,
0,line,4,ASGARD+had $1.0\times 10^{14}$ Hz,15666376.283769464,6.390800657604298e-30,
0,line,4,ASGARD+had $1.0\times 10^{14}$ Hz,17590695.822349843,5.419776743545632e-30,
0,line,4,ASGARD+had $1.0\times 10^{14}$ Hz,19751381.80710058,4.5554436313373016e-30,
0,line,4,ASGARD+had $1.0\times 10^{14}$ Hz,22177467.40832167,3.832400908713105e-30,
0,line,4,ASGARD+had $1.0\times 10^{14}$ Hz,24901551.97497901,3.2582153403093474e-30,
0,line,4,ASGARD+had $1.0\times 10^{14}$ Hz,27960239.072650153,2.7402015420855907e-30,
0,line,4,ASGARD+had $1.0\times 10^{14}$ Hz,31394628.326189354,2.3352654691435646e-30,
0,line,4,ASGARD+had $1.0\times 10^{14}$ Hz,35250867.67600913,1.9839512439362838e-30,
0,line,4,ASGARD+had $1.0\times 10^{14}$ Hz,39580773.46865453,1.6747865161823575e-30,
0,line,4,ASGARD+had $1.0\times 10^{14}$ Hz,44442526.71383636,1.4374649190688763e-30,
0,line,4,ASGARD+had $1.0\times 10^{14}$ Hz,49901454.86353981,1.2191294320391522e-30,
0,line,4,ASGARD+had $1.0\times 10^{14}$ Hz,56030909.61798617,1.0406888899023285e-30,
0,line,4,ASGARD+had $1.0\times 10^{14}$ Hz,62913252.55353957,8.90516955352566e-31,
0,line,4,ASGARD+had $1.0\times 10^{14}$ Hz,70640961.8164559,7.5323610220719806e-31,
0,line,4,ASGARD+had $1.0\times 10^{14}$ Hz,79317874.75313465,6.493145722235623e-31,
0,line,4,ASGARD+had $1.0\times 10^{14}$ Hz,89060583.17411506,5.5361260502604615e-31,
0,line,4,ASGARD+had $1.0\times 10^{14}$ Hz,100000000.0,4.721217722347431e-31,
0,line,5,Vegas $1.0\times 10^{14}$ Hz,1.0,7.840273387162366e-29,
0,line,5,Vegas $1.0\times 10^{14}$ Hz,1.1228311834035287,1.1038219075035432e-28,
0,line,5,Vegas $1.0\times 10^{14}$ Hz,1.2607498664233685,1.552456476788325e-28,
0,line,5,Vegas $1.0\times 10^{14}$ Hz,1.4156092644919918,2.1707599507490658e-28,
0,line,5,Vegas $1.0\times 10^{14}$ Hz,1.5894902256865417,3.021411010588647e-28,
0,line,5,Vegas $1.0\times 10^{14}$ Hz,1.7847291911159615,4.195874014461921e-28,
0,line,5,Vegas $1.0\times 10^{14}$ Hz,2.0039495897155577,5.785896524068811e-28,
0,line,5,Vegas $1.0\times 10^{14}$ Hz,2.2500970893013355,7.891101982047055e-28,
0,line,5,Vegas $1.0\times 10^{14}$ Hz,2.5264791775530537,1.0625964235794801e-27,
0,line,5,Vegas $1.0\times 10^{14}$ Hz,2.8368096047762688,1.4100006434829411e-27,
0,line,5,Vegas $1.0\times 10^{14}$ Hz,3.1852582856214346,1.840280813290088e-27,
0,line,5,Vegas $1.0\times 10^{14}$ Hz,3.57650733029021,2.3589632317318367e-27,
0,line,5,Vegas $1.0\times 10^{14}$ Hz,4.015813958121153,2.9682070199617576e-27,
0,line,5,Vegas $1.0\times 10^{14}$ Hz,4.509081138925582,3.6663976157081664e-27,
0,line,5,Vegas $1.0\times 10^{14}$ Hz,5.062936911282342,4.4493440542589604e-27,
0,line,5,Vegas $1.0\times 10^{14}$ Hz,5.684823443592558,5.3115701637778975e-27,
0,line,5,Vegas $1.0\times 10^{14}$ Hz,6.383097034609155,6.2474862344639514e-27,
0,line,5,Vegas $1.0\times 10^{14}$ Hz,7.167140397149751,7.251149099279194e-27,
0,line,5,Vegas $1.0\times 10^{14}$ Hz,8.04748873375089,8.313841503031193e-27,
0,line,5,Vegas $1.0\times 10^{14}$ Hz,9.035971298344078,9.437351499256614e-27,
0,line,5,Vegas $1.0\times 10^{14}$ Hz,10.14587034612,1.0616957177270033e-26,
0,line,5,Vegas $1.0\times 10^{14}$ Hz,11.392099607392687,1.1857328989559553e-26,
0,line,5,Vegas $1.0\times 10^{14}$ Hz,12.791404683619605,1.3160428892533522e-26,
0,line,5,Vegas $1.0\times 10^{14}$ Hz,14.362588058302041,1.451817446203632e-26,
0,line,5,Vegas $1.0\times 10^{14}$ Hz,16.12676174624068,1.59428926267103e-26,
0,line,5,Vegas $1.0\times 10^{14}$ Hz,18.107630975998173,1.7430282550937418e-26,
0,line,5,Vegas $1.0\times 10^{14}$ Hz,20.331812717414422,1.897219226278428e-26,
0,line,5,Vegas $1.0\times 10^{14}$ Hz,22.82919333423335,2.059538143887874e-26,
0,line,5,Vegas $1.0\times 10^{14}$ Hz,25.63333016762518,2.2296950974862176e-26,
0,line,5,Vegas $1.0\times 10^{14}$ Hz,28.78190244668795,2.4077447472807643e-26,
0,line,5,Vegas $1.0\times 10^{14}$ Hz,32.31721758481955,2.5956357725542755e-26,
0,line,5,Vegas $1.0\times 10^{14}$ Hz,36.28677966507226,2.791400342131085e-26,
0,line,5,Vegas $1.0\times 10^{14}$ Hz,40.743927753236186,2.997930777955536e-26,
0,line,5,Vegas $1.0\times 10^{14}$ Hz,45.74855261567406,3.213455347525681e-26,
0,line,5,Vegas $1.0\times 10^{14}$ Hz,51.3679014724559,3.440296200656906e-26,
0,line,5,Vegas $1.0\times 10^{14}$ Hz,57.67748159927351,3.6833469222968886e-26,
0,line,5,Vegas $1.0\times 10^{14}$ Hz,64.76207491984752,3.9300610253765306e-26,
0,line,5,Vegas $1.0\times 10^{14}$ Hz,72.71687722192038,4.2061768772929484e-26,
0,line,5,Vegas $1.0\times 10^{14}$ Hz,81.64877730449795,4.4751275228463015e-26,
0,line,5,Vegas $1.0\times 10^{14}$ Hz,91.67779324426061,4.779601376397983e-26,
0,line,5,Vegas $1.0\times 10^{14}$ Hz,102.93868508027717,5.081788030890012e-26,
0,line,5,Vegas $1.0\times 10^{14}$ Hz,115.58276558669077,5.413139895452136e-26,
0,line,5,Vegas $1.0\times 10^{14}$ Hz,129.77993346475662,5.756208190257877e-26,
0,line,5,Vegas $1.0\times 10^{14}$ Hz,145.7209562742639,6.11878204332456e-26,
0,line,5,Vegas $1.0\times 10^{14}$ Hz,163.6200337801256,6.508642704805726e-26,
0,line,5,Vegas $1.0\times 10^{14}$ Hz,183.71767615786374,6.904440593122935e-26,
0,line,5,Vegas $1.0\times 10^{14}$ Hz,206.2839357324804,7.336621938369566e-26,
0,line,5,Vegas $1.0\times 10^{14}$ Hz,231.6220356756384,7.777584372734301e-26,
0,line,5,Vegas $1.0\times 10^{14}$ Hz,260.07244442001166,8.252115804078274e-26,
0,line,5,Vegas $1.0\times 10^{14}$ Hz,292.0174505387701,8.756998841768024e-26,
0,line,5,Vegas $1.0\times 10^{14}$ Hz,327.8862995629286,9.2720382679629e-26,
0,line,5,Vegas $1.0\times 10^{14}$ Hz,368.16096176004703,9.840219421165516e-26,
0,line,5,Vegas $1.0\times 10^{14}$ Hz,413.38260837601484,1.04097616800275e-25,
0,line,5,Vegas $1.0\times 10^{14}$ Hz,464.1588833612782,1.1029168593928886e-25,
0,line,5,Vegas $1.0\times 10^{14}$ Hz,521.1720682918044,1.1681939986282453e-25,
0,line,5,Vegas $1.0\times 10^{14}$ Hz,585.1882501969513,1.234516842761748e-25,
0,line,5,Vegas $1.0\times 10^{14}$ Hz,657.0676154824831,1.3067469312170135e-25,
0,line,5,Vegas $1.0\times 10^{14}$ Hz,737.7760082683312,1.3809523141918418e-25,
0,line,5,Vegas $1.0\times 10^{14}$ Hz,828.3979084506619,1.4583682288435563e-25,
0,line,5,Vegas $1.0\times 10^{14}$ Hz,930.1510038746646,1.541712878627268e-25,
0,line,5,Vegas $1.0\times 10^{14}$ Hz,1044.4025524245699,1.6259396756432277e-25,
0,line,5,Vegas $1.0\times 10^{14}$ Hz,1172.6877538885456,1.7141179952700744e-25,
0,line,5,Vegas $1.0\times 10^{14}$ Hz,1316.7303784615017,1.8081472288897702e-25,
0,line,5,Vegas $1.0\times 10^{14}$ Hz,1478.465929071304,1.903260209843726e-25,
0,line,5,Vegas $1.0\times 10^{14}$ Hz,1660.0676487609296,2.0003217712724128e-25,
0,line,5,Vegas $1.0\times 10^{14}$ Hz,1863.975722588148,2.1025995750379835e-25,
0,line,5,Vegas $1.0\times 10^{14}$ Hz,2092.9300664290977,2.2082994903774925e-25,
0,line,5,Vegas $1.0\times 10^{14}$ Hz,2350.0071432694094,2.310573533745175e-25,
0,line,5,Vegas $1.0\times 10^{14}$ Hz,2638.6613016839365,2.4150264629550005e-25,
0,line,5,Vegas $1.0\times 10^{14}$ Hz,2962.77119197087,2.5217766598806944e-25,
0,line,5,Vegas $1.0\times 10^{14}$ Hz,3326.691883634535,2.6275705388910662e-25,
0,line,5,Vegas $1.0\times 10^{14}$ Hz,3735.3133845202788,2.7294264810995137e-25,
0,line,5,Vegas $1.0\times 10^{14}$ Hz,4194.126347923944,2.8262146047252337e-25,
0,line,5,Vegas $1.0\times 10^{14}$ Hz,4709.295850583362,2.917172838413032e-25,
0,line,5,Vegas $1.0\times 10^{14}$ Hz,5287.744232907843,3.001067429901032e-25,
0,line,5,Vegas $1.0\times 10^{14}$ Hz,5937.244114571097,3.0771769306953657e-25,
0,line,5,Vegas $1.0\times 10^{14}$ Hz,6666.522835319501,3.140897640690371e-25,
0,line,5,Vegas $1.0\times 10^{14}$ Hz,7485.379724368442,3.1906550534075893e-25,
0,line,5,Vegas $1.0\times 10^{14}$ Hz,8404.817774137397,3.2270266498455217e-25,
0,line,5,Vegas $1.0\times 10^{14}$ Hz,9437.191487625705,3.248591603436901e-25,
0,line,5,Vegas $1.0\times 10^{14}$ Hz,10596.372886056477,3.251164021770939e-25,
0,line,5,Vegas $1.0\times 10^{14}$ Hz,11897.937907435859,3.2352968447960236e-25,
0,line,5,Vegas $1.0\times 10^{14}$ Hz,13359.375700667906,3.200405611006551e-25,
0,line,5,Vegas $1.0\times 10^{14}$ Hz,15000.323627513291,3.147880166982697e-25,
0,line,5,Vegas $1.0\times 10^{14}$ Hz,16842.831130116658,3.0739091733100486e-25,
0,line,5,Vegas $1.0\times 10^{14}$ Hz,18911.65600969468,2.9812716665871145e-25,
0,line,5,Vegas $1.0\times 10^{14}$ Hz,21234.59709748593,2.8662839902423554e-25,
0,line,5,Vegas $1.0\times 10^{14}$ Hz,23842.867788067262,2.7281190172670157e-25,
0,line,5,Vegas $1.0\times 10^{14}$ Hz,26771.51545420944,2.5644385092857897e-25,
0,line,5,Vegas $1.0\times 10^{14}$ Hz,30059.89237895584,2.376652007663593e-25,
0,line,5,Vegas $1.0\times 10^{14}$ Hz,33752.1845328457,2.163462211763608e-25,
0,line,5,Vegas $1.0\times 10^{14}$ Hz,37898.005301469406,1.9326977406434254e-25,
0,line,5,Vegas $1.0\times 10^{14}$ Hz,42553.0621412821,1.6935069396731028e-25,
0,line,5,Vegas $1.0\times 10^{14}$ Hz,47779.90512153967,1.4565573682165824e-25,
0,line,5,Vegas $1.0\times 10^{14}$ Hz,53648.76741052671,1.2318448561542034e-25,
0,line,5,Vegas $1.0\times 10^{14}$ Hz,60238.50899970236,1.0274304905300571e-25,
0,line,5,Vegas $1.0\times 10^{14}$ Hz,67637.67634660006,8.473703361898637e-26,
0,line,5,Vegas $1.0\times 10^{14}$ Hz,75945.69217491779,6.924371133467821e-26,
0,line,5,Vegas $1.0\times 10^{14}$ Hz,85274.19141916305,5.62161514837421e-26,
0,line,5,Vegas $1.0\times 10^{14}$ Hz,95748.52126495788,4.5419363231224234e-26,
0,line,5,Vegas $1.0\times 10^{14}$ Hz,107509.42544107056,3.6560364612520205e-26,
0,line,5,Vegas $1.0\times 10^{14}$ Hz,120714.9353950307,2.936442939157053e-26,
0,line,5,Vegas $1.0\times 10^{14}$ Hz,135542.4937640828,2.354362951115105e-26,
0,line,5,Vegas $1.0\times 10^{14}$ Hz,152191.33867459052,1.8862094646569508e-26,
0,line,5,Vegas $1.0\times 10^{14}$ Hz,170885.1809077577,1.5100889503338803e-26,
0,line,5,Vegas $1.0\times 10^{14}$ Hz,191875.20990478364,1.2089631423096383e-26,
0,line,5,Vegas $1.0\times 10^{14}$ Hz,215443.46900318866,9.679325135167072e-27,
0,line,5,Vegas $1.0\times 10^{14}$ Hz,241906.64525741176,7.750975602812464e-27,
0,line,5,Vegas $1.0\times 10^{14}$ Hz,271620.32476755726,6.210297109495616e-27,
0,line,5,Vegas $1.0\times 10^{14}$ Hz,304983.77069520706,4.9777077233272496e-27,
0,line,5,Vegas $1.0\times 10^{14}$ Hz,342445.2881685698,3.9919162472962626e-27,
0,line,5,Vegas $1.0\times 10^{14}$ Hz,384508.2481652776,3.204178661094088e-27,
0,line,5,Vegas $1.0\times 10^{14}$ Hz,431737.8513158363,2.572619459860089e-27,
0,line,5,Vegas $1.0\times 10^{14}$ Hz,484768.7225130572,2.0676848170360664e-27,
0,line,5,Vegas $1.0\times 10^{14}$ Hz,544313.4383763528,1.6629837041570692e-27,
0,line,5,Vegas $1.0\times 10^{14}$ Hz,611172.1021545639,1.3380331908663344e-27,
0,line,5,Vegas $1.0\times 10^{14}$ Hz,686243.0947254312,1.0781461133620171e-27,
0,line,5,Vegas $1.0\times 10^{14}$ Hz,770535.1461530557,8.690067968623762e-28,
0,line,5,Vegas $1.0\times 10^{14}$ Hz,865180.8900090464,7.009503753548086e-28,
0,line,5,Vegas $1.0\times 10^{14}$ Hz,971452.0825869758,5.663225441703872e-28,
0,line,5,Vegas $1.0\times 10^{14}$ Hz,1090776.6915109565,4.5758450726102445e-28,
0,line,5,Vegas $1.0\times 10^{14}$ Hz,1224758.0833582329,3.701766267447141e-28,
0,line,5,Vegas $1.0\times 10^{14}$ Hz,1375196.5681201622,2.9992655053836995e-28,
0,line,5,Vegas $1.0\times 10^{14}$ Hz,1544113.5899948329,2.4300900272827026e-28,
0,line,5,Vegas $1.0\times 10^{14}$ Hz,1733778.8895633693,1.972412965281551e-28,
0,line,5,Vegas $1.0\times 10^{14}$ Hz,1946741.0023284936,1.6031020909159664e-28,
0,line,5,Vegas $1.0\times 10^{14}$ Hz,2185861.5034246743,1.302942974297869e-28,
0,line,5,Vegas $1.0\times 10^{14}$ Hz,2454353.458646543,1.0614305130991554e-28,
0,line,5,Vegas $1.0\times 10^{14}$ Hz,2755824.5984626412,8.657244477573732e-29,
0,line,5,Vegas $1.0\times 10^{14}$ Hz,3094325.795144362,7.061034062041249e-29,
0,line,5,Vegas $1.0\times 10^{14}$ Hz,3474405.4943980086,5.775382232067937e-29,
0,line,5,Vegas $1.0\times 10^{14}$ Hz,3901170.8328986377,4.7288844676455033e-29,
0,line,5,Vegas $1.0\times 10^{14}$ Hz,4380356.262962907,3.872014359114238e-29,
0,line,5,Vegas $1.0\times 10^{14}$ Hz,4918400.606471699,3.180797633891125e-29,
0,line,5,Vegas $1.0\times 10^{14}$ Hz,5522533.573417251,2.6154747771836827e-29,
0,line,5,Vegas $1.0\times 10^{14}$ Hz,6200872.907625809,2.1506274612940264e-29,
0,line,5,Vegas $1.0\times 10^{14}$ Hz,6962533.465004367,1.7748343975513078e-29,
0,line,5,Vegas $1.0\times 10^{14}$ Hz,7817749.689997524,1.465953621167846e-29,
0,line,5,Vegas $1.0\times 10^{14}$ Hz,8778013.135972489,1.2108286993413231e-29,
0,line,5,Vegas $1.0\times 10^{14}$ Hz,9856226.87739571,1.0039820721373297e-29,
0,line,5,Vegas $1.0\times 10^{14}$ Hz,11066878.88863989,8.330991215002534e-30,
0,line,5,Vegas $1.0\times 10^{14}$ Hz,12426236.719115056,6.913014024410044e-30,
0,line,5,Vegas $1.0\times 10^{14}$ Hz,13952566.080576338,5.759115791444178e-30,
0,line,5,Vegas $1.0\times 10^{14}$ Hz,15666376.283769464,4.801003501222743e-30,
0,line,5,Vegas $1.0\times 10^{14}$ Hz,17590695.822349843,4.0022872631122515e-30,
0,line,5,Vegas $1.0\times 10^{14}$ Hz,19751381.80710058,3.349402283541619e-30,
0,line,5,Vegas $1.0\times 10^{14}$ Hz,22177467.40832167,2.8046370902602383e-30,
0,line,5,Vegas $1.0\times 10^{14}$ Hz,24901551.97497901,2.3484755612995407e-30,
0,line,5,Vegas $1.0\times 10^{14}$ Hz,27960239.072650153,1.973669490594902e-30,
0,line,5,Vegas $1.0\times 10^{14}$ Hz,31394628.326189354,1.659500399183927e-30,
0,line,5,Vegas $1.0\times 10^{14}$ Hz,35250867.67600913,1.3953408222324306e-30,
0,line,5,Vegas $1.0\times 10^{14}$ Hz,39580773.46865453,1.1770686377385641e-30,
0,line,5,Vegas $1.0\times 10^{14}$ Hz,44442526.71383636,9.933537789069007e-31,
0,line,5,Vegas $1.0\times 10^{14}$ Hz,49901454.86353981,8.383128261475546e-31,
0,line,5,Vegas $1.0\times 10^{14}$ Hz,56030909.61798617,7.0946435569504025e-31,
0,line,5,Vegas $1.0\times 10^{14}$ Hz,62913252.55353957,6.006262001768504e-31,
0,line,5,Vegas $1.0\times 10^{14}$ Hz,70640961.8164559,5.084847893492845e-31,
0,line,5,Vegas $1.0\times 10^{14}$ Hz,79317874.75313465,4.31488362855822e-31,
0,line,5,Vegas $1.0\times 10^{14}$ Hz,89060583.17411506,3.6625328056636424e-31,
0,line,5,Vegas $1.0\times 10^{14}$ Hz,100000000.0,3.1088084239640395e-31,
0,line,6,ASGARD $1.0\times 10^{17}$ Hz,1.0,4.225593659030245e-28,
0,line,6,ASGARD $1.0\times 10^{17}$ Hz,1.1228311834035287,5.939214384671109e-28,
0,line,6,ASGARD $1.0\times 10^{17}$ Hz,1.2607498664233685,8.297392993517341e-28,
0,line,6,ASGARD $1.0\times 10^{17}$ Hz,1.4156092644919918,1.1428391682237622e-27,
0,line,6,ASGARD $1.0\times 10^{17}$ Hz,1.5894902256865417,1.6008849796636139e-27,
0,line,6,ASGARD $1.0\times 10^{17}$ Hz,1.7847291911159615,2.1855967357849395e-27,
0,line,6,ASGARD $1.0\times 10^{17}$ Hz,2.0039495897155577,3.003074317879347e-27,
0,line,6,ASGARD $1.0\times 10^{17}$ Hz,2.2500970893013355,4.10028564718959e-27,
0,line,6,ASGARD $1.0\times 10^{17}$ Hz,2.5264791775530537,5.45338735817515e-27,
0,line,6,ASGARD $1.0\times 10^{17}$ Hz,2.8368096047762688,7.293348833306571e-27,
0,line,6,ASGARD $1.0\times 10^{17}$ Hz,3.1852582856214346,9.490280154491967e-27,
0,line,6,ASGARD $1.0\times 10^{17}$ Hz,3.57650733029021,1.2155150931944838e-26,
0,line,6,ASGARD $1.0\times 10^{17}$ Hz,4.015813958121153,1.545060243125524e-26,
0,line,6,ASGARD $1.0\times 10^{17}$ Hz,4.509081138925582,1.9033242577323878e-26,
0,line,6,ASGARD $1.0\times 10^{17}$ Hz,5.062936911282342,2.3282350772899894e-26,
0,line,6,ASGARD $1.0\times 10^{17}$ Hz,5.684823443592558,2.795984772210374e-26,
0,line,6,ASGARD $1.0\times 10^{17}$ Hz,6.383097034609155,3.279264386931818e-26,
0,line,6,ASGARD $1.0\times 10^{17}$ Hz,7.167140397149751,3.82457506666613e-26,
0,line,6,ASGARD $1.0\times 10^{17}$ Hz,8.04748873375089,4.386547257742541e-26,
0,line,6,ASGARD $1.0\times 10^{17}$ Hz,9.035971298344078,4.949487728031922e-26,
0,line,6,ASGARD $1.0\times 10^{17}$ Hz,10.14587034612,5.549744685976506e-26,
0,line,6,ASGARD $1.0\times 10^{17}$ Hz,11.392099607392687,6.16644452333864e-26,
0,line,6,ASGARD $1.0\times 10^{17}$ Hz,12.791404683619605,6.798984482770594e-26,
0,line,6,ASGARD $1.0\times 10^{17}$ Hz,14.362588058302041,7.513955387291749e-26,
0,line,6,ASGARD $1.0\times 10^{17}$ Hz,16.12676174624068,8.216608133658326e-26,
0,line,6,ASGARD $1.0\times 10^{17}$ Hz,18.107630975998173,9.012763590157813e-26,
0,line,6,ASGARD $1.0\times 10^{17}$ Hz,20.331812717414422,9.793487228356643e-26,
0,line,6,ASGARD $1.0\times 10^{17}$ Hz,22.82919333423335,1.0603474410528764e-25,
0,line,6,ASGARD $1.0\times 10^{17}$ Hz,25.63333016762518,1.1435889584077094e-25,
0,line,6,ASGARD $1.0\times 10^{17}$ Hz,28.78190244668795,1.2322595963873887e-25,
0,line,6,ASGARD $1.0\times 10^{17}$ Hz,32.31721758481955,1.3266580256852228e-25,
0,line,6,ASGARD $1.0\times 10^{17}$ Hz,36.28677966507226,1.4222197250491588e-25,
0,line,6,ASGARD $1.0\times 10^{17}$ Hz,40.743927753236186,1.526002361166745e-25,
0,line,6,ASGARD $1.0\times 10^{17}$ Hz,45.74855261567406,1.6312745122722429e-25,
0,line,6,ASGARD $1.0\times 10^{17}$ Hz,51.3679014724559,1.7387128476305636e-25,
0,line,6,ASGARD $1.0\times 10^{17}$ Hz,57.67748159927351,1.84463249936943e-25,
0,line,6,ASGARD $1.0\times 10^{17}$ Hz,64.76207491984752,1.9502805556501105e-25,
0,line,6,ASGARD $1.0\times 10^{17}$ Hz,72.71687722192038,2.0487394041365758e-25,
0,line,6,ASGARD $1.0\times 10^{17}$ Hz,81.64877730449795,2.1436029975413904e-25,
0,line,6,ASGARD $1.0\times 10^{17}$ Hz,91.67779324426061,2.2324263015444712e-25,
0,line,6,ASGARD $1.0\times 10^{17}$ Hz,102.93868508027717,2.3140376747484335e-25,
0,line,6,ASGARD $1.0\times 10^{17}$ Hz,115.58276558669077,2.387198005494156e-25,
0,line,6,ASGARD $1.0\times 10^{17}$ Hz,129.77993346475662,2.4499808725004724e-25,
0,line,6,ASGARD $1.0\times 10^{17}$ Hz,145.7209562742639,2.500416207351771e-25,
0,line,6,ASGARD $1.0\times 10^{17}$ Hz,163.6200337801256,2.5374778281533475e-25,
0,line,6,ASGARD $1.0\times 10^{17}$ Hz,183.71767615786374,2.562815782134255e-25,
0,line,6,ASGARD $1.0\times 10^{17}$ Hz,206.2839357324804,2.571542685055592e-25,
0,line,6,ASGARD $1.0\times 10^{17}$ Hz,231.6220356756384,2.5630446755808086e-25,
0,line,6,ASGARD $1.0\times 10^{17}$ Hz,260.07244442001166,2.522170342855546e-25,
0,line,6,ASGARD $1.0\times 10^{17}$ Hz,292.0174505387701,2.463776448143315e-25,
0,line,6,ASGARD $1.0\times 10^{17}$ Hz,327.8862995629286,2.3950063611074177e-25,
0,line,6,ASGARD $1.0\times 10^{17}$ Hz,368.16096176004703,2.3161022029047843e-25,
0,line,6,ASGARD $1.0\times 10^{17}$ Hz,413.38260837601484,2.229068869377528e-25,
0,line,6,ASGARD $1.0\times 10^{17}$ Hz,464.1588833612782,2.1347192928406695e-25,
0,line,6,ASGARD $1.0\times 10^{17}$ Hz,521.1720682918044,2.0350345238557305e-25,
0,line,6,ASGARD $1.0\times 10^{17}$ Hz,585.1882501969513,1.9305516216940224e-25,
0,line,6,ASGARD $1.0\times 10^{17}$ Hz,657.0676154824831,1.8241257580481923e-25,
0,line,6,ASGARD $1.0\times 10^{17}$ Hz,737.7760082683312,1.7153847697196996e-25,
0,line,6,ASGARD $1.0\times 10^{17}$ Hz,828.3979084506619,1.6065164625347778e-25,
0,line,6,ASGARD $1.0\times 10^{17}$ Hz,930.1510038746646,1.498886846933126e-25,
0,line,6,ASGARD $1.0\times 10^{17}$ Hz,1044.4025524245699,1.3925923786723136e-25,
0,line,6,ASGARD $1.0\times 10^{17}$ Hz,1172.6877538885456,1.2892931187665387e-25,
0,line,6,ASGARD $1.0\times 10^{17}$ Hz,1316.7303784615017,1.1892053635302364e-25,
0,line,6,ASGARD $1.0\times 10^{17}$ Hz,1478.465929071304,1.0936893819742468e-25,
0,line,6,ASGARD $1.0\times 10^{17}$ Hz,1660.0676487609296,1.0021196319443709e-25,
0,line,6,ASGARD $1.0\times 10^{17}$ Hz,1863.975722588148,9.155371400966216e-26,
0,line,6,ASGARD $1.0\times 10^{17}$ Hz,2092.9300664290977,8.344672935240445e-26,
0,line,6,ASGARD $1.0\times 10^{17}$ Hz,2350.0071432694094,7.58447178968401e-26,
0,line,6,ASGARD $1.0\times 10^{17}$ Hz,2638.6613016839365,6.878302271260665e-26,
0,line,6,ASGARD $1.0\times 10^{17}$ Hz,2962.77119197087,6.225470849732332e-26,
0,line,6,ASGARD $1.0\times 10^{17}$ Hz,3326.691883634535,5.624080502177647e-26,
0,line,6,ASGARD $1.0\times 10^{17}$ Hz,3735.3133845202788,5.07431886335621e-26,
0,line,6,ASGARD $1.0\times 10^{17}$ Hz,4194.126347923944,4.573252702662023e-26,
0,line,6,ASGARD $1.0\times 10^{17}$ Hz,4709.295850583362,4.1181629444509104e-26,
0,line,6,ASGARD $1.0\times 10^{17}$ Hz,5287.744232907843,3.709519172639241e-26,
0,line,6,ASGARD $1.0\times 10^{17}$ Hz,5937.244114571097,3.343192653700153e-26,
0,line,6,ASGARD $1.0\times 10^{17}$ Hz,6666.522835319501,3.011724924543361e-26,
0,line,6,ASGARD $1.0\times 10^{17}$ Hz,7485.379724368442,2.7114586012663107e-26,
0,line,6,ASGARD $1.0\times 10^{17}$ Hz,8404.817774137397,2.4391653317441812e-26,
0,line,6,ASGARD $1.0\times 10^{17}$ Hz,9437.191487625705,2.1926937823838647e-26,
0,line,6,ASGARD $1.0\times 10^{17}$ Hz,10596.372886056477,1.9692491814404917e-26,
0,line,6,ASGARD $1.0\times 10^{17}$ Hz,11897.937907435859,1.766391799690678e-26,
0,line,6,ASGARD $1.0\times 10^{17}$ Hz,13359.375700667906,1.5820907695331527e-26,
0,line,6,ASGARD $1.0\times 10^{17}$ Hz,15000.323627513291,1.4138150076683315e-26,
0,line,6,ASGARD $1.0\times 10^{17}$ Hz,16842.831130116658,1.2597195646693667e-26,
0,line,6,ASGARD $1.0\times 10^{17}$ Hz,18911.65600969468,1.117574453605833e-26,
0,line,6,ASGARD $1.0\times 10^{17}$ Hz,21234.59709748593,9.854997276464715e-27,
0,line,6,ASGARD $1.0\times 10^{17}$ Hz,23842.867788067262,8.62079563109194e-27,
0,line,6,ASGARD $1.0\times 10^{17}$ Hz,26771.51545420944,7.462947602226501e-27,
0,line,6,ASGARD $1.0\times 10^{17}$ Hz,30059.89237895584,6.38471858635338e-27,
0,line,6,ASGARD $1.0\times 10^{17}$ Hz,33752.1845328457,5.3918000700340426e-27,
0,line,6,ASGARD $1.0\times 10^{17}$ Hz,37898.005301469406,4.493900837279101e-27,
0,line,6,ASGARD $1.0\times 10^{17}$ Hz,42553.0621412821,3.700374335728489e-27,
0,line,6,ASGARD $1.0\times 10^{17}$ Hz,47779.90512153967,3.0137494153780765e-27,
0,line,6,ASGARD $1.0\times 10^{17}$ Hz,53648.76741052671,2.433210208682012e-27,
0,line,6,ASGARD $1.0\times 10^{17}$ Hz,60238.50899970236,1.9515212676805764e-27,
0,line,6,ASGARD $1.0\times 10^{17}$ Hz,67637.67634660006,1.5578279083584733e-27,
0,line,6,ASGARD $1.0\times 10^{17}$ Hz,75945.69217491779,1.240328973954375e-27,
0,line,6,ASGARD $1.0\times 10^{17}$ Hz,85274.19141916305,9.859304300629806e-28,
0,line,6,ASGARD $1.0\times 10^{17}$ Hz,95748.52126495788,7.8361061314297915e-28,
0,line,6,ASGARD $1.0\times 10^{17}$ Hz,107509.42544107056,6.234772616482564e-28,
0,line,6,ASGARD $1.0\times 10^{17}$ Hz,120714.9353950307,4.9689873163811295e-28,
0,line,6,ASGARD $1.0\times 10^{17}$ Hz,135542.4937640828,3.985107214240081e-28,
0,line,6,ASGARD $1.0\times 10^{17}$ Hz,152191.33867459052,3.199911948610352e-28,
0,line,6,ASGARD $1.0\times 10^{17}$ Hz,170885.1809077577,2.5721062175261867e-28,
0,line,6,ASGARD $1.0\times 10^{17}$ Hz,191875.20990478364,2.070800492158549e-28,
0,line,6,ASGARD $1.0\times 10^{17}$ Hz,215443.46900318866,1.6670067941081922e-28,
0,line,6,ASGARD $1.0\times 10^{17}$ Hz,241906.64525741176,1.3429036804629375e-28,
0,line,6,ASGARD $1.0\times 10^{17}$ Hz,271620.32476755726,1.0823086648036636e-28,
0,line,6,ASGARD $1.0\times 10^{17}$ Hz,304983.77069520706,8.722292709400612e-29,
0,line,6,ASGARD $1.0\times 10^{17}$ Hz,342445.2881685698,7.039552292598011e-29,
0,line,6,ASGARD $1.0\times 10^{17}$ Hz,384508.2481652776,5.67253521557711e-29,
0,line,6,ASGARD $1.0\times 10^{17}$ Hz,431737.8513158363,4.5704049734186454e-29,
0,line,6,ASGARD $1.0\times 10^{17}$ Hz,484768.7225130572,3.689343641380639e-29,
0,line,6,ASGARD $1.0\times 10^{17}$ Hz,544313.4383763528,2.974275575191702e-29,
0,line,6,ASGARD $1.0\times 10^{17}$ Hz,611172.1021545639,2.3994858057736362e-29,
0,line,6,ASGARD $1.0\times 10^{17}$ Hz,686243.0947254312,1.935351729322298e-29,
0,line,6,ASGARD $1.0\times 10^{17}$ Hz,770535.1461530557,1.5630542703745825e-29,
0,line,6,ASGARD $1.0\times 10^{17}$ Hz,865180.8900090464,1.263954268448127e-29,
0,line,6,ASGARD $1.0\times 10^{17}$ Hz,971452.0825869758,1.019884333931525e-29,
0,line,6,ASGARD $1.0\times 10^{17}$ Hz,1090776.6915109565,8.276854655101194e-30,
0,line,6,ASGARD $1.0\times 10^{17}$ Hz,1224758.0833582329,6.706076330666269e-30,
0,line,6,ASGARD $1.0\times 10^{17}$ Hz,1375196.5681201622,5.429429244099986e-30,
0,line,6,ASGARD $1.0\times 10^{17}$ Hz,1544113.5899948329,4.435892567680401e-30,
0,line,6,ASGARD $1.0\times 10^{17}$ Hz,1733778.8895633693,3.60211224204507e-30,
0,line,6,ASGARD $1.0\times 10^{17}$ Hz,1946741.0023284936,2.9392798276497033e-30,
0,line,6,ASGARD $1.0\times 10^{17}$ Hz,2185861.5034246743,2.4153124131602245e-30,
0,line,6,ASGARD $1.0\times 10^{17}$ Hz,2454353.458646543,1.9690063933185547e-30,
0,line,6,ASGARD $1.0\times 10^{17}$ Hz,2755824.5984626412,1.6255493613325268e-30,
0,line,6,ASGARD $1.0\times 10^{17}$ Hz,3094325.795144362,1.340382800098545e-30,
0,line,6,ASGARD $1.0\times 10^{17}$ Hz,3474405.4943980086,1.1003454790543429e-30,
0,line,6,ASGARD $1.0\times 10^{17}$ Hz,3901170.8328986377,9.180920186924619e-31,
0,line,6,ASGARD $1.0\times 10^{17}$ Hz,4380356.262962907,7.605085753143583e-31,
0,line,6,ASGARD $1.0\times 10^{17}$ Hz,4918400.606471699,6.31995458387306e-31,
0,line,6,ASGARD $1.0\times 10^{17}$ Hz,5522533.573417251,5.285201110891181e-31,
0,line,6,ASGARD $1.0\times 10^{17}$ Hz,6200872.907625809,4.374799463333143e-31,
0,line,6,ASGARD $1.0\times 10^{17}$ Hz,6962533.465004367,3.6703473372932297e-31,
0,line,6,ASGARD $1.0\times 10^{17}$ Hz,7817749.689997524,3.064447726926818e-31,
0,line,6,ASGARD $1.0\times 10^{17}$ Hz,8778013.135972489,2.544932061223819e-31,
0,line,6,ASGARD $1.0\times 10^{17}$ Hz,9856226.87739571,2.1445719897112497e-31,
0,line,6,ASGARD $1.0\times 10^{17}$ Hz,11066878.88863989,1.787071560314726e-31,
0,line,6,ASGARD $1.0\times 10^{17}$ Hz,12426236.719115056,1.4990232036113437e-31,
0,line,6,ASGARD $1.0\times 10^{17}$ Hz,13952566.080576338,1.260668720981429e-31,
0,line,6,ASGARD $1.0\times 10^{17}$ Hz,15666376.283769464,1.0490197851003808e-31,
0,line,6,ASGARD $1.0\times 10^{17}$ Hz,17590695.822349843,8.892752060716656e-32,
0,line,6,ASGARD $1.0\times 10^{17}$ Hz,19751381.80710058,7.468662299205359e-32,
0,line,6,ASGARD $1.0\times 10^{17}$ Hz,22177467.40832167,6.274801397923444e-32,
0,line,6,ASGARD $1.0\times 10^{17}$ Hz,24901551.97497901,5.325987398222663e-32,
0,line,6,ASGARD $1.0\times 10^{17}$ Hz,27960239.072650153,4.471701053187131e-32,
0,line,6,ASGARD $1.0\times 10^{17}$ Hz,31394628.326189354,3.805064370888561e-32,
0,line,6,ASGARD $1.0\times 10^{17}$ Hz,35250867.67600913,3.228874742427529e-32,
0,line,6,ASGARD $1.0\times 10^{17}$ Hz,39580773.46865453,2.7239901693039e-32,
0,line,6,ASGARD $1.0\times 10^{17}$ Hz,44442526.71383636,2.3381606690474478e-32,
0,line,6,ASGARD $1.0\times 10^{17}$ Hz,49901454.86353981,1.9849083200595482e-32,
0,line,6,ASGARD $1.0\times 10^{17}$ Hz,56030909.61798617,1.6975298778209935e-32,
0,line,6,ASGARD $1.0\times 10^{17}$ Hz,62913252.55353957,1.4566102364995784e-32,
0,line,6,ASGARD $1.0\times 10^{17}$ Hz,70640961.8164559,1.2372282111958266e-32,
0,line,6,ASGARD $1.0\times 10^{17}$ Hz,79317874.75313465,1.0713352654523448e-32,
0,line,6,ASGARD $1.0\times 10^{17}$ Hz,89060583.17411506,9.188336040749553e-33,
0,line,6,ASGARD $1.0\times 10^{17}$ Hz,100000000.0,7.889286012879366e-33,
0,line,7,ASGARD+had $1.0\times 10^{17}$ Hz,1.0,7.992385498794468e-28,
0,line,7,ASGARD+had $1.0\times 10^{17}$ Hz,1.1228311834035287,1.123748221806164e-27,
0,line,7,ASGARD+had $1.0\times 10^{17}$ Hz,1.2607498664233685,1.5696084493386439e-27,
0,line,7,ASGARD+had $1.0\times 10^{17}$ Hz,1.4156092644919918,2.162841673157882e-27,
0,line,7,ASGARD+had $1.0\times 10^{17}$ Hz,1.5894902256865417,3.0213151260281782e-27,
0,line,7,ASGARD+had $1.0\times 10^{17}$ Hz,1.7847291911159615,4.107112480467968e-27,
0,line,7,ASGARD+had $1.0\times 10^{17}$ Hz,2.0039495897155577,5.6105322386269984e-27,
0,line,7,ASGARD+had $1.0\times 10^{17}$ Hz,2.2500970893013355,7.599572907142416e-27,
0,line,7,ASGARD+had $1.0\times 10^{17}$ Hz,2.5264791775530537,1.0030119118686086e-26,
0,line,7,ASGARD+had $1.0\times 10^{17}$ Hz,2.8368096047762688,1.3294099130282005e-26,
0,line,7,ASGARD+had $1.0\times 10^{17}$ Hz,3.1852582856214346,1.7144275708526962e-26,
0,line,7,ASGARD+had $1.0\times 10^{17}$ Hz,3.57650733029021,2.1764690553078725e-26,
0,line,7,ASGARD+had $1.0\times 10^{17}$ Hz,4.015813958121153,2.735308077108047e-26,
0,line,7,ASGARD+had $1.0\times 10^{17}$ Hz,4.509081138925582,3.336360896283406e-26,
0,line,7,ASGARD+had $1.0\times 10^{17}$ Hz,5.062936911282342,4.03324017123445e-26,
0,line,7,ASGARD+had $1.0\times 10^{17}$ Hz,5.684823443592558,4.7869501053825145e-26,
0,line,7,ASGARD+had $1.0\times 10^{17}$ Hz,6.383097034609155,5.55666726024327e-26,
0,line,7,ASGARD+had $1.0\times 10^{17}$ Hz,7.167140397149751,6.411869955532675e-26,
0,line,7,ASGARD+had $1.0\times 10^{17}$ Hz,8.04748873375089,7.288128682861297e-26,
0,line,7,ASGARD+had $1.0\times 10^{17}$ Hz,9.035971298344078,8.160640264357078e-26,
0,line,7,ASGARD+had $1.0\times 10^{17}$ Hz,10.14587034612,9.089388149072801e-26,
0,line,7,ASGARD+had $1.0\times 10^{17}$ Hz,11.392099607392687,1.0029701157114989e-25,
0,line,7,ASGARD+had $1.0\times 10^{17}$ Hz,12.791404683619605,1.0959670249130519e-25,
0,line,7,ASGARD+had $1.0\times 10^{17}$ Hz,14.362588058302041,1.1896970503757327e-25,
0,line,7,ASGARD+had $1.0\times 10^{17}$ Hz,16.12676174624068,1.282111869260064e-25,
0,line,7,ASGARD+had $1.0\times 10^{17}$ Hz,18.107630975998173,1.3747954125371138e-25,
0,line,7,ASGARD+had $1.0\times 10^{17}$ Hz,20.331812717414422,1.4670883671531851e-25,
0,line,7,ASGARD+had $1.0\times 10^{17}$ Hz,22.82919333423335,1.5563146417254068e-25,
0,line,7,ASGARD+had $1.0\times 10^{17}$ Hz,25.63333016762518,1.6432642354570122e-25,
0,line,7,ASGARD+had $1.0\times 10^{17}$ Hz,28.78190244668795,1.7312578595723018e-25,
0,line,7,ASGARD+had $1.0\times 10^{17}$ Hz,32.31721758481955,1.8152071531780058e-25,
0,line,7,ASGARD+had $1.0\times 10^{17}$ Hz,36.28677966507226,1.8958565088774738e-25,
0,line,7,ASGARD+had $1.0\times 10^{17}$ Hz,40.743927753236186,1.9748661883805857e-25,
0,line,7,ASGARD+had $1.0\times 10^{17}$ Hz,45.74855261567406,2.0503717698100799e-25,
0,line,7,ASGARD+had $1.0\times 10^{17}$ Hz,51.3679014724559,2.120997809830383e-25,
0,line,7,ASGARD+had $1.0\times 10^{17}$ Hz,57.67748159927351,2.189258828194513e-25,
0,line,7,ASGARD+had $1.0\times 10^{17}$ Hz,64.76207491984752,2.2574044903253344e-25,
0,line,7,ASGARD+had $1.0\times 10^{17}$ Hz,72.71687722192038,2.3214818086616015e-25,
0,line,7,ASGARD+had $1.0\times 10^{17}$ Hz,81.64877730449795,2.380404705468578e-25,
0,line,7,ASGARD+had $1.0\times 10^{17}$ Hz,91.67779324426061,2.434816858670102e-25,
0,line,7,ASGARD+had $1.0\times 10^{17}$ Hz,102.93868508027717,2.4860177302004325e-25,
0,line,7,ASGARD+had $1.0\times 10^{17}$ Hz,115.58276558669077,2.5289415041381876e-25,
0,line,7,ASGARD+had $1.0\times 10^{17}$ Hz,129.77993346475662,2.5629305163138943e-25,
0,line,7,ASGARD+had $1.0\times 10^{17}$ Hz,145.7209562742639,2.5878368968585197e-25,
0,line,7,ASGARD+had $1.0\times 10^{17}$ Hz,163.6200337801256,2.601808198178121e-25,
0,line,7,ASGARD+had $1.0\times 10^{17}$ Hz,183.71767615786374,2.6043914998969683e-25,
0,line,7,ASGARD+had $1.0\times 10^{17}$ Hz,206.2839357324804,2.595104409754937e-25,
0,line,7,ASGARD+had $1.0\times 10^{17}$ Hz,231.6220356756384,2.5707403182116126e-25,
0,line,7,ASGARD+had $1.0\times 10^{17}$ Hz,260.07244442001166,2.5179046957260756e-25,
0,line,7,ASGARD+had $1.0\times 10^{17}$ Hz,292.0174505387701,2.4477568547260115e-25,
0,line,7,ASGARD+had $1.0\times 10^{17}$ Hz,327.8862995629286,2.365834603366787e-25,
0,line,7,ASGARD+had $1.0\times 10^{17}$ Hz,368.16096176004703,2.2731644732532725e-25,
0,line,7,ASGARD+had $1.0\times 10^{17}$ Hz,413.38260837601484,2.171848312577509e-25,
0,line,7,ASGARD+had $1.0\times 10^{17}$ Hz,464.1588833612782,2.063604202647619e-25,
0,line,7,ASGARD+had $1.0\times 10^{17}$ Hz,521.1720682918044,1.950844901302952e-25,
0,line,7,ASGARD+had $1.0\times 10^{17}$ Hz,585.1882501969513,1.8343174591757286e-25,
0,line,7,ASGARD+had $1.0\times 10^{17}$ Hz,657.0676154824831,1.717328629620985e-25,
0,line,7,ASGARD+had $1.0\times 10^{17}$ Hz,737.7760082683312,1.600114407525138e-25,
0,line,7,ASGARD+had $1.0\times 10^{17}$ Hz,828.3979084506619,1.4850758698479127e-25,
0,line,7,ASGARD+had $1.0\times 10^{17}$ Hz,930.1510038746646,1.372967995580413e-25,
0,line,7,ASGARD+had $1.0\times 10^{17}$ Hz,1044.4025524245699,1.2643375781596144e-25,
0,line,7,ASGARD+had $1.0\times 10^{17}$ Hz,1172.6877538885456,1.1607957396573918e-25,
0,line,7,ASGARD+had $1.0\times 10^{17}$ Hz,1316.7303784615017,1.0620261027138716e-25,
0,line,7,ASGARD+had $1.0\times 10^{17}$ Hz,1478.465929071304,9.69497489605843e-26,
0,line,7,ASGARD+had $1.0\times 10^{17}$ Hz,1660.0676487609296,8.823362068923415e-26,
0,line,7,ASGARD+had $1.0\times 10^{17}$ Hz,1863.975722588148,8.01258756480109e-26,
0,line,7,ASGARD+had $1.0\times 10^{17}$ Hz,2092.9300664290977,7.265087228422841e-26,
0,line,7,ASGARD+had $1.0\times 10^{17}$ Hz,2350.0071432694094,6.574760397220127e-26,
0,line,7,ASGARD+had $1.0\times 10^{17}$ Hz,2638.6613016839365,5.941955351727429e-26,
0,line,7,ASGARD+had $1.0\times 10^{17}$ Hz,2962.77119197087,5.363587548545509e-26,
0,line,7,ASGARD+had $1.0\times 10^{17}$ Hz,3326.691883634535,4.836020200538755e-26,
0,line,7,ASGARD+had $1.0\times 10^{17}$ Hz,3735.3133845202788,4.357041598832465e-26,
0,line,7,ASGARD+had $1.0\times 10^{17}$ Hz,4194.126347923944,3.921971863726776e-26,
0,line,7,ASGARD+had $1.0\times 10^{17}$ Hz,4709.295850583362,3.526429212834534e-26,
0,line,7,ASGARD+had $1.0\times 10^{17}$ Hz,5287.744232907843,3.165728066931902e-26,
0,line,7,ASGARD+had $1.0\times 10^{17}$ Hz,5937.244114571097,2.8313909179763623e-26,
0,line,7,ASGARD+had $1.0\times 10^{17}$ Hz,6666.522835319501,2.5294112690940242e-26,
0,line,7,ASGARD+had $1.0\times 10^{17}$ Hz,7485.379724368442,2.2567433545665256e-26,
0,line,7,ASGARD+had $1.0\times 10^{17}$ Hz,8404.817774137397,2.010677941973151e-26,
0,line,7,ASGARD+had $1.0\times 10^{17}$ Hz,9437.191487625705,1.7893286301439816e-26,
0,line,7,ASGARD+had $1.0\times 10^{17}$ Hz,10596.372886056477,1.5902509862241175e-26,
0,line,7,ASGARD+had $1.0\times 10^{17}$ Hz,11897.937907435859,1.4112345336657127e-26,
0,line,7,ASGARD+had $1.0\times 10^{17}$ Hz,13359.375700667906,1.2503597430573086e-26,
0,line,7,ASGARD+had $1.0\times 10^{17}$ Hz,15000.323627513291,1.1053128308966682e-26,
0,line,7,ASGARD+had $1.0\times 10^{17}$ Hz,16842.831130116658,9.743068902589465e-27,
0,line,7,ASGARD+had $1.0\times 10^{17}$ Hz,18911.65600969468,8.552693259769992e-27,
0,line,7,ASGARD+had $1.0\times 10^{17}$ Hz,21234.59709748593,7.464825795116981e-27,
0,line,7,ASGARD+had $1.0\times 10^{17}$ Hz,23842.867788067262,6.467115837898972e-27,
0,line,7,ASGARD+had $1.0\times 10^{17}$ Hz,26771.51545420944,5.551112152126576e-27,
0,line,7,ASGARD+had $1.0\times 10^{17}$ Hz,30059.89237895584,4.7162829902205075e-27,
0,line,7,ASGARD+had $1.0\times 10^{17}$ Hz,33752.1845328457,3.962886361954994e-27,
0,line,7,ASGARD+had $1.0\times 10^{17}$ Hz,37898.005301469406,3.2936557902665225e-27,
0,line,7,ASGARD+had $1.0\times 10^{17}$ Hz,42553.0621412821,2.710790401446184e-27,
0,line,7,ASGARD+had $1.0\times 10^{17}$ Hz,47779.90512153967,2.2118158479320208e-27,
0,line,7,ASGARD+had $1.0\times 10^{17}$ Hz,53648.76741052671,1.7926505288664477e-27,
0,line,7,ASGARD+had $1.0\times 10^{17}$ Hz,60238.50899970236,1.4456635333159238e-27,
0,line,7,ASGARD+had $1.0\times 10^{17}$ Hz,67637.67634660006,1.1616520720822978e-27,
0,line,7,ASGARD+had $1.0\times 10^{17}$ Hz,75945.69217491779,9.31551526100935e-28,
0,line,7,ASGARD+had $1.0\times 10^{17}$ Hz,85274.19141916305,7.458768854394321e-28,
0,line,7,ASGARD+had $1.0\times 10^{17}$ Hz,95748.52126495788,5.968977140526681e-28,
0,line,7,ASGARD+had $1.0\times 10^{17}$ Hz,107509.42544107056,4.778009444772636e-28,
0,line,7,ASGARD+had $1.0\times 10^{17}$ Hz,120714.9353950307,3.8207280008675423e-28,
0,line,7,ASGARD+had $1.0\times 10^{17}$ Hz,135542.4937640828,3.044372663268131e-28,
0,line,7,ASGARD+had $1.0\times 10^{17}$ Hz,152191.33867459052,2.4231965244409294e-28,
0,line,7,ASGARD+had $1.0\times 10^{17}$ Hz,170885.1809077577,1.9277619218859988e-28,
0,line,7,ASGARD+had $1.0\times 10^{17}$ Hz,191875.20990478364,1.5345377523372604e-28,
0,line,7,ASGARD+had $1.0\times 10^{17}$ Hz,215443.46900318866,1.220652092332399e-28,
0,line,7,ASGARD+had $1.0\times 10^{17}$ Hz,241906.64525741176,9.715525053265304e-29,
0,line,7,ASGARD+had $1.0\times 10^{17}$ Hz,271620.32476755726,7.738599374935959e-29,
0,line,7,ASGARD+had $1.0\times 10^{17}$ Hz,304983.77069520706,6.167405010116905e-29,
0,line,7,ASGARD+had $1.0\times 10^{17}$ Hz,342445.2881685698,4.9272455682726706e-29,
0,line,7,ASGARD+had $1.0\times 10^{17}$ Hz,384508.2481652776,3.934300748294877e-29,
0,line,7,ASGARD+had $1.0\times 10^{17}$ Hz,431737.8513158363,3.145093566549506e-29,
0,line,7,ASGARD+had $1.0\times 10^{17}$ Hz,484768.7225130572,2.5226238910370758e-29,
0,line,7,ASGARD+had $1.0\times 10^{17}$ Hz,544313.4383763528,2.0234874062872032e-29,
0,line,7,ASGARD+had $1.0\times 10^{17}$ Hz,611172.1021545639,1.6264976129078996e-29,
0,line,7,ASGARD+had $1.0\times 10^{17}$ Hz,686243.0947254312,1.3088503813780688e-29,
0,line,7,ASGARD+had $1.0\times 10^{17}$ Hz,770535.1461530557,1.0559127387187546e-29,
0,line,7,ASGARD+had $1.0\times 10^{17}$ Hz,865180.8900090464,8.537906819646127e-30,
0,line,7,ASGARD+had $1.0\times 10^{17}$ Hz,971452.0825869758,6.895076630092789e-30,
0,line,7,ASGARD+had $1.0\times 10^{17}$ Hz,1090776.6915109565,5.603603981983421e-30,
0,line,7,ASGARD+had $1.0\times 10^{17}$ Hz,1224758.0833582329,4.548912455603561e-30,
0,line,7,ASGARD+had $1.0\times 10^{17}$ Hz,1375196.5681201622,3.691049339618588e-30,
0,line,7,ASGARD+had $1.0\times 10^{17}$ Hz,1544113.5899948329,3.021525387534836e-30,
0,line,7,ASGARD+had $1.0\times 10^{17}$ Hz,1733778.8895633693,2.4585146016737285e-30,
0,line,7,ASGARD+had $1.0\times 10^{17}$ Hz,1946741.0023284936,2.0089581632278517e-30,
0,line,7,ASGARD+had $1.0\times 10^{17}$ Hz,2185861.5034246743,1.6519857070733924e-30,
0,line,7,ASGARD+had $1.0\times 10^{17}$ Hz,2454353.458646543,1.3468690377249277e-30,
0,line,7,ASGARD+had $1.0\times 10^{17}$ Hz,2755824.5984626412,1.1107175457237521e-30,
0,line,7,ASGARD+had $1.0\times 10^{17}$ Hz,3094325.795144362,9.139717585133925e-31,
0,line,7,ASGARD+had $1.0\times 10^{17}$ Hz,3474405.4943980086,7.477452902932254e-31,
0,line,7,ASGARD+had $1.0\times 10^{17}$ Hz,3901170.8328986377,6.191153978200224e-31,
0,line,7,ASGARD+had $1.0\times 10^{17}$ Hz,4380356.262962907,5.059864109763672e-31,
0,line,7,ASGARD+had $1.0\times 10^{17}$ Hz,4918400.606471699,4.146880176226383e-31,
0,line,7,ASGARD+had $1.0\times 10^{17}$ Hz,5522533.573417251,3.42099920745278e-31,
0,line,7,ASGARD+had $1.0\times 10^{17}$ Hz,6200872.907625809,2.7904379057971654e-31,
0,line,7,ASGARD+had $1.0\times 10^{17}$ Hz,6962533.465004367,2.3102389828426188e-31,
0,line,7,ASGARD+had $1.0\times 10^{17}$ Hz,7817749.689997524,1.9030139701975216e-31,
0,line,7,ASGARD+had $1.0\times 10^{17}$ Hz,8778013.135972489,1.559069371687562e-31,
0,line,7,ASGARD+had $1.0\times 10^{17}$ Hz,9856226.87739571,1.2985153616012882e-31,
0,line,7,ASGARD+had $1.0\times 10^{17}$ Hz,11066878.88863989,1.0688939881630528e-31,
0,line,7,ASGARD+had $1.0\times 10^{17}$ Hz,12426236.719115056,8.867586414799621e-32,
0,line,7,ASGARD+had $1.0\times 10^{17}$ Hz,13952566.080576338,7.380718363199422e-32,
0,line,7,ASGARD+had $1.0\times 10^{17}$ Hz,15666376.283769464,6.076247256548306e-32,
0,line,7,ASGARD+had $1.0\times 10^{17}$ Hz,17590695.822349843,5.105351080634293e-32,
0,line,7,ASGARD+had $1.0\times 10^{17}$ Hz,19751381.80710058,4.2479960299729866e-32,
0,line,7,ASGARD+had $1.0\times 10^{17}$ Hz,22177467.40832167,3.536679931641183e-32,
0,line,7,ASGARD+had $1.0\times 10^{17}$ Hz,24901551.97497901,2.976982742710716e-32,
0,line,7,ASGARD+had $1.0\times 10^{17}$ Hz,27960239.072650153,2.4768032608339316e-32,
0,line,7,ASGARD+had $1.0\times 10^{17}$ Hz,31394628.326189354,2.0901166422671325e-32,
0,line,7,ASGARD+had $1.0\times 10^{17}$ Hz,35250867.67600913,1.758240351553047e-32,
0,line,7,ASGARD+had $1.0\times 10^{17}$ Hz,39580773.46865453,1.4693726449459433e-32,
0,line,7,ASGARD+had $1.0\times 10^{17}$ Hz,44442526.71383636,1.250766360121746e-32,
0,line,7,ASGARD+had $1.0\times 10^{17}$ Hz,49901454.86353981,1.0516599566364234e-32,
0,line,7,ASGARD+had $1.0\times 10^{17}$ Hz,56030909.61798617,8.911300907139963e-33,
0,line,7,ASGARD+had $1.0\times 10^{17}$ Hz,62913252.55353957,7.576391207450524e-33,
0,line,7,ASGARD+had $1.0\times 10^{17}$ Hz,70640961.8164559,6.367772855636477e-33,
0,line,7,ASGARD+had $1.0\times 10^{17}$ Hz,79317874.75313465,5.465769075005476e-33,
0,line,7,ASGARD+had $1.0\times 10^{17}$ Hz,89060583.17411506,4.6405446537004086e-33,
0,line,7,ASGARD+had $1.0\times 10^{17}$ Hz,100000000.0,3.9439450397915545e-33,
0,line,8,Vegas $1.0\times 10^{17}$ Hz,1.0,7.794055022750634e-28,
0,line,8,Vegas $1.0\times 10^{17}$ Hz,1.1228311834035287,1.0971533517872515e-27,
0,line,8,Vegas $1.0\times 10^{17}$ Hz,1.2607498664233685,1.5428320470592627e-27,
0,line,8,Vegas $1.0\times 10^{17}$ Hz,1.4156092644919918,2.1568737171559352e-27,
0,line,8,Vegas $1.0\times 10^{17}$ Hz,1.5894902256865417,3.001386772762612e-27,
0,line,8,Vegas $1.0\times 10^{17}$ Hz,1.7847291911159615,4.167012628073644e-27,
0,line,8,Vegas $1.0\times 10^{17}$ Hz,2.0039495897155577,5.744388189852859e-27,
0,line,8,Vegas $1.0\times 10^{17}$ Hz,2.2500970893013355,7.83163539771309e-27,
0,line,8,Vegas $1.0\times 10^{17}$ Hz,2.5264791775530537,1.0541188028250483e-26,
0,line,8,Vegas $1.0\times 10^{17}$ Hz,2.8368096047762688,1.397993191562646e-26,
0,line,8,Vegas $1.0\times 10^{17}$ Hz,3.1852582856214346,1.8234083497490226e-26,
0,line,8,Vegas $1.0\times 10^{17}$ Hz,3.57650733029021,2.3354638570125396e-26,
0,line,8,Vegas $1.0\times 10^{17}$ Hz,4.015813958121153,2.935796833438186e-26,
0,line,8,Vegas $1.0\times 10^{17}$ Hz,4.509081138925582,3.622141661929261e-26,
0,line,8,Vegas $1.0\times 10^{17}$ Hz,5.062936911282342,4.389505171461907e-26,
0,line,8,Vegas $1.0\times 10^{17}$ Hz,5.684823443592558,5.231422405106411e-26,
0,line,8,Vegas $1.0\times 10^{17}$ Hz,6.383097034609155,6.141072646623475e-26,
0,line,8,Vegas $1.0\times 10^{17}$ Hz,7.167140397149751,7.110995636336109e-26,
0,line,8,Vegas $1.0\times 10^{17}$ Hz,8.04748873375089,8.130564879564368e-26,
0,line,8,Vegas $1.0\times 10^{17}$ Hz,9.035971298344078,9.199266581801193e-26,
0,line,8,Vegas $1.0\times 10^{17}$ Hz,10.14587034612,1.0309494541459861e-25,
0,line,8,Vegas $1.0\times 10^{17}$ Hz,11.392099607392687,1.1462452088036713e-25,
0,line,8,Vegas $1.0\times 10^{17}$ Hz,12.791404683619605,1.265593820044526e-25,
0,line,8,Vegas $1.0\times 10^{17}$ Hz,14.362588058302041,1.3876710001372845e-25,
0,line,8,Vegas $1.0\times 10^{17}$ Hz,16.12676174624068,1.5131071448519856e-25,
0,line,8,Vegas $1.0\times 10^{17}$ Hz,18.107630975998173,1.6403432319788497e-25,
0,line,8,Vegas $1.0\times 10^{17}$ Hz,20.331812717414422,1.767851036740776e-25,
0,line,8,Vegas $1.0\times 10^{17}$ Hz,22.82919333423335,1.8979760716443786e-25,
0,line,8,Vegas $1.0\times 10^{17}$ Hz,25.63333016762518,2.028426805139823e-25,
0,line,8,Vegas $1.0\times 10^{17}$ Hz,28.78190244668795,2.1579325719089708e-25,
0,line,8,Vegas $1.0\times 10^{17}$ Hz,32.31721758481955,2.2878415367585007e-25,
0,line,8,Vegas $1.0\times 10^{17}$ Hz,36.28677966507226,2.4130298605617e-25,
0,line,8,Vegas $1.0\times 10^{17}$ Hz,40.743927753236186,2.534689438142925e-25,
0,line,8,Vegas $1.0\times 10^{17}$ Hz,45.74855261567406,2.650077134483397e-25,
0,line,8,Vegas $1.0\times 10^{17}$ Hz,51.3679014724559,2.75774174493023e-25,
0,line,8,Vegas $1.0\times 10^{17}$ Hz,57.67748159927351,2.860207535026877e-25,
0,line,8,Vegas $1.0\times 10^{17}$ Hz,64.76207491984752,2.943698512008912e-25,
0,line,8,Vegas $1.0\times 10^{17}$ Hz,72.71687722192038,3.0310589194613944e-25,
0,line,8,Vegas $1.0\times 10^{17}$ Hz,81.64877730449795,3.0808036144068473e-25,
0,line,8,Vegas $1.0\times 10^{17}$ Hz,91.67779324426061,3.1376858636993183e-25,
0,line,8,Vegas $1.0\times 10^{17}$ Hz,102.93868508027717,3.1580805888144885e-25,
0,line,8,Vegas $1.0\times 10^{17}$ Hz,115.58276558669077,3.1725045596497983e-25,
0,line,8,Vegas $1.0\times 10^{17}$ Hz,129.77993346475662,3.1642093740879364e-25,
0,line,8,Vegas $1.0\times 10^{17}$ Hz,145.7209562742639,3.137198218352937e-25,
0,line,8,Vegas $1.0\times 10^{17}$ Hz,163.6200337801256,3.098531957139814e-25,
0,line,8,Vegas $1.0\times 10^{17}$ Hz,183.71767615786374,3.030729456404006e-25,
0,line,8,Vegas $1.0\times 10^{17}$ Hz,206.2839357324804,2.958445318213189e-25,
0,line,8,Vegas $1.0\times 10^{17}$ Hz,231.6220356756384,2.860245162630199e-25,
0,line,8,Vegas $1.0\times 10^{17}$ Hz,260.07244442001166,2.7568351291643774e-25,
0,line,8,Vegas $1.0\times 10^{17}$ Hz,292.0174505387701,2.6450919312516205e-25,
0,line,8,Vegas $1.0\times 10^{17}$ Hz,327.8862995629286,2.515567645015282e-25,
0,line,8,Vegas $1.0\times 10^{17}$ Hz,368.16096176004703,2.3924521488139768e-25,
0,line,8,Vegas $1.0\times 10^{17}$ Hz,413.38260837601484,2.25206059184832e-25,
0,line,8,Vegas $1.0\times 10^{17}$ Hz,464.1588833612782,2.1178968892713044e-25,
0,line,8,Vegas $1.0\times 10^{17}$ Hz,521.1720682918044,1.9819035164519357e-25,
0,line,8,Vegas $1.0\times 10^{17}$ Hz,585.1882501969513,1.8420625951943203e-25,
0,line,8,Vegas $1.0\times 10^{17}$ Hz,657.0676154824831,1.710973929469014e-25,
0,line,8,Vegas $1.0\times 10^{17}$ Hz,737.7760082683312,1.5798476277282563e-25,
0,line,8,Vegas $1.0\times 10^{17}$ Hz,828.3979084506619,1.454013397477553e-25,
0,line,8,Vegas $1.0\times 10^{17}$ Hz,930.1510038746646,1.3369224064786962e-25,
0,line,8,Vegas $1.0\times 10^{17}$ Hz,1044.4025524245699,1.222021934218584e-25,
0,line,8,Vegas $1.0\times 10^{17}$ Hz,1172.6877538885456,1.1148399859757489e-25,
0,line,8,Vegas $1.0\times 10^{17}$ Hz,1316.7303784615017,1.0163996696607423e-25,
0,line,8,Vegas $1.0\times 10^{17}$ Hz,1478.465929071304,9.227452286987787e-26,
0,line,8,Vegas $1.0\times 10^{17}$ Hz,1660.0676487609296,8.355417208785055e-26,
0,line,8,Vegas $1.0\times 10^{17}$ Hz,1863.975722588148,7.565317222057457e-26,
0,line,8,Vegas $1.0\times 10^{17}$ Hz,2092.9300664290977,6.840842761108033e-26,
0,line,8,Vegas $1.0\times 10^{17}$ Hz,2350.0071432694094,6.157628088321697e-26,
0,line,8,Vegas $1.0\times 10^{17}$ Hz,2638.6613016839365,5.540353792660802e-26,
0,line,8,Vegas $1.0\times 10^{17}$ Hz,2962.77119197087,4.983727246110777e-26,
0,line,8,Vegas $1.0\times 10^{17}$ Hz,3326.691883634535,4.4794421043539694e-26,
0,line,8,Vegas $1.0\times 10^{17}$ Hz,3735.3133845202788,4.0201296988275874e-26,
0,line,8,Vegas $1.0\times 10^{17}$ Hz,4194.126347923944,3.5993900917139006e-26,
0,line,8,Vegas $1.0\times 10^{17}$ Hz,4709.295850583362,3.220176917452468e-26,
0,line,8,Vegas $1.0\times 10^{17}$ Hz,5287.744232907843,2.8798127623108176e-26,
0,line,8,Vegas $1.0\times 10^{17}$ Hz,5937.244114571097,2.5741085602241093e-26,
0,line,8,Vegas $1.0\times 10^{17}$ Hz,6666.522835319501,2.2992489300864106e-26,
0,line,8,Vegas $1.0\times 10^{17}$ Hz,7485.379724368442,2.0523773944335298e-26,
0,line,8,Vegas $1.0\times 10^{17}$ Hz,8404.817774137397,1.830978307594915e-26,
0,line,8,Vegas $1.0\times 10^{17}$ Hz,9437.191487625705,1.632208059538074e-26,
0,line,8,Vegas $1.0\times 10^{17}$ Hz,10596.372886056477,1.4535626666835942e-26,
0,line,8,Vegas $1.0\times 10^{17}$ Hz,11897.937907435859,1.292720094962362e-26,
0,line,8,Vegas $1.0\times 10^{17}$ Hz,13359.375700667906,1.1482195221737556e-26,
0,line,8,Vegas $1.0\times 10^{17}$ Hz,15000.323627513291,1.01797687996786e-26,
0,line,8,Vegas $1.0\times 10^{17}$ Hz,16842.831130116658,8.996295354096219e-27,
0,line,8,Vegas $1.0\times 10^{17}$ Hz,18911.65600969468,7.917033495123233e-27,
0,line,8,Vegas $1.0\times 10^{17}$ Hz,21234.59709748593,6.925129251048573e-27,
0,line,8,Vegas $1.0\times 10^{17}$ Hz,23842.867788067262,6.008920082148424e-27,
0,line,8,Vegas $1.0\times 10^{17}$ Hz,26771.51545420944,5.161832452785172e-27,
0,line,8,Vegas $1.0\times 10^{17}$ Hz,30059.89237895584,4.386485858509565e-27,
0,line,8,Vegas $1.0\times 10^{17}$ Hz,33752.1845328457,3.6810116560597716e-27,
0,line,8,Vegas $1.0\times 10^{17}$ Hz,37898.005301469406,3.0528249041921475e-27,
0,line,8,Vegas $1.0\times 10^{17}$ Hz,42553.0621412821,2.5049729252695397e-27,
0,line,8,Vegas $1.0\times 10^{17}$ Hz,47779.90512153967,2.036362074239888e-27,
0,line,8,Vegas $1.0\times 10^{17}$ Hz,53648.76741052671,1.6428491915677597e-27,
0,line,8,Vegas $1.0\times 10^{17}$ Hz,60238.50899970236,1.3181411259008354e-27,
0,line,8,Vegas $1.0\times 10^{17}$ Hz,67637.67634660006,1.0533647512528337e-27,
0,line,8,Vegas $1.0\times 10^{17}$ Hz,75945.69217491779,8.39321245418266e-28,
0,line,8,Vegas $1.0\times 10^{17}$ Hz,85274.19141916305,6.6775289515987325e-28,
0,line,8,Vegas $1.0\times 10^{17}$ Hz,95748.52126495788,5.307811228643852e-28,
0,line,8,Vegas $1.0\times 10^{17}$ Hz,107509.42544107056,4.217409717941405e-28,
0,line,8,Vegas $1.0\times 10^{17}$ Hz,120714.9353950307,3.351770467334275e-28,
0,line,8,Vegas $1.0\times 10^{17}$ Hz,135542.4937640828,2.6647985886978065e-28,
0,line,8,Vegas $1.0\times 10^{17}$ Hz,152191.33867459052,2.1199053364033306e-28,
0,line,8,Vegas $1.0\times 10^{17}$ Hz,170885.1809077577,1.6877489255651096e-28,
0,line,8,Vegas $1.0\times 10^{17}$ Hz,191875.20990478364,1.3447409968399772e-28,
0,line,8,Vegas $1.0\times 10^{17}$ Hz,215443.46900318866,1.0724474602199185e-28,
0,line,8,Vegas $1.0\times 10^{17}$ Hz,241906.64525741176,8.559445339429203e-29,
0,line,8,Vegas $1.0\times 10^{17}$ Hz,271620.32476755726,6.838730086468617e-29,
0,line,8,Vegas $1.0\times 10^{17}$ Hz,304983.77069520706,5.468130870173311e-29,
0,line,8,Vegas $1.0\times 10^{17}$ Hz,342445.2881685698,4.375909214142067e-29,
0,line,8,Vegas $1.0\times 10^{17}$ Hz,384508.2481652776,3.5060147316606445e-29,
0,line,8,Vegas $1.0\times 10^{17}$ Hz,431737.8513158363,2.810193620217507e-29,
0,line,8,Vegas $1.0\times 10^{17}$ Hz,484768.7225130572,2.255318810897938e-29,
0,line,8,Vegas $1.0\times 10^{17}$ Hz,544313.4383763528,1.8114336056367537e-29,
0,line,8,Vegas $1.0\times 10^{17}$ Hz,611172.1021545639,1.4555951507091857e-29,
0,line,8,Vegas $1.0\times 10^{17}$ Hz,686243.0947254312,1.1715277516175711e-29,
0,line,8,Vegas $1.0\times 10^{17}$ Hz,770535.1461530557,9.432133790784784e-30,
0,line,8,Vegas $1.0\times 10^{17}$ Hz,865180.8900090464,7.599831983909702e-30,
0,line,8,Vegas $1.0\times 10^{17}$ Hz,971452.0825869758,6.133953431256725e-30,
0,line,8,Vegas $1.0\times 10^{17}$ Hz,1090776.6915109565,4.9511820392764714e-30,
0,line,8,Vegas $1.0\times 10^{17}$ Hz,1224758.0833582329,4.001434948385299e-30,
0,line,8,Vegas $1.0\times 10^{17}$ Hz,1375196.5681201622,3.238918357788338e-30,
0,line,8,Vegas $1.0\times 10^{17}$ Hz,1544113.5899948329,2.6217168629243466e-30,
0,line,8,Vegas $1.0\times 10^{17}$ Hz,1733778.8895633693,2.125873970954718e-30,
0,line,8,Vegas $1.0\times 10^{17}$ Hz,1946741.0023284936,1.726139867332278e-30,
0,line,8,Vegas $1.0\times 10^{17}$ Hz,2185861.5034246743,1.4015718202843295e-30,
0,line,8,Vegas $1.0\times 10^{17}$ Hz,2454353.458646543,1.1406317600643547e-30,
0,line,8,Vegas $1.0\times 10^{17}$ Hz,2755824.5984626412,9.29377717678321e-31,
0,line,8,Vegas $1.0\times 10^{17}$ Hz,3094325.795144362,7.572504986964491e-31,
0,line,8,Vegas $1.0\times 10^{17}$ Hz,3474405.4943980086,6.18716506322747e-31,
0,line,8,Vegas $1.0\times 10^{17}$ Hz,3901170.8328986377,5.060606594645429e-31,
0,line,8,Vegas $1.0\times 10^{17}$ Hz,4380356.262962907,4.1391745334199655e-31,
0,line,8,Vegas $1.0\times 10^{17}$ Hz,4918400.606471699,3.3964136984445974e-31,
0,line,8,Vegas $1.0\times 10^{17}$ Hz,5522533.573417251,2.789560331057124e-31,
0,line,8,Vegas $1.0\times 10^{17}$ Hz,6200872.907625809,2.2911371628677612e-31,
0,line,8,Vegas $1.0\times 10^{17}$ Hz,6962533.465004367,1.8884904297032923e-31,
0,line,8,Vegas $1.0\times 10^{17}$ Hz,7817749.689997524,1.5579067160899263e-31,
0,line,8,Vegas $1.0\times 10^{17}$ Hz,8778013.135972489,1.285192534598489e-31,
0,line,8,Vegas $1.0\times 10^{17}$ Hz,9856226.87739571,1.0642507985576172e-31,
0,line,8,Vegas $1.0\times 10^{17}$ Hz,11066878.88863989,8.819442974198377e-32,
0,line,8,Vegas $1.0\times 10^{17}$ Hz,12426236.719115056,7.308670313179293e-32,
0,line,8,Vegas $1.0\times 10^{17}$ Hz,13952566.080576338,6.080248149622153e-32,
0,line,8,Vegas $1.0\times 10^{17}$ Hz,15666376.283769464,5.061587953474982e-32,
0,line,8,Vegas $1.0\times 10^{17}$ Hz,17590695.822349843,4.21359018555044e-32,
0,line,8,Vegas $1.0\times 10^{17}$ Hz,19751381.80710058,3.5210401114768043e-32,
0,line,8,Vegas $1.0\times 10^{17}$ Hz,22177467.40832167,2.9439849081469193e-32,
0,line,8,Vegas $1.0\times 10^{17}$ Hz,24901551.97497901,2.4615020251669267e-32,
0,line,8,Vegas $1.0\times 10^{17}$ Hz,27960239.072650153,2.065467822979479e-32,
0,line,8,Vegas $1.0\times 10^{17}$ Hz,31394628.326189354,1.733994791868175e-32,
0,line,8,Vegas $1.0\times 10^{17}$ Hz,35250867.67600913,1.455717655815863e-32,
0,line,8,Vegas $1.0\times 10^{17}$ Hz,39580773.46865453,1.2260416702843273e-32,
0,line,8,Vegas $1.0\times 10^{17}$ Hz,44442526.71383636,1.0330265155894124e-32,
0,line,8,Vegas $1.0\times 10^{17}$ Hz,49901454.86353981,8.703976501675541e-33,
0,line,8,Vegas $1.0\times 10^{17}$ Hz,56030909.61798617,7.354156568185873e-33,
0,line,8,Vegas $1.0\times 10^{17}$ Hz,62913252.55353957,6.215779881406145e-33,
0,line,8,Vegas $1.0\times 10^{17}$ Hz,70640961.8164559,5.2536166859308635e-33,
0,line,8,Vegas $1.0\times 10^{17}$ Hz,79317874.75313465,4.450727356108745e-33,
0,line,8,Vegas $1.0\times 10^{17}$ Hz,89060583.17411506,3.771585986836905e-33,
0,line,8,Vegas $1.0\times 10^{17}$ Hz,100000000.0,3.1960755490494085e-33,
1,line,0,ASGARD t=$1.0\times 10^{2}$ s,100000.0,2.9355604163801883e-27,
1,line,0,ASGARD t=$1.0\times 10^{2}$ s,141560.92644919915,8.306280079759737e-27,
1,line,0,ASGARD t=$1.0\times 10^{2}$ s,200394.95897155572,2.3469175414340094e-26,
1,line,0,ASGARD t=$1.0\times 10^{2}$ s,283680.9604776268,6.618291793337906e-26,
1,line,0,ASGARD t=$1.0\times 10^{2}$ s,401581.39581211505,1.859723088971951e-25,
1,line,0,ASGARD t=$1.0\times 10^{2}$ s,568482.3443592555,5.201201894804336e-25,
1,line,0,ASGARD t=$1.0\times 10^{2}$ s,804748.8733750888,1.443679659641472e-24,
1,line,0,ASGARD t=$1.0\times 10^{2}$ s,1139209.9607392682,3.981875216089704e-24,
1,line,0,ASGARD t=$1.0\times 10^{2}$ s,1612676.174624066,1.0948915182681417e-23,
1,line,0,ASGARD t=$1.0\times 10^{2}$ s,2282919.333423333,2.9684248003705394e-23,
1,line,0,ASGARD t=$1.0\times 10^{2}$ s,3231721.7584819514,7.636398497832535e-23,
1,line,0,ASGARD t=$1.0\times 10^{2}$ s,4574855.261567401,1.57378366707257e-22,
1,line,0,ASGARD t=$1.0\times 10^{2}$ s,6476207.491984746,3.2524548146768543e-22,
1,line,0,ASGARD t=$1.0\times 10^{2}$ s,9167779.324426051,6.73164491605604e-22,
1,line,0,ASGARD t=$1.0\times 10^{2}$ s,12977993.34647565,1.3831634738822545e-21,
1,line,0,ASGARD t=$1.0\times 10^{2}$ s,18371767.615786355,2.326843297292139e-21,
1,line,0,ASGARD t=$1.0\times 10^{2}$ s,26007244.44200111,3.8291068100877565e-21,
1,line,0,ASGARD t=$1.0\times 10^{2}$ s,36816096.176004626,6.301319005377565e-21,
1,line,0,ASGARD t=$1.0\times 10^{2}$ s,52117206.82918034,1.0363962502604993e-20,
1,line,0,ASGARD t=$1.0\times 10^{2}$ s,73777600.82683298,1.6654583937676158e-20,
1,line,0,ASGARD t=$1.0\times 10^{2}$ s,104440255.24245678,2.6558030116830846e-20,
1,line,0,ASGARD t=$1.0\times 10^{2}$ s,147846592.9071301,4.2350255894902463e-20,
1,line,0,ASGARD t=$1.0\times 10^{2}$ s,209293006.64290932,6.753034402668679e-20,
1,line,0,ASGARD t=$1.0\times 10^{2}$ s,296277119.1970864,1.0749659502815336e-19,
1,line,0,ASGARD t=$1.0\times 10^{2}$ s,419412634.79239357,1.709145303194378e-19,
1,line,0,ASGARD t=$1.0\times 10^{2}$ s,593724411.4571109,2.717459619992658e-19,
1,line,0,ASGARD t=$1.0\times 10^{2}$ s,840481777.4137379,4.3206214972468505e-19,
1,line,0,ASGARD t=$1.0\times 10^{2}$ s,1189793790.7435882,6.868778015541191e-19,
1,line,0,ASGARD t=$1.0\times 10^{2}$ s,1684283113.0116625,1.09181406967657e-18,
1,line,0,ASGARD t=$1.0\times 10^{2}$ s,2384286778.806731,1.73547307636493e-18,
1,line,0,ASGARD t=$1.0\times 10^{2}$ s,3375218453.2845626,2.7585890831731413e-18,
1,line,0,ASGARD t=$1.0\times 10^{2}$ s,4777990512.153976,4.38483522623956e-18,
1,line,0,ASGARD t=$1.0\times 10^{2}$ s,6763767634.659977,6.969668962874495e-18,
1,line,0,ASGARD t=$1.0\times 10^{2}$ s,9574852126.495787,1.1078246472711552e-17,
1,line,0,ASGARD t=$1.0\times 10^{2}$ s,13554249376.408226,1.760880525818756e-17,
1,line,0,ASGARD t=$1.0\times 10^{2}$ s,19187520990.478363,2.798908141124931e-17,
1,line,0,ASGARD t=$1.0\times 10^{2}$ s,27162032476.755615,4.448837834272e-17,
1,line,0,ASGARD t=$1.0\times 10^{2}$ s,38450824816.52776,7.071385365373866e-17,
1,line,0,ASGARD t=$1.0\times 10^{2}$ s,54431343837.635056,1.1239899646514068e-16,
1,line,0,ASGARD t=$1.0\times 10^{2}$ s,77053514615.30557,1.786571292343905e-16,
1,line,0,ASGARD t=$1.0\times 10^{2}$ s,109077669151.0952,2.839736648518577e-16,
1,line,0,ASGARD t=$1.0\times 10^{2}$ s,154411358999.4833,4.513731943482157e-16,
1,line,0,ASGARD t=$1.0\times 10^{2}$ s,218586150342.46652,7.174530053876455e-16,
1,line,0,ASGARD t=$1.0\times 10^{2}$ s,309432579514.43616,1.140384052544677e-15,
1,line,0,ASGARD t=$1.0\times 10^{2}$ s,438035626296.2889,1.812618393541845e-15,
1,line,0,ASGARD t=$1.0\times 10^{2}$ s,620087290762.5809,2.881116919804543e-15,
1,line,0,ASGARD t=$1.0\times 10^{2}$ s,877801313597.2452,4.579471591515566e-15,
1,line,0,ASGARD t=$1.0\times 10^{2}$ s,1242623671911.5056,7.278966076774332e-15,
1,line,0,ASGARD t=$1.0\times 10^{2}$ s,1759069582234.9841,1.156946219861683e-14,
1,line,0,ASGARD t=$1.0\times 10^{2}$ s,2490155197497.901,1.8388644432503785e-14,
1,line,0,ASGARD t=$1.0\times 10^{2}$ s,3525086767600.913,2.922713320924515e-14,
1,line,0,ASGARD t=$1.0\times 10^{2}$ s,4990145486353.98,4.6453928663374075e-14,
1,line,0,ASGARD t=$1.0\times 10^{2}$ s,7064096181645.59,7.383231744983713e-14,
1,line,0,ASGARD t=$1.0\times 10^{2}$ s,10000000000000.0,1.1734284213938303e-13,
1,line,0,ASGARD t=$1.0\times 10^{2}$ s,14156092644919.916,1.8649474528584068e-13,
1,line,0,ASGARD t=$1.0\times 10^{2}$ s,20039495897155.574,2.963985739498404e-13,
1,line,0,ASGARD t=$1.0\times 10^{2}$ s,28368096047762.684,4.710443572280972e-13,
1,line,0,ASGARD t=$1.0\times 10^{2}$ s,40158139581211.5,7.485021168192721e-13,
1,line,0,ASGARD t=$1.0\times 10^{2}$ s,56848234435925.55,1.1893895777321622e-12,
1,line,0,ASGARD t=$1.0\times 10^{2}$ s,80474887337508.88,1.8899673108167447e-12,
1,line,0,ASGARD t=$1.0\times 10^{2}$ s,113920996073926.83,3.002990455798725e-12,
1,line,0,ASGARD t=$1.0\times 10^{2}$ s,161267617462406.6,4.769404854273323e-12,
1,line,0,ASGARD t=$1.0\times 10^{2}$ s,228291933342333.28,7.57485207079403e-12,
1,line,0,ASGARD t=$1.0\times 10^{2}$ s,323172175848195.2,1.2030458170430682e-11,
1,line,0,ASGARD t=$1.0\times 10^{2}$ s,457485526156740.1,1.9106013396023428e-11,
1,line,0,ASGARD t=$1.0\times 10^{2}$ s,647620749198474.6,3.030276743312004e-11,
1,line,0,ASGARD t=$1.0\times 10^{2}$ s,916777932442605.1,4.805741209897399e-11,
1,line,0,ASGARD t=$1.0\times 10^{2}$ s,1297799334647565.0,7.621412754609669e-11,
1,line,0,ASGARD t=$1.0\times 10^{2}$ s,1837176761578635.5,1.2085796426521646e-10,
1,line,0,ASGARD t=$1.0\times 10^{2}$ s,2600724444200111.0,1.9102570377071356e-10,
1,line,0,ASGARD t=$1.0\times 10^{2}$ s,3681609617600463.0,3.016751885688279e-10,
1,line,0,ASGARD t=$1.0\times 10^{2}$ s,5211720682918033.0,4.764112687941145e-10,
1,line,0,ASGARD t=$1.0\times 10^{2}$ s,7377760082683297.0,7.522493038415418e-10,
1,line,0,ASGARD t=$1.0\times 10^{2}$ s,1.0444025524245678e+16,1.1786718377714825e-09,
1,line,0,ASGARD t=$1.0\times 10^{2}$ s,1.478465929071307e+16,1.838822406622146e-09,
1,line,0,ASGARD t=$1.0\times 10^{2}$ s,2.0929300664290932e+16,2.868690896061716e-09,
1,line,0,ASGARD t=$1.0\times 10^{2}$ s,2.9627711919708516e+16,4.474257924841666e-09,
1,line,0,ASGARD t=$1.0\times 10^{2}$ s,4.194126347923935e+16,6.865706349052837e-09,
1,line,0,ASGARD t=$1.0\times 10^{2}$ s,5.9372441145711096e+16,1.0354340277249424e-08,
1,line,0,ASGARD t=$1.0\times 10^{2}$ s,8.40481777413738e+16,1.561823417884467e-08,
1,line,0,ASGARD t=$1.0\times 10^{2}$ s,1.1897937907435784e+17,2.3553053353867068e-08,
1,line,0,ASGARD t=$1.0\times 10^{2}$ s,1.6842831130116624e+17,3.459656838021161e-08,
1,line,0,ASGARD t=$1.0\times 10^{2}$ s,2.3842867788067312e+17,4.82102439862448e-08,
1,line,0,ASGARD t=$1.0\times 10^{2}$ s,3.3752184532845626e+17,6.727524921135422e-08,
1,line,0,ASGARD t=$1.0\times 10^{2}$ s,4.777990512153937e+17,9.391527879969255e-08,
1,line,0,ASGARD t=$1.0\times 10^{2}$ s,6.763767634659977e+17,1.2885624335067096e-07,
1,line,0,ASGARD t=$1.0\times 10^{2}$ s,9.574852126495786e+17,1.655241271205128e-07,
1,line,0,ASGARD t=$1.0\times 10^{2}$ s,1.3554249376408225e+18,2.1306854686789797e-07,
1,line,0,ASGARD t=$1.0\times 10^{2}$ s,1.9187520990478205e+18,2.7422888228991196e-07,
1,line,0,ASGARD t=$1.0\times 10^{2}$ s,2.7162032476755615e+18,3.4861389543413625e-07,
1,line,0,ASGARD t=$1.0\times 10^{2}$ s,3.845082481652776e+18,4.1704340211661435e-07,
1,line,0,ASGARD t=$1.0\times 10^{2}$ s,5.443134383763505e+18,4.983458056137358e-07,
1,line,0,ASGARD t=$1.0\times 10^{2}$ s,7.705351461530494e+18,5.942755112363901e-07,
1,line,0,ASGARD t=$1.0\times 10^{2}$ s,1.090776691510952e+19,6.994254380874448e-07,
1,line,0,ASGARD t=$1.0\times 10^{2}$ s,1.5441135899948329e+19,7.903909951623227e-07,
1,line,0,ASGARD t=$1.0\times 10^{2}$ s,2.185861503424665e+19,8.887010181820547e-07,
1,line,0,ASGARD t=$1.0\times 10^{2}$ s,3.0943257951443616e+19,9.99054141288145e-07,
1,line,0,ASGARD t=$1.0\times 10^{2}$ s,4.380356262962889e+19,1.1234800459035608e-06,
1,line,0,ASGARD t=$1.0\times 10^{2}$ s,6.2008729076258095e+19,1.2553090420687592e-06,
1,line,0,ASGARD t=$1.0\times 10^{2}$ s,8.778013135972526e+19,1.3966089171086709e-06,
1,line,0,ASGARD t=$1.0\times 10^{2}$ s,1.2426236719115056e+20,1.5525448159088217e-06,
1,line,0,ASGARD t=$1.0\times 10^{2}$ s,1.759069582234977e+20,1.7199120475318622e-06,
1,line,0,ASGARD t=$1.0\times 10^{2}$ s,2.4901551974979007e+20,1.8904700939322864e-06,
1,line,0,ASGARD t=$1.0\times 10^{2}$ s,3.525086767600928e+20,2.076636658005779e-06,
1,line,0,ASGARD t=$1.0\times 10^{2}$ s,4.990145486353981e+20,2.281452968920383e-06,
1,line,0,ASGARD t=$1.0\times 10^{2}$ s,7.064096181645561e+20,2.5053903695207625e-06,
1,line,0,ASGARD t=$1.0\times 10^{2}$ s,1e+21,2.6810277681063363e-06,
1,line,0,ASGARD t=$1.0\times 10^{2}$ s,1.4156092644919856e+21,2.7600248695752338e-06,
1,line,0,ASGARD t=$1.0\times 10^{2}$ s,2.0039495897155573e+21,2.8390760637481403e-06,
1,line,0,ASGARD t=$1.0\times 10^{2}$ s,2.836809604776257e+21,2.9097847136623256e-06,
1,line,0,ASGARD t=$1.0\times 10^{2}$ s,4.01581395812115e+21,2.9551559908973517e-06,
1,line,0,ASGARD t=$1.0\times 10^{2}$ s,5.684823443592532e+21,2.9867228710189483e-06,
1,line,0,ASGARD t=$1.0\times 10^{2}$ s,8.047488733750887e+21,3.0185772189792086e-06,
1,line,0,ASGARD t=$1.0\times 10^{2}$ s,1.1392099607392635e+22,3.0462227712002876e-06,
1,line,0,ASGARD t=$1.0\times 10^{2}$ s,1.612676174624066e+22,3.023064752670466e-06,
1,line,0,ASGARD t=$1.0\times 10^{2}$ s,2.282919333423323e+22,2.680539217326025e-06,
1,line,0,ASGARD t=$1.0\times 10^{2}$ s,3.2317217584819514e+22,2.372968341983167e-06,
1,line,0,ASGARD t=$1.0\times 10^{2}$ s,4.5748552615673826e+22,2.100150243870489e-06,
1,line,0,ASGARD t=$1.0\times 10^{2}$ s,6.476207491984746e+22,1.8655577350528448e-06,
1,line,0,ASGARD t=$1.0\times 10^{2}$ s,9.167779324426014e+22,1.7280761502170892e-06,
1,line,0,ASGARD t=$1.0\times 10^{2}$ s,1.2977993346475651e+23,1.6101633720206674e-06,
1,line,0,ASGARD t=$1.0\times 10^{2}$ s,1.837176761578628e+23,1.4986103278923132e-06,
1,line,0,ASGARD t=$1.0\times 10^{2}$ s,2.600724444200111e+23,1.381160255315406e-06,
1,line,0,ASGARD t=$1.0\times 10^{2}$ s,3.681609617600448e+23,1.2169576675667561e-06,
1,line,0,ASGARD t=$1.0\times 10^{2}$ s,5.211720682918034e+23,1.0591038611114766e-06,
1,line,0,ASGARD t=$1.0\times 10^{2}$ s,7.377760082683267e+23,9.205212493767896e-07,
1,line,0,ASGARD t=$1.0\times 10^{2}$ s,1.0444025524245678e+24,8.000218363572487e-07,
1,line,0,ASGARD t=$1.0\times 10^{2}$ s,1.4784659290712948e+24,6.800741077387937e-07,
1,line,0,ASGARD t=$1.0\times 10^{2}$ s,2.0929300664290934e+24,5.647141037522478e-07,
1,line,0,ASGARD t=$1.0\times 10^{2}$ s,2.962771191970876e+24,4.68554064506112e-07,
1,line,0,ASGARD t=$1.0\times 10^{2}$ s,4.1941263479239357e+24,3.8401037811633786e-07,
1,line,0,ASGARD t=$1.0\times 10^{2}$ s,5.93724411457111e+24,2.670521796324697e-07,
1,line,0,ASGARD t=$1.0\times 10^{2}$ s,8.40481777413738e+24,1.618169425072973e-07,
1,line,0,ASGARD t=$1.0\times 10^{2}$ s,1.1897937907435881e+25,9.822841041516547e-08,
1,line,0,ASGARD t=$1.0\times 10^{2}$ s,1.6842831130116624e+25,5.991844813595139e-08,
1,line,0,ASGARD t=$1.0\times 10^{2}$ s,2.384286778806731e+25,3.7459028304943296e-08,
1,line,0,ASGARD t=$1.0\times 10^{2}$ s,3.3752184532845626e+25,2.3180731053060332e-08,
1,line,0,ASGARD t=$1.0\times 10^{2}$ s,4.777990512153977e+25,1.4395178958672857e-08,
1,line,0,ASGARD t=$1.0\times 10^{2}$ s,6.763767634659977e+25,8.821612644241226e-09,
1,line,0,ASGARD t=$1.0\times 10^{2}$ s,9.574852126495787e+25,4.8363739509288654e-09,
1,line,0,ASGARD t=$1.0\times 10^{2}$ s,1.3554249376408226e+26,1.8883884769516452e-09,
1,line,0,ASGARD t=$1.0\times 10^{2}$ s,1.9187520990478362e+26,7.383771356195525e-10,
1,line,0,ASGARD t=$1.0\times 10^{2}$ s,2.7162032476755613e+26,2.884557242046978e-10,
1,line,0,ASGARD t=$1.0\times 10^{2}$ s,3.845082481652776e+26,1.0858166871174921e-10,
1,line,0,ASGARD t=$1.0\times 10^{2}$ s,5.443134383763505e+26,2.833906338218735e-11,
1,line,0,ASGARD t=$1.0\times 10^{2}$ s,7.705351461530558e+26,7.1196013088097e-12,
1,line,0,ASGARD t=$1.0\times 10^{2}$ s,1.090776691510952e+27,1.8001209467959064e-12,
1,line,0,ASGARD t=$1.0\times 10^{2}$ s,1.544113589994833e+27,4.552021788740214e-13,
1,line,0,ASGARD t=$1.0\times 10^{2}$ s,2.1858615034246653e+27,5.2636161040033865e-14,
1,line,0,ASGARD t=$1.0\times 10^{2}$ s,3.094325795144362e+27,4.5092953934497126e-15,
1,line,0,ASGARD t=$1.0\times 10^{2}$ s,4.380356262962889e+27,3.889625368932785e-16,
1,line,0,ASGARD t=$1.0\times 10^{2}$ s,6.20087290762581e+27,3.3717142393951e-17,
1,line,0,ASGARD t=$1.0\times 10^{2}$ s,8.778013135972453e+27,9.180524529450773e-18,
1,line,0,ASGARD t=$1.0\times 10^{2}$ s,1.2426236719115056e+28,9.324640192023046e-18,
1,line,0,ASGARD t=$1.0\times 10^{2}$ s,1.759069582234977e+28,8.207552139398623e-18,
1,line,0,ASGARD t=$1.0\times 10^{2}$ s,2.4901551974979007e+28,4.553001324906474e-18,
1,line,0,ASGARD t=$1.0\times 10^{2}$ s,3.525086767600899e+28,7.3147031259822e-25,
1,line,0,ASGARD t=$1.0\times 10^{2}$ s,4.990145486353981e+28,4.631737051571695e-25,
1,line,0,ASGARD t=$1.0\times 10^{2}$ s,7.064096181645562e+28,1.7158258596289303e-25,
1,line,0,ASGARD t=$1.0\times 10^{2}$ s,1e+29,1.5022329841545768e-26,
1,line,1,ASGARD+had t=$1.0\times 10^{2}$ s,100000.0,3.9482197457169306e-29,
1,line,1,ASGARD+had t=$1.0\times 10^{2}$ s,141560.92644919915,1.1207903409140282e-28,
1,line,1,ASGARD+had t=$1.0\times 10^{2}$ s,200394.95897155572,3.183146309181998e-28,
1,line,1,ASGARD+had t=$1.0\times 10^{2}$ s,283680.9604776268,9.045729001628978e-28,
1,line,1,ASGARD+had t=$1.0\times 10^{2}$ s,401581.39581211505,2.5705777459570284e-27,
1,line,1,ASGARD+had t=$1.0\times 10^{2}$ s,568482.3443592555,7.30527214514912e-27,
1,line,1,ASGARD+had t=$1.0\times 10^{2}$ s,804748.8733750888,2.0775590612029547e-26,
1,line,1,ASGARD+had t=$1.0\times 10^{2}$ s,1139209.9607392682,5.918506780035452e-26,
1,line,1,ASGARD+had t=$1.0\times 10^{2}$ s,1612676.174624066,1.6861118446655726e-25,
1,line,1,ASGARD+had t=$1.0\times 10^{2}$ s,2282919.333423333,4.804407769480518e-25,
1,line,1,ASGARD+had t=$1.0\times 10^{2}$ s,3231721.7584819514,1.3703724005879722e-24,
1,line,1,ASGARD+had t=$1.0\times 10^{2}$ s,4574855.261567401,3.9364151246402624e-24,
1,line,1,ASGARD+had t=$1.0\times 10^{2}$ s,6476207.491984746,1.1306041553811112e-23,
1,line,1,ASGARD+had t=$1.0\times 10^{2}$ s,9167779.324426051,3.246802187629524e-23,
1,line,1,ASGARD+had t=$1.0\times 10^{2}$ s,12977993.34647565,9.326099672917467e-23,
1,line,1,ASGARD+had t=$1.0\times 10^{2}$ s,18371767.615786355,2.6910259086742384e-22,
1,line,1,ASGARD+had t=$1.0\times 10^{2}$ s,26007244.44200111,7.7507091684122165e-22,
1,line,1,ASGARD+had t=$1.0\times 10^{2}$ s,36816096.176004626,2.2226288984359894e-21,
1,line,1,ASGARD+had t=$1.0\times 10^{2}$ s,52117206.82918034,6.255599333506982e-21,
1,line,1,ASGARD+had t=$1.0\times 10^{2}$ s,73777600.82683298,1.3489706183494942e-20,
1,line,1,ASGARD+had t=$1.0\times 10^{2}$ s,104440255.24245678,2.6815732027488565e-20,
1,line,1,ASGARD+had t=$1.0\times 10^{2}$ s,147846592.9071301,5.324552649932307e-20,
1,line,1,ASGARD+had t=$1.0\times 10^{2}$ s,209293006.64290932,1.0463560315094821e-19,
1,line,1,ASGARD+had t=$1.0\times 10^{2}$ s,296277119.1970864,1.8045918259088453e-19,
1,line,1,ASGARD+had t=$1.0\times 10^{2}$ s,419412634.79239357,2.8879902816947293e-19,
1,line,1,ASGARD+had t=$1.0\times 10^{2}$ s,593724411.4571109,4.632262568448357e-19,
1,line,1,ASGARD+had t=$1.0\times 10^{2}$ s,840481777.4137379,7.438118091969825e-19,
1,line,1,ASGARD+had t=$1.0\times 10^{2}$ s,1189793790.7435882,1.1861077204762892e-18,
1,line,1,ASGARD+had t=$1.0\times 10^{2}$ s,1684283113.0116625,1.87854156701144e-18,
1,line,1,ASGARD+had t=$1.0\times 10^{2}$ s,2384286778.806731,2.9788539402121474e-18,
1,line,1,ASGARD+had t=$1.0\times 10^{2}$ s,3375218453.2845626,4.7277103930627854e-18,
1,line,1,ASGARD+had t=$1.0\times 10^{2}$ s,4777990512.153976,7.505822162560814e-18,
1,line,1,ASGARD+had t=$1.0\times 10^{2}$ s,6763767634.659977,1.1915142790897011e-17,
1,line,1,ASGARD+had t=$1.0\times 10^{2}$ s,9574852126.495787,1.8921278181832777e-17,
1,line,1,ASGARD+had t=$1.0\times 10^{2}$ s,13554249376.408226,3.0054382947903675e-17,
1,line,1,ASGARD+had t=$1.0\times 10^{2}$ s,19187520990.478363,4.774558741159955e-17,
1,line,1,ASGARD+had t=$1.0\times 10^{2}$ s,27162032476.755615,7.585343897163045e-17,
1,line,1,ASGARD+had t=$1.0\times 10^{2}$ s,38450824816.52776,1.2051908018258753e-16,
1,line,1,ASGARD+had t=$1.0\times 10^{2}$ s,54431343837.635056,1.9149746870724472e-16,
1,line,1,ASGARD+had t=$1.0\times 10^{2}$ s,77053514615.30557,3.0428890368165024e-16,
1,line,1,ASGARD+had t=$1.0\times 10^{2}$ s,109077669151.0952,4.834907531532623e-16,
1,line,1,ASGARD+had t=$1.0\times 10^{2}$ s,154411358999.4833,7.6824052650387165e-16,
1,line,1,ASGARD+had t=$1.0\times 10^{2}$ s,218586150342.46652,1.2207097754819058e-15,
1,line,1,ASGARD+had t=$1.0\times 10^{2}$ s,309432579514.43616,1.9396697153090093e-15,
1,line,1,ASGARD+had t=$1.0\times 10^{2}$ s,438035626296.2889,3.0816744492660776e-15,
1,line,1,ASGARD+had t=$1.0\times 10^{2}$ s,620087290762.5809,4.895895267710916e-15,
1,line,1,ASGARD+had t=$1.0\times 10^{2}$ s,877801313597.2452,7.778181716274739e-15,
1,line,1,ASGARD+had t=$1.0\times 10^{2}$ s,1242623671911.5056,1.2357192138739005e-14,
1,line,1,ASGARD+had t=$1.0\times 10^{2}$ s,1759069582234.9841,1.9628085995618595e-14,
1,line,1,ASGARD+had t=$1.0\times 10^{2}$ s,2490155197497.901,3.1173748425961326e-14,
1,line,1,ASGARD+had t=$1.0\times 10^{2}$ s,3525086767600.913,4.9510660137043665e-14,
1,line,1,ASGARD+had t=$1.0\times 10^{2}$ s,4990145486353.98,7.863240899340492e-14,
1,line,1,ASGARD+had t=$1.0\times 10^{2}$ s,7064096181645.59,1.2484773238574654e-13,
1,line,1,ASGARD+had t=$1.0\times 10^{2}$ s,10000000000000.0,1.981668799983091e-13,
1,line,1,ASGARD+had t=$1.0\times 10^{2}$ s,14156092644919.916,3.145424583689027e-13,
1,line,1,ASGARD+had t=$1.0\times 10^{2}$ s,20039495897155.574,4.992516607368984e-13,
1,line,1,ASGARD+had t=$1.0\times 10^{2}$ s,28368096047762.684,7.921320911773533e-13,
1,line,1,ASGARD+had t=$1.0\times 10^{2}$ s,40158139581211.5,1.2558752285350983e-12,
1,line,1,ASGARD+had t=$1.0\times 10^{2}$ s,56848234435925.55,1.9910981728236745e-12,
1,line,1,ASGARD+had t=$1.0\times 10^{2}$ s,80474887337508.88,3.1566458560737913e-12,
1,line,1,ASGARD+had t=$1.0\times 10^{2}$ s,113920996073926.83,5.002613468799109e-12,
1,line,1,ASGARD+had t=$1.0\times 10^{2}$ s,161267617462406.6,7.913417267933898e-12,
1,line,1,ASGARD+had t=$1.0\times 10^{2}$ s,228291933342333.28,1.2517798280198625e-11,
1,line,1,ASGARD+had t=$1.0\times 10^{2}$ s,323172175848195.2,1.98004515103868e-11,
1,line,1,ASGARD+had t=$1.0\times 10^{2}$ s,457485526156740.1,3.1312235720641014e-11,
1,line,1,ASGARD+had t=$1.0\times 10^{2}$ s,647620749198474.6,4.9310571763762325e-11,
1,line,1,ASGARD+had t=$1.0\times 10^{2}$ s,916777932442605.1,7.76355233628338e-11,
1,line,1,ASGARD+had t=$1.0\times 10^{2}$ s,1297799334647565.0,1.2222574182387372e-10,
1,line,1,ASGARD+had t=$1.0\times 10^{2}$ s,1837176761578635.5,1.9236464569037787e-10,
1,line,1,ASGARD+had t=$1.0\times 10^{2}$ s,2600724444200111.0,3.0053588693913035e-10,
1,line,1,ASGARD+had t=$1.0\times 10^{2}$ s,3681609617600463.0,4.686744301541266e-10,
1,line,1,ASGARD+had t=$1.0\times 10^{2}$ s,5211720682918033.0,7.308430720959338e-10,
1,line,1,ASGARD+had t=$1.0\times 10^{2}$ s,7377760082683297.0,1.1391743772825888e-09,
1,line,1,ASGARD+had t=$1.0\times 10^{2}$ s,1.0444025524245678e+16,1.753158147680006e-09,
1,line,1,ASGARD+had t=$1.0\times 10^{2}$ s,1.478465929071307e+16,2.6796272458964907e-09,
1,line,1,ASGARD+had t=$1.0\times 10^{2}$ s,2.0929300664290932e+16,4.095613078265853e-09,
1,line,1,ASGARD+had t=$1.0\times 10^{2}$ s,2.9627711919708516e+16,6.256596978703766e-09,
1,line,1,ASGARD+had t=$1.0\times 10^{2}$ s,4.194126347923935e+16,9.37003489624158e-09,
1,line,1,ASGARD+had t=$1.0\times 10^{2}$ s,5.9372441145711096e+16,1.3754631586476669e-08,
1,line,1,ASGARD+had t=$1.0\times 10^{2}$ s,8.40481777413738e+16,2.0196784827581503e-08,
1,line,1,ASGARD+had t=$1.0\times 10^{2}$ s,1.1897937907435784e+17,2.9643563124439017e-08,
1,line,1,ASGARD+had t=$1.0\times 10^{2}$ s,1.6842831130116624e+17,4.24868525860984e-08,
1,line,1,ASGARD+had t=$1.0\times 10^{2}$ s,2.3842867788067312e+17,5.8355626184001453e-08,
1,line,1,ASGARD+had t=$1.0\times 10^{2}$ s,3.3752184532845626e+17,8.024012542243379e-08,
1,line,1,ASGARD+had t=$1.0\times 10^{2}$ s,4.777990512153937e+17,1.1027279979414564e-07,
1,line,1,ASGARD+had t=$1.0\times 10^{2}$ s,6.763767634659977e+17,1.4855255888274698e-07,
1,line,1,ASGARD+had t=$1.0\times 10^{2}$ s,9.574852126495786e+17,1.8754169920635419e-07,
1,line,1,ASGARD+had t=$1.0\times 10^{2}$ s,1.3554249376408225e+18,2.3707659567295752e-07,
1,line,1,ASGARD+had t=$1.0\times 10^{2}$ s,1.9187520990478205e+18,2.989688600490271e-07,
1,line,1,ASGARD+had t=$1.0\times 10^{2}$ s,2.7162032476755615e+18,3.6924714979017155e-07,
1,line,1,ASGARD+had t=$1.0\times 10^{2}$ s,3.845082481652776e+18,4.1800841260568645e-07,
1,line,1,ASGARD+had t=$1.0\times 10^{2}$ s,5.443134383763505e+18,4.722698625028997e-07,
1,line,1,ASGARD+had t=$1.0\times 10^{2}$ s,7.705351461530494e+18,5.330144881434849e-07,
1,line,1,ASGARD+had t=$1.0\times 10^{2}$ s,1.090776691510952e+19,5.99714294630148e-07,
1,line,1,ASGARD+had t=$1.0\times 10^{2}$ s,1.5441135899948329e+19,6.825478350811924e-07,
1,line,1,ASGARD+had t=$1.0\times 10^{2}$ s,2.185861503424665e+19,7.784492330930697e-07,
1,line,1,ASGARD+had t=$1.0\times 10^{2}$ s,3.0943257951443616e+19,8.865297078460117e-07,
1,line,1,ASGARD+had t=$1.0\times 10^{2}$ s,4.380356262962889e+19,1.003768729779163e-06,
1,line,1,ASGARD+had t=$1.0\times 10^{2}$ s,6.2008729076258095e+19,1.1012632705602006e-06,
1,line,1,ASGARD+had t=$1.0\times 10^{2}$ s,8.778013135972526e+19,1.1955982909119421e-06,
1,line,1,ASGARD+had t=$1.0\times 10^{2}$ s,1.2426236719115056e+20,1.2982374539006865e-06,
1,line,1,ASGARD+had t=$1.0\times 10^{2}$ s,1.759069582234977e+20,1.412237510929771e-06,
1,line,1,ASGARD+had t=$1.0\times 10^{2}$ s,2.4901551974979007e+20,1.5466171352208913e-06,
1,line,1,ASGARD+had t=$1.0\times 10^{2}$ s,3.525086767600928e+20,1.695725301141671e-06,
1,line,1,ASGARD+had t=$1.0\times 10^{2}$ s,4.990145486353981e+20,1.8572397150544555e-06,
1,line,1,ASGARD+had t=$1.0\times 10^{2}$ s,7.064096181645561e+20,2.025701454317666e-06,
1,line,1,ASGARD+had t=$1.0\times 10^{2}$ s,1e+21,2.1537792519700486e-06,
1,line,1,ASGARD+had t=$1.0\times 10^{2}$ s,1.4156092644919856e+21,2.2447673727298255e-06,
1,line,1,ASGARD+had t=$1.0\times 10^{2}$ s,2.0039495897155573e+21,2.340309162500466e-06,
1,line,1,ASGARD+had t=$1.0\times 10^{2}$ s,2.836809604776257e+21,2.443311460123214e-06,
1,line,1,ASGARD+had t=$1.0\times 10^{2}$ s,4.01581395812115e+21,2.5492429484907603e-06,
1,line,1,ASGARD+had t=$1.0\times 10^{2}$ s,5.684823443592532e+21,2.6088741066537146e-06,
1,line,1,ASGARD+had t=$1.0\times 10^{2}$ s,8.047488733750887e+21,2.6683846606093597e-06,
1,line,1,ASGARD+had t=$1.0\times 10^{2}$ s,1.1392099607392635e+22,2.7172318171732306e-06,
1,line,1,ASGARD+had t=$1.0\times 10^{2}$ s,1.612676174624066e+22,2.7279727622439477e-06,
1,line,1,ASGARD+had t=$1.0\times 10^{2}$ s,2.282919333423323e+22,2.7006743322761716e-06,
1,line,1,ASGARD+had t=$1.0\times 10^{2}$ s,3.2317217584819514e+22,2.6750960562152397e-06,
1,line,1,ASGARD+had t=$1.0\times 10^{2}$ s,4.5748552615673826e+22,2.6531585278589747e-06,
1,line,1,ASGARD+had t=$1.0\times 10^{2}$ s,6.476207491984746e+22,2.6345466014125943e-06,
1,line,1,ASGARD+had t=$1.0\times 10^{2}$ s,9.167779324426014e+22,2.5068224095997274e-06,
1,line,1,ASGARD+had t=$1.0\times 10^{2}$ s,1.2977993346475651e+23,2.3654957846599433e-06,
1,line,1,ASGARD+had t=$1.0\times 10^{2}$ s,1.837176761578628e+23,2.2263392590554777e-06,
1,line,1,ASGARD+had t=$1.0\times 10^{2}$ s,2.600724444200111e+23,2.0757865393524475e-06,
1,line,1,ASGARD+had t=$1.0\times 10^{2}$ s,3.681609617600448e+23,1.936548548205739e-06,
1,line,1,ASGARD+had t=$1.0\times 10^{2}$ s,5.211720682918034e+23,1.8164642446431026e-06,
1,line,1,ASGARD+had t=$1.0\times 10^{2}$ s,7.377760082683267e+23,1.7045359447635853e-06,
1,line,1,ASGARD+had t=$1.0\times 10^{2}$ s,1.0444025524245678e+24,1.593322465032913e-06,
1,line,1,ASGARD+had t=$1.0\times 10^{2}$ s,1.4784659290712948e+24,1.3649899742071975e-06,
1,line,1,ASGARD+had t=$1.0\times 10^{2}$ s,2.0929300664290934e+24,1.0980605329509286e-06,
1,line,1,ASGARD+had t=$1.0\times 10^{2}$ s,2.962771191970876e+24,8.796715770452976e-07,
1,line,1,ASGARD+had t=$1.0\times 10^{2}$ s,4.1941263479239357e+24,6.961993862567505e-07,
1,line,1,ASGARD+had t=$1.0\times 10^{2}$ s,5.93724411457111e+24,5.305633440580618e-07,
1,line,1,ASGARD+had t=$1.0\times 10^{2}$ s,8.40481777413738e+24,3.9908462277911365e-07,
1,line,1,ASGARD+had t=$1.0\times 10^{2}$ s,1.1897937907435881e+25,3.0065334655188415e-07,
1,line,1,ASGARD+had t=$1.0\times 10^{2}$ s,1.6842831130116624e+25,2.2631218135503562e-07,
1,line,1,ASGARD+had t=$1.0\times 10^{2}$ s,2.384286778806731e+25,1.5634038296845866e-07,
1,line,1,ASGARD+had t=$1.0\times 10^{2}$ s,3.3752184532845626e+25,8.420636633300536e-08,
1,line,1,ASGARD+had t=$1.0\times 10^{2}$ s,4.777990512153977e+25,4.5421798420886896e-08,
1,line,1,ASGARD+had t=$1.0\times 10^{2}$ s,6.763767634659977e+25,2.420562477540973e-08,
1,line,1,ASGARD+had t=$1.0\times 10^{2}$ s,9.574852126495787e+25,1.2069853288663593e-08,
1,line,1,ASGARD+had t=$1.0\times 10^{2}$ s,1.3554249376408226e+26,5.220313545724902e-09,
1,line,1,ASGARD+had t=$1.0\times 10^{2}$ s,1.9187520990478362e+26,2.2680083755369964e-09,
1,line,1,ASGARD+had t=$1.0\times 10^{2}$ s,2.7162032476755613e+26,9.884714752542636e-10,
1,line,1,ASGARD+had t=$1.0\times 10^{2}$ s,3.845082481652776e+26,4.2546918267051383e-10,
1,line,1,ASGARD+had t=$1.0\times 10^{2}$ s,5.443134383763505e+26,1.1161754895284614e-10,
1,line,1,ASGARD+had t=$1.0\times 10^{2}$ s,7.705351461530558e+26,2.7601291200906483e-11,
1,line,1,ASGARD+had t=$1.0\times 10^{2}$ s,1.090776691510952e+27,6.972023116526937e-12,
1,line,1,ASGARD+had t=$1.0\times 10^{2}$ s,1.544113589994833e+27,1.7816820492583174e-12,
1,line,1,ASGARD+had t=$1.0\times 10^{2}$ s,2.1858615034246653e+27,5.795811274571268e-13,
1,line,1,ASGARD+had t=$1.0\times 10^{2}$ s,3.094325795144362e+27,2.2254716816219967e-13,
1,line,1,ASGARD+had t=$1.0\times 10^{2}$ s,4.380356262962889e+27,9.79778622967828e-14,
1,line,1,ASGARD+had t=$1.0\times 10^{2}$ s,6.20087290762581e+27,5.5860710716043603e-14,
1,line,1,ASGARD+had t=$1.0\times 10^{2}$ s,8.778013135972453e+27,5.063647964779651e-14,
1,line,1,ASGARD+had t=$1.0\times 10^{2}$ s,1.2426236719115056e+28,5.4789950526386834e-14,
1,line,1,ASGARD+had t=$1.0\times 10^{2}$ s,1.759069582234977e+28,6.033785165869708e-14,
1,line,1,ASGARD+had t=$1.0\times 10^{2}$ s,2.4901551974979007e+28,6.746072745857753e-14,
1,line,1,ASGARD+had t=$1.0\times 10^{2}$ s,3.525086767600899e+28,7.514780220222934e-14,
1,line,1,ASGARD+had t=$1.0\times 10^{2}$ s,4.990145486353981e+28,8.350136848363573e-14,
1,line,1,ASGARD+had t=$1.0\times 10^{2}$ s,7.064096181645562e+28,9.456747604558381e-14,
1,line,1,ASGARD+had t=$1.0\times 10^{2}$ s,1e+29,1.0840613625767263e-13,
1,line,2,had-only t=$1.0\times 10^{2}$ s,100000.0,5.059565126187265e-30,
1,line,2,had-only t=$1.0\times 10^{2}$ s,141560.92644919915,1.436238945158286e-29,
1,line,2,had-only t=$1.0\times 10^{2}$ s,200394.95897155572,4.078211345037903e-29,
1,line,2,had-only t=$1.0\times 10^{2}$ s,283680.9604776268,1.1583599515900286e-28,
1,line,2,had-only t=$1.0\times 10^{2}$ s,401581.39581211505,3.290143239767984e-28,
1,line,2,had-only t=$1.0\times 10^{2}$ s,568482.3443592555,9.345444603641985e-28,
1,line,2,had-only t=$1.0\times 10^{2}$ s,804748.8733750888,2.6526086427810802e-27,
1,line,2,had-only t=$1.0\times 10^{2}$ s,1139209.9607392682,7.508223984307529e-27,
1,line,2,had-only t=$1.0\times 10^{2}$ s,1612676.174624066,2.1252408465484118e-26,
1,line,2,had-only t=$1.0\times 10^{2}$ s,2282919.333423333,6.015298982385528e-26,
1,line,2,had-only t=$1.0\times 10^{2}$ s,3231721.7584819514,1.7012756177934542e-25,
1,line,2,had-only t=$1.0\times 10^{2}$ s,4574855.261567401,4.795758123979162e-25,
1,line,2,had-only t=$1.0\times 10^{2}$ s,6476207.491984746,1.3514554938577657e-24,
1,line,2,had-only t=$1.0\times 10^{2}$ s,9167779.324426051,3.806507295173228e-24,
1,line,2,had-only t=$1.0\times 10^{2}$ s,12977993.34647565,1.0709399737222745e-23,
1,line,2,had-only t=$1.0\times 10^{2}$ s,18371767.615786355,2.955084858794463e-23,
1,line,2,had-only t=$1.0\times 10^{2}$ s,26007244.44200111,8.114518835783958e-23,
1,line,2,had-only t=$1.0\times 10^{2}$ s,36816096.176004626,2.2149206556355033e-22,
1,line,2,had-only t=$1.0\times 10^{2}$ s,52117206.82918034,5.892618796872399e-22,
1,line,2,had-only t=$1.0\times 10^{2}$ s,73777600.82683298,1.1372909024331968e-21,
1,line,2,had-only t=$1.0\times 10^{2}$ s,104440255.24245678,1.997214029607452e-21,
1,line,2,had-only t=$1.0\times 10^{2}$ s,147846592.9071301,3.500139120120503e-21,
1,line,2,had-only t=$1.0\times 10^{2}$ s,209293006.64290932,6.007303111906105e-21,
1,line,2,had-only t=$1.0\times 10^{2}$ s,296277119.1970864,8.352616224428847e-21,
1,line,2,had-only t=$1.0\times 10^{2}$ s,419412634.79239357,1.0363965245577178e-20,
1,line,2,had-only t=$1.0\times 10^{2}$ s,593724411.4571109,1.2856611805956146e-20,
1,line,2,had-only t=$1.0\times 10^{2}$ s,840481777.4137379,1.5832190122441195e-20,
1,line,2,had-only t=$1.0\times 10^{2}$ s,1189793790.7435882,1.8656547315742103e-20,
1,line,2,had-only t=$1.0\times 10^{2}$ s,1684283113.0116625,2.1297195945408343e-20,
1,line,2,had-only t=$1.0\times 10^{2}$ s,2384286778.806731,2.427583760524906e-20,
1,line,2,had-only t=$1.0\times 10^{2}$ s,3375218453.2845626,2.7591100078636845e-20,
1,line,2,had-only t=$1.0\times 10^{2}$ s,4777990512.153976,3.1237675823400097e-20,
1,line,2,had-only t=$1.0\times 10^{2}$ s,6763767634.659977,3.529665936824606e-20,
1,line,2,had-only t=$1.0\times 10^{2}$ s,9574852126.495787,3.987358549857599e-20,
1,line,2,had-only t=$1.0\times 10^{2}$ s,13554249376.408226,4.5036027692487457e-20,
1,line,2,had-only t=$1.0\times 10^{2}$ s,19187520990.478363,5.0864396257870275e-20,
1,line,2,had-only t=$1.0\times 10^{2}$ s,27162032476.755615,5.744436568357423e-20,
1,line,2,had-only t=$1.0\times 10^{2}$ s,38450824816.52776,6.487541334049637e-20,
1,line,2,had-only t=$1.0\times 10^{2}$ s,54431343837.635056,7.326771974840474e-20,
1,line,2,had-only t=$1.0\times 10^{2}$ s,77053514615.30557,8.274561052831492e-20,
1,line,2,had-only t=$1.0\times 10^{2}$ s,109077669151.0952,9.34493129064185e-20,
1,line,2,had-only t=$1.0\times 10^{2}$ s,154411358999.4833,1.0553759269913076e-19,
1,line,2,had-only t=$1.0\times 10^{2}$ s,218586150342.46652,1.1918956823887014e-19,
1,line,2,had-only t=$1.0\times 10^{2}$ s,309432579514.43616,1.3460751065407383e-19,
1,line,2,had-only t=$1.0\times 10^{2}$ s,438035626296.2889,1.5201982437913546e-19,
1,line,2,had-only t=$1.0\times 10^{2}$ s,620087290762.5809,1.7168451824398336e-19,
1,line,2,had-only t=$1.0\times 10^{2}$ s,877801313597.2452,1.9389295826326605e-19,
1,line,2,had-only t=$1.0\times 10^{2}$ s,1242623671911.5056,2.189741941516263e-19,
1,line,2,had-only t=$1.0\times 10^{2}$ s,1759069582234.9841,2.4729784231036435e-19,
1,line,2,had-only t=$1.0\times 10^{2}$ s,2490155197497.901,2.7928358624387895e-19,
1,line,2,had-only t=$1.0\times 10^{2}$ s,3525086767600.913,3.1540639410000534e-19,
1,line,2,had-only t=$1.0\times 10^{2}$ s,4990145486353.98,3.5620135997792264e-19,
1,line,2,had-only t=$1.0\times 10^{2}$ s,7064096181645.59,4.022756947152399e-19,
1,line,2,had-only t=$1.0\times 10^{2}$ s,10000000000000.0,4.54313895248455e-19,
1,line,2,had-only t=$1.0\times 10^{2}$ s,14156092644919.916,5.13083728951882e-19,
1,line,2,had-only t=$1.0\times 10^{2}$ s,20039495897155.574,5.794559994621941e-19,
1,line,2,had-only t=$1.0\times 10^{2}$ s,28368096047762.684,6.544140597126537e-19,
1,line,2,had-only t=$1.0\times 10^{2}$ s,40158139581211.5,7.390684102861331e-19,
1,line,2,had-only t=$1.0\times 10^{2}$ s,56848234435925.55,8.346735570955838e-19,
1,line,2,had-only t=$1.0\times 10^{2}$ s,80474887337508.88,9.426454310821649e-19,
1,line,2,had-only t=$1.0\times 10^{2}$ s,113920996073926.83,1.0645793811390682e-18,
1,line,2,had-only t=$1.0\times 10^{2}$ s,161267617462406.6,1.2022613172810071e-18,
1,line,2,had-only t=$1.0\times 10^{2}$ s,228291933342333.28,1.3577496328288832e-18,
1,line,2,had-only t=$1.0\times 10^{2}$ s,323172175848195.2,1.5333479006156586e-18,
1,line,2,had-only t=$1.0\times 10^{2}$ s,457485526156740.1,1.7316552486554924e-18,
1,line,2,had-only t=$1.0\times 10^{2}$ s,647620749198474.6,1.9556374005355657e-18,
1,line,2,had-only t=$1.0\times 10^{2}$ s,916777932442605.1,2.2085940363185943e-18,
1,line,2,had-only t=$1.0\times 10^{2}$ s,1297799334647565.0,2.494269864465206e-18,
1,line,2,had-only t=$1.0\times 10^{2}$ s,1837176761578635.5,2.8169031614356727e-18,
1,line,2,had-only t=$1.0\times 10^{2}$ s,2600724444200111.0,3.181281873031418e-18,
1,line,2,had-only t=$1.0\times 10^{2}$ s,3681609617600463.0,3.5927925225625525e-18,
1,line,2,had-only t=$1.0\times 10^{2}$ s,5211720682918033.0,4.057533055267201e-18,
1,line,2,had-only t=$1.0\times 10^{2}$ s,7377760082683297.0,4.582385705629851e-18,
1,line,2,had-only t=$1.0\times 10^{2}$ s,1.0444025524245678e+16,5.175087756299712e-18,
1,line,2,had-only t=$1.0\times 10^{2}$ s,1.478465929071307e+16,5.844430217691044e-18,
1,line,2,had-only t=$1.0\times 10^{2}$ s,2.0929300664290932e+16,6.6003418043419256e-18,
1,line,2,had-only t=$1.0\times 10^{2}$ s,2.9627711919708516e+16,7.454005022023066e-18,
1,line,2,had-only t=$1.0\times 10^{2}$ s,4.194126347923935e+16,8.417855189011471e-18,
1,line,2,had-only t=$1.0\times 10^{2}$ s,5.9372441145711096e+16,9.50612872091258e-18,
1,line,2,had-only t=$1.0\times 10^{2}$ s,8.40481777413738e+16,1.073507783838753e-17,
1,line,2,had-only t=$1.0\times 10^{2}$ s,1.1897937907435784e+17,1.2122827670441445e-17,
1,line,2,had-only t=$1.0\times 10^{2}$ s,1.6842831130116624e+17,1.3688848325503537e-17,
1,line,2,had-only t=$1.0\times 10^{2}$ s,2.3842867788067312e+17,1.5455309048588835e-17,
1,line,2,had-only t=$1.0\times 10^{2}$ s,3.3752184532845626e+17,1.7449638890867116e-17,
1,line,2,had-only t=$1.0\times 10^{2}$ s,4.777990512153937e+17,1.9700849776640055e-17,
1,line,2,had-only t=$1.0\times 10^{2}$ s,6.763767634659977e+17,2.2237808188426607e-17,
1,line,2,had-only t=$1.0\times 10^{2}$ s,9.574852126495786e+17,2.508582966938106e-17,
1,line,2,had-only t=$1.0\times 10^{2}$ s,1.3554249376408225e+18,2.82982018744452e-17,
1,line,2,had-only t=$1.0\times 10^{2}$ s,1.9187520990478205e+18,3.19194980467882e-17,
1,line,2,had-only t=$1.0\times 10^{2}$ s,2.7162032476755615e+18,3.5988876957037564e-17,
1,line,2,had-only t=$1.0\times 10^{2}$ s,3.845082481652776e+18,4.0463295590603754e-17,
1,line,2,had-only t=$1.0\times 10^{2}$ s,5.443134383763505e+18,4.548792482533027e-17,
1,line,2,had-only t=$1.0\times 10^{2}$ s,7.705351461530494e+18,5.1126639761777534e-17,
1,line,2,had-only t=$1.0\times 10^{2}$ s,1.090776691510952e+19,5.739711573106074e-17,
1,line,2,had-only t=$1.0\times 10^{2}$ s,1.5441135899948329e+19,6.382623805278806e-17,
1,line,2,had-only t=$1.0\times 10^{2}$ s,2.185861503424665e+19,7.084230835733852e-17,
1,line,2,had-only t=$1.0\times 10^{2}$ s,3.0943257951443616e+19,7.858554452658614e-17,
1,line,2,had-only t=$1.0\times 10^{2}$ s,4.380356262962889e+19,8.690945326788802e-17,
1,line,2,had-only t=$1.0\times 10^{2}$ s,6.2008729076258095e+19,9.335886953773279e-17,
1,line,2,had-only t=$1.0\times 10^{2}$ s,8.778013135972526e+19,9.907421511617104e-17,
1,line,2,had-only t=$1.0\times 10^{2}$ s,1.2426236719115056e+20,1.0495478913701018e-16,
1,line,2,had-only t=$1.0\times 10^{2}$ s,1.759069582234977e+20,1.1034935021958862e-16,
1,line,2,had-only t=$1.0\times 10^{2}$ s,2.4901551974979007e+20,1.071388308023116e-16,
1,line,2,had-only t=$1.0\times 10^{2}$ s,3.525086767600928e+20,9.782086078283783e-17,
1,line,2,had-only t=$1.0\times 10^{2}$ s,4.990145486353981e+20,8.888791681527573e-17,
1,line,2,had-only t=$1.0\times 10^{2}$ s,7.064096181645561e+20,7.938179674529422e-17,
1,line,2,had-only t=$1.0\times 10^{2}$ s,1e+21,5.670351961035675e-17,
1,line,2,had-only t=$1.0\times 10^{2}$ s,1.4156092644919856e+21,3.0085773107140346e-17,
1,line,2,had-only t=$1.0\times 10^{2}$ s,2.0039495897155573e+21,1.6073396738563484e-17,
1,line,2,had-only t=$1.0\times 10^{2}$ s,2.836809604776257e+21,8.055482535881704e-18,
1,line,2,had-only t=$1.0\times 10^{2}$ s,4.01581395812115e+21,2.207883797732623e-18,
1,line,2,had-only t=$1.0\times 10^{2}$ s,5.684823443592532e+21,1.7014796038492026e-19,
1,line,2,had-only t=$1.0\times 10^{2}$ s,8.047488733750887e+21,1.634434502974097e-20,
1,line,2,had-only t=$1.0\times 10^{2}$ s,1.1392099607392635e+22,2.1252131855229696e-21,
1,line,2,had-only t=$1.0\times 10^{2}$ s,1.612676174624066e+22,5.5889724877036985e-22,
1,line,2,had-only t=$1.0\times 10^{2}$ s,2.282919333423323e+22,2.5972798746087405e-22,
1,line,2,had-only t=$1.0\times 10^{2}$ s,3.2317217584819514e+22,1.73804687256353e-22,
1,line,2,had-only t=$1.0\times 10^{2}$ s,4.5748552615673826e+22,1.8215667814489868e-22,
1,line,2,had-only t=$1.0\times 10^{2}$ s,6.476207491984746e+22,2.918892839105863e-22,
1,line,2,had-only t=$1.0\times 10^{2}$ s,9.167779324426014e+22,5.822339648233759e-22,
1,line,2,had-only t=$1.0\times 10^{2}$ s,1.2977993346475651e+23,1.1667666524707195e-21,
1,line,2,had-only t=$1.0\times 10^{2}$ s,1.837176761578628e+23,2.33813964850578e-21,
1,line,2,had-only t=$1.0\times 10^{2}$ s,2.600724444200111e+23,4.68550913290223e-21,
1,line,2,had-only t=$1.0\times 10^{2}$ s,3.681609617600448e+23,9.389506095656714e-21,
1,line,2,had-only t=$1.0\times 10^{2}$ s,5.211720682918034e+23,1.8816054265567815e-20,
1,line,2,had-only t=$1.0\times 10^{2}$ s,7.377760082683267e+23,3.770632978453951e-20,
1,line,2,had-only t=$1.0\times 10^{2}$ s,1.0444025524245678e+24,7.55613466101074e-20,
1,line,2,had-only t=$1.0\times 10^{2}$ s,1.4784659290712948e+24,1.5142024480970894e-19,
1,line,2,had-only t=$1.0\times 10^{2}$ s,2.0929300664290934e+24,3.034357156237383e-19,
1,line,2,had-only t=$1.0\times 10^{2}$ s,2.962771191970876e+24,6.08059298565235e-19,
1,line,2,had-only t=$1.0\times 10^{2}$ s,4.1941263479239357e+24,1.218473289402274e-18,
1,line,2,had-only t=$1.0\times 10^{2}$ s,5.93724411457111e+24,2.4413946217990737e-18,
1,line,2,had-only t=$1.0\times 10^{2}$ s,8.40481777413738e+24,4.890747761548949e-18,
1,line,2,had-only t=$1.0\times 10^{2}$ s,1.1897937907435881e+25,9.794609967566984e-18,
1,line,2,had-only t=$1.0\times 10^{2}$ s,1.6842831130116624e+25,1.960239396485555e-17,
1,line,2,had-only t=$1.0\times 10^{2}$ s,2.384286778806731e+25,3.912333006437112e-17,
1,line,2,had-only t=$1.0\times 10^{2}$ s,3.3752184532845626e+25,7.76512607787496e-17,
1,line,2,had-only t=$1.0\times 10^{2}$ s,4.777990512153977e+25,1.5392683523283414e-16,
1,line,2,had-only t=$1.0\times 10^{2}$ s,6.763767634659977e+25,3.0329695827738744e-16,
1,line,2,had-only t=$1.0\times 10^{2}$ s,9.574852126495787e+25,5.811083245585508e-16,
1,line,2,had-only t=$1.0\times 10^{2}$ s,1.3554249376408226e+26,9.65884083593393e-16,
1,line,2,had-only t=$1.0\times 10^{2}$ s,1.9187520990478362e+26,1.5927512600899351e-15,
1,line,2,had-only t=$1.0\times 10^{2}$ s,2.7162032476755613e+26,2.567025872778671e-15,
1,line,2,had-only t=$1.0\times 10^{2}$ s,3.845082481652776e+26,3.911249954995573e-15,
1,line,2,had-only t=$1.0\times 10^{2}$ s,5.443134383763505e+26,5.056926341177782e-15,
1,line,2,had-only t=$1.0\times 10^{2}$ s,7.705351461530558e+26,6.4200338589404356e-15,
1,line,2,had-only t=$1.0\times 10^{2}$ s,1.090776691510952e+27,8.139154817609735e-15,
1,line,2,had-only t=$1.0\times 10^{2}$ s,1.544113589994833e+27,1.0289559457241164e-14,
1,line,2,had-only t=$1.0\times 10^{2}$ s,2.1858615034246653e+27,1.2835240238817801e-14,
1,line,2,had-only t=$1.0\times 10^{2}$ s,3.094325795144362e+27,1.5941841733659997e-14,
1,line,2,had-only t=$1.0\times 10^{2}$ s,4.380356262962889e+27,1.978465459031647e-14,
1,line,2,had-only t=$1.0\times 10^{2}$ s,6.20087290762581e+27,2.447931801030445e-14,
1,line,2,had-only t=$1.0\times 10^{2}$ s,8.778013135972453e+27,2.9753472213310014e-14,
1,line,2,had-only t=$1.0\times 10^{2}$ s,1.2426236719115056e+28,3.5813755590172295e-14,
1,line,2,had-only t=$1.0\times 10^{2}$ s,1.759069582234977e+28,4.308625844076692e-14,
1,line,2,had-only t=$1.0\times 10^{2}$ s,2.4901551974979007e+28,5.1771666976094094e-14,
1,line,2,had-only t=$1.0\times 10^{2}$ s,3.525086767600899e+28,6.174884478710488e-14,
1,line,2,had-only t=$1.0\times 10^{2}$ s,4.990145486353981e+28,7.31079335495375e-14,
1,line,2,had-only t=$1.0\times 10^{2}$ s,7.064096181645562e+28,8.65002836427996e-14,
1,line,2,had-only t=$1.0\times 10^{2}$ s,1e+29,1.0216652708290471e-13,
1,line,3,Vegas t=$1.0\times 10^{2}$ s,100000.0,5.993084683615644e-29,
1,line,3,Vegas t=$1.0\times 10^{2}$ s,141560.92644919915,1.7001244501320776e-28,
1,line,3,Vegas t=$1.0\times 10^{2}$ s,200394.95897155572,4.822931053586983e-28,
1,line,3,Vegas t=$1.0\times 10^{2}$ s,283680.9604776268,1.3681740831284483e-27,
1,line,3,Vegas t=$1.0\times 10^{2}$ s,401581.39581211505,3.881250152357821e-27,
1,line,3,Vegas t=$1.0\times 10^{2}$ s,568482.3443592555,1.1010365364256831e-26,
1,line,3,Vegas t=$1.0\times 10^{2}$ s,804748.8733750888,3.12342706020448e-26,
1,line,3,Vegas t=$1.0\times 10^{2}$ s,1139209.9607392682,8.860540667318667e-26,
1,line,3,Vegas t=$1.0\times 10^{2}$ s,1612676.174624066,2.513545825337819e-25,
1,line,3,Vegas t=$1.0\times 10^{2}$ s,2282919.333423333,7.130297589070661e-25,
1,line,3,Vegas t=$1.0\times 10^{2}$ s,3231721.7584819514,2.0226186496677727e-24,
1,line,3,Vegas t=$1.0\times 10^{2}$ s,4574855.261567401,5.736986489050235e-24,
1,line,3,Vegas t=$1.0\times 10^{2}$ s,6476207.491984746,1.6269035590648927e-23,
1,line,3,Vegas t=$1.0\times 10^{2}$ s,9167779.324426051,4.611152430341568e-23,
1,line,3,Vegas t=$1.0\times 10^{2}$ s,12977993.34647565,1.3052132212173383e-22,
1,line,3,Vegas t=$1.0\times 10^{2}$ s,18371767.615786355,3.6823326312993336e-22,
1,line,3,Vegas t=$1.0\times 10^{2}$ s,26007244.44200111,1.0305183552337974e-21,
1,line,3,Vegas t=$1.0\times 10^{2}$ s,36816096.176004626,2.829009837355968e-21,
1,line,3,Vegas t=$1.0\times 10^{2}$ s,52117206.82918034,7.441212965759265e-21,
1,line,3,Vegas t=$1.0\times 10^{2}$ s,73777600.82683298,1.80285852264902e-20,
1,line,3,Vegas t=$1.0\times 10^{2}$ s,104440255.24245678,3.866682128890595e-20,
1,line,3,Vegas t=$1.0\times 10^{2}$ s,147846592.9071301,7.309850875746243e-20,
1,line,3,Vegas t=$1.0\times 10^{2}$ s,209293006.64290932,1.263182106670662e-19,
1,line,3,Vegas t=$1.0\times 10^{2}$ s,296277119.1970864,2.081023649816474e-19,
1,line,3,Vegas t=$1.0\times 10^{2}$ s,419412634.79239357,3.355948114792298e-19,
1,line,3,Vegas t=$1.0\times 10^{2}$ s,593724411.4571109,5.364686619461191e-19,
1,line,3,Vegas t=$1.0\times 10^{2}$ s,840481777.4137379,8.546030951931043e-19,
1,line,3,Vegas t=$1.0\times 10^{2}$ s,1189793790.7435882,1.3595508095638981e-18,
1,line,3,Vegas t=$1.0\times 10^{2}$ s,1684283113.0116625,2.1617115881975627e-18,
1,line,3,Vegas t=$1.0\times 10^{2}$ s,2384286778.806731,3.436461581106539e-18,
1,line,3,Vegas t=$1.0\times 10^{2}$ s,3375218453.2845626,5.4624937227720495e-18,
1,line,3,Vegas t=$1.0\times 10^{2}$ s,4777990512.153976,8.682739163214995e-18,
1,line,3,Vegas t=$1.0\times 10^{2}$ s,6763767634.659977,1.3801229054442884e-17,
1,line,3,Vegas t=$1.0\times 10^{2}$ s,9574852126.495787,2.1936976836794003e-17,
1,line,3,Vegas t=$1.0\times 10^{2}$ s,13554249376.408226,3.4868641473376854e-17,
1,line,3,Vegas t=$1.0\times 10^{2}$ s,19187520990.478363,5.54233810985083e-17,
1,line,3,Vegas t=$1.0\times 10^{2}$ s,27162032476.755615,8.809486175136869e-17,
1,line,3,Vegas t=$1.0\times 10^{2}$ s,38450824816.52776,1.4002583190597203e-16,
1,line,3,Vegas t=$1.0\times 10^{2}$ s,54431343837.635056,2.2256944870335444e-16,
1,line,3,Vegas t=$1.0\times 10^{2}$ s,77053514615.30557,3.5377149182792123e-16,
1,line,3,Vegas t=$1.0\times 10^{2}$ s,109077669151.0952,5.623154817886132e-16,
1,line,3,Vegas t=$1.0\times 10^{2}$ s,154411358999.4833,8.937932231863075e-16,
1,line,3,Vegas t=$1.0\times 10^{2}$ s,218586150342.46652,1.4206721619391178e-15,
1,line,3,Vegas t=$1.0\times 10^{2}$ s,309432579514.43616,2.2581375825727133e-15,
1,line,3,Vegas t=$1.0\times 10^{2}$ s,438035626296.2889,3.589273403616089e-15,
1,line,3,Vegas t=$1.0\times 10^{2}$ s,620087290762.5809,5.705085695594499e-15,
1,line,3,Vegas t=$1.0\times 10^{2}$ s,877801313597.2452,9.068117285281041e-15,
1,line,3,Vegas t=$1.0\times 10^{2}$ s,1242623671911.5056,1.441355762757298e-14,
1,line,3,Vegas t=$1.0\times 10^{2}$ s,1759069582234.9841,2.2909945502834182e-14,
1,line,3,Vegas t=$1.0\times 10^{2}$ s,2490155197497.901,3.6414582108844366e-14,
1,line,3,Vegas t=$1.0\times 10^{2}$ s,3525086767600.913,5.787946013331427e-14,
1,line,3,Vegas t=$1.0\times 10^{2}$ s,4990145486353.98,9.199638235943398e-14,
1,line,3,Vegas t=$1.0\times 10^{2}$ s,7064096181645.59,1.4622215345222144e-13,
1,line,3,Vegas t=$1.0\times 10^{2}$ s,10000000000000.0,2.324076444107301e-13,
1,line,3,Vegas t=$1.0\times 10^{2}$ s,14156092644919.916,3.6938616859690375e-13,
1,line,3,Vegas t=$1.0\times 10^{2}$ s,20039495897155.574,5.870855142316743e-13,
1,line,3,Vegas t=$1.0\times 10^{2}$ s,28368096047762.684,9.330593114434523e-13,
1,line,3,Vegas t=$1.0\times 10^{2}$ s,40158139581211.5,1.4828585047197188e-12,
1,line,3,Vegas t=$1.0\times 10^{2}$ s,56848234435925.55,2.3564949629041163e-12,
1,line,3,Vegas t=$1.0\times 10^{2}$ s,80474887337508.88,3.744563258906172e-12,
1,line,3,Vegas t=$1.0\times 10^{2}$ s,113920996073926.83,5.949659508074043e-12,
1,line,3,Vegas t=$1.0\times 10^{2}$ s,161267617462406.6,9.451996975122321e-12,
1,line,3,Vegas t=$1.0\times 10^{2}$ s,228291933342333.28,1.501322798750332e-11,
1,line,3,Vegas t=$1.0\times 10^{2}$ s,323172175848195.2,2.3840446236943684e-11,
1,line,3,Vegas t=$1.0\times 10^{2}$ s,457485526156740.1,3.784466547639011e-11,
1,line,3,Vegas t=$1.0\times 10^{2}$ s,647620749198474.6,6.004693556619996e-11,
1,line,3,Vegas t=$1.0\times 10^{2}$ s,916777932442605.1,9.521371418298697e-11,
1,line,3,Vegas t=$1.0\times 10^{2}$ s,1297799334647565.0,1.5084513283017755e-10,
1,line,3,Vegas t=$1.0\times 10^{2}$ s,1837176761578635.5,2.386999178493237e-10,
1,line,3,Vegas t=$1.0\times 10^{2}$ s,2600724444200111.0,3.771226840807756e-10,
1,line,3,Vegas t=$1.0\times 10^{2}$ s,3681609617600463.0,5.945424937585289e-10,
1,line,3,Vegas t=$1.0\times 10^{2}$ s,5211720682918033.0,9.346234381831719e-10,
1,line,3,Vegas t=$1.0\times 10^{2}$ s,7377760082683297.0,1.4636303511109079e-09,
1,line,3,Vegas t=$1.0\times 10^{2}$ s,1.0444025524245678e+16,2.2805412464974473e-09,
1,line,3,Vegas t=$1.0\times 10^{2}$ s,1.478465929071307e+16,3.530141870598757e-09,
1,line,3,Vegas t=$1.0\times 10^{2}$ s,2.0929300664290932e+16,5.418564301827307e-09,
1,line,3,Vegas t=$1.0\times 10^{2}$ s,2.9627711919708516e+16,8.229288365746176e-09,
1,line,3,Vegas t=$1.0\times 10^{2}$ s,4.194126347923935e+16,1.2335559130321745e-08,
1,line,3,Vegas t=$1.0\times 10^{2}$ s,5.9372441145711096e+16,1.820310804722427e-08,
1,line,3,Vegas t=$1.0\times 10^{2}$ s,8.40481777413738e+16,2.637638469533677e-08,
1,line,3,Vegas t=$1.0\times 10^{2}$ s,1.1897937907435784e+17,3.74438991815047e-08,
1,line,3,Vegas t=$1.0\times 10^{2}$ s,1.6842831130116624e+17,5.1984401502367164e-08,
1,line,3,Vegas t=$1.0\times 10^{2}$ s,2.3842867788067312e+17,7.050376434759761e-08,
1,line,3,Vegas t=$1.0\times 10^{2}$ s,3.3752184532845626e+17,9.337876850785086e-08,
1,line,3,Vegas t=$1.0\times 10^{2}$ s,4.777990512153937e+17,1.208248888674941e-07,
1,line,3,Vegas t=$1.0\times 10^{2}$ s,6.763767634659977e+17,1.5289954423855535e-07,
1,line,3,Vegas t=$1.0\times 10^{2}$ s,9.574852126495786e+17,1.8954189503337962e-07,
1,line,3,Vegas t=$1.0\times 10^{2}$ s,1.3554249376408225e+18,2.3063877350891434e-07,
1,line,3,Vegas t=$1.0\times 10^{2}$ s,1.9187520990478205e+18,2.760981072526587e-07,
1,line,3,Vegas t=$1.0\times 10^{2}$ s,2.7162032476755615e+18,3.2590990700161425e-07,
1,line,3,Vegas t=$1.0\times 10^{2}$ s,3.845082481652776e+18,3.801811245437451e-07,
1,line,3,Vegas t=$1.0\times 10^{2}$ s,5.443134383763505e+18,4.3914041459543596e-07,
1,line,3,Vegas t=$1.0\times 10^{2}$ s,7.705351461530494e+18,5.031187910851681e-07,
1,line,3,Vegas t=$1.0\times 10^{2}$ s,1.090776691510952e+19,5.725135683636933e-07,
1,line,3,Vegas t=$1.0\times 10^{2}$ s,1.5441135899948329e+19,6.477432453331888e-07,
1,line,3,Vegas t=$1.0\times 10^{2}$ s,2.185861503424665e+19,7.29200254239894e-07,
1,line,3,Vegas t=$1.0\times 10^{2}$ s,3.0943257951443616e+19,8.172011520475656e-07,
1,line,3,Vegas t=$1.0\times 10^{2}$ s,4.380356262962889e+19,9.119354029627587e-07,
1,line,3,Vegas t=$1.0\times 10^{2}$ s,6.2008729076258095e+19,1.0134123623999927e-06,
1,line,3,Vegas t=$1.0\times 10^{2}$ s,8.778013135972526e+19,1.1214070811524517e-06,
1,line,3,Vegas t=$1.0\times 10^{2}$ s,1.2426236719115056e+20,1.2354071405090921e-06,
1,line,3,Vegas t=$1.0\times 10^{2}$ s,1.759069582234977e+20,1.3545647377697033e-06,
1,line,3,Vegas t=$1.0\times 10^{2}$ s,2.4901551974979007e+20,1.4776602877732035e-06,
1,line,3,Vegas t=$1.0\times 10^{2}$ s,3.525086767600928e+20,1.6030854091581157e-06,
1,line,3,Vegas t=$1.0\times 10^{2}$ s,4.990145486353981e+20,1.7288537230650073e-06,
1,line,3,Vegas t=$1.0\times 10^{2}$ s,7.064096181645561e+20,1.8526467704668237e-06,
1,line,3,Vegas t=$1.0\times 10^{2}$ s,1e+21,1.971899085338947e-06,
1,line,3,Vegas t=$1.0\times 10^{2}$ s,1.4156092644919856e+21,2.0839210309253394e-06,
1,line,3,Vegas t=$1.0\times 10^{2}$ s,2.0039495897155573e+21,2.1860511048117076e-06,
1,line,3,Vegas t=$1.0\times 10^{2}$ s,2.836809604776257e+21,2.275822486929553e-06,
1,line,3,Vegas t=$1.0\times 10^{2}$ s,4.01581395812115e+21,2.351123548530949e-06,
1,line,3,Vegas t=$1.0\times 10^{2}$ s,5.684823443592532e+21,2.410330610434185e-06,
1,line,3,Vegas t=$1.0\times 10^{2}$ s,8.047488733750887e+21,2.4523943008382133e-06,
1,line,3,Vegas t=$1.0\times 10^{2}$ s,1.1392099607392635e+22,2.476867915529186e-06,
1,line,3,Vegas t=$1.0\times 10^{2}$ s,1.612676174624066e+22,2.483875426356169e-06,
1,line,3,Vegas t=$1.0\times 10^{2}$ s,2.282919333423323e+22,2.4740257591285405e-06,
1,line,3,Vegas t=$1.0\times 10^{2}$ s,3.2317217584819514e+22,2.4482864677579175e-06,
1,line,3,Vegas t=$1.0\times 10^{2}$ s,4.5748552615673826e+22,2.4078327695825205e-06,
1,line,3,Vegas t=$1.0\times 10^{2}$ s,6.476207491984746e+22,2.353887153533239e-06,
1,line,3,Vegas t=$1.0\times 10^{2}$ s,9.167779324426014e+22,2.2875615588787353e-06,
1,line,3,Vegas t=$1.0\times 10^{2}$ s,1.2977993346475651e+23,2.209710163755707e-06,
1,line,3,Vegas t=$1.0\times 10^{2}$ s,1.837176761578628e+23,2.120798011961279e-06,
1,line,3,Vegas t=$1.0\times 10^{2}$ s,2.600724444200111e+23,2.0207909705396094e-06,
1,line,3,Vegas t=$1.0\times 10^{2}$ s,3.681609617600448e+23,1.9090779610955505e-06,
1,line,3,Vegas t=$1.0\times 10^{2}$ s,5.211720682918034e+23,1.7844497184056396e-06,
1,line,3,Vegas t=$1.0\times 10^{2}$ s,7.377760082683267e+23,1.6451805811584764e-06,
1,line,3,Vegas t=$1.0\times 10^{2}$ s,1.0444025524245678e+24,1.4892993479285022e-06,
1,line,3,Vegas t=$1.0\times 10^{2}$ s,1.4784659290712948e+24,1.3151668701785292e-06,
1,line,3,Vegas t=$1.0\times 10^{2}$ s,2.0929300664290934e+24,1.1225094000691978e-06,
1,line,3,Vegas t=$1.0\times 10^{2}$ s,2.962771191970876e+24,9.139763642686967e-07,
1,line,3,Vegas t=$1.0\times 10^{2}$ s,4.1941263479239357e+24,6.970130111953182e-07,
1,line,3,Vegas t=$1.0\times 10^{2}$ s,5.93724411457111e+24,4.852055292160302e-07,
1,line,3,Vegas t=$1.0\times 10^{2}$ s,8.40481777413738e+24,2.9738547688186135e-07,
1,line,3,Vegas t=$1.0\times 10^{2}$ s,1.1897937907435881e+25,1.525619333319792e-07,
1,line,3,Vegas t=$1.0\times 10^{2}$ s,1.6842831130116624e+25,6.101356250718884e-08,
1,line,3,Vegas t=$1.0\times 10^{2}$ s,2.384286778806731e+25,1.7209673862918446e-08,
1,line,3,Vegas t=$1.0\times 10^{2}$ s,3.3752184532845626e+25,2.9722794901236953e-09,
1,line,3,Vegas t=$1.0\times 10^{2}$ s,4.777990512153977e+25,2.5733741658980265e-10,
1,line,3,Vegas t=$1.0\times 10^{2}$ s,6.763767634659977e+25,8.412830592904912e-12,
1,line,3,Vegas t=$1.0\times 10^{2}$ s,9.574852126495787e+25,6.952724760618382e-14,
1,line,3,Vegas t=$1.0\times 10^{2}$ s,1.3554249376408226e+26,8.230333208171059e-17,
1,line,3,Vegas t=$1.0\times 10^{2}$ s,1.9187520990478362e+26,6.2375866655771595e-21,
1,line,3,Vegas t=$1.0\times 10^{2}$ s,2.7162032476755613e+26,9.680146551719914e-27,
1,line,3,Vegas t=$1.0\times 10^{2}$ s,3.845082481652776e+26,6.148881127193436e-35,
1,line,3,Vegas t=$1.0\times 10^{2}$ s,5.443134383763505e+26,1.6424669023206684e-46,
1,line,3,Vegas t=$1.0\times 10^{2}$ s,7.705351461530558e+26,7.346633723402183e-63,
1,line,3,Vegas t=$1.0\times 10^{2}$ s,1.090776691510952e+27,5.720988437544589e-86,
1,line,3,Vegas t=$1.0\times 10^{2}$ s,1.544113589994833e+27,1.214802024545961e-118,
1,line,3,Vegas t=$1.0\times 10^{2}$ s,2.1858615034246653e+27,7.604484051407659e-165,
1,line,3,Vegas t=$1.0\times 10^{2}$ s,3.094325795144362e+27,3.4173480151954945e-230,
1,line,3,Vegas t=$1.0\times 10^{2}$ s,4.380356262962889e+27,0.0,
1,line,3,Vegas t=$1.0\times 10^{2}$ s,6.20087290762581e+27,0.0,
1,line,3,Vegas t=$1.0\times 10^{2}$ s,8.778013135972453e+27,0.0,
1,line,3,Vegas t=$1.0\times 10^{2}$ s,1.2426236719115056e+28,0.0,
1,line,3,Vegas t=$1.0\times 10^{2}$ s,1.759069582234977e+28,0.0,
1,line,3,Vegas t=$1.0\times 10^{2}$ s,2.4901551974979007e+28,0.0,
1,line,3,Vegas t=$1.0\times 10^{2}$ s,3.525086767600899e+28,0.0,
1,line,3,Vegas t=$1.0\times 10^{2}$ s,4.990145486353981e+28,0.0,
1,line,3,Vegas t=$1.0\times 10^{2}$ s,7.064096181645562e+28,0.0,
1,line,3,Vegas t=$1.0\times 10^{2}$ s,1e+29,0.0,
1,line,4,ASGARD t=$1.0\times 10^{3}$ s,100000.0,1.1588514216119638e-26,
1,line,4,ASGARD t=$1.0\times 10^{3}$ s,141560.92644919915,3.267942184415654e-26,
1,line,4,ASGARD t=$1.0\times 10^{3}$ s,200394.95897155572,9.200619867879411e-26,
1,line,4,ASGARD t=$1.0\times 10^{3}$ s,283680.9604776268,2.584370862065334e-25,
1,line,4,ASGARD t=$1.0\times 10^{3}$ s,401581.39581211505,7.232853203595409e-25,
1,line,4,ASGARD t=$1.0\times 10^{3}$ s,568482.3443592555,2.0103339865319967e-24,
1,line,4,ASGARD t=$1.0\times 10^{3}$ s,804748.8733750888,5.5184132543772625e-24,
1,line,4,ASGARD t=$1.0\times 10^{3}$ s,1139209.9607392682,1.481357366803208e-23,
1,line,4,ASGARD t=$1.0\times 10^{3}$ s,1612676.174624066,3.7637757967931823e-23,
1,line,4,ASGARD t=$1.0\times 10^{3}$ s,2282919.333423333,9.432452677166053e-23,
1,line,4,ASGARD t=$1.0\times 10^{3}$ s,3231721.7584819514,2.371328451714719e-22,
1,line,4,ASGARD t=$1.0\times 10^{3}$ s,4574855.261567401,5.922304239048808e-22,
1,line,4,ASGARD t=$1.0\times 10^{3}$ s,6476207.491984746,1.2505659030879477e-21,
1,line,4,ASGARD t=$1.0\times 10^{3}$ s,9167779.324426051,2.242873497959709e-21,
1,line,4,ASGARD t=$1.0\times 10^{3}$ s,12977993.34647565,4.027708579521277e-21,
1,line,4,ASGARD t=$1.0\times 10^{3}$ s,18371767.615786355,7.237233964666158e-21,
1,line,4,ASGARD t=$1.0\times 10^{3}$ s,26007244.44200111,1.2563626429000625e-20,
1,line,4,ASGARD t=$1.0\times 10^{3}$ s,36816096.176004626,2.0228238775246206e-20,
1,line,4,ASGARD t=$1.0\times 10^{3}$ s,52117206.82918034,3.256907341075558e-20,
1,line,4,ASGARD t=$1.0\times 10^{3}$ s,73777600.82683298,5.2437113393141767e-20,
1,line,4,ASGARD t=$1.0\times 10^{3}$ s,104440255.24245678,8.427053303443258e-20,
1,line,4,ASGARD t=$1.0\times 10^{3}$ s,147846592.9071301,1.3410434514792387e-19,
1,line,4,ASGARD t=$1.0\times 10^{3}$ s,209293006.64290932,2.1340755983521108e-19,
1,line,4,ASGARD t=$1.0\times 10^{3}$ s,296277119.1970864,3.396060692664962e-19,
1,line,4,ASGARD t=$1.0\times 10^{3}$ s,419412634.79239357,5.404121114105644e-19,
1,line,4,ASGARD t=$1.0\times 10^{3}$ s,593724411.4571109,8.591042872655591e-19,
1,line,4,ASGARD t=$1.0\times 10^{3}$ s,840481777.4137379,1.3656816800301907e-18,
1,line,4,ASGARD t=$1.0\times 10^{3}$ s,1189793790.7435882,2.1709658694280857e-18,
1,line,4,ASGARD t=$1.0\times 10^{3}$ s,1684283113.0116625,3.45108515532167e-18,
1,line,4,ASGARD t=$1.0\times 10^{3}$ s,2384286778.806731,5.485613528240287e-18,
1,line,4,ASGARD t=$1.0\times 10^{3}$ s,3375218453.2845626,8.719410410839436e-18,
1,line,4,ASGARD t=$1.0\times 10^{3}$ s,4777990512.153976,1.385954669661655e-17,
1,line,4,ASGARD t=$1.0\times 10^{3}$ s,6763767634.659977,2.2029816698935777e-17,
1,line,4,ASGARD t=$1.0\times 10^{3}$ s,9574852126.495787,3.501607179425577e-17,
1,line,4,ASGARD t=$1.0\times 10^{3}$ s,13554249376.408226,5.565716398579461e-17,
1,line,4,ASGARD t=$1.0\times 10^{3}$ s,19187520990.478363,8.846565982491294e-17,
1,line,4,ASGARD t=$1.0\times 10^{3}$ s,27162032476.755615,1.4061393026725445e-16,
1,line,4,ASGARD t=$1.0\times 10^{3}$ s,38450824816.52776,2.2349982179774253e-16,
1,line,4,ASGARD t=$1.0\times 10^{3}$ s,54431343837.635056,3.5523941438987233e-16,
1,line,4,ASGARD t=$1.0\times 10^{3}$ s,77053514615.30557,5.646315046297698e-16,
1,line,4,ASGARD t=$1.0\times 10^{3}$ s,109077669151.0952,8.974472797007008e-16,
1,line,4,ASGARD t=$1.0\times 10^{3}$ s,154411358999.4833,1.4264094772366807e-15,
1,line,4,ASGARD t=$1.0\times 10^{3}$ s,218586150342.46652,2.2670603676508126e-15,
1,line,4,ASGARD t=$1.0\times 10^{3}$ s,309432579514.43616,3.603146382722299e-15,
1,line,4,ASGARD t=$1.0\times 10^{3}$ s,438035626296.2889,5.7266471396810626e-15,
1,line,4,ASGARD t=$1.0\times 10^{3}$ s,620087290762.5809,9.101405771701106e-15,
1,line,4,ASGARD t=$1.0\times 10^{3}$ s,877801313597.2452,1.4463262376893808e-14,
1,line,4,ASGARD t=$1.0\times 10^{3}$ s,1242623671911.5056,2.29839146305095e-14,
1,line,4,ASGARD t=$1.0\times 10^{3}$ s,1759069582234.9841,3.652425924631449e-14,
1,line,4,ASGARD t=$1.0\times 10^{3}$ s,2490155197497.901,5.804077400579274e-14,
1,line,4,ASGARD t=$1.0\times 10^{3}$ s,3525086767600.913,9.219738408086294e-14,
1,line,4,ASGARD t=$1.0\times 10^{3}$ s,4990145486353.98,1.4645371934288286e-13,
1,line,4,ASGARD t=$1.0\times 10^{3}$ s,7064096181645.59,2.3263848156985736e-13,
1,line,4,ASGARD t=$1.0\times 10^{3}$ s,10000000000000.0,3.6953501991230333e-13,
1,line,4,ASGARD t=$1.0\times 10^{3}$ s,14156092644919.916,5.864319968876364e-13,
1,line,4,ASGARD t=$1.0\times 10^{3}$ s,20039495897155.574,9.304596687077319e-13,
1,line,4,ASGARD t=$1.0\times 10^{3}$ s,28368096047762.684,1.4763054451734203e-12,
1,line,4,ASGARD t=$1.0\times 10^{3}$ s,40158139581211.5,2.342298337905514e-12,
1,line,4,ASGARD t=$1.0\times 10^{3}$ s,56848234435925.55,3.707900856645255e-12,
1,line,4,ASGARD t=$1.0\times 10^{3}$ s,80474887337508.88,5.863358729552902e-12,
1,line,4,ASGARD t=$1.0\times 10^{3}$ s,113920996073926.83,9.271801268533463e-12,
1,line,4,ASGARD t=$1.0\times 10^{3}$ s,161267617462406.6,1.4660842559422848e-11,
1,line,4,ASGARD t=$1.0\times 10^{3}$ s,228291933342333.28,2.306548409409202e-11,
1,line,4,ASGARD t=$1.0\times 10^{3}$ s,323172175848195.2,3.611918302862087e-11,
1,line,4,ASGARD t=$1.0\times 10^{3}$ s,457485526156740.1,5.656217665527779e-11,
1,line,4,ASGARD t=$1.0\times 10^{3}$ s,647620749198474.6,8.856936760506318e-11,
1,line,4,ASGARD t=$1.0\times 10^{3}$ s,916777932442605.1,1.3736451654404775e-10,
1,line,4,ASGARD t=$1.0\times 10^{3}$ s,1297799334647565.0,2.0947464998152457e-10,
1,line,4,ASGARD t=$1.0\times 10^{3}$ s,1837176761578635.5,3.1954057341298755e-10,
1,line,4,ASGARD t=$1.0\times 10^{3}$ s,2600724444200111.0,4.874759506029108e-10,
1,line,4,ASGARD t=$1.0\times 10^{3}$ s,3681609617600463.0,7.35151990931503e-10,
1,line,4,ASGARD t=$1.0\times 10^{3}$ s,5211720682918033.0,1.0614643174234248e-09,
1,line,4,ASGARD t=$1.0\times 10^{3}$ s,7377760082683297.0,1.534796901161595e-09,
1,line,4,ASGARD t=$1.0\times 10^{3}$ s,1.0444025524245678e+16,2.2210186202094768e-09,
1,line,4,ASGARD t=$1.0\times 10^{3}$ s,1.478465929071307e+16,3.1921084268693707e-09,
1,line,4,ASGARD t=$1.0\times 10^{3}$ s,2.0929300664290932e+16,4.271147942291384e-09,
1,line,4,ASGARD t=$1.0\times 10^{3}$ s,2.9627711919708516e+16,5.722870019941068e-09,
1,line,4,ASGARD t=$1.0\times 10^{3}$ s,4.194126347923935e+16,7.671980264677812e-09,
1,line,4,ASGARD t=$1.0\times 10^{3}$ s,5.9372441145711096e+16,1.0179698338583433e-08,
1,line,4,ASGARD t=$1.0\times 10^{3}$ s,8.40481777413738e+16,1.2398623297931368e-08,
1,line,4,ASGARD t=$1.0\times 10^{3}$ s,1.1897937907435784e+17,1.4959737208763726e-08,
1,line,4,ASGARD t=$1.0\times 10^{3}$ s,1.6842831130116624e+17,1.804966033660751e-08,
1,line,4,ASGARD t=$1.0\times 10^{3}$ s,2.3842867788067312e+17,2.163925905664611e-08,
1,line,4,ASGARD t=$1.0\times 10^{3}$ s,3.3752184532845626e+17,2.557204575994808e-08,
1,line,4,ASGARD t=$1.0\times 10^{3}$ s,4.777990512153937e+17,3.0170263467947454e-08,
1,line,4,ASGARD t=$1.0\times 10^{3}$ s,6.763767634659977e+17,3.554087128559974e-08,
1,line,4,ASGARD t=$1.0\times 10^{3}$ s,9.574852126495786e+17,4.166561164656381e-08,
1,line,4,ASGARD t=$1.0\times 10^{3}$ s,1.3554249376408225e+18,4.739723982650386e-08,
1,line,4,ASGARD t=$1.0\times 10^{3}$ s,1.9187520990478205e+18,5.298550659047842e-08,
1,line,4,ASGARD t=$1.0\times 10^{3}$ s,2.7162032476755615e+18,5.9165823071923104e-08,
1,line,4,ASGARD t=$1.0\times 10^{3}$ s,3.845082481652776e+18,6.595481186586506e-08,
1,line,4,ASGARD t=$1.0\times 10^{3}$ s,5.443134383763505e+18,7.405560747260929e-08,
1,line,4,ASGARD t=$1.0\times 10^{3}$ s,7.705351461530494e+18,8.402444281395556e-08,
1,line,4,ASGARD t=$1.0\times 10^{3}$ s,1.090776691510952e+19,9.53278651118753e-08,
1,line,4,ASGARD t=$1.0\times 10^{3}$ s,1.5441135899948329e+19,1.0799572230113823e-07,
1,line,4,ASGARD t=$1.0\times 10^{3}$ s,2.185861503424665e+19,1.2062664642696252e-07,
1,line,4,ASGARD t=$1.0\times 10^{3}$ s,3.0943257951443616e+19,1.315755193998287e-07,
1,line,4,ASGARD t=$1.0\times 10^{3}$ s,4.380356262962889e+19,1.4348579776163694e-07,
1,line,4,ASGARD t=$1.0\times 10^{3}$ s,6.2008729076258095e+19,1.5650558329709144e-07,
1,line,4,ASGARD t=$1.0\times 10^{3}$ s,8.778013135972526e+19,1.711878136904515e-07,
1,line,4,ASGARD t=$1.0\times 10^{3}$ s,1.2426236719115056e+20,1.8629108804608287e-07,
1,line,4,ASGARD t=$1.0\times 10^{3}$ s,1.759069582234977e+20,2.0260819417836581e-07,
1,line,4,ASGARD t=$1.0\times 10^{3}$ s,2.4901551974979007e+20,2.19689912186067e-07,
1,line,4,ASGARD t=$1.0\times 10^{3}$ s,3.525086767600928e+20,2.3518239672593829e-07,
1,line,4,ASGARD t=$1.0\times 10^{3}$ s,4.990145486353981e+20,2.431353079601124e-07,
1,line,4,ASGARD t=$1.0\times 10^{3}$ s,7.064096181645561e+20,2.507097832100368e-07,
1,line,4,ASGARD t=$1.0\times 10^{3}$ s,1e+21,2.5852428507745443e-07,
1,line,4,ASGARD t=$1.0\times 10^{3}$ s,1.4156092644919856e+21,2.663435799977793e-07,
1,line,4,ASGARD t=$1.0\times 10^{3}$ s,2.0039495897155573e+21,2.609238156256337e-07,
1,line,4,ASGARD t=$1.0\times 10^{3}$ s,2.836809604776257e+21,2.5114769881635096e-07,
1,line,4,ASGARD t=$1.0\times 10^{3}$ s,4.01581395812115e+21,2.410342765071565e-07,
1,line,4,ASGARD t=$1.0\times 10^{3}$ s,5.684823443592532e+21,2.2845562758455373e-07,
1,line,4,ASGARD t=$1.0\times 10^{3}$ s,8.047488733750887e+21,2.0961655542732772e-07,
1,line,4,ASGARD t=$1.0\times 10^{3}$ s,1.1392099607392635e+22,1.9106266144116357e-07,
1,line,4,ASGARD t=$1.0\times 10^{3}$ s,1.612676174624066e+22,1.7441914387418677e-07,
1,line,4,ASGARD t=$1.0\times 10^{3}$ s,2.282919333423323e+22,1.5975995884031468e-07,
1,line,4,ASGARD t=$1.0\times 10^{3}$ s,3.2317217584819514e+22,1.4328486984983562e-07,
1,line,4,ASGARD t=$1.0\times 10^{3}$ s,4.5748552615673826e+22,1.2430731126197884e-07,
1,line,4,ASGARD t=$1.0\times 10^{3}$ s,6.476207491984746e+22,1.0780269299345924e-07,
1,line,4,ASGARD t=$1.0\times 10^{3}$ s,9.167779324426014e+22,9.327950665318535e-08,
1,line,4,ASGARD t=$1.0\times 10^{3}$ s,1.2977993346475651e+23,8.166645231254057e-08,
1,line,4,ASGARD t=$1.0\times 10^{3}$ s,1.837176761578628e+23,7.445058932990222e-08,
1,line,4,ASGARD t=$1.0\times 10^{3}$ s,2.600724444200111e+23,6.787460617486158e-08,
1,line,4,ASGARD t=$1.0\times 10^{3}$ s,3.681609617600448e+23,6.167793247928708e-08,
1,line,4,ASGARD t=$1.0\times 10^{3}$ s,5.211720682918034e+23,5.422869570963636e-08,
1,line,4,ASGARD t=$1.0\times 10^{3}$ s,7.377760082683267e+23,4.13888099800095e-08,
1,line,4,ASGARD t=$1.0\times 10^{3}$ s,1.0444025524245678e+24,3.1496799284799356e-08,
1,line,4,ASGARD t=$1.0\times 10^{3}$ s,1.4784659290712948e+24,2.3788807983360002e-08,
1,line,4,ASGARD t=$1.0\times 10^{3}$ s,2.0929300664290934e+24,1.7560354191486568e-08,
1,line,4,ASGARD t=$1.0\times 10^{3}$ s,2.962771191970876e+24,1.191332121164737e-08,
1,line,4,ASGARD t=$1.0\times 10^{3}$ s,4.1941263479239357e+24,8.040942557034588e-09,
1,line,4,ASGARD t=$1.0\times 10^{3}$ s,5.93724411457111e+24,5.426750284687626e-09,
1,line,4,ASGARD t=$1.0\times 10^{3}$ s,8.40481777413738e+24,3.6161572543624314e-09,
1,line,4,ASGARD t=$1.0\times 10^{3}$ s,1.1897937907435881e+25,2.0684719611393772e-09,
1,line,4,ASGARD t=$1.0\times 10^{3}$ s,1.6842831130116624e+25,1.1336450323288258e-09,
1,line,4,ASGARD t=$1.0\times 10^{3}$ s,2.384286778806731e+25,6.187588176121252e-10,
1,line,4,ASGARD t=$1.0\times 10^{3}$ s,3.3752184532845626e+25,3.3289476491815333e-10,
1,line,4,ASGARD t=$1.0\times 10^{3}$ s,4.777990512153977e+25,1.6730864760071494e-10,
1,line,4,ASGARD t=$1.0\times 10^{3}$ s,6.763767634659977e+25,8.202939775958685e-11,
1,line,4,ASGARD t=$1.0\times 10^{3}$ s,9.574852126495787e+25,4.028781607966074e-11,
1,line,4,ASGARD t=$1.0\times 10^{3}$ s,1.3554249376408226e+26,1.9684643361499824e-11,
1,line,4,ASGARD t=$1.0\times 10^{3}$ s,1.9187520990478362e+26,5.953921893851994e-12,
1,line,4,ASGARD t=$1.0\times 10^{3}$ s,2.7162032476755613e+26,1.0271260301847311e-12,
1,line,4,ASGARD t=$1.0\times 10^{3}$ s,3.845082481652776e+26,1.7874448445694492e-13,
1,line,4,ASGARD t=$1.0\times 10^{3}$ s,5.443134383763505e+26,3.08951209489795e-14,
1,line,4,ASGARD t=$1.0\times 10^{3}$ s,7.705351461530558e+26,4.357094409725648e-15,
1,line,4,ASGARD t=$1.0\times 10^{3}$ s,1.090776691510952e+27,4.2186917267474614e-16,
1,line,4,ASGARD t=$1.0\times 10^{3}$ s,1.544113589994833e+27,4.1175571500619575e-17,
1,line,4,ASGARD t=$1.0\times 10^{3}$ s,2.1858615034246653e+27,4.139716951052859e-18,
1,line,4,ASGARD t=$1.0\times 10^{3}$ s,3.094325795144362e+27,4.535972817569841e-19,
1,line,4,ASGARD t=$1.0\times 10^{3}$ s,4.380356262962889e+27,1.2174708836966707e-19,
1,line,4,ASGARD t=$1.0\times 10^{3}$ s,6.20087290762581e+27,6.319571615257664e-20,
1,line,4,ASGARD t=$1.0\times 10^{3}$ s,8.778013135972453e+27,3.2039819822104564e-24,
1,line,4,ASGARD t=$1.0\times 10^{3}$ s,1.2426236719115056e+28,3.4579680996182505e-25,
1,line,4,ASGARD t=$1.0\times 10^{3}$ s,1.759069582234977e+28,3.5378217975334075e-25,
1,line,4,ASGARD t=$1.0\times 10^{3}$ s,2.4901551974979007e+28,3.174698904073156e-25,
1,line,4,ASGARD t=$1.0\times 10^{3}$ s,3.525086767600899e+28,1.898741427258422e-25,
1,line,4,ASGARD t=$1.0\times 10^{3}$ s,4.990145486353981e+28,6.384406006382891e-27,
1,line,4,ASGARD t=$1.0\times 10^{3}$ s,7.064096181645562e+28,0.0,
1,line,4,ASGARD t=$1.0\times 10^{3}$ s,1e+29,0.0,
1,line,5,ASGARD+had t=$1.0\times 10^{3}$ s,100000.0,7.5458193764205535e-28,
1,line,5,ASGARD+had t=$1.0\times 10^{3}$ s,141560.92644919915,2.1431970358979805e-27,
1,line,5,ASGARD+had t=$1.0\times 10^{3}$ s,200394.95897155572,6.0876872703771655e-27,
1,line,5,ASGARD+had t=$1.0\times 10^{3}$ s,283680.9604776268,1.7295798994608738e-26,
1,line,5,ASGARD+had t=$1.0\times 10^{3}$ s,401581.39581211505,4.9256147566746444e-26,
1,line,5,ASGARD+had t=$1.0\times 10^{3}$ s,568482.3443592555,1.4038215933261412e-25,
1,line,5,ASGARD+had t=$1.0\times 10^{3}$ s,804748.8733750888,4.002134962855186e-25,
1,line,5,ASGARD+had t=$1.0\times 10^{3}$ s,1139209.9607392682,1.1416858051899158e-24,
1,line,5,ASGARD+had t=$1.0\times 10^{3}$ s,1612676.174624066,3.2797144458632645e-24,
1,line,5,ASGARD+had t=$1.0\times 10^{3}$ s,2282919.333423333,9.462259490583505e-24,
1,line,5,ASGARD+had t=$1.0\times 10^{3}$ s,3231721.7584819514,2.7322645685042335e-23,
1,line,5,ASGARD+had t=$1.0\times 10^{3}$ s,4574855.261567401,7.894709571020724e-23,
1,line,5,ASGARD+had t=$1.0\times 10^{3}$ s,6476207.491984746,2.2589560952806295e-22,
1,line,5,ASGARD+had t=$1.0\times 10^{3}$ s,9167779.324426051,6.39330528362219e-22,
1,line,5,ASGARD+had t=$1.0\times 10^{3}$ s,12977993.34647565,1.8070554483331345e-21,
1,line,5,ASGARD+had t=$1.0\times 10^{3}$ s,18371767.615786355,5.0676233584313284e-21,
1,line,5,ASGARD+had t=$1.0\times 10^{3}$ s,26007244.44200111,1.228577289574822e-20,
1,line,5,ASGARD+had t=$1.0\times 10^{3}$ s,36816096.176004626,2.268427708415975e-20,
1,line,5,ASGARD+had t=$1.0\times 10^{3}$ s,52117206.82918034,4.191796648439907e-20,
1,line,5,ASGARD+had t=$1.0\times 10^{3}$ s,73777600.82683298,7.729863185940569e-20,
1,line,5,ASGARD+had t=$1.0\times 10^{3}$ s,104440255.24245678,1.3836532973862596e-19,
1,line,5,ASGARD+had t=$1.0\times 10^{3}$ s,147846592.9071301,2.217642569939333e-19,
1,line,5,ASGARD+had t=$1.0\times 10^{3}$ s,209293006.64290932,3.5566176739636147e-19,
1,line,5,ASGARD+had t=$1.0\times 10^{3}$ s,296277119.1970864,5.705942125701882e-19,
1,line,5,ASGARD+had t=$1.0\times 10^{3}$ s,419412634.79239357,9.149152725960483e-19,
1,line,5,ASGARD+had t=$1.0\times 10^{3}$ s,593724411.4571109,1.4547136677610373e-18,
1,line,5,ASGARD+had t=$1.0\times 10^{3}$ s,840481777.4137379,2.3126684833442578e-18,
1,line,5,ASGARD+had t=$1.0\times 10^{3}$ s,1189793790.7435882,3.677112533543717e-18,
1,line,5,ASGARD+had t=$1.0\times 10^{3}$ s,1684283113.0116625,5.846927637087439e-18,
1,line,5,ASGARD+had t=$1.0\times 10^{3}$ s,2384286778.806731,9.292811818118471e-18,
1,line,5,ASGARD+had t=$1.0\times 10^{3}$ s,3375218453.2845626,1.4768591319375675e-17,
1,line,5,ASGARD+had t=$1.0\times 10^{3}$ s,4777990512.153976,2.3471791642549654e-17,
1,line,5,ASGARD+had t=$1.0\times 10^{3}$ s,6763767634.659977,3.730465230713596e-17,
1,line,5,ASGARD+had t=$1.0\times 10^{3}$ s,9574852126.495787,5.928656834738332e-17,
1,line,5,ASGARD+had t=$1.0\times 10^{3}$ s,13554249376.408226,9.421929044682855e-17,
1,line,5,ASGARD+had t=$1.0\times 10^{3}$ s,19187520990.478363,1.4973630033414202e-16,
1,line,5,ASGARD+had t=$1.0\times 10^{3}$ s,27162032476.755615,2.37966679393199e-16,
1,line,5,ASGARD+had t=$1.0\times 10^{3}$ s,38450824816.52776,3.781606114963381e-16,
1,line,5,ASGARD+had t=$1.0\times 10^{3}$ s,54431343837.635056,6.009082921862702e-16,
1,line,5,ASGARD+had t=$1.0\times 10^{3}$ s,77053514615.30557,9.548623353291276e-16,
1,line,5,ASGARD+had t=$1.0\times 10^{3}$ s,109077669151.0952,1.5173037512932128e-15,
1,line,5,ASGARD+had t=$1.0\times 10^{3}$ s,154411358999.4833,2.410798753138144e-15,
1,line,5,ASGARD+had t=$1.0\times 10^{3}$ s,218586150342.46652,3.829754318656759e-15,
1,line,5,ASGARD+had t=$1.0\times 10^{3}$ s,309432579514.43616,6.0838807127220044e-15,
1,line,5,ASGARD+had t=$1.0\times 10^{3}$ s,438035626296.2889,9.66470441367447e-15,
1,line,5,ASGARD+had t=$1.0\times 10^{3}$ s,620087290762.5809,1.535124117680572e-14,
1,line,5,ASGARD+had t=$1.0\times 10^{3}$ s,877801313597.2452,2.4370982787940356e-14,
1,line,5,ASGARD+had t=$1.0\times 10^{3}$ s,1242623671911.5056,3.8690291859029586e-14,
1,line,5,ASGARD+had t=$1.0\times 10^{3}$ s,1759069582234.9841,6.142258230843858e-14,
1,line,5,ASGARD+had t=$1.0\times 10^{3}$ s,2490155197497.901,9.750436697198921e-14,
1,line,5,ASGARD+had t=$1.0\times 10^{3}$ s,3525086767600.913,1.545739592809329e-13,
1,line,5,ASGARD+had t=$1.0\times 10^{3}$ s,4990145486353.98,2.450390031037659e-13,
1,line,5,ASGARD+had t=$1.0\times 10^{3}$ s,7064096181645.59,3.884453938779664e-13,
1,line,5,ASGARD+had t=$1.0\times 10^{3}$ s,10000000000000.0,6.157296704218972e-13,
1,line,5,ASGARD+had t=$1.0\times 10^{3}$ s,14156092644919.916,9.733954411622358e-13,
1,line,5,ASGARD+had t=$1.0\times 10^{3}$ s,20039495897155.574,1.5380245479253136e-12,
1,line,5,ASGARD+had t=$1.0\times 10^{3}$ s,28368096047762.684,2.4301425860676207e-12,
1,line,5,ASGARD+had t=$1.0\times 10^{3}$ s,40158139581211.5,3.8393081238011175e-12,
1,line,5,ASGARD+had t=$1.0\times 10^{3}$ s,56848234435925.55,6.035639330457636e-12,
1,line,5,ASGARD+had t=$1.0\times 10^{3}$ s,80474887337508.88,9.466712910460674e-12,
1,line,5,ASGARD+had t=$1.0\times 10^{3}$ s,113920996073926.83,1.4848131219703222e-11,
1,line,5,ASGARD+had t=$1.0\times 10^{3}$ s,161267617462406.6,2.3285055791197574e-11,
1,line,5,ASGARD+had t=$1.0\times 10^{3}$ s,228291933342333.28,3.6213758417670486e-11,
1,line,5,ASGARD+had t=$1.0\times 10^{3}$ s,323172175848195.2,5.590615779391824e-11,
1,line,5,ASGARD+had t=$1.0\times 10^{3}$ s,457485526156740.1,8.63103903828857e-11,
1,line,5,ASGARD+had t=$1.0\times 10^{3}$ s,647620749198474.6,1.3322605614860464e-10,
1,line,5,ASGARD+had t=$1.0\times 10^{3}$ s,916777932442605.1,2.0309188099018417e-10,
1,line,5,ASGARD+had t=$1.0\times 10^{3}$ s,1297799334647565.0,3.0320225818637873e-10,
1,line,5,ASGARD+had t=$1.0\times 10^{3}$ s,1837176761578635.5,4.5279722393813204e-10,
1,line,5,ASGARD+had t=$1.0\times 10^{3}$ s,2600724444200111.0,6.761366383493097e-10,
1,line,5,ASGARD+had t=$1.0\times 10^{3}$ s,3681609617600463.0,9.961900247466663e-10,
1,line,5,ASGARD+had t=$1.0\times 10^{3}$ s,5211720682918033.0,1.4015655807511227e-09,
1,line,5,ASGARD+had t=$1.0\times 10^{3}$ s,7377760082683297.0,1.9739129881577614e-09,
1,line,5,ASGARD+had t=$1.0\times 10^{3}$ s,1.0444025524245678e+16,2.7807998118233376e-09,
1,line,5,ASGARD+had t=$1.0\times 10^{3}$ s,1.478465929071307e+16,3.878320366281664e-09,
1,line,5,ASGARD+had t=$1.0\times 10^{3}$ s,2.0929300664290932e+16,4.903004364707831e-09,
1,line,5,ASGARD+had t=$1.0\times 10^{3}$ s,2.9627711919708516e+16,6.2097449335357595e-09,
1,line,5,ASGARD+had t=$1.0\times 10^{3}$ s,4.194126347923935e+16,7.874994064187451e-09,
1,line,5,ASGARD+had t=$1.0\times 10^{3}$ s,5.9372441145711096e+16,9.909514461975753e-09,
1,line,5,ASGARD+had t=$1.0\times 10^{3}$ s,8.40481777413738e+16,1.1861856798233555e-08,
1,line,5,ASGARD+had t=$1.0\times 10^{3}$ s,1.1897937907435784e+17,1.4137383927090614e-08,
1,line,5,ASGARD+had t=$1.0\times 10^{3}$ s,1.6842831130116624e+17,1.6834259724691022e-08,
1,line,5,ASGARD+had t=$1.0\times 10^{3}$ s,2.3842867788067312e+17,1.9906448518933574e-08,
1,line,5,ASGARD+had t=$1.0\times 10^{3}$ s,3.3752184532845626e+17,2.2913275345648152e-08,
1,line,5,ASGARD+had t=$1.0\times 10^{3}$ s,4.777990512153937e+17,2.6172147591226143e-08,
1,line,5,ASGARD+had t=$1.0\times 10^{3}$ s,6.763767634659977e+17,2.9818971048461936e-08,
1,line,5,ASGARD+had t=$1.0\times 10^{3}$ s,9.574852126495786e+17,3.373218608996934e-08,
1,line,5,ASGARD+had t=$1.0\times 10^{3}$ s,1.3554249376408225e+18,3.788480287242639e-08,
1,line,5,ASGARD+had t=$1.0\times 10^{3}$ s,1.9187520990478205e+18,4.263416644772962e-08,
1,line,5,ASGARD+had t=$1.0\times 10^{3}$ s,2.7162032476755615e+18,4.8004441192594437e-08,
1,line,5,ASGARD+had t=$1.0\times 10^{3}$ s,3.845082481652776e+18,5.4131595001058385e-08,
1,line,5,ASGARD+had t=$1.0\times 10^{3}$ s,5.443134383763505e+18,6.047497294405912e-08,
1,line,5,ASGARD+had t=$1.0\times 10^{3}$ s,7.705351461530494e+18,6.644588720258691e-08,
1,line,5,ASGARD+had t=$1.0\times 10^{3}$ s,1.090776691510952e+19,7.294284452877265e-08,
1,line,5,ASGARD+had t=$1.0\times 10^{3}$ s,1.5441135899948329e+19,7.988280534723414e-08,
1,line,5,ASGARD+had t=$1.0\times 10^{3}$ s,2.185861503424665e+19,8.754074847559676e-08,
1,line,5,ASGARD+had t=$1.0\times 10^{3}$ s,3.0943257951443616e+19,9.713718131377457e-08,
1,line,5,ASGARD+had t=$1.0\times 10^{3}$ s,4.380356262962889e+19,1.0782533867385906e-07,
1,line,5,ASGARD+had t=$1.0\times 10^{3}$ s,6.2008729076258095e+19,1.1967856625185996e-07,
1,line,5,ASGARD+had t=$1.0\times 10^{3}$ s,8.778013135972526e+19,1.3162148254483953e-07,
1,line,5,ASGARD+had t=$1.0\times 10^{3}$ s,1.2426236719115056e+20,1.3786323034112617e-07,
1,line,5,ASGARD+had t=$1.0\times 10^{3}$ s,1.759069582234977e+20,1.4429067671549937e-07,
1,line,5,ASGARD+had t=$1.0\times 10^{3}$ s,2.4901551974979007e+20,1.507894665968342e-07,
1,line,5,ASGARD+had t=$1.0\times 10^{3}$ s,3.525086767600928e+20,1.5757974911364535e-07,
1,line,5,ASGARD+had t=$1.0\times 10^{3}$ s,4.990145486353981e+20,1.6734856674589596e-07,
1,line,5,ASGARD+had t=$1.0\times 10^{3}$ s,7.064096181645561e+20,1.7802213084084886e-07,
1,line,5,ASGARD+had t=$1.0\times 10^{3}$ s,1e+21,1.8917335910948737e-07,
1,line,5,ASGARD+had t=$1.0\times 10^{3}$ s,1.4156092644919856e+21,1.9935576388445686e-07,
1,line,5,ASGARD+had t=$1.0\times 10^{3}$ s,2.0039495897155573e+21,1.9890331297893965e-07,
1,line,5,ASGARD+had t=$1.0\times 10^{3}$ s,2.836809604776257e+21,1.956649296595512e-07,
1,line,5,ASGARD+had t=$1.0\times 10^{3}$ s,4.01581395812115e+21,1.9239004984481908e-07,
1,line,5,ASGARD+had t=$1.0\times 10^{3}$ s,5.684823443592532e+21,1.8954394242176173e-07,
1,line,5,ASGARD+had t=$1.0\times 10^{3}$ s,8.047488733750887e+21,1.8942779400254977e-07,
1,line,5,ASGARD+had t=$1.0\times 10^{3}$ s,1.1392099607392635e+22,1.9014209093821379e-07,
1,line,5,ASGARD+had t=$1.0\times 10^{3}$ s,1.612676174624066e+22,1.9064384421467657e-07,
1,line,5,ASGARD+had t=$1.0\times 10^{3}$ s,2.282919333423323e+22,1.8982340782721448e-07,
1,line,5,ASGARD+had t=$1.0\times 10^{3}$ s,3.2317217584819514e+22,1.8199584854539135e-07,
1,line,5,ASGARD+had t=$1.0\times 10^{3}$ s,4.5748552615673826e+22,1.7011979209160564e-07,
1,line,5,ASGARD+had t=$1.0\times 10^{3}$ s,6.476207491984746e+22,1.590644173806014e-07,
1,line,5,ASGARD+had t=$1.0\times 10^{3}$ s,9.167779324426014e+22,1.4906890055247433e-07,
1,line,5,ASGARD+had t=$1.0\times 10^{3}$ s,1.2977993346475651e+23,1.400034548701749e-07,
1,line,5,ASGARD+had t=$1.0\times 10^{3}$ s,1.837176761578628e+23,1.2930019723639858e-07,
1,line,5,ASGARD+had t=$1.0\times 10^{3}$ s,2.600724444200111e+23,1.1924699843318917e-07,
1,line,5,ASGARD+had t=$1.0\times 10^{3}$ s,3.681609617600448e+23,1.0905498872789321e-07,
1,line,5,ASGARD+had t=$1.0\times 10^{3}$ s,5.211720682918034e+23,9.605487038893123e-08,
1,line,5,ASGARD+had t=$1.0\times 10^{3}$ s,7.377760082683267e+23,8.000623990209193e-08,
1,line,5,ASGARD+had t=$1.0\times 10^{3}$ s,1.0444025524245678e+24,6.668979804490412e-08,
1,line,5,ASGARD+had t=$1.0\times 10^{3}$ s,1.4784659290712948e+24,5.5639134630083956e-08,
1,line,5,ASGARD+had t=$1.0\times 10^{3}$ s,2.0929300664290934e+24,4.633140592396542e-08,
1,line,5,ASGARD+had t=$1.0\times 10^{3}$ s,2.962771191970876e+24,3.4028059130205555e-08,
1,line,5,ASGARD+had t=$1.0\times 10^{3}$ s,4.1941263479239357e+24,2.470256522100407e-08,
1,line,5,ASGARD+had t=$1.0\times 10^{3}$ s,5.93724411457111e+24,1.784304837082899e-08,
1,line,5,ASGARD+had t=$1.0\times 10^{3}$ s,8.40481777413738e+24,1.2367816957177346e-08,
1,line,5,ASGARD+had t=$1.0\times 10^{3}$ s,1.1897937907435881e+25,7.08378534365623e-09,
1,line,5,ASGARD+had t=$1.0\times 10^{3}$ s,1.6842831130116624e+25,3.9212044099108254e-09,
1,line,5,ASGARD+had t=$1.0\times 10^{3}$ s,2.384286778806731e+25,2.1734267590335996e-09,
1,line,5,ASGARD+had t=$1.0\times 10^{3}$ s,3.3752184532845626e+25,1.2041353209903418e-09,
1,line,5,ASGARD+had t=$1.0\times 10^{3}$ s,4.777990512153977e+25,5.952265409039576e-10,
1,line,5,ASGARD+had t=$1.0\times 10^{3}$ s,6.763767634659977e+25,2.730128402651418e-10,
1,line,5,ASGARD+had t=$1.0\times 10^{3}$ s,9.574852126495787e+25,1.2562273155963401e-10,
1,line,5,ASGARD+had t=$1.0\times 10^{3}$ s,1.3554249376408226e+26,5.67042551946117e-11,
1,line,5,ASGARD+had t=$1.0\times 10^{3}$ s,1.9187520990478362e+26,1.7982430477284218e-11,
1,line,5,ASGARD+had t=$1.0\times 10^{3}$ s,2.7162032476755613e+26,4.227320979032207e-12,
1,line,5,ASGARD+had t=$1.0\times 10^{3}$ s,3.845082481652776e+26,9.968438068902683e-13,
1,line,5,ASGARD+had t=$1.0\times 10^{3}$ s,5.443134383763505e+26,2.3754990338005873e-13,
1,line,5,ASGARD+had t=$1.0\times 10^{3}$ s,7.705351461530558e+26,7.425154331238817e-14,
1,line,5,ASGARD+had t=$1.0\times 10^{3}$ s,1.090776691510952e+27,3.89527747198882e-14,
1,line,5,ASGARD+had t=$1.0\times 10^{3}$ s,1.544113589994833e+27,2.0978387006588424e-14,
1,line,5,ASGARD+had t=$1.0\times 10^{3}$ s,2.1858615034246653e+27,1.1940257907822244e-14,
1,line,5,ASGARD+had t=$1.0\times 10^{3}$ s,3.094325795144362e+27,8.043210287614761e-15,
1,line,5,ASGARD+had t=$1.0\times 10^{3}$ s,4.380356262962889e+27,7.736072508286986e-15,
1,line,5,ASGARD+had t=$1.0\times 10^{3}$ s,6.20087290762581e+27,7.624795452446734e-15,
1,line,5,ASGARD+had t=$1.0\times 10^{3}$ s,8.778013135972453e+27,7.70602007283571e-15,
1,line,5,ASGARD+had t=$1.0\times 10^{3}$ s,1.2426236719115056e+28,7.903309807213449e-15,
1,line,5,ASGARD+had t=$1.0\times 10^{3}$ s,1.759069582234977e+28,7.806251831274182e-15,
1,line,5,ASGARD+had t=$1.0\times 10^{3}$ s,2.4901551974979007e+28,8.107278592095239e-15,
1,line,5,ASGARD+had t=$1.0\times 10^{3}$ s,3.525086767600899e+28,8.792677710241539e-15,
1,line,5,ASGARD+had t=$1.0\times 10^{3}$ s,4.990145486353981e+28,9.818900865521993e-15,
1,line,5,ASGARD+had t=$1.0\times 10^{3}$ s,7.064096181645562e+28,1.1051682053793696e-14,
1,line,5,ASGARD+had t=$1.0\times 10^{3}$ s,1e+29,1.2625716604459546e-14,
1,line,6,had-only t=$1.0\times 10^{3}$ s,100000.0,8.95379022219168e-29,
1,line,6,had-only t=$1.0\times 10^{3}$ s,141560.92644919915,2.5063944572483895e-28,
1,line,6,had-only t=$1.0\times 10^{3}$ s,200394.95897155572,7.015853459038506e-28,
1,line,6,had-only t=$1.0\times 10^{3}$ s,283680.9604776268,1.9630799657245025e-27,
1,line,6,had-only t=$1.0\times 10^{3}$ s,401581.39581211505,5.412692513088374e-27,
1,line,6,had-only t=$1.0\times 10^{3}$ s,568482.3443592555,1.4867222833588406e-26,
1,line,6,had-only t=$1.0\times 10^{3}$ s,804748.8733750888,4.0842009913012513e-26,
1,line,6,had-only t=$1.0\times 10^{3}$ s,1139209.9607392682,1.1218084608215798e-25,
1,line,6,had-only t=$1.0\times 10^{3}$ s,1612676.174624066,2.9977084261781926e-25,
1,line,6,had-only t=$1.0\times 10^{3}$ s,2282919.333423333,7.888118850111868e-25,
1,line,6,had-only t=$1.0\times 10^{3}$ s,3231721.7584819514,2.0773713876030158e-24,
1,line,6,had-only t=$1.0\times 10^{3}$ s,4574855.261567401,5.463664515176312e-24,
1,line,6,had-only t=$1.0\times 10^{3}$ s,6476207.491984746,1.3643035167089646e-23,
1,line,6,had-only t=$1.0\times 10^{3}$ s,9167779.324426051,3.236291590368352e-23,
1,line,6,had-only t=$1.0\times 10^{3}$ s,12977993.34647565,7.637397637555777e-23,
1,line,6,had-only t=$1.0\times 10^{3}$ s,18371767.615786355,1.760432038572483e-22,
1,line,6,had-only t=$1.0\times 10^{3}$ s,26007244.44200111,3.3265440787972163e-22,
1,line,6,had-only t=$1.0\times 10^{3}$ s,36816096.176004626,4.729027980426367e-22,
1,line,6,had-only t=$1.0\times 10^{3}$ s,52117206.82918034,6.714410988933987e-22,
1,line,6,had-only t=$1.0\times 10^{3}$ s,73777600.82683298,9.39625871660951e-22,
1,line,6,had-only t=$1.0\times 10^{3}$ s,104440255.24245678,1.2309261825801275e-21,
1,line,6,had-only t=$1.0\times 10^{3}$ s,147846592.9071301,1.4207023247476942e-21,
1,line,6,had-only t=$1.0\times 10^{3}$ s,209293006.64290932,1.638232529285295e-21,
1,line,6,had-only t=$1.0\times 10^{3}$ s,296277119.1970864,1.8844244178674512e-21,
1,line,6,had-only t=$1.0\times 10^{3}$ s,419412634.79239357,2.1556986656011e-21,
1,line,6,had-only t=$1.0\times 10^{3}$ s,593724411.4571109,2.4374902582626092e-21,
1,line,6,had-only t=$1.0\times 10^{3}$ s,840481777.4137379,2.755066528122762e-21,
1,line,6,had-only t=$1.0\times 10^{3}$ s,1189793790.7435882,3.1137717259328225e-21,
1,line,6,had-only t=$1.0\times 10^{3}$ s,1684283113.0116625,3.518710476317821e-21,
1,line,6,had-only t=$1.0\times 10^{3}$ s,2384286778.806731,3.9744008207550035e-21,
1,line,6,had-only t=$1.0\times 10^{3}$ s,3375218453.2845626,4.4887410943299835e-21,
1,line,6,had-only t=$1.0\times 10^{3}$ s,4777990512.153976,5.069636938235823e-21,
1,line,6,had-only t=$1.0\times 10^{3}$ s,6763767634.659977,5.725681886899176e-21,
1,line,6,had-only t=$1.0\times 10^{3}$ s,9574852126.495787,6.4664362730256035e-21,
1,line,6,had-only t=$1.0\times 10^{3}$ s,13554249376.408226,7.302942519890275e-21,
1,line,6,had-only t=$1.0\times 10^{3}$ s,19187520990.478363,8.247659724036827e-21,
1,line,6,had-only t=$1.0\times 10^{3}$ s,27162032476.755615,9.314584325049354e-21,
1,line,6,had-only t=$1.0\times 10^{3}$ s,38450824816.52776,1.0519507332289254e-20,
1,line,6,had-only t=$1.0\times 10^{3}$ s,54431343837.635056,1.188028097923931e-20,
1,line,6,had-only t=$1.0\times 10^{3}$ s,77053514615.30557,1.341708040894351e-20,
1,line,6,had-only t=$1.0\times 10^{3}$ s,109077669151.0952,1.515267547209778e-20,
1,line,6,had-only t=$1.0\times 10^{3}$ s,154411358999.4833,1.7112778969817743e-20,
1,line,6,had-only t=$1.0\times 10^{3}$ s,218586150342.46652,1.9326430195481435e-20,
1,line,6,had-only t=$1.0\times 10^{3}$ s,309432579514.43616,2.1826424622491594e-20,
1,line,6,had-only t=$1.0\times 10^{3}$ s,438035626296.2889,2.4649790699048826e-20,
1,line,6,had-only t=$1.0\times 10^{3}$ s,620087290762.5809,2.7838373052815875e-20,
1,line,6,had-only t=$1.0\times 10^{3}$ s,877801313597.2452,3.1439410316146743e-20,
1,line,6,had-only t=$1.0\times 10^{3}$ s,1242623671911.5056,3.550626965047642e-20,
1,line,6,had-only t=$1.0\times 10^{3}$ s,1759069582234.9841,4.009923941818031e-20,
1,line,6,had-only t=$1.0\times 10^{3}$ s,2490155197497.901,4.528634214755603e-20,
1,line,6,had-only t=$1.0\times 10^{3}$ s,3525086767600.913,5.1144422386473107e-20,
1,line,6,had-only t=$1.0\times 10^{3}$ s,4990145486353.98,5.77602827042412e-20,
1,line,6,had-only t=$1.0\times 10^{3}$ s,7064096181645.59,6.52319455508987e-20,
1,line,6,had-only t=$1.0\times 10^{3}$ s,10000000000000.0,7.366997312529374e-20,
1,line,6,had-only t=$1.0\times 10^{3}$ s,14156092644919.916,8.319927018932995e-20,
1,line,6,had-only t=$1.0\times 10^{3}$ s,20039495897155.574,9.396118895851994e-20,
1,line,6,had-only t=$1.0\times 10^{3}$ s,28368096047762.684,1.0611510191662054e-19,
1,line,6,had-only t=$1.0\times 10^{3}$ s,40158139581211.5,1.198410408684374e-19,
1,line,6,had-only t=$1.0\times 10^{3}$ s,56848234435925.55,1.3534291990765152e-19,
1,line,6,had-only t=$1.0\times 10^{3}$ s,80474887337508.88,1.5284997674319907e-19,
1,line,6,had-only t=$1.0\times 10^{3}$ s,113920996073926.83,1.7262166921454535e-19,
1,line,6,had-only t=$1.0\times 10^{3}$ s,161267617462406.6,1.9495135703705527e-19,
1,line,6,had-only t=$1.0\times 10^{3}$ s,228291933342333.28,2.201682031695557e-19,
1,line,6,had-only t=$1.0\times 10^{3}$ s,323172175848195.2,2.486452771933556e-19,
1,line,6,had-only t=$1.0\times 10^{3}$ s,457485526156740.1,2.8080564141661046e-19,
1,line,6,had-only t=$1.0\times 10^{3}$ s,647620749198474.6,3.1712562770819915e-19,
1,line,6,had-only t=$1.0\times 10^{3}$ s,916777932442605.1,3.581414584866994e-19,
1,line,6,had-only t=$1.0\times 10^{3}$ s,1297799334647565.0,4.044630427130229e-19,
1,line,6,had-only t=$1.0\times 10^{3}$ s,1837176761578635.5,4.567757224207592e-19,
1,line,6,had-only t=$1.0\times 10^{3}$ s,2600724444200111.0,5.158540704404073e-19,
1,line,6,had-only t=$1.0\times 10^{3}$ s,3681609617600463.0,5.825727960583951e-19,
1,line,6,had-only t=$1.0\times 10^{3}$ s,5211720682918033.0,6.579146395316355e-19,
1,line,6,had-only t=$1.0\times 10^{3}$ s,7377760082683297.0,7.429997042257973e-19,
1,line,6,had-only t=$1.0\times 10^{3}$ s,1.0444025524245678e+16,8.390864730317556e-19,
1,line,6,had-only t=$1.0\times 10^{3}$ s,1.478465929071307e+16,9.475867302464308e-19,
1,line,6,had-only t=$1.0\times 10^{3}$ s,2.0929300664290932e+16,1.0700367358464104e-18,
1,line,6,had-only t=$1.0\times 10^{3}$ s,2.9627711919708516e+16,1.20830704097835e-18,
1,line,6,had-only t=$1.0\times 10^{3}$ s,4.194126347923935e+16,1.3644343558475899e-18,
1,line,6,had-only t=$1.0\times 10^{3}$ s,5.9372441145711096e+16,1.5406775563398136e-18,
1,line,6,had-only t=$1.0\times 10^{3}$ s,8.40481777413738e+16,1.73915379119237e-18,
1,line,6,had-only t=$1.0\times 10^{3}$ s,1.1897937907435784e+17,1.9631033227664873e-18,
1,line,6,had-only t=$1.0\times 10^{3}$ s,1.6842831130116624e+17,2.21583476066309e-18,
1,line,6,had-only t=$1.0\times 10^{3}$ s,2.3842867788067312e+17,2.500823284782021e-18,
1,line,6,had-only t=$1.0\times 10^{3}$ s,3.3752184532845626e+17,2.8195242206190982e-18,
1,line,6,had-only t=$1.0\times 10^{3}$ s,4.777990512153937e+17,3.1776657060447965e-18,
1,line,6,had-only t=$1.0\times 10^{3}$ s,6.763767634659977e+17,3.581022394401296e-18,
1,line,6,had-only t=$1.0\times 10^{3}$ s,9.574852126495786e+17,4.0342282572372736e-18,
1,line,6,had-only t=$1.0\times 10^{3}$ s,1.3554249376408225e+18,4.529424835448924e-18,
1,line,6,had-only t=$1.0\times 10^{3}$ s,1.9187520990478205e+18,5.074162563499823e-18,
1,line,6,had-only t=$1.0\times 10^{3}$ s,2.7162032476755615e+18,5.683083658434988e-18,
1,line,6,had-only t=$1.0\times 10^{3}$ s,3.845082481652776e+18,6.3589601695096895e-18,
1,line,6,had-only t=$1.0\times 10^{3}$ s,5.443134383763505e+18,7.044583415774772e-18,
1,line,6,had-only t=$1.0\times 10^{3}$ s,7.705351461530494e+18,7.714394362157673e-18,
1,line,6,had-only t=$1.0\times 10^{3}$ s,1.090776691510952e+19,8.442753163253466e-18,
1,line,6,had-only t=$1.0\times 10^{3}$ s,1.5441135899948329e+19,9.215060941491686e-18,
1,line,6,had-only t=$1.0\times 10^{3}$ s,2.185861503424665e+19,9.807071370560566e-18,
1,line,6,had-only t=$1.0\times 10^{3}$ s,3.0943257951443616e+19,9.885133516720903e-18,
1,line,6,had-only t=$1.0\times 10^{3}$ s,4.380356262962889e+19,9.953396176055492e-18,
1,line,6,had-only t=$1.0\times 10^{3}$ s,6.2008729076258095e+19,9.952352657459897e-18,
1,line,6,had-only t=$1.0\times 10^{3}$ s,8.778013135972526e+19,9.45130977942352e-18,
1,line,6,had-only t=$1.0\times 10^{3}$ s,1.2426236719115056e+20,7.008451588764936e-18,
1,line,6,had-only t=$1.0\times 10^{3}$ s,1.759069582234977e+20,5.2225515255592274e-18,
1,line,6,had-only t=$1.0\times 10^{3}$ s,2.4901551974979007e+20,3.824570074147257e-18,
1,line,6,had-only t=$1.0\times 10^{3}$ s,3.525086767600928e+20,2.403064051794588e-18,
1,line,6,had-only t=$1.0\times 10^{3}$ s,4.990145486353981e+20,5.789223437365352e-19,
1,line,6,had-only t=$1.0\times 10^{3}$ s,7.064096181645561e+20,1.4595390939676266e-19,
1,line,6,had-only t=$1.0\times 10^{3}$ s,1e+21,3.684191779201675e-20,
1,line,6,had-only t=$1.0\times 10^{3}$ s,1.4156092644919856e+21,6.354762864085452e-21,
1,line,6,had-only t=$1.0\times 10^{3}$ s,2.0039495897155573e+21,7.180515314969076e-22,
1,line,6,had-only t=$1.0\times 10^{3}$ s,2.836809604776257e+21,9.242138203005003e-23,
1,line,6,had-only t=$1.0\times 10^{3}$ s,4.01581395812115e+21,1.4283936793070532e-23,
1,line,6,had-only t=$1.0\times 10^{3}$ s,5.684823443592532e+21,3.2303705652964096e-24,
1,line,6,had-only t=$1.0\times 10^{3}$ s,8.047488733750887e+21,3.497824791860434e-24,
1,line,6,had-only t=$1.0\times 10^{3}$ s,1.1392099607392635e+22,6.891821963061632e-24,
1,line,6,had-only t=$1.0\times 10^{3}$ s,1.612676174624066e+22,1.379147498692086e-23,
1,line,6,had-only t=$1.0\times 10^{3}$ s,2.282919333423323e+22,2.763699936681613e-23,
1,line,6,had-only t=$1.0\times 10^{3}$ s,3.2317217584819514e+22,5.538312899826649e-23,
1,line,6,had-only t=$1.0\times 10^{3}$ s,4.5748552615673826e+22,1.1098493340424685e-22,
1,line,6,had-only t=$1.0\times 10^{3}$ s,6.476207491984746e+22,2.2240806041349673e-22,
1,line,6,had-only t=$1.0\times 10^{3}$ s,9.167779324426014e+22,4.45694157865396e-22,
1,line,6,had-only t=$1.0\times 10^{3}$ s,1.2977993346475651e+23,8.931474508355214e-22,
1,line,6,had-only t=$1.0\times 10^{3}$ s,1.837176761578628e+23,1.7898189178024107e-21,
1,line,6,had-only t=$1.0\times 10^{3}$ s,2.600724444200111e+23,3.586696914800423e-21,
1,line,6,had-only t=$1.0\times 10^{3}$ s,3.681609617600448e+23,7.18752482511295e-21,
1,line,6,had-only t=$1.0\times 10^{3}$ s,5.211720682918034e+23,1.4403294307560383e-20,
1,line,6,had-only t=$1.0\times 10^{3}$ s,7.377760082683267e+23,2.886282233012508e-20,
1,line,6,had-only t=$1.0\times 10^{3}$ s,1.0444025524245678e+24,5.783671304999288e-20,
1,line,6,had-only t=$1.0\times 10^{3}$ s,1.4784659290712948e+24,1.1588816095134666e-19,
1,line,6,had-only t=$1.0\times 10^{3}$ s,2.0929300664290934e+24,2.3216230565944506e-19,
1,line,6,had-only t=$1.0\times 10^{3}$ s,2.962771191970876e+24,4.648054112039997e-19,
1,line,6,had-only t=$1.0\times 10^{3}$ s,4.1941263479239357e+24,9.301651987808242e-19,
1,line,6,had-only t=$1.0\times 10^{3}$ s,5.93724411457111e+24,1.859647976798243e-18,
1,line,6,had-only t=$1.0\times 10^{3}$ s,8.40481777413738e+24,3.708008757210323e-18,
1,line,6,had-only t=$1.0\times 10^{3}$ s,1.1897937907435881e+25,7.29569328761199e-18,
1,line,6,had-only t=$1.0\times 10^{3}$ s,1.6842831130116624e+25,1.4231599196889996e-17,
1,line,6,had-only t=$1.0\times 10^{3}$ s,2.384286778806731e+25,2.7438461295975844e-17,
1,line,6,had-only t=$1.0\times 10^{3}$ s,3.3752184532845626e+25,5.1159802429486504e-17,
1,line,6,had-only t=$1.0\times 10^{3}$ s,4.777990512153977e+25,8.040628671098924e-17,
1,line,6,had-only t=$1.0\times 10^{3}$ s,6.763767634659977e+25,1.1638312919373126e-16,
1,line,6,had-only t=$1.0\times 10^{3}$ s,9.574852126495787e+25,1.666513308350213e-16,
1,line,6,had-only t=$1.0\times 10^{3}$ s,1.3554249376408226e+26,2.3335202202719396e-16,
1,line,6,had-only t=$1.0\times 10^{3}$ s,1.9187520990478362e+26,3.095829096599897e-16,
1,line,6,had-only t=$1.0\times 10^{3}$ s,2.7162032476755613e+26,3.9810015753886887e-16,
1,line,6,had-only t=$1.0\times 10^{3}$ s,3.845082481652776e+26,5.115917899289773e-16,
1,line,6,had-only t=$1.0\times 10^{3}$ s,5.443134383763505e+26,6.559513802220953e-16,
1,line,6,had-only t=$1.0\times 10^{3}$ s,7.705351461530558e+26,8.308971538549603e-16,
1,line,6,had-only t=$1.0\times 10^{3}$ s,1.090776691510952e+27,1.036116212575955e-15,
1,line,6,had-only t=$1.0\times 10^{3}$ s,1.544113589994833e+27,1.290917010297768e-15,
1,line,6,had-only t=$1.0\times 10^{3}$ s,2.1858615034246653e+27,1.6046858702997859e-15,
1,line,6,had-only t=$1.0\times 10^{3}$ s,3.094325795144362e+27,1.9825696230220688e-15,
1,line,6,had-only t=$1.0\times 10^{3}$ s,4.380356262962889e+27,2.4259158202292352e-15,
1,line,6,had-only t=$1.0\times 10^{3}$ s,6.20087290762581e+27,2.967611135905789e-15,
1,line,6,had-only t=$1.0\times 10^{3}$ s,8.778013135972453e+27,3.626824966102818e-15,
1,line,6,had-only t=$1.0\times 10^{3}$ s,1.2426236719115056e+28,4.414160996781116e-15,
1,line,6,had-only t=$1.0\times 10^{3}$ s,1.759069582234977e+28,5.2692117990866876e-15,
1,line,6,had-only t=$1.0\times 10^{3}$ s,2.4901551974979007e+28,6.280592972571732e-15,
1,line,6,had-only t=$1.0\times 10^{3}$ s,3.525086767600899e+28,7.47789234453911e-15,
1,line,6,had-only t=$1.0\times 10^{3}$ s,4.990145486353981e+28,8.873125053213917e-15,
1,line,6,had-only t=$1.0\times 10^{3}$ s,7.064096181645562e+28,1.0419012106399119e-14,
1,line,6,had-only t=$1.0\times 10^{3}$ s,1e+29,1.22097826930084e-14,
1,line,7,Vegas t=$1.0\times 10^{3}$ s,100000.0,9.21883167799095e-28,
1,line,7,Vegas t=$1.0\times 10^{3}$ s,141560.92644919915,2.6152082726351946e-27,
1,line,7,Vegas t=$1.0\times 10^{3}$ s,200394.95897155572,7.418850499127645e-27,
1,line,7,Vegas t=$1.0\times 10^{3}$ s,283680.9604776268,2.104584653197459e-26,
1,line,7,Vegas t=$1.0\times 10^{3}$ s,401581.39581211505,5.970289829389128e-26,
1,line,7,Vegas t=$1.0\times 10^{3}$ s,568482.3443592555,1.6936434862158928e-25,
1,line,7,Vegas t=$1.0\times 10^{3}$ s,804748.8733750888,4.804434933501381e-25,
1,line,7,Vegas t=$1.0\times 10^{3}$ s,1139209.9607392682,1.3628464471010534e-24,
1,line,7,Vegas t=$1.0\times 10^{3}$ s,1612676.174624066,3.865563828144708e-24,
1,line,7,Vegas t=$1.0\times 10^{3}$ s,2282919.333423333,1.0961866434797837e-23,
1,line,7,Vegas t=$1.0\times 10^{3}$ s,3231721.7584819514,3.1069062697921347e-23,
1,line,7,Vegas t=$1.0\times 10^{3}$ s,4574855.261567401,8.794780804503266e-23,
1,line,7,Vegas t=$1.0\times 10^{3}$ s,6476207.491984746,2.482140022082952e-22,
1,line,7,Vegas t=$1.0\times 10^{3}$ s,9167779.324426051,6.9567938093285585e-22,
1,line,7,Vegas t=$1.0\times 10^{3}$ s,12977993.34647565,1.919307490038413e-21,
1,line,7,Vegas t=$1.0\times 10^{3}$ s,18371767.615786355,5.117890747093919e-21,
1,line,7,Vegas t=$1.0\times 10^{3}$ s,26007244.44200111,1.2768384991435502e-20,
1,line,7,Vegas t=$1.0\times 10^{3}$ s,36816096.176004626,2.8614616109187774e-20,
1,line,7,Vegas t=$1.0\times 10^{3}$ s,52117206.82918034,5.645511641030449e-20,
1,line,7,Vegas t=$1.0\times 10^{3}$ s,73777600.82683298,1.0031810701980276e-19,
1,line,7,Vegas t=$1.0\times 10^{3}$ s,104440255.24245678,1.6758218657465001e-19,
1,line,7,Vegas t=$1.0\times 10^{3}$ s,147846592.9071301,2.7187555972680317e-19,
1,line,7,Vegas t=$1.0\times 10^{3}$ s,209293006.64290932,4.356642214076476e-19,
1,line,7,Vegas t=$1.0\times 10^{3}$ s,296277119.1970864,6.946822831384104e-19,
1,line,7,Vegas t=$1.0\times 10^{3}$ s,419412634.79239357,1.1055502416490096e-18,
1,line,7,Vegas t=$1.0\times 10^{3}$ s,593724411.4571109,1.758098848817881e-18,
1,line,7,Vegas t=$1.0\times 10^{3}$ s,840481777.4137379,2.794996240501951e-18,
1,line,7,Vegas t=$1.0\times 10^{3}$ s,1189793790.7435882,4.442934108529464e-18,
1,line,7,Vegas t=$1.0\times 10^{3}$ s,1684283113.0116625,7.062184995172726e-18,
1,line,7,Vegas t=$1.0\times 10^{3}$ s,2384286778.806731,1.1225385096153541e-17,
1,line,7,Vegas t=$1.0\times 10^{3}$ s,3375218453.2845626,1.7842697030435173e-17,
1,line,7,Vegas t=$1.0\times 10^{3}$ s,4777990512.153976,2.8360804685532387e-17,
1,line,7,Vegas t=$1.0\times 10^{3}$ s,6763767634.659977,4.507919536603299e-17,
1,line,7,Vegas t=$1.0\times 10^{3}$ s,9574852126.495787,7.165279333435605e-17,
1,line,7,Vegas t=$1.0\times 10^{3}$ s,13554249376.408226,1.138911034710835e-16,
1,line,7,Vegas t=$1.0\times 10^{3}$ s,19187520990.478363,1.8102813363048148e-16,
1,line,7,Vegas t=$1.0\times 10^{3}$ s,27162032476.755615,2.877410365461954e-16,
1,line,7,Vegas t=$1.0\times 10^{3}$ s,38450824816.52776,4.573585439342046e-16,
1,line,7,Vegas t=$1.0\times 10^{3}$ s,54431343837.635056,7.2696045977636375e-16,
1,line,7,Vegas t=$1.0\times 10^{3}$ s,77053514615.30557,1.1554826412158414e-15,
1,line,7,Vegas t=$1.0\times 10^{3}$ s,109077669151.0952,1.8365984614418383e-15,
1,line,7,Vegas t=$1.0\times 10^{3}$ s,154411358999.4833,2.9191909009305733e-15,
1,line,7,Vegas t=$1.0\times 10^{3}$ s,218586150342.46652,4.6398865246629824e-15,
1,line,7,Vegas t=$1.0\times 10^{3}$ s,309432579514.43616,7.37475446039594e-15,
1,line,7,Vegas t=$1.0\times 10^{3}$ s,438035626296.2889,1.1721452237512226e-14,
1,line,7,Vegas t=$1.0\times 10^{3}$ s,620087290762.5809,1.862973250722207e-14,
1,line,7,Vegas t=$1.0\times 10^{3}$ s,877801313597.2452,2.9608744907917887e-14,
1,line,7,Vegas t=$1.0\times 10^{3}$ s,1242623671911.5056,4.705624248122794e-14,
1,line,7,Vegas t=$1.0\times 10^{3}$ s,1759069582234.9841,7.478120575236298e-14,
1,line,7,Vegas t=$1.0\times 10^{3}$ s,2490155197497.901,1.1883314646472655e-13,
1,line,7,Vegas t=$1.0\times 10^{3}$ s,3525086767600.913,1.8881723675222763e-13,
1,line,7,Vegas t=$1.0\times 10^{3}$ s,4990145486353.98,2.999781020515074e-13,
1,line,7,Vegas t=$1.0\times 10^{3}$ s,7064096181645.59,4.764977114853712e-13,
1,line,7,Vegas t=$1.0\times 10^{3}$ s,10000000000000.0,7.567064540037071e-13,
1,line,7,Vegas t=$1.0\times 10^{3}$ s,14156092644919.916,1.201299386253737e-12,
1,line,7,Vegas t=$1.0\times 10^{3}$ s,20039495897155.574,1.9062521681451106e-12,
1,line,7,Vegas t=$1.0\times 10^{3}$ s,28368096047762.684,3.0230422588550946e-12,
1,line,7,Vegas t=$1.0\times 10^{3}$ s,40158139581211.5,4.790130897889606e-12,
1,line,7,Vegas t=$1.0\times 10^{3}$ s,56848234435925.55,7.581603186704935e-12,
1,line,7,Vegas t=$1.0\times 10^{3}$ s,80474887337508.88,1.1981533658570821e-11,
1,line,7,Vegas t=$1.0\times 10^{3}$ s,113920996073926.83,1.8896059096989712e-11,
1,line,7,Vegas t=$1.0\times 10^{3}$ s,161267617462406.6,2.9718969938674046e-11,
1,line,7,Vegas t=$1.0\times 10^{3}$ s,228291933342333.28,4.656978967433528e-11,
1,line,7,Vegas t=$1.0\times 10^{3}$ s,323172175848195.2,7.262333461297445e-11,
1,line,7,Vegas t=$1.0\times 10^{3}$ s,457485526156740.1,1.12542162335471e-10,
1,line,7,Vegas t=$1.0\times 10^{3}$ s,647620749198474.6,1.7300171725009565e-10,
1,line,7,Vegas t=$1.0\times 10^{3}$ s,916777932442605.1,2.632562874990971e-10,
1,line,7,Vegas t=$1.0\times 10^{3}$ s,1297799334647565.0,3.956325469521289e-10,
1,line,7,Vegas t=$1.0\times 10^{3}$ s,1837176761578635.5,5.857729507572401e-10,
1,line,7,Vegas t=$1.0\times 10^{3}$ s,2600724444200111.0,8.524216519447795e-10,
1,line,7,Vegas t=$1.0\times 10^{3}$ s,3681609617600463.0,1.216598310922996e-09,
1,line,7,Vegas t=$1.0\times 10^{3}$ s,5211720682918033.0,1.7001607188870874e-09,
1,line,7,Vegas t=$1.0\times 10^{3}$ s,7377760082683297.0,2.323972971366342e-09,
1,line,7,Vegas t=$1.0\times 10^{3}$ s,1.0444025524245678e+16,3.1060756979084486e-09,
1,line,7,Vegas t=$1.0\times 10^{3}$ s,1.478465929071307e+16,4.06031260050124e-09,
1,line,7,Vegas t=$1.0\times 10^{3}$ s,2.0929300664290932e+16,5.195784705572908e-09,
1,line,7,Vegas t=$1.0\times 10^{3}$ s,2.9627711919708516e+16,6.517319505690447e-09,
1,line,7,Vegas t=$1.0\times 10^{3}$ s,4.194126347923935e+16,8.02690732644939e-09,
1,line,7,Vegas t=$1.0\times 10^{3}$ s,5.9372441145711096e+16,9.725821544736047e-09,
1,line,7,Vegas t=$1.0\times 10^{3}$ s,8.40481777413738e+16,1.1616969155453339e-08,
1,line,7,Vegas t=$1.0\times 10^{3}$ s,1.1897937907435784e+17,1.3706983105796183e-08,
1,line,7,Vegas t=$1.0\times 10^{3}$ s,1.6842831130116624e+17,1.60076881296476e-08,
1,line,7,Vegas t=$1.0\times 10^{3}$ s,2.3842867788067312e+17,1.8536790740307562e-08,
1,line,7,Vegas t=$1.0\times 10^{3}$ s,3.3752184532845626e+17,2.131786083348977e-08,
1,line,7,Vegas t=$1.0\times 10^{3}$ s,4.777990512153937e+17,2.4379804473166032e-08,
1,line,7,Vegas t=$1.0\times 10^{3}$ s,6.763767634659977e+17,2.7756049743346618e-08,
1,line,7,Vegas t=$1.0\times 10^{3}$ s,9.574852126495786e+17,3.148360786449047e-08,
1,line,7,Vegas t=$1.0\times 10^{3}$ s,1.3554249376408225e+18,3.560208006793673e-08,
1,line,7,Vegas t=$1.0\times 10^{3}$ s,1.9187520990478205e+18,4.015259774259431e-08,
1,line,7,Vegas t=$1.0\times 10^{3}$ s,2.7162032476755615e+18,4.51765963545477e-08,
1,line,7,Vegas t=$1.0\times 10^{3}$ s,3.845082481652776e+18,5.071449350494872e-08,
1,line,7,Vegas t=$1.0\times 10^{3}$ s,5.443134383763505e+18,5.680373327553428e-08,
1,line,7,Vegas t=$1.0\times 10^{3}$ s,7.705351461530494e+18,6.347665323776184e-08,
1,line,7,Vegas t=$1.0\times 10^{3}$ s,1.090776691510952e+19,7.075769044248386e-08,
1,line,7,Vegas t=$1.0\times 10^{3}$ s,1.5441135899948329e+19,7.866004866468807e-08,
1,line,7,Vegas t=$1.0\times 10^{3}$ s,2.185861503424665e+19,8.718183436911922e-08,
1,line,7,Vegas t=$1.0\times 10^{3}$ s,3.0943257951443616e+19,9.630179071428027e-08,
1,line,7,Vegas t=$1.0\times 10^{3}$ s,4.380356262962889e+19,1.0597488652864059e-07,
1,line,7,Vegas t=$1.0\times 10^{3}$ s,6.2008729076258095e+19,1.1612816949244461e-07,
1,line,7,Vegas t=$1.0\times 10^{3}$ s,8.778013135972526e+19,1.2665745106527433e-07,
1,line,7,Vegas t=$1.0\times 10^{3}$ s,1.2426236719115056e+20,1.3742552070774162e-07,
1,line,7,Vegas t=$1.0\times 10^{3}$ s,1.759069582234977e+20,1.4826263955401987e-07,
1,line,7,Vegas t=$1.0\times 10^{3}$ s,2.4901551974979007e+20,1.589699831621421e-07,
1,line,7,Vegas t=$1.0\times 10^{3}$ s,3.525086767600928e+20,1.6932644432878946e-07,
1,line,7,Vegas t=$1.0\times 10^{3}$ s,4.990145486353981e+20,1.7909876048034324e-07,
1,line,7,Vegas t=$1.0\times 10^{3}$ s,7.064096181645561e+20,1.880543444684693e-07,
1,line,7,Vegas t=$1.0\times 10^{3}$ s,1e+21,1.9597558764946502e-07,
1,line,7,Vegas t=$1.0\times 10^{3}$ s,1.4156092644919856e+21,2.0267393115537842e-07,
1,line,7,Vegas t=$1.0\times 10^{3}$ s,2.0039495897155573e+21,2.0800182286906968e-07,
1,line,7,Vegas t=$1.0\times 10^{3}$ s,2.836809604776257e+21,2.1186088397189682e-07,
1,line,7,Vegas t=$1.0\times 10^{3}$ s,4.01581395812115e+21,2.1420517561302938e-07,
1,line,7,Vegas t=$1.0\times 10^{3}$ s,5.684823443592532e+21,2.1503924185592764e-07,
1,line,7,Vegas t=$1.0\times 10^{3}$ s,8.047488733750887e+21,2.1441140020730713e-07,
1,line,7,Vegas t=$1.0\times 10^{3}$ s,1.1392099607392635e+22,2.1240335646166514e-07,
1,line,7,Vegas t=$1.0\times 10^{3}$ s,1.612676174624066e+22,2.091175217145069e-07,
1,line,7,Vegas t=$1.0\times 10^{3}$ s,2.282919333423323e+22,2.046633748438614e-07,
1,line,7,Vegas t=$1.0\times 10^{3}$ s,3.2317217584819514e+22,1.9914389949332862e-07,
1,line,7,Vegas t=$1.0\times 10^{3}$ s,4.5748552615673826e+22,1.9264299017110098e-07,
1,line,7,Vegas t=$1.0\times 10^{3}$ s,6.476207491984746e+22,1.852141163700746e-07,
1,line,7,Vegas t=$1.0\times 10^{3}$ s,9.167779324426014e+22,1.7687062281982133e-07,
1,line,7,Vegas t=$1.0\times 10^{3}$ s,1.2977993346475651e+23,1.6757838372648124e-07,
1,line,7,Vegas t=$1.0\times 10^{3}$ s,1.837176761578628e+23,1.5725226161042878e-07,
1,line,7,Vegas t=$1.0\times 10^{3}$ s,2.600724444200111e+23,1.4575960592222726e-07,
1,line,7,Vegas t=$1.0\times 10^{3}$ s,3.681609617600448e+23,1.3293636657282413e-07,
1,line,7,Vegas t=$1.0\times 10^{3}$ s,5.211720682918034e+23,1.1862498897406289e-07,
1,line,7,Vegas t=$1.0\times 10^{3}$ s,7.377760082683267e+23,1.0274551075629843e-07,
1,line,7,Vegas t=$1.0\times 10^{3}$ s,1.0444025524245678e+24,8.540932391988924e-08,
1,line,7,Vegas t=$1.0\times 10^{3}$ s,1.4784659290712948e+24,6.706961751238137e-08,
1,line,7,Vegas t=$1.0\times 10^{3}$ s,2.0929300664290934e+24,4.866245262948389e-08,
1,line,7,Vegas t=$1.0\times 10^{3}$ s,2.962771191970876e+24,3.1625267915388654e-08,
1,line,7,Vegas t=$1.0\times 10^{3}$ s,4.1941263479239357e+24,1.7626801942529694e-08,
1,line,7,Vegas t=$1.0\times 10^{3}$ s,5.93724411457111e+24,7.92728571734093e-09,
1,line,7,Vegas t=$1.0\times 10^{3}$ s,8.40481777413738e+24,2.6400566043054505e-09,
1,line,7,Vegas t=$1.0\times 10^{3}$ s,1.1897937907435881e+25,5.768287483953653e-10,
1,line,7,Vegas t=$1.0\times 10^{3}$ s,1.6842831130116624e+25,6.967224233838543e-11,
1,line,7,Vegas t=$1.0\times 10^{3}$ s,2.384286778806731e+25,3.650539796149529e-12,
1,line,7,Vegas t=$1.0\times 10^{3}$ s,3.3752184532845626e+25,5.885176901863296e-14,
1,line,7,Vegas t=$1.0\times 10^{3}$ s,4.777990512153977e+25,1.7944864581517118e-16,
1,line,7,Vegas t=$1.0\times 10^{3}$ s,6.763767634659977e+25,5.1968084366653016e-20,
1,line,7,Vegas t=$1.0\times 10^{3}$ s,9.574852126495787e+25,5.393096837724225e-25,
1,line,7,Vegas t=$1.0\times 10^{3}$ s,1.3554249376408226e+26,5.053836880175397e-32,
1,line,7,Vegas t=$1.0\times 10^{3}$ s,1.9187520990478362e+26,6.092586343375886e-42,
1,line,7,Vegas t=$1.0\times 10^{3}$ s,2.7162032476755613e+26,5.992867472979271e-56,
1,line,7,Vegas t=$1.0\times 10^{3}$ s,3.845082481652776e+26,9.684702572898605e-76,
1,line,7,Vegas t=$1.0\times 10^{3}$ s,5.443134383763505e+26,1.025550239939828e-103,
1,line,7,Vegas t=$1.0\times 10^{3}$ s,7.705351461530558e+26,2.876110668765741e-143,
1,line,7,Vegas t=$1.0\times 10^{3}$ s,1.090776691510952e+27,3.3374979735318907e-199,
1,line,7,Vegas t=$1.0\times 10^{3}$ s,1.544113589994833e+27,0.0,
1,line,7,Vegas t=$1.0\times 10^{3}$ s,2.1858615034246653e+27,0.0,
1,line,7,Vegas t=$1.0\times 10^{3}$ s,3.094325795144362e+27,0.0,
1,line,7,Vegas t=$1.0\times 10^{3}$ s,4.380356262962889e+27,0.0,
1,line,7,Vegas t=$1.0\times 10^{3}$ s,6.20087290762581e+27,0.0,
1,line,7,Vegas t=$1.0\times 10^{3}$ s,8.778013135972453e+27,0.0,
1,line,7,Vegas t=$1.0\times 10^{3}$ s,1.2426236719115056e+28,0.0,
1,line,7,Vegas t=$1.0\times 10^{3}$ s,1.759069582234977e+28,0.0,
1,line,7,Vegas t=$1.0\times 10^{3}$ s,2.4901551974979007e+28,0.0,
1,line,7,Vegas t=$1.0\times 10^{3}$ s,3.525086767600899e+28,0.0,
1,line,7,Vegas t=$1.0\times 10^{3}$ s,4.990145486353981e+28,0.0,
1,line,7,Vegas t=$1.0\times 10^{3}$ s,7.064096181645562e+28,0.0,
1,line,7,Vegas t=$1.0\times 10^{3}$ s,1e+29,0.0,
1,line,8,ASGARD t=$1.0\times 10^{4}$ s,100000.0,3.831618560058889e-26,
1,line,8,ASGARD t=$1.0\times 10^{4}$ s,141560.92644919915,1.0785405876140865e-25,
1,line,8,ASGARD t=$1.0\times 10^{4}$ s,200394.95897155572,3.0211803567849183e-25,
1,line,8,ASGARD t=$1.0\times 10^{4}$ s,283680.9604776268,8.426294404136696e-25,
1,line,8,ASGARD t=$1.0\times 10^{4}$ s,401581.39581211505,2.3400119503521716e-24,
1,line,8,ASGARD t=$1.0\times 10^{4}$ s,568482.3443592555,6.465371562540688e-24,
1,line,8,ASGARD t=$1.0\times 10^{4}$ s,804748.8733750888,1.7809028601716322e-23,
1,line,8,ASGARD t=$1.0\times 10^{4}$ s,1139209.9607392682,4.88684353772908e-23,
1,line,8,ASGARD t=$1.0\times 10^{4}$ s,1612676.174624066,1.3252945461537187e-22,
1,line,8,ASGARD t=$1.0\times 10^{4}$ s,2282919.333423333,3.437418232120531e-22,
1,line,8,ASGARD t=$1.0\times 10^{4}$ s,3231721.7584819514,7.503322304345205e-22,
1,line,8,ASGARD t=$1.0\times 10^{4}$ s,4574855.261567401,1.6372072272788299e-21,
1,line,8,ASGARD t=$1.0\times 10^{4}$ s,6476207.491984746,3.590704353431847e-21,
1,line,8,ASGARD t=$1.0\times 10^{4}$ s,9167779.324426051,7.8482717705003e-21,
1,line,8,ASGARD t=$1.0\times 10^{4}$ s,12977993.34647565,1.3815615734937087e-20,
1,line,8,ASGARD t=$1.0\times 10^{4}$ s,18371767.615786355,2.3104568344947214e-20,
1,line,8,ASGARD t=$1.0\times 10^{4}$ s,26007244.44200111,3.864682863340951e-20,
1,line,8,ASGARD t=$1.0\times 10^{4}$ s,36816096.176004626,6.462423044134362e-20,
1,line,8,ASGARD t=$1.0\times 10^{4}$ s,52117206.82918034,1.048985672244033e-19,
1,line,8,ASGARD t=$1.0\times 10^{4}$ s,73777600.82683298,1.6754801260484776e-19,
1,line,8,ASGARD t=$1.0\times 10^{4}$ s,104440255.24245678,2.6761374340012577e-19,
1,line,8,ASGARD t=$1.0\times 10^{4}$ s,147846592.9071301,4.2742912217554287e-19,
1,line,8,ASGARD t=$1.0\times 10^{4}$ s,209293006.64290932,6.812125171592603e-19,
1,line,8,ASGARD t=$1.0\times 10^{4}$ s,296277119.1970864,1.0832537853001312e-18,
1,line,8,ASGARD t=$1.0\times 10^{4}$ s,419412634.79239357,1.7225732963380086e-18,
1,line,8,ASGARD t=$1.0\times 10^{4}$ s,593724411.4571109,2.739203729355289e-18,
1,line,8,ASGARD t=$1.0\times 10^{4}$ s,840481777.4137379,4.355228609199625e-18,
1,line,8,ASGARD t=$1.0\times 10^{4}$ s,1189793790.7435882,6.92271452527812e-18,
1,line,8,ASGARD t=$1.0\times 10^{4}$ s,1684283113.0116625,1.1003779503404719e-17,
1,line,8,ASGARD t=$1.0\times 10^{4}$ s,2384286778.806731,1.7490700793313577e-17,
1,line,8,ASGARD t=$1.0\times 10^{4}$ s,3375218453.2845626,2.78013476558266e-17,
1,line,8,ASGARD t=$1.0\times 10^{4}$ s,4777990512.153976,4.4186907822859394e-17,
1,line,8,ASGARD t=$1.0\times 10^{4}$ s,6763767634.659977,7.022978817046441e-17,
1,line,8,ASGARD t=$1.0\times 10^{4}$ s,9574852126.495787,1.116217956885168e-16,
1,line,8,ASGARD t=$1.0\times 10^{4}$ s,13554249376.408226,1.7740879824999807e-16,
1,line,8,ASGARD t=$1.0\times 10^{4}$ s,19187520990.478363,2.819420712913365e-16,
1,line,8,ASGARD t=$1.0\times 10^{4}$ s,27162032476.755615,4.480675117740107e-16,
1,line,8,ASGARD t=$1.0\times 10^{4}$ s,38450824816.52776,7.120768283936682e-16,
1,line,8,ASGARD t=$1.0\times 10^{4}$ s,54431343837.635056,1.1316393754525584e-15,
1,line,8,ASGARD t=$1.0\times 10^{4}$ s,77053514615.30557,1.7979801304060895e-15,
1,line,8,ASGARD t=$1.0\times 10^{4}$ s,109077669151.0952,2.856537944432772e-15,
1,line,8,ASGARD t=$1.0\times 10^{4}$ s,154411358999.4833,4.538317133759006e-15,
1,line,8,ASGARD t=$1.0\times 10^{4}$ s,218586150342.46652,7.210180332545951e-15,
1,line,8,ASGARD t=$1.0\times 10^{4}$ s,309432579514.43616,1.1448683656265433e-14,
1,line,8,ASGARD t=$1.0\times 10^{4}$ s,438035626296.2889,1.817383678613313e-14,
1,line,8,ASGARD t=$1.0\times 10^{4}$ s,620087290762.5809,2.884943026540661e-14,
1,line,8,ASGARD t=$1.0\times 10^{4}$ s,877801313597.2452,4.579535752438651e-14,
1,line,8,ASGARD t=$1.0\times 10^{4}$ s,1242623671911.5056,7.260525161347994e-14,
1,line,8,ASGARD t=$1.0\times 10^{4}$ s,1759069582234.9841,1.1497540011352935e-13,
1,line,8,ASGARD t=$1.0\times 10^{4}$ s,2490155197497.901,1.820713836870653e-13,
1,line,8,ASGARD t=$1.0\times 10^{4}$ s,3525086767600.913,2.8831493740588204e-13,
1,line,8,ASGARD t=$1.0\times 10^{4}$ s,4990145486353.98,4.554192538081575e-13,
1,line,8,ASGARD t=$1.0\times 10^{4}$ s,7064096181645.59,7.161147040289025e-13,
1,line,8,ASGARD t=$1.0\times 10^{4}$ s,10000000000000.0,1.1260558527956208e-12,
1,line,8,ASGARD t=$1.0\times 10^{4}$ s,14156092644919.916,1.7706042824776604e-12,
1,line,8,ASGARD t=$1.0\times 10^{4}$ s,20039495897155.574,2.7734158978686728e-12,
1,line,8,ASGARD t=$1.0\times 10^{4}$ s,28368096047762.684,4.275717959259099e-12,
1,line,8,ASGARD t=$1.0\times 10^{4}$ s,40158139581211.5,6.5926778700655386e-12,
1,line,8,ASGARD t=$1.0\times 10^{4}$ s,56848234435925.55,1.0165462126922347e-11,
1,line,8,ASGARD t=$1.0\times 10^{4}$ s,80474887337508.88,1.5636223837711893e-11,
1,line,8,ASGARD t=$1.0\times 10^{4}$ s,113920996073926.83,2.2974780191945864e-11,
1,line,8,ASGARD t=$1.0\times 10^{4}$ s,161267617462406.6,3.376284966749958e-11,
1,line,8,ASGARD t=$1.0\times 10^{4}$ s,228291933342333.28,4.964269971331629e-11,
1,line,8,ASGARD t=$1.0\times 10^{4}$ s,323172175848195.2,7.27725277678166e-11,
1,line,8,ASGARD t=$1.0\times 10^{4}$ s,457485526156740.1,9.869740105354388e-11,
1,line,8,ASGARD t=$1.0\times 10^{4}$ s,647620749198474.6,1.3242601617691486e-10,
1,line,8,ASGARD t=$1.0\times 10^{4}$ s,916777932442605.1,1.7799734695331016e-10,
1,line,8,ASGARD t=$1.0\times 10^{4}$ s,1297799334647565.0,2.383929724678292e-10,
1,line,8,ASGARD t=$1.0\times 10^{4}$ s,1837176761578635.5,2.987666944351251e-10,
1,line,8,ASGARD t=$1.0\times 10^{4}$ s,2600724444200111.0,3.6679157164357127e-10,
1,line,8,ASGARD t=$1.0\times 10^{4}$ s,3681609617600463.0,4.507644132316951e-10,
1,line,8,ASGARD t=$1.0\times 10^{4}$ s,5211720682918033.0,5.51987292638903e-10,
1,line,8,ASGARD t=$1.0\times 10^{4}$ s,7377760082683297.0,6.655677070944407e-10,
1,line,8,ASGARD t=$1.0\times 10^{4}$ s,1.0444025524245678e+16,7.975325675715958e-10,
1,line,8,ASGARD t=$1.0\times 10^{4}$ s,1.478465929071307e+16,9.543823215570089e-10,
1,line,8,ASGARD t=$1.0\times 10^{4}$ s,2.0929300664290932e+16,1.1346304663778407e-09,
1,line,8,ASGARD t=$1.0\times 10^{4}$ s,2.9627711919708516e+16,1.316430773688385e-09,
1,line,8,ASGARD t=$1.0\times 10^{4}$ s,4.194126347923935e+16,1.5015675398897348e-09,
1,line,8,ASGARD t=$1.0\times 10^{4}$ s,5.9372441145711096e+16,1.7120457840775094e-09,
1,line,8,ASGARD t=$1.0\times 10^{4}$ s,8.40481777413738e+16,1.9520727119193855e-09,
1,line,8,ASGARD t=$1.0\times 10^{4}$ s,1.1897937907435784e+17,2.228906057522084e-09,
1,line,8,ASGARD t=$1.0\times 10^{4}$ s,1.6842831130116624e+17,2.5360404942535953e-09,
1,line,8,ASGARD t=$1.0\times 10^{4}$ s,2.3842867788067312e+17,2.8832785111500654e-09,
1,line,8,ASGARD t=$1.0\times 10^{4}$ s,3.3752184532845626e+17,3.2691853616435193e-09,
1,line,8,ASGARD t=$1.0\times 10^{4}$ s,4.777990512153937e+17,3.679428677234463e-09,
1,line,8,ASGARD t=$1.0\times 10^{4}$ s,6.763767634659977e+17,4.1395461779098475e-09,
1,line,8,ASGARD t=$1.0\times 10^{4}$ s,9.574852126495786e+17,4.65906369007088e-09,
1,line,8,ASGARD t=$1.0\times 10^{4}$ s,1.3554249376408225e+18,5.249947860029987e-09,
1,line,8,ASGARD t=$1.0\times 10^{4}$ s,1.9187520990478205e+18,5.9253165928712765e-09,
1,line,8,ASGARD t=$1.0\times 10^{4}$ s,2.7162032476755615e+18,6.559323668347192e-09,
1,line,8,ASGARD t=$1.0\times 10^{4}$ s,3.845082481652776e+18,7.237424836651602e-09,
1,line,8,ASGARD t=$1.0\times 10^{4}$ s,5.443134383763505e+18,7.973613746585343e-09,
1,line,8,ASGARD t=$1.0\times 10^{4}$ s,7.705351461530494e+18,8.76026479115543e-09,
1,line,8,ASGARD t=$1.0\times 10^{4}$ s,1.090776691510952e+19,9.70737069913705e-09,
1,line,8,ASGARD t=$1.0\times 10^{4}$ s,1.5441135899948329e+19,1.0799315972355241e-08,
1,line,8,ASGARD t=$1.0\times 10^{4}$ s,2.185861503424665e+19,1.2014465971505746e-08,
1,line,8,ASGARD t=$1.0\times 10^{4}$ s,3.0943257951443616e+19,1.3328107588946159e-08,
1,line,8,ASGARD t=$1.0\times 10^{4}$ s,4.380356262962889e+19,1.427693430333713e-08,
1,line,8,ASGARD t=$1.0\times 10^{4}$ s,6.2008729076258095e+19,1.4988723083867115e-08,
1,line,8,ASGARD t=$1.0\times 10^{4}$ s,8.778013135972526e+19,1.571521905972941e-08,
1,line,8,ASGARD t=$1.0\times 10^{4}$ s,1.2426236719115056e+20,1.644611809269073e-08,
1,line,8,ASGARD t=$1.0\times 10^{4}$ s,1.759069582234977e+20,1.7181903406266552e-08,
1,line,8,ASGARD t=$1.0\times 10^{4}$ s,2.4901551974979007e+20,1.789162629253829e-08,
1,line,8,ASGARD t=$1.0\times 10^{4}$ s,3.525086767600928e+20,1.8609614826967043e-08,
1,line,8,ASGARD t=$1.0\times 10^{4}$ s,4.990145486353981e+20,1.9229485668806113e-08,
1,line,8,ASGARD t=$1.0\times 10^{4}$ s,7.064096181645561e+20,1.9039940360866282e-08,
1,line,8,ASGARD t=$1.0\times 10^{4}$ s,1e+21,1.7762215820635122e-08,
1,line,8,ASGARD t=$1.0\times 10^{4}$ s,1.4156092644919856e+21,1.6557008500891898e-08,
1,line,8,ASGARD t=$1.0\times 10^{4}$ s,2.0039495897155573e+21,1.5425669722430525e-08,
1,line,8,ASGARD t=$1.0\times 10^{4}$ s,2.836809604776257e+21,1.4407408173719564e-08,
1,line,8,ASGARD t=$1.0\times 10^{4}$ s,4.01581395812115e+21,1.3209431419560037e-08,
1,line,8,ASGARD t=$1.0\times 10^{4}$ s,5.684823443592532e+21,1.2111914108418535e-08,
1,line,8,ASGARD t=$1.0\times 10^{4}$ s,8.047488733750887e+21,1.107638257000413e-08,
1,line,8,ASGARD t=$1.0\times 10^{4}$ s,1.1392099607392635e+22,9.977010341241858e-09,
1,line,8,ASGARD t=$1.0\times 10^{4}$ s,1.612676174624066e+22,8.76361175926333e-09,
1,line,8,ASGARD t=$1.0\times 10^{4}$ s,2.282919333423323e+22,7.699496157078884e-09,
1,line,8,ASGARD t=$1.0\times 10^{4}$ s,3.2317217584819514e+22,6.782568428834016e-09,
1,line,8,ASGARD t=$1.0\times 10^{4}$ s,4.5748552615673826e+22,6.024951003263455e-09,
1,line,8,ASGARD t=$1.0\times 10^{4}$ s,6.476207491984746e+22,5.2892228401526565e-09,
1,line,8,ASGARD t=$1.0\times 10^{4}$ s,9.167779324426014e+22,4.607352743559586e-09,
1,line,8,ASGARD t=$1.0\times 10^{4}$ s,1.2977993346475651e+23,3.99639658030053e-09,
1,line,8,ASGARD t=$1.0\times 10^{4}$ s,1.837176761578628e+23,3.4065237594343794e-09,
1,line,8,ASGARD t=$1.0\times 10^{4}$ s,2.600724444200111e+23,2.833150883394465e-09,
1,line,8,ASGARD t=$1.0\times 10^{4}$ s,3.681609617600448e+23,2.366021605378458e-09,
1,line,8,ASGARD t=$1.0\times 10^{4}$ s,5.211720682918034e+23,1.9789602755618157e-09,
1,line,8,ASGARD t=$1.0\times 10^{4}$ s,7.377760082683267e+23,1.6524455234606407e-09,
1,line,8,ASGARD t=$1.0\times 10^{4}$ s,1.0444025524245678e+24,1.1954101131106166e-09,
1,line,8,ASGARD t=$1.0\times 10^{4}$ s,1.4784659290712948e+24,7.256093015643745e-10,
1,line,8,ASGARD t=$1.0\times 10^{4}$ s,2.0929300664290934e+24,4.4182218863439943e-10,
1,line,8,ASGARD t=$1.0\times 10^{4}$ s,2.962771191970876e+24,2.6760115317550175e-10,
1,line,8,ASGARD t=$1.0\times 10^{4}$ s,4.1941263479239357e+24,1.5940988406470357e-10,
1,line,8,ASGARD t=$1.0\times 10^{4}$ s,5.93724411457111e+24,9.991106102843557e-11,
1,line,8,ASGARD t=$1.0\times 10^{4}$ s,8.40481777413738e+24,6.296485935040657e-11,
1,line,8,ASGARD t=$1.0\times 10^{4}$ s,1.1897937907435881e+25,3.985589029375484e-11,
1,line,8,ASGARD t=$1.0\times 10^{4}$ s,1.6842831130116624e+25,2.3837297039479174e-11,
1,line,8,ASGARD t=$1.0\times 10^{4}$ s,2.384286778806731e+25,9.122382393301206e-12,
1,line,8,ASGARD t=$1.0\times 10^{4}$ s,3.3752184532845626e+25,3.5179141463354658e-12,
1,line,8,ASGARD t=$1.0\times 10^{4}$ s,4.777990512153977e+25,1.3477670053544279e-12,
1,line,8,ASGARD t=$1.0\times 10^{4}$ s,6.763767634659977e+25,4.64596446896395e-13,
1,line,8,ASGARD t=$1.0\times 10^{4}$ s,9.574852126495787e+25,1.0995862612086812e-13,
1,line,8,ASGARD t=$1.0\times 10^{4}$ s,1.3554249376408226e+26,2.5709842453322635e-14,
1,line,8,ASGARD t=$1.0\times 10^{4}$ s,1.9187520990478362e+26,6.0598723214215376e-15,
1,line,8,ASGARD t=$1.0\times 10^{4}$ s,2.7162032476755613e+26,1.4179593052097893e-15,
1,line,8,ASGARD t=$1.0\times 10^{4}$ s,3.845082481652776e+26,1.69740885944524e-16,
1,line,8,ASGARD t=$1.0\times 10^{4}$ s,5.443134383763505e+26,1.7147229921461185e-17,
1,line,8,ASGARD t=$1.0\times 10^{4}$ s,7.705351461530558e+26,1.8167662114194764e-18,
1,line,8,ASGARD t=$1.0\times 10^{4}$ s,1.090776691510952e+27,2.0741115138075521e-19,
1,line,8,ASGARD t=$1.0\times 10^{4}$ s,1.544113589994833e+27,1.1721270488377733e-19,
1,line,8,ASGARD t=$1.0\times 10^{4}$ s,2.1858615034246653e+27,1.1568332986720965e-19,
1,line,8,ASGARD t=$1.0\times 10^{4}$ s,3.094325795144362e+27,9.326083344507169e-20,
1,line,8,ASGARD t=$1.0\times 10^{4}$ s,4.380356262962889e+27,3.4463900547995366e-20,
1,line,8,ASGARD t=$1.0\times 10^{4}$ s,6.20087290762581e+27,4.094146833196951e-28,
1,line,8,ASGARD t=$1.0\times 10^{4}$ s,8.778013135972453e+27,1.4098134786681096e-28,
1,line,8,ASGARD t=$1.0\times 10^{4}$ s,1.2426236719115056e+28,7.994331953875285e-29,
1,line,8,ASGARD t=$1.0\times 10^{4}$ s,1.759069582234977e+28,4.5570147328550224e-29,
1,line,8,ASGARD t=$1.0\times 10^{4}$ s,2.4901551974979007e+28,0.0,
1,line,8,ASGARD t=$1.0\times 10^{4}$ s,3.525086767600899e+28,0.0,
1,line,8,ASGARD t=$1.0\times 10^{4}$ s,4.990145486353981e+28,0.0,
1,line,8,ASGARD t=$1.0\times 10^{4}$ s,7.064096181645562e+28,0.0,
1,line,8,ASGARD t=$1.0\times 10^{4}$ s,1e+29,0.0,
1,line,9,ASGARD+had t=$1.0\times 10^{4}$ s,100000.0,9.469598862355727e-27,
1,line,9,ASGARD+had t=$1.0\times 10^{4}$ s,141560.92644919915,2.681032091217464e-26,
1,line,9,ASGARD+had t=$1.0\times 10^{4}$ s,200394.95897155572,7.597486602790781e-26,
1,line,9,ASGARD+had t=$1.0\times 10^{4}$ s,283680.9604776268,2.1565684164704985e-25,
1,line,9,ASGARD+had t=$1.0\times 10^{4}$ s,401581.39581211505,6.131727584136509e-25,
1,line,9,ASGARD+had t=$1.0\times 10^{4}$ s,568482.3443592555,1.7492495962315437e-24,
1,line,9,ASGARD+had t=$1.0\times 10^{4}$ s,804748.8733750888,5.034477607395185e-24,
1,line,9,ASGARD+had t=$1.0\times 10^{4}$ s,1139209.9607392682,1.4510625248271023e-23,
1,line,9,ASGARD+had t=$1.0\times 10^{4}$ s,1612676.174624066,4.184439263785753e-23,
1,line,9,ASGARD+had t=$1.0\times 10^{4}$ s,2282919.333423333,1.2029143398609692e-22,
1,line,9,ASGARD+had t=$1.0\times 10^{4}$ s,3231721.7584819514,3.3866396843408283e-22,
1,line,9,ASGARD+had t=$1.0\times 10^{4}$ s,4574855.261567401,9.503422317564785e-22,
1,line,9,ASGARD+had t=$1.0\times 10^{4}$ s,6476207.491984746,2.6478098163085183e-21,
1,line,9,ASGARD+had t=$1.0\times 10^{4}$ s,9167779.324426051,7.188390144036724e-21,
1,line,9,ASGARD+had t=$1.0\times 10^{4}$ s,12977993.34647565,1.4541494552428645e-20,
1,line,9,ASGARD+had t=$1.0\times 10^{4}$ s,18371767.615786355,2.7581087660633027e-20,
1,line,9,ASGARD+had t=$1.0\times 10^{4}$ s,26007244.44200111,5.229630883057253e-20,
1,line,9,ASGARD+had t=$1.0\times 10^{4}$ s,36816096.176004626,9.880197587712402e-20,
1,line,9,ASGARD+had t=$1.0\times 10^{4}$ s,52117206.82918034,1.6851345368019e-19,
1,line,9,ASGARD+had t=$1.0\times 10^{4}$ s,73777600.82683298,2.7248943273185973e-19,
1,line,9,ASGARD+had t=$1.0\times 10^{4}$ s,104440255.24245678,4.406319223113596e-19,
1,line,9,ASGARD+had t=$1.0\times 10^{4}$ s,147846592.9071301,7.124147681805972e-19,
1,line,9,ASGARD+had t=$1.0\times 10^{4}$ s,209293006.64290932,1.142917157627416e-18,
1,line,9,ASGARD+had t=$1.0\times 10^{4}$ s,296277119.1970864,1.8191634014886233e-18,
1,line,9,ASGARD+had t=$1.0\times 10^{4}$ s,419412634.79239357,2.8955713649701283e-18,
1,line,9,ASGARD+had t=$1.0\times 10^{4}$ s,593724411.4571109,4.6088915097988786e-18,
1,line,9,ASGARD+had t=$1.0\times 10^{4}$ s,840481777.4137379,7.332492753383049e-18,
1,line,9,ASGARD+had t=$1.0\times 10^{4}$ s,1189793790.7435882,1.1654471708692367e-17,
1,line,9,ASGARD+had t=$1.0\times 10^{4}$ s,1684283113.0116625,1.852401401724158e-17,
1,line,9,ASGARD+had t=$1.0\times 10^{4}$ s,2384286778.806731,2.944273582850992e-17,
1,line,9,ASGARD+had t=$1.0\times 10^{4}$ s,3375218453.2845626,4.6794960243059156e-17,
1,line,9,ASGARD+had t=$1.0\times 10^{4}$ s,4777990512.153976,7.435513274610068e-17,
1,line,9,ASGARD+had t=$1.0\times 10^{4}$ s,6763767634.659977,1.1814711912828556e-16,
1,line,9,ASGARD+had t=$1.0\times 10^{4}$ s,9574852126.495787,1.8773056941606028e-16,
1,line,9,ASGARD+had t=$1.0\times 10^{4}$ s,13554249376.408226,2.9829043470319156e-16,
1,line,9,ASGARD+had t=$1.0\times 10^{4}$ s,19187520990.478363,4.737483034003611e-16,
1,line,9,ASGARD+had t=$1.0\times 10^{4}$ s,27162032476.755615,7.524027323236768e-16,
1,line,9,ASGARD+had t=$1.0\times 10^{4}$ s,38450824816.52776,1.194956903345108e-15,
1,line,9,ASGARD+had t=$1.0\times 10^{4}$ s,54431343837.635056,1.8977785299657344e-15,
1,line,9,ASGARD+had t=$1.0\times 10^{4}$ s,77053514615.30557,3.0111790689534024e-15,
1,line,9,ASGARD+had t=$1.0\times 10^{4}$ s,109077669151.0952,4.7768674679693e-15,
1,line,9,ASGARD+had t=$1.0\times 10^{4}$ s,154411358999.4833,7.577892122342425e-15,
1,line,9,ASGARD+had t=$1.0\times 10^{4}$ s,218586150342.46652,1.2021007975020611e-14,
1,line,9,ASGARD+had t=$1.0\times 10^{4}$ s,309432579514.43616,1.903506510405316e-14,
1,line,9,ASGARD+had t=$1.0\times 10^{4}$ s,438035626296.2889,3.011524868137897e-14,
1,line,9,ASGARD+had t=$1.0\times 10^{4}$ s,620087290762.5809,4.764495198076535e-14,
1,line,9,ASGARD+had t=$1.0\times 10^{4}$ s,877801313597.2452,7.537515787424259e-14,
1,line,9,ASGARD+had t=$1.0\times 10^{4}$ s,1242623671911.5056,1.188601967932666e-13,
1,line,9,ASGARD+had t=$1.0\times 10^{4}$ s,1759069582234.9841,1.8686042672373698e-13,
1,line,9,ASGARD+had t=$1.0\times 10^{4}$ s,2490155197497.901,2.9376430493948723e-13,
1,line,9,ASGARD+had t=$1.0\times 10^{4}$ s,3525086767600.913,4.617998448644349e-13,
1,line,9,ASGARD+had t=$1.0\times 10^{4}$ s,4990145486353.98,7.222915464386272e-13,
1,line,9,ASGARD+had t=$1.0\times 10^{4}$ s,7064096181645.59,1.1194075839555428e-12,
1,line,9,ASGARD+had t=$1.0\times 10^{4}$ s,10000000000000.0,1.7349372547349122e-12,
1,line,9,ASGARD+had t=$1.0\times 10^{4}$ s,14156092644919.916,2.688763624143764e-12,
1,line,9,ASGARD+had t=$1.0\times 10^{4}$ s,20039495897155.574,4.141641279670807e-12,
1,line,9,ASGARD+had t=$1.0\times 10^{4}$ s,28368096047762.684,6.222725796675826e-12,
1,line,9,ASGARD+had t=$1.0\times 10^{4}$ s,40158139581211.5,9.351983651181576e-12,
1,line,9,ASGARD+had t=$1.0\times 10^{4}$ s,56848234435925.55,1.4055916715952384e-11,
1,line,9,ASGARD+had t=$1.0\times 10^{4}$ s,80474887337508.88,2.1058097858635454e-11,
1,line,9,ASGARD+had t=$1.0\times 10^{4}$ s,113920996073926.83,2.968150569504573e-11,
1,line,9,ASGARD+had t=$1.0\times 10^{4}$ s,161267617462406.6,4.185603950671486e-11,
1,line,9,ASGARD+had t=$1.0\times 10^{4}$ s,228291933342333.28,5.907865718698963e-11,
1,line,9,ASGARD+had t=$1.0\times 10^{4}$ s,323172175848195.2,8.315076898362064e-11,
1,line,9,ASGARD+had t=$1.0\times 10^{4}$ s,457485526156740.1,1.079465331765437e-10,
1,line,9,ASGARD+had t=$1.0\times 10^{4}$ s,647620749198474.6,1.3871681534653275e-10,
1,line,9,ASGARD+had t=$1.0\times 10^{4}$ s,916777932442605.1,1.7877284721438452e-10,
1,line,9,ASGARD+had t=$1.0\times 10^{4}$ s,1297799334647565.0,2.29796069282166e-10,
1,line,9,ASGARD+had t=$1.0\times 10^{4}$ s,1837176761578635.5,2.860624827868527e-10,
1,line,9,ASGARD+had t=$1.0\times 10^{4}$ s,2600724444200111.0,3.535125669432914e-10,
1,line,9,ASGARD+had t=$1.0\times 10^{4}$ s,3681609617600463.0,4.3669560665214435e-10,
1,line,9,ASGARD+had t=$1.0\times 10^{4}$ s,5211720682918033.0,5.347732790120274e-10,
1,line,9,ASGARD+had t=$1.0\times 10^{4}$ s,7377760082683297.0,6.234094495759901e-10,
1,line,9,ASGARD+had t=$1.0\times 10^{4}$ s,1.0444025524245678e+16,7.091687095914766e-10,
1,line,9,ASGARD+had t=$1.0\times 10^{4}$ s,1.478465929071307e+16,8.059062887929514e-10,
1,line,9,ASGARD+had t=$1.0\times 10^{4}$ s,2.0929300664290932e+16,9.133053683879205e-10,
1,line,9,ASGARD+had t=$1.0\times 10^{4}$ s,2.9627711919708516e+16,1.0413332269072512e-09,
1,line,9,ASGARD+had t=$1.0\times 10^{4}$ s,4.194126347923935e+16,1.2001710408919661e-09,
1,line,9,ASGARD+had t=$1.0\times 10^{4}$ s,5.9372441145711096e+16,1.3821696238069887e-09,
1,line,9,ASGARD+had t=$1.0\times 10^{4}$ s,8.40481777413738e+16,1.5879018864625807e-09,
1,line,9,ASGARD+had t=$1.0\times 10^{4}$ s,1.1897937907435784e+17,1.7985933332979342e-09,
1,line,9,ASGARD+had t=$1.0\times 10^{4}$ s,1.6842831130116624e+17,1.9936262979686623e-09,
1,line,9,ASGARD+had t=$1.0\times 10^{4}$ s,2.3842867788067312e+17,2.2091915710917627e-09,
1,line,9,ASGARD+had t=$1.0\times 10^{4}$ s,3.3752184532845626e+17,2.449626858782927e-09,
1,line,9,ASGARD+had t=$1.0\times 10^{4}$ s,4.777990512153937e+17,2.7335873523552333e-09,
1,line,9,ASGARD+had t=$1.0\times 10^{4}$ s,6.763767634659977e+17,3.085579521820879e-09,
1,line,9,ASGARD+had t=$1.0\times 10^{4}$ s,9.574852126495786e+17,3.4823174305542374e-09,
1,line,9,ASGARD+had t=$1.0\times 10^{4}$ s,1.3554249376408225e+18,3.923262396315205e-09,
1,line,9,ASGARD+had t=$1.0\times 10^{4}$ s,1.9187520990478205e+18,4.384832045553651e-09,
1,line,9,ASGARD+had t=$1.0\times 10^{4}$ s,2.7162032476755615e+18,4.815785095562176e-09,
1,line,9,ASGARD+had t=$1.0\times 10^{4}$ s,3.845082481652776e+18,5.284560058921602e-09,
1,line,9,ASGARD+had t=$1.0\times 10^{4}$ s,5.443134383763505e+18,5.804540119395682e-09,
1,line,9,ASGARD+had t=$1.0\times 10^{4}$ s,7.705351461530494e+18,6.396629947264726e-09,
1,line,9,ASGARD+had t=$1.0\times 10^{4}$ s,1.090776691510952e+19,6.982388511077835e-09,
1,line,9,ASGARD+had t=$1.0\times 10^{4}$ s,1.5441135899948329e+19,7.578685857946423e-09,
1,line,9,ASGARD+had t=$1.0\times 10^{4}$ s,2.185861503424665e+19,8.209398949242372e-09,
1,line,9,ASGARD+had t=$1.0\times 10^{4}$ s,3.0943257951443616e+19,8.83278234813816e-09,
1,line,9,ASGARD+had t=$1.0\times 10^{4}$ s,4.380356262962889e+19,9.410129258649697e-09,
1,line,9,ASGARD+had t=$1.0\times 10^{4}$ s,6.2008729076258095e+19,1.0033484924380108e-08,
1,line,9,ASGARD+had t=$1.0\times 10^{4}$ s,8.778013135972526e+19,1.0707582794347359e-08,
1,line,9,ASGARD+had t=$1.0\times 10^{4}$ s,1.2426236719115056e+20,1.1443330462743562e-08,
1,line,9,ASGARD+had t=$1.0\times 10^{4}$ s,1.759069582234977e+20,1.1981362897299434e-08,
1,line,9,ASGARD+had t=$1.0\times 10^{4}$ s,2.4901551974979007e+20,1.2186774235147527e-08,
1,line,9,ASGARD+had t=$1.0\times 10^{4}$ s,3.525086767600928e+20,1.237612695932181e-08,
1,line,9,ASGARD+had t=$1.0\times 10^{4}$ s,4.990145486353981e+20,1.2509423871221147e-08,
1,line,9,ASGARD+had t=$1.0\times 10^{4}$ s,7.064096181645561e+20,1.2610576897860038e-08,
1,line,9,ASGARD+had t=$1.0\times 10^{4}$ s,1e+21,1.2886629834744214e-08,
1,line,9,ASGARD+had t=$1.0\times 10^{4}$ s,1.4156092644919856e+21,1.3179976509198561e-08,
1,line,9,ASGARD+had t=$1.0\times 10^{4}$ s,2.0039495897155573e+21,1.3489805216766312e-08,
1,line,9,ASGARD+had t=$1.0\times 10^{4}$ s,2.836809604776257e+21,1.3653888017946775e-08,
1,line,9,ASGARD+had t=$1.0\times 10^{4}$ s,4.01581395812115e+21,1.2985806450371657e-08,
1,line,9,ASGARD+had t=$1.0\times 10^{4}$ s,5.684823443592532e+21,1.2338015766169123e-08,
1,line,9,ASGARD+had t=$1.0\times 10^{4}$ s,8.047488733750887e+21,1.1694658024211949e-08,
1,line,9,ASGARD+had t=$1.0\times 10^{4}$ s,1.1392099607392635e+22,1.108541649412455e-08,
1,line,9,ASGARD+had t=$1.0\times 10^{4}$ s,1.612676174624066e+22,1.0826403579560129e-08,
1,line,9,ASGARD+had t=$1.0\times 10^{4}$ s,2.282919333423323e+22,1.060668651804832e-08,
1,line,9,ASGARD+had t=$1.0\times 10^{4}$ s,3.2317217584819514e+22,1.038416121350872e-08,
1,line,9,ASGARD+had t=$1.0\times 10^{4}$ s,4.5748552615673826e+22,1.0064251661118054e-08,
1,line,9,ASGARD+had t=$1.0\times 10^{4}$ s,6.476207491984746e+22,9.04766645670317e-09,
1,line,9,ASGARD+had t=$1.0\times 10^{4}$ s,9.167779324426014e+22,7.980445288448011e-09,
1,line,9,ASGARD+had t=$1.0\times 10^{4}$ s,1.2977993346475651e+23,7.02440477906465e-09,
1,line,9,ASGARD+had t=$1.0\times 10^{4}$ s,1.837176761578628e+23,6.175697593638417e-09,
1,line,9,ASGARD+had t=$1.0\times 10^{4}$ s,2.600724444200111e+23,5.440709612850078e-09,
1,line,9,ASGARD+had t=$1.0\times 10^{4}$ s,3.681609617600448e+23,4.780942246407777e-09,
1,line,9,ASGARD+had t=$1.0\times 10^{4}$ s,5.211720682918034e+23,4.194098395021715e-09,
1,line,9,ASGARD+had t=$1.0\times 10^{4}$ s,7.377760082683267e+23,3.623069191077463e-09,
1,line,9,ASGARD+had t=$1.0\times 10^{4}$ s,1.0444025524245678e+24,2.7174069307413894e-09,
1,line,9,ASGARD+had t=$1.0\times 10^{4}$ s,1.4784659290712948e+24,1.8148981444183966e-09,
1,line,9,ASGARD+had t=$1.0\times 10^{4}$ s,2.0929300664290934e+24,1.2093604498781145e-09,
1,line,9,ASGARD+had t=$1.0\times 10^{4}$ s,2.962771191970876e+24,8.011623048198626e-10,
1,line,9,ASGARD+had t=$1.0\times 10^{4}$ s,4.1941263479239357e+24,5.241986339452814e-10,
1,line,9,ASGARD+had t=$1.0\times 10^{4}$ s,5.93724411457111e+24,3.336665131061247e-10,
1,line,9,ASGARD+had t=$1.0\times 10^{4}$ s,8.40481777413738e+24,2.125113990340431e-10,
1,line,9,ASGARD+had t=$1.0\times 10^{4}$ s,1.1897937907435881e+25,1.347541859056563e-10,
1,line,9,ASGARD+had t=$1.0\times 10^{4}$ s,1.6842831130116624e+25,7.711552487351035e-11,
1,line,9,ASGARD+had t=$1.0\times 10^{4}$ s,2.384286778806731e+25,2.8903203789248836e-11,
1,line,9,ASGARD+had t=$1.0\times 10^{4}$ s,3.3752184532845626e+25,1.0829245747615578e-11,
1,line,9,ASGARD+had t=$1.0\times 10^{4}$ s,4.777990512153977e+25,4.032137286918589e-12,
1,line,9,ASGARD+had t=$1.0\times 10^{4}$ s,6.763767634659977e+25,1.4538826728994578e-12,
1,line,9,ASGARD+had t=$1.0\times 10^{4}$ s,9.574852126495787e+25,4.2788596259742914e-13,
1,line,9,ASGARD+had t=$1.0\times 10^{4}$ s,1.3554249376408226e+26,1.24681316136702e-13,
1,line,9,ASGARD+had t=$1.0\times 10^{4}$ s,1.9187520990478362e+26,3.660806347230274e-14,
1,line,9,ASGARD+had t=$1.0\times 10^{4}$ s,2.7162032476755613e+26,1.1154579156435669e-14,
1,line,9,ASGARD+had t=$1.0\times 10^{4}$ s,3.845082481652776e+26,5.0881181349650715e-15,
1,line,9,ASGARD+had t=$1.0\times 10^{4}$ s,5.443134383763505e+26,2.604355193034901e-15,
1,line,9,ASGARD+had t=$1.0\times 10^{4}$ s,7.705351461530558e+26,1.3807509146435173e-15,
1,line,9,ASGARD+had t=$1.0\times 10^{4}$ s,1.090776691510952e+27,7.909345041686454e-16,
1,line,9,ASGARD+had t=$1.0\times 10^{4}$ s,1.544113589994833e+27,5.839879973994386e-16,
1,line,9,ASGARD+had t=$1.0\times 10^{4}$ s,2.1858615034246653e+27,4.917244941534571e-16,
1,line,9,ASGARD+had t=$1.0\times 10^{4}$ s,3.094325795144362e+27,4.3478278916755687e-16,
1,line,9,ASGARD+had t=$1.0\times 10^{4}$ s,4.380356262962889e+27,4.0429585984266844e-16,
1,line,9,ASGARD+had t=$1.0\times 10^{4}$ s,6.20087290762581e+27,3.929719420110625e-16,
1,line,9,ASGARD+had t=$1.0\times 10^{4}$ s,8.778013135972453e+27,4.031739834517462e-16,
1,line,9,ASGARD+had t=$1.0\times 10^{4}$ s,1.2426236719115056e+28,4.3477219220690974e-16,
1,line,9,ASGARD+had t=$1.0\times 10^{4}$ s,1.759069582234977e+28,4.854670837395211e-16,
1,line,9,ASGARD+had t=$1.0\times 10^{4}$ s,2.4901551974979007e+28,5.474592775878271e-16,
1,line,9,ASGARD+had t=$1.0\times 10^{4}$ s,3.525086767600899e+28,6.253650085865071e-16,
1,line,9,ASGARD+had t=$1.0\times 10^{4}$ s,4.990145486353981e+28,7.291818470796488e-16,
1,line,9,ASGARD+had t=$1.0\times 10^{4}$ s,7.064096181645562e+28,8.554983272192305e-16,
1,line,9,ASGARD+had t=$1.0\times 10^{4}$ s,1e+29,1.0008955582901219e-15,
1,line,10,had-only t=$1.0\times 10^{4}$ s,100000.0,7.174428139514911e-28,
1,line,10,had-only t=$1.0\times 10^{4}$ s,141560.92644919915,1.8466081350445934e-27,
1,line,10,had-only t=$1.0\times 10^{4}$ s,200394.95897155572,4.537202881843218e-27,
1,line,10,had-only t=$1.0\times 10^{4}$ s,283680.9604776268,1.118357534165155e-26,
1,line,10,had-only t=$1.0\times 10^{4}$ s,401581.39581211505,2.7571469267411766e-26,
1,line,10,had-only t=$1.0\times 10^{4}$ s,568482.3443592555,6.673919595939426e-26,
1,line,10,had-only t=$1.0\times 10^{4}$ s,804748.8733750888,1.5506858033622929e-25,
1,line,10,had-only t=$1.0\times 10^{4}$ s,1139209.9607392682,3.606923126205117e-25,
1,line,10,had-only t=$1.0\times 10^{4}$ s,1612676.174624066,8.333507138878994e-25,
1,line,10,had-only t=$1.0\times 10^{4}$ s,2282919.333423333,1.87189009411174e-24,
1,line,10,had-only t=$1.0\times 10^{4}$ s,3231721.7584819514,3.9791131592167955e-24,
1,line,10,had-only t=$1.0\times 10^{4}$ s,4574855.261567401,8.298117501115322e-24,
1,line,10,had-only t=$1.0\times 10^{4}$ s,6476207.491984746,1.6695042126746816e-23,
1,line,10,had-only t=$1.0\times 10^{4}$ s,9167779.324426051,3.0990909820052677e-23,
1,line,10,had-only t=$1.0\times 10^{4}$ s,12977993.34647565,4.367948563359421e-23,
1,line,10,had-only t=$1.0\times 10^{4}$ s,18371767.615786355,5.862629438411192e-23,
1,line,10,had-only t=$1.0\times 10^{4}$ s,26007244.44200111,7.812394402923659e-23,
1,line,10,had-only t=$1.0\times 10^{4}$ s,36816096.176004626,1.0229088165755609e-22,
1,line,10,had-only t=$1.0\times 10^{4}$ s,52117206.82918034,1.2184385227952207e-22,
1,line,10,had-only t=$1.0\times 10^{4}$ s,73777600.82683298,1.3970361756717903e-22,
1,line,10,had-only t=$1.0\times 10^{4}$ s,104440255.24245678,1.6011688515431259e-22,
1,line,10,had-only t=$1.0\times 10^{4}$ s,147846592.9071301,1.833319129278738e-22,
1,line,10,had-only t=$1.0\times 10^{4}$ s,209293006.64290932,2.084390645782244e-22,
1,line,10,had-only t=$1.0\times 10^{4}$ s,296277119.1970864,2.3568580587946735e-22,
1,line,10,had-only t=$1.0\times 10^{4}$ s,419412634.79239357,2.6649043267787348e-22,
1,line,10,had-only t=$1.0\times 10^{4}$ s,593724411.4571109,3.01307396490745e-22,
1,line,10,had-only t=$1.0\times 10^{4}$ s,840481777.4137379,3.405276230887466e-22,
1,line,10,had-only t=$1.0\times 10^{4}$ s,1189793790.7435882,3.8461238852041063e-22,
1,line,10,had-only t=$1.0\times 10^{4}$ s,1684283113.0116625,4.344040304627983e-22,
1,line,10,had-only t=$1.0\times 10^{4}$ s,2384286778.806731,4.9064032293688535e-22,
1,line,10,had-only t=$1.0\times 10^{4}$ s,3375218453.2845626,5.541456820511954e-22,
1,line,10,had-only t=$1.0\times 10^{4}$ s,4777990512.153976,6.258351529149571e-22,
1,line,10,had-only t=$1.0\times 10^{4}$ s,6763767634.659977,7.0679900791170065e-22,
1,line,10,had-only t=$1.0\times 10^{4}$ s,9574852126.495787,7.982369580009122e-22,
1,line,10,had-only t=$1.0\times 10^{4}$ s,13554249376.408226,9.015032648415201e-22,
1,line,10,had-only t=$1.0\times 10^{4}$ s,19187520990.478363,1.0181217441408587e-21,
1,line,10,had-only t=$1.0\times 10^{4}$ s,27162032476.755615,1.1498257665784055e-21,
1,line,10,had-only t=$1.0\times 10^{4}$ s,38450824816.52776,1.298566972949505e-21,
1,line,10,had-only t=$1.0\times 10^{4}$ s,54431343837.635056,1.4665491803756609e-21,
1,line,10,had-only t=$1.0\times 10^{4}$ s,77053514615.30557,1.6562527966612127e-21,
1,line,10,had-only t=$1.0\times 10^{4}$ s,109077669151.0952,1.870493468296921e-21,
1,line,10,had-only t=$1.0\times 10^{4}$ s,154411358999.4833,2.112446732404615e-21,
1,line,10,had-only t=$1.0\times 10^{4}$ s,218586150342.46652,2.385697227135077e-21,
1,line,10,had-only t=$1.0\times 10^{4}$ s,309432579514.43616,2.694302061834324e-21,
1,line,10,had-only t=$1.0\times 10^{4}$ s,438035626296.2889,3.0428315364110562e-21,
1,line,10,had-only t=$1.0\times 10^{4}$ s,620087290762.5809,3.4364460754327e-21,
1,line,10,had-only t=$1.0\times 10^{4}$ s,877801313597.2452,3.880977695976422e-21,
1,line,10,had-only t=$1.0\times 10^{4}$ s,1242623671911.5056,4.383011858739919e-21,
1,line,10,had-only t=$1.0\times 10^{4}$ s,1759069582234.9841,4.949986391694713e-21,
1,line,10,had-only t=$1.0\times 10^{4}$ s,2490155197497.901,5.5903031341438745e-21,
1,line,10,had-only t=$1.0\times 10^{4}$ s,3525086767600.913,6.313449177855896e-21,
1,line,10,had-only t=$1.0\times 10^{4}$ s,4990145486353.98,7.13013786068119e-21,
1,line,10,had-only t=$1.0\times 10^{4}$ s,7064096181645.59,8.052470444081691e-21,
1,line,10,had-only t=$1.0\times 10^{4}$ s,10000000000000.0,9.094113340394994e-21,
1,line,10,had-only t=$1.0\times 10^{4}$ s,14156092644919.916,1.0270499805952814e-20,
1,line,10,had-only t=$1.0\times 10^{4}$ s,20039495897155.574,1.1599057512866448e-20,
1,line,10,had-only t=$1.0\times 10^{4}$ s,28368096047762.684,1.3099464005063952e-20,
1,line,10,had-only t=$1.0\times 10^{4}$ s,40158139581211.5,1.4793955341918676e-20,
1,line,10,had-only t=$1.0\times 10^{4}$ s,56848234435925.55,1.6707617445305595e-20,
1,line,10,had-only t=$1.0\times 10^{4}$ s,80474887337508.88,1.886880756485773e-20,
1,line,10,had-only t=$1.0\times 10^{4}$ s,113920996073926.83,2.1309501262904745e-20,
1,line,10,had-only t=$1.0\times 10^{4}$ s,161267617462406.6,2.4065886506574532e-20,
1,line,10,had-only t=$1.0\times 10^{4}$ s,228291933342333.28,2.7178838269170636e-20,
1,line,10,had-only t=$1.0\times 10^{4}$ s,323172175848195.2,3.0694434553388126e-20,
1,line,10,had-only t=$1.0\times 10^{4}$ s,457485526156740.1,3.46644665997516e-20,
1,line,10,had-only t=$1.0\times 10^{4}$ s,647620749198474.6,3.9147944050164497e-20,
1,line,10,had-only t=$1.0\times 10^{4}$ s,916777932442605.1,4.4211282814081976e-20,
1,line,10,had-only t=$1.0\times 10^{4}$ s,1297799334647565.0,4.992933150043941e-20,
1,line,10,had-only t=$1.0\times 10^{4}$ s,1837176761578635.5,5.638514041602442e-20,
1,line,10,had-only t=$1.0\times 10^{4}$ s,2600724444200111.0,6.367493220984202e-20,
1,line,10,had-only t=$1.0\times 10^{4}$ s,3681609617600463.0,7.190700453376611e-20,
1,line,10,had-only t=$1.0\times 10^{4}$ s,5211720682918033.0,8.120240828704045e-20,
1,line,10,had-only t=$1.0\times 10^{4}$ s,7377760082683297.0,9.168900272480247e-20,
1,line,10,had-only t=$1.0\times 10^{4}$ s,1.0444025524245678e+16,1.0352217130214506e-19,
1,line,10,had-only t=$1.0\times 10^{4}$ s,1.478465929071307e+16,1.168814974334968e-19,
1,line,10,had-only t=$1.0\times 10^{4}$ s,2.0929300664290932e+16,1.319598640426767e-19,
1,line,10,had-only t=$1.0\times 10^{4}$ s,2.9627711919708516e+16,1.489325858967511e-19,
1,line,10,had-only t=$1.0\times 10^{4}$ s,4.194126347923935e+16,1.6801839833745666e-19,
1,line,10,had-only t=$1.0\times 10^{4}$ s,5.9372441145711096e+16,1.8954473248225294e-19,
1,line,10,had-only t=$1.0\times 10^{4}$ s,8.40481777413738e+16,2.1380523955263447e-19,
1,line,10,had-only t=$1.0\times 10^{4}$ s,1.1897937907435784e+17,2.4093722321702867e-19,
1,line,10,had-only t=$1.0\times 10^{4}$ s,1.6842831130116624e+17,2.709317467062955e-19,
1,line,10,had-only t=$1.0\times 10^{4}$ s,2.3842867788067312e+17,3.0463361229669214e-19,
1,line,10,had-only t=$1.0\times 10^{4}$ s,3.3752184532845626e+17,3.4241106770393604e-19,
1,line,10,had-only t=$1.0\times 10^{4}$ s,4.777990512153937e+17,3.8410922554792634e-19,
1,line,10,had-only t=$1.0\times 10^{4}$ s,6.763767634659977e+17,4.266133156987395e-19,
1,line,10,had-only t=$1.0\times 10^{4}$ s,9.574852126495786e+17,4.736865134519282e-19,
1,line,10,had-only t=$1.0\times 10^{4}$ s,1.3554249376408225e+18,5.254129000983307e-19,
1,line,10,had-only t=$1.0\times 10^{4}$ s,1.9187520990478205e+18,5.798599419936178e-19,
1,line,10,had-only t=$1.0\times 10^{4}$ s,2.7162032476755615e+18,6.169492273481914e-19,
1,line,10,had-only t=$1.0\times 10^{4}$ s,3.845082481652776e+18,6.531962452641809e-19,
1,line,10,had-only t=$1.0\times 10^{4}$ s,5.443134383763505e+18,6.895556443849895e-19,
1,line,10,had-only t=$1.0\times 10^{4}$ s,7.705351461530494e+18,7.176170120367214e-19,
1,line,10,had-only t=$1.0\times 10^{4}$ s,1.090776691510952e+19,6.608336198216142e-19,
1,line,10,had-only t=$1.0\times 10^{4}$ s,1.5441135899948329e+19,5.866451822514292e-19,
1,line,10,had-only t=$1.0\times 10^{4}$ s,2.185861503424665e+19,5.171783273984956e-19,
1,line,10,had-only t=$1.0\times 10^{4}$ s,3.0943257951443616e+19,4.356091478537964e-19,
1,line,10,had-only t=$1.0\times 10^{4}$ s,4.380356262962889e+19,2.429128045006795e-19,
1,line,10,had-only t=$1.0\times 10^{4}$ s,6.2008729076258095e+19,1.12038150618973e-19,
1,line,10,had-only t=$1.0\times 10^{4}$ s,8.778013135972526e+19,5.209251046595969e-20,
1,line,10,had-only t=$1.0\times 10^{4}$ s,1.2426236719115056e+20,1.9922200222684275e-20,
1,line,10,had-only t=$1.0\times 10^{4}$ s,1.759069582234977e+20,2.101156642860359e-21,
1,line,10,had-only t=$1.0\times 10^{4}$ s,2.4901551974979007e+20,1.1117822532123812e-22,
1,line,10,had-only t=$1.0\times 10^{4}$ s,3.525086767600928e+20,7.762571572654499e-24,
1,line,10,had-only t=$1.0\times 10^{4}$ s,4.990145486353981e+20,9.790369346846118e-25,
1,line,10,had-only t=$1.0\times 10^{4}$ s,7.064096181645561e+20,2.6722588494097804e-25,
1,line,10,had-only t=$1.0\times 10^{4}$ s,1e+21,1.1876270142341214e-25,
1,line,10,had-only t=$1.0\times 10^{4}$ s,1.4156092644919856e+21,9.407141207031502e-26,
1,line,10,had-only t=$1.0\times 10^{4}$ s,2.0039495897155573e+21,1.3155585111445537e-25,
1,line,10,had-only t=$1.0\times 10^{4}$ s,2.836809604776257e+21,2.510353684619637e-25,
1,line,10,had-only t=$1.0\times 10^{4}$ s,4.01581395812115e+21,5.030621727702701e-25,
1,line,10,had-only t=$1.0\times 10^{4}$ s,5.684823443592532e+21,1.0081111205460998e-24,
1,line,10,had-only t=$1.0\times 10^{4}$ s,8.047488733750887e+21,2.0202035829071674e-24,
1,line,10,had-only t=$1.0\times 10^{4}$ s,1.1392099607392635e+22,4.048385327096842e-24,
1,line,10,had-only t=$1.0\times 10^{4}$ s,1.612676174624066e+22,8.112757430930995e-24,
1,line,10,had-only t=$1.0\times 10^{4}$ s,2.282919333423323e+22,1.6257550590269057e-23,
1,line,10,had-only t=$1.0\times 10^{4}$ s,3.2317217584819514e+22,3.2579296638400265e-23,
1,line,10,had-only t=$1.0\times 10^{4}$ s,4.5748552615673826e+22,6.528722678598763e-23,
1,line,10,had-only t=$1.0\times 10^{4}$ s,6.476207491984746e+22,1.3083217514687917e-22,
1,line,10,had-only t=$1.0\times 10^{4}$ s,9.167779324426014e+22,2.621807558468103e-22,
1,line,10,had-only t=$1.0\times 10^{4}$ s,1.2977993346475651e+23,5.25396240688997e-22,
1,line,10,had-only t=$1.0\times 10^{4}$ s,1.837176761578628e+23,1.0528626444254096e-21,
1,line,10,had-only t=$1.0\times 10^{4}$ s,2.600724444200111e+23,2.1098467630002062e-21,
1,line,10,had-only t=$1.0\times 10^{4}$ s,3.681609617600448e+23,4.2278339721972475e-21,
1,line,10,had-only t=$1.0\times 10^{4}$ s,5.211720682918034e+23,8.471552926158667e-21,
1,line,10,had-only t=$1.0\times 10^{4}$ s,7.377760082683267e+23,1.6972149339451562e-20,
1,line,10,had-only t=$1.0\times 10^{4}$ s,1.0444025524245678e+24,3.422920785442864e-20,
1,line,10,had-only t=$1.0\times 10^{4}$ s,1.4784659290712948e+24,6.982431093942954e-20,
1,line,10,had-only t=$1.0\times 10^{4}$ s,2.0929300664290934e+24,1.4283390084070206e-19,
1,line,10,had-only t=$1.0\times 10^{4}$ s,2.962771191970876e+24,2.925112137050838e-19,
1,line,10,had-only t=$1.0\times 10^{4}$ s,4.1941263479239357e+24,5.773394461784516e-19,
1,line,10,had-only t=$1.0\times 10^{4}$ s,5.93724411457111e+24,1.0426818818111882e-18,
1,line,10,had-only t=$1.0\times 10^{4}$ s,8.40481777413738e+24,1.8642138420116524e-18,
1,line,10,had-only t=$1.0\times 10^{4}$ s,1.1897937907435881e+25,3.2514177761007416e-18,
1,line,10,had-only t=$1.0\times 10^{4}$ s,1.6842831130116624e+25,5.2387546407616006e-18,
1,line,10,had-only t=$1.0\times 10^{4}$ s,2.384286778806731e+25,6.8365061477532816e-18,
1,line,10,had-only t=$1.0\times 10^{4}$ s,3.3752184532845626e+25,8.907473569502764e-18,
1,line,10,had-only t=$1.0\times 10^{4}$ s,4.777990512153977e+25,1.1550536778376919e-17,
1,line,10,had-only t=$1.0\times 10^{4}$ s,6.763767634659977e+25,1.480429593242728e-17,
1,line,10,had-only t=$1.0\times 10^{4}$ s,9.574852126495787e+25,1.8721244004172685e-17,
1,line,10,had-only t=$1.0\times 10^{4}$ s,1.3554249376408226e+26,2.3650216381569018e-17,
1,line,10,had-only t=$1.0\times 10^{4}$ s,1.9187520990478362e+26,2.981408615108104e-17,
1,line,10,had-only t=$1.0\times 10^{4}$ s,2.7162032476755613e+26,3.740913222809023e-17,
1,line,10,had-only t=$1.0\times 10^{4}$ s,3.845082481652776e+26,4.6901981645889244e-17,
1,line,10,had-only t=$1.0\times 10^{4}$ s,5.443134383763505e+26,5.884243337790699e-17,
1,line,10,had-only t=$1.0\times 10^{4}$ s,7.705351461530558e+26,7.375996488607061e-17,
1,line,10,had-only t=$1.0\times 10^{4}$ s,1.090776691510952e+27,9.225725343443382e-17,
1,line,10,had-only t=$1.0\times 10^{4}$ s,1.544113589994833e+27,1.140177691003721e-16,
1,line,10,had-only t=$1.0\times 10^{4}$ s,2.1858615034246653e+27,1.4011976910138514e-16,
1,line,10,had-only t=$1.0\times 10^{4}$ s,3.094325795144362e+27,1.7196665374433105e-16,
1,line,10,had-only t=$1.0\times 10^{4}$ s,4.380356262962889e+27,2.1027520937267936e-16,
1,line,10,had-only t=$1.0\times 10^{4}$ s,6.20087290762581e+27,2.5392255603904758e-16,
1,line,10,had-only t=$1.0\times 10^{4}$ s,8.778013135972453e+27,3.043777062883279e-16,
1,line,10,had-only t=$1.0\times 10^{4}$ s,1.2426236719115056e+28,3.6463443281056094e-16,
1,line,10,had-only t=$1.0\times 10^{4}$ s,1.759069582234977e+28,4.3627395003016123e-16,
1,line,10,had-only t=$1.0\times 10^{4}$ s,2.4901551974979007e+28,5.191329361607227e-16,
1,line,10,had-only t=$1.0\times 10^{4}$ s,3.525086767600899e+28,6.130654175416521e-16,
1,line,10,had-only t=$1.0\times 10^{4}$ s,4.990145486353981e+28,7.237025916928176e-16,
1,line,10,had-only t=$1.0\times 10^{4}$ s,7.064096181645562e+28,8.531713638097211e-16,
1,line,10,had-only t=$1.0\times 10^{4}$ s,1e+29,1.0001420588759538e-15,
1,line,11,Vegas t=$1.0\times 10^{4}$ s,100000.0,7.71767888263765e-27,
1,line,11,Vegas t=$1.0\times 10^{4}$ s,141560.92644919915,2.1893599483799843e-26,
1,line,11,Vegas t=$1.0\times 10^{4}$ s,200394.95897155572,6.210781614188461e-26,
1,line,11,Vegas t=$1.0\times 10^{4}$ s,283680.9604776268,1.761861515382589e-25,
1,line,11,Vegas t=$1.0\times 10^{4}$ s,401581.39581211505,4.997899271143784e-25,
1,line,11,Vegas t=$1.0\times 10^{4}$ s,568482.3443592555,1.4176782672305444e-24,
1,line,11,Vegas t=$1.0\times 10^{4}$ s,804748.8733750888,4.020705200125544e-24,
1,line,11,Vegas t=$1.0\times 10^{4}$ s,1139209.9607392682,1.1398874286646407e-23,
1,line,11,Vegas t=$1.0\times 10^{4}$ s,1612676.174624066,3.2286808249402575e-23,
1,line,11,Vegas t=$1.0\times 10^{4}$ s,2282919.333423333,9.126425637877302e-23,
1,line,11,Vegas t=$1.0\times 10^{4}$ s,3231721.7584819514,2.5689594670044043e-22,
1,line,11,Vegas t=$1.0\times 10^{4}$ s,4574855.261567401,7.173216247904832e-22,
1,line,11,Vegas t=$1.0\times 10^{4}$ s,6476207.491984746,1.9727703111019756e-21,
1,line,11,Vegas t=$1.0\times 10^{4}$ s,9167779.324426051,5.273405804265903e-21,
1,line,11,Vegas t=$1.0\times 10^{4}$ s,12977993.34647565,1.3387495723060342e-20,
1,line,11,Vegas t=$1.0\times 10^{4}$ s,18371767.615786355,3.1217791425119953e-20,
1,line,11,Vegas t=$1.0\times 10^{4}$ s,26007244.44200111,6.491699078344401e-20,
1,line,11,Vegas t=$1.0\times 10^{4}$ s,36816096.176004626,1.2048261392478993e-19,
1,line,11,Vegas t=$1.0\times 10^{4}$ s,52117206.82918034,2.063805844635162e-19,
1,line,11,Vegas t=$1.0\times 10^{4}$ s,73777600.82683298,3.387425954535695e-19,
1,line,11,Vegas t=$1.0\times 10^{4}$ s,104440255.24245678,5.454600403972194e-19,
1,line,11,Vegas t=$1.0\times 10^{4}$ s,147846592.9071301,8.71442632709536e-19,
1,line,11,Vegas t=$1.0\times 10^{4}$ s,209293006.64290932,1.3879058525245566e-18,
1,line,11,Vegas t=$1.0\times 10^{4}$ s,296277119.1970864,2.207761297945478e-18,
1,line,11,Vegas t=$1.0\times 10^{4}$ s,419412634.79239357,3.510254718315851e-18,
1,line,11,Vegas t=$1.0\times 10^{4}$ s,593724411.4571109,5.580136758541452e-18,
1,line,11,Vegas t=$1.0\times 10^{4}$ s,840481777.4137379,8.869927827829226e-18,
1,line,11,Vegas t=$1.0\times 10^{4}$ s,1189793790.7435882,1.4098818166745062e-17,
1,line,11,Vegas t=$1.0\times 10^{4}$ s,1684283113.0116625,2.2409890416520994e-17,
1,line,11,Vegas t=$1.0\times 10^{4}$ s,2384286778.806731,3.561997611101193e-17,
1,line,11,Vegas t=$1.0\times 10^{4}$ s,3375218453.2845626,5.661675729063061e-17,
1,line,11,Vegas t=$1.0\times 10^{4}$ s,4777990512.153976,8.998985861510096e-17,
1,line,11,Vegas t=$1.0\times 10^{4}$ s,6763767634.659977,1.4303372380642485e-16,
1,line,11,Vegas t=$1.0\times 10^{4}$ s,9574852126.495787,2.273414191379967e-16,
1,line,11,Vegas t=$1.0\times 10^{4}$ s,13554249376.408226,3.6133679276564586e-16,
1,line,11,Vegas t=$1.0\times 10^{4}$ s,19187520990.478363,5.742974795487329e-16,
1,line,11,Vegas t=$1.0\times 10^{4}$ s,27162032476.755615,9.12745014127671e-16,
1,line,11,Vegas t=$1.0\times 10^{4}$ s,38450824816.52776,1.4505923613328475e-15,
1,line,11,Vegas t=$1.0\times 10^{4}$ s,54431343837.635056,2.3052526908360873e-15,
1,line,11,Vegas t=$1.0\times 10^{4}$ s,77053514615.30557,3.663199312391735e-15,
1,line,11,Vegas t=$1.0\times 10^{4}$ s,109077669151.0952,5.820495663803178e-15,
1,line,11,Vegas t=$1.0\times 10^{4}$ s,154411358999.4833,9.247006269648732e-15,
1,line,11,Vegas t=$1.0\times 10^{4}$ s,218586150342.46652,1.4688001966675784e-14,
1,line,11,Vegas t=$1.0\times 10^{4}$ s,309432579514.43616,2.3324670267764556e-14,
1,line,11,Vegas t=$1.0\times 10^{4}$ s,438035626296.2889,3.7027106072030244e-14,
1,line,11,Vegas t=$1.0\times 10^{4}$ s,620087290762.5809,5.875182964868737e-14,
1,line,11,Vegas t=$1.0\times 10^{4}$ s,877801313597.2452,9.316374554312701e-14,
1,line,11,Vegas t=$1.0\times 10^{4}$ s,1242623671911.5056,1.4760361230941013e-13,
1,line,11,Vegas t=$1.0\times 10^{4}$ s,1759069582234.9841,2.335810081617211e-13,
1,line,11,Vegas t=$1.0\times 10^{4}$ s,2490155197497.901,3.690531958047804e-13,
1,line,11,Vegas t=$1.0\times 10^{4}$ s,3525086767600.913,5.818518964668142e-13,
1,line,11,Vegas t=$1.0\times 10^{4}$ s,4990145486353.98,9.147313887143731e-13,
1,line,11,Vegas t=$1.0\times 10^{4}$ s,7064096181645.59,1.4325975955122087e-12,
1,line,11,Vegas t=$1.0\times 10^{4}$ s,10000000000000.0,2.2324625615481084e-12,
1,line,11,Vegas t=$1.0\times 10^{4}$ s,14156092644919.916,3.4564184257629548e-12,
1,line,11,Vegas t=$1.0\times 10^{4}$ s,20039495897155.574,5.3072586620631244e-12,
1,line,11,Vegas t=$1.0\times 10^{4}$ s,28368096047762.684,8.065142714652403e-12,
1,line,11,Vegas t=$1.0\times 10^{4}$ s,40158139581211.5,1.2101974323575549e-11,
1,line,11,Vegas t=$1.0\times 10^{4}$ s,56848234435925.55,1.7888485063422015e-11,
1,line,11,Vegas t=$1.0\times 10^{4}$ s,80474887337508.88,2.5988462880816325e-11,
1,line,11,Vegas t=$1.0\times 10^{4}$ s,113920996073926.83,3.70362944314576e-11,
1,line,11,Vegas t=$1.0\times 10^{4}$ s,161267617462406.6,5.169823948391697e-11,
1,line,11,Vegas t=$1.0\times 10^{4}$ s,228291933342333.28,7.062325824425013e-11,
1,line,11,Vegas t=$1.0\times 10^{4}$ s,323172175848195.2,9.439340336540165e-11,
1,line,11,Vegas t=$1.0\times 10^{4}$ s,457485526156740.1,1.2348503271221502e-10,
1,line,11,Vegas t=$1.0\times 10^{4}$ s,647620749198474.6,1.5825028073553262e-10,
1,line,11,Vegas t=$1.0\times 10^{4}$ s,916777932442605.1,1.9892428463816148e-10,
1,line,11,Vegas t=$1.0\times 10^{4}$ s,1297799334647565.0,2.4565854310203335e-10,
1,line,11,Vegas t=$1.0\times 10^{4}$ s,1837176761578635.5,2.9857530400565026e-10,
1,line,11,Vegas t=$1.0\times 10^{4}$ s,2600724444200111.0,3.578332559770837e-10,
1,line,11,Vegas t=$1.0\times 10^{4}$ s,3681609617600463.0,4.236926338397646e-10,
1,line,11,Vegas t=$1.0\times 10^{4}$ s,5211720682918033.0,4.965691368669249e-10,
1,line,11,Vegas t=$1.0\times 10^{4}$ s,7377760082683297.0,5.770703063749857e-10,
1,line,11,Vegas t=$1.0\times 10^{4}$ s,1.0444025524245678e+16,6.660134105359559e-10,
1,line,11,Vegas t=$1.0\times 10^{4}$ s,1.478465929071307e+16,7.644283777817676e-10,
1,line,11,Vegas t=$1.0\times 10^{4}$ s,2.0929300664290932e+16,8.735516097114937e-10,
1,line,11,Vegas t=$1.0\times 10^{4}$ s,2.9627711919708516e+16,9.948164481958208e-10,
1,line,11,Vegas t=$1.0\times 10^{4}$ s,4.194126347923935e+16,1.1298444162019025e-09,
1,line,11,Vegas t=$1.0\times 10^{4}$ s,5.9372441145711096e+16,1.2804391344022207e-09,
1,line,11,Vegas t=$1.0\times 10^{4}$ s,8.40481777413738e+16,1.4485828299729991e-09,
1,line,11,Vegas t=$1.0\times 10^{4}$ s,1.1897937907435784e+17,1.6364339358588285e-09,
1,line,11,Vegas t=$1.0\times 10^{4}$ s,1.6842831130116624e+17,1.8463233892971489e-09,
1,line,11,Vegas t=$1.0\times 10^{4}$ s,2.3842867788067312e+17,2.0807466747076095e-09,
1,line,11,Vegas t=$1.0\times 10^{4}$ s,3.3752184532845626e+17,2.342348230454937e-09,
1,line,11,Vegas t=$1.0\times 10^{4}$ s,4.777990512153937e+17,2.633894256782371e-09,
1,line,11,Vegas t=$1.0\times 10^{4}$ s,6.763767634659977e+17,2.9582296722850017e-09,
1,line,11,Vegas t=$1.0\times 10^{4}$ s,9.574852126495786e+17,3.3182128874980927e-09,
1,line,11,Vegas t=$1.0\times 10^{4}$ s,1.3554249376408225e+18,3.7166292720230254e-09,
1,line,11,Vegas t=$1.0\times 10^{4}$ s,1.9187520990478205e+18,4.1560668559619265e-09,
1,line,11,Vegas t=$1.0\times 10^{4}$ s,2.7162032476755615e+18,4.638754217943746e-09,
1,line,11,Vegas t=$1.0\times 10^{4}$ s,3.845082481652776e+18,5.166363055413687e-09,
1,line,11,Vegas t=$1.0\times 10^{4}$ s,5.443134383763505e+18,5.739763604699101e-09,
1,line,11,Vegas t=$1.0\times 10^{4}$ s,7.705351461530494e+18,6.358741462997176e-09,
1,line,11,Vegas t=$1.0\times 10^{4}$ s,1.090776691510952e+19,7.021684641602634e-09,
1,line,11,Vegas t=$1.0\times 10^{4}$ s,1.5441135899948329e+19,7.725259850625175e-09,
1,line,11,Vegas t=$1.0\times 10^{4}$ s,2.185861503424665e+19,8.46410803328447e-09,
1,line,11,Vegas t=$1.0\times 10^{4}$ s,3.0943257951443616e+19,9.23060068460277e-09,
1,line,11,Vegas t=$1.0\times 10^{4}$ s,4.380356262962889e+19,1.0014707978269347e-08,
1,line,11,Vegas t=$1.0\times 10^{4}$ s,6.2008729076258095e+19,1.0804033579616798e-08,
1,line,11,Vegas t=$1.0\times 10^{4}$ s,8.778013135972526e+19,1.1584065151930275e-08,
1,line,11,Vegas t=$1.0\times 10^{4}$ s,1.2426236719115056e+20,1.2338670669929788e-08,
1,line,11,Vegas t=$1.0\times 10^{4}$ s,1.759069582234977e+20,1.3050838026538856e-08,
1,line,11,Vegas t=$1.0\times 10^{4}$ s,2.4901551974979007e+20,1.370361262205304e-08,
1,line,11,Vegas t=$1.0\times 10^{4}$ s,3.525086767600928e+20,1.428114308668266e-08,
1,line,11,Vegas t=$1.0\times 10^{4}$ s,4.990145486353981e+20,1.4769711956954477e-08,
1,line,11,Vegas t=$1.0\times 10^{4}$ s,7.064096181645561e+20,1.515860826906615e-08,
1,line,11,Vegas t=$1.0\times 10^{4}$ s,1e+21,1.5440729519097755e-08,
1,line,11,Vegas t=$1.0\times 10^{4}$ s,1.4156092644919856e+21,1.5612831535657073e-08,
1,line,11,Vegas t=$1.0\times 10^{4}$ s,2.0039495897155573e+21,1.5675384353943407e-08,
1,line,11,Vegas t=$1.0\times 10^{4}$ s,2.836809604776257e+21,1.5632100457793385e-08,
1,line,11,Vegas t=$1.0\times 10^{4}$ s,4.01581395812115e+21,1.5489190823960013e-08,
1,line,11,Vegas t=$1.0\times 10^{4}$ s,5.684823443592532e+21,1.5254458782379385e-08,
1,line,11,Vegas t=$1.0\times 10^{4}$ s,8.047488733750887e+21,1.49363279664115e-08,
1,line,11,Vegas t=$1.0\times 10^{4}$ s,1.1392099607392635e+22,1.4542889570814981e-08,
1,line,11,Vegas t=$1.0\times 10^{4}$ s,1.612676174624066e+22,1.4081010290330913e-08,
1,line,11,Vegas t=$1.0\times 10^{4}$ s,2.282919333423323e+22,1.3555537533080361e-08,
1,line,11,Vegas t=$1.0\times 10^{4}$ s,3.2317217584819514e+22,1.2968613069512314e-08,
1,line,11,Vegas t=$1.0\times 10^{4}$ s,4.5748552615673826e+22,1.2319122462603633e-08,
1,line,11,Vegas t=$1.0\times 10^{4}$ s,6.476207491984746e+22,1.160235170882115e-08,
1,line,11,Vegas t=$1.0\times 10^{4}$ s,9.167779324426014e+22,1.0810014810132407e-08,
1,line,11,Vegas t=$1.0\times 10^{4}$ s,1.2977993346475651e+23,9.930969370673425e-09,
1,line,11,Vegas t=$1.0\times 10^{4}$ s,1.837176761578628e+23,8.953149388866723e-09,
1,line,11,Vegas t=$1.0\times 10^{4}$ s,2.600724444200111e+23,7.867458663189112e-09,
1,line,11,Vegas t=$1.0\times 10^{4}$ s,3.681609617600448e+23,6.67439605776188e-09,
1,line,11,Vegas t=$1.0\times 10^{4}$ s,5.211720682918034e+23,5.393596510132272e-09,
1,line,11,Vegas t=$1.0\times 10^{4}$ s,7.377760082683267e+23,4.074562757245767e-09,
1,line,11,Vegas t=$1.0\times 10^{4}$ s,1.0444025524245678e+24,2.8030342364558155e-09,
1,line,11,Vegas t=$1.0\times 10^{4}$ s,1.4784659290712948e+24,1.6927463402146633e-09,
1,line,11,Vegas t=$1.0\times 10^{4}$ s,2.0929300664290934e+24,8.524173595895713e-10,
1,line,11,Vegas t=$1.0\times 10^{4}$ s,2.962771191970876e+24,3.3300317886778877e-10,
1,line,11,Vegas t=$1.0\times 10^{4}$ s,4.1941263479239357e+24,9.115521750193867e-11,
1,line,11,Vegas t=$1.0\times 10^{4}$ s,5.93724411457111e+24,1.5142541082367642e-11,
1,line,11,Vegas t=$1.0\times 10^{4}$ s,8.40481777413738e+24,1.2453544748398603e-12,
1,line,11,Vegas t=$1.0\times 10^{4}$ s,1.1897937907435881e+25,3.800145137172129e-14,
1,line,11,Vegas t=$1.0\times 10^{4}$ s,1.6842831130116624e+25,2.858940416721563e-16,
1,line,11,Vegas t=$1.0\times 10^{4}$ s,2.384286778806731e+25,2.971987769826021e-19,
1,line,11,Vegas t=$1.0\times 10^{4}$ s,3.3752184532845626e+25,1.8809252734078752e-23,
1,line,11,Vegas t=$1.0\times 10^{4}$ s,4.777990512153977e+25,2.27333635036875e-29,
1,line,11,Vegas t=$1.0\times 10^{4}$ s,6.763767634659977e+25,1.0183877148461505e-37,
1,line,11,Vegas t=$1.0\times 10^{4}$ s,9.574852126495787e+25,1.6634439098133225e-49,
1,line,11,Vegas t=$1.0\times 10^{4}$ s,1.3554249376408226e+26,3.7185194990685265e-66,
1,line,11,Vegas t=$1.0\times 10^{4}$ s,1.9187520990478362e+26,1.0882721347320684e-89,
1,line,11,Vegas t=$1.0\times 10^{4}$ s,2.7162032476755613e+26,5.751390910265755e-123,
1,line,11,Vegas t=$1.0\times 10^{4}$ s,3.845082481652776e+26,4.8906293845546405e-170,
1,line,11,Vegas t=$1.0\times 10^{4}$ s,5.443134383763505e+26,1.237706178807329e-236,
1,line,11,Vegas t=$1.0\times 10^{4}$ s,7.705351461530558e+26,0.0,
1,line,11,Vegas t=$1.0\times 10^{4}$ s,1.090776691510952e+27,0.0,
1,line,11,Vegas t=$1.0\times 10^{4}$ s,1.544113589994833e+27,0.0,
1,line,11,Vegas t=$1.0\times 10^{4}$ s,2.1858615034246653e+27,0.0,
1,line,11,Vegas t=$1.0\times 10^{4}$ s,3.094325795144362e+27,0.0,
1,line,11,Vegas t=$1.0\times 10^{4}$ s,4.380356262962889e+27,0.0,
1,line,11,Vegas t=$1.0\times 10^{4}$ s,6.20087290762581e+27,0.0,
1,line,11,Vegas t=$1.0\times 10^{4}$ s,8.778013135972453e+27,0.0,
1,line,11,Vegas t=$1.0\times 10^{4}$ s,1.2426236719115056e+28,0.0,
1,line,11,Vegas t=$1.0\times 10^{4}$ s,1.759069582234977e+28,0.0,
1,line,11,Vegas t=$1.0\times 10^{4}$ s,2.4901551974979007e+28,0.0,
1,line,11,Vegas t=$1.0\times 10^{4}$ s,3.525086767600899e+28,0.0,
1,line,11,Vegas t=$1.0\times 10^{4}$ s,4.990145486353981e+28,0.0,
1,line,11,Vegas t=$1.0\times 10^{4}$ s,7.064096181645562e+28,0.0,
1,line,11,Vegas t=$1.0\times 10^{4}$ s,1e+29,0.0,
1,line,12,ASGARD t=$1.0\times 10^{5}$ s,100000.0,4.143220825497281e-26,
1,line,12,ASGARD t=$1.0\times 10^{5}$ s,141560.92644919915,1.1753528629766223e-25,
1,line,12,ASGARD t=$1.0\times 10^{5}$ s,200394.95897155572,3.334252289923594e-25,
1,line,12,ASGARD t=$1.0\times 10^{5}$ s,283680.9604776268,9.458638863426299e-25,
1,line,12,ASGARD t=$1.0\times 10^{5}$ s,401581.39581211505,2.683235730304405e-24,
1,line,12,ASGARD t=$1.0\times 10^{5}$ s,568482.3443592555,7.611828814208661e-24,
1,line,12,ASGARD t=$1.0\times 10^{5}$ s,804748.8733750888,2.1593308870497263e-23,
1,line,12,ASGARD t=$1.0\times 10^{5}$ s,1139209.9607392682,6.078779392310463e-23,
1,line,12,ASGARD t=$1.0\times 10^{5}$ s,1612676.174624066,1.691882453468258e-22,
1,line,12,ASGARD t=$1.0\times 10^{5}$ s,2282919.333423333,4.709301726025922e-22,
1,line,12,ASGARD t=$1.0\times 10^{5}$ s,3231721.7584819514,1.3109171679175173e-21,
1,line,12,ASGARD t=$1.0\times 10^{5}$ s,4574855.261567401,3.3625863699702654e-21,
1,line,12,ASGARD t=$1.0\times 10^{5}$ s,6476207.491984746,6.720594647110377e-21,
1,line,12,ASGARD t=$1.0\times 10^{5}$ s,9167779.324426051,1.3443078765843657e-20,
1,line,12,ASGARD t=$1.0\times 10^{5}$ s,12977993.34647565,2.6911948969162323e-20,
1,line,12,ASGARD t=$1.0\times 10^{5}$ s,18371767.615786355,5.2930111181087994e-20,
1,line,12,ASGARD t=$1.0\times 10^{5}$ s,26007244.44200111,8.644467686356044e-20,
1,line,12,ASGARD t=$1.0\times 10^{5}$ s,36816096.176004626,1.4118299472641086e-19,
1,line,12,ASGARD t=$1.0\times 10^{5}$ s,52117206.82918034,2.305872051101528e-19,
1,line,12,ASGARD t=$1.0\times 10^{5}$ s,73777600.82683298,3.766142056444867e-19,
1,line,12,ASGARD t=$1.0\times 10^{5}$ s,104440255.24245678,6.011262546410804e-19,
1,line,12,ASGARD t=$1.0\times 10^{5}$ s,147846592.9071301,9.578021794166935e-19,
1,line,12,ASGARD t=$1.0\times 10^{5}$ s,209293006.64290932,1.5261106284598071e-18,
1,line,12,ASGARD t=$1.0\times 10^{5}$ s,296277119.1970864,2.431623235560891e-18,
1,line,12,ASGARD t=$1.0\times 10^{5}$ s,419412634.79239357,3.8672773703749504e-18,
1,line,12,ASGARD t=$1.0\times 10^{5}$ s,593724411.4571109,6.147111287964933e-18,
1,line,12,ASGARD t=$1.0\times 10^{5}$ s,840481777.4137379,9.770950870031894e-18,
1,line,12,ASGARD t=$1.0\times 10^{5}$ s,1189793790.7435882,1.553111314118137e-17,
1,line,12,ASGARD t=$1.0\times 10^{5}$ s,1684283113.0116625,2.4678617579661393e-17,
1,line,12,ASGARD t=$1.0\times 10^{5}$ s,2384286778.806731,3.9205114493194886e-17,
1,line,12,ASGARD t=$1.0\times 10^{5}$ s,3375218453.2845626,6.228229813285223e-17,
1,line,12,ASGARD t=$1.0\times 10^{5}$ s,4777990512.153976,9.894333301054061e-17,
1,line,12,ASGARD t=$1.0\times 10^{5}$ s,6763767634.659977,1.5711185206814395e-16,
1,line,12,ASGARD t=$1.0\times 10^{5}$ s,9574852126.495787,2.493332413188025e-16,
1,line,12,ASGARD t=$1.0\times 10^{5}$ s,13554249376.408226,3.956867022803151e-16,
1,line,12,ASGARD t=$1.0\times 10^{5}$ s,19187520990.478363,6.279466755103927e-16,
1,line,12,ASGARD t=$1.0\times 10^{5}$ s,27162032476.755615,9.957110718601989e-16,
1,line,12,ASGARD t=$1.0\times 10^{5}$ s,38450824816.52776,1.575496283929114e-15,
1,line,12,ASGARD t=$1.0\times 10^{5}$ s,54431343837.635056,2.492882187784455e-15,
1,line,12,ASGARD t=$1.0\times 10^{5}$ s,77053514615.30557,3.944449954482727e-15,
1,line,12,ASGARD t=$1.0\times 10^{5}$ s,109077669151.0952,6.2348656828438565e-15,
1,line,12,ASGARD t=$1.0\times 10^{5}$ s,154411358999.4833,9.779914113927727e-15,
1,line,12,ASGARD t=$1.0\times 10^{5}$ s,218586150342.46652,1.5340720017674906e-14,
1,line,12,ASGARD t=$1.0\times 10^{5}$ s,309432579514.43616,2.406352303235074e-14,
1,line,12,ASGARD t=$1.0\times 10^{5}$ s,438035626296.2889,3.774542530334306e-14,
1,line,12,ASGARD t=$1.0\times 10^{5}$ s,620087290762.5809,5.78216301799746e-14,
1,line,12,ASGARD t=$1.0\times 10^{5}$ s,877801313597.2452,8.847779313765809e-14,
1,line,12,ASGARD t=$1.0\times 10^{5}$ s,1242623671911.5056,1.3539385925591868e-13,
1,line,12,ASGARD t=$1.0\times 10^{5}$ s,1759069582234.9841,2.071974434986999e-13,
1,line,12,ASGARD t=$1.0\times 10^{5}$ s,2490155197497.901,3.0160074278354676e-13,
1,line,12,ASGARD t=$1.0\times 10^{5}$ s,3525086767600.913,4.333036635807633e-13,
1,line,12,ASGARD t=$1.0\times 10^{5}$ s,4990145486353.98,6.226607424468967e-13,
1,line,12,ASGARD t=$1.0\times 10^{5}$ s,7064096181645.59,8.949727708544012e-13,
1,line,12,ASGARD t=$1.0\times 10^{5}$ s,10000000000000.0,1.195813925957372e-12,
1,line,12,ASGARD t=$1.0\times 10^{5}$ s,14156092644919.916,1.5292490479975688e-12,
1,line,12,ASGARD t=$1.0\times 10^{5}$ s,20039495897155.574,1.956332438341829e-12,
1,line,12,ASGARD t=$1.0\times 10^{5}$ s,28368096047762.684,2.503556396051848e-12,
1,line,12,ASGARD t=$1.0\times 10^{5}$ s,40158139581211.5,3.13098084652208e-12,
1,line,12,ASGARD t=$1.0\times 10^{5}$ s,56848234435925.55,3.8081476272122965e-12,
1,line,12,ASGARD t=$1.0\times 10^{5}$ s,80474887337508.88,4.632058460153503e-12,
1,line,12,ASGARD t=$1.0\times 10^{5}$ s,113920996073926.83,5.634576118467006e-12,
1,line,12,ASGARD t=$1.0\times 10^{5}$ s,161267617462406.6,6.739746495113874e-12,
1,line,12,ASGARD t=$1.0\times 10^{5}$ s,228291933342333.28,7.744484536422785e-12,
1,line,12,ASGARD t=$1.0\times 10^{5}$ s,323172175848195.2,8.899372681807175e-12,
1,line,12,ASGARD t=$1.0\times 10^{5}$ s,457485526156740.1,1.0226904822646995e-11,
1,line,12,ASGARD t=$1.0\times 10^{5}$ s,647620749198474.6,1.1773347142574608e-11,
1,line,12,ASGARD t=$1.0\times 10^{5}$ s,916777932442605.1,1.369691742130356e-11,
1,line,12,ASGARD t=$1.0\times 10^{5}$ s,1297799334647565.0,1.593477137505908e-11,
1,line,12,ASGARD t=$1.0\times 10^{5}$ s,1837176761578635.5,1.8538259095380976e-11,
1,line,12,ASGARD t=$1.0\times 10^{5}$ s,2600724444200111.0,2.1564664506777927e-11,
1,line,12,ASGARD t=$1.0\times 10^{5}$ s,3681609617600463.0,2.4098989810298154e-11,
1,line,12,ASGARD t=$1.0\times 10^{5}$ s,5211720682918033.0,2.689481865591422e-11,
1,line,12,ASGARD t=$1.0\times 10^{5}$ s,7377760082683297.0,3.001500981198776e-11,
1,line,12,ASGARD t=$1.0\times 10^{5}$ s,1.0444025524245678e+16,3.349719536242549e-11,
1,line,12,ASGARD t=$1.0\times 10^{5}$ s,1.478465929071307e+16,3.820625077782072e-11,
1,line,12,ASGARD t=$1.0\times 10^{5}$ s,2.0929300664290932e+16,4.3806787112427715e-11,
1,line,12,ASGARD t=$1.0\times 10^{5}$ s,2.9627711919708516e+16,5.022867045297976e-11,
1,line,12,ASGARD t=$1.0\times 10^{5}$ s,4.194126347923935e+16,5.759241092209951e-11,
1,line,12,ASGARD t=$1.0\times 10^{5}$ s,5.9372441145711096e+16,6.490543276723262e-11,
1,line,12,ASGARD t=$1.0\times 10^{5}$ s,8.40481777413738e+16,7.244326987728664e-11,
1,line,12,ASGARD t=$1.0\times 10^{5}$ s,1.1897937907435784e+17,8.085745064205448e-11,
1,line,12,ASGARD t=$1.0\times 10^{5}$ s,1.6842831130116624e+17,9.02499668767674e-11,
1,line,12,ASGARD t=$1.0\times 10^{5}$ s,2.3842867788067312e+17,1.0078557228191313e-10,
1,line,12,ASGARD t=$1.0\times 10^{5}$ s,3.3752184532845626e+17,1.1265151233234392e-10,
1,line,12,ASGARD t=$1.0\times 10^{5}$ s,4.777990512153937e+17,1.2591743361230874e-10,
1,line,12,ASGARD t=$1.0\times 10^{5}$ s,6.763767634659977e+17,1.4074885660249622e-10,
1,line,12,ASGARD t=$1.0\times 10^{5}$ s,9.574852126495786e+17,1.573719078188664e-10,
1,line,12,ASGARD t=$1.0\times 10^{5}$ s,1.3554249376408225e+18,1.7597447085867724e-10,
1,line,12,ASGARD t=$1.0\times 10^{5}$ s,1.9187520990478205e+18,1.9677819964201478e-10,
1,line,12,ASGARD t=$1.0\times 10^{5}$ s,2.7162032476755615e+18,2.200438085136078e-10,
1,line,12,ASGARD t=$1.0\times 10^{5}$ s,3.845082481652776e+18,2.4425772501967975e-10,
1,line,12,ASGARD t=$1.0\times 10^{5}$ s,5.443134383763505e+18,2.609020120409854e-10,
1,line,12,ASGARD t=$1.0\times 10^{5}$ s,7.705351461530494e+18,2.7868307253337953e-10,
1,line,12,ASGARD t=$1.0\times 10^{5}$ s,1.090776691510952e+19,2.976787252488677e-10,
1,line,12,ASGARD t=$1.0\times 10^{5}$ s,1.5441135899948329e+19,3.1801160779431117e-10,
1,line,12,ASGARD t=$1.0\times 10^{5}$ s,2.185861503424665e+19,3.440265567932988e-10,
1,line,12,ASGARD t=$1.0\times 10^{5}$ s,3.0943257951443616e+19,3.722211242550648e-10,
1,line,12,ASGARD t=$1.0\times 10^{5}$ s,4.380356262962889e+19,4.0272651041146283e-10,
1,line,12,ASGARD t=$1.0\times 10^{5}$ s,6.2008729076258095e+19,4.3573212102498306e-10,
1,line,12,ASGARD t=$1.0\times 10^{5}$ s,8.778013135972526e+19,4.3255534962204486e-10,
1,line,12,ASGARD t=$1.0\times 10^{5}$ s,1.2426236719115056e+20,4.220283295712806e-10,
1,line,12,ASGARD t=$1.0\times 10^{5}$ s,1.759069582234977e+20,4.117587337502933e-10,
1,line,12,ASGARD t=$1.0\times 10^{5}$ s,2.4901551974979007e+20,4.0174023952427487e-10,
1,line,12,ASGARD t=$1.0\times 10^{5}$ s,3.525086767600928e+20,3.921547757500507e-10,
1,line,12,ASGARD t=$1.0\times 10^{5}$ s,4.990145486353981e+20,3.8298740977863006e-10,
1,line,12,ASGARD t=$1.0\times 10^{5}$ s,7.064096181645561e+20,3.7404556964693794e-10,
1,line,12,ASGARD t=$1.0\times 10^{5}$ s,1e+21,3.653234275790045e-10,
1,line,12,ASGARD t=$1.0\times 10^{5}$ s,1.4156092644919856e+21,3.3413281594090336e-10,
1,line,12,ASGARD t=$1.0\times 10^{5}$ s,2.0039495897155573e+21,2.8660928190421584e-10,
1,line,12,ASGARD t=$1.0\times 10^{5}$ s,2.836809604776257e+21,2.458569911853069e-10,
1,line,12,ASGARD t=$1.0\times 10^{5}$ s,4.01581395812115e+21,2.109094857882897e-10,
1,line,12,ASGARD t=$1.0\times 10^{5}$ s,5.684823443592532e+21,1.844043364738547e-10,
1,line,12,ASGARD t=$1.0\times 10^{5}$ s,8.047488733750887e+21,1.6728787267098512e-10,
1,line,12,ASGARD t=$1.0\times 10^{5}$ s,1.1392099607392635e+22,1.517710508897146e-10,
1,line,12,ASGARD t=$1.0\times 10^{5}$ s,1.612676174624066e+22,1.3770335402985177e-10,
1,line,12,ASGARD t=$1.0\times 10^{5}$ s,2.282919333423323e+22,1.2473698119188378e-10,
1,line,12,ASGARD t=$1.0\times 10^{5}$ s,3.2317217584819514e+22,1.1200218037494814e-10,
1,line,12,ASGARD t=$1.0\times 10^{5}$ s,4.5748552615673826e+22,1.0056869961643336e-10,
1,line,12,ASGARD t=$1.0\times 10^{5}$ s,6.476207491984746e+22,9.030344149101774e-11,
1,line,12,ASGARD t=$1.0\times 10^{5}$ s,9.167779324426014e+22,8.079543751532878e-11,
1,line,12,ASGARD t=$1.0\times 10^{5}$ s,1.2977993346475651e+23,6.184828694512756e-11,
1,line,12,ASGARD t=$1.0\times 10^{5}$ s,1.837176761578628e+23,4.73436366842658e-11,
1,line,12,ASGARD t=$1.0\times 10^{5}$ s,2.600724444200111e+23,3.624514929799627e-11,
1,line,12,ASGARD t=$1.0\times 10^{5}$ s,3.681609617600448e+23,2.7751902670222387e-11,
1,line,12,ASGARD t=$1.0\times 10^{5}$ s,5.211720682918034e+23,1.8834918159255374e-11,
1,line,12,ASGARD t=$1.0\times 10^{5}$ s,7.377760082683267e+23,1.252482253183723e-11,
1,line,12,ASGARD t=$1.0\times 10^{5}$ s,1.0444025524245678e+24,8.330169174151747e-12,
1,line,12,ASGARD t=$1.0\times 10^{5}$ s,1.4784659290712948e+24,5.541280989681352e-12,
1,line,12,ASGARD t=$1.0\times 10^{5}$ s,2.0929300664290934e+24,3.2873046685133185e-12,
1,line,12,ASGARD t=$1.0\times 10^{5}$ s,2.962771191970876e+24,1.8556432118436207e-12,
1,line,12,ASGARD t=$1.0\times 10^{5}$ s,4.1941263479239357e+24,1.0475796280930541e-12,
1,line,12,ASGARD t=$1.0\times 10^{5}$ s,5.93724411457111e+24,5.914498003352747e-13,
1,line,12,ASGARD t=$1.0\times 10^{5}$ s,8.40481777413738e+24,2.842578229749264e-13,
1,line,12,ASGARD t=$1.0\times 10^{5}$ s,1.1897937907435881e+25,1.1849598994821872e-13,
1,line,12,ASGARD t=$1.0\times 10^{5}$ s,1.6842831130116624e+25,4.9429434493787375e-14,
1,line,12,ASGARD t=$1.0\times 10^{5}$ s,2.384286778806731e+25,2.063295607840247e-14,
1,line,12,ASGARD t=$1.0\times 10^{5}$ s,3.3752184532845626e+25,6.96721770650012e-15,
1,line,12,ASGARD t=$1.0\times 10^{5}$ s,4.777990512153977e+25,1.6564796351163125e-15,
1,line,12,ASGARD t=$1.0\times 10^{5}$ s,6.763767634659977e+25,3.955969313588084e-16,
1,line,12,ASGARD t=$1.0\times 10^{5}$ s,9.574852126495787e+25,9.48847611147465e-17,
1,line,12,ASGARD t=$1.0\times 10^{5}$ s,1.3554249376408226e+26,1.8931720125517894e-17,
1,line,12,ASGARD t=$1.0\times 10^{5}$ s,1.9187520990478362e+26,1.8013561453162667e-18,
1,line,12,ASGARD t=$1.0\times 10^{5}$ s,2.7162032476755613e+26,1.7159914654116915e-19,
1,line,12,ASGARD t=$1.0\times 10^{5}$ s,3.845082481652776e+26,1.6365498097304922e-20,
1,line,12,ASGARD t=$1.0\times 10^{5}$ s,5.443134383763505e+26,1.7314667590591863e-21,
1,line,12,ASGARD t=$1.0\times 10^{5}$ s,7.705351461530558e+26,1.8561443895790205e-21,
1,line,12,ASGARD t=$1.0\times 10^{5}$ s,1.090776691510952e+27,1.7853782868230185e-21,
1,line,12,ASGARD t=$1.0\times 10^{5}$ s,1.544113589994833e+27,1.3351762989492692e-21,
1,line,12,ASGARD t=$1.0\times 10^{5}$ s,2.1858615034246653e+27,2.0236779167943046e-22,
1,line,12,ASGARD t=$1.0\times 10^{5}$ s,3.094325795144362e+27,0.0,
1,line,12,ASGARD t=$1.0\times 10^{5}$ s,4.380356262962889e+27,0.0,
1,line,12,ASGARD t=$1.0\times 10^{5}$ s,6.20087290762581e+27,0.0,
1,line,12,ASGARD t=$1.0\times 10^{5}$ s,8.778013135972453e+27,0.0,
1,line,12,ASGARD t=$1.0\times 10^{5}$ s,1.2426236719115056e+28,0.0,
1,line,12,ASGARD t=$1.0\times 10^{5}$ s,1.759069582234977e+28,0.0,
1,line,12,ASGARD t=$1.0\times 10^{5}$ s,2.4901551974979007e+28,0.0,
1,line,12,ASGARD t=$1.0\times 10^{5}$ s,3.525086767600899e+28,0.0,
1,line,12,ASGARD t=$1.0\times 10^{5}$ s,4.990145486353981e+28,0.0,
1,line,12,ASGARD t=$1.0\times 10^{5}$ s,7.064096181645562e+28,0.0,
1,line,12,ASGARD t=$1.0\times 10^{5}$ s,1e+29,0.0,
1,line,13,ASGARD+had t=$1.0\times 10^{5}$ s,100000.0,2.1457221510659263e-26,
1,line,13,ASGARD+had t=$1.0\times 10^{5}$ s,141560.92644919915,6.093821911918077e-26,
1,line,13,ASGARD+had t=$1.0\times 10^{5}$ s,200394.95897155572,1.7312816461933943e-25,
1,line,13,ASGARD+had t=$1.0\times 10^{5}$ s,283680.9604776268,4.925613784382712e-25,
1,line,13,ASGARD+had t=$1.0\times 10^{5}$ s,401581.39581211505,1.4028834667449702e-24,
1,line,13,ASGARD+had t=$1.0\times 10^{5}$ s,568482.3443592555,3.996260057799447e-24,
1,line,13,ASGARD+had t=$1.0\times 10^{5}$ s,804748.8733750888,1.138511176323912e-23,
1,line,13,ASGARD+had t=$1.0\times 10^{5}$ s,1139209.9607392682,3.242906268477941e-23,
1,line,13,ASGARD+had t=$1.0\times 10^{5}$ s,1612676.174624066,9.233785368732163e-23,
1,line,13,ASGARD+had t=$1.0\times 10^{5}$ s,2282919.333423333,2.629334903187055e-22,
1,line,13,ASGARD+had t=$1.0\times 10^{5}$ s,3231721.7584819514,7.48732882134557e-22,
1,line,13,ASGARD+had t=$1.0\times 10^{5}$ s,4574855.261567401,2.0477856062575082e-21,
1,line,13,ASGARD+had t=$1.0\times 10^{5}$ s,6476207.491984746,4.949769717104891e-21,
1,line,13,ASGARD+had t=$1.0\times 10^{5}$ s,9167779.324426051,1.1971403065508732e-20,
1,line,13,ASGARD+had t=$1.0\times 10^{5}$ s,12977993.34647565,2.8970832672095695e-20,
1,line,13,ASGARD+had t=$1.0\times 10^{5}$ s,18371767.615786355,6.801766323003696e-20,
1,line,13,ASGARD+had t=$1.0\times 10^{5}$ s,26007244.44200111,1.1650725994320237e-19,
1,line,13,ASGARD+had t=$1.0\times 10^{5}$ s,36816096.176004626,1.9958544598777054e-19,
1,line,13,ASGARD+had t=$1.0\times 10^{5}$ s,52117206.82918034,3.4193917344476507e-19,
1,line,13,ASGARD+had t=$1.0\times 10^{5}$ s,73777600.82683298,5.858852667681996e-19,
1,line,13,ASGARD+had t=$1.0\times 10^{5}$ s,104440255.24245678,9.42106761930164e-19,
1,line,13,ASGARD+had t=$1.0\times 10^{5}$ s,147846592.9071301,1.5076396443499713e-18,
1,line,13,ASGARD+had t=$1.0\times 10^{5}$ s,209293006.64290932,2.412657165003025e-18,
1,line,13,ASGARD+had t=$1.0\times 10^{5}$ s,296277119.1970864,3.860950601516873e-18,
1,line,13,ASGARD+had t=$1.0\times 10^{5}$ s,419412634.79239357,6.1454893074421745e-18,
1,line,13,ASGARD+had t=$1.0\times 10^{5}$ s,593724411.4571109,9.765862892868273e-18,
1,line,13,ASGARD+had t=$1.0\times 10^{5}$ s,840481777.4137379,1.5519039563299336e-17,
1,line,13,ASGARD+had t=$1.0\times 10^{5}$ s,1189793790.7435882,2.4661478077445023e-17,
1,line,13,ASGARD+had t=$1.0\times 10^{5}$ s,1684283113.0116625,3.914544064440466e-17,
1,line,13,ASGARD+had t=$1.0\times 10^{5}$ s,2384286778.806731,6.209007124740981e-17,
1,line,13,ASGARD+had t=$1.0\times 10^{5}$ s,3375218453.2845626,9.848343610418237e-17,
1,line,13,ASGARD+had t=$1.0\times 10^{5}$ s,4777990512.153976,1.562083645285115e-16,
1,line,13,ASGARD+had t=$1.0\times 10^{5}$ s,6763767634.659977,2.4741521198680374e-16,
1,line,13,ASGARD+had t=$1.0\times 10^{5}$ s,9574852126.495787,3.9117340704526254e-16,
1,line,13,ASGARD+had t=$1.0\times 10^{5}$ s,13554249376.408226,6.184613205098759e-16,
1,line,13,ASGARD+had t=$1.0\times 10^{5}$ s,19187520990.478363,9.77813567954845e-16,
1,line,13,ASGARD+had t=$1.0\times 10^{5}$ s,27162032476.755615,1.5427107905524476e-15,
1,line,13,ASGARD+had t=$1.0\times 10^{5}$ s,38450824816.52776,2.4208045034651344e-15,
1,line,13,ASGARD+had t=$1.0\times 10^{5}$ s,54431343837.635056,3.798713489944558e-15,
1,line,13,ASGARD+had t=$1.0\times 10^{5}$ s,77053514615.30557,5.960943135247878e-15,
1,line,13,ASGARD+had t=$1.0\times 10^{5}$ s,109077669151.0952,9.334598134356748e-15,
1,line,13,ASGARD+had t=$1.0\times 10^{5}$ s,154411358999.4833,1.4391510239006583e-14,
1,line,13,ASGARD+had t=$1.0\times 10^{5}$ s,218586150342.46652,2.2188395601245173e-14,
1,line,13,ASGARD+had t=$1.0\times 10^{5}$ s,309432579514.43616,3.421009045513028e-14,
1,line,13,ASGARD+had t=$1.0\times 10^{5}$ s,438035626296.2889,5.274412944713034e-14,
1,line,13,ASGARD+had t=$1.0\times 10^{5}$ s,620087290762.5809,7.834376215655142e-14,
1,line,13,ASGARD+had t=$1.0\times 10^{5}$ s,877801313597.2452,1.1616701276615045e-13,
1,line,13,ASGARD+had t=$1.0\times 10^{5}$ s,1242623671911.5056,1.7226867053719782e-13,
1,line,13,ASGARD+had t=$1.0\times 10^{5}$ s,1759069582234.9841,2.554906146497002e-13,
1,line,13,ASGARD+had t=$1.0\times 10^{5}$ s,2490155197497.901,3.552964053696637e-13,
1,line,13,ASGARD+had t=$1.0\times 10^{5}$ s,3525086767600.913,4.859457504082479e-13,
1,line,13,ASGARD+had t=$1.0\times 10^{5}$ s,4990145486353.98,6.649596432556697e-13,
1,line,13,ASGARD+had t=$1.0\times 10^{5}$ s,7064096181645.59,9.103612844215443e-13,
1,line,13,ASGARD+had t=$1.0\times 10^{5}$ s,10000000000000.0,1.1904239342690611e-12,
1,line,13,ASGARD+had t=$1.0\times 10^{5}$ s,14156092644919.916,1.5139682050860917e-12,
1,line,13,ASGARD+had t=$1.0\times 10^{5}$ s,20039495897155.574,1.9261515295692862e-12,
1,line,13,ASGARD+had t=$1.0\times 10^{5}$ s,28368096047762.684,2.4514505144936918e-12,
1,line,13,ASGARD+had t=$1.0\times 10^{5}$ s,40158139581211.5,3.002772437572759e-12,
1,line,13,ASGARD+had t=$1.0\times 10^{5}$ s,56848234435925.55,3.5135518630869383e-12,
1,line,13,ASGARD+had t=$1.0\times 10^{5}$ s,80474887337508.88,4.1117037844293974e-12,
1,line,13,ASGARD+had t=$1.0\times 10^{5}$ s,113920996073926.83,4.81225727883413e-12,
1,line,13,ASGARD+had t=$1.0\times 10^{5}$ s,161267617462406.6,5.602281690120626e-12,
1,line,13,ASGARD+had t=$1.0\times 10^{5}$ s,228291933342333.28,6.4332601721760075e-12,
1,line,13,ASGARD+had t=$1.0\times 10^{5}$ s,323172175848195.2,7.387510731087311e-12,
1,line,13,ASGARD+had t=$1.0\times 10^{5}$ s,457485526156740.1,8.48332236562048e-12,
1,line,13,ASGARD+had t=$1.0\times 10^{5}$ s,647620749198474.6,9.707597550304686e-12,
1,line,13,ASGARD+had t=$1.0\times 10^{5}$ s,916777932442605.1,1.0866999237596834e-11,
1,line,13,ASGARD+had t=$1.0\times 10^{5}$ s,1297799334647565.0,1.2165118737683206e-11,
1,line,13,ASGARD+had t=$1.0\times 10^{5}$ s,1837176761578635.5,1.3618582808786888e-11,
1,line,13,ASGARD+had t=$1.0\times 10^{5}$ s,2600724444200111.0,1.5247455438783665e-11,
1,line,13,ASGARD+had t=$1.0\times 10^{5}$ s,3681609617600463.0,1.7467162538498597e-11,
1,line,13,ASGARD+had t=$1.0\times 10^{5}$ s,5211720682918033.0,2.0023635557212113e-11,
1,line,13,ASGARD+had t=$1.0\times 10^{5}$ s,7377760082683297.0,2.295440967700745e-11,
1,line,13,ASGARD+had t=$1.0\times 10^{5}$ s,1.0444025524245678e+16,2.6314307684486767e-11,
1,line,13,ASGARD+had t=$1.0\times 10^{5}$ s,1.478465929071307e+16,2.9234166949844834e-11,
1,line,13,ASGARD+had t=$1.0\times 10^{5}$ s,2.0929300664290932e+16,3.2238773622520076e-11,
1,line,13,ASGARD+had t=$1.0\times 10^{5}$ s,2.9627711919708516e+16,3.5552213104587056e-11,
1,line,13,ASGARD+had t=$1.0\times 10^{5}$ s,4.194126347923935e+16,3.9206232086409577e-11,
1,line,13,ASGARD+had t=$1.0\times 10^{5}$ s,5.9372441145711096e+16,4.4257322301201105e-11,
1,line,13,ASGARD+had t=$1.0\times 10^{5}$ s,8.40481777413738e+16,5.060536792425866e-11,
1,line,13,ASGARD+had t=$1.0\times 10^{5}$ s,1.1897937907435784e+17,5.786401009622501e-11,
1,line,13,ASGARD+had t=$1.0\times 10^{5}$ s,1.6842831130116624e+17,6.616387874805287e-11,
1,line,13,ASGARD+had t=$1.0\times 10^{5}$ s,2.3842867788067312e+17,7.402654525752746e-11,
1,line,13,ASGARD+had t=$1.0\times 10^{5}$ s,3.3752184532845626e+17,8.090415802091097e-11,
1,line,13,ASGARD+had t=$1.0\times 10^{5}$ s,4.777990512153937e+17,8.842135996050618e-11,
1,line,13,ASGARD+had t=$1.0\times 10^{5}$ s,6.763767634659977e+17,9.663768735467605e-11,
1,line,13,ASGARD+had t=$1.0\times 10^{5}$ s,9.574852126495786e+17,1.0621029675450441e-10,
1,line,13,ASGARD+had t=$1.0\times 10^{5}$ s,1.3554249376408225e+18,1.1818064543070548e-10,
1,line,13,ASGARD+had t=$1.0\times 10^{5}$ s,1.9187520990478205e+18,1.3150328173729256e-10,
1,line,13,ASGARD+had t=$1.0\times 10^{5}$ s,2.7162032476755615e+18,1.4633132669836791e-10,
1,line,13,ASGARD+had t=$1.0\times 10^{5}$ s,3.845082481652776e+18,1.6190072952449114e-10,
1,line,13,ASGARD+had t=$1.0\times 10^{5}$ s,5.443134383763505e+18,1.7350265555823068e-10,
1,line,13,ASGARD+had t=$1.0\times 10^{5}$ s,7.705351461530494e+18,1.8594019993297174e-10,
1,line,13,ASGARD+had t=$1.0\times 10^{5}$ s,1.090776691510952e+19,1.992738509583989e-10,
1,line,13,ASGARD+had t=$1.0\times 10^{5}$ s,1.5441135899948329e+19,2.135037672797896e-10,
1,line,13,ASGARD+had t=$1.0\times 10^{5}$ s,2.185861503424665e+19,2.2414577558203072e-10,
1,line,13,ASGARD+had t=$1.0\times 10^{5}$ s,3.0943257951443616e+19,2.3529218990878235e-10,
1,line,13,ASGARD+had t=$1.0\times 10^{5}$ s,4.380356262962889e+19,2.4700586246659507e-10,
1,line,13,ASGARD+had t=$1.0\times 10^{5}$ s,6.2008729076258095e+19,2.5931628850358737e-10,
1,line,13,ASGARD+had t=$1.0\times 10^{5}$ s,8.778013135972526e+19,2.6908118346309575e-10,
1,line,13,ASGARD+had t=$1.0\times 10^{5}$ s,1.2426236719115056e+20,2.784849358324787e-10,
1,line,13,ASGARD+had t=$1.0\times 10^{5}$ s,1.759069582234977e+20,2.882276319620141e-10,
1,line,13,ASGARD+had t=$1.0\times 10^{5}$ s,2.4901551974979007e+20,2.9832183879318845e-10,
1,line,13,ASGARD+had t=$1.0\times 10^{5}$ s,3.525086767600928e+20,2.965421161379579e-10,
1,line,13,ASGARD+had t=$1.0\times 10^{5}$ s,4.990145486353981e+20,2.890843784071448e-10,
1,line,13,ASGARD+had t=$1.0\times 10^{5}$ s,7.064096181645561e+20,2.8182646592243766e-10,
1,line,13,ASGARD+had t=$1.0\times 10^{5}$ s,1e+21,2.7476274890410257e-10,
1,line,13,ASGARD+had t=$1.0\times 10^{5}$ s,1.4156092644919856e+21,2.7164920605397773e-10,
1,line,13,ASGARD+had t=$1.0\times 10^{5}$ s,2.0039495897155573e+21,2.721291878269088e-10,
1,line,13,ASGARD+had t=$1.0\times 10^{5}$ s,2.836809604776257e+21,2.7261719578251974e-10,
1,line,13,ASGARD+had t=$1.0\times 10^{5}$ s,4.01581395812115e+21,2.731132618599309e-10,
1,line,13,ASGARD+had t=$1.0\times 10^{5}$ s,5.684823443592532e+21,2.648270226058601e-10,
1,line,13,ASGARD+had t=$1.0\times 10^{5}$ s,8.047488733750887e+21,2.414645658223843e-10,
1,line,13,ASGARD+had t=$1.0\times 10^{5}$ s,1.1392099607392635e+22,2.201641094385961e-10,
1,line,13,ASGARD+had t=$1.0\times 10^{5}$ s,1.612676174624066e+22,2.0074357067326453e-10,
1,line,13,ASGARD+had t=$1.0\times 10^{5}$ s,2.282919333423323e+22,1.8461194060536772e-10,
1,line,13,ASGARD+had t=$1.0\times 10^{5}$ s,3.2317217584819514e+22,1.7640249709933195e-10,
1,line,13,ASGARD+had t=$1.0\times 10^{5}$ s,4.5748552615673826e+22,1.6855837064315354e-10,
1,line,13,ASGARD+had t=$1.0\times 10^{5}$ s,6.476207491984746e+22,1.6106329325366048e-10,
1,line,13,ASGARD+had t=$1.0\times 10^{5}$ s,9.167779324426014e+22,1.5329240611885505e-10,
1,line,13,ASGARD+had t=$1.0\times 10^{5}$ s,1.2977993346475651e+23,1.2080365779693467e-10,
1,line,13,ASGARD+had t=$1.0\times 10^{5}$ s,1.837176761578628e+23,9.51850630889102e-11,
1,line,13,ASGARD+had t=$1.0\times 10^{5}$ s,2.600724444200111e+23,7.500072913858447e-11,
1,line,13,ASGARD+had t=$1.0\times 10^{5}$ s,3.681609617600448e+23,5.909764332241227e-11,
1,line,13,ASGARD+had t=$1.0\times 10^{5}$ s,5.211720682918034e+23,4.625712836204676e-11,
1,line,13,ASGARD+had t=$1.0\times 10^{5}$ s,7.377760082683267e+23,3.617246870553183e-11,
1,line,13,ASGARD+had t=$1.0\times 10^{5}$ s,1.0444025524245678e+24,2.8286528903073105e-11,
1,line,13,ASGARD+had t=$1.0\times 10^{5}$ s,1.4784659290712948e+24,2.2119901597788095e-11,
1,line,13,ASGARD+had t=$1.0\times 10^{5}$ s,2.0929300664290934e+24,1.2929671356992754e-11,
1,line,13,ASGARD+had t=$1.0\times 10^{5}$ s,2.962771191970876e+24,6.651655040263439e-12,
1,line,13,ASGARD+had t=$1.0\times 10^{5}$ s,4.1941263479239357e+24,3.4219781493252852e-12,
1,line,13,ASGARD+had t=$1.0\times 10^{5}$ s,5.93724411457111e+24,1.7604758142467892e-12,
1,line,13,ASGARD+had t=$1.0\times 10^{5}$ s,8.40481777413738e+24,8.735926942016548e-13,
1,line,13,ASGARD+had t=$1.0\times 10^{5}$ s,1.1897937907435881e+25,4.199385172543001e-13,
1,line,13,ASGARD+had t=$1.0\times 10^{5}$ s,1.6842831130116624e+25,2.019439746315146e-13,
1,line,13,ASGARD+had t=$1.0\times 10^{5}$ s,2.384286778806731e+25,9.715015667621391e-14,
1,line,13,ASGARD+had t=$1.0\times 10^{5}$ s,3.3752184532845626e+25,3.4164033852977736e-14,
1,line,13,ASGARD+had t=$1.0\times 10^{5}$ s,4.777990512153977e+25,7.077613272953837e-15,
1,line,13,ASGARD+had t=$1.0\times 10^{5}$ s,6.763767634659977e+25,1.4670296626975301e-15,
1,line,13,ASGARD+had t=$1.0\times 10^{5}$ s,9.574852126495787e+25,3.045422941192481e-16,
1,line,13,ASGARD+had t=$1.0\times 10^{5}$ s,1.3554249376408226e+26,7.391327389498236e-17,
1,line,13,ASGARD+had t=$1.0\times 10^{5}$ s,1.9187520990478362e+26,3.2302400346902306e-17,
1,line,13,ASGARD+had t=$1.0\times 10^{5}$ s,2.7162032476755613e+26,1.4519124394953587e-17,
1,line,13,ASGARD+had t=$1.0\times 10^{5}$ s,3.845082481652776e+26,6.954358702191045e-18,
1,line,13,ASGARD+had t=$1.0\times 10^{5}$ s,5.443134383763505e+26,3.855694418628803e-18,
1,line,13,ASGARD+had t=$1.0\times 10^{5}$ s,7.705351461530558e+26,3.2883856257399693e-18,
1,line,13,ASGARD+had t=$1.0\times 10^{5}$ s,1.090776691510952e+27,3.0357514183887585e-18,
1,line,13,ASGARD+had t=$1.0\times 10^{5}$ s,1.544113589994833e+27,3.0280403620077984e-18,
1,line,13,ASGARD+had t=$1.0\times 10^{5}$ s,2.1858615034246653e+27,3.223566060447428e-18,
1,line,13,ASGARD+had t=$1.0\times 10^{5}$ s,3.094325795144362e+27,3.483266166515341e-18,
1,line,13,ASGARD+had t=$1.0\times 10^{5}$ s,4.380356262962889e+27,3.9883049164084124e-18,
1,line,13,ASGARD+had t=$1.0\times 10^{5}$ s,6.20087290762581e+27,4.7056714542054084e-18,
1,line,13,ASGARD+had t=$1.0\times 10^{5}$ s,8.778013135972453e+27,5.623738260663262e-18,
1,line,13,ASGARD+had t=$1.0\times 10^{5}$ s,1.2426236719115056e+28,6.641612208979897e-18,
1,line,13,ASGARD+had t=$1.0\times 10^{5}$ s,1.759069582234977e+28,7.820172610300334e-18,
1,line,13,ASGARD+had t=$1.0\times 10^{5}$ s,2.4901551974979007e+28,9.217314744360131e-18,
1,line,13,ASGARD+had t=$1.0\times 10^{5}$ s,3.525086767600899e+28,1.0866533831379948e-17,
1,line,13,ASGARD+had t=$1.0\times 10^{5}$ s,4.990145486353981e+28,1.2746844476575542e-17,
1,line,13,ASGARD+had t=$1.0\times 10^{5}$ s,7.064096181645562e+28,1.489313380228484e-17,
1,line,13,ASGARD+had t=$1.0\times 10^{5}$ s,1e+29,1.740081920221863e-17,
1,line,14,had-only t=$1.0\times 10^{5}$ s,100000.0,1.153295487987564e-28,
1,line,14,had-only t=$1.0\times 10^{5}$ s,141560.92644919915,2.415710844680012e-28,
1,line,14,had-only t=$1.0\times 10^{5}$ s,200394.95897155572,5.060077211864863e-28,
1,line,14,had-only t=$1.0\times 10^{5}$ s,283680.9604776268,1.0505690509061928e-27,
1,line,14,had-only t=$1.0\times 10^{5}$ s,401581.39581211505,2.166461144982619e-27,
1,line,14,had-only t=$1.0\times 10^{5}$ s,568482.3443592555,4.467662894085729e-27,
1,line,14,had-only t=$1.0\times 10^{5}$ s,804748.8733750888,9.213254698895997e-27,
1,line,14,had-only t=$1.0\times 10^{5}$ s,1139209.9607392682,1.889750267300312e-26,
1,line,14,had-only t=$1.0\times 10^{5}$ s,1612676.174624066,3.845399848422863e-26,
1,line,14,had-only t=$1.0\times 10^{5}$ s,2282919.333423333,7.824914087378451e-26,
1,line,14,had-only t=$1.0\times 10^{5}$ s,3231721.7584819514,1.5922770469677165e-25,
1,line,14,had-only t=$1.0\times 10^{5}$ s,4574855.261567401,3.102768044560699e-25,
1,line,14,had-only t=$1.0\times 10^{5}$ s,6476207.491984746,5.27579803932944e-25,
1,line,14,had-only t=$1.0\times 10^{5}$ s,9167779.324426051,8.975980168050033e-25,
1,line,14,had-only t=$1.0\times 10^{5}$ s,12977993.34647565,1.5280265796733842e-24,
1,line,14,had-only t=$1.0\times 10^{5}$ s,18371767.615786355,2.530269778804698e-24,
1,line,14,had-only t=$1.0\times 10^{5}$ s,26007244.44200111,3.0668935239603767e-24,
1,line,14,had-only t=$1.0\times 10^{5}$ s,36816096.176004626,3.717682342130892e-24,
1,line,14,had-only t=$1.0\times 10^{5}$ s,52117206.82918034,4.507000850244409e-24,
1,line,14,had-only t=$1.0\times 10^{5}$ s,73777600.82683298,5.464429770420159e-24,
1,line,14,had-only t=$1.0\times 10^{5}$ s,104440255.24245678,6.243528000197803e-24,
1,line,14,had-only t=$1.0\times 10^{5}$ s,147846592.9071301,7.09849808406126e-24,
1,line,14,had-only t=$1.0\times 10^{5}$ s,209293006.64290932,8.070553163109774e-24,
1,line,14,had-only t=$1.0\times 10^{5}$ s,296277119.1970864,9.175728684280767e-24,
1,line,14,had-only t=$1.0\times 10^{5}$ s,419412634.79239357,1.0383943438699734e-23,
1,line,14,had-only t=$1.0\times 10^{5}$ s,593724411.4571109,1.1734122661513211e-23,
1,line,14,had-only t=$1.0\times 10^{5}$ s,840481777.4137379,1.3259859952137058e-23,
1,line,14,had-only t=$1.0\times 10^{5}$ s,1189793790.7435882,1.4983982394165765e-23,
1,line,14,had-only t=$1.0\times 10^{5}$ s,1684283113.0116625,1.692679881562405e-23,
1,line,14,had-only t=$1.0\times 10^{5}$ s,2384286778.806731,1.911736230982166e-23,
1,line,14,had-only t=$1.0\times 10^{5}$ s,3375218453.2845626,2.1591415228460047e-23,
1,line,14,had-only t=$1.0\times 10^{5}$ s,4777990512.153976,2.438564505150241e-23,
1,line,14,had-only t=$1.0\times 10^{5}$ s,6763767634.659977,2.7540916399394163e-23,
1,line,14,had-only t=$1.0\times 10^{5}$ s,9574852126.495787,3.1103616183637795e-23,
1,line,14,had-only t=$1.0\times 10^{5}$ s,13554249376.408226,3.51271876968164e-23,
1,line,14,had-only t=$1.0\times 10^{5}$ s,19187520990.478363,3.967124942027165e-23,
1,line,14,had-only t=$1.0\times 10^{5}$ s,27162032476.755615,4.4802742491529676e-23,
1,line,14,had-only t=$1.0\times 10^{5}$ s,38450824816.52776,5.059680647872577e-23,
1,line,14,had-only t=$1.0\times 10^{5}$ s,54431343837.635056,5.714018125405487e-23,
1,line,14,had-only t=$1.0\times 10^{5}$ s,77053514615.30557,6.452977059210769e-23,
1,line,14,had-only t=$1.0\times 10^{5}$ s,109077669151.0952,7.28752799561757e-23,
1,line,14,had-only t=$1.0\times 10^{5}$ s,154411358999.4833,8.230264780652717e-23,
1,line,14,had-only t=$1.0\times 10^{5}$ s,218586150342.46652,9.294956863617204e-23,
1,line,14,had-only t=$1.0\times 10^{5}$ s,309432579514.43616,1.0497380752824848e-22,
1,line,14,had-only t=$1.0\times 10^{5}$ s,438035626296.2889,1.1855353848790227e-22,
1,line,14,had-only t=$1.0\times 10^{5}$ s,620087290762.5809,1.3388976550017828e-22,
1,line,14,had-only t=$1.0\times 10^{5}$ s,877801313597.2452,1.512098908509758e-22,
1,line,14,had-only t=$1.0\times 10^{5}$ s,1242623671911.5056,1.7077056642040255e-22,
1,line,14,had-only t=$1.0\times 10^{5}$ s,1759069582234.9841,1.9286163221830435e-22,
1,line,14,had-only t=$1.0\times 10^{5}$ s,2490155197497.901,2.178079218055336e-22,
1,line,14,had-only t=$1.0\times 10^{5}$ s,3525086767600.913,2.4598034231016666e-22,
1,line,14,had-only t=$1.0\times 10^{5}$ s,4990145486353.98,2.777967317640177e-22,
1,line,14,had-only t=$1.0\times 10^{5}$ s,7064096181645.59,3.137284202805222e-22,
1,line,14,had-only t=$1.0\times 10^{5}$ s,10000000000000.0,3.5431028656205306e-22,
1,line,14,had-only t=$1.0\times 10^{5}$ s,14156092644919.916,4.001430329674697e-22,
1,line,14,had-only t=$1.0\times 10^{5}$ s,20039495897155.574,4.519045957961735e-22,
1,line,14,had-only t=$1.0\times 10^{5}$ s,28368096047762.684,5.10361912816146e-22,
1,line,14,had-only t=$1.0\times 10^{5}$ s,40158139581211.5,5.763787762779859e-22,
1,line,14,had-only t=$1.0\times 10^{5}$ s,56848234435925.55,6.5093200001981095e-22,
1,line,14,had-only t=$1.0\times 10^{5}$ s,80474887337508.88,7.351285059303555e-22,
1,line,14,had-only t=$1.0\times 10^{5}$ s,113920996073926.83,8.3021562962314185e-22,
1,line,14,had-only t=$1.0\times 10^{5}$ s,161267617462406.6,9.375922908363339e-22,
1,line,14,had-only t=$1.0\times 10^{5}$ s,228291933342333.28,1.0588305803211971e-21,
1,line,14,had-only t=$1.0\times 10^{5}$ s,323172175848195.2,1.195745964207748e-21,
1,line,14,had-only t=$1.0\times 10^{5}$ s,457485526156740.1,1.3503656179881513e-21,
1,line,14,had-only t=$1.0\times 10^{5}$ s,647620749198474.6,1.5249493993549145e-21,
1,line,14,had-only t=$1.0\times 10^{5}$ s,916777932442605.1,1.7218912640268348e-21,
1,line,14,had-only t=$1.0\times 10^{5}$ s,1297799334647565.0,1.9442674800163106e-21,
1,line,14,had-only t=$1.0\times 10^{5}$ s,1837176761578635.5,2.1953628046793676e-21,
1,line,14,had-only t=$1.0\times 10^{5}$ s,2600724444200111.0,2.4788813699359365e-21,
1,line,14,had-only t=$1.0\times 10^{5}$ s,3681609617600463.0,2.7974150568947275e-21,
1,line,14,had-only t=$1.0\times 10^{5}$ s,5211720682918033.0,3.1568223473147577e-21,
1,line,14,had-only t=$1.0\times 10^{5}$ s,7377760082683297.0,3.562405712595647e-21,
1,line,14,had-only t=$1.0\times 10^{5}$ s,1.0444025524245678e+16,4.02009778325645e-21,
1,line,14,had-only t=$1.0\times 10^{5}$ s,1.478465929071307e+16,4.5276047420577786e-21,
1,line,14,had-only t=$1.0\times 10^{5}$ s,2.0929300664290932e+16,5.096805506846617e-21,
1,line,14,had-only t=$1.0\times 10^{5}$ s,2.9627711919708516e+16,5.73756539631517e-21,
1,line,14,had-only t=$1.0\times 10^{5}$ s,4.194126347923935e+16,6.4588807769606056e-21,
1,line,14,had-only t=$1.0\times 10^{5}$ s,5.9372441145711096e+16,7.22711641213801e-21,
1,line,14,had-only t=$1.0\times 10^{5}$ s,8.40481777413738e+16,8.060192550100878e-21,
1,line,14,had-only t=$1.0\times 10^{5}$ s,1.1897937907435784e+17,8.98930882937742e-21,
1,line,14,had-only t=$1.0\times 10^{5}$ s,1.6842831130116624e+17,1.0025538350389718e-20,
1,line,14,had-only t=$1.0\times 10^{5}$ s,2.3842867788067312e+17,1.0985367629281745e-20,
1,line,14,had-only t=$1.0\times 10^{5}$ s,3.3752184532845626e+17,1.1813263199733795e-20,
1,line,14,had-only t=$1.0\times 10^{5}$ s,4.777990512153937e+17,1.2703776500089669e-20,
1,line,14,had-only t=$1.0\times 10^{5}$ s,6.763767634659977e+17,1.366166031613515e-20,
1,line,14,had-only t=$1.0\times 10^{5}$ s,9.574852126495786e+17,1.4044726797792876e-20,
1,line,14,had-only t=$1.0\times 10^{5}$ s,1.3554249376408225e+18,1.313338748014074e-20,
1,line,14,had-only t=$1.0\times 10^{5}$ s,1.9187520990478205e+18,1.2284433299352525e-20,
1,line,14,had-only t=$1.0\times 10^{5}$ s,2.7162032476755615e+18,1.1493385687127128e-20,
1,line,14,had-only t=$1.0\times 10^{5}$ s,3.845082481652776e+18,9.847358720716044e-21,
1,line,14,had-only t=$1.0\times 10^{5}$ s,5.443134383763505e+18,5.283994808325155e-21,
1,line,14,had-only t=$1.0\times 10^{5}$ s,7.705351461530494e+18,2.8478925262803357e-21,
1,line,14,had-only t=$1.0\times 10^{5}$ s,1.090776691510952e+19,1.5415217548299647e-21,
1,line,14,had-only t=$1.0\times 10^{5}$ s,1.5441135899948329e+19,8.289342607869625e-22,
1,line,14,had-only t=$1.0\times 10^{5}$ s,2.185861503424665e+19,4.26580921794858e-23,
1,line,14,had-only t=$1.0\times 10^{5}$ s,3.0943257951443616e+19,2.2459830052561212e-24,
1,line,14,had-only t=$1.0\times 10^{5}$ s,4.380356262962889e+19,1.2390138153478116e-25,
1,line,14,had-only t=$1.0\times 10^{5}$ s,6.2008729076258095e+19,7.092070308953045e-27,
1,line,14,had-only t=$1.0\times 10^{5}$ s,8.778013135972526e+19,2.1949831347864215e-27,
1,line,14,had-only t=$1.0\times 10^{5}$ s,1.2426236719115056e+20,1.0374246041003112e-27,
1,line,14,had-only t=$1.0\times 10^{5}$ s,1.759069582234977e+20,5.364478420726976e-28,
1,line,14,had-only t=$1.0\times 10^{5}$ s,2.4901551974979007e+20,3.126868675772032e-28,
1,line,14,had-only t=$1.0\times 10^{5}$ s,3.525086767600928e+20,4.271528932906939e-28,
1,line,14,had-only t=$1.0\times 10^{5}$ s,4.990145486353981e+20,8.559928612484711e-28,
1,line,14,had-only t=$1.0\times 10^{5}$ s,7.064096181645561e+20,1.7153665350680396e-27,
1,line,14,had-only t=$1.0\times 10^{5}$ s,1e+21,3.437508048069185e-27,
1,line,14,had-only t=$1.0\times 10^{5}$ s,1.4156092644919856e+21,6.888592754860277e-27,
1,line,14,had-only t=$1.0\times 10^{5}$ s,2.0039495897155573e+21,1.380439234109553e-26,
1,line,14,had-only t=$1.0\times 10^{5}$ s,2.836809604776257e+21,2.766330579964123e-26,
1,line,14,had-only t=$1.0\times 10^{5}$ s,4.01581395812115e+21,5.543586916798314e-26,
1,line,14,had-only t=$1.0\times 10^{5}$ s,5.684823443592532e+21,1.110906825255384e-25,
1,line,14,had-only t=$1.0\times 10^{5}$ s,8.047488733750887e+21,2.226201087629497e-25,
1,line,14,had-only t=$1.0\times 10^{5}$ s,1.1392099607392635e+22,4.461194377326233e-25,
1,line,14,had-only t=$1.0\times 10^{5}$ s,1.612676174624066e+22,8.940007882881754e-25,
1,line,14,had-only t=$1.0\times 10^{5}$ s,2.282919333423323e+22,1.7915322914986285e-24,
1,line,14,had-only t=$1.0\times 10^{5}$ s,3.2317217584819514e+22,3.590139334782585e-24,
1,line,14,had-only t=$1.0\times 10^{5}$ s,4.5748552615673826e+22,7.194456111294006e-24,
1,line,14,had-only t=$1.0\times 10^{5}$ s,6.476207491984746e+22,1.441732309269033e-23,
1,line,14,had-only t=$1.0\times 10^{5}$ s,9.167779324426014e+22,2.8891596553039376e-23,
1,line,14,had-only t=$1.0\times 10^{5}$ s,1.2977993346475651e+23,5.789784542930126e-23,
1,line,14,had-only t=$1.0\times 10^{5}$ s,1.837176761578628e+23,1.1602545045947639e-22,
1,line,14,had-only t=$1.0\times 10^{5}$ s,2.600724444200111e+23,2.3251133194304388e-22,
1,line,14,had-only t=$1.0\times 10^{5}$ s,3.681609617600448e+23,4.659453531977997e-22,
1,line,14,had-only t=$1.0\times 10^{5}$ s,5.211720682918034e+23,1.8855155893838174e-21,
1,line,14,had-only t=$1.0\times 10^{5}$ s,7.377760082683267e+23,8.56886291160367e-21,
1,line,14,had-only t=$1.0\times 10^{5}$ s,1.0444025524245678e+24,3.902891174315716e-20,
1,line,14,had-only t=$1.0\times 10^{5}$ s,1.4784659290712948e+24,1.7815836276704718e-19,
1,line,14,had-only t=$1.0\times 10^{5}$ s,2.0929300664290934e+24,2.971586736131246e-19,
1,line,14,had-only t=$1.0\times 10^{5}$ s,2.962771191970876e+24,3.2282257616690617e-19,
1,line,14,had-only t=$1.0\times 10^{5}$ s,4.1941263479239357e+24,3.5079286516331233e-19,
1,line,14,had-only t=$1.0\times 10^{5}$ s,5.93724411457111e+24,3.8128491066440823e-19,
1,line,14,had-only t=$1.0\times 10^{5}$ s,8.40481777413738e+24,3.9899946220922377e-19,
1,line,14,had-only t=$1.0\times 10^{5}$ s,1.1897937907435881e+25,4.040368216015042e-19,
1,line,14,had-only t=$1.0\times 10^{5}$ s,1.6842831130116624e+25,4.092241111652243e-19,
1,line,14,had-only t=$1.0\times 10^{5}$ s,2.384286778806731e+25,4.1456576862027594e-19,
1,line,14,had-only t=$1.0\times 10^{5}$ s,3.3752184532845626e+25,4.3113480262473837e-19,
1,line,14,had-only t=$1.0\times 10^{5}$ s,4.777990512153977e+25,4.68698642413577e-19,
1,line,14,had-only t=$1.0\times 10^{5}$ s,6.763767634659977e+25,5.097079961196594e-19,
1,line,14,had-only t=$1.0\times 10^{5}$ s,9.574852126495787e+25,5.544933111962135e-19,
1,line,14,had-only t=$1.0\times 10^{5}$ s,1.3554249376408226e+26,6.144632925586565e-19,
1,line,14,had-only t=$1.0\times 10^{5}$ s,1.9187520990478362e+26,7.292535931310474e-19,
1,line,14,had-only t=$1.0\times 10^{5}$ s,2.7162032476755613e+26,8.656298225313745e-19,
1,line,14,had-only t=$1.0\times 10^{5}$ s,3.845082481652776e+26,1.027677015408198e-18,
1,line,14,had-only t=$1.0\times 10^{5}$ s,5.443134383763505e+26,1.221636203407295e-18,
1,line,14,had-only t=$1.0\times 10^{5}$ s,7.705351461530558e+26,1.4811419461598053e-18,
1,line,14,had-only t=$1.0\times 10^{5}$ s,1.090776691510952e+27,1.795785945117855e-18,
1,line,14,had-only t=$1.0\times 10^{5}$ s,1.544113589994833e+27,2.1772863546502354e-18,
1,line,14,had-only t=$1.0\times 10^{5}$ s,2.1858615034246653e+27,2.6398522772095524e-18,
1,line,14,had-only t=$1.0\times 10^{5}$ s,3.094325795144362e+27,3.1857409872713494e-18,
1,line,14,had-only t=$1.0\times 10^{5}$ s,4.380356262962889e+27,3.842000653288291e-18,
1,line,14,had-only t=$1.0\times 10^{5}$ s,6.20087290762581e+27,4.6334574260737884e-18,
1,line,14,had-only t=$1.0\times 10^{5}$ s,8.778013135972453e+27,5.587965167169015e-18,
1,line,14,had-only t=$1.0\times 10^{5}$ s,1.2426236719115056e+28,6.630399343398983e-18,
1,line,14,had-only t=$1.0\times 10^{5}$ s,1.759069582234977e+28,7.81725073315616e-18,
1,line,14,had-only t=$1.0\times 10^{5}$ s,2.4901551974979007e+28,9.21655264331342e-18,
1,line,14,had-only t=$1.0\times 10^{5}$ s,3.525086767600899e+28,1.0866334875821689e-17,
1,line,14,had-only t=$1.0\times 10^{5}$ s,4.990145486353981e+28,1.2746815062286122e-17,
1,line,14,had-only t=$1.0\times 10^{5}$ s,7.064096181645562e+28,1.489311187321118e-17,
1,line,14,had-only t=$1.0\times 10^{5}$ s,1e+29,1.740080024494879e-17,
1,line,15,Vegas t=$1.0\times 10^{5}$ s,100000.0,1.6975189850215015e-26,
1,line,15,Vegas t=$1.0\times 10^{5}$ s,141560.92644919915,4.8156113865128764e-26,
1,line,15,Vegas t=$1.0\times 10^{5}$ s,200394.95897155572,1.3661199722570214e-25,
1,line,15,Vegas t=$1.0\times 10^{5}$ s,283680.9604776268,3.875486007921618e-25,
1,line,15,Vegas t=$1.0\times 10^{5}$ s,401581.39581211505,1.0994157195765671e-24,
1,line,15,Vegas t=$1.0\times 10^{5}$ s,568482.3443592555,3.118833949792313e-24,
1,line,15,Vegas t=$1.0\times 10^{5}$ s,804748.8733750888,8.847224267069322e-24,
1,line,15,Vegas t=$1.0\times 10^{5}$ s,1139209.9607392682,2.5094603272065402e-23,
1,line,15,Vegas t=$1.0\times 10^{5}$ s,1612676.174624066,7.116152720610728e-23,
1,line,15,Vegas t=$1.0\times 10^{5}$ s,2282919.333423333,2.0166456627386112e-22,
1,line,15,Vegas t=$1.0\times 10^{5}$ s,3231721.7584819514,5.705469213388628e-22,
1,line,15,Vegas t=$1.0\times 10^{5}$ s,4574855.261567401,1.607337527024605e-21,
1,line,15,Vegas t=$1.0\times 10^{5}$ s,6476207.491984746,4.480144439644992e-21,
1,line,15,Vegas t=$1.0\times 10^{5}$ s,9167779.324426051,1.2172084559406364e-20,
1,line,15,Vegas t=$1.0\times 10^{5}$ s,12977993.34647565,3.12838256596511e-20,
1,line,15,Vegas t=$1.0\times 10^{5}$ s,18371767.615786355,7.282243274476313e-20,
1,line,15,Vegas t=$1.0\times 10^{5}$ s,26007244.44200111,1.4891777769095197e-19,
1,line,15,Vegas t=$1.0\times 10^{5}$ s,36816096.176004626,2.711155214601316e-19,
1,line,15,Vegas t=$1.0\times 10^{5}$ s,52117206.82918034,4.586196892318482e-19,
1,line,15,Vegas t=$1.0\times 10^{5}$ s,73777600.82683298,7.481619016023288e-19,
1,line,15,Vegas t=$1.0\times 10^{5}$ s,104440255.24245678,1.2015772447068592e-18,
1,line,15,Vegas t=$1.0\times 10^{5}$ s,147846592.9071301,1.91761552873881e-18,
1,line,15,Vegas t=$1.0\times 10^{5}$ s,209293006.64290932,3.052712579657928e-18,
1,line,15,Vegas t=$1.0\times 10^{5}$ s,296277119.1970864,4.854923919456991e-18,
1,line,15,Vegas t=$1.0\times 10^{5}$ s,419412634.79239357,7.71801242774307e-18,
1,line,15,Vegas t=$1.0\times 10^{5}$ s,593724411.4571109,1.2267362151466327e-17,
1,line,15,Vegas t=$1.0\times 10^{5}$ s,840481777.4137379,1.9496341825325508e-17,
1,line,15,Vegas t=$1.0\times 10^{5}$ s,1189793790.7435882,3.0982696965010916e-17,
1,line,15,Vegas t=$1.0\times 10^{5}$ s,1684283113.0116625,4.923178200607774e-17,
1,line,15,Vegas t=$1.0\times 10^{5}$ s,2384286778.806731,7.822059400603951e-17,
1,line,15,Vegas t=$1.0\times 10^{5}$ s,3375218453.2845626,1.2425924839863584e-16,
1,line,15,Vegas t=$1.0\times 10^{5}$ s,4777990512.153976,1.9735294674134162e-16,
1,line,15,Vegas t=$1.0\times 10^{5}$ s,6763767634.659977,3.1335180297162076e-16,
1,line,15,Vegas t=$1.0\times 10^{5}$ s,9574852126.495787,4.973342486815171e-16,
1,line,15,Vegas t=$1.0\times 10^{5}$ s,13554249376.408226,7.889131963607934e-16,
1,line,15,Vegas t=$1.0\times 10^{5}$ s,19187520990.478363,1.2505161072210213e-15,
1,line,15,Vegas t=$1.0\times 10^{5}$ s,27162032476.755615,1.9802170127259327e-15,
1,line,15,Vegas t=$1.0\times 10^{5}$ s,38450824816.52776,3.1314354073500426e-15,
1,line,15,Vegas t=$1.0\times 10^{5}$ s,54431343837.635056,4.9427831138723364e-15,
1,line,15,Vegas t=$1.0\times 10^{5}$ s,77053514615.30557,7.78247150310073e-15,
1,line,15,Vegas t=$1.0\times 10^{5}$ s,109077669151.0952,1.2212721324603272e-14,
1,line,15,Vegas t=$1.0\times 10^{5}$ s,154411358999.4833,1.9079875804410754e-14,
1,line,15,Vegas t=$1.0\times 10^{5}$ s,218586150342.46652,2.96340603840783e-14,
1,line,15,Vegas t=$1.0\times 10^{5}$ s,309432579514.43616,4.567605214826126e-14,
1,line,15,Vegas t=$1.0\times 10^{5}$ s,438035626296.2889,6.971579034295765e-14,
1,line,15,Vegas t=$1.0\times 10^{5}$ s,620087290762.5809,1.0510514540281035e-13,
1,line,15,Vegas t=$1.0\times 10^{5}$ s,877801313597.2452,1.5608072101203372e-13,
1,line,15,Vegas t=$1.0\times 10^{5}$ s,1242623671911.5056,2.276343096450048e-13,
1,line,15,Vegas t=$1.0\times 10^{5}$ s,1759069582234.9841,3.2514393014473823e-13,
1,line,15,Vegas t=$1.0\times 10^{5}$ s,2490155197497.901,4.537704667405694e-13,
1,line,15,Vegas t=$1.0\times 10^{5}$ s,3525086767600.913,6.177473318168464e-13,
1,line,15,Vegas t=$1.0\times 10^{5}$ s,4990145486353.98,8.19803990623658e-13,
1,line,15,Vegas t=$1.0\times 10^{5}$ s,7064096181645.59,1.0609781318071143e-12,
1,line,15,Vegas t=$1.0\times 10^{5}$ s,10000000000000.0,1.3409389017770613e-12,
1,line,15,Vegas t=$1.0\times 10^{5}$ s,14156092644919.916,1.658725349299518e-12,
1,line,15,Vegas t=$1.0\times 10^{5}$ s,20039495897155.574,2.0136367468713445e-12,
1,line,15,Vegas t=$1.0\times 10^{5}$ s,28368096047762.684,2.405994688975598e-12,
1,line,15,Vegas t=$1.0\times 10^{5}$ s,40158139581211.5,2.8376146060562658e-12,
1,line,15,Vegas t=$1.0\times 10^{5}$ s,56848234435925.55,3.3119775248062232e-12,
1,line,15,Vegas t=$1.0\times 10^{5}$ s,80474887337508.88,3.834193397367006e-12,
1,line,15,Vegas t=$1.0\times 10^{5}$ s,113920996073926.83,4.410871510439728e-12,
1,line,15,Vegas t=$1.0\times 10^{5}$ s,161267617462406.6,5.0499875487528376e-12,
1,line,15,Vegas t=$1.0\times 10^{5}$ s,228291933342333.28,5.760796808661175e-12,
1,line,15,Vegas t=$1.0\times 10^{5}$ s,323172175848195.2,6.553810745658783e-12,
1,line,15,Vegas t=$1.0\times 10^{5}$ s,457485526156740.1,7.440835425930923e-12,
1,line,15,Vegas t=$1.0\times 10^{5}$ s,647620749198474.6,8.435062892784163e-12,
1,line,15,Vegas t=$1.0\times 10^{5}$ s,916777932442605.1,9.551205287677647e-12,
1,line,15,Vegas t=$1.0\times 10^{5}$ s,1297799334647565.0,1.0805663103388802e-11,
1,line,15,Vegas t=$1.0\times 10^{5}$ s,1837176761578635.5,1.2216721057280716e-11,
1,line,15,Vegas t=$1.0\times 10^{5}$ s,2600724444200111.0,1.3804766767835352e-11,
1,line,15,Vegas t=$1.0\times 10^{5}$ s,3681609617600463.0,1.5592528345591158e-11,
1,line,15,Vegas t=$1.0\times 10^{5}$ s,5211720682918033.0,1.7605327091938668e-11,
1,line,15,Vegas t=$1.0\times 10^{5}$ s,7377760082683297.0,1.9871340731050764e-11,
1,line,15,Vegas t=$1.0\times 10^{5}$ s,1.0444025524245678e+16,2.242187095770863e-11,
1,line,15,Vegas t=$1.0\times 10^{5}$ s,1.478465929071307e+16,2.5291606488750493e-11,
1,line,15,Vegas t=$1.0\times 10^{5}$ s,2.0929300664290932e+16,2.8518869117447335e-11,
1,line,15,Vegas t=$1.0\times 10^{5}$ s,2.9627711919708516e+16,3.214582528923009e-11,
1,line,15,Vegas t=$1.0\times 10^{5}$ s,4.194126347923935e+16,3.621863920019921e-11,
1,line,15,Vegas t=$1.0\times 10^{5}$ s,5.9372441145711096e+16,4.078753510385069e-11,
1,line,15,Vegas t=$1.0\times 10^{5}$ s,8.40481777413738e+16,4.590672615874319e-11,
1,line,15,Vegas t=$1.0\times 10^{5}$ s,1.1897937907435784e+17,5.1634154622603803e-11,
1,line,15,Vegas t=$1.0\times 10^{5}$ s,1.6842831130116624e+17,5.803097357867069e-11,
1,line,15,Vegas t=$1.0\times 10^{5}$ s,2.3842867788067312e+17,6.516068415310692e-11,
1,line,15,Vegas t=$1.0\times 10^{5}$ s,3.3752184532845626e+17,7.308782550006334e-11,
1,line,15,Vegas t=$1.0\times 10^{5}$ s,4.777990512153937e+17,8.187601094355182e-11,
1,line,15,Vegas t=$1.0\times 10^{5}$ s,6.763767634659977e+17,9.158566462557824e-11,
1,line,15,Vegas t=$1.0\times 10^{5}$ s,9.574852126495786e+17,1.0227022830895147e-10,
1,line,15,Vegas t=$1.0\times 10^{5}$ s,1.3554249376408225e+18,1.1397209450998292e-10,
1,line,15,Vegas t=$1.0\times 10^{5}$ s,1.9187520990478205e+18,1.2671725552141384e-10,
1,line,15,Vegas t=$1.0\times 10^{5}$ s,2.7162032476755615e+18,1.4050905610075705e-10,
1,line,15,Vegas t=$1.0\times 10^{5}$ s,3.845082481652776e+18,1.553211632571895e-10,
1,line,15,Vegas t=$1.0\times 10^{5}$ s,5.443134383763505e+18,1.7109011763854692e-10,
1,line,15,Vegas t=$1.0\times 10^{5}$ s,7.705351461530494e+18,1.8770808630196514e-10,
1,line,15,Vegas t=$1.0\times 10^{5}$ s,1.090776691510952e+19,2.0501663930170742e-10,
1,line,15,Vegas t=$1.0\times 10^{5}$ s,1.5441135899948329e+19,2.228029004744055e-10,
1,line,15,Vegas t=$1.0\times 10^{5}$ s,2.185861503424665e+19,2.4079874505784673e-10,
1,line,15,Vegas t=$1.0\times 10^{5}$ s,3.0943257951443616e+19,2.586852247837061e-10,
1,line,15,Vegas t=$1.0\times 10^{5}$ s,4.380356262962889e+19,2.7610234179240277e-10,
1,line,15,Vegas t=$1.0\times 10^{5}$ s,6.2008729076258095e+19,2.9266438598949216e-10,
1,line,15,Vegas t=$1.0\times 10^{5}$ s,8.778013135972526e+19,3.07980599300578e-10,
1,line,15,Vegas t=$1.0\times 10^{5}$ s,1.2426236719115056e+20,3.216788501674181e-10,
1,line,15,Vegas t=$1.0\times 10^{5}$ s,1.759069582234977e+20,3.3342993556797605e-10,
1,line,15,Vegas t=$1.0\times 10^{5}$ s,2.4901551974979007e+20,3.429691957961088e-10,
1,line,15,Vegas t=$1.0\times 10^{5}$ s,3.525086767600928e+20,3.5011247681724907e-10,
1,line,15,Vegas t=$1.0\times 10^{5}$ s,4.990145486353981e+20,3.547642718985468e-10,
1,line,15,Vegas t=$1.0\times 10^{5}$ s,7.064096181645561e+20,3.5691715743767013e-10,
1,line,15,Vegas t=$1.0\times 10^{5}$ s,1e+21,3.5664303221240443e-10,
1,line,15,Vegas t=$1.0\times 10^{5}$ s,1.4156092644919856e+21,3.540778130492069e-10,
1,line,15,Vegas t=$1.0\times 10^{5}$ s,2.0039495897155573e+21,3.4940188364250617e-10,
1,line,15,Vegas t=$1.0\times 10^{5}$ s,2.836809604776257e+21,3.428186688428365e-10,
1,line,15,Vegas t=$1.0\times 10^{5}$ s,4.01581395812115e+21,3.3453331630038455e-10,
1,line,15,Vegas t=$1.0\times 10^{5}$ s,5.684823443592532e+21,3.247328155577481e-10,
1,line,15,Vegas t=$1.0\times 10^{5}$ s,8.047488733750887e+21,3.1356820018331654e-10,
1,line,15,Vegas t=$1.0\times 10^{5}$ s,1.1392099607392635e+22,3.011389633836763e-10,
1,line,15,Vegas t=$1.0\times 10^{5}$ s,1.612676174624066e+22,2.874796412876589e-10,
1,line,15,Vegas t=$1.0\times 10^{5}$ s,2.282919333423323e+22,2.725488528069137e-10,
1,line,15,Vegas t=$1.0\times 10^{5}$ s,3.2317217584819514e+22,2.5622216441690384e-10,
1,line,15,Vegas t=$1.0\times 10^{5}$ s,4.5748552615673826e+22,2.3829232043874105e-10,
1,line,15,Vegas t=$1.0\times 10^{5}$ s,6.476207491984746e+22,2.184840820189283e-10,
1,line,15,Vegas t=$1.0\times 10^{5}$ s,9.167779324426014e+22,1.964963989455187e-10,
1,line,15,Vegas t=$1.0\times 10^{5}$ s,1.2977993346475651e+23,1.7209102941219342e-10,
1,line,15,Vegas t=$1.0\times 10^{5}$ s,1.837176761578628e+23,1.452498053653909e-10,
1,line,15,Vegas t=$1.0\times 10^{5}$ s,2.600724444200111e+23,1.1641099744860591e-10,
1,line,15,Vegas t=$1.0\times 10^{5}$ s,3.681609617600448e+23,8.674661354049836e-11,
1,line,15,Vegas t=$1.0\times 10^{5}$ s,5.211720682918034e+23,5.833393766089828e-11,
1,line,15,Vegas t=$1.0\times 10^{5}$ s,7.377760082683267e+23,3.393248378585104e-11,
1,line,15,Vegas t=$1.0\times 10^{5}$ s,1.0444025524245678e+24,1.6080188195123373e-11,
1,line,15,Vegas t=$1.0\times 10^{5}$ s,1.4784659290712948e+24,5.702515329224378e-12,
1,line,15,Vegas t=$1.0\times 10^{5}$ s,2.0929300664290934e+24,1.3419268992578335e-12,
1,line,15,Vegas t=$1.0\times 10^{5}$ s,2.962771191970876e+24,1.767570022592761e-13,
1,line,15,Vegas t=$1.0\times 10^{5}$ s,4.1941263479239357e+24,1.0243070732173003e-14,
1,line,15,Vegas t=$1.0\times 10^{5}$ s,5.93724411457111e+24,1.8574894647180045e-16,
1,line,15,Vegas t=$1.0\times 10^{5}$ s,8.40481777413738e+24,6.50976527433884e-19,
1,line,15,Vegas t=$1.0\times 10^{5}$ s,1.1897937907435881e+25,2.2302144351785733e-22,
1,line,15,Vegas t=$1.0\times 10^{5}$ s,1.6842831130116624e+25,2.8492318560936912e-27,
1,line,15,Vegas t=$1.0\times 10^{5}$ s,2.384286778806731e+25,3.474819378637988e-34,
1,line,15,Vegas t=$1.0\times 10^{5}$ s,3.3752184532845626e+25,5.890279165626589e-44,
1,line,15,Vegas t=$1.0\times 10^{5}$ s,4.777990512153977e+25,9.089987126038685e-58,
1,line,15,Vegas t=$1.0\times 10^{5}$ s,6.763767634659977e+25,2.6969885098764848e-77,
1,line,15,Vegas t=$1.0\times 10^{5}$ s,9.574852126495787e+25,6.538329738770565e-105,
1,line,15,Vegas t=$1.0\times 10^{5}$ s,1.3554249376408226e+26,5.691610172186737e-144,
1,line,15,Vegas t=$1.0\times 10^{5}$ s,1.9187520990478362e+26,3.152215673310972e-199,
1,line,15,Vegas t=$1.0\times 10^{5}$ s,2.7162032476755613e+26,0.0,
1,line,15,Vegas t=$1.0\times 10^{5}$ s,3.845082481652776e+26,0.0,
1,line,15,Vegas t=$1.0\times 10^{5}$ s,5.443134383763505e+26,0.0,
1,line,15,Vegas t=$1.0\times 10^{5}$ s,7.705351461530558e+26,0.0,
1,line,15,Vegas t=$1.0\times 10^{5}$ s,1.090776691510952e+27,0.0,
1,line,15,Vegas t=$1.0\times 10^{5}$ s,1.544113589994833e+27,0.0,
1,line,15,Vegas t=$1.0\times 10^{5}$ s,2.1858615034246653e+27,0.0,
1,line,15,Vegas t=$1.0\times 10^{5}$ s,3.094325795144362e+27,0.0,
1,line,15,Vegas t=$1.0\times 10^{5}$ s,4.380356262962889e+27,0.0,
1,line,15,Vegas t=$1.0\times 10^{5}$ s,6.20087290762581e+27,0.0,
1,line,15,Vegas t=$1.0\times 10^{5}$ s,8.778013135972453e+27,0.0,
1,line,15,Vegas t=$1.0\times 10^{5}$ s,1.2426236719115056e+28,0.0,
1,line,15,Vegas t=$1.0\times 10^{5}$ s,1.759069582234977e+28,0.0,
1,line,15,Vegas t=$1.0\times 10^{5}$ s,2.4901551974979007e+28,0.0,
1,line,15,Vegas t=$1.0\times 10^{5}$ s,3.525086767600899e+28,0.0,
1,line,15,Vegas t=$1.0\times 10^{5}$ s,4.990145486353981e+28,0.0,
1,line,15,Vegas t=$1.0\times 10^{5}$ s,7.064096181645562e+28,0.0,
1,line,15,Vegas t=$1.0\times 10^{5}$ s,1e+29,0.0,
1,line,16,ASGARD t=$1.0\times 10^{6}$ s,100000.0,2.03928785408197e-26,
1,line,16,ASGARD t=$1.0\times 10^{6}$ s,141560.92644919915,5.784969318478362e-26,
1,line,16,ASGARD t=$1.0\times 10^{6}$ s,200394.95897155572,1.6410552448565242e-25,
1,line,16,ASGARD t=$1.0\times 10^{6}$ s,283680.9604776268,4.655275021205403e-25,
1,line,16,ASGARD t=$1.0\times 10^{6}$ s,401581.39581211505,1.3205884196169605e-24,
1,line,16,ASGARD t=$1.0\times 10^{6}$ s,568482.3443592555,3.746106129289199e-24,
1,line,16,ASGARD t=$1.0\times 10^{6}$ s,804748.8733750888,1.062649591677549e-23,
1,line,16,ASGARD t=$1.0\times 10^{6}$ s,1139209.9607392682,3.014394455791411e-23,
1,line,16,ASGARD t=$1.0\times 10^{6}$ s,1612676.174624066,8.550865691079154e-23,
1,line,16,ASGARD t=$1.0\times 10^{6}$ s,2282919.333423333,2.3513963303490444e-22,
1,line,16,ASGARD t=$1.0\times 10^{6}$ s,3231721.7584819514,6.345972113966163e-22,
1,line,16,ASGARD t=$1.0\times 10^{6}$ s,4574855.261567401,1.7126840764595257e-21,
1,line,16,ASGARD t=$1.0\times 10^{6}$ s,6476207.491984746,4.622353321884812e-21,
1,line,16,ASGARD t=$1.0\times 10^{6}$ s,9167779.324426051,1.0518822374571503e-20,
1,line,16,ASGARD t=$1.0\times 10^{6}$ s,12977993.34647565,1.962311626129922e-20,
1,line,16,ASGARD t=$1.0\times 10^{6}$ s,18371767.615786355,3.660812873952699e-20,
1,line,16,ASGARD t=$1.0\times 10^{6}$ s,26007244.44200111,6.829608047474302e-20,
1,line,16,ASGARD t=$1.0\times 10^{6}$ s,36816096.176004626,1.2202673163288543e-19,
1,line,16,ASGARD t=$1.0\times 10^{6}$ s,52117206.82918034,1.9710417248108378e-19,
1,line,16,ASGARD t=$1.0\times 10^{6}$ s,73777600.82683298,3.1837338730973255e-19,
1,line,16,ASGARD t=$1.0\times 10^{6}$ s,104440255.24245678,5.142541437256573e-19,
1,line,16,ASGARD t=$1.0\times 10^{6}$ s,147846592.9071301,8.28718447173505e-19,
1,line,16,ASGARD t=$1.0\times 10^{6}$ s,209293006.64290932,1.3160846086350962e-18,
1,line,16,ASGARD t=$1.0\times 10^{6}$ s,296277119.1970864,2.090068954521554e-18,
1,line,16,ASGARD t=$1.0\times 10^{6}$ s,419412634.79239357,3.3192305490845585e-18,
1,line,16,ASGARD t=$1.0\times 10^{6}$ s,593724411.4571109,5.27125740181266e-18,
1,line,16,ASGARD t=$1.0\times 10^{6}$ s,840481777.4137379,8.322564082032366e-18,
1,line,16,ASGARD t=$1.0\times 10^{6}$ s,1189793790.7435882,1.3138172295593131e-17,
1,line,16,ASGARD t=$1.0\times 10^{6}$ s,1684283113.0116625,2.0740192282156944e-17,
1,line,16,ASGARD t=$1.0\times 10^{6}$ s,2384286778.806731,3.274090081496599e-17,
1,line,16,ASGARD t=$1.0\times 10^{6}$ s,3375218453.2845626,5.111955171942911e-17,
1,line,16,ASGARD t=$1.0\times 10^{6}$ s,4777990512.153976,7.961223283047859e-17,
1,line,16,ASGARD t=$1.0\times 10^{6}$ s,6763767634.659977,1.2398602904658034e-16,
1,line,16,ASGARD t=$1.0\times 10^{6}$ s,9574852126.495787,1.9309270922403032e-16,
1,line,16,ASGARD t=$1.0\times 10^{6}$ s,13554249376.408226,2.9349108071159407e-16,
1,line,16,ASGARD t=$1.0\times 10^{6}$ s,19187520990.478363,4.4028536842892084e-16,
1,line,16,ASGARD t=$1.0\times 10^{6}$ s,27162032476.755615,6.605031127596084e-16,
1,line,16,ASGARD t=$1.0\times 10^{6}$ s,38450824816.52776,9.908701690686756e-16,
1,line,16,ASGARD t=$1.0\times 10^{6}$ s,54431343837.635056,1.4242638764031898e-15,
1,line,16,ASGARD t=$1.0\times 10^{6}$ s,77053514615.30557,1.9571635296844215e-15,
1,line,16,ASGARD t=$1.0\times 10^{6}$ s,109077669151.0952,2.689481758025481e-15,
1,line,16,ASGARD t=$1.0\times 10^{6}$ s,154411358999.4833,3.695855006444565e-15,
1,line,16,ASGARD t=$1.0\times 10^{6}$ s,218586150342.46652,4.907058051663452e-15,
1,line,16,ASGARD t=$1.0\times 10^{6}$ s,309432579514.43616,6.06467138944846e-15,
1,line,16,ASGARD t=$1.0\times 10^{6}$ s,438035626296.2889,7.495434666900234e-15,
1,line,16,ASGARD t=$1.0\times 10^{6}$ s,620087290762.5809,9.26381434506943e-15,
1,line,16,ASGARD t=$1.0\times 10^{6}$ s,877801313597.2452,1.1403446367780081e-14,
1,line,16,ASGARD t=$1.0\times 10^{6}$ s,1242623671911.5056,1.374645738969497e-14,
1,line,16,ASGARD t=$1.0\times 10^{6}$ s,1759069582234.9841,1.6570921881013816e-14,
1,line,16,ASGARD t=$1.0\times 10^{6}$ s,2490155197497.901,1.997578078475598e-14,
1,line,16,ASGARD t=$1.0\times 10^{6}$ s,3525086767600.913,2.407622758842815e-14,
1,line,16,ASGARD t=$1.0\times 10^{6}$ s,4990145486353.98,2.7732983372978726e-14,
1,line,16,ASGARD t=$1.0\times 10^{6}$ s,7064096181645.59,3.193821643801478e-14,
1,line,16,ASGARD t=$1.0\times 10^{6}$ s,10000000000000.0,3.6781101959168306e-14,
1,line,16,ASGARD t=$1.0\times 10^{6}$ s,14156092644919.916,4.2358329252926956e-14,
1,line,16,ASGARD t=$1.0\times 10^{6}$ s,20039495897155.574,4.868204670336858e-14,
1,line,16,ASGARD t=$1.0\times 10^{6}$ s,28368096047762.684,5.5928325317914693e-14,
1,line,16,ASGARD t=$1.0\times 10^{6}$ s,40158139581211.5,6.425328579271282e-14,
1,line,16,ASGARD t=$1.0\times 10^{6}$ s,56848234435925.55,7.38175127049352e-14,
1,line,16,ASGARD t=$1.0\times 10^{6}$ s,80474887337508.88,8.450576812470192e-14,
1,line,16,ASGARD t=$1.0\times 10^{6}$ s,113920996073926.83,9.657399491864202e-14,
1,line,16,ASGARD t=$1.0\times 10^{6}$ s,161267617462406.6,1.1036571528792798e-13,
1,line,16,ASGARD t=$1.0\times 10^{6}$ s,228291933342333.28,1.2612707080752253e-13,
1,line,16,ASGARD t=$1.0\times 10^{6}$ s,323172175848195.2,1.424926361870365e-13,
1,line,16,ASGARD t=$1.0\times 10^{6}$ s,457485526156740.1,1.5923102316951701e-13,
1,line,16,ASGARD t=$1.0\times 10^{6}$ s,647620749198474.6,1.7793573701435404e-13,
1,line,16,ASGARD t=$1.0\times 10^{6}$ s,916777932442605.1,1.9883778130938295e-13,
1,line,16,ASGARD t=$1.0\times 10^{6}$ s,1297799334647565.0,2.2434089278068227e-13,
1,line,16,ASGARD t=$1.0\times 10^{6}$ s,1837176761578635.5,2.5767969334354977e-13,
1,line,16,ASGARD t=$1.0\times 10^{6}$ s,2600724444200111.0,2.9597292788533676e-13,
1,line,16,ASGARD t=$1.0\times 10^{6}$ s,3681609617600463.0,3.399568724462104e-13,
1,line,16,ASGARD t=$1.0\times 10^{6}$ s,5211720682918033.0,3.8778994727376677e-13,
1,line,16,ASGARD t=$1.0\times 10^{6}$ s,7377760082683297.0,4.2925927011821617e-13,
1,line,16,ASGARD t=$1.0\times 10^{6}$ s,1.0444025524245678e+16,4.751632332052353e-13,
1,line,16,ASGARD t=$1.0\times 10^{6}$ s,1.478465929071307e+16,5.259760685794327e-13,
1,line,16,ASGARD t=$1.0\times 10^{6}$ s,2.0929300664290932e+16,5.826187925397126e-13,
1,line,16,ASGARD t=$1.0\times 10^{6}$ s,2.9627711919708516e+16,6.633656710249387e-13,
1,line,16,ASGARD t=$1.0\times 10^{6}$ s,4.194126347923935e+16,7.553037283745714e-13,
1,line,16,ASGARD t=$1.0\times 10^{6}$ s,5.9372441145711096e+16,8.599840466220992e-13,
1,line,16,ASGARD t=$1.0\times 10^{6}$ s,8.40481777413738e+16,9.791726900134476e-13,
1,line,16,ASGARD t=$1.0\times 10^{6}$ s,1.1897937907435784e+17,1.0898014533165161e-12,
1,line,16,ASGARD t=$1.0\times 10^{6}$ s,1.6842831130116624e+17,1.2084973900390522e-12,
1,line,16,ASGARD t=$1.0\times 10^{6}$ s,2.3842867788067312e+17,1.3401218072257476e-12,
1,line,16,ASGARD t=$1.0\times 10^{6}$ s,3.3752184532845626e+17,1.4860829630925735e-12,
1,line,16,ASGARD t=$1.0\times 10^{6}$ s,4.777990512153937e+17,1.6369216818396875e-12,
1,line,16,ASGARD t=$1.0\times 10^{6}$ s,6.763767634659977e+17,1.7979257865728555e-12,
1,line,16,ASGARD t=$1.0\times 10^{6}$ s,9.574852126495786e+17,1.974768368026401e-12,
1,line,16,ASGARD t=$1.0\times 10^{6}$ s,1.3554249376408225e+18,2.1690077480364895e-12,
1,line,16,ASGARD t=$1.0\times 10^{6}$ s,1.9187520990478205e+18,2.3774563800865648e-12,
1,line,16,ASGARD t=$1.0\times 10^{6}$ s,2.7162032476755615e+18,2.601229002781297e-12,
1,line,16,ASGARD t=$1.0\times 10^{6}$ s,3.845082481652776e+18,2.8460652612891008e-12,
1,line,16,ASGARD t=$1.0\times 10^{6}$ s,5.443134383763505e+18,3.1139480141925066e-12,
1,line,16,ASGARD t=$1.0\times 10^{6}$ s,7.705351461530494e+18,3.31932547286526e-12,
1,line,16,ASGARD t=$1.0\times 10^{6}$ s,1.090776691510952e+19,3.3874972427345805e-12,
1,line,16,ASGARD t=$1.0\times 10^{6}$ s,1.5441135899948329e+19,3.457071615469318e-12,
1,line,16,ASGARD t=$1.0\times 10^{6}$ s,2.185861503424665e+19,3.5280775000046022e-12,
1,line,16,ASGARD t=$1.0\times 10^{6}$ s,3.0943257951443616e+19,3.6058215467193724e-12,
1,line,16,ASGARD t=$1.0\times 10^{6}$ s,4.380356262962889e+19,3.705220753585507e-12,
1,line,16,ASGARD t=$1.0\times 10^{6}$ s,6.2008729076258095e+19,3.8073602924129215e-12,
1,line,16,ASGARD t=$1.0\times 10^{6}$ s,8.778013135972526e+19,3.912315718520362e-12,
1,line,16,ASGARD t=$1.0\times 10^{6}$ s,1.2426236719115056e+20,3.991818730532454e-12,
1,line,16,ASGARD t=$1.0\times 10^{6}$ s,1.759069582234977e+20,3.554867204965248e-12,
1,line,16,ASGARD t=$1.0\times 10^{6}$ s,2.4901551974979007e+20,3.165745167994899e-12,
1,line,16,ASGARD t=$1.0\times 10^{6}$ s,3.525086767600928e+20,2.8192171186597036e-12,
1,line,16,ASGARD t=$1.0\times 10^{6}$ s,4.990145486353981e+20,2.5106206432912114e-12,
1,line,16,ASGARD t=$1.0\times 10^{6}$ s,7.064096181645561e+20,2.31744362265413e-12,
1,line,16,ASGARD t=$1.0\times 10^{6}$ s,1e+21,2.1489431384983195e-12,
1,line,16,ASGARD t=$1.0\times 10^{6}$ s,1.4156092644919856e+21,1.9926946637219557e-12,
1,line,16,ASGARD t=$1.0\times 10^{6}$ s,2.0039495897155573e+21,1.847807300928637e-12,
1,line,16,ASGARD t=$1.0\times 10^{6}$ s,2.836809604776257e+21,1.6359601253386524e-12,
1,line,16,ASGARD t=$1.0\times 10^{6}$ s,4.01581395812115e+21,1.4230957780561664e-12,
1,line,16,ASGARD t=$1.0\times 10^{6}$ s,5.684823443592532e+21,1.2379300571249333e-12,
1,line,16,ASGARD t=$1.0\times 10^{6}$ s,8.047488733750887e+21,1.0768585159321948e-12,
1,line,16,ASGARD t=$1.0\times 10^{6}$ s,1.1392099607392635e+22,9.517205945167704e-13,
1,line,16,ASGARD t=$1.0\times 10^{6}$ s,1.612676174624066e+22,8.516457040291402e-13,
1,line,16,ASGARD t=$1.0\times 10^{6}$ s,2.282919333423323e+22,7.620990511615947e-13,
1,line,16,ASGARD t=$1.0\times 10^{6}$ s,3.2317217584819514e+22,6.819724785213472e-13,
1,line,16,ASGARD t=$1.0\times 10^{6}$ s,4.5748552615673826e+22,5.770914461561947e-13,
1,line,16,ASGARD t=$1.0\times 10^{6}$ s,6.476207491984746e+22,4.48905490264376e-13,
1,line,16,ASGARD t=$1.0\times 10^{6}$ s,9.167779324426014e+22,3.491958955677229e-13,
1,line,16,ASGARD t=$1.0\times 10^{6}$ s,1.2977993346475651e+23,2.7163597017453395e-13,
1,line,16,ASGARD t=$1.0\times 10^{6}$ s,1.837176761578628e+23,2.0323431829731052e-13,
1,line,16,ASGARD t=$1.0\times 10^{6}$ s,2.600724444200111e+23,1.341773033869403e-13,
1,line,16,ASGARD t=$1.0\times 10^{6}$ s,3.681609617600448e+23,8.858603130416137e-14,
1,line,16,ASGARD t=$1.0\times 10^{6}$ s,5.211720682918034e+23,5.84864957979255e-14,
1,line,16,ASGARD t=$1.0\times 10^{6}$ s,7.377760082683267e+23,3.8368691825141925e-14,
1,line,16,ASGARD t=$1.0\times 10^{6}$ s,1.0444025524245678e+24,2.322526338065919e-14,
1,line,16,ASGARD t=$1.0\times 10^{6}$ s,1.4784659290712948e+24,1.4059003946442217e-14,
1,line,16,ASGARD t=$1.0\times 10^{6}$ s,2.0929300664290934e+24,8.510571295201322e-15,
1,line,16,ASGARD t=$1.0\times 10^{6}$ s,2.962771191970876e+24,5.1519677798249624e-15,
1,line,16,ASGARD t=$1.0\times 10^{6}$ s,4.1941263479239357e+24,2.23401425356431e-15,
1,line,16,ASGARD t=$1.0\times 10^{6}$ s,5.93724411457111e+24,9.384004331240443e-16,
1,line,16,ASGARD t=$1.0\times 10^{6}$ s,8.40481777413738e+24,3.9424401176191555e-16,
1,line,16,ASGARD t=$1.0\times 10^{6}$ s,1.1897937907435881e+25,1.6565954348982568e-16,
1,line,16,ASGARD t=$1.0\times 10^{6}$ s,1.6842831130116624e+25,3.924847973799025e-17,
1,line,16,ASGARD t=$1.0\times 10^{6}$ s,2.384286778806731e+25,7.672690325834665e-18,
1,line,16,ASGARD t=$1.0\times 10^{6}$ s,3.3752184532845626e+25,1.4999764781674821e-18,
1,line,16,ASGARD t=$1.0\times 10^{6}$ s,4.777990512153977e+25,2.9324673916006095e-19,
1,line,16,ASGARD t=$1.0\times 10^{6}$ s,6.763767634659977e+25,3.8986568839093383e-20,
1,line,16,ASGARD t=$1.0\times 10^{6}$ s,9.574852126495787e+25,3.950969348887915e-21,
1,line,16,ASGARD t=$1.0\times 10^{6}$ s,1.3554249376408226e+26,4.0040948073975944e-22,
1,line,16,ASGARD t=$1.0\times 10^{6}$ s,1.9187520990478362e+26,4.058046996266562e-23,
1,line,16,ASGARD t=$1.0\times 10^{6}$ s,2.7162032476755613e+26,1.1301159558764144e-23,
1,line,16,ASGARD t=$1.0\times 10^{6}$ s,3.845082481652776e+26,1.171848911781262e-23,
1,line,16,ASGARD t=$1.0\times 10^{6}$ s,5.443134383763505e+26,1.0530649460952922e-23,
1,line,16,ASGARD t=$1.0\times 10^{6}$ s,7.705351461530558e+26,6.331308416358053e-24,
1,line,16,ASGARD t=$1.0\times 10^{6}$ s,1.090776691510952e+27,0.0,
1,line,16,ASGARD t=$1.0\times 10^{6}$ s,1.544113589994833e+27,0.0,
1,line,16,ASGARD t=$1.0\times 10^{6}$ s,2.1858615034246653e+27,0.0,
1,line,16,ASGARD t=$1.0\times 10^{6}$ s,3.094325795144362e+27,0.0,
1,line,16,ASGARD t=$1.0\times 10^{6}$ s,4.380356262962889e+27,0.0,
1,line,16,ASGARD t=$1.0\times 10^{6}$ s,6.20087290762581e+27,0.0,
1,line,16,ASGARD t=$1.0\times 10^{6}$ s,8.778013135972453e+27,0.0,
1,line,16,ASGARD t=$1.0\times 10^{6}$ s,1.2426236719115056e+28,0.0,
1,line,16,ASGARD t=$1.0\times 10^{6}$ s,1.759069582234977e+28,0.0,
1,line,16,ASGARD t=$1.0\times 10^{6}$ s,2.4901551974979007e+28,0.0,
1,line,16,ASGARD t=$1.0\times 10^{6}$ s,3.525086767600899e+28,0.0,
1,line,16,ASGARD t=$1.0\times 10^{6}$ s,4.990145486353981e+28,0.0,
1,line,16,ASGARD t=$1.0\times 10^{6}$ s,7.064096181645562e+28,0.0,
1,line,16,ASGARD t=$1.0\times 10^{6}$ s,1e+29,0.0,
1,line,17,ASGARD+had t=$1.0\times 10^{6}$ s,100000.0,1.1368483308486628e-26,
1,line,17,ASGARD+had t=$1.0\times 10^{6}$ s,141560.92644919915,3.230428192306181e-26,
1,line,17,ASGARD+had t=$1.0\times 10^{6}$ s,200394.95897155572,9.179754247981411e-26,
1,line,17,ASGARD+had t=$1.0\times 10^{6}$ s,283680.9604776268,2.608583466953035e-25,
1,line,17,ASGARD+had t=$1.0\times 10^{6}$ s,401581.39581211505,7.412767187113845e-25,
1,line,17,ASGARD+had t=$1.0\times 10^{6}$ s,568482.3443592555,2.1070759059972498e-24,
1,line,17,ASGARD+had t=$1.0\times 10^{6}$ s,804748.8733750888,5.989826111110292e-24,
1,line,17,ASGARD+had t=$1.0\times 10^{6}$ s,1139209.9607392682,1.7027424535848087e-23,
1,line,17,ASGARD+had t=$1.0\times 10^{6}$ s,1612676.174624066,4.8404331056604696e-23,
1,line,17,ASGARD+had t=$1.0\times 10^{6}$ s,2282919.333423333,1.3746514965046959e-22,
1,line,17,ASGARD+had t=$1.0\times 10^{6}$ s,3231721.7584819514,3.901588332769342e-22,
1,line,17,ASGARD+had t=$1.0\times 10^{6}$ s,4574855.261567401,1.1073643683676451e-21,
1,line,17,ASGARD+had t=$1.0\times 10^{6}$ s,6476207.491984746,3.1429672806738396e-21,
1,line,17,ASGARD+had t=$1.0\times 10^{6}$ s,9167779.324426051,7.949020824636134e-21,
1,line,17,ASGARD+had t=$1.0\times 10^{6}$ s,12977993.34647565,1.7576111377404337e-20,
1,line,17,ASGARD+had t=$1.0\times 10^{6}$ s,18371767.615786355,3.8863745734947285e-20,
1,line,17,ASGARD+had t=$1.0\times 10^{6}$ s,26007244.44200111,8.593680416124357e-20,
1,line,17,ASGARD+had t=$1.0\times 10^{6}$ s,36816096.176004626,1.743208893882673e-19,
1,line,17,ASGARD+had t=$1.0\times 10^{6}$ s,52117206.82918034,2.890623743204421e-19,
1,line,17,ASGARD+had t=$1.0\times 10^{6}$ s,73777600.82683298,4.7932948520397355e-19,
1,line,17,ASGARD+had t=$1.0\times 10^{6}$ s,104440255.24245678,7.948353375583631e-19,
1,line,17,ASGARD+had t=$1.0\times 10^{6}$ s,147846592.9071301,1.3097311968372469e-18,
1,line,17,ASGARD+had t=$1.0\times 10^{6}$ s,209293006.64290932,2.074425690403969e-18,
1,line,17,ASGARD+had t=$1.0\times 10^{6}$ s,296277119.1970864,3.285591748095235e-18,
1,line,17,ASGARD+had t=$1.0\times 10^{6}$ s,419412634.79239357,5.2039045477223506e-18,
1,line,17,ASGARD+had t=$1.0\times 10^{6}$ s,593724411.4571109,8.24223608876901e-18,
1,line,17,ASGARD+had t=$1.0\times 10^{6}$ s,840481777.4137379,1.2868120280046618e-17,
1,line,17,ASGARD+had t=$1.0\times 10^{6}$ s,1189793790.7435882,2.0082821059372127e-17,
1,line,17,ASGARD+had t=$1.0\times 10^{6}$ s,1684283113.0116625,3.1342556609303084e-17,
1,line,17,ASGARD+had t=$1.0\times 10^{6}$ s,2384286778.806731,4.89152426638398e-17,
1,line,17,ASGARD+had t=$1.0\times 10^{6}$ s,3375218453.2845626,7.47492621181147e-17,
1,line,17,ASGARD+had t=$1.0\times 10^{6}$ s,4777990512.153976,1.1367329203461805e-16,
1,line,17,ASGARD+had t=$1.0\times 10^{6}$ s,6763767634.659977,1.7286637116072552e-16,
1,line,17,ASGARD+had t=$1.0\times 10^{6}$ s,9574852126.495787,2.628833879564228e-16,
1,line,17,ASGARD+had t=$1.0\times 10^{6}$ s,13554249376.408226,3.8528063777916255e-16,
1,line,17,ASGARD+had t=$1.0\times 10^{6}$ s,19187520990.478363,5.53547994899937e-16,
1,line,17,ASGARD+had t=$1.0\times 10^{6}$ s,27162032476.755615,7.953103742543899e-16,
1,line,17,ASGARD+had t=$1.0\times 10^{6}$ s,38450824816.52776,1.1426711991805073e-15,
1,line,17,ASGARD+had t=$1.0\times 10^{6}$ s,54431343837.635056,1.5735720178412676e-15,
1,line,17,ASGARD+had t=$1.0\times 10^{6}$ s,77053514615.30557,2.0724075556273185e-15,
1,line,17,ASGARD+had t=$1.0\times 10^{6}$ s,109077669151.0952,2.7294370569363823e-15,
1,line,17,ASGARD+had t=$1.0\times 10^{6}$ s,154411358999.4833,3.594846684680688e-15,
1,line,17,ASGARD+had t=$1.0\times 10^{6}$ s,218586150342.46652,4.639437002692181e-15,
1,line,17,ASGARD+had t=$1.0\times 10^{6}$ s,309432579514.43616,5.739020956653362e-15,
1,line,17,ASGARD+had t=$1.0\times 10^{6}$ s,438035626296.2889,7.099271348129948e-15,
1,line,17,ASGARD+had t=$1.0\times 10^{6}$ s,620087290762.5809,8.781994840382335e-15,
1,line,17,ASGARD+had t=$1.0\times 10^{6}$ s,877801313597.2452,1.0723178638503961e-14,
1,line,17,ASGARD+had t=$1.0\times 10^{6}$ s,1242623671911.5056,1.2238270779476197e-14,
1,line,17,ASGARD+had t=$1.0\times 10^{6}$ s,1759069582234.9841,1.3967443303146375e-14,
1,line,17,ASGARD+had t=$1.0\times 10^{6}$ s,2490155197497.901,1.5940947019122956e-14,
1,line,17,ASGARD+had t=$1.0\times 10^{6}$ s,3525086767600.913,1.819457711688634e-14,
1,line,17,ASGARD+had t=$1.0\times 10^{6}$ s,4990145486353.98,2.1139492346647868e-14,
1,line,17,ASGARD+had t=$1.0\times 10^{6}$ s,7064096181645.59,2.456308731221502e-14,
1,line,17,ASGARD+had t=$1.0\times 10^{6}$ s,10000000000000.0,2.854115933539835e-14,
1,line,17,ASGARD+had t=$1.0\times 10^{6}$ s,14156092644919.916,3.3163512926782695e-14,
1,line,17,ASGARD+had t=$1.0\times 10^{6}$ s,20039495897155.574,3.737603695508966e-14,
1,line,17,ASGARD+had t=$1.0\times 10^{6}$ s,28368096047762.684,4.187292908659471e-14,
1,line,17,ASGARD+had t=$1.0\times 10^{6}$ s,40158139581211.5,4.6910876289879863e-14,
1,line,17,ASGARD+had t=$1.0\times 10^{6}$ s,56848234435925.55,5.25549784560849e-14,
1,line,17,ASGARD+had t=$1.0\times 10^{6}$ s,80474887337508.88,5.94540729960676e-14,
1,line,17,ASGARD+had t=$1.0\times 10^{6}$ s,113920996073926.83,6.757732162889695e-14,
1,line,17,ASGARD+had t=$1.0\times 10^{6}$ s,161267617462406.6,7.681052824502182e-14,
1,line,17,ASGARD+had t=$1.0\times 10^{6}$ s,228291933342333.28,8.730536712983419e-14,
1,line,17,ASGARD+had t=$1.0\times 10^{6}$ s,323172175848195.2,9.897255103998371e-14,
1,line,17,ASGARD+had t=$1.0\times 10^{6}$ s,457485526156740.1,1.1191282257466883e-13,
1,line,17,ASGARD+had t=$1.0\times 10^{6}$ s,647620749198474.6,1.2654507617042594e-13,
1,line,17,ASGARD+had t=$1.0\times 10^{6}$ s,916777932442605.1,1.4309055601833275e-13,
1,line,17,ASGARD+had t=$1.0\times 10^{6}$ s,1297799334647565.0,1.609684212803496e-13,
1,line,17,ASGARD+had t=$1.0\times 10^{6}$ s,1837176761578635.5,1.7936030763568349e-13,
1,line,17,ASGARD+had t=$1.0\times 10^{6}$ s,2600724444200111.0,1.9985377406459329e-13,
1,line,17,ASGARD+had t=$1.0\times 10^{6}$ s,3681609617600463.0,2.2268897999569602e-13,
1,line,17,ASGARD+had t=$1.0\times 10^{6}$ s,5211720682918033.0,2.4925492678991937e-13,
1,line,17,ASGARD+had t=$1.0\times 10^{6}$ s,7377760082683297.0,2.844980757452026e-13,
1,line,17,ASGARD+had t=$1.0\times 10^{6}$ s,1.0444025524245678e+16,3.247245251096702e-13,
1,line,17,ASGARD+had t=$1.0\times 10^{6}$ s,1.478465929071307e+16,3.706389206505853e-13,
1,line,17,ASGARD+had t=$1.0\times 10^{6}$ s,2.0929300664290932e+16,4.2260913444695013e-13,
1,line,17,ASGARD+had t=$1.0\times 10^{6}$ s,2.9627711919708516e+16,4.625140294097686e-13,
1,line,17,ASGARD+had t=$1.0\times 10^{6}$ s,4.194126347923935e+16,5.061869950268361e-13,
1,line,17,ASGARD+had t=$1.0\times 10^{6}$ s,5.9372441145711096e+16,5.539838407444075e-13,
1,line,17,ASGARD+had t=$1.0\times 10^{6}$ s,8.40481777413738e+16,6.062939746316752e-13,
1,line,17,ASGARD+had t=$1.0\times 10^{6}$ s,1.1897937907435784e+17,6.835806008124492e-13,
1,line,17,ASGARD+had t=$1.0\times 10^{6}$ s,1.6842831130116624e+17,7.744013356100763e-13,
1,line,17,ASGARD+had t=$1.0\times 10^{6}$ s,2.3842867788067312e+17,8.772885457780453e-13,
1,line,17,ASGARD+had t=$1.0\times 10^{6}$ s,3.3752184532845626e+17,9.938453880657235e-13,
1,line,17,ASGARD+had t=$1.0\times 10^{6}$ s,4.777990512153937e+17,1.0825532852740373e-12,
1,line,17,ASGARD+had t=$1.0\times 10^{6}$ s,6.763767634659977e+17,1.1594427736412578e-12,
1,line,17,ASGARD+had t=$1.0\times 10^{6}$ s,9.574852126495786e+17,1.2417936402119779e-12,
1,line,17,ASGARD+had t=$1.0\times 10^{6}$ s,1.3554249376408225e+18,1.329993816564598e-12,
1,line,17,ASGARD+had t=$1.0\times 10^{6}$ s,1.9187520990478205e+18,1.4385091695567604e-12,
1,line,17,ASGARD+had t=$1.0\times 10^{6}$ s,2.7162032476755615e+18,1.5691478784091369e-12,
1,line,17,ASGARD+had t=$1.0\times 10^{6}$ s,3.845082481652776e+18,1.7116522536012124e-12,
1,line,17,ASGARD+had t=$1.0\times 10^{6}$ s,5.443134383763505e+18,1.867100182229584e-12,
1,line,17,ASGARD+had t=$1.0\times 10^{6}$ s,7.705351461530494e+18,1.9970152487937283e-12,
1,line,17,ASGARD+had t=$1.0\times 10^{6}$ s,1.090776691510952e+19,2.06682494918541e-12,
1,line,17,ASGARD+had t=$1.0\times 10^{6}$ s,1.5441135899948329e+19,2.1390772210174196e-12,
1,line,17,ASGARD+had t=$1.0\times 10^{6}$ s,2.185861503424665e+19,2.21385760569584e-12,
1,line,17,ASGARD+had t=$1.0\times 10^{6}$ s,3.0943257951443616e+19,2.284662049074636e-12,
1,line,17,ASGARD+had t=$1.0\times 10^{6}$ s,4.380356262962889e+19,2.332899732518628e-12,
1,line,17,ASGARD+had t=$1.0\times 10^{6}$ s,6.2008729076258095e+19,2.382162878864134e-12,
1,line,17,ASGARD+had t=$1.0\times 10^{6}$ s,8.778013135972526e+19,2.432473432887729e-12,
1,line,17,ASGARD+had t=$1.0\times 10^{6}$ s,1.2426236719115056e+20,2.4811588948682766e-12,
1,line,17,ASGARD+had t=$1.0\times 10^{6}$ s,1.759069582234977e+20,2.4769487808380973e-12,
1,line,17,ASGARD+had t=$1.0\times 10^{6}$ s,2.4901551974979007e+20,2.472750974629879e-12,
1,line,17,ASGARD+had t=$1.0\times 10^{6}$ s,3.525086767600928e+20,2.4685654388939424e-12,
1,line,17,ASGARD+had t=$1.0\times 10^{6}$ s,4.990145486353981e+20,2.4643921364028905e-12,
1,line,17,ASGARD+had t=$1.0\times 10^{6}$ s,7.064096181645561e+20,2.3540552871232284e-12,
1,line,17,ASGARD+had t=$1.0\times 10^{6}$ s,1e+21,2.23613455744694e-12,
1,line,17,ASGARD+had t=$1.0\times 10^{6}$ s,1.4156092644919856e+21,2.1241273039414964e-12,
1,line,17,ASGARD+had t=$1.0\times 10^{6}$ s,2.0039495897155573e+21,2.0177366504622966e-12,
1,line,17,ASGARD+had t=$1.0\times 10^{6}$ s,2.836809604776257e+21,1.95200582525123e-12,
1,line,17,ASGARD+had t=$1.0\times 10^{6}$ s,4.01581395812115e+21,1.9015059233151855e-12,
1,line,17,ASGARD+had t=$1.0\times 10^{6}$ s,5.684823443592532e+21,1.8523164294893025e-12,
1,line,17,ASGARD+had t=$1.0\times 10^{6}$ s,8.047488733750887e+21,1.804403239633591e-12,
1,line,17,ASGARD+had t=$1.0\times 10^{6}$ s,1.1392099607392635e+22,1.6505807469509622e-12,
1,line,17,ASGARD+had t=$1.0\times 10^{6}$ s,1.612676174624066e+22,1.4376924414830466e-12,
1,line,17,ASGARD+had t=$1.0\times 10^{6}$ s,2.282919333423323e+22,1.2522629540663785e-12,
1,line,17,ASGARD+had t=$1.0\times 10^{6}$ s,3.2317217584819514e+22,1.0907504614212594e-12,
1,line,17,ASGARD+had t=$1.0\times 10^{6}$ s,4.5748552615673826e+22,9.609435746989216e-13,
1,line,17,ASGARD+had t=$1.0\times 10^{6}$ s,6.476207491984746e+22,8.611551392319966e-13,
1,line,17,ASGARD+had t=$1.0\times 10^{6}$ s,9.167779324426014e+22,7.717299629772753e-13,
1,line,17,ASGARD+had t=$1.0\times 10^{6}$ s,1.2977993346475651e+23,6.915917152836761e-13,
1,line,17,ASGARD+had t=$1.0\times 10^{6}$ s,1.837176761578628e+23,5.738411632230986e-13,
1,line,17,ASGARD+had t=$1.0\times 10^{6}$ s,2.600724444200111e+23,3.716243066774043e-13,
1,line,17,ASGARD+had t=$1.0\times 10^{6}$ s,3.681609617600448e+23,2.4066738571593477e-13,
1,line,17,ASGARD+had t=$1.0\times 10^{6}$ s,5.211720682918034e+23,1.5585871448768062e-13,
1,line,17,ASGARD+had t=$1.0\times 10^{6}$ s,7.377760082683267e+23,1.0086010985216842e-13,
1,line,17,ASGARD+had t=$1.0\times 10^{6}$ s,1.0444025524245678e+24,6.461998017161647e-14,
1,line,17,ASGARD+had t=$1.0\times 10^{6}$ s,1.4784659290712948e+24,4.140193812385566e-14,
1,line,17,ASGARD+had t=$1.0\times 10^{6}$ s,2.0929300664290934e+24,2.6526564904491482e-14,
1,line,17,ASGARD+had t=$1.0\times 10^{6}$ s,2.962771191970876e+24,1.699604529026633e-14,
1,line,17,ASGARD+had t=$1.0\times 10^{6}$ s,4.1941263479239357e+24,6.522839621255458e-15,
1,line,17,ASGARD+had t=$1.0\times 10^{6}$ s,5.93724411457111e+24,2.382994544496804e-15,
1,line,17,ASGARD+had t=$1.0\times 10^{6}$ s,8.40481777413738e+24,8.706094289293686e-16,
1,line,17,ASGARD+had t=$1.0\times 10^{6}$ s,1.1897937907435881e+25,3.1808566321519135e-16,
1,line,17,ASGARD+had t=$1.0\times 10^{6}$ s,1.6842831130116624e+25,8.559595441259308e-17,
1,line,17,ASGARD+had t=$1.0\times 10^{6}$ s,2.384286778806731e+25,2.0801421075418142e-17,
1,line,17,ASGARD+had t=$1.0\times 10^{6}$ s,3.3752184532845626e+25,5.0645612151940024e-18,
1,line,17,ASGARD+had t=$1.0\times 10^{6}$ s,4.777990512153977e+25,1.2418514397959323e-18,
1,line,17,ASGARD+had t=$1.0\times 10^{6}$ s,6.763767634659977e+25,3.280341203778479e-19,
1,line,17,ASGARD+had t=$1.0\times 10^{6}$ s,9.574852126495787e+25,9.769150799219216e-20,
1,line,17,ASGARD+had t=$1.0\times 10^{6}$ s,1.3554249376408226e+26,3.668718649803426e-20,
1,line,17,ASGARD+had t=$1.0\times 10^{6}$ s,1.9187520990478362e+26,2.0395259798446105e-20,
1,line,17,ASGARD+had t=$1.0\times 10^{6}$ s,2.7162032476755613e+26,1.7030740249551754e-20,
1,line,17,ASGARD+had t=$1.0\times 10^{6}$ s,3.845082481652776e+26,1.714582574842942e-20,
1,line,17,ASGARD+had t=$1.0\times 10^{6}$ s,5.443134383763505e+26,1.7697111413172146e-20,
1,line,17,ASGARD+had t=$1.0\times 10^{6}$ s,7.705351461530558e+26,1.853567308133036e-20,
1,line,17,ASGARD+had t=$1.0\times 10^{6}$ s,1.090776691510952e+27,1.9831421638499817e-20,
1,line,17,ASGARD+had t=$1.0\times 10^{6}$ s,1.544113589994833e+27,2.2257640183986833e-20,
1,line,17,ASGARD+had t=$1.0\times 10^{6}$ s,2.1858615034246653e+27,2.512635620683579e-20,
1,line,17,ASGARD+had t=$1.0\times 10^{6}$ s,3.094325795144362e+27,2.840667236775904e-20,
1,line,17,ASGARD+had t=$1.0\times 10^{6}$ s,4.380356262962889e+27,3.2220794921021e-20,
1,line,17,ASGARD+had t=$1.0\times 10^{6}$ s,6.20087290762581e+27,3.752196194592214e-20,
1,line,17,ASGARD+had t=$1.0\times 10^{6}$ s,8.778013135972453e+27,4.369675205385131e-20,
1,line,17,ASGARD+had t=$1.0\times 10^{6}$ s,1.2426236719115056e+28,5.088779962667115e-20,
1,line,17,ASGARD+had t=$1.0\times 10^{6}$ s,1.759069582234977e+28,5.926231740391085e-20,
1,line,17,ASGARD+had t=$1.0\times 10^{6}$ s,2.4901551974979007e+28,6.858697715454104e-20,
1,line,17,ASGARD+had t=$1.0\times 10^{6}$ s,3.525086767600899e+28,7.93452174770624e-20,
1,line,17,ASGARD+had t=$1.0\times 10^{6}$ s,4.990145486353981e+28,9.179096178129426e-20,
1,line,17,ASGARD+had t=$1.0\times 10^{6}$ s,7.064096181645562e+28,1.0618890909999061e-19,
1,line,17,ASGARD+had t=$1.0\times 10^{6}$ s,1e+29,1.2244252556342578e-19,
1,line,18,had-only t=$1.0\times 10^{6}$ s,100000.0,1.2150815631459668e-30,
1,line,18,had-only t=$1.0\times 10^{6}$ s,141560.92644919915,2.464401350741947e-30,
1,line,18,had-only t=$1.0\times 10^{6}$ s,200394.95897155572,4.996673368189704e-30,
1,line,18,had-only t=$1.0\times 10^{6}$ s,283680.9604776268,1.0130957434357798e-29,
1,line,18,had-only t=$1.0\times 10^{6}$ s,401581.39581211505,2.0540926486664703e-29,
1,line,18,had-only t=$1.0\times 10^{6}$ s,568482.3443592555,4.1537767116273995e-29,
1,line,18,had-only t=$1.0\times 10^{6}$ s,804748.8733750888,8.393709238743319e-29,
1,line,18,had-only t=$1.0\times 10^{6}$ s,1139209.9607392682,1.69615171147245e-28,
1,line,18,had-only t=$1.0\times 10^{6}$ s,1612676.174624066,3.4274842581751374e-28,
1,line,18,had-only t=$1.0\times 10^{6}$ s,2282919.333423333,6.917144472929145e-28,
1,line,18,had-only t=$1.0\times 10^{6}$ s,3231721.7584819514,1.394880908327332e-27,
1,line,18,had-only t=$1.0\times 10^{6}$ s,4574855.261567401,2.812856339955741e-27,
1,line,18,had-only t=$1.0\times 10^{6}$ s,6476207.491984746,5.672285901922699e-27,
1,line,18,had-only t=$1.0\times 10^{6}$ s,9167779.324426051,1.01715469184376e-26,
1,line,18,had-only t=$1.0\times 10^{6}$ s,12977993.34647565,1.5901513672466854e-26,
1,line,18,had-only t=$1.0\times 10^{6}$ s,18371767.615786355,2.4860555264298266e-26,
1,line,18,had-only t=$1.0\times 10^{6}$ s,26007244.44200111,3.88690660813757e-26,
1,line,18,had-only t=$1.0\times 10^{6}$ s,36816096.176004626,5.586956428821527e-26,
1,line,18,had-only t=$1.0\times 10^{6}$ s,52117206.82918034,6.594605397736688e-26,
1,line,18,had-only t=$1.0\times 10^{6}$ s,73777600.82683298,7.784006968407676e-26,
1,line,18,had-only t=$1.0\times 10^{6}$ s,104440255.24245678,9.187947216284291e-26,
1,line,18,had-only t=$1.0\times 10^{6}$ s,147846592.9071301,1.0785604546681833e-25,
1,line,18,had-only t=$1.0\times 10^{6}$ s,209293006.64290932,1.2229477379941988e-25,
1,line,18,had-only t=$1.0\times 10^{6}$ s,296277119.1970864,1.3866642229801627e-25,
1,line,18,had-only t=$1.0\times 10^{6}$ s,419412634.79239357,1.5722975231284225e-25,
1,line,18,had-only t=$1.0\times 10^{6}$ s,593724411.4571109,1.782781657952751e-25,
1,line,18,had-only t=$1.0\times 10^{6}$ s,840481777.4137379,2.0142735643254694e-25,
1,line,18,had-only t=$1.0\times 10^{6}$ s,1189793790.7435882,2.2756125548107118e-25,
1,line,18,had-only t=$1.0\times 10^{6}$ s,1684283113.0116625,2.570858592385371e-25,
1,line,18,had-only t=$1.0\times 10^{6}$ s,2384286778.806731,2.9044108975833173e-25,
1,line,18,had-only t=$1.0\times 10^{6}$ s,3375218453.2845626,3.280404781000309e-25,
1,line,18,had-only t=$1.0\times 10^{6}$ s,4777990512.153976,3.704855132348174e-25,
1,line,18,had-only t=$1.0\times 10^{6}$ s,6763767634.659977,4.18422495638497e-25,
1,line,18,had-only t=$1.0\times 10^{6}$ s,9574852126.495787,4.725620263203962e-25,
1,line,18,had-only t=$1.0\times 10^{6}$ s,13554249376.408226,5.33697552113191e-25,
1,line,18,had-only t=$1.0\times 10^{6}$ s,19187520990.478363,6.027366589673026e-25,
1,line,18,had-only t=$1.0\times 10^{6}$ s,27162032476.755615,6.807066635862161e-25,
1,line,18,had-only t=$1.0\times 10^{6}$ s,38450824816.52776,7.687628667627845e-25,
1,line,18,had-only t=$1.0\times 10^{6}$ s,54431343837.635056,8.68203062077875e-25,
1,line,18,had-only t=$1.0\times 10^{6}$ s,77053514615.30557,9.804975489150653e-25,
1,line,18,had-only t=$1.0\times 10^{6}$ s,109077669151.0952,1.1073163473517468e-24,
1,line,18,had-only t=$1.0\times 10^{6}$ s,154411358999.4833,1.2505380503082333e-24,
1,line,18,had-only t=$1.0\times 10^{6}$ s,218586150342.46652,1.4122921224525693e-24,
1,line,18,had-only t=$1.0\times 10^{6}$ s,309432579514.43616,1.5949876101756137e-24,
1,line,18,had-only t=$1.0\times 10^{6}$ s,438035626296.2889,1.8013167645523993e-24,
1,line,18,had-only t=$1.0\times 10^{6}$ s,620087290762.5809,2.03433685977483e-24,
1,line,18,had-only t=$1.0\times 10^{6}$ s,877801313597.2452,2.2974778088872175e-24,
1,line,18,had-only t=$1.0\times 10^{6}$ s,1242623671911.5056,2.594523678262269e-24,
1,line,18,had-only t=$1.0\times 10^{6}$ s,1759069582234.9841,2.9299752501701524e-24,
1,line,18,had-only t=$1.0\times 10^{6}$ s,2490155197497.901,3.30879808095196e-24,
1,line,18,had-only t=$1.0\times 10^{6}$ s,3525086767600.913,3.736600645415411e-24,
1,line,18,had-only t=$1.0\times 10^{6}$ s,4990145486353.98,4.219930002790003e-24,
1,line,18,had-only t=$1.0\times 10^{6}$ s,7064096181645.59,4.765778935677399e-24,
1,line,18,had-only t=$1.0\times 10^{6}$ s,10000000000000.0,5.3822335557193856e-24,
1,line,18,had-only t=$1.0\times 10^{6}$ s,14156092644919.916,6.0784267250673145e-24,
1,line,18,had-only t=$1.0\times 10^{6}$ s,20039495897155.574,6.864531110553758e-24,
1,line,18,had-only t=$1.0\times 10^{6}$ s,28368096047762.684,7.752268832076836e-24,
1,line,18,had-only t=$1.0\times 10^{6}$ s,40158139581211.5,8.754810937139662e-24,
1,line,18,had-only t=$1.0\times 10^{6}$ s,56848234435925.55,9.887004205555821e-24,
1,line,18,had-only t=$1.0\times 10^{6}$ s,80474887337508.88,1.1164862901495828e-23,
1,line,18,had-only t=$1.0\times 10^{6}$ s,113920996073926.83,1.2607469956460984e-23,
1,line,18,had-only t=$1.0\times 10^{6}$ s,161267617462406.6,1.4236475638568056e-23,
1,line,18,had-only t=$1.0\times 10^{6}$ s,228291933342333.28,1.6075964432995896e-23,
1,line,18,had-only t=$1.0\times 10^{6}$ s,323172175848195.2,1.8149292014646127e-23,
1,line,18,had-only t=$1.0\times 10^{6}$ s,457485526156740.1,2.048588577522725e-23,
1,line,18,had-only t=$1.0\times 10^{6}$ s,647620749198474.6,2.312329955928472e-23,
1,line,18,had-only t=$1.0\times 10^{6}$ s,916777932442605.1,2.6100261830809875e-23,
1,line,18,had-only t=$1.0\times 10^{6}$ s,1297799334647565.0,2.944278541001681e-23,
1,line,18,had-only t=$1.0\times 10^{6}$ s,1837176761578635.5,3.317623520593914e-23,
1,line,18,had-only t=$1.0\times 10^{6}$ s,2600724444200111.0,3.738309976258575e-23,
1,line,18,had-only t=$1.0\times 10^{6}$ s,3681609617600463.0,4.2123409769363816e-23,
1,line,18,had-only t=$1.0\times 10^{6}$ s,5211720682918033.0,4.7405952043746426e-23,
1,line,18,had-only t=$1.0\times 10^{6}$ s,7377760082683297.0,5.306394921843172e-23,
1,line,18,had-only t=$1.0\times 10^{6}$ s,1.0444025524245678e+16,5.939724115134666e-23,
1,line,18,had-only t=$1.0\times 10^{6}$ s,1.478465929071307e+16,6.648642594730511e-23,
1,line,18,had-only t=$1.0\times 10^{6}$ s,2.0929300664290932e+16,7.437400572777053e-23,
1,line,18,had-only t=$1.0\times 10^{6}$ s,2.9627711919708516e+16,8.110218355910679e-23,
1,line,18,had-only t=$1.0\times 10^{6}$ s,4.194126347923935e+16,8.843905102898631e-23,
1,line,18,had-only t=$1.0\times 10^{6}$ s,5.9372441145711096e+16,9.64396783170186e-23,
1,line,18,had-only t=$1.0\times 10^{6}$ s,8.40481777413738e+16,1.0516411823914035e-22,
1,line,18,had-only t=$1.0\times 10^{6}$ s,1.1897937907435784e+17,1.0511287506334086e-22,
1,line,18,had-only t=$1.0\times 10^{6}$ s,1.6842831130116624e+17,1.0360774875874576e-22,
1,line,18,had-only t=$1.0\times 10^{6}$ s,2.3842867788067312e+17,1.0212474105304221e-22,
1,line,18,had-only t=$1.0\times 10^{6}$ s,3.3752184532845626e+17,1.0066351882475618e-22,
1,line,18,had-only t=$1.0\times 10^{6}$ s,4.777990512153937e+17,7.50626279351154e-23,
1,line,18,had-only t=$1.0\times 10^{6}$ s,6.763767634659977e+17,4.9652299264073137e-23,
1,line,18,had-only t=$1.0\times 10^{6}$ s,9.574852126495786e+17,3.284746701358703e-23,
1,line,18,had-only t=$1.0\times 10^{6}$ s,1.3554249376408225e+18,2.1732576053760296e-23,
1,line,18,had-only t=$1.0\times 10^{6}$ s,1.9187520990478205e+18,5.7147939451119536e-24,
1,line,18,had-only t=$1.0\times 10^{6}$ s,2.7162032476755615e+18,6.785245897703596e-25,
1,line,18,had-only t=$1.0\times 10^{6}$ s,3.845082481652776e+18,8.077620511736956e-26,
1,line,18,had-only t=$1.0\times 10^{6}$ s,5.443134383763505e+18,9.640725947254756e-27,
1,line,18,had-only t=$1.0\times 10^{6}$ s,7.705351461530494e+18,1.0420265358074512e-27,
1,line,18,had-only t=$1.0\times 10^{6}$ s,1.090776691510952e+19,9.491223371046295e-29,
1,line,18,had-only t=$1.0\times 10^{6}$ s,1.5441135899948329e+19,8.67643730879082e-30,
1,line,18,had-only t=$1.0\times 10^{6}$ s,2.185861503424665e+19,7.961697674254022e-31,
1,line,18,had-only t=$1.0\times 10^{6}$ s,3.0943257951443616e+19,1.4066010625137375e-31,
1,line,18,had-only t=$1.0\times 10^{6}$ s,4.380356262962889e+19,2.818757621352831e-31,
1,line,18,had-only t=$1.0\times 10^{6}$ s,6.2008729076258095e+19,5.648648177284551e-31,
1,line,18,had-only t=$1.0\times 10^{6}$ s,8.778013135972526e+19,1.1319606194244821e-30,
1,line,18,had-only t=$1.0\times 10^{6}$ s,1.2426236719115056e+20,2.268392018136121e-30,
1,line,18,had-only t=$1.0\times 10^{6}$ s,1.759069582234977e+20,4.545743248009193e-30,
1,line,18,had-only t=$1.0\times 10^{6}$ s,2.4901551974979007e+20,9.109440304679009e-30,
1,line,18,had-only t=$1.0\times 10^{6}$ s,3.525086767600928e+20,1.825485913680959e-29,
1,line,18,had-only t=$1.0\times 10^{6}$ s,4.990145486353981e+20,3.658181742884754e-29,
1,line,18,had-only t=$1.0\times 10^{6}$ s,7.064096181645561e+20,7.330811760949562e-29,
1,line,18,had-only t=$1.0\times 10^{6}$ s,1e+21,1.4690577128642735e-28,
1,line,18,had-only t=$1.0\times 10^{6}$ s,1.4156092644919856e+21,2.943917582527611e-28,
1,line,18,had-only t=$1.0\times 10^{6}$ s,2.0039495897155573e+21,5.8994623947194865e-28,
1,line,18,had-only t=$1.0\times 10^{6}$ s,2.836809604776257e+21,1.1822225010100024e-27,
1,line,18,had-only t=$1.0\times 10^{6}$ s,4.01581395812115e+21,2.369114236378932e-27,
1,line,18,had-only t=$1.0\times 10^{6}$ s,5.684823443592532e+21,4.747585382800733e-27,
1,line,18,had-only t=$1.0\times 10^{6}$ s,8.047488733750887e+21,9.513921541172389e-27,
1,line,18,had-only t=$1.0\times 10^{6}$ s,1.1392099607392635e+22,1.906541795979355e-26,
1,line,18,had-only t=$1.0\times 10^{6}$ s,1.612676174624066e+22,3.8206132932698335e-26,
1,line,18,had-only t=$1.0\times 10^{6}$ s,2.282919333423323e+22,7.656315726984399e-26,
1,line,18,had-only t=$1.0\times 10^{6}$ s,3.2317217584819514e+22,1.534286932795058e-25,
1,line,18,had-only t=$1.0\times 10^{6}$ s,4.5748552615673826e+22,6.641552522374603e-25,
1,line,18,had-only t=$1.0\times 10^{6}$ s,6.476207491984746e+22,9.144780980996106e-24,
1,line,18,had-only t=$1.0\times 10^{6}$ s,9.167779324426014e+22,1.2593873598266032e-22,
1,line,18,had-only t=$1.0\times 10^{6}$ s,1.2977993346475651e+23,1.734713317321422e-21,
1,line,18,had-only t=$1.0\times 10^{6}$ s,1.837176761578628e+23,1.3397262782102619e-20,
1,line,18,had-only t=$1.0\times 10^{6}$ s,2.600724444200111e+23,1.6167009942110496e-20,
1,line,18,had-only t=$1.0\times 10^{6}$ s,3.681609617600448e+23,1.950951965097627e-20,
1,line,18,had-only t=$1.0\times 10^{6}$ s,5.211720682918034e+23,2.354326494377515e-20,
1,line,18,had-only t=$1.0\times 10^{6}$ s,7.377760082683267e+23,2.799271273542464e-20,
1,line,18,had-only t=$1.0\times 10^{6}$ s,1.0444025524245678e+24,2.770130269305334e-20,
1,line,18,had-only t=$1.0\times 10^{6}$ s,1.4784659290712948e+24,2.7412938562548525e-20,
1,line,18,had-only t=$1.0\times 10^{6}$ s,2.0929300664290934e+24,2.712758837981759e-20,
1,line,18,had-only t=$1.0\times 10^{6}$ s,2.962771191970876e+24,2.6845220517521138e-20,
1,line,18,had-only t=$1.0\times 10^{6}$ s,4.1941263479239357e+24,2.5274624685972e-20,
1,line,18,had-only t=$1.0\times 10^{6}$ s,5.93724411457111e+24,2.3682260383766857e-20,
1,line,18,had-only t=$1.0\times 10^{6}$ s,8.40481777413738e+24,2.2190222624958643e-20,
1,line,18,had-only t=$1.0\times 10^{6}$ s,1.1897937907435881e+25,2.079219013047193e-20,
1,line,18,had-only t=$1.0\times 10^{6}$ s,1.6842831130116624e+25,1.9470561797784588e-20,
1,line,18,had-only t=$1.0\times 10^{6}$ s,2.384286778806731e+25,1.8229442569978825e-20,
1,line,18,had-only t=$1.0\times 10^{6}$ s,3.3752184532845626e+25,1.7067452421757757e-20,
1,line,18,had-only t=$1.0\times 10^{6}$ s,4.777990512153977e+25,1.597954536430171e-20,
1,line,18,had-only t=$1.0\times 10^{6}$ s,6.763767634659977e+25,1.5397376186563738e-20,
1,line,18,had-only t=$1.0\times 10^{6}$ s,9.574852126495787e+25,1.513954450692552e-20,
1,line,18,had-only t=$1.0\times 10^{6}$ s,1.3554249376408226e+26,1.4886110481194137e-20,
1,line,18,had-only t=$1.0\times 10^{6}$ s,1.9187520990478362e+26,1.4636997776264693e-20,
1,line,18,had-only t=$1.0\times 10^{6}$ s,2.7162032476755613e+26,1.49013915733047e-20,
1,line,18,had-only t=$1.0\times 10^{6}$ s,3.845082481652776e+26,1.5902524573738994e-20,
1,line,18,had-only t=$1.0\times 10^{6}$ s,5.443134383763505e+26,1.6971111834811136e-20,
1,line,18,had-only t=$1.0\times 10^{6}$ s,7.705351461530558e+26,1.8111711245437113e-20,
1,line,18,had-only t=$1.0\times 10^{6}$ s,1.090776691510952e+27,1.9626241683888756e-20,
1,line,18,had-only t=$1.0\times 10^{6}$ s,1.544113589994833e+27,2.2199273808109614e-20,
1,line,18,had-only t=$1.0\times 10^{6}$ s,2.1858615034246653e+27,2.510975268262578e-20,
1,line,18,had-only t=$1.0\times 10^{6}$ s,3.094325795144362e+27,2.8401949045644447e-20,
1,line,18,had-only t=$1.0\times 10^{6}$ s,4.380356262962889e+27,3.22196899769147e-20,
1,line,18,had-only t=$1.0\times 10^{6}$ s,6.20087290762581e+27,3.7521918465609285e-20,
1,line,18,had-only t=$1.0\times 10^{6}$ s,8.778013135972453e+27,4.369675033587214e-20,
1,line,18,had-only t=$1.0\times 10^{6}$ s,1.2426236719115056e+28,5.088779955853148e-20,
1,line,18,had-only t=$1.0\times 10^{6}$ s,1.759069582234977e+28,5.926231740119862e-20,
1,line,18,had-only t=$1.0\times 10^{6}$ s,2.4901551974979007e+28,6.858697715218899e-20,
1,line,18,had-only t=$1.0\times 10^{6}$ s,3.525086767600899e+28,7.934521747476409e-20,
1,line,18,had-only t=$1.0\times 10^{6}$ s,4.990145486353981e+28,9.179096177950066e-20,
1,line,18,had-only t=$1.0\times 10^{6}$ s,7.064096181645562e+28,1.0618890909951819e-19,
1,line,18,had-only t=$1.0\times 10^{6}$ s,1e+29,1.2244252556342578e-19,
1,line,19,Vegas t=$1.0\times 10^{6}$ s,100000.0,9.9453240599932e-27,
1,line,19,Vegas t=$1.0\times 10^{6}$ s,141560.92644919915,2.8212737064412053e-26,
1,line,19,Vegas t=$1.0\times 10^{6}$ s,200394.95897155572,8.0031538423352e-26,
1,line,19,Vegas t=$1.0\times 10^{6}$ s,283680.9604776268,2.2701925147150685e-25,
1,line,19,Vegas t=$1.0\times 10^{6}$ s,401581.39581211505,6.4393690232380465e-25,
1,line,19,Vegas t=$1.0\times 10^{6}$ s,568482.3443592555,1.826391511846451e-24,
1,line,19,Vegas t=$1.0\times 10^{6}$ s,804748.8733750888,5.179647682205556e-24,
1,line,19,Vegas t=$1.0\times 10^{6}$ s,1139209.9607392682,1.4687177024525176e-23,
1,line,19,Vegas t=$1.0\times 10^{6}$ s,1612676.174624066,4.163540356889255e-23,
1,line,19,Vegas t=$1.0\times 10^{6}$ s,2282919.333423333,1.1797175171810655e-22,
1,line,19,Vegas t=$1.0\times 10^{6}$ s,3231721.7584819514,3.339383516570481e-22,
1,line,19,Vegas t=$1.0\times 10^{6}$ s,4574855.261567401,9.432048726794682e-22,
1,line,19,Vegas t=$1.0\times 10^{6}$ s,6476207.491984746,2.6504684835940908e-21,
1,line,19,Vegas t=$1.0\times 10^{6}$ s,9167779.324426051,7.357560511516622e-21,
1,line,19,Vegas t=$1.0\times 10^{6}$ s,12977993.34647565,1.9852153638706077e-20,
1,line,19,Vegas t=$1.0\times 10^{6}$ s,18371767.615786355,5.044001770935746e-20,
1,line,19,Vegas t=$1.0\times 10^{6}$ s,26007244.44200111,1.154939621241554e-19,
1,line,19,Vegas t=$1.0\times 10^{6}$ s,36816096.176004626,2.3209081321998855e-19,
1,line,19,Vegas t=$1.0\times 10^{6}$ s,52117206.82918034,4.1720440678566857e-19,
1,line,19,Vegas t=$1.0\times 10^{6}$ s,73777600.82683298,7.008292317801757e-19,
1,line,19,Vegas t=$1.0\times 10^{6}$ s,104440255.24245678,1.1390671356606617e-18,
1,line,19,Vegas t=$1.0\times 10^{6}$ s,147846592.9071301,1.824701679763408e-18,
1,line,19,Vegas t=$1.0\times 10^{6}$ s,209293006.64290932,2.9044876695266613e-18,
1,line,19,Vegas t=$1.0\times 10^{6}$ s,296277119.1970864,4.608619452085094e-18,
1,line,19,Vegas t=$1.0\times 10^{6}$ s,419412634.79239357,7.297211501388008e-18,
1,line,19,Vegas t=$1.0\times 10^{6}$ s,593724411.4571109,1.1531369613653029e-17,
1,line,19,Vegas t=$1.0\times 10^{6}$ s,840481777.4137379,1.817980228772289e-17,
1,line,19,Vegas t=$1.0\times 10^{6}$ s,1189793790.7435882,2.8575168345588233e-17,
1,line,19,Vegas t=$1.0\times 10^{6}$ s,1684283113.0116625,4.4736184213056104e-17,
1,line,19,Vegas t=$1.0\times 10^{6}$ s,2384286778.806731,6.966886033509921e-17,
1,line,19,Vegas t=$1.0\times 10^{6}$ s,3375218453.2845626,1.0774743179118965e-16,
1,line,19,Vegas t=$1.0\times 10^{6}$ s,4777990512.153976,1.6514436955705678e-16,
1,line,19,Vegas t=$1.0\times 10^{6}$ s,6763767634.659977,2.502218412535866e-16,
1,line,19,Vegas t=$1.0\times 10^{6}$ s,9574852126.495787,3.7371649318619394e-16,
1,line,19,Vegas t=$1.0\times 10^{6}$ s,13554249376.408226,5.484801556537841e-16,
1,line,19,Vegas t=$1.0\times 10^{6}$ s,19187520990.478363,7.885466557484503e-16,
1,line,19,Vegas t=$1.0\times 10^{6}$ s,27162032476.755615,1.10748372194294e-15,
1,line,19,Vegas t=$1.0\times 10^{6}$ s,38450824816.52776,1.516361580809337e-15,
1,line,19,Vegas t=$1.0\times 10^{6}$ s,54431343837.635056,2.022062368661375e-15,
1,line,19,Vegas t=$1.0\times 10^{6}$ s,77053514615.30557,2.6267341468063554e-15,
1,line,19,Vegas t=$1.0\times 10^{6}$ s,109077669151.0952,3.328764953009247e-15,
1,line,19,Vegas t=$1.0\times 10^{6}$ s,154411358999.4833,4.12493539044252e-15,
1,line,19,Vegas t=$1.0\times 10^{6}$ s,218586150342.46652,5.0129067465619085e-15,
1,line,19,Vegas t=$1.0\times 10^{6}$ s,309432579514.43616,5.9932284647892196e-15,
1,line,19,Vegas t=$1.0\times 10^{6}$ s,438035626296.2889,7.070470198746844e-15,
1,line,19,Vegas t=$1.0\times 10^{6}$ s,620087290762.5809,8.253537948587649e-15,
1,line,19,Vegas t=$1.0\times 10^{6}$ s,877801313597.2452,9.555477701707771e-15,
1,line,19,Vegas t=$1.0\times 10^{6}$ s,1242623671911.5056,1.0993089130856438e-14,
1,line,19,Vegas t=$1.0\times 10^{6}$ s,1759069582234.9841,1.2586573688438305e-14,
1,line,19,Vegas t=$1.0\times 10^{6}$ s,2490155197497.901,1.4359327943899613e-14,
1,line,19,Vegas t=$1.0\times 10^{6}$ s,3525086767600.913,1.633791265432422e-14,
1,line,19,Vegas t=$1.0\times 10^{6}$ s,4990145486353.98,1.8552186817839687e-14,
1,line,19,Vegas t=$1.0\times 10^{6}$ s,7064096181645.59,2.10355822695783e-14,
1,line,19,Vegas t=$1.0\times 10^{6}$ s,10000000000000.0,2.3825495178158068e-14,
1,line,19,Vegas t=$1.0\times 10^{6}$ s,14156092644919.916,2.6963777156015364e-14,
1,line,19,Vegas t=$1.0\times 10^{6}$ s,20039495897155.574,3.0497315934390716e-14,
1,line,19,Vegas t=$1.0\times 10^{6}$ s,28368096047762.684,3.447870178287925e-14,
1,line,19,Vegas t=$1.0\times 10^{6}$ s,40158139581211.5,3.896698061270891e-14,
1,line,19,Vegas t=$1.0\times 10^{6}$ s,56848234435925.55,4.402849811210655e-14,
1,line,19,Vegas t=$1.0\times 10^{6}$ s,80474887337508.88,4.973784159260121e-14,
1,line,19,Vegas t=$1.0\times 10^{6}$ s,113920996073926.83,5.61788877177531e-14,
1,line,19,Vegas t=$1.0\times 10^{6}$ s,161267617462406.6,6.344596509012052e-14,
1,line,19,Vegas t=$1.0\times 10^{6}$ s,228291933342333.28,7.164514083495065e-14,
1,line,19,Vegas t=$1.0\times 10^{6}$ s,323172175848195.2,8.089563978622949e-14,
1,line,19,Vegas t=$1.0\times 10^{6}$ s,457485526156740.1,9.133140349927227e-14,
1,line,19,Vegas t=$1.0\times 10^{6}$ s,647620749198474.6,1.0310279382656404e-13,
1,line,19,Vegas t=$1.0\times 10^{6}$ s,916777932442605.1,1.1637844182469205e-13,
1,line,19,Vegas t=$1.0\times 10^{6}$ s,1297799334647565.0,1.313472367950149e-13,
1,line,19,Vegas t=$1.0\times 10^{6}$ s,1837176761578635.5,1.4822044161509374e-13,
1,line,19,Vegas t=$1.0\times 10^{6}$ s,2600724444200111.0,1.6723390830242596e-13,
1,line,19,Vegas t=$1.0\times 10^{6}$ s,3681609617600463.0,1.8865035083159085e-13,
1,line,19,Vegas t=$1.0\times 10^{6}$ s,5211720682918033.0,2.1276160918034443e-13,
1,line,19,Vegas t=$1.0\times 10^{6}$ s,7377760082683297.0,2.3989080767373213e-13,
1,line,19,Vegas t=$1.0\times 10^{6}$ s,1.0444025524245678e+16,2.703942698720534e-13,
1,line,19,Vegas t=$1.0\times 10^{6}$ s,1.478465929071307e+16,3.046629991781302e-13,
1,line,19,Vegas t=$1.0\times 10^{6}$ s,2.0929300664290932e+16,3.431234665545799e-13,
1,line,19,Vegas t=$1.0\times 10^{6}$ s,2.9627711919708516e+16,3.8623736192948173e-13,
1,line,19,Vegas t=$1.0\times 10^{6}$ s,4.194126347923935e+16,4.344998624027517e-13,
1,line,19,Vegas t=$1.0\times 10^{6}$ s,5.9372441145711096e+16,4.884358481999789e-13,
1,line,19,Vegas t=$1.0\times 10^{6}$ s,8.40481777413738e+16,5.485933593934068e-13,
1,line,19,Vegas t=$1.0\times 10^{6}$ s,1.1897937907435784e+17,6.15533441633442e-13,
1,line,19,Vegas t=$1.0\times 10^{6}$ s,1.6842831130116624e+17,6.898153836998593e-13,
1,line,19,Vegas t=$1.0\times 10^{6}$ s,2.3842867788067312e+17,7.719758534953552e-13,
1,line,19,Vegas t=$1.0\times 10^{6}$ s,3.3752184532845626e+17,8.625027504317139e-13,
1,line,19,Vegas t=$1.0\times 10^{6}$ s,4.777990512153937e+17,9.617989335442307e-13,
1,line,19,Vegas t=$1.0\times 10^{6}$ s,6.763767634659977e+17,1.070139242784857e-12,
1,line,19,Vegas t=$1.0\times 10^{6}$ s,9.574852126495786e+17,1.1876183356170819e-12,
1,line,19,Vegas t=$1.0\times 10^{6}$ s,1.3554249376408225e+18,1.3140911480124473e-12,
1,line,19,Vegas t=$1.0\times 10^{6}$ s,1.9187520990478205e+18,1.449108652301687e-12,
1,line,19,Vegas t=$1.0\times 10^{6}$ s,2.7162032476755615e+18,1.5918534011115176e-12,
1,line,19,Vegas t=$1.0\times 10^{6}$ s,3.845082481652776e+18,1.7410818717472233e-12,
1,line,19,Vegas t=$1.0\times 10^{6}$ s,5.443134383763505e+18,1.8950828590042342e-12,
1,line,19,Vegas t=$1.0\times 10^{6}$ s,7.705351461530494e+18,2.0516627741790214e-12,
1,line,19,Vegas t=$1.0\times 10^{6}$ s,1.090776691510952e+19,2.2081688433067825e-12,
1,line,19,Vegas t=$1.0\times 10^{6}$ s,1.5441135899948329e+19,2.3615590329192112e-12,
1,line,19,Vegas t=$1.0\times 10^{6}$ s,2.185861503424665e+19,2.508522542342408e-12,
1,line,19,Vegas t=$1.0\times 10^{6}$ s,3.0943257951443616e+19,2.645647055295669e-12,
1,line,19,Vegas t=$1.0\times 10^{6}$ s,4.380356262962889e+19,2.769619791224358e-12,
1,line,19,Vegas t=$1.0\times 10^{6}$ s,6.2008729076258095e+19,2.8774408373731966e-12,
1,line,19,Vegas t=$1.0\times 10^{6}$ s,8.778013135972526e+19,2.9666218112552846e-12,
1,line,19,Vegas t=$1.0\times 10^{6}$ s,1.2426236719115056e+20,3.0353426658848536e-12,
1,line,19,Vegas t=$1.0\times 10^{6}$ s,1.759069582234977e+20,3.0825450727056094e-12,
1,line,19,Vegas t=$1.0\times 10^{6}$ s,2.4901551974979007e+20,3.10795110614731e-12,
1,line,19,Vegas t=$1.0\times 10^{6}$ s,3.525086767600928e+20,3.112008186798463e-12,
1,line,19,Vegas t=$1.0\times 10^{6}$ s,4.990145486353981e+20,3.095772176853736e-12,
1,line,19,Vegas t=$1.0\times 10^{6}$ s,7.064096181645561e+20,3.0607475959837793e-12,
1,line,19,Vegas t=$1.0\times 10^{6}$ s,1e+21,3.008706045504411e-12,
1,line,19,Vegas t=$1.0\times 10^{6}$ s,1.4156092644919856e+21,2.9415015776260994e-12,
1,line,19,Vegas t=$1.0\times 10^{6}$ s,2.0039495897155573e+21,2.860896498293083e-12,
1,line,19,Vegas t=$1.0\times 10^{6}$ s,2.836809604776257e+21,2.768404901889747e-12,
1,line,19,Vegas t=$1.0\times 10^{6}$ s,4.01581395812115e+21,2.665155886428926e-12,
1,line,19,Vegas t=$1.0\times 10^{6}$ s,5.684823443592532e+21,2.5517753031340346e-12,
1,line,19,Vegas t=$1.0\times 10^{6}$ s,8.047488733750887e+21,2.4282852773366875e-12,
1,line,19,Vegas t=$1.0\times 10^{6}$ s,1.1392099607392635e+22,2.2940260719703733e-12,
1,line,19,Vegas t=$1.0\times 10^{6}$ s,1.612676174624066e+22,2.147617409188001e-12,
1,line,19,Vegas t=$1.0\times 10^{6}$ s,2.282919333423323e+22,1.986999458759408e-12,
1,line,19,Vegas t=$1.0\times 10^{6}$ s,3.2317217584819514e+22,1.809630991090147e-12,
1,line,19,Vegas t=$1.0\times 10^{6}$ s,4.5748552615673826e+22,1.6129737396540889e-12,
1,line,19,Vegas t=$1.0\times 10^{6}$ s,6.476207491984746e+22,1.3954430466072461e-12,
1,line,19,Vegas t=$1.0\times 10^{6}$ s,9.167779324426014e+22,1.1580012345204837e-12,
1,line,19,Vegas t=$1.0\times 10^{6}$ s,1.2977993346475651e+23,9.063817081950779e-13,
1,line,19,Vegas t=$1.0\times 10^{6}$ s,1.837176761578628e+23,6.533454252688861e-13,
1,line,19,Vegas t=$1.0\times 10^{6}$ s,2.600724444200111e+23,4.192654613860007e-13,
1,line,19,Vegas t=$1.0\times 10^{6}$ s,3.681609617600448e+23,2.282946356589482e-13,
1,line,19,Vegas t=$1.0\times 10^{6}$ s,5.211720682918034e+23,9.854206860659477e-14,
1,line,19,Vegas t=$1.0\times 10^{6}$ s,7.377760082683267e+23,3.062187777093453e-14,
1,line,19,Vegas t=$1.0\times 10^{6}$ s,1.0444025524245678e+24,5.9770948513643004e-15,
1,line,19,Vegas t=$1.0\times 10^{6}$ s,1.4784659290712948e+24,6.041304321521676e-16,
1,line,19,Vegas t=$1.0\times 10^{6}$ s,2.0929300664290934e+24,2.405604600041961e-17,
1,line,19,Vegas t=$1.0\times 10^{6}$ s,2.962771191970876e+24,2.5626696813460176e-19,
1,line,19,Vegas t=$1.0\times 10^{6}$ s,4.1941263479239357e+24,4.22284576109574e-22,
1,line,19,Vegas t=$1.0\times 10^{6}$ s,5.93724411457111e+24,4.9563066515518235e-26,
1,line,19,Vegas t=$1.0\times 10^{6}$ s,8.40481777413738e+24,1.3822984517926748e-31,
1,line,19,Vegas t=$1.0\times 10^{6}$ s,1.1897937907435881e+25,1.936941179582187e-39,
1,line,19,Vegas t=$1.0\times 10^{6}$ s,1.6842831130116624e+25,1.512053655776372e-50,
1,line,19,Vegas t=$1.0\times 10^{6}$ s,2.384286778806731e+25,2.925142500516372e-66,
1,line,19,Vegas t=$1.0\times 10^{6}$ s,3.3752184532845626e+25,1.7131199695626044e-88,
1,line,19,Vegas t=$1.0\times 10^{6}$ s,4.777990512153977e+25,5.9618789920810844e-120,
1,line,19,Vegas t=$1.0\times 10^{6}$ s,6.763767634659977e+25,1.822096652217316e-164,
1,line,19,Vegas t=$1.0\times 10^{6}$ s,9.574852126495787e+25,1.8617795588856901e-227,
1,line,19,Vegas t=$1.0\times 10^{6}$ s,1.3554249376408226e+26,0.0,
1,line,19,Vegas t=$1.0\times 10^{6}$ s,1.9187520990478362e+26,0.0,
1,line,19,Vegas t=$1.0\times 10^{6}$ s,2.7162032476755613e+26,0.0,
1,line,19,Vegas t=$1.0\times 10^{6}$ s,3.845082481652776e+26,0.0,
1,line,19,Vegas t=$1.0\times 10^{6}$ s,5.443134383763505e+26,0.0,
1,line,19,Vegas t=$1.0\times 10^{6}$ s,7.705351461530558e+26,0.0,
1,line,19,Vegas t=$1.0\times 10^{6}$ s,1.090776691510952e+27,0.0,
1,line,19,Vegas t=$1.0\times 10^{6}$ s,1.544113589994833e+27,0.0,
1,line,19,Vegas t=$1.0\times 10^{6}$ s,2.1858615034246653e+27,0.0,
1,line,19,Vegas t=$1.0\times 10^{6}$ s,3.094325795144362e+27,0.0,
1,line,19,Vegas t=$1.0\times 10^{6}$ s,4.380356262962889e+27,0.0,
1,line,19,Vegas t=$1.0\times 10^{6}$ s,6.20087290762581e+27,0.0,
1,line,19,Vegas t=$1.0\times 10^{6}$ s,8.778013135972453e+27,0.0,
1,line,19,Vegas t=$1.0\times 10^{6}$ s,1.2426236719115056e+28,0.0,
1,line,19,Vegas t=$1.0\times 10^{6}$ s,1.759069582234977e+28,0.0,
1,line,19,Vegas t=$1.0\times 10^{6}$ s,2.4901551974979007e+28,0.0,
1,line,19,Vegas t=$1.0\times 10^{6}$ s,3.525086767600899e+28,0.0,
1,line,19,Vegas t=$1.0\times 10^{6}$ s,4.990145486353981e+28,0.0,
1,line,19,Vegas t=$1.0\times 10^{6}$ s,7.064096181645562e+28,0.0,
1,line,19,Vegas t=$1.0\times 10^{6}$ s,1e+29,0.0,
1,line,20,ASGARD t=$1.0\times 10^{7}$ s,100000.0,8.651288441040247e-27,
1,line,20,ASGARD t=$1.0\times 10^{7}$ s,141560.92644919915,2.4536845701330342e-26,
1,line,20,ASGARD t=$1.0\times 10^{7}$ s,200394.95897155572,6.959157599195552e-26,
1,line,20,ASGARD t=$1.0\times 10^{7}$ s,283680.9604776268,1.973208550713903e-25,
1,line,20,ASGARD t=$1.0\times 10^{7}$ s,401581.39581211505,5.594246002094602e-25,
1,line,20,ASGARD t=$1.0\times 10^{7}$ s,568482.3443592555,1.5860253758526018e-24,
1,line,20,ASGARD t=$1.0\times 10^{7}$ s,804748.8733750888,4.49654250452343e-24,
1,line,20,ASGARD t=$1.0\times 10^{7}$ s,1139209.9607392682,1.2740149390068881e-23,
1,line,20,ASGARD t=$1.0\times 10^{7}$ s,1612676.174624066,3.607880853058519e-23,
1,line,20,ASGARD t=$1.0\times 10^{7}$ s,2282919.333423333,1.0217151977070108e-22,
1,line,20,ASGARD t=$1.0\times 10^{7}$ s,3231721.7584819514,2.893393623525846e-22,
1,line,20,ASGARD t=$1.0\times 10^{7}$ s,4574855.261567401,7.984736998810281e-22,
1,line,20,ASGARD t=$1.0\times 10^{7}$ s,6476207.491984746,2.1173210676101218e-21,
1,line,20,ASGARD t=$1.0\times 10^{7}$ s,9167779.324426051,5.614529718941232e-21,
1,line,20,ASGARD t=$1.0\times 10^{7}$ s,12977993.34647565,1.4888145842503778e-20,
1,line,20,ASGARD t=$1.0\times 10^{7}$ s,18371767.615786355,3.614370544554242e-20,
1,line,20,ASGARD t=$1.0\times 10^{7}$ s,26007244.44200111,6.536621526372665e-20,
1,line,20,ASGARD t=$1.0\times 10^{7}$ s,36816096.176004626,1.1821545683826606e-19,
1,line,20,ASGARD t=$1.0\times 10^{7}$ s,52117206.82918034,2.1379396879164595e-19,
1,line,20,ASGARD t=$1.0\times 10^{7}$ s,73777600.82683298,3.826541951510706e-19,
1,line,20,ASGARD t=$1.0\times 10^{7}$ s,104440255.24245678,5.942416438581946e-19,
1,line,20,ASGARD t=$1.0\times 10^{7}$ s,147846592.9071301,9.228257332120802e-19,
1,line,20,ASGARD t=$1.0\times 10^{7}$ s,209293006.64290932,1.4330994122487948e-18,
1,line,20,ASGARD t=$1.0\times 10^{7}$ s,296277119.1970864,2.2255274118092364e-18,
1,line,20,ASGARD t=$1.0\times 10^{7}$ s,419412634.79239357,3.2284350358768862e-18,
1,line,20,ASGARD t=$1.0\times 10^{7}$ s,593724411.4571109,4.650173637868438e-18,
1,line,20,ASGARD t=$1.0\times 10^{7}$ s,840481777.4137379,6.698019718680246e-18,
1,line,20,ASGARD t=$1.0\times 10^{7}$ s,1189793790.7435882,9.647700382957019e-18,
1,line,20,ASGARD t=$1.0\times 10^{7}$ s,1684283113.0116625,1.2811544496320111e-17,
1,line,20,ASGARD t=$1.0\times 10^{7}$ s,2384286778.806731,1.6541787315815855e-17,
1,line,20,ASGARD t=$1.0\times 10^{7}$ s,3375218453.2845626,2.135815067735441e-17,
1,line,20,ASGARD t=$1.0\times 10^{7}$ s,4777990512.153976,2.7576880014285957e-17,
1,line,20,ASGARD t=$1.0\times 10^{7}$ s,6763767634.659977,3.4574788511295806e-17,
1,line,20,ASGARD t=$1.0\times 10^{7}$ s,9574852126.495787,4.243810617020891e-17,
1,line,20,ASGARD t=$1.0\times 10^{7}$ s,13554249376.408226,5.2089778732822223e-17,
1,line,20,ASGARD t=$1.0\times 10^{7}$ s,19187520990.478363,6.393653338372899e-17,
1,line,20,ASGARD t=$1.0\times 10^{7}$ s,27162032476.755615,7.702558337965973e-17,
1,line,20,ASGARD t=$1.0\times 10^{7}$ s,38450824816.52776,9.041471849767894e-17,
1,line,20,ASGARD t=$1.0\times 10^{7}$ s,54431343837.635056,1.0613126141794462e-16,
1,line,20,ASGARD t=$1.0\times 10^{7}$ s,77053514615.30557,1.2457978326332795e-16,
1,line,20,ASGARD t=$1.0\times 10^{7}$ s,109077669151.0952,1.4635287222036116e-16,
1,line,20,ASGARD t=$1.0\times 10^{7}$ s,154411358999.4833,1.723342271082732e-16,
1,line,20,ASGARD t=$1.0\times 10^{7}$ s,218586150342.46652,2.0292793298846324e-16,
1,line,20,ASGARD t=$1.0\times 10^{7}$ s,309432579514.43616,2.389527994340393e-16,
1,line,20,ASGARD t=$1.0\times 10^{7}$ s,438035626296.2889,2.802649271540169e-16,
1,line,20,ASGARD t=$1.0\times 10^{7}$ s,620087290762.5809,3.1634933530763315e-16,
1,line,20,ASGARD t=$1.0\times 10^{7}$ s,877801313597.2452,3.5707965446268173e-16,
1,line,20,ASGARD t=$1.0\times 10^{7}$ s,1242623671911.5056,4.0305405189661466e-16,
1,line,20,ASGARD t=$1.0\times 10^{7}$ s,1759069582234.9841,4.549477098093448e-16,
1,line,20,ASGARD t=$1.0\times 10^{7}$ s,2490155197497.901,5.264640657715491e-16,
1,line,20,ASGARD t=$1.0\times 10^{7}$ s,3525086767600.913,6.103510090397402e-16,
1,line,20,ASGARD t=$1.0\times 10^{7}$ s,4990145486353.98,7.076045250973189e-16,
1,line,20,ASGARD t=$1.0\times 10^{7}$ s,7064096181645.59,8.20354448298667e-16,
1,line,20,ASGARD t=$1.0\times 10^{7}$ s,10000000000000.0,9.26906228624015e-16,
1,line,20,ASGARD t=$1.0\times 10^{7}$ s,14156092644919.916,1.0392012249269866e-15,
1,line,20,ASGARD t=$1.0\times 10^{7}$ s,20039495897155.574,1.165100806717095e-15,
1,line,20,ASGARD t=$1.0\times 10^{7}$ s,28368096047762.684,1.3062531763363023e-15,
1,line,20,ASGARD t=$1.0\times 10^{7}$ s,40158139581211.5,1.4773649075099536e-15,
1,line,20,ASGARD t=$1.0\times 10^{7}$ s,56848234435925.55,1.680422187321366e-15,
1,line,20,ASGARD t=$1.0\times 10^{7}$ s,80474887337508.88,1.911388862575235e-15,
1,line,20,ASGARD t=$1.0\times 10^{7}$ s,113920996073926.83,2.1741009754542003e-15,
1,line,20,ASGARD t=$1.0\times 10^{7}$ s,161267617462406.6,2.4691712002656683e-15,
1,line,20,ASGARD t=$1.0\times 10^{7}$ s,228291933342333.28,2.7989490716385963e-15,
1,line,20,ASGARD t=$1.0\times 10^{7}$ s,323172175848195.2,3.172771547491848e-15,
1,line,20,ASGARD t=$1.0\times 10^{7}$ s,457485526156740.1,3.596521166819969e-15,
1,line,20,ASGARD t=$1.0\times 10^{7}$ s,647620749198474.6,4.055984639637019e-15,
1,line,20,ASGARD t=$1.0\times 10^{7}$ s,916777932442605.1,4.514398935532311e-15,
1,line,20,ASGARD t=$1.0\times 10^{7}$ s,1297799334647565.0,5.024624147271971e-15,
1,line,20,ASGARD t=$1.0\times 10^{7}$ s,1837176761578635.5,5.592516066972085e-15,
1,line,20,ASGARD t=$1.0\times 10^{7}$ s,2600724444200111.0,6.2448487509910475e-15,
1,line,20,ASGARD t=$1.0\times 10^{7}$ s,3681609617600463.0,7.144050542468224e-15,
1,line,20,ASGARD t=$1.0\times 10^{7}$ s,5211720682918033.0,8.172729342267728e-15,
1,line,20,ASGARD t=$1.0\times 10^{7}$ s,7377760082683297.0,9.349528691391668e-15,
1,line,20,ASGARD t=$1.0\times 10^{7}$ s,1.0444025524245678e+16,1.0695776636983157e-14,
1,line,20,ASGARD t=$1.0\times 10^{7}$ s,1.478465929071307e+16,1.1781352022202235e-14,
1,line,20,ASGARD t=$1.0\times 10^{7}$ s,2.0929300664290932e+16,1.2954466040975614e-14,
1,line,20,ASGARD t=$1.0\times 10^{7}$ s,2.9627711919708516e+16,1.4244391483638756e-14,
1,line,20,ASGARD t=$1.0\times 10^{7}$ s,4.194126347923935e+16,1.5662759707905025e-14,
1,line,20,ASGARD t=$1.0\times 10^{7}$ s,5.9372441145711096e+16,1.7581921313348316e-14,
1,line,20,ASGARD t=$1.0\times 10^{7}$ s,8.40481777413738e+16,1.9842704070859e-14,
1,line,20,ASGARD t=$1.0\times 10^{7}$ s,1.1897937907435784e+17,2.239419134300182e-14,
1,line,20,ASGARD t=$1.0\times 10^{7}$ s,1.6842831130116624e+17,2.5273763634797153e-14,
1,line,20,ASGARD t=$1.0\times 10^{7}$ s,2.3842867788067312e+17,2.7856204582035873e-14,
1,line,20,ASGARD t=$1.0\times 10^{7}$ s,3.3752184532845626e+17,3.028023458230736e-14,
1,line,20,ASGARD t=$1.0\times 10^{7}$ s,4.777990512153937e+17,3.291520289421283e-14,
1,line,20,ASGARD t=$1.0\times 10^{7}$ s,6.763767634659977e+17,3.577946536220158e-14,
1,line,20,ASGARD t=$1.0\times 10^{7}$ s,9.574852126495786e+17,3.8570634986180646e-14,
1,line,20,ASGARD t=$1.0\times 10^{7}$ s,1.3554249376408225e+18,4.11887567903786e-14,
1,line,20,ASGARD t=$1.0\times 10^{7}$ s,1.9187520990478205e+18,4.398459764370941e-14,
1,line,20,ASGARD t=$1.0\times 10^{7}$ s,2.7162032476755615e+18,4.6970221486668114e-14,
1,line,20,ASGARD t=$1.0\times 10^{7}$ s,3.845082481652776e+18,4.980665107555169e-14,
1,line,20,ASGARD t=$1.0\times 10^{7}$ s,5.443134383763505e+18,5.197771852278607e-14,
1,line,20,ASGARD t=$1.0\times 10^{7}$ s,7.705351461530494e+18,5.424342450097345e-14,
1,line,20,ASGARD t=$1.0\times 10^{7}$ s,1.090776691510952e+19,5.6607894460473564e-14,
1,line,20,ASGARD t=$1.0\times 10^{7}$ s,1.5441135899948329e+19,5.825785361962854e-14,
1,line,20,ASGARD t=$1.0\times 10^{7}$ s,2.185861503424665e+19,5.517022517561033e-14,
1,line,20,ASGARD t=$1.0\times 10^{7}$ s,3.0943257951443616e+19,5.224624988585774e-14,
1,line,20,ASGARD t=$1.0\times 10^{7}$ s,4.380356262962889e+19,4.947725308915368e-14,
1,line,20,ASGARD t=$1.0\times 10^{7}$ s,6.2008729076258095e+19,4.685501996715455e-14,
1,line,20,ASGARD t=$1.0\times 10^{7}$ s,8.778013135972526e+19,4.4437938658614205e-14,
1,line,20,ASGARD t=$1.0\times 10^{7}$ s,1.2426236719115056e+20,4.21467589632552e-14,
1,line,20,ASGARD t=$1.0\times 10^{7}$ s,1.759069582234977e+20,3.99737125083416e-14,
1,line,20,ASGARD t=$1.0\times 10^{7}$ s,2.4901551974979007e+20,3.791270823497524e-14,
1,line,20,ASGARD t=$1.0\times 10^{7}$ s,3.525086767600928e+20,3.272503713341858e-14,
1,line,20,ASGARD t=$1.0\times 10^{7}$ s,4.990145486353981e+20,2.766332567123914e-14,
1,line,20,ASGARD t=$1.0\times 10^{7}$ s,7.064096181645561e+20,2.3384530650038342e-14,
1,line,20,ASGARD t=$1.0\times 10^{7}$ s,1e+21,1.976755483326207e-14,
1,line,20,ASGARD t=$1.0\times 10^{7}$ s,1.4156092644919856e+21,1.791265730856973e-14,
1,line,20,ASGARD t=$1.0\times 10^{7}$ s,2.0039495897155573e+21,1.6834161385291106e-14,
1,line,20,ASGARD t=$1.0\times 10^{7}$ s,2.836809604776257e+21,1.5820600188083503e-14,
1,line,20,ASGARD t=$1.0\times 10^{7}$ s,4.01581395812115e+21,1.4868064088082696e-14,
1,line,20,ASGARD t=$1.0\times 10^{7}$ s,5.684823443592532e+21,1.3536330180830519e-14,
1,line,20,ASGARD t=$1.0\times 10^{7}$ s,8.047488733750887e+21,1.1928969316471413e-14,
1,line,20,ASGARD t=$1.0\times 10^{7}$ s,1.1392099607392635e+22,1.0512476694798849e-14,
1,line,20,ASGARD t=$1.0\times 10^{7}$ s,1.612676174624066e+22,9.264186999065593e-15,
1,line,20,ASGARD t=$1.0\times 10^{7}$ s,2.282919333423323e+22,7.980816200959863e-15,
1,line,20,ASGARD t=$1.0\times 10^{7}$ s,3.2317217584819514e+22,6.566922914990106e-15,
1,line,20,ASGARD t=$1.0\times 10^{7}$ s,4.5748552615673826e+22,5.4035232513284356e-15,
1,line,20,ASGARD t=$1.0\times 10^{7}$ s,6.476207491984746e+22,4.446237196243643e-15,
1,line,20,ASGARD t=$1.0\times 10^{7}$ s,9.167779324426014e+22,3.4870258758687963e-15,
1,line,20,ASGARD t=$1.0\times 10^{7}$ s,1.2977993346475651e+23,2.1581559089874835e-15,
1,line,20,ASGARD t=$1.0\times 10^{7}$ s,1.837176761578628e+23,1.3357066676472422e-15,
1,line,20,ASGARD t=$1.0\times 10^{7}$ s,2.600724444200111e+23,8.266848997015173e-16,
1,line,20,ASGARD t=$1.0\times 10^{7}$ s,3.681609617600448e+23,5.116898869777217e-16,
1,line,20,ASGARD t=$1.0\times 10^{7}$ s,5.211720682918034e+23,3.21193559445477e-16,
1,line,20,ASGARD t=$1.0\times 10^{7}$ s,7.377760082683267e+23,2.0161738859880533e-16,
1,line,20,ASGARD t=$1.0\times 10^{7}$ s,1.0444025524245678e+24,1.2655820453353176e-16,
1,line,20,ASGARD t=$1.0\times 10^{7}$ s,1.4784659290712948e+24,7.944266174559356e-17,
1,line,20,ASGARD t=$1.0\times 10^{7}$ s,2.0929300664290934e+24,3.364095350640309e-17,
1,line,20,ASGARD t=$1.0\times 10^{7}$ s,2.962771191970876e+24,1.3243349226115403e-17,
1,line,20,ASGARD t=$1.0\times 10^{7}$ s,4.1941263479239357e+24,5.213482830920029e-18,
1,line,20,ASGARD t=$1.0\times 10^{7}$ s,5.93724411457111e+24,2.052384117743166e-18,
1,line,20,ASGARD t=$1.0\times 10^{7}$ s,8.40481777413738e+24,6.775332446956193e-19,
1,line,20,ASGARD t=$1.0\times 10^{7}$ s,1.1897937907435881e+25,2.0597392057466668e-19,
1,line,20,ASGARD t=$1.0\times 10^{7}$ s,1.6842831130116624e+25,6.261724927506709e-20,
1,line,20,ASGARD t=$1.0\times 10^{7}$ s,2.384286778806731e+25,1.9036007159664012e-20,
1,line,20,ASGARD t=$1.0\times 10^{7}$ s,3.3752184532845626e+25,1.0472701949299057e-21,
1,line,20,ASGARD t=$1.0\times 10^{7}$ s,4.777990512153977e+25,1.1808146926968444e-23,
1,line,20,ASGARD t=$1.0\times 10^{7}$ s,6.763767634659977e+25,1.333724050696321e-25,
1,line,20,ASGARD t=$1.0\times 10^{7}$ s,9.574852126495787e+25,1.5090400709414346e-27,
1,line,20,ASGARD t=$1.0\times 10^{7}$ s,1.3554249376408226e+26,8.726910290957773e-29,
1,line,20,ASGARD t=$1.0\times 10^{7}$ s,1.9187520990478362e+26,9.108269744495189e-29,
1,line,20,ASGARD t=$1.0\times 10^{7}$ s,2.7162032476755613e+26,8.299213770549763e-29,
1,line,20,ASGARD t=$1.0\times 10^{7}$ s,3.845082481652776e+26,5.244374385679588e-29,
1,line,20,ASGARD t=$1.0\times 10^{7}$ s,5.443134383763505e+26,0.0,
1,line,20,ASGARD t=$1.0\times 10^{7}$ s,7.705351461530558e+26,0.0,
1,line,20,ASGARD t=$1.0\times 10^{7}$ s,1.090776691510952e+27,0.0,
1,line,20,ASGARD t=$1.0\times 10^{7}$ s,1.544113589994833e+27,0.0,
1,line,20,ASGARD t=$1.0\times 10^{7}$ s,2.1858615034246653e+27,0.0,
1,line,20,ASGARD t=$1.0\times 10^{7}$ s,3.094325795144362e+27,0.0,
1,line,20,ASGARD t=$1.0\times 10^{7}$ s,4.380356262962889e+27,0.0,
1,line,20,ASGARD t=$1.0\times 10^{7}$ s,6.20087290762581e+27,0.0,
1,line,20,ASGARD t=$1.0\times 10^{7}$ s,8.778013135972453e+27,0.0,
1,line,20,ASGARD t=$1.0\times 10^{7}$ s,1.2426236719115056e+28,0.0,
1,line,20,ASGARD t=$1.0\times 10^{7}$ s,1.759069582234977e+28,0.0,
1,line,20,ASGARD t=$1.0\times 10^{7}$ s,2.4901551974979007e+28,0.0,
1,line,20,ASGARD t=$1.0\times 10^{7}$ s,3.525086767600899e+28,0.0,
1,line,20,ASGARD t=$1.0\times 10^{7}$ s,4.990145486353981e+28,0.0,
1,line,20,ASGARD t=$1.0\times 10^{7}$ s,7.064096181645562e+28,0.0,
1,line,20,ASGARD t=$1.0\times 10^{7}$ s,1e+29,0.0,
1,line,21,ASGARD+had t=$1.0\times 10^{7}$ s,100000.0,5.5522524536294545e-27,
1,line,21,ASGARD+had t=$1.0\times 10^{7}$ s,141560.92644919915,1.5794133586090523e-26,
1,line,21,ASGARD+had t=$1.0\times 10^{7}$ s,200394.95897155572,4.4928553171111735e-26,
1,line,21,ASGARD+had t=$1.0\times 10^{7}$ s,283680.9604776268,1.2789201373877732e-25,
1,line,21,ASGARD+had t=$1.0\times 10^{7}$ s,401581.39581211505,3.6414972227702466e-25,
1,line,21,ASGARD+had t=$1.0\times 10^{7}$ s,568482.3443592555,1.0368514734380231e-24,
1,line,21,ASGARD+had t=$1.0\times 10^{7}$ s,804748.8733750888,2.952249933371948e-24,
1,line,21,ASGARD+had t=$1.0\times 10^{7}$ s,1139209.9607392682,8.409645332816906e-24,
1,line,21,ASGARD+had t=$1.0\times 10^{7}$ s,1612676.174624066,2.396362928858277e-23,
1,line,21,ASGARD+had t=$1.0\times 10^{7}$ s,2282919.333423333,6.828534485737538e-23,
1,line,21,ASGARD+had t=$1.0\times 10^{7}$ s,3231721.7584819514,1.945818925754953e-22,
1,line,21,ASGARD+had t=$1.0\times 10^{7}$ s,4574855.261567401,5.52932130060492e-22,
1,line,21,ASGARD+had t=$1.0\times 10^{7}$ s,6476207.491984746,1.5645169867366315e-21,
1,line,21,ASGARD+had t=$1.0\times 10^{7}$ s,9167779.324426051,4.4267883810162564e-21,
1,line,21,ASGARD+had t=$1.0\times 10^{7}$ s,12977993.34647565,1.252556319085945e-20,
1,line,21,ASGARD+had t=$1.0\times 10^{7}$ s,18371767.615786355,3.2895001601863006e-20,
1,line,21,ASGARD+had t=$1.0\times 10^{7}$ s,26007244.44200111,6.737058300495901e-20,
1,line,21,ASGARD+had t=$1.0\times 10^{7}$ s,36816096.176004626,1.379783818780218e-19,
1,line,21,ASGARD+had t=$1.0\times 10^{7}$ s,52117206.82918034,2.825869730740384e-19,
1,line,21,ASGARD+had t=$1.0\times 10^{7}$ s,73777600.82683298,5.67156249179549e-19,
1,line,21,ASGARD+had t=$1.0\times 10^{7}$ s,104440255.24245678,8.631525148751538e-19,
1,line,21,ASGARD+had t=$1.0\times 10^{7}$ s,147846592.9071301,1.3136279418101373e-18,
1,line,21,ASGARD+had t=$1.0\times 10^{7}$ s,209293006.64290932,1.9992045608255074e-18,
1,line,21,ASGARD+had t=$1.0\times 10^{7}$ s,296277119.1970864,3.0425807203841414e-18,
1,line,21,ASGARD+had t=$1.0\times 10^{7}$ s,419412634.79239357,4.1501020532036835e-18,
1,line,21,ASGARD+had t=$1.0\times 10^{7}$ s,593724411.4571109,5.596574197718516e-18,
1,line,21,ASGARD+had t=$1.0\times 10^{7}$ s,840481777.4137379,7.54720357835074e-18,
1,line,21,ASGARD+had t=$1.0\times 10^{7}$ s,1189793790.7435882,1.0177712368956841e-17,
1,line,21,ASGARD+had t=$1.0\times 10^{7}$ s,1684283113.0116625,1.3032290586327043e-17,
1,line,21,ASGARD+had t=$1.0\times 10^{7}$ s,2384286778.806731,1.639152954325048e-17,
1,line,21,ASGARD+had t=$1.0\times 10^{7}$ s,3375218453.2845626,2.0616671979559336e-17,
1,line,21,ASGARD+had t=$1.0\times 10^{7}$ s,4777990512.153976,2.593092422900103e-17,
1,line,21,ASGARD+had t=$1.0\times 10^{7}$ s,6763767634.659977,3.150956182200936e-17,
1,line,21,ASGARD+had t=$1.0\times 10^{7}$ s,9574852126.495787,3.734690605797762e-17,
1,line,21,ASGARD+had t=$1.0\times 10^{7}$ s,13554249376.408226,4.4265666284959745e-17,
1,line,21,ASGARD+had t=$1.0\times 10^{7}$ s,19187520990.478363,5.246618579701401e-17,
1,line,21,ASGARD+had t=$1.0\times 10^{7}$ s,27162032476.755615,6.180135328861874e-17,
1,line,21,ASGARD+had t=$1.0\times 10^{7}$ s,38450824816.52776,7.217203992659118e-17,
1,line,21,ASGARD+had t=$1.0\times 10^{7}$ s,54431343837.635056,8.428299825942688e-17,
1,line,21,ASGARD+had t=$1.0\times 10^{7}$ s,77053514615.30557,9.84262577162358e-17,
1,line,21,ASGARD+had t=$1.0\times 10^{7}$ s,109077669151.0952,1.1392293048787105e-16,
1,line,21,ASGARD+had t=$1.0\times 10^{7}$ s,154411358999.4833,1.284835248624512e-16,
1,line,21,ASGARD+had t=$1.0\times 10^{7}$ s,218586150342.46652,1.4490513160928082e-16,
1,line,21,ASGARD+had t=$1.0\times 10^{7}$ s,309432579514.43616,1.6342561083993635e-16,
1,line,21,ASGARD+had t=$1.0\times 10^{7}$ s,438035626296.2889,1.8471908177211986e-16,
1,line,21,ASGARD+had t=$1.0\times 10^{7}$ s,620087290762.5809,2.1329924438202737e-16,
1,line,21,ASGARD+had t=$1.0\times 10^{7}$ s,877801313597.2452,2.463013979239358e-16,
1,line,21,ASGARD+had t=$1.0\times 10^{7}$ s,1242623671911.5056,2.8440972372595475e-16,
1,line,21,ASGARD+had t=$1.0\times 10^{7}$ s,1759069582234.9841,3.284142613894805e-16,
1,line,21,ASGARD+had t=$1.0\times 10^{7}$ s,2490155197497.901,3.650949412639497e-16,
1,line,21,ASGARD+had t=$1.0\times 10^{7}$ s,3525086767600.913,4.047280198960799e-16,
1,line,21,ASGARD+had t=$1.0\times 10^{7}$ s,4990145486353.98,4.486634906326561e-16,
1,line,21,ASGARD+had t=$1.0\times 10^{7}$ s,7064096181645.59,4.973684023723307e-16,
1,line,21,ASGARD+had t=$1.0\times 10^{7}$ s,10000000000000.0,5.680891711074038e-16,
1,line,21,ASGARD+had t=$1.0\times 10^{7}$ s,14156092644919.916,6.547406356701327e-16,
1,line,21,ASGARD+had t=$1.0\times 10^{7}$ s,20039495897155.574,7.546091738915309e-16,
1,line,21,ASGARD+had t=$1.0\times 10^{7}$ s,28368096047762.684,8.697108052295606e-16,
1,line,21,ASGARD+had t=$1.0\times 10^{7}$ s,40158139581211.5,9.805447285873788e-16,
1,line,21,ASGARD+had t=$1.0\times 10^{7}$ s,56848234435925.55,1.0897822795411043e-15,
1,line,21,ASGARD+had t=$1.0\times 10^{7}$ s,80474887337508.88,1.2111894500008385e-15,
1,line,21,ASGARD+had t=$1.0\times 10^{7}$ s,113920996073926.83,1.3461219991160458e-15,
1,line,21,ASGARD+had t=$1.0\times 10^{7}$ s,161267617462406.6,1.5123098328402205e-15,
1,line,21,ASGARD+had t=$1.0\times 10^{7}$ s,228291933342333.28,1.7221790224189787e-15,
1,line,21,ASGARD+had t=$1.0\times 10^{7}$ s,323172175848195.2,1.96117265004434e-15,
1,line,21,ASGARD+had t=$1.0\times 10^{7}$ s,457485526156740.1,2.233332446505698e-15,
1,line,21,ASGARD+had t=$1.0\times 10^{7}$ s,647620749198474.6,2.5333984069773197e-15,
1,line,21,ASGARD+had t=$1.0\times 10^{7}$ s,916777932442605.1,2.845331923789736e-15,
1,line,21,ASGARD+had t=$1.0\times 10^{7}$ s,1297799334647565.0,3.1956734588500415e-15,
1,line,21,ASGARD+had t=$1.0\times 10^{7}$ s,1837176761578635.5,3.5891521619082356e-15,
1,line,21,ASGARD+had t=$1.0\times 10^{7}$ s,2600724444200111.0,4.0268181703051525e-15,
1,line,21,ASGARD+had t=$1.0\times 10^{7}$ s,3681609617600463.0,4.482410799314933e-15,
1,line,21,ASGARD+had t=$1.0\times 10^{7}$ s,5211720682918033.0,4.989549293959272e-15,
1,line,21,ASGARD+had t=$1.0\times 10^{7}$ s,7377760082683297.0,5.554065599838262e-15,
1,line,21,ASGARD+had t=$1.0\times 10^{7}$ s,1.0444025524245678e+16,6.182451497888195e-15,
1,line,21,ASGARD+had t=$1.0\times 10^{7}$ s,1.478465929071307e+16,6.976322482571608e-15,
1,line,21,ASGARD+had t=$1.0\times 10^{7}$ s,2.0929300664290932e+16,7.877080652752808e-15,
1,line,21,ASGARD+had t=$1.0\times 10^{7}$ s,2.9627711919708516e+16,8.894141813966837e-15,
1,line,21,ASGARD+had t=$1.0\times 10^{7}$ s,4.194126347923935e+16,1.0042522668451846e-14,
1,line,21,ASGARD+had t=$1.0\times 10^{7}$ s,5.9372441145711096e+16,1.0940260657360543e-14,
1,line,21,ASGARD+had t=$1.0\times 10^{7}$ s,8.40481777413738e+16,1.1807631841837351e-14,
1,line,21,ASGARD+had t=$1.0\times 10^{7}$ s,1.1897937907435784e+17,1.2743770738594809e-14,
1,line,21,ASGARD+had t=$1.0\times 10^{7}$ s,1.6842831130116624e+17,1.37541294804704e-14,
1,line,21,ASGARD+had t=$1.0\times 10^{7}$ s,2.3842867788067312e+17,1.5130460951807963e-14,
1,line,21,ASGARD+had t=$1.0\times 10^{7}$ s,3.3752184532845626e+17,1.6831266875547014e-14,
1,line,21,ASGARD+had t=$1.0\times 10^{7}$ s,4.777990512153937e+17,1.8723259411210535e-14,
1,line,21,ASGARD+had t=$1.0\times 10^{7}$ s,6.763767634659977e+17,2.082792974120799e-14,
1,line,21,ASGARD+had t=$1.0\times 10^{7}$ s,9.574852126495786e+17,2.2392230849947914e-14,
1,line,21,ASGARD+had t=$1.0\times 10^{7}$ s,1.3554249376408225e+18,2.316008719645077e-14,
1,line,21,ASGARD+had t=$1.0\times 10^{7}$ s,1.9187520990478205e+18,2.3954274261100753e-14,
1,line,21,ASGARD+had t=$1.0\times 10^{7}$ s,2.7162032476755615e+18,2.4775694956139095e-14,
1,line,21,ASGARD+had t=$1.0\times 10^{7}$ s,3.845082481652776e+18,2.5849883386454325e-14,
1,line,21,ASGARD+had t=$1.0\times 10^{7}$ s,5.443134383763505e+18,2.7509830487405236e-14,
1,line,21,ASGARD+had t=$1.0\times 10^{7}$ s,7.705351461530494e+18,2.927637166685103e-14,
1,line,21,ASGARD+had t=$1.0\times 10^{7}$ s,1.090776691510952e+19,3.1156351950470576e-14,
1,line,21,ASGARD+had t=$1.0\times 10^{7}$ s,1.5441135899948329e+19,3.2793479376004943e-14,
1,line,21,ASGARD+had t=$1.0\times 10^{7}$ s,2.185861503424665e+19,3.2318068103738714e-14,
1,line,21,ASGARD+had t=$1.0\times 10^{7}$ s,3.0943257951443616e+19,3.184954971976711e-14,
1,line,21,ASGARD+had t=$1.0\times 10^{7}$ s,4.380356262962889e+19,3.138782427409819e-14,
1,line,21,ASGARD+had t=$1.0\times 10^{7}$ s,6.2008729076258095e+19,3.093279326622712e-14,
1,line,21,ASGARD+had t=$1.0\times 10^{7}$ s,8.778013135972526e+19,3.0913963834646945e-14,
1,line,21,ASGARD+had t=$1.0\times 10^{7}$ s,1.2426236719115056e+20,3.090352468059183e-14,
1,line,21,ASGARD+had t=$1.0\times 10^{7}$ s,1.759069582234977e+20,3.089309385283279e-14,
1,line,21,ASGARD+had t=$1.0\times 10^{7}$ s,2.4901551974979007e+20,3.08826713452581e-14,
1,line,21,ASGARD+had t=$1.0\times 10^{7}$ s,3.525086767600928e+20,2.979909697675473e-14,
1,line,21,ASGARD+had t=$1.0\times 10^{7}$ s,4.990145486353981e+20,2.8528880377482e-14,
1,line,21,ASGARD+had t=$1.0\times 10^{7}$ s,7.064096181645561e+20,2.7312810980229752e-14,
1,line,21,ASGARD+had t=$1.0\times 10^{7}$ s,1e+21,2.614858045549415e-14,
1,line,21,ASGARD+had t=$1.0\times 10^{7}$ s,1.4156092644919856e+21,2.4605986672738783e-14,
1,line,21,ASGARD+had t=$1.0\times 10^{7}$ s,2.0039495897155573e+21,2.2946011789226373e-14,
1,line,21,ASGARD+had t=$1.0\times 10^{7}$ s,2.836809604776257e+21,2.139802809236241e-14,
1,line,21,ASGARD+had t=$1.0\times 10^{7}$ s,4.01581395812115e+21,1.9954479654779203e-14,
1,line,21,ASGARD+had t=$1.0\times 10^{7}$ s,5.684823443592532e+21,1.8578640136094867e-14,
1,line,21,ASGARD+had t=$1.0\times 10^{7}$ s,8.047488733750887e+21,1.7269352517436014e-14,
1,line,21,ASGARD+had t=$1.0\times 10^{7}$ s,1.1392099607392635e+22,1.605233740934056e-14,
1,line,21,ASGARD+had t=$1.0\times 10^{7}$ s,1.612676174624066e+22,1.4921091632244216e-14,
1,line,21,ASGARD+had t=$1.0\times 10^{7}$ s,2.282919333423323e+22,1.3183257957786331e-14,
1,line,21,ASGARD+had t=$1.0\times 10^{7}$ s,3.2317217584819514e+22,1.0512714386069301e-14,
1,line,21,ASGARD+had t=$1.0\times 10^{7}$ s,4.5748552615673826e+22,8.383148530626937e-15,
1,line,21,ASGARD+had t=$1.0\times 10^{7}$ s,6.476207491984746e+22,6.684972740549581e-15,
1,line,21,ASGARD+had t=$1.0\times 10^{7}$ s,9.167779324426014e+22,5.274860093583474e-15,
1,line,21,ASGARD+had t=$1.0\times 10^{7}$ s,1.2977993346475651e+23,3.9512041839518185e-15,
1,line,21,ASGARD+had t=$1.0\times 10^{7}$ s,1.837176761578628e+23,2.9597043644162342e-15,
1,line,21,ASGARD+had t=$1.0\times 10^{7}$ s,2.600724444200111e+23,2.2170093841565486e-15,
1,line,21,ASGARD+had t=$1.0\times 10^{7}$ s,3.681609617600448e+23,1.6573793566611257e-15,
1,line,21,ASGARD+had t=$1.0\times 10^{7}$ s,5.211720682918034e+23,8.964574246321542e-16,
1,line,21,ASGARD+had t=$1.0\times 10^{7}$ s,7.377760082683267e+23,4.848849724164311e-16,
1,line,21,ASGARD+had t=$1.0\times 10^{7}$ s,1.0444025524245678e+24,2.6227038343082545e-16,
1,line,21,ASGARD+had t=$1.0\times 10^{7}$ s,1.4784659290712948e+24,1.4186051175810606e-16,
1,line,21,ASGARD+had t=$1.0\times 10^{7}$ s,2.0929300664290934e+24,6.14290801145796e-17,
1,line,21,ASGARD+had t=$1.0\times 10^{7}$ s,2.962771191970876e+24,2.5526239578530383e-17,
1,line,21,ASGARD+had t=$1.0\times 10^{7}$ s,4.1941263479239357e+24,1.0607460536837504e-17,
1,line,21,ASGARD+had t=$1.0\times 10^{7}$ s,5.93724411457111e+24,4.408196905811421e-18,
1,line,21,ASGARD+had t=$1.0\times 10^{7}$ s,8.40481777413738e+24,1.3914596533890907e-18,
1,line,21,ASGARD+had t=$1.0\times 10^{7}$ s,1.1897937907435881e+25,3.8646603389923065e-19,
1,line,21,ASGARD+had t=$1.0\times 10^{7}$ s,1.6842831130116624e+25,1.0764766151520552e-19,
1,line,21,ASGARD+had t=$1.0\times 10^{7}$ s,2.384286778806731e+25,3.026796542076522e-20,
1,line,21,ASGARD+had t=$1.0\times 10^{7}$ s,3.3752184532845626e+25,5.695683320770266e-21,
1,line,21,ASGARD+had t=$1.0\times 10^{7}$ s,4.777990512153977e+25,1.0775585654367067e-21,
1,line,21,ASGARD+had t=$1.0\times 10^{7}$ s,6.763767634659977e+25,5.249176301762476e-22,
1,line,21,ASGARD+had t=$1.0\times 10^{7}$ s,9.574852126495787e+25,4.32479378391658e-22,
1,line,21,ASGARD+had t=$1.0\times 10^{7}$ s,1.3554249376408226e+26,3.9644137320534644e-22,
1,line,21,ASGARD+had t=$1.0\times 10^{7}$ s,1.9187520990478362e+26,3.7160567679982126e-22,
1,line,21,ASGARD+had t=$1.0\times 10^{7}$ s,2.7162032476755613e+26,3.4887864595321756e-22,
1,line,21,ASGARD+had t=$1.0\times 10^{7}$ s,3.845082481652776e+26,3.2765429781181435e-22,
1,line,21,ASGARD+had t=$1.0\times 10^{7}$ s,5.443134383763505e+26,3.0965567855025383e-22,
1,line,21,ASGARD+had t=$1.0\times 10^{7}$ s,7.705351461530558e+26,3.002926797032195e-22,
1,line,21,ASGARD+had t=$1.0\times 10^{7}$ s,1.090776691510952e+27,2.912139952649129e-22,
1,line,21,ASGARD+had t=$1.0\times 10^{7}$ s,1.544113589994833e+27,2.8240998289550863e-22,
1,line,21,ASGARD+had t=$1.0\times 10^{7}$ s,2.1858615034246653e+27,2.7428363847914385e-22,
1,line,21,ASGARD+had t=$1.0\times 10^{7}$ s,3.094325795144362e+27,2.790919131052523e-22,
1,line,21,ASGARD+had t=$1.0\times 10^{7}$ s,4.380356262962889e+27,2.839846265633719e-22,
1,line,21,ASGARD+had t=$1.0\times 10^{7}$ s,6.20087290762581e+27,2.8896326425443845e-22,
1,line,21,ASGARD+had t=$1.0\times 10^{7}$ s,8.778013135972453e+27,2.940293377322565e-22,
1,line,21,ASGARD+had t=$1.0\times 10^{7}$ s,1.2426236719115056e+28,3.138671909743974e-22,
1,line,21,ASGARD+had t=$1.0\times 10^{7}$ s,1.759069582234977e+28,3.374776917774091e-22,
1,line,21,ASGARD+had t=$1.0\times 10^{7}$ s,2.4901551974979007e+28,3.628644369398464e-22,
1,line,21,ASGARD+had t=$1.0\times 10^{7}$ s,3.525086767600899e+28,3.901610670675977e-22,
1,line,21,ASGARD+had t=$1.0\times 10^{7}$ s,4.990145486353981e+28,4.288146879850242e-22,
1,line,21,ASGARD+had t=$1.0\times 10^{7}$ s,7.064096181645562e+28,4.756170408326774e-22,
1,line,21,ASGARD+had t=$1.0\times 10^{7}$ s,1e+29,5.275276704138973e-22,
1,line,22,had-only t=$1.0\times 10^{7}$ s,100000.0,3.685189823757986e-33,
1,line,22,had-only t=$1.0\times 10^{7}$ s,141560.92644919915,7.453974329759067e-33,
1,line,22,had-only t=$1.0\times 10^{7}$ s,200394.95897155572,1.5077034292932453e-32,
1,line,22,had-only t=$1.0\times 10^{7}$ s,283680.9604776268,3.0543770188000473e-32,
1,line,22,had-only t=$1.0\times 10^{7}$ s,401581.39581211505,6.191498936734506e-32,
1,line,22,had-only t=$1.0\times 10^{7}$ s,568482.3443592555,1.2550729308989586e-31,
1,line,22,had-only t=$1.0\times 10^{7}$ s,804748.8733750888,2.5441465492359964e-31,
1,line,22,had-only t=$1.0\times 10^{7}$ s,1139209.9607392682,5.168461165622721e-31,
1,line,22,had-only t=$1.0\times 10^{7}$ s,1612676.174624066,1.0518092798313126e-30,
1,line,22,had-only t=$1.0\times 10^{7}$ s,2282919.333423333,2.1404877264519532e-30,
1,line,22,had-only t=$1.0\times 10^{7}$ s,3231721.7584819514,4.356006195571876e-30,
1,line,22,had-only t=$1.0\times 10^{7}$ s,4574855.261567401,8.864097802167606e-30,
1,line,22,had-only t=$1.0\times 10^{7}$ s,6476207.491984746,1.8035772385269236e-29,
1,line,22,had-only t=$1.0\times 10^{7}$ s,9167779.324426051,3.669738141418879e-29,
1,line,22,had-only t=$1.0\times 10^{7}$ s,12977993.34647565,7.466817369752084e-29,
1,line,22,had-only t=$1.0\times 10^{7}$ s,18371767.615786355,1.4154148845872593e-28,
1,line,22,had-only t=$1.0\times 10^{7}$ s,26007244.44200111,2.118623825043555e-28,
1,line,22,had-only t=$1.0\times 10^{7}$ s,36816096.176004626,3.1712132307259825e-28,
1,line,22,had-only t=$1.0\times 10^{7}$ s,52117206.82918034,4.7467738066723985e-28,
1,line,22,had-only t=$1.0\times 10^{7}$ s,73777600.82683298,6.984883657835161e-28,
1,line,22,had-only t=$1.0\times 10^{7}$ s,104440255.24245678,8.139033801167074e-28,
1,line,22,had-only t=$1.0\times 10^{7}$ s,147846592.9071301,9.483890929917363e-28,
1,line,22,had-only t=$1.0\times 10^{7}$ s,209293006.64290932,1.105096675986849e-27,
1,line,22,had-only t=$1.0\times 10^{7}$ s,296277119.1970864,1.2876979899869196e-27,
1,line,22,had-only t=$1.0\times 10^{7}$ s,419412634.79239357,1.4614703040472593e-27,
1,line,22,had-only t=$1.0\times 10^{7}$ s,593724411.4571109,1.6541499851936138e-27,
1,line,22,had-only t=$1.0\times 10^{7}$ s,840481777.4137379,1.8722324814058748e-27,
1,line,22,had-only t=$1.0\times 10^{7}$ s,1189793790.7435882,2.119066890083375e-27,
1,line,22,had-only t=$1.0\times 10^{7}$ s,1684283113.0116625,2.394741168139632e-27,
1,line,22,had-only t=$1.0\times 10^{7}$ s,2384286778.806731,2.7048342319345575e-27,
1,line,22,had-only t=$1.0\times 10^{7}$ s,3375218453.2845626,3.0550809914579085e-27,
1,line,22,had-only t=$1.0\times 10^{7}$ s,4777990512.153976,3.450680915736567e-27,
1,line,22,had-only t=$1.0\times 10^{7}$ s,6763767634.659977,3.897246853296498e-27,
1,line,22,had-only t=$1.0\times 10^{7}$ s,9574852126.495787,4.4013926968436104e-27,
1,line,22,had-only t=$1.0\times 10^{7}$ s,13554249376.408226,4.9707545867783234e-27,
1,line,22,had-only t=$1.0\times 10^{7}$ s,19187520990.478363,5.613768837236595e-27,
1,line,22,had-only t=$1.0\times 10^{7}$ s,27162032476.755615,6.3399513979326676e-27,
1,line,22,had-only t=$1.0\times 10^{7}$ s,38450824816.52776,7.160052698179964e-27,
1,line,22,had-only t=$1.0\times 10^{7}$ s,54431343837.635056,8.086237799462813e-27,
1,line,22,had-only t=$1.0\times 10^{7}$ s,77053514615.30557,9.13222911977872e-27,
1,line,22,had-only t=$1.0\times 10^{7}$ s,109077669151.0952,1.0313512697320477e-26,
1,line,22,had-only t=$1.0\times 10^{7}$ s,154411358999.4833,1.1647561568300876e-26,
1,line,22,had-only t=$1.0\times 10^{7}$ s,218586150342.46652,1.3154169143809195e-26,
1,line,22,had-only t=$1.0\times 10^{7}$ s,309432579514.43616,1.485565582541129e-26,
1,line,22,had-only t=$1.0\times 10^{7}$ s,438035626296.2889,1.677720333391469e-26,
1,line,22,had-only t=$1.0\times 10^{7}$ s,620087290762.5809,1.8947015514613328e-26,
1,line,22,had-only t=$1.0\times 10^{7}$ s,877801313597.2452,2.139745163518405e-26,
1,line,22,had-only t=$1.0\times 10^{7}$ s,1242623671911.5056,2.4164805065316485e-26,
1,line,22,had-only t=$1.0\times 10^{7}$ s,1759069582234.9841,2.72900630318387e-26,
1,line,22,had-only t=$1.0\times 10^{7}$ s,2490155197497.901,3.0817585618797335e-26,
1,line,22,had-only t=$1.0\times 10^{7}$ s,3525086767600.913,3.480091506416471e-26,
1,line,22,had-only t=$1.0\times 10^{7}$ s,4990145486353.98,3.929911006935149e-26,
1,line,22,had-only t=$1.0\times 10^{7}$ s,7064096181645.59,4.437871962267281e-26,
1,line,22,had-only t=$1.0\times 10^{7}$ s,10000000000000.0,5.0104205375225506e-26,
1,line,22,had-only t=$1.0\times 10^{7}$ s,14156092644919.916,5.656472147338482e-26,
1,line,22,had-only t=$1.0\times 10^{7}$ s,20039495897155.574,6.385826681507791e-26,
1,line,22,had-only t=$1.0\times 10^{7}$ s,28368096047762.684,7.209225351890659e-26,
1,line,22,had-only t=$1.0\times 10^{7}$ s,40158139581211.5,8.133172823117375e-26,
1,line,22,had-only t=$1.0\times 10^{7}$ s,56848234435925.55,9.171411152566714e-26,
1,line,22,had-only t=$1.0\times 10^{7}$ s,80474887337508.88,1.0342185562397933e-25,
1,line,22,had-only t=$1.0\times 10^{7}$ s,113920996073926.83,1.1662414916424027e-25,
1,line,22,had-only t=$1.0\times 10^{7}$ s,161267617462406.6,1.3125444290022398e-25,
1,line,22,had-only t=$1.0\times 10^{7}$ s,228291933342333.28,1.4735724935028006e-25,
1,line,22,had-only t=$1.0\times 10^{7}$ s,323172175848195.2,1.654356113276605e-25,
1,line,22,had-only t=$1.0\times 10^{7}$ s,457485526156740.1,1.8573189780238192e-25,
1,line,22,had-only t=$1.0\times 10^{7}$ s,647620749198474.6,2.0755324068350545e-25,
1,line,22,had-only t=$1.0\times 10^{7}$ s,916777932442605.1,2.2920001807156034e-25,
1,line,22,had-only t=$1.0\times 10^{7}$ s,1297799334647565.0,2.5310445742693996e-25,
1,line,22,had-only t=$1.0\times 10^{7}$ s,1837176761578635.5,2.79502023833437e-25,
1,line,22,had-only t=$1.0\times 10^{7}$ s,2600724444200111.0,3.0670435256860808e-25,
1,line,22,had-only t=$1.0\times 10^{7}$ s,3681609617600463.0,3.2105087880212154e-25,
1,line,22,had-only t=$1.0\times 10^{7}$ s,5211720682918033.0,3.3606858796998455e-25,
1,line,22,had-only t=$1.0\times 10^{7}$ s,7377760082683297.0,3.5178888532684364e-25,
1,line,22,had-only t=$1.0\times 10^{7}$ s,1.0444025524245678e+16,3.6824464583487867e-25,
1,line,22,had-only t=$1.0\times 10^{7}$ s,1.478465929071307e+16,3.453357949515615e-25,
1,line,22,had-only t=$1.0\times 10^{7}$ s,2.0929300664290932e+16,3.222135844654792e-25,
1,line,22,had-only t=$1.0\times 10^{7}$ s,2.9627711919708516e+16,3.0063955797847235e-25,
1,line,22,had-only t=$1.0\times 10^{7}$ s,4.194126347923935e+16,2.805100530880367e-25,
1,line,22,had-only t=$1.0\times 10^{7}$ s,5.9372441145711096e+16,2.155956307179309e-25,
1,line,22,had-only t=$1.0\times 10^{7}$ s,8.40481777413738e+16,1.5754534408264549e-25,
1,line,22,had-only t=$1.0\times 10^{7}$ s,1.1897937907435784e+17,1.1512543665857998e-25,
1,line,22,had-only t=$1.0\times 10^{7}$ s,1.6842831130116624e+17,8.41273303197812e-26,
1,line,22,had-only t=$1.0\times 10^{7}$ s,2.3842867788067312e+17,3.0793925331822137e-26,
1,line,22,had-only t=$1.0\times 10^{7}$ s,3.3752184532845626e+17,7.523357827559675e-27,
1,line,22,had-only t=$1.0\times 10^{7}$ s,4.777990512153937e+17,1.8382693012474402e-27,
1,line,22,had-only t=$1.0\times 10^{7}$ s,6.763767634659977e+17,4.49218076669424e-28,
1,line,22,had-only t=$1.0\times 10^{7}$ s,9.574852126495786e+17,3.4902675669966645e-29,
1,line,22,had-only t=$1.0\times 10^{7}$ s,1.3554249376408225e+18,7.388591057010119e-31,
1,line,22,had-only t=$1.0\times 10^{7}$ s,1.9187520990478205e+18,1.5642887920110616e-32,
1,line,22,had-only t=$1.0\times 10^{7}$ s,2.7162032476755615e+18,3.3122622418211985e-34,
1,line,22,had-only t=$1.0\times 10^{7}$ s,3.845082481652776e+18,2.8221681123774234e-35,
1,line,22,had-only t=$1.0\times 10^{7}$ s,5.443134383763505e+18,5.65535635228193e-35,
1,line,22,had-only t=$1.0\times 10^{7}$ s,7.705351461530494e+18,1.1332795991768962e-34,
1,line,22,had-only t=$1.0\times 10^{7}$ s,1.090776691510952e+19,2.2709844790286597e-34,
1,line,22,had-only t=$1.0\times 10^{7}$ s,1.5441135899948329e+19,4.550851376374009e-34,
1,line,22,had-only t=$1.0\times 10^{7}$ s,2.185861503424665e+19,9.11967674812661e-34,
1,line,22,had-only t=$1.0\times 10^{7}$ s,3.0943257951443616e+19,1.8275372476916155e-33,
1,line,22,had-only t=$1.0\times 10^{7}$ s,4.380356262962889e+19,3.6622925175350294e-33,
1,line,22,had-only t=$1.0\times 10^{7}$ s,6.2008729076258095e+19,7.339049587599105e-33,
1,line,22,had-only t=$1.0\times 10^{7}$ s,8.778013135972526e+19,1.4707085406484229e-32,
1,line,22,had-only t=$1.0\times 10^{7}$ s,1.2426236719115056e+20,2.9472257759137664e-32,
1,line,22,had-only t=$1.0\times 10^{7}$ s,1.759069582234977e+20,5.906091883019131e-32,
1,line,22,had-only t=$1.0\times 10^{7}$ s,2.4901551974979007e+20,1.1835510402948333e-31,
1,line,22,had-only t=$1.0\times 10^{7}$ s,3.525086767600928e+20,2.371776619364081e-31,
1,line,22,had-only t=$1.0\times 10^{7}$ s,4.990145486353981e+20,4.752920778035869e-31,
1,line,22,had-only t=$1.0\times 10^{7}$ s,7.064096181645561e+20,9.524613632603396e-31,
1,line,22,had-only t=$1.0\times 10^{7}$ s,1e+21,1.908684556022943e-30,
1,line,22,had-only t=$1.0\times 10^{7}$ s,1.4156092644919856e+21,3.824907619622105e-30,
1,line,22,had-only t=$1.0\times 10^{7}$ s,2.0039495897155573e+21,7.664922018792006e-30,
1,line,22,had-only t=$1.0\times 10^{7}$ s,2.836809604776257e+21,1.536011726211722e-29,
1,line,22,had-only t=$1.0\times 10^{7}$ s,4.01581395812115e+21,3.078090053983095e-29,
1,line,22,had-only t=$1.0\times 10^{7}$ s,5.684823443592532e+21,6.168337231531999e-29,
1,line,22,had-only t=$1.0\times 10^{7}$ s,8.047488733750887e+21,1.2361036643151966e-28,
1,line,22,had-only t=$1.0\times 10^{7}$ s,1.1392099607392635e+22,2.477089386622161e-28,
1,line,22,had-only t=$1.0\times 10^{7}$ s,1.612676174624066e+22,4.963962171178929e-28,
1,line,22,had-only t=$1.0\times 10^{7}$ s,2.282919333423323e+22,2.4522007725869713e-27,
1,line,22,had-only t=$1.0\times 10^{7}$ s,3.2317217584819514e+22,7.498430238271512e-26,
1,line,22,had-only t=$1.0\times 10^{7}$ s,4.5748552615673826e+22,2.292922243459073e-24,
1,line,22,had-only t=$1.0\times 10^{7}$ s,6.476207491984746e+22,7.011532339078928e-23,
1,line,22,had-only t=$1.0\times 10^{7}$ s,9.167779324426014e+22,1.214543233127923e-21,
1,line,22,had-only t=$1.0\times 10^{7}$ s,1.2977993346475651e+23,1.2760119525530026e-21,
1,line,22,had-only t=$1.0\times 10^{7}$ s,1.837176761578628e+23,1.340591672209252e-21,
1,line,22,had-only t=$1.0\times 10^{7}$ s,2.600724444200111e+23,1.4084398449777383e-21,
1,line,22,had-only t=$1.0\times 10^{7}$ s,3.681609617600448e+23,1.4787304578021828e-21,
1,line,22,had-only t=$1.0\times 10^{7}$ s,5.211720682918034e+23,1.392350652386967e-21,
1,line,22,had-only t=$1.0\times 10^{7}$ s,7.377760082683267e+23,1.3110167242032332e-21,
1,line,22,had-only t=$1.0\times 10^{7}$ s,1.0444025524245678e+24,1.2344339174281157e-21,
1,line,22,had-only t=$1.0\times 10^{7}$ s,1.4784659290712948e+24,1.1623246945027816e-21,
1,line,22,had-only t=$1.0\times 10^{7}$ s,2.0929300664290934e+24,1.0694853024350742e-21,
1,line,22,had-only t=$1.0\times 10^{7}$ s,2.962771191970876e+24,9.79865423584123e-22,
1,line,22,had-only t=$1.0\times 10^{7}$ s,4.1941263479239357e+24,8.977554400855647e-22,
1,line,22,had-only t=$1.0\times 10^{7}$ s,5.93724411457111e+24,8.225260436983614e-22,
1,line,22,had-only t=$1.0\times 10^{7}$ s,8.40481777413738e+24,7.543365821296084e-22,
1,line,22,had-only t=$1.0\times 10^{7}$ s,1.1897937907435881e+25,6.9211635067007185e-22,
1,line,22,had-only t=$1.0\times 10^{7}$ s,1.6842831130116624e+25,6.350282544198217e-22,
1,line,22,had-only t=$1.0\times 10^{7}$ s,2.384286778806731e+25,5.826489774883221e-22,
1,line,22,had-only t=$1.0\times 10^{7}$ s,3.3752184532845626e+25,5.368892394972249e-22,
1,line,22,had-only t=$1.0\times 10^{7}$ s,4.777990512153977e+25,4.966975343665882e-22,
1,line,22,had-only t=$1.0\times 10^{7}$ s,6.763767634659977e+25,4.5951459546431e-22,
1,line,22,had-only t=$1.0\times 10^{7}$ s,9.574852126495787e+25,4.251151852674506e-22,
1,line,22,had-only t=$1.0\times 10^{7}$ s,1.3554249376408226e+26,3.954176308234481e-22,
1,line,22,had-only t=$1.0\times 10^{7}$ s,1.9187520990478362e+26,3.713973625495732e-22,
1,line,22,had-only t=$1.0\times 10^{7}$ s,2.7162032476755613e+26,3.4883625644899152e-22,
1,line,22,had-only t=$1.0\times 10^{7}$ s,3.845082481652776e+26,3.2764567182579315e-22,
1,line,22,had-only t=$1.0\times 10^{7}$ s,5.443134383763505e+26,3.0965409428166927e-22,
1,line,22,had-only t=$1.0\times 10^{7}$ s,7.705351461530558e+26,3.002924897870586e-22,
1,line,22,had-only t=$1.0\times 10^{7}$ s,1.090776691510952e+27,2.912139724889132e-22,
1,line,22,had-only t=$1.0\times 10^{7}$ s,1.544113589994833e+27,2.824099801629193e-22,
1,line,22,had-only t=$1.0\times 10^{7}$ s,2.1858615034246653e+27,2.742836381275636e-22,
1,line,22,had-only t=$1.0\times 10^{7}$ s,3.094325795144362e+27,2.790919127280234e-22,
1,line,22,had-only t=$1.0\times 10^{7}$ s,4.380356262962889e+27,2.8398462619990346e-22,
1,line,22,had-only t=$1.0\times 10^{7}$ s,6.20087290762581e+27,2.8896326398132753e-22,
1,line,22,had-only t=$1.0\times 10^{7}$ s,8.778013135972453e+27,2.9402933768739234e-22,
1,line,22,had-only t=$1.0\times 10^{7}$ s,1.2426236719115056e+28,3.138671909743974e-22,
1,line,22,had-only t=$1.0\times 10^{7}$ s,1.759069582234977e+28,3.374776917774091e-22,
1,line,22,had-only t=$1.0\times 10^{7}$ s,2.4901551974979007e+28,3.628644369398464e-22,
1,line,22,had-only t=$1.0\times 10^{7}$ s,3.525086767600899e+28,3.901610670675977e-22,
1,line,22,had-only t=$1.0\times 10^{7}$ s,4.990145486353981e+28,4.288146879850242e-22,
1,line,22,had-only t=$1.0\times 10^{7}$ s,7.064096181645562e+28,4.756170408326774e-22,
1,line,22,had-only t=$1.0\times 10^{7}$ s,1e+29,5.275276704138973e-22,
1,line,23,Vegas t=$1.0\times 10^{7}$ s,100000.0,4.653611883396989e-27,
1,line,23,Vegas t=$1.0\times 10^{7}$ s,141560.92644919915,1.3157342057668195e-26,
1,line,23,Vegas t=$1.0\times 10^{7}$ s,200394.95897155572,3.7161770313887447e-26,
1,line,23,Vegas t=$1.0\times 10^{7}$ s,283680.9604776268,1.0482135312167364e-25,
1,line,23,Vegas t=$1.0\times 10^{7}$ s,401581.39581211505,2.9516969839057195e-25,
1,line,23,Vegas t=$1.0\times 10^{7}$ s,568482.3443592555,8.294101326323717e-25,
1,line,23,Vegas t=$1.0\times 10^{7}$ s,804748.8733750888,2.3243691125200617e-24,
1,line,23,Vegas t=$1.0\times 10^{7}$ s,1139209.9607392682,6.492200524563401e-24,
1,line,23,Vegas t=$1.0\times 10^{7}$ s,1612676.174624066,1.805877186439258e-23,
1,line,23,Vegas t=$1.0\times 10^{7}$ s,2282919.333423333,4.998007579989183e-23,
1,line,23,Vegas t=$1.0\times 10^{7}$ s,3231721.7584819514,1.3749010633017066e-22,
1,line,23,Vegas t=$1.0\times 10^{7}$ s,4574855.261567401,3.7551965524828533e-22,
1,line,23,Vegas t=$1.0\times 10^{7}$ s,6476207.491984746,1.0171864503218755e-21,
1,line,23,Vegas t=$1.0\times 10^{7}$ s,9167779.324426051,2.7298416486562736e-21,
1,line,23,Vegas t=$1.0\times 10^{7}$ s,12977993.34647565,7.252227030315397e-21,
1,line,23,Vegas t=$1.0\times 10^{7}$ s,18371767.615786355,1.9053625687834375e-20,
1,line,23,Vegas t=$1.0\times 10^{7}$ s,26007244.44200111,4.9379346860891366e-20,
1,line,23,Vegas t=$1.0\times 10^{7}$ s,36816096.176004626,1.2511774085347564e-19,
1,line,23,Vegas t=$1.0\times 10^{7}$ s,52117206.82918034,3.0197291745696925e-19,
1,line,23,Vegas t=$1.0\times 10^{7}$ s,73777600.82683298,6.579506897846329e-19,
1,line,23,Vegas t=$1.0\times 10^{7}$ s,104440255.24245678,1.228274054297603e-18,
1,line,23,Vegas t=$1.0\times 10^{7}$ s,147846592.9071301,1.9892352962933033e-18,
1,line,23,Vegas t=$1.0\times 10^{7}$ s,209293006.64290932,2.9539829546665724e-18,
1,line,23,Vegas t=$1.0\times 10^{7}$ s,296277119.1970864,4.180782847348409e-18,
1,line,23,Vegas t=$1.0\times 10^{7}$ s,419412634.79239357,5.7265795591927404e-18,
1,line,23,Vegas t=$1.0\times 10^{7}$ s,593724411.4571109,7.627000735438634e-18,
1,line,23,Vegas t=$1.0\times 10^{7}$ s,840481777.4137379,9.895204089024394e-18,
1,line,23,Vegas t=$1.0\times 10^{7}$ s,1189793790.7435882,1.2527934029160932e-17,
1,line,23,Vegas t=$1.0\times 10^{7}$ s,1684283113.0116625,1.551475749797124e-17,
1,line,23,Vegas t=$1.0\times 10^{7}$ s,2384286778.806731,1.8847786458633586e-17,
1,line,23,Vegas t=$1.0\times 10^{7}$ s,3375218453.2845626,2.2529387382794854e-17,
1,line,23,Vegas t=$1.0\times 10^{7}$ s,4777990512.153976,2.6576697988610228e-17,
1,line,23,Vegas t=$1.0\times 10^{7}$ s,6763767634.659977,3.102297431188805e-17,
1,line,23,Vegas t=$1.0\times 10^{7}$ s,9574852126.495787,3.591701657873208e-17,
1,line,23,Vegas t=$1.0\times 10^{7}$ s,13554249376.408226,4.13217944706424e-17,
1,line,23,Vegas t=$1.0\times 10^{7}$ s,19187520990.478363,4.7313154954541666e-17,
1,line,23,Vegas t=$1.0\times 10^{7}$ s,27162032476.755615,5.3979052212494764e-17,
1,line,23,Vegas t=$1.0\times 10^{7}$ s,38450824816.52776,6.141943145550156e-17,
1,line,23,Vegas t=$1.0\times 10^{7}$ s,54431343837.635056,6.974673609795794e-17,
1,line,23,Vegas t=$1.0\times 10^{7}$ s,77053514615.30557,7.90869514526064e-17,
1,line,23,Vegas t=$1.0\times 10^{7}$ s,109077669151.0952,8.958109888416201e-17,
1,line,23,Vegas t=$1.0\times 10^{7}$ s,154411358999.4833,1.0138711783026503e-16,
1,line,23,Vegas t=$1.0\times 10^{7}$ s,218586150342.46652,1.146821009530013e-16,
1,line,23,Vegas t=$1.0\times 10^{7}$ s,309432579514.43616,1.2966487241499736e-16,
1,line,23,Vegas t=$1.0\times 10^{7}$ s,438035626296.2889,1.465589190173613e-16,
1,line,23,Vegas t=$1.0\times 10^{7}$ s,620087290762.5809,1.6561569919214734e-16,
1,line,23,Vegas t=$1.0\times 10^{7}$ s,877801313597.2452,1.8711836679615978e-16,
1,line,23,Vegas t=$1.0\times 10^{7}$ s,1242623671911.5056,2.113859564713163e-16,
1,line,23,Vegas t=$1.0\times 10^{7}$ s,1759069582234.9841,2.387780859375095e-16,
1,line,23,Vegas t=$1.0\times 10^{7}$ s,2490155197497.901,2.6970023861354815e-16,
1,line,23,Vegas t=$1.0\times 10^{7}$ s,3525086767600.913,3.0460969783641446e-16,
1,line,23,Vegas t=$1.0\times 10^{7}$ s,4990145486353.98,3.4402221190386276e-16,
1,line,23,Vegas t=$1.0\times 10^{7}$ s,7064096181645.59,3.8851947729005112e-16,
1,line,23,Vegas t=$1.0\times 10^{7}$ s,10000000000000.0,4.3875753564163264e-16,
1,line,23,Vegas t=$1.0\times 10^{7}$ s,14156092644919.916,4.954761883892874e-16,
1,line,23,Vegas t=$1.0\times 10^{7}$ s,20039495897155.574,5.595095407011304e-16,
1,line,23,Vegas t=$1.0\times 10^{7}$ s,28368096047762.684,6.317977935775103e-16,
1,line,23,Vegas t=$1.0\times 10^{7}$ s,40158139581211.5,7.134004084310166e-16,
1,line,23,Vegas t=$1.0\times 10^{7}$ s,56848234435925.55,8.055107714987337e-16,
1,line,23,Vegas t=$1.0\times 10^{7}$ s,80474887337508.88,9.094724844824318e-16,
1,line,23,Vegas t=$1.0\times 10^{7}$ s,113920996073926.83,1.0267974009597027e-15,
1,line,23,Vegas t=$1.0\times 10^{7}$ s,161267617462406.6,1.1591855127030562e-15,
1,line,23,Vegas t=$1.0\times 10^{7}$ s,228291933342333.28,1.3085467625072768e-15,
1,line,23,Vegas t=$1.0\times 10^{7}$ s,323172175848195.2,1.4770248156748425e-15,
1,line,23,Vegas t=$1.0\times 10^{7}$ s,457485526156740.1,1.6670227546110538e-15,
1,line,23,Vegas t=$1.0\times 10^{7}$ s,647620749198474.6,1.8812305617279003e-15,
1,line,23,Vegas t=$1.0\times 10^{7}$ s,916777932442605.1,2.1226541142797037e-15,
1,line,23,Vegas t=$1.0\times 10^{7}$ s,1297799334647565.0,2.3946452170738294e-15,
1,line,23,Vegas t=$1.0\times 10^{7}$ s,1837176761578635.5,2.7009329628720873e-15,
1,line,23,Vegas t=$1.0\times 10^{7}$ s,2600724444200111.0,3.0456489164976227e-15,
1,line,23,Vegas t=$1.0\times 10^{7}$ s,3681609617600463.0,3.4333625176794305e-15,
1,line,23,Vegas t=$1.0\times 10^{7}$ s,5211720682918033.0,3.869092406635276e-15,
1,line,23,Vegas t=$1.0\times 10^{7}$ s,7377760082683297.0,4.358332401959642e-15,
1,line,23,Vegas t=$1.0\times 10^{7}$ s,1.0444025524245678e+16,4.90704744437443e-15,
1,line,23,Vegas t=$1.0\times 10^{7}$ s,1.478465929071307e+16,5.521661229454793e-15,
1,line,23,Vegas t=$1.0\times 10^{7}$ s,2.0929300664290932e+16,6.209017941232729e-15,
1,line,23,Vegas t=$1.0\times 10^{7}$ s,2.9627711919708516e+16,6.9763112815194184e-15,
1,line,23,Vegas t=$1.0\times 10^{7}$ s,4.194126347923935e+16,7.830970223300602e-15,
1,line,23,Vegas t=$1.0\times 10^{7}$ s,5.9372441145711096e+16,8.780489005178493e-15,
1,line,23,Vegas t=$1.0\times 10^{7}$ s,8.40481777413738e+16,9.832187275226849e-15,
1,line,23,Vegas t=$1.0\times 10^{7}$ s,1.1897937907435784e+17,1.0992872263990261e-14,
1,line,23,Vegas t=$1.0\times 10^{7}$ s,1.6842831130116624e+17,1.2268460311641407e-14,
1,line,23,Vegas t=$1.0\times 10^{7}$ s,2.3842867788067312e+17,1.3663382522171809e-14,
1,line,23,Vegas t=$1.0\times 10^{7}$ s,3.3752184532845626e+17,1.5179972881162535e-14,
1,line,23,Vegas t=$1.0\times 10^{7}$ s,4.777990512153937e+17,1.6817704797650565e-14,
1,line,23,Vegas t=$1.0\times 10^{7}$ s,6.763767634659977e+17,1.857235485363964e-14,
1,line,23,Vegas t=$1.0\times 10^{7}$ s,9.574852126495786e+17,2.043513558475954e-14,
1,line,23,Vegas t=$1.0\times 10^{7}$ s,1.3554249376408225e+18,2.2391877268492355e-14,
1,line,23,Vegas t=$1.0\times 10^{7}$ s,1.9187520990478205e+18,2.442237013630675e-14,
1,line,23,Vegas t=$1.0\times 10^{7}$ s,2.7162032476755615e+18,2.6500004679053726e-14,
1,line,23,Vegas t=$1.0\times 10^{7}$ s,3.845082481652776e+18,2.859185892378793e-14,
1,line,23,Vegas t=$1.0\times 10^{7}$ s,5.443134383763505e+18,3.065936642750709e-14,
1,line,23,Vegas t=$1.0\times 10^{7}$ s,7.705351461530494e+18,3.2659648039561775e-14,
1,line,23,Vegas t=$1.0\times 10^{7}$ s,1.090776691510952e+19,3.4547502100668184e-14,
1,line,23,Vegas t=$1.0\times 10^{7}$ s,1.5441135899948329e+19,3.627793139845429e-14,
1,line,23,Vegas t=$1.0\times 10^{7}$ s,2.185861503424665e+19,3.780896411592482e-14,
1,line,23,Vegas t=$1.0\times 10^{7}$ s,3.0943257951443616e+19,3.910443278319745e-14,
1,line,23,Vegas t=$1.0\times 10^{7}$ s,4.380356262962889e+19,4.013634154305464e-14,
1,line,23,Vegas t=$1.0\times 10^{7}$ s,6.2008729076258095e+19,4.0886495593810266e-14,
1,line,23,Vegas t=$1.0\times 10^{7}$ s,8.778013135972526e+19,4.1347181848685357e-14,
1,line,23,Vegas t=$1.0\times 10^{7}$ s,1.2426236719115056e+20,4.152084756658371e-14,
1,line,23,Vegas t=$1.0\times 10^{7}$ s,1.759069582234977e+20,4.141888172086975e-14,
1,line,23,Vegas t=$1.0\times 10^{7}$ s,2.4901551974979007e+20,4.105972261393689e-14,
1,line,23,Vegas t=$1.0\times 10^{7}$ s,3.525086767600928e+20,4.0466571351830066e-14,
1,line,23,Vegas t=$1.0\times 10^{7}$ s,4.990145486353981e+20,3.9664982373780647e-14,
1,line,23,Vegas t=$1.0\times 10^{7}$ s,7.064096181645561e+20,3.868054509025641e-14,
1,line,23,Vegas t=$1.0\times 10^{7}$ s,1e+21,3.753678931570518e-14,
1,line,23,Vegas t=$1.0\times 10^{7}$ s,1.4156092644919856e+21,3.6253365842937355e-14,
1,line,23,Vegas t=$1.0\times 10^{7}$ s,2.0039495897155573e+21,3.484449109330665e-14,
1,line,23,Vegas t=$1.0\times 10^{7}$ s,2.836809604776257e+21,3.3317614622372004e-14,
1,line,23,Vegas t=$1.0\times 10^{7}$ s,4.01581395812115e+21,3.1672281947373686e-14,
1,line,23,Vegas t=$1.0\times 10^{7}$ s,5.684823443592532e+21,2.989923875679117e-14,
1,line,23,Vegas t=$1.0\times 10^{7}$ s,8.047488733750887e+21,2.7979983363872715e-14,
1,line,23,Vegas t=$1.0\times 10^{7}$ s,1.1392099607392635e+22,2.5887264525336825e-14,
1,line,23,Vegas t=$1.0\times 10^{7}$ s,1.612676174624066e+22,2.3587489708491735e-14,
1,line,23,Vegas t=$1.0\times 10^{7}$ s,2.282919333423323e+22,2.1046662408561006e-14,
1,line,23,Vegas t=$1.0\times 10^{7}$ s,3.2317217584819514e+22,1.8242137547492658e-14,
1,line,23,Vegas t=$1.0\times 10^{7}$ s,4.5748552615673826e+22,1.5182524082761216e-14,
1,line,23,Vegas t=$1.0\times 10^{7}$ s,6.476207491984746e+22,1.1935879753106359e-14,
1,line,23,Vegas t=$1.0\times 10^{7}$ s,9.167779324426014e+22,8.659236549800612e-15,
1,line,23,Vegas t=$1.0\times 10^{7}$ s,1.2977993346475651e+23,5.608645313655515e-15,
1,line,23,Vegas t=$1.0\times 10^{7}$ s,1.837176761578628e+23,3.094838619618734e-15,
1,line,23,Vegas t=$1.0\times 10^{7}$ s,2.600724444200111e+23,1.3614189312028097e-15,
1,line,23,Vegas t=$1.0\times 10^{7}$ s,3.681609617600448e+23,4.34605201878985e-16,
1,line,23,Vegas t=$1.0\times 10^{7}$ s,5.211720682918034e+23,8.813391412903494e-17,
1,line,23,Vegas t=$1.0\times 10^{7}$ s,7.377760082683267e+23,9.403659151579605e-18,
1,line,23,Vegas t=$1.0\times 10^{7}$ s,1.0444025524245678e+24,4.0429158049809538e-19,
1,line,23,Vegas t=$1.0\times 10^{7}$ s,1.4784659290712948e+24,4.800804173857271e-21,
1,line,23,Vegas t=$1.0\times 10^{7}$ s,2.0929300664290934e+24,9.224795157059234e-24,
1,line,23,Vegas t=$1.0\times 10^{7}$ s,2.962771191970876e+24,1.3456013352415425e-27,
1,line,23,Vegas t=$1.0\times 10^{7}$ s,4.1941263479239357e+24,5.10352021108913e-33,
1,line,23,Vegas t=$1.0\times 10^{7}$ s,5.93724411457111e+24,1.104333396905526e-40,
1,line,23,Vegas t=$1.0\times 10^{7}$ s,8.40481777413738e+24,1.5926650670773893e-51,
1,line,23,Vegas t=$1.0\times 10^{7}$ s,1.1897937907435881e+25,7.326894048027717e-67,
1,line,23,Vegas t=$1.0\times 10^{7}$ s,1.6842831130116624e+25,1.4550283088747195e-88,
1,line,23,Vegas t=$1.0\times 10^{7}$ s,2.384286778806731e+25,2.823548133241102e-119,
1,line,23,Vegas t=$1.0\times 10^{7}$ s,3.3752184532845626e+25,9.64353862352296e-163,
1,line,23,Vegas t=$1.0\times 10^{7}$ s,4.777990512153977e+25,2.901981866211424e-224,
1,line,23,Vegas t=$1.0\times 10^{7}$ s,6.763767634659977e+25,0.0,
1,line,23,Vegas t=$1.0\times 10^{7}$ s,9.574852126495787e+25,0.0,
1,line,23,Vegas t=$1.0\times 10^{7}$ s,1.3554249376408226e+26,0.0,
1,line,23,Vegas t=$1.0\times 10^{7}$ s,1.9187520990478362e+26,0.0,
1,line,23,Vegas t=$1.0\times 10^{7}$ s,2.7162032476755613e+26,0.0,
1,line,23,Vegas t=$1.0\times 10^{7}$ s,3.845082481652776e+26,0.0,
1,line,23,Vegas t=$1.0\times 10^{7}$ s,5.443134383763505e+26,0.0,
1,line,23,Vegas t=$1.0\times 10^{7}$ s,7.705351461530558e+26,0.0,
1,line,23,Vegas t=$1.0\times 10^{7}$ s,1.090776691510952e+27,0.0,
1,line,23,Vegas t=$1.0\times 10^{7}$ s,1.544113589994833e+27,0.0,
1,line,23,Vegas t=$1.0\times 10^{7}$ s,2.1858615034246653e+27,0.0,
1,line,23,Vegas t=$1.0\times 10^{7}$ s,3.094325795144362e+27,0.0,
1,line,23,Vegas t=$1.0\times 10^{7}$ s,4.380356262962889e+27,0.0,
1,line,23,Vegas t=$1.0\times 10^{7}$ s,6.20087290762581e+27,0.0,
1,line,23,Vegas t=$1.0\times 10^{7}$ s,8.778013135972453e+27,0.0,
1,line,23,Vegas t=$1.0\times 10^{7}$ s,1.2426236719115056e+28,0.0,
1,line,23,Vegas t=$1.0\times 10^{7}$ s,1.759069582234977e+28,0.0,
1,line,23,Vegas t=$1.0\times 10^{7}$ s,2.4901551974979007e+28,0.0,
1,line,23,Vegas t=$1.0\times 10^{7}$ s,3.525086767600899e+28,0.0,
1,line,23,Vegas t=$1.0\times 10^{7}$ s,4.990145486353981e+28,0.0,
1,line,23,Vegas t=$1.0\times 10^{7}$ s,7.064096181645562e+28,0.0,
1,line,23,Vegas t=$1.0\times 10^{7}$ s,1e+29,0.0,
1,line,24,ASGARD t=$1.0\times 10^{8}$ s,100000.0,3.654751074840395e-27,
1,line,24,ASGARD t=$1.0\times 10^{8}$ s,141560.92644919915,1.0285037524805458e-26,
1,line,24,ASGARD t=$1.0\times 10^{8}$ s,200394.95897155572,2.8599567792076056e-26,
1,line,24,ASGARD t=$1.0\times 10^{8}$ s,283680.9604776268,7.941632821552899e-26,
1,line,24,ASGARD t=$1.0\times 10^{8}$ s,401581.39581211505,2.2052617206586754e-25,
1,line,24,ASGARD t=$1.0\times 10^{8}$ s,568482.3443592555,6.123651624079727e-25,
1,line,24,ASGARD t=$1.0\times 10^{8}$ s,804748.8733750888,1.671983916977156e-24,
1,line,24,ASGARD t=$1.0\times 10^{8}$ s,1139209.9607392682,4.537227647564459e-24,
1,line,24,ASGARD t=$1.0\times 10^{8}$ s,1612676.174624066,1.2312579535287788e-23,
1,line,24,ASGARD t=$1.0\times 10^{8}$ s,2282919.333423333,3.3412389306715916e-23,
1,line,24,ASGARD t=$1.0\times 10^{8}$ s,3231721.7584819514,9.123822928518403e-23,
1,line,24,ASGARD t=$1.0\times 10^{8}$ s,4574855.261567401,2.5031277759086715e-22,
1,line,24,ASGARD t=$1.0\times 10^{8}$ s,6476207.491984746,6.867350147831893e-22,
1,line,24,ASGARD t=$1.0\times 10^{8}$ s,9167779.324426051,1.884062755041743e-21,
1,line,24,ASGARD t=$1.0\times 10^{8}$ s,12977993.34647565,4.946792127101052e-21,
1,line,24,ASGARD t=$1.0\times 10^{8}$ s,18371767.615786355,1.2187884448336651e-20,
1,line,24,ASGARD t=$1.0\times 10^{8}$ s,26007244.44200111,3.002845638270384e-20,
1,line,24,ASGARD t=$1.0\times 10^{8}$ s,36816096.176004626,7.398398160353026e-20,
1,line,24,ASGARD t=$1.0\times 10^{8}$ s,52117206.82918034,1.5546647969249982e-19,
1,line,24,ASGARD t=$1.0\times 10^{8}$ s,73777600.82683298,2.00608968268696e-19,
1,line,24,ASGARD t=$1.0\times 10^{8}$ s,104440255.24245678,2.5885939771562144e-19,
1,line,24,ASGARD t=$1.0\times 10^{8}$ s,147846592.9071301,3.3402389871215507e-19,
1,line,24,ASGARD t=$1.0\times 10^{8}$ s,209293006.64290932,4.288722203327128e-19,
1,line,24,ASGARD t=$1.0\times 10^{8}$ s,296277119.1970864,5.21372014624414e-19,
1,line,24,ASGARD t=$1.0\times 10^{8}$ s,419412634.79239357,6.338223032658702e-19,
1,line,24,ASGARD t=$1.0\times 10^{8}$ s,593724411.4571109,7.705260392318785e-19,
1,line,24,ASGARD t=$1.0\times 10^{8}$ s,840481777.4137379,9.367142430352763e-19,
1,line,24,ASGARD t=$1.0\times 10^{8}$ s,1189793790.7435882,1.0944234555975247e-18,
1,line,24,ASGARD t=$1.0\times 10^{8}$ s,1684283113.0116625,1.2743419201056329e-18,
1,line,24,ASGARD t=$1.0\times 10^{8}$ s,2384286778.806731,1.4838381994850192e-18,
1,line,24,ASGARD t=$1.0\times 10^{8}$ s,3375218453.2845626,1.727774758231364e-18,
1,line,24,ASGARD t=$1.0\times 10^{8}$ s,4777990512.153976,2.0213531424157306e-18,
1,line,24,ASGARD t=$1.0\times 10^{8}$ s,6763767634.659977,2.3683784810348464e-18,
1,line,24,ASGARD t=$1.0\times 10^{8}$ s,9574852126.495787,2.7749810394790104e-18,
1,line,24,ASGARD t=$1.0\times 10^{8}$ s,13554249376.408226,3.251389020606121e-18,
1,line,24,ASGARD t=$1.0\times 10^{8}$ s,19187520990.478363,3.769720148773016e-18,
1,line,24,ASGARD t=$1.0\times 10^{8}$ s,27162032476.755615,4.339639212362734e-18,
1,line,24,ASGARD t=$1.0\times 10^{8}$ s,38450824816.52776,4.995720573641679e-18,
1,line,24,ASGARD t=$1.0\times 10^{8}$ s,54431343837.635056,5.750990541537034e-18,
1,line,24,ASGARD t=$1.0\times 10^{8}$ s,77053514615.30557,6.5756589247641834e-18,
1,line,24,ASGARD t=$1.0\times 10^{8}$ s,109077669151.0952,7.452214061586234e-18,
1,line,24,ASGARD t=$1.0\times 10^{8}$ s,154411358999.4833,8.445616662699537e-18,
1,line,24,ASGARD t=$1.0\times 10^{8}$ s,218586150342.46652,9.5714428536018e-18,
1,line,24,ASGARD t=$1.0\times 10^{8}$ s,309432579514.43616,1.0897750953551686e-17,
1,line,24,ASGARD t=$1.0\times 10^{8}$ s,438035626296.2889,1.2563452326329053e-17,
1,line,24,ASGARD t=$1.0\times 10^{8}$ s,620087290762.5809,1.448375312993323e-17,
1,line,24,ASGARD t=$1.0\times 10^{8}$ s,877801313597.2452,1.669756842693109e-17,
1,line,24,ASGARD t=$1.0\times 10^{8}$ s,1242623671911.5056,1.917657787667242e-17,
1,line,24,ASGARD t=$1.0\times 10^{8}$ s,1759069582234.9841,2.134605745669311e-17,
1,line,24,ASGARD t=$1.0\times 10^{8}$ s,2490155197497.901,2.3760974038084617e-17,
1,line,24,ASGARD t=$1.0\times 10^{8}$ s,3525086767600.913,2.6449094336774768e-17,
1,line,24,ASGARD t=$1.0\times 10^{8}$ s,4990145486353.98,2.944132636576206e-17,
1,line,24,ASGARD t=$1.0\times 10^{8}$ s,7064096181645.59,3.3820282176293016e-17,
1,line,24,ASGARD t=$1.0\times 10^{8}$ s,10000000000000.0,3.8920196525615225e-17,
1,line,24,ASGARD t=$1.0\times 10^{8}$ s,14156092644919.916,4.478915018366425e-17,
1,line,24,ASGARD t=$1.0\times 10^{8}$ s,20039495897155.574,5.154311009010145e-17,
1,line,24,ASGARD t=$1.0\times 10^{8}$ s,28368096047762.684,5.795341989112982e-17,
1,line,24,ASGARD t=$1.0\times 10^{8}$ s,40158139581211.5,6.474446638094906e-17,
1,line,24,ASGARD t=$1.0\times 10^{8}$ s,56848234435925.55,7.233129534487926e-17,
1,line,24,ASGARD t=$1.0\times 10^{8}$ s,80474887337508.88,8.080715747620424e-17,
1,line,24,ASGARD t=$1.0\times 10^{8}$ s,113920996073926.83,9.10077696358588e-17,
1,line,24,ASGARD t=$1.0\times 10^{8}$ s,161267617462406.6,1.0300169710162231e-16,
1,line,24,ASGARD t=$1.0\times 10^{8}$ s,228291933342333.28,1.1657630631561805e-16,
1,line,24,ASGARD t=$1.0\times 10^{8}$ s,323172175848195.2,1.3193991563055954e-16,
1,line,24,ASGARD t=$1.0\times 10^{8}$ s,457485526156740.1,1.4933492777574956e-16,
1,line,24,ASGARD t=$1.0\times 10^{8}$ s,647620749198474.6,1.6903218269588024e-16,
1,line,24,ASGARD t=$1.0\times 10^{8}$ s,916777932442605.1,1.9132750297972937e-16,
1,line,24,ASGARD t=$1.0\times 10^{8}$ s,1297799334647565.0,2.165635731570561e-16,
1,line,24,ASGARD t=$1.0\times 10^{8}$ s,1837176761578635.5,2.4342421853588185e-16,
1,line,24,ASGARD t=$1.0\times 10^{8}$ s,2600724444200111.0,2.691192490999078e-16,
1,line,24,ASGARD t=$1.0\times 10^{8}$ s,3681609617600463.0,2.9752656005629006e-16,
1,line,24,ASGARD t=$1.0\times 10^{8}$ s,5211720682918033.0,3.2893245059662724e-16,
1,line,24,ASGARD t=$1.0\times 10^{8}$ s,7377760082683297.0,3.6496341541471e-16,
1,line,24,ASGARD t=$1.0\times 10^{8}$ s,1.0444025524245678e+16,4.144818248531686e-16,
1,line,24,ASGARD t=$1.0\times 10^{8}$ s,1.478465929071307e+16,4.707189157635712e-16,
1,line,24,ASGARD t=$1.0\times 10^{8}$ s,2.0929300664290932e+16,5.345862820845621e-16,
1,line,24,ASGARD t=$1.0\times 10^{8}$ s,2.9627711919708516e+16,6.071192032627296e-16,
1,line,24,ASGARD t=$1.0\times 10^{8}$ s,4.194126347923935e+16,6.573430149006797e-16,
1,line,24,ASGARD t=$1.0\times 10^{8}$ s,5.9372441145711096e+16,7.107172093923778e-16,
1,line,24,ASGARD t=$1.0\times 10^{8}$ s,8.40481777413738e+16,7.68425221354385e-16,
1,line,24,ASGARD t=$1.0\times 10^{8}$ s,1.1897937907435784e+17,8.308189431960179e-16,
1,line,24,ASGARD t=$1.0\times 10^{8}$ s,1.6842831130116624e+17,9.110428097731991e-16,
1,line,24,ASGARD t=$1.0\times 10^{8}$ s,2.3842867788067312e+17,1.0023509085972758e-15,
1,line,24,ASGARD t=$1.0\times 10^{8}$ s,3.3752184532845626e+17,1.1028102466593522e-15,
1,line,24,ASGARD t=$1.0\times 10^{8}$ s,4.777990512153937e+17,1.2133379955874194e-15,
1,line,24,ASGARD t=$1.0\times 10^{8}$ s,6.763767634659977e+17,1.286768706509112e-15,
1,line,24,ASGARD t=$1.0\times 10^{8}$ s,9.574852126495786e+17,1.3374698477691095e-15,
1,line,24,ASGARD t=$1.0\times 10^{8}$ s,1.3554249376408225e+18,1.3901687120919155e-15,
1,line,24,ASGARD t=$1.0\times 10^{8}$ s,1.9187520990478205e+18,1.4449440136864537e-15,
1,line,24,ASGARD t=$1.0\times 10^{8}$ s,2.7162032476755615e+18,1.4754774533615319e-15,
1,line,24,ASGARD t=$1.0\times 10^{8}$ s,3.845082481652776e+18,1.4784181600134146e-15,
1,line,24,ASGARD t=$1.0\times 10^{8}$ s,5.443134383763505e+18,1.4813647479631657e-15,
1,line,24,ASGARD t=$1.0\times 10^{8}$ s,7.705351461530494e+18,1.4843172290134929e-15,
1,line,24,ASGARD t=$1.0\times 10^{8}$ s,1.090776691510952e+19,1.4632126468287723e-15,
1,line,24,ASGARD t=$1.0\times 10^{8}$ s,1.5441135899948329e+19,1.3935665155762687e-15,
1,line,24,ASGARD t=$1.0\times 10^{8}$ s,2.185861503424665e+19,1.3272354152412878e-15,
1,line,24,ASGARD t=$1.0\times 10^{8}$ s,3.0943257951443616e+19,1.264061555922433e-15,
1,line,24,ASGARD t=$1.0\times 10^{8}$ s,4.380356262962889e+19,1.1871588069748415e-15,
1,line,24,ASGARD t=$1.0\times 10^{8}$ s,6.2008729076258095e+19,1.0352840538094835e-15,
1,line,24,ASGARD t=$1.0\times 10^{8}$ s,8.778013135972526e+19,9.0283885747528e-16,
1,line,24,ASGARD t=$1.0\times 10^{8}$ s,1.2426236719115056e+20,7.873375635556733e-16,
1,line,24,ASGARD t=$1.0\times 10^{8}$ s,1.759069582234977e+20,6.866125117943332e-16,
1,line,24,ASGARD t=$1.0\times 10^{8}$ s,2.4901551974979007e+20,6.202628295263624e-16,
1,line,24,ASGARD t=$1.0\times 10^{8}$ s,3.525086767600928e+20,5.603965287012074e-16,
1,line,24,ASGARD t=$1.0\times 10^{8}$ s,4.990145486353981e+20,5.063083848325117e-16,
1,line,24,ASGARD t=$1.0\times 10^{8}$ s,7.064096181645561e+20,4.574407032562262e-16,
1,line,24,ASGARD t=$1.0\times 10^{8}$ s,1e+21,3.9930863712513805e-16,
1,line,24,ASGARD t=$1.0\times 10^{8}$ s,1.4156092644919856e+21,3.461829302472009e-16,
1,line,24,ASGARD t=$1.0\times 10^{8}$ s,2.0039495897155573e+21,3.001252917934804e-16,
1,line,24,ASGARD t=$1.0\times 10^{8}$ s,2.836809604776257e+21,2.601953560754442e-16,
1,line,24,ASGARD t=$1.0\times 10^{8}$ s,4.01581395812115e+21,2.348268066487712e-16,
1,line,24,ASGARD t=$1.0\times 10^{8}$ s,5.684823443592532e+21,2.1614045791645132e-16,
1,line,24,ASGARD t=$1.0\times 10^{8}$ s,8.047488733750887e+21,1.989410758313576e-16,
1,line,24,ASGARD t=$1.0\times 10^{8}$ s,1.1392099607392635e+22,1.8311033498684078e-16,
1,line,24,ASGARD t=$1.0\times 10^{8}$ s,1.612676174624066e+22,1.5218334366133192e-16,
1,line,24,ASGARD t=$1.0\times 10^{8}$ s,2.282919333423323e+22,1.1461581255505524e-16,
1,line,24,ASGARD t=$1.0\times 10^{8}$ s,3.2317217584819514e+22,8.632209135707064e-17,
1,line,24,ASGARD t=$1.0\times 10^{8}$ s,4.5748552615673826e+22,6.501287469907022e-17,
1,line,24,ASGARD t=$1.0\times 10^{8}$ s,6.476207491984746e+22,4.728520792506632e-17,
1,line,24,ASGARD t=$1.0\times 10^{8}$ s,9.167779324426014e+22,3.2201042463721496e-17,
1,line,24,ASGARD t=$1.0\times 10^{8}$ s,1.2977993346475651e+23,2.1928784549727e-17,
1,line,24,ASGARD t=$1.0\times 10^{8}$ s,1.837176761578628e+23,1.4933416920876256e-17,
1,line,24,ASGARD t=$1.0\times 10^{8}$ s,2.600724444200111e+23,9.872897710404882e-18,
1,line,24,ASGARD t=$1.0\times 10^{8}$ s,3.681609617600448e+23,5.7239105213258264e-18,
1,line,24,ASGARD t=$1.0\times 10^{8}$ s,5.211720682918034e+23,3.318494005943964e-18,
1,line,24,ASGARD t=$1.0\times 10^{8}$ s,7.377760082683267e+23,1.9239298901406733e-18,
1,line,24,ASGARD t=$1.0\times 10^{8}$ s,1.0444025524245678e+24,1.1107856564793295e-18,
1,line,24,ASGARD t=$1.0\times 10^{8}$ s,1.4784659290712948e+24,5.306292251530031e-19,
1,line,24,ASGARD t=$1.0\times 10^{8}$ s,2.0929300664290934e+24,2.5348488517688784e-19,
1,line,24,ASGARD t=$1.0\times 10^{8}$ s,2.962771191970876e+24,1.210913081448647e-19,
1,line,24,ASGARD t=$1.0\times 10^{8}$ s,4.1941263479239357e+24,5.78460719585846e-20,
1,line,24,ASGARD t=$1.0\times 10^{8}$ s,5.93724411457111e+24,7.663788948293513e-21,
1,line,24,ASGARD t=$1.0\times 10^{8}$ s,8.40481777413738e+24,8.226091913607728e-22,
1,line,24,ASGARD t=$1.0\times 10^{8}$ s,1.1897937907435881e+25,8.829651852219658e-23,
1,line,24,ASGARD t=$1.0\times 10^{8}$ s,1.6842831130116624e+25,9.477495848368975e-24,
1,line,24,ASGARD t=$1.0\times 10^{8}$ s,2.384286778806731e+25,3.256751439383418e-25,
1,line,24,ASGARD t=$1.0\times 10^{8}$ s,3.3752184532845626e+25,6.814077264175382e-27,
1,line,24,ASGARD t=$1.0\times 10^{8}$ s,4.777990512153977e+25,1.4259241265753343e-28,
1,line,24,ASGARD t=$1.0\times 10^{8}$ s,6.763767634659977e+25,2.9843697063506022e-30,
1,line,24,ASGARD t=$1.0\times 10^{8}$ s,9.574852126495787e+25,5.169590574625353e-31,
1,line,24,ASGARD t=$1.0\times 10^{8}$ s,1.3554249376408226e+26,5.3012212289644365e-31,
1,line,24,ASGARD t=$1.0\times 10^{8}$ s,1.9187520990478362e+26,4.649316858669417e-31,
1,line,24,ASGARD t=$1.0\times 10^{8}$ s,2.7162032476755613e+26,2.539851930607878e-31,
1,line,24,ASGARD t=$1.0\times 10^{8}$ s,3.845082481652776e+26,0.0,
1,line,24,ASGARD t=$1.0\times 10^{8}$ s,5.443134383763505e+26,0.0,
1,line,24,ASGARD t=$1.0\times 10^{8}$ s,7.705351461530558e+26,0.0,
1,line,24,ASGARD t=$1.0\times 10^{8}$ s,1.090776691510952e+27,0.0,
1,line,24,ASGARD t=$1.0\times 10^{8}$ s,1.544113589994833e+27,0.0,
1,line,24,ASGARD t=$1.0\times 10^{8}$ s,2.1858615034246653e+27,0.0,
1,line,24,ASGARD t=$1.0\times 10^{8}$ s,3.094325795144362e+27,0.0,
1,line,24,ASGARD t=$1.0\times 10^{8}$ s,4.380356262962889e+27,0.0,
1,line,24,ASGARD t=$1.0\times 10^{8}$ s,6.20087290762581e+27,0.0,
1,line,24,ASGARD t=$1.0\times 10^{8}$ s,8.778013135972453e+27,0.0,
1,line,24,ASGARD t=$1.0\times 10^{8}$ s,1.2426236719115056e+28,0.0,
1,line,24,ASGARD t=$1.0\times 10^{8}$ s,1.759069582234977e+28,0.0,
1,line,24,ASGARD t=$1.0\times 10^{8}$ s,2.4901551974979007e+28,0.0,
1,line,24,ASGARD t=$1.0\times 10^{8}$ s,3.525086767600899e+28,0.0,
1,line,24,ASGARD t=$1.0\times 10^{8}$ s,4.990145486353981e+28,0.0,
1,line,24,ASGARD t=$1.0\times 10^{8}$ s,7.064096181645562e+28,0.0,
1,line,24,ASGARD t=$1.0\times 10^{8}$ s,1e+29,0.0,
1,line,25,ASGARD+had t=$1.0\times 10^{8}$ s,100000.0,2.154946898062157e-27,
1,line,25,ASGARD+had t=$1.0\times 10^{8}$ s,141560.92644919915,6.124321463789381e-27,
1,line,25,ASGARD+had t=$1.0\times 10^{8}$ s,200394.95897155572,1.731467784199377e-26,
1,line,25,ASGARD+had t=$1.0\times 10^{8}$ s,283680.9604776268,4.892240668914468e-26,
1,line,25,ASGARD+had t=$1.0\times 10^{8}$ s,401581.39581211505,1.3822965111362796e-25,
1,line,25,ASGARD+had t=$1.0\times 10^{8}$ s,568482.3443592555,3.905661586868329e-25,
1,line,25,ASGARD+had t=$1.0\times 10^{8}$ s,804748.8733750888,1.0998687736233612e-24,
1,line,25,ASGARD+had t=$1.0\times 10^{8}$ s,1139209.9607392682,3.093579421187097e-24,
1,line,25,ASGARD+had t=$1.0\times 10^{8}$ s,1612676.174624066,8.701250428285103e-24,
1,line,25,ASGARD+had t=$1.0\times 10^{8}$ s,2282919.333423333,2.447383717237087e-23,
1,line,25,ASGARD+had t=$1.0\times 10^{8}$ s,3231721.7584819514,7.019076678497639e-23,
1,line,25,ASGARD+had t=$1.0\times 10^{8}$ s,4574855.261567401,2.0427373965613903e-22,
1,line,25,ASGARD+had t=$1.0\times 10^{8}$ s,6476207.491984746,5.944907437417036e-22,
1,line,25,ASGARD+had t=$1.0\times 10^{8}$ s,9167779.324426051,1.730125706259996e-21,
1,line,25,ASGARD+had t=$1.0\times 10^{8}$ s,12977993.34647565,4.662772197069875e-21,
1,line,25,ASGARD+had t=$1.0\times 10^{8}$ s,18371767.615786355,1.124341767690887e-20,
1,line,25,ASGARD+had t=$1.0\times 10^{8}$ s,26007244.44200111,2.711143418706597e-20,
1,line,25,ASGARD+had t=$1.0\times 10^{8}$ s,36816096.176004626,6.537423830246922e-20,
1,line,25,ASGARD+had t=$1.0\times 10^{8}$ s,52117206.82918034,1.3487979622377904e-19,
1,line,25,ASGARD+had t=$1.0\times 10^{8}$ s,73777600.82683298,1.72570816281638e-19,
1,line,25,ASGARD+had t=$1.0\times 10^{8}$ s,104440255.24245678,2.2079428050371217e-19,
1,line,25,ASGARD+had t=$1.0\times 10^{8}$ s,147846592.9071301,2.8249339532198786e-19,
1,line,25,ASGARD+had t=$1.0\times 10^{8}$ s,209293006.64290932,3.5835820362529817e-19,
1,line,25,ASGARD+had t=$1.0\times 10^{8}$ s,296277119.1970864,4.139158965589917e-19,
1,line,25,ASGARD+had t=$1.0\times 10^{8}$ s,419412634.79239357,4.780869197405957e-19,
1,line,25,ASGARD+had t=$1.0\times 10^{8}$ s,593724411.4571109,5.522066321728228e-19,
1,line,25,ASGARD+had t=$1.0\times 10^{8}$ s,840481777.4137379,6.378174189208093e-19,
1,line,25,ASGARD+had t=$1.0\times 10^{8}$ s,1189793790.7435882,7.475412625033314e-19,
1,line,25,ASGARD+had t=$1.0\times 10^{8}$ s,1684283113.0116625,8.772385013771554e-19,
1,line,25,ASGARD+had t=$1.0\times 10^{8}$ s,2384286778.806731,1.0294380103489838e-18,
1,line,25,ASGARD+had t=$1.0\times 10^{8}$ s,3375218453.2845626,1.2080438988118013e-18,
1,line,25,ASGARD+had t=$1.0\times 10^{8}$ s,4777990512.153976,1.3801621448451954e-18,
1,line,25,ASGARD+had t=$1.0\times 10^{8}$ s,6763767634.659977,1.5634161070871934e-18,
1,line,25,ASGARD+had t=$1.0\times 10^{8}$ s,9574852126.495787,1.7710020042245484e-18,
1,line,25,ASGARD+had t=$1.0\times 10^{8}$ s,13554249376.408226,2.006150560778503e-18,
1,line,25,ASGARD+had t=$1.0\times 10^{8}$ s,19187520990.478363,2.2822697225928805e-18,
1,line,25,ASGARD+had t=$1.0\times 10^{8}$ s,27162032476.755615,2.6039340888328373e-18,
1,line,25,ASGARD+had t=$1.0\times 10^{8}$ s,38450824816.52776,2.9709340202661037e-18,
1,line,25,ASGARD+had t=$1.0\times 10^{8}$ s,54431343837.635056,3.3896591395855176e-18,
1,line,25,ASGARD+had t=$1.0\times 10^{8}$ s,77053514615.30557,3.860521634628797e-18,
1,line,25,ASGARD+had t=$1.0\times 10^{8}$ s,109077669151.0952,4.3865819970865854e-18,
1,line,25,ASGARD+had t=$1.0\times 10^{8}$ s,154411358999.4833,4.984326854608001e-18,
1,line,25,ASGARD+had t=$1.0\times 10^{8}$ s,218586150342.46652,5.663524416177141e-18,
1,line,25,ASGARD+had t=$1.0\times 10^{8}$ s,309432579514.43616,6.405466144940555e-18,
1,line,25,ASGARD+had t=$1.0\times 10^{8}$ s,438035626296.2889,7.154747263587758e-18,
1,line,25,ASGARD+had t=$1.0\times 10^{8}$ s,620087290762.5809,7.991675765207842e-18,
1,line,25,ASGARD+had t=$1.0\times 10^{8}$ s,877801313597.2452,8.926504231371713e-18,
1,line,25,ASGARD+had t=$1.0\times 10^{8}$ s,1242623671911.5056,1.0000471408763763e-17,
1,line,25,ASGARD+had t=$1.0\times 10^{8}$ s,1759069582234.9841,1.1481214754940128e-17,
1,line,25,ASGARD+had t=$1.0\times 10^{8}$ s,2490155197497.901,1.3181207870953475e-17,
1,line,25,ASGARD+had t=$1.0\times 10^{8}$ s,3525086767600.913,1.513291449606368e-17,
1,line,25,ASGARD+had t=$1.0\times 10^{8}$ s,4990145486353.98,1.7373605190821207e-17,
1,line,25,ASGARD+had t=$1.0\times 10^{8}$ s,7064096181645.59,1.9251743981045454e-17,
1,line,25,ASGARD+had t=$1.0\times 10^{8}$ s,10000000000000.0,2.1289954674494696e-17,
1,line,25,ASGARD+had t=$1.0\times 10^{8}$ s,14156092644919.916,2.354395376574947e-17,
1,line,25,ASGARD+had t=$1.0\times 10^{8}$ s,20039495897155.574,2.60365870943224e-17,
1,line,25,ASGARD+had t=$1.0\times 10^{8}$ s,28368096047762.684,2.9708795862633157e-17,
1,line,25,ASGARD+had t=$1.0\times 10^{8}$ s,40158139581211.5,3.419313544583227e-17,
1,line,25,ASGARD+had t=$1.0\times 10^{8}$ s,56848234435925.55,3.935435542480834e-17,
1,line,25,ASGARD+had t=$1.0\times 10^{8}$ s,80474887337508.88,4.5294626266757184e-17,
1,line,25,ASGARD+had t=$1.0\times 10^{8}$ s,113920996073926.83,5.091057763421865e-17,
1,line,25,ASGARD+had t=$1.0\times 10^{8}$ s,161267617462406.6,5.640183439611706e-17,
1,line,25,ASGARD+had t=$1.0\times 10^{8}$ s,228291933342333.28,6.248538265944556e-17,
1,line,25,ASGARD+had t=$1.0\times 10^{8}$ s,323172175848195.2,6.922510747947725e-17,
1,line,25,ASGARD+had t=$1.0\times 10^{8}$ s,457485526156740.1,7.755157859364122e-17,
1,line,25,ASGARD+had t=$1.0\times 10^{8}$ s,647620749198474.6,8.803001573431974e-17,
1,line,25,ASGARD+had t=$1.0\times 10^{8}$ s,916777932442605.1,9.992425462392165e-17,
1,line,25,ASGARD+had t=$1.0\times 10^{8}$ s,1297799334647565.0,1.1342559238546647e-16,
1,line,25,ASGARD+had t=$1.0\times 10^{8}$ s,1837176761578635.5,1.28011248696886e-16,
1,line,25,ASGARD+had t=$1.0\times 10^{8}$ s,2600724444200111.0,1.4250789538316466e-16,
1,line,25,ASGARD+had t=$1.0\times 10^{8}$ s,3681609617600463.0,1.586462165965011e-16,
1,line,25,ASGARD+had t=$1.0\times 10^{8}$ s,5211720682918033.0,1.7661212400578357e-16,
1,line,25,ASGARD+had t=$1.0\times 10^{8}$ s,7377760082683297.0,1.9628962218316777e-16,
1,line,25,ASGARD+had t=$1.0\times 10^{8}$ s,1.0444025524245678e+16,2.1584903817241692e-16,
1,line,25,ASGARD+had t=$1.0\times 10^{8}$ s,1.478465929071307e+16,2.3735746702592624e-16,
1,line,25,ASGARD+had t=$1.0\times 10^{8}$ s,2.0929300664290932e+16,2.610091197353493e-16,
1,line,25,ASGARD+had t=$1.0\times 10^{8}$ s,2.9627711919708516e+16,2.870175596189073e-16,
1,line,25,ASGARD+had t=$1.0\times 10^{8}$ s,4.194126347923935e+16,3.1733555797193373e-16,
1,line,25,ASGARD+had t=$1.0\times 10^{8}$ s,5.9372441145711096e+16,3.509124382749257e-16,
1,line,25,ASGARD+had t=$1.0\times 10^{8}$ s,8.40481777413738e+16,3.8804204723225934e-16,
1,line,25,ASGARD+had t=$1.0\times 10^{8}$ s,1.1897937907435784e+17,4.2910029479873393e-16,
1,line,25,ASGARD+had t=$1.0\times 10^{8}$ s,1.6842831130116624e+17,4.532932852131891e-16,
1,line,25,ASGARD+had t=$1.0\times 10^{8}$ s,2.3842867788067312e+17,4.737014902666573e-16,
1,line,25,ASGARD+had t=$1.0\times 10^{8}$ s,3.3752184532845626e+17,4.950285176180983e-16,
1,line,25,ASGARD+had t=$1.0\times 10^{8}$ s,4.777990512153937e+17,5.173157347828336e-16,
1,line,25,ASGARD+had t=$1.0\times 10^{8}$ s,6.763767634659977e+17,5.500115974078824e-16,
1,line,25,ASGARD+had t=$1.0\times 10^{8}$ s,9.574852126495786e+17,5.903196610215196e-16,
1,line,25,ASGARD+had t=$1.0\times 10^{8}$ s,1.3554249376408225e+18,6.335817353750391e-16,
1,line,25,ASGARD+had t=$1.0\times 10^{8}$ s,1.9187520990478205e+18,6.800143076821989e-16,
1,line,25,ASGARD+had t=$1.0\times 10^{8}$ s,2.7162032476755615e+18,6.987435759304312e-16,
1,line,25,ASGARD+had t=$1.0\times 10^{8}$ s,3.845082481652776e+18,6.853897676800285e-16,
1,line,25,ASGARD+had t=$1.0\times 10^{8}$ s,5.443134383763505e+18,6.722911672661694e-16,
1,line,25,ASGARD+had t=$1.0\times 10^{8}$ s,7.705351461530494e+18,6.594428973330608e-16,
1,line,25,ASGARD+had t=$1.0\times 10^{8}$ s,1.090776691510952e+19,6.561847605817461e-16,
1,line,25,ASGARD+had t=$1.0\times 10^{8}$ s,1.5441135899948329e+19,6.730237273832517e-16,
1,line,25,ASGARD+had t=$1.0\times 10^{8}$ s,2.185861503424665e+19,6.902948148484536e-16,
1,line,25,ASGARD+had t=$1.0\times 10^{8}$ s,3.0943257951443616e+19,7.080091120421598e-16,
1,line,25,ASGARD+had t=$1.0\times 10^{8}$ s,4.380356262962889e+19,7.162901981303383e-16,
1,line,25,ASGARD+had t=$1.0\times 10^{8}$ s,6.2008729076258095e+19,6.739300766716629e-16,
1,line,25,ASGARD+had t=$1.0\times 10^{8}$ s,8.778013135972526e+19,6.340750577065181e-16,
1,line,25,ASGARD+had t=$1.0\times 10^{8}$ s,1.2426236719115056e+20,5.965769938751879e-16,
1,line,25,ASGARD+had t=$1.0\times 10^{8}$ s,1.759069582234977e+20,5.612964989947777e-16,
1,line,25,ASGARD+had t=$1.0\times 10^{8}$ s,2.4901551974979007e+20,5.48742176539315e-16,
1,line,25,ASGARD+had t=$1.0\times 10^{8}$ s,3.525086767600928e+20,5.365432538484933e-16,
1,line,25,ASGARD+had t=$1.0\times 10^{8}$ s,4.990145486353981e+20,5.246155258558399e-16,
1,line,25,ASGARD+had t=$1.0\times 10^{8}$ s,7.064096181645561e+20,5.129529635307396e-16,
1,line,25,ASGARD+had t=$1.0\times 10^{8}$ s,1e+21,4.7972417644830205e-16,
1,line,25,ASGARD+had t=$1.0\times 10^{8}$ s,1.4156092644919856e+21,4.446897235023636e-16,
1,line,25,ASGARD+had t=$1.0\times 10^{8}$ s,2.0039495897155573e+21,4.122138545821908e-16,
1,line,25,ASGARD+had t=$1.0\times 10^{8}$ s,2.836809604776257e+21,3.82109714725107e-16,
1,line,25,ASGARD+had t=$1.0\times 10^{8}$ s,4.01581395812115e+21,3.472292567711689e-16,
1,line,25,ASGARD+had t=$1.0\times 10^{8}$ s,5.684823443592532e+21,3.1247662970023687e-16,
1,line,25,ASGARD+had t=$1.0\times 10^{8}$ s,8.047488733750887e+21,2.8120224437811236e-16,
1,line,25,ASGARD+had t=$1.0\times 10^{8}$ s,1.1392099607392635e+22,2.530579778336597e-16,
1,line,25,ASGARD+had t=$1.0\times 10^{8}$ s,1.612676174624066e+22,2.2108734998325282e-16,
1,line,25,ASGARD+had t=$1.0\times 10^{8}$ s,2.282919333423323e+22,1.8771639291233324e-16,
1,line,25,ASGARD+had t=$1.0\times 10^{8}$ s,3.2317217584819514e+22,1.5938245890644094e-16,
1,line,25,ASGARD+had t=$1.0\times 10^{8}$ s,4.5748552615673826e+22,1.353252652910446e-16,
1,line,25,ASGARD+had t=$1.0\times 10^{8}$ s,6.476207491984746e+22,1.0742422116678248e-16,
1,line,25,ASGARD+had t=$1.0\times 10^{8}$ s,9.167779324426014e+22,7.511272983217587e-17,
1,line,25,ASGARD+had t=$1.0\times 10^{8}$ s,1.2977993346475651e+23,5.252004083460722e-17,
1,line,25,ASGARD+had t=$1.0\times 10^{8}$ s,1.837176761578628e+23,3.6722885909622814e-17,
1,line,25,ASGARD+had t=$1.0\times 10^{8}$ s,2.600724444200111e+23,2.469299663527426e-17,
1,line,25,ASGARD+had t=$1.0\times 10^{8}$ s,3.681609617600448e+23,1.3961081412599827e-17,
1,line,25,ASGARD+had t=$1.0\times 10^{8}$ s,5.211720682918034e+23,7.893426122485435e-18,
1,line,25,ASGARD+had t=$1.0\times 10^{8}$ s,7.377760082683267e+23,4.462867975443053e-18,
1,line,25,ASGARD+had t=$1.0\times 10^{8}$ s,1.0444025524245678e+24,2.5104296002105323e-18,
1,line,25,ASGARD+had t=$1.0\times 10^{8}$ s,1.4784659290712948e+24,1.1192016855919882e-18,
1,line,25,ASGARD+had t=$1.0\times 10^{8}$ s,2.0929300664290934e+24,4.989902058274963e-19,
1,line,25,ASGARD+had t=$1.0\times 10^{8}$ s,2.962771191970876e+24,2.224966832228943e-19,
1,line,25,ASGARD+had t=$1.0\times 10^{8}$ s,4.1941263479239357e+24,9.923233476483641e-20,
1,line,25,ASGARD+had t=$1.0\times 10^{8}$ s,5.93724411457111e+24,2.5475348941751262e-20,
1,line,25,ASGARD+had t=$1.0\times 10^{8}$ s,8.40481777413738e+24,6.011649013257413e-21,
1,line,25,ASGARD+had t=$1.0\times 10^{8}$ s,1.1897937907435881e+25,1.4548040401065851e-21,
1,line,25,ASGARD+had t=$1.0\times 10^{8}$ s,1.6842831130116624e+25,3.84921186732675e-22,
1,line,25,ASGARD+had t=$1.0\times 10^{8}$ s,2.384286778806731e+25,1.0623817716104967e-22,
1,line,25,ASGARD+had t=$1.0\times 10^{8}$ s,3.3752184532845626e+25,5.750538942731968e-23,
1,line,25,ASGARD+had t=$1.0\times 10^{8}$ s,4.777990512153977e+25,4.7604743529983433e-23,
1,line,25,ASGARD+had t=$1.0\times 10^{8}$ s,6.763767634659977e+25,4.311740006004007e-23,
1,line,25,ASGARD+had t=$1.0\times 10^{8}$ s,9.574852126495787e+25,3.968969367536222e-23,
1,line,25,ASGARD+had t=$1.0\times 10^{8}$ s,1.3554249376408226e+26,3.669753486030516e-23,
1,line,25,ASGARD+had t=$1.0\times 10^{8}$ s,1.9187520990478362e+26,3.393792187624182e-23,
1,line,25,ASGARD+had t=$1.0\times 10^{8}$ s,2.7162032476755613e+26,3.1386158622716874e-23,
1,line,25,ASGARD+had t=$1.0\times 10^{8}$ s,3.845082481652776e+26,2.907257619024723e-23,
1,line,25,ASGARD+had t=$1.0\times 10^{8}$ s,5.443134383763505e+26,2.700222855146556e-23,
1,line,25,ASGARD+had t=$1.0\times 10^{8}$ s,7.705351461530558e+26,2.50793167238788e-23,
1,line,25,ASGARD+had t=$1.0\times 10^{8}$ s,1.090776691510952e+27,2.3293341330000838e-23,
1,line,25,ASGARD+had t=$1.0\times 10^{8}$ s,1.544113589994833e+27,2.1659706636572925e-23,
1,line,25,ASGARD+had t=$1.0\times 10^{8}$ s,2.1858615034246653e+27,2.0229375724675873e-23,
1,line,25,ASGARD+had t=$1.0\times 10^{8}$ s,3.094325795144362e+27,1.8893498849053013e-23,
1,line,25,ASGARD+had t=$1.0\times 10^{8}$ s,4.380356262962889e+27,1.7645838595857737e-23,
1,line,25,ASGARD+had t=$1.0\times 10^{8}$ s,6.20087290762581e+27,1.648801586551057e-23,
1,line,25,ASGARD+had t=$1.0\times 10^{8}$ s,8.778013135972453e+27,1.5549200048106224e-23,
1,line,25,ASGARD+had t=$1.0\times 10^{8}$ s,1.2426236719115056e+28,1.466383977539181e-23,
1,line,25,ASGARD+had t=$1.0\times 10^{8}$ s,1.759069582234977e+28,1.3828891321886577e-23,
1,line,25,ASGARD+had t=$1.0\times 10^{8}$ s,2.4901551974979007e+28,1.3041484270091169e-23,
1,line,25,ASGARD+had t=$1.0\times 10^{8}$ s,3.525086767600899e+28,1.2483793772132063e-23,
1,line,25,ASGARD+had t=$1.0\times 10^{8}$ s,4.990145486353981e+28,1.1973344060299651e-23,
1,line,25,ASGARD+had t=$1.0\times 10^{8}$ s,7.064096181645562e+28,1.1483766255394971e-23,
1,line,25,ASGARD+had t=$1.0\times 10^{8}$ s,1e+29,1.101420691527429e-23,
1,line,26,had-only t=$1.0\times 10^{8}$ s,100000.0,7.073252422399217e-36,
1,line,26,had-only t=$1.0\times 10^{8}$ s,141560.92644919915,1.4561724398847234e-35,
1,line,26,had-only t=$1.0\times 10^{8}$ s,200394.95897155572,3.0520898937995183e-35,
1,line,26,had-only t=$1.0\times 10^{8}$ s,283680.9604776268,6.410421595590022e-35,
1,line,26,had-only t=$1.0\times 10^{8}$ s,401581.39581211505,1.3464054912850678e-34,
1,line,26,had-only t=$1.0\times 10^{8}$ s,568482.3443592555,2.8279072748199206e-34,
1,line,26,had-only t=$1.0\times 10^{8}$ s,804748.8733750888,6.146953373604326e-34,
1,line,26,had-only t=$1.0\times 10^{8}$ s,1139209.9607392682,1.352916677959651e-33,
1,line,26,had-only t=$1.0\times 10^{8}$ s,1612676.174624066,2.9777087704372547e-33,
1,line,26,had-only t=$1.0\times 10^{8}$ s,2282919.333423333,6.553803674408853e-33,
1,line,26,had-only t=$1.0\times 10^{8}$ s,3231721.7584819514,1.5373358795893122e-32,
1,line,26,had-only t=$1.0\times 10^{8}$ s,4574855.261567401,3.782940658351245e-32,
1,line,26,had-only t=$1.0\times 10^{8}$ s,6476207.491984746,9.308729636276812e-32,
1,line,26,had-only t=$1.0\times 10^{8}$ s,9167779.324426051,2.290611450766213e-31,
1,line,26,had-only t=$1.0\times 10^{8}$ s,12977993.34647565,5.417248418970085e-31,
1,line,26,had-only t=$1.0\times 10^{8}$ s,18371767.615786355,1.2096294549103639e-30,
1,line,26,had-only t=$1.0\times 10^{8}$ s,26007244.44200111,2.701008575720681e-30,
1,line,26,had-only t=$1.0\times 10^{8}$ s,36816096.176004626,6.031142366312149e-30,
1,line,26,had-only t=$1.0\times 10^{8}$ s,52117206.82918034,1.1529729509560954e-29,
1,line,26,had-only t=$1.0\times 10^{8}$ s,73777600.82683298,1.369355585562361e-29,
1,line,26,had-only t=$1.0\times 10^{8}$ s,104440255.24245678,1.626347569359639e-29,
1,line,26,had-only t=$1.0\times 10^{8}$ s,147846592.9071301,1.9315702187918452e-29,
1,line,26,had-only t=$1.0\times 10^{8}$ s,209293006.64290932,2.284601896184014e-29,
1,line,26,had-only t=$1.0\times 10^{8}$ s,296277119.1970864,2.5822416195895995e-29,
1,line,26,had-only t=$1.0\times 10^{8}$ s,419412634.79239357,2.9186580791923787e-29,
1,line,26,had-only t=$1.0\times 10^{8}$ s,593724411.4571109,3.298903138549105e-29,
1,line,26,had-only t=$1.0\times 10^{8}$ s,840481777.4137379,3.728686821957397e-29,
1,line,26,had-only t=$1.0\times 10^{8}$ s,1189793790.7435882,4.2113117407226656e-29,
1,line,26,had-only t=$1.0\times 10^{8}$ s,1684283113.0116625,4.756100614039868e-29,
1,line,26,had-only t=$1.0\times 10^{8}$ s,2384286778.806731,5.37136513360775e-29,
1,line,26,had-only t=$1.0\times 10^{8}$ s,3375218453.2845626,6.066222256393897e-29,
1,line,26,had-only t=$1.0\times 10^{8}$ s,4777990512.153976,6.850875545258219e-29,
1,line,26,had-only t=$1.0\times 10^{8}$ s,6763767634.659977,7.736988761253135e-29,
1,line,26,had-only t=$1.0\times 10^{8}$ s,9574852126.495787,8.737714573313218e-29,
1,line,26,had-only t=$1.0\times 10^{8}$ s,13554249376.408226,9.867877325483489e-29,
1,line,26,had-only t=$1.0\times 10^{8}$ s,19187520990.478363,1.114402986495841e-28,
1,line,26,had-only t=$1.0\times 10^{8}$ s,27162032476.755615,1.2585074883753085e-28,
1,line,26,had-only t=$1.0\times 10^{8}$ s,38450824816.52776,1.421246279388631e-28,
1,line,26,had-only t=$1.0\times 10^{8}$ s,54431343837.635056,1.6050289770494505e-28,
1,line,26,had-only t=$1.0\times 10^{8}$ s,77053514615.30557,1.81248566850341e-28,
1,line,26,had-only t=$1.0\times 10^{8}$ s,109077669151.0952,2.046622604445287e-28,
1,line,26,had-only t=$1.0\times 10^{8}$ s,154411358999.4833,2.311005354589619e-28,
1,line,26,had-only t=$1.0\times 10^{8}$ s,218586150342.46652,2.6095410738375303e-28,
1,line,26,had-only t=$1.0\times 10^{8}$ s,309432579514.43616,2.946287249675546e-28,
1,line,26,had-only t=$1.0\times 10^{8}$ s,438035626296.2889,3.3254131648518954e-28,
1,line,26,had-only t=$1.0\times 10^{8}$ s,620087290762.5809,3.753324703235469e-28,
1,line,26,had-only t=$1.0\times 10^{8}$ s,877801313597.2452,4.236299560276516e-28,
1,line,26,had-only t=$1.0\times 10^{8}$ s,1242623671911.5056,4.780604790330514e-28,
1,line,26,had-only t=$1.0\times 10^{8}$ s,1759069582234.9841,5.387274327544371e-28,
1,line,26,had-only t=$1.0\times 10^{8}$ s,2490155197497.901,6.0709315985753295e-28,
1,line,26,had-only t=$1.0\times 10^{8}$ s,3525086767600.913,6.841346520688217e-28,
1,line,26,had-only t=$1.0\times 10^{8}$ s,4990145486353.98,7.709528835715595e-28,
1,line,26,had-only t=$1.0\times 10^{8}$ s,7064096181645.59,8.65375258848841e-28,
1,line,26,had-only t=$1.0\times 10^{8}$ s,10000000000000.0,9.711444727864332e-28,
1,line,26,had-only t=$1.0\times 10^{8}$ s,14156092644919.916,1.0898411731645507e-27,
1,line,26,had-only t=$1.0\times 10^{8}$ s,20039495897155.574,1.2230454030226202e-27,
1,line,26,had-only t=$1.0\times 10^{8}$ s,28368096047762.684,1.3659604368904782e-27,
1,line,26,had-only t=$1.0\times 10^{8}$ s,40158139581211.5,1.5235562381063513e-27,
1,line,26,had-only t=$1.0\times 10^{8}$ s,56848234435925.55,1.6993344375312173e-27,
1,line,26,had-only t=$1.0\times 10^{8}$ s,80474887337508.88,1.8953928042846593e-27,
1,line,26,had-only t=$1.0\times 10^{8}$ s,113920996073926.83,2.0993249594482708e-27,
1,line,26,had-only t=$1.0\times 10^{8}$ s,161267617462406.6,2.315295595249455e-27,
1,line,26,had-only t=$1.0\times 10^{8}$ s,228291933342333.28,2.5534844757912958e-27,
1,line,26,had-only t=$1.0\times 10^{8}$ s,323172175848195.2,2.8161773303339453e-27,
1,line,26,had-only t=$1.0\times 10^{8}$ s,457485526156740.1,3.0692121201444822e-27,
1,line,26,had-only t=$1.0\times 10^{8}$ s,647620749198474.6,3.298415252090682e-27,
1,line,26,had-only t=$1.0\times 10^{8}$ s,916777932442605.1,3.5447348548289405e-27,
1,line,26,had-only t=$1.0\times 10^{8}$ s,1297799334647565.0,3.8094491551955046e-27,
1,line,26,had-only t=$1.0\times 10^{8}$ s,1837176761578635.5,4.0202484413818765e-27,
1,line,26,had-only t=$1.0\times 10^{8}$ s,2600724444200111.0,4.0635472320507784e-27,
1,line,26,had-only t=$1.0\times 10^{8}$ s,3681609617600463.0,4.107312360106329e-27,
1,line,26,had-only t=$1.0\times 10^{8}$ s,5211720682918033.0,4.15154884812198e-27,
1,line,26,had-only t=$1.0\times 10^{8}$ s,7377760082683297.0,4.092490114106489e-27,
1,line,26,had-only t=$1.0\times 10^{8}$ s,1.0444025524245678e+16,3.4303410557099884e-27,
1,line,26,had-only t=$1.0\times 10^{8}$ s,1.478465929071307e+16,2.8753252490942106e-27,
1,line,26,had-only t=$1.0\times 10^{8}$ s,2.0929300664290932e+16,2.410108917343601e-27,
1,line,26,had-only t=$1.0\times 10^{8}$ s,2.9627711919708516e+16,2.020162829191048e-27,
1,line,26,had-only t=$1.0\times 10^{8}$ s,4.194126347923935e+16,8.016540911170703e-28,
1,line,26,had-only t=$1.0\times 10^{8}$ s,5.9372441145711096e+16,3.111607803732002e-28,
1,line,26,had-only t=$1.0\times 10^{8}$ s,8.40481777413738e+16,1.2077688334899525e-28,
1,line,26,had-only t=$1.0\times 10^{8}$ s,1.1897937907435784e+17,4.687960162996872e-29,
1,line,26,had-only t=$1.0\times 10^{8}$ s,1.6842831130116624e+17,1.1709775793926177e-30,
1,line,26,had-only t=$1.0\times 10^{8}$ s,2.3842867788067312e+17,1.5297033899040182e-32,
1,line,26,had-only t=$1.0\times 10^{8}$ s,3.3752184532845626e+17,1.9991231274761736e-34,
1,line,26,had-only t=$1.0\times 10^{8}$ s,4.777990512153937e+17,2.613634526302765e-36,
1,line,26,had-only t=$1.0\times 10^{8}$ s,6.763767634659977e+17,4.025356473538928e-37,
1,line,26,had-only t=$1.0\times 10^{8}$ s,9.574852126495786e+17,2.3905802145709e-37,
1,line,26,had-only t=$1.0\times 10^{8}$ s,1.3554249376408225e+18,1.4203508805471924e-37,
1,line,26,had-only t=$1.0\times 10^{8}$ s,1.9187520990478205e+18,8.442713488125567e-38,
1,line,26,had-only t=$1.0\times 10^{8}$ s,2.7162032476755615e+18,9.036866196826264e-38,
1,line,26,had-only t=$1.0\times 10^{8}$ s,3.845082481652776e+18,1.8109424307435435e-37,
1,line,26,had-only t=$1.0\times 10^{8}$ s,5.443134383763505e+18,3.62903734108518e-37,
1,line,26,had-only t=$1.0\times 10^{8}$ s,7.705351461530494e+18,7.2724078907263484e-37,
1,line,26,had-only t=$1.0\times 10^{8}$ s,1.090776691510952e+19,1.4573538808846215e-36,
1,line,26,had-only t=$1.0\times 10^{8}$ s,1.5441135899948329e+19,2.9204637116602213e-36,
1,line,26,had-only t=$1.0\times 10^{8}$ s,2.185861503424665e+19,5.85246205674282e-36,
1,line,26,had-only t=$1.0\times 10^{8}$ s,3.0943257951443616e+19,1.1728038937399891e-35,
1,line,26,had-only t=$1.0\times 10^{8}$ s,4.380356262962889e+19,2.350239881665169e-35,
1,line,26,had-only t=$1.0\times 10^{8}$ s,6.2008729076258095e+19,4.7097622465221483e-35,
1,line,26,had-only t=$1.0\times 10^{8}$ s,8.778013135972526e+19,9.438126121427849e-35,
1,line,26,had-only t=$1.0\times 10^{8}$ s,1.2426236719115056e+20,1.8913528968421895e-34,
1,line,26,had-only t=$1.0\times 10^{8}$ s,1.759069582234977e+20,3.790175861574733e-34,
1,line,26,had-only t=$1.0\times 10^{8}$ s,2.4901551974979007e+20,7.595321362162418e-34,
1,line,26,had-only t=$1.0\times 10^{8}$ s,3.525086767600928e+20,1.5220641126277348e-33,
1,line,26,had-only t=$1.0\times 10^{8}$ s,4.990145486353981e+20,3.0501397537834286e-33,
1,line,26,had-only t=$1.0\times 10^{8}$ s,7.064096181645561e+20,6.112326307693074e-33,
1,line,26,had-only t=$1.0\times 10^{8}$ s,1e+21,1.2248793792737649e-32,
1,line,26,had-only t=$1.0\times 10^{8}$ s,1.4156092644919856e+21,2.4545965286784157e-32,
1,line,26,had-only t=$1.0\times 10^{8}$ s,2.0039495897155573e+21,4.918887704822437e-32,
1,line,26,had-only t=$1.0\times 10^{8}$ s,2.836809604776257e+21,9.857202994448934e-32,
1,line,26,had-only t=$1.0\times 10^{8}$ s,4.01581395812115e+21,1.9753337875020206e-31,
1,line,26,had-only t=$1.0\times 10^{8}$ s,5.684823443592532e+21,3.958469327299463e-31,
1,line,26,had-only t=$1.0\times 10^{8}$ s,8.047488733750887e+21,7.932572972888021e-31,
1,line,26,had-only t=$1.0\times 10^{8}$ s,1.1392099607392635e+22,1.5896476331451248e-30,
1,line,26,had-only t=$1.0\times 10^{8}$ s,1.612676174624066e+22,2.0095139983275013e-29,
1,line,26,had-only t=$1.0\times 10^{8}$ s,2.282919333423323e+22,1.5020254263363031e-27,
1,line,26,had-only t=$1.0\times 10^{8}$ s,3.2317217584819514e+22,1.122701081157238e-25,
1,line,26,had-only t=$1.0\times 10^{8}$ s,4.5748552615673826e+22,8.391731987034426e-24,
1,line,26,had-only t=$1.0\times 10^{8}$ s,6.476207491984746e+22,1.422625530347889e-22,
1,line,26,had-only t=$1.0\times 10^{8}$ s,9.167779324426014e+22,1.4684263228243136e-22,
1,line,26,had-only t=$1.0\times 10^{8}$ s,1.2977993346475651e+23,1.515701651341252e-22,
1,line,26,had-only t=$1.0\times 10^{8}$ s,1.837176761578628e+23,1.5644989879279866e-22,
1,line,26,had-only t=$1.0\times 10^{8}$ s,2.600724444200111e+23,1.5855612681186263e-22,
1,line,26,had-only t=$1.0\times 10^{8}$ s,3.681609617600448e+23,1.4815323777605202e-22,
1,line,26,had-only t=$1.0\times 10^{8}$ s,5.211720682918034e+23,1.3843288370415128e-22,
1,line,26,had-only t=$1.0\times 10^{8}$ s,7.377760082683267e+23,1.2935028338438962e-22,
1,line,26,had-only t=$1.0\times 10^{8}$ s,1.0444025524245678e+24,1.2081177201160639e-22,
1,line,26,had-only t=$1.0\times 10^{8}$ s,1.4784659290712948e+24,1.1065506956552416e-22,
1,line,26,had-only t=$1.0\times 10^{8}$ s,2.0929300664290934e+24,1.0135224586702164e-22,
1,line,26,had-only t=$1.0\times 10^{8}$ s,2.962771191970876e+24,9.283151492852837e-23,
1,line,26,had-only t=$1.0\times 10^{8}$ s,4.1941263479239357e+24,8.50271258441801e-23,
1,line,26,had-only t=$1.0\times 10^{8}$ s,5.93724411457111e+24,7.791232659584298e-23,
1,line,26,had-only t=$1.0\times 10^{8}$ s,8.40481777413738e+24,7.139790632357441e-23,
1,line,26,had-only t=$1.0\times 10^{8}$ s,1.1897937907435881e+25,6.542817099832439e-23,
1,line,26,had-only t=$1.0\times 10^{8}$ s,1.6842831130116624e+25,5.995757831868806e-23,
1,line,26,had-only t=$1.0\times 10^{8}$ s,2.384286778806731e+25,5.511860029124887e-23,
1,line,26,had-only t=$1.0\times 10^{8}$ s,3.3752184532845626e+25,5.0740093703260486e-23,
1,line,26,had-only t=$1.0\times 10^{8}$ s,4.777990512153977e+25,4.670940654176214e-23,
1,line,26,had-only t=$1.0\times 10^{8}$ s,6.763767634659977e+25,4.29989087573257e-23,
1,line,26,had-only t=$1.0\times 10^{8}$ s,9.574852126495787e+25,3.968063871952349e-23,
1,line,26,had-only t=$1.0\times 10^{8}$ s,1.3554249376408226e+26,3.6697106317257437e-23,
1,line,26,had-only t=$1.0\times 10^{8}$ s,1.9187520990478362e+26,3.3937901594465307e-23,
1,line,26,had-only t=$1.0\times 10^{8}$ s,2.7162032476755613e+26,3.138615766282801e-23,
1,line,26,had-only t=$1.0\times 10^{8}$ s,3.845082481652776e+26,2.9072576043995135e-23,
1,line,26,had-only t=$1.0\times 10^{8}$ s,5.443134383763505e+26,2.7002228399043473e-23,
1,line,26,had-only t=$1.0\times 10^{8}$ s,7.705351461530558e+26,2.5079316585420403e-23,
1,line,26,had-only t=$1.0\times 10^{8}$ s,1.090776691510952e+27,2.3293341243441025e-23,
1,line,26,had-only t=$1.0\times 10^{8}$ s,1.544113589994833e+27,2.1659706636572925e-23,
1,line,26,had-only t=$1.0\times 10^{8}$ s,2.1858615034246653e+27,2.0229375724675873e-23,
1,line,26,had-only t=$1.0\times 10^{8}$ s,3.094325795144362e+27,1.8893498849053013e-23,
1,line,26,had-only t=$1.0\times 10^{8}$ s,4.380356262962889e+27,1.7645838595857737e-23,
1,line,26,had-only t=$1.0\times 10^{8}$ s,6.20087290762581e+27,1.648801586551057e-23,
1,line,26,had-only t=$1.0\times 10^{8}$ s,8.778013135972453e+27,1.5549200048106224e-23,
1,line,26,had-only t=$1.0\times 10^{8}$ s,1.2426236719115056e+28,1.466383977539181e-23,
1,line,26,had-only t=$1.0\times 10^{8}$ s,1.759069582234977e+28,1.3828891321886577e-23,
1,line,26,had-only t=$1.0\times 10^{8}$ s,2.4901551974979007e+28,1.3041484270091169e-23,
1,line,26,had-only t=$1.0\times 10^{8}$ s,3.525086767600899e+28,1.2483793772132063e-23,
1,line,26,had-only t=$1.0\times 10^{8}$ s,4.990145486353981e+28,1.1973344060299651e-23,
1,line,26,had-only t=$1.0\times 10^{8}$ s,7.064096181645562e+28,1.1483766255394971e-23,
1,line,26,had-only t=$1.0\times 10^{8}$ s,1e+29,1.101420691527429e-23,
1,line,27,Vegas t=$1.0\times 10^{8}$ s,100000.0,1.3597918567196265e-27,
1,line,27,Vegas t=$1.0\times 10^{8}$ s,141560.92644919915,3.592856938414361e-27,
1,line,27,Vegas t=$1.0\times 10^{8}$ s,200394.95897155572,9.520593812785433e-27,
1,line,27,Vegas t=$1.0\times 10^{8}$ s,283680.9604776268,2.559096796756467e-26,
1,line,27,Vegas t=$1.0\times 10^{8}$ s,401581.39581211505,7.081843535502863e-26,
1,line,27,Vegas t=$1.0\times 10^{8}$ s,568482.3443592555,2.0458945829943182e-25,
1,line,27,Vegas t=$1.0\times 10^{8}$ s,804748.8733750888,6.209485843336164e-25,
1,line,27,Vegas t=$1.0\times 10^{8}$ s,1139209.9607392682,1.9703624347488288e-24,
1,line,27,Vegas t=$1.0\times 10^{8}$ s,1612676.174624066,6.453014447178179e-24,
1,line,27,Vegas t=$1.0\times 10^{8}$ s,2282919.333423333,2.151023991785232e-23,
1,line,27,Vegas t=$1.0\times 10^{8}$ s,3231721.7584819514,7.22267585740282e-23,
1,line,27,Vegas t=$1.0\times 10^{8}$ s,4574855.261567401,2.4272885475309685e-22,
1,line,27,Vegas t=$1.0\times 10^{8}$ s,6476207.491984746,8.120022966911958e-22,
1,line,27,Vegas t=$1.0\times 10^{8}$ s,9167779.324426051,2.6778138309165945e-21,
1,line,27,Vegas t=$1.0\times 10^{8}$ s,12977993.34647565,8.500140435427635e-21,
1,line,27,Vegas t=$1.0\times 10^{8}$ s,18371767.615786355,2.4582987087367782e-20,
1,line,27,Vegas t=$1.0\times 10^{8}$ s,26007244.44200111,5.897294021009451e-20,
1,line,27,Vegas t=$1.0\times 10^{8}$ s,36816096.176004626,1.0864156169248646e-19,
1,line,27,Vegas t=$1.0\times 10^{8}$ s,52117206.82918034,1.5798542156095513e-19,
1,line,27,Vegas t=$1.0\times 10^{8}$ s,73777600.82683298,1.9973622345530225e-19,
1,line,27,Vegas t=$1.0\times 10^{8}$ s,104440255.24245678,2.3693926414791033e-19,
1,line,27,Vegas t=$1.0\times 10^{8}$ s,147846592.9071301,2.7382554207545803e-19,
1,line,27,Vegas t=$1.0\times 10^{8}$ s,209293006.64290932,3.1304852578642967e-19,
1,line,27,Vegas t=$1.0\times 10^{8}$ s,296277119.1970864,3.5614341558041247e-19,
1,line,27,Vegas t=$1.0\times 10^{8}$ s,419412634.79239357,4.0415109448670593e-19,
1,line,27,Vegas t=$1.0\times 10^{8}$ s,593724411.4571109,4.579520097246202e-19,
1,line,27,Vegas t=$1.0\times 10^{8}$ s,840481777.4137379,5.184177025642243e-19,
1,line,27,Vegas t=$1.0\times 10^{8}$ s,1189793790.7435882,5.864800852234199e-19,
1,line,27,Vegas t=$1.0\times 10^{8}$ s,1684283113.0116625,6.631676283427715e-19,
1,line,27,Vegas t=$1.0\times 10^{8}$ s,2384286778.806731,7.496294356715948e-19,
1,line,27,Vegas t=$1.0\times 10^{8}$ s,3375218453.2845626,8.471561343897814e-19,
1,line,27,Vegas t=$1.0\times 10^{8}$ s,4777990512.153976,9.571989044061359e-19,
1,line,27,Vegas t=$1.0\times 10^{8}$ s,6763767634.659977,1.0813944064611587e-18,
1,line,27,Vegas t=$1.0\times 10^{8}$ s,9574852126.495787,1.2215870473191696e-18,
1,line,27,Vegas t=$1.0\times 10^{8}$ s,13554249376.408226,1.3798572833763755e-18,
1,line,27,Vegas t=$1.0\times 10^{8}$ s,19187520990.478363,1.5585525164938551e-18,
1,line,27,Vegas t=$1.0\times 10^{8}$ s,27162032476.755615,1.7603219089090836e-18,
1,line,27,Vegas t=$1.0\times 10^{8}$ s,38450824816.52776,1.9881556271785864e-18,
1,line,27,Vegas t=$1.0\times 10^{8}$ s,54431343837.635056,2.2454290891403965e-18,
1,line,27,Vegas t=$1.0\times 10^{8}$ s,77053514615.30557,2.535952859169926e-18,
1,line,27,Vegas t=$1.0\times 10^{8}$ s,109077669151.0952,2.864028916526356e-18,
1,line,27,Vegas t=$1.0\times 10^{8}$ s,154411358999.4833,3.2345141102814585e-18,
1,line,27,Vegas t=$1.0\times 10^{8}$ s,218586150342.46652,3.6528917130750255e-18,
1,line,27,Vegas t=$1.0\times 10^{8}$ s,309432579514.43616,4.125352095583868e-18,
1,line,27,Vegas t=$1.0\times 10^{8}$ s,438035626296.2889,4.658883664867123e-18,
1,line,27,Vegas t=$1.0\times 10^{8}$ s,620087290762.5809,5.261375343258701e-18,
1,line,27,Vegas t=$1.0\times 10^{8}$ s,877801313597.2452,5.941732010569e-18,
1,line,27,Vegas t=$1.0\times 10^{8}$ s,1242623671911.5056,6.710004491017053e-18,
1,line,27,Vegas t=$1.0\times 10^{8}$ s,1759069582234.9841,7.577535836954275e-18,
1,line,27,Vegas t=$1.0\times 10^{8}$ s,2490155197497.901,8.557125842657825e-18,
1,line,27,Vegas t=$1.0\times 10^{8}$ s,3525086767600.913,9.663215910669657e-18,
1,line,27,Vegas t=$1.0\times 10^{8}$ s,4990145486353.98,1.0912096586080068e-17,
1,line,27,Vegas t=$1.0\times 10^{8}$ s,7064096181645.59,1.2322140264200688e-17,
1,line,27,Vegas t=$1.0\times 10^{8}$ s,10000000000000.0,1.3914061754433392e-17,
1,line,27,Vegas t=$1.0\times 10^{8}$ s,14156092644919.916,1.57112233633322e-17,
1,line,27,Vegas t=$1.0\times 10^{8}$ s,20039495897155.574,1.7739902027783405e-17,
1,line,27,Vegas t=$1.0\times 10^{8}$ s,28368096047762.684,2.0029741762950544e-17,
1,line,27,Vegas t=$1.0\times 10^{8}$ s,40158139581211.5,2.2614090201769147e-17,
1,line,27,Vegas t=$1.0\times 10^{8}$ s,56848234435925.55,2.5530458856163973e-17,
1,line,27,Vegas t=$1.0\times 10^{8}$ s,80474887337508.88,2.8821011307946076e-17,
1,line,27,Vegas t=$1.0\times 10^{8}$ s,113920996073926.83,3.2533094722915454e-17,
1,line,27,Vegas t=$1.0\times 10^{8}$ s,161267617462406.6,3.6719818544949996e-17,
1,line,27,Vegas t=$1.0\times 10^{8}$ s,228291933342333.28,4.1440676332490664e-17,
1,line,27,Vegas t=$1.0\times 10^{8}$ s,323172175848195.2,4.676220641788175e-17,
1,line,27,Vegas t=$1.0\times 10^{8}$ s,457485526156740.1,5.275868270118986e-17,
1,line,27,Vegas t=$1.0\times 10^{8}$ s,647620749198474.6,5.951282143365778e-17,
1,line,27,Vegas t=$1.0\times 10^{8}$ s,916777932442605.1,6.711648242538872e-17,
1,line,27,Vegas t=$1.0\times 10^{8}$ s,1297799334647565.0,7.567133317527567e-17,
1,line,27,Vegas t=$1.0\times 10^{8}$ s,1837176761578635.5,8.528943131780197e-17,
1,line,27,Vegas t=$1.0\times 10^{8}$ s,2600724444200111.0,9.609366377832572e-17,
1,line,27,Vegas t=$1.0\times 10^{8}$ s,3681609617600463.0,1.08217959358165e-16,
1,line,27,Vegas t=$1.0\times 10^{8}$ s,5211720682918033.0,1.2180716442847766e-16,
1,line,27,Vegas t=$1.0\times 10^{8}$ s,7377760082683297.0,1.370164385325554e-16,
1,line,27,Vegas t=$1.0\times 10^{8}$ s,1.0444025524245678e+16,1.5400998804859876e-16,
1,line,27,Vegas t=$1.0\times 10^{8}$ s,1.478465929071307e+16,1.7295891271033438e-16,
1,line,27,Vegas t=$1.0\times 10^{8}$ s,2.0929300664290932e+16,1.940378944444302e-16,
1,line,27,Vegas t=$1.0\times 10^{8}$ s,2.9627711919708516e+16,2.1742041596251208e-16,
1,line,27,Vegas t=$1.0\times 10^{8}$ s,4.194126347923935e+16,2.432721668632399e-16,
1,line,27,Vegas t=$1.0\times 10^{8}$ s,5.9372441145711096e+16,2.7174229164179983e-16,
1,line,27,Vegas t=$1.0\times 10^{8}$ s,8.40481777413738e+16,3.0295178958545744e-16,
1,line,27,Vegas t=$1.0\times 10^{8}$ s,1.1897937907435784e+17,3.369809807345772e-16,
1,line,27,Vegas t=$1.0\times 10^{8}$ s,1.6842831130116624e+17,3.7385124596523425e-16,
1,line,27,Vegas t=$1.0\times 10^{8}$ s,2.3842867788067312e+17,4.1350737684220367e-16,
1,line,27,Vegas t=$1.0\times 10^{8}$ s,3.3752184532845626e+17,4.557972517018603e-16,
1,line,27,Vegas t=$1.0\times 10^{8}$ s,4.777990512153937e+17,5.00451927566364e-16,
1,line,27,Vegas t=$1.0\times 10^{8}$ s,6.763767634659977e+17,5.470681610896476e-16,
1,line,27,Vegas t=$1.0\times 10^{8}$ s,9.574852126495786e+17,5.95096313314651e-16,
1,line,27,Vegas t=$1.0\times 10^{8}$ s,1.3554249376408225e+18,6.438370545550969e-16,
1,line,27,Vegas t=$1.0\times 10^{8}$ s,1.9187520990478205e+18,6.924502570195773e-16,
1,line,27,Vegas t=$1.0\times 10^{8}$ s,2.7162032476755615e+18,7.399786921380714e-16,
1,line,27,Vegas t=$1.0\times 10^{8}$ s,3.845082481652776e+18,7.853874928832018e-16,
1,line,27,Vegas t=$1.0\times 10^{8}$ s,5.443134383763505e+18,8.276178838568272e-16,
1,line,27,Vegas t=$1.0\times 10^{8}$ s,7.705351461530494e+18,8.656508202837122e-16,
1,line,27,Vegas t=$1.0\times 10^{8}$ s,1.090776691510952e+19,8.985735925505278e-16,
1,line,27,Vegas t=$1.0\times 10^{8}$ s,1.5441135899948329e+19,9.256409342018708e-16,
1,line,27,Vegas t=$1.0\times 10^{8}$ s,2.185861503424665e+19,9.463223239898685e-16,
1,line,27,Vegas t=$1.0\times 10^{8}$ s,3.0943257951443616e+19,9.603291387747244e-16,
1,line,27,Vegas t=$1.0\times 10^{8}$ s,4.380356262962889e+19,9.676186555700668e-16,
1,line,27,Vegas t=$1.0\times 10^{8}$ s,6.2008729076258095e+19,9.683757319798874e-16,
1,line,27,Vegas t=$1.0\times 10^{8}$ s,8.778013135972526e+19,9.629763123650768e-16,
1,line,27,Vegas t=$1.0\times 10^{8}$ s,1.2426236719115056e+20,9.51938958338174e-16,
1,line,27,Vegas t=$1.0\times 10^{8}$ s,1.759069582234977e+20,9.358711049500895e-16,
1,line,27,Vegas t=$1.0\times 10^{8}$ s,2.4901551974979007e+20,9.154158923931781e-16,
1,line,27,Vegas t=$1.0\times 10^{8}$ s,3.525086767600928e+20,8.912037157013114e-16,
1,line,27,Vegas t=$1.0\times 10^{8}$ s,4.990145486353981e+20,8.63810645575982e-16,
1,line,27,Vegas t=$1.0\times 10^{8}$ s,7.064096181645561e+20,8.337240743913807e-16,
1,line,27,Vegas t=$1.0\times 10^{8}$ s,1e+21,8.013146309480073e-16,
1,line,27,Vegas t=$1.0\times 10^{8}$ s,1.4156092644919856e+21,7.6681273613399e-16,
1,line,27,Vegas t=$1.0\times 10^{8}$ s,2.0039495897155573e+21,7.302882322838383e-16,
1,line,27,Vegas t=$1.0\times 10^{8}$ s,2.836809604776257e+21,6.916324682141157e-16,
1,line,27,Vegas t=$1.0\times 10^{8}$ s,4.01581395812115e+21,6.505444104979163e-16,
1,line,27,Vegas t=$1.0\times 10^{8}$ s,5.684823443592532e+21,6.065264419496101e-16,
1,line,27,Vegas t=$1.0\times 10^{8}$ s,8.047488733750887e+21,5.589025020911361e-16,
1,line,27,Vegas t=$1.0\times 10^{8}$ s,1.1392099607392635e+22,5.068821560530702e-16,
1,line,27,Vegas t=$1.0\times 10^{8}$ s,1.612676174624066e+22,4.497088496907267e-16,
1,line,27,Vegas t=$1.0\times 10^{8}$ s,2.282919333423323e+22,3.869441005671141e-16,
1,line,27,Vegas t=$1.0\times 10^{8}$ s,3.2317217584819514e+22,3.1893470434453555e-16,
1,line,27,Vegas t=$1.0\times 10^{8}$ s,4.5748552615673826e+22,2.47447905757322e-16,
1,line,27,Vegas t=$1.0\times 10^{8}$ s,6.476207491984746e+22,1.762791479436676e-16,
1,line,27,Vegas t=$1.0\times 10^{8}$ s,9.167779324426014e+22,1.1131524701933987e-16,
1,line,27,Vegas t=$1.0\times 10^{8}$ s,1.2977993346475651e+23,5.927499163483935e-17,
1,line,27,Vegas t=$1.0\times 10^{8}$ s,1.837176761578628e+23,2.4800266791085105e-17,
1,line,27,Vegas t=$1.0\times 10^{8}$ s,2.600724444200111e+23,7.376409546317755e-18,
1,line,27,Vegas t=$1.0\times 10^{8}$ s,3.681609617600448e+23,1.3536275229916753e-18,
1,line,27,Vegas t=$1.0\times 10^{8}$ s,5.211720682918034e+23,1.253995994698106e-19,
1,line,27,Vegas t=$1.0\times 10^{8}$ s,7.377760082683267e+23,4.4146595178443196e-21,
1,line,27,Vegas t=$1.0\times 10^{8}$ s,1.0444025524245678e+24,3.95090928863496e-23,
1,line,27,Vegas t=$1.0\times 10^{8}$ s,1.4784659290712948e+24,5.0876593215924694e-26,
1,line,27,Vegas t=$1.0\times 10^{8}$ s,2.0929300664290934e+24,4.211622785196574e-30,
1,line,27,Vegas t=$1.0\times 10^{8}$ s,2.962771191970876e+24,7.163945690375666e-36,
1,line,27,Vegas t=$1.0\times 10^{8}$ s,4.1941263479239357e+24,4.982178513461884e-44,
1,line,27,Vegas t=$1.0\times 10^{8}$ s,5.93724411457111e+24,1.440845582148739e-55,
1,line,27,Vegas t=$1.0\times 10^{8}$ s,8.40481777413738e+24,6.816696155683324e-72,
1,line,27,Vegas t=$1.0\times 10^{8}$ s,1.1897937907435881e+25,5.409174588424945e-95,
1,line,27,Vegas t=$1.0\times 10^{8}$ s,1.6842831130116624e+25,1.1001610599258139e-127,
1,line,27,Vegas t=$1.0\times 10^{8}$ s,2.384286778806731e+25,5.922548016801958e-174,
1,line,27,Vegas t=$1.0\times 10^{8}$ s,3.3752184532845626e+25,1.9220565221625077e-239,
1,line,27,Vegas t=$1.0\times 10^{8}$ s,4.777990512153977e+25,0.0,
1,line,27,Vegas t=$1.0\times 10^{8}$ s,6.763767634659977e+25,0.0,
1,line,27,Vegas t=$1.0\times 10^{8}$ s,9.574852126495787e+25,0.0,
1,line,27,Vegas t=$1.0\times 10^{8}$ s,1.3554249376408226e+26,0.0,
1,line,27,Vegas t=$1.0\times 10^{8}$ s,1.9187520990478362e+26,0.0,
1,line,27,Vegas t=$1.0\times 10^{8}$ s,2.7162032476755613e+26,0.0,
1,line,27,Vegas t=$1.0\times 10^{8}$ s,3.845082481652776e+26,0.0,
1,line,27,Vegas t=$1.0\times 10^{8}$ s,5.443134383763505e+26,0.0,
1,line,27,Vegas t=$1.0\times 10^{8}$ s,7.705351461530558e+26,0.0,
1,line,27,Vegas t=$1.0\times 10^{8}$ s,1.090776691510952e+27,0.0,
1,line,27,Vegas t=$1.0\times 10^{8}$ s,1.544113589994833e+27,0.0,
1,line,27,Vegas t=$1.0\times 10^{8}$ s,2.1858615034246653e+27,0.0,
1,line,27,Vegas t=$1.0\times 10^{8}$ s,3.094325795144362e+27,0.0,
1,line,27,Vegas t=$1.0\times 10^{8}$ s,4.380356262962889e+27,0.0,
1,line,27,Vegas t=$1.0\times 10^{8}$ s,6.20087290762581e+27,0.0,
1,line,27,Vegas t=$1.0\times 10^{8}$ s,8.778013135972453e+27,0.0,
1,line,27,Vegas t=$1.0\times 10^{8}$ s,1.2426236719115056e+28,0.0,
1,line,27,Vegas t=$1.0\times 10^{8}$ s,1.759069582234977e+28,0.0,
1,line,27,Vegas t=$1.0\times 10^{8}$ s,2.4901551974979007e+28,0.0,
1,line,27,Vegas t=$1.0\times 10^{8}$ s,3.525086767600899e+28,0.0,
1,line,27,Vegas t=$1.0\times 10^{8}$ s,4.990145486353981e+28,0.0,
1,line,27,Vegas t=$1.0\times 10^{8}$ s,7.064096181645562e+28,0.0,
1,line,27,Vegas t=$1.0\times 10^{8}$ s,1e+29,0.0,
1,line,28,_child28,1000000000.0,0.0,
1,line,28,_child28,1000000000.0,1.0,
1,line,29,_child29,100000000000000.0,0.0,
1,line,29,_child29,100000000000000.0,1.0,
1,line,30,_child30,1e+17,0.0,
1,line,30,_child30,1e+17,1.0,
