medium,kind,radius_index,radius_cm,density_cm3,observer_time_s,gamma_bulk,bfield_g,frequency_hz,flux_cgs,fs_sync_flux_cgs,primary_rs_sync_flux_cgs
ism,state,0,10099997999847.156,1.0,0.0185308753155192,99.99899998694575,0.12270940191594853,,,,
ism,state,1,10118759374005.14,1.0,0.01856529825010215,99.9989999844821,0.12270940191291009,,,,
ism,state,2,10141040710170.03,1.0,0.018606179529416143,99.99899998155027,0.12270940190929426,,,,
ism,state,3,10167502414792.975,1.0,0.01865473085191659,99.99899997805998,0.12270940190498968,,,,
ism,state,4,10198928798128.328,1.0,0.018712391251886888,99.99899997390304,0.12270940189986292,,,,
ism,state,5,10236251320754.855,1.0,0.018780869751616813,99.9989999689495,0.12270940189375369,,,,
ism,state,6,10280576201550.691,1.0,0.018862196015875785,99.99899996304313,0.12270940188646934,,,,
ism,state,7,10333217205407.37,1.0,0.018958780510051388,99.99899995599546,0.12270940187777743,,,,
ism,state,8,10395734582492.512,1.0,0.019073485945007213,99.99899994757875,0.12270940186739707,,,,
ism,state,9,10469981313199.424,1.0,0.01920971212624582,99.99899993751697,0.12270940185498783,,,,
ism,state,10,10558158029458.105,1.0,0.019371496722259084,99.9989999254744,0.12270940184013568,,,,
ism,state,11,10662878240244.371,1.0,0.01956363493878391,99.99899991104124,0.1227094018223352,,,,
ism,state,12,10787245794535.818,1.0,0.01979182164604198,99.99899989371512,0.12270940180096683,,,,
ism,state,13,10934946877672.543,1.0,0.020062820171536003,99.99899987287735,0.12270940177526754,,,,
ism,state,14,11110359267844.246,1.0,0.020384662761327502,99.99899984776192,0.12270940174429258,,,,
ism,state,15,11318682091004.41,1.0,0.020766888651357254,99.99899981741518,0.12270940170686581,,,,
ism,state,16,11566089920074.62,1.0,0.021220826805110234,99.99899978064258,0.12270940166151405,,,,
ism,state,17,11859915785853.727,1.0,0.0217599316978129,99.99899973593796,0.12270940160637966,,,,
ism,state,18,12208868523971.092,1.0,0.02240018209962006,99.99899968138915,0.12270940153910441,,,,
ism,state,19,12623290899926.54,1.0,0.023160554677504122,99.99899961455137,0.1227094014566731,,,,
ism,state,20,13115466162893.943,1.0,0.024063586453143982,99.99899953227566,0.12270940135520217,,,,
ism,state,21,13699982114373.764,1.0,0.025136042787753683,99.99899943047613,0.1227094012296524,,,,
ism,state,22,14394163482468.154,1.0,0.026409710692550853,99.99899930381216,0.12270940107343724,,,,
ism,state,23,15218585417113.943,1.0,0.027922340978147296,99.99899914525254,0.12270940087788505,,,,
ism,state,24,16197683325952.322,1.0,0.0297187671676476,99.99899894547573,0.12270940063149954,,,,
ism,state,25,17360477126010.346,1.0,0.03185223433741939,99.99899869204155,0.12270940031893818,,,,
ism,state,26,18741431377540.645,1.0,0.03438597727163936,99.99899836824383,0.12270939991959723,,,,
ism,state,27,20381476793833.22,1.0,0.03739509470624058,99.99899795151711,0.12270939940564654,,,,
ism,state,28,22329223403821.996,1.0,0.040968775213812876,99.998997411219,0.12270939873929479,,,,
ism,state,29,24642401324714.176,1.0,0.0452129407034508,99.99899670553718,0.12270939786897468,,,,
ism,state,30,27389571847917.4,1.0,0.05025338588741895,99.99899577716907,0.1227093967240147,,,,
ism,state,31,30652159553268.082,1.0,0.05623950676668621,99.99899454727746,0.12270939520718466,,,,
ism,state,32,34526865681194.125,1.0,0.06334872864557384,99.99899290702429,0.12270939318425407,,,,
ism,state,33,39128534292024.414,1.0,0.0717917649194155,99.99899070569933,0.12270939046935149,,,,
ism,state,34,44593556160854.24,1.0,0.08181886250278127,99.99898773405958,0.12270938680441675,,,,
ism,state,35,51083911292625.68,1.0,0.09372721900929591,99.9989837009291,0.12270938183034134,,,,
ism,state,36,58791969867166.12,1.0,0.10786979152414786,99.99897820031156,0.12270937504640851,,,,
ism,state,37,67946193897992.92,1.0,0.12466575805642544,99.99897066514379,0.12270936575325701,,,,
ism,state,38,78817908576376.1,1.0,0.1446129417429244,99.9989603022335,0.12270935297263977,,,,
ism,state,39,91729343962049.42,1.0,0.1683025660499441,99.99894600068951,0.12270933533449037,,,,
ism,state,40,107063185309180.84,1.0,0.1964367783090702,99.99892620300263,0.12270931091792671,,,,
ism,state,41,125273914989806.64,1.0,0.229849460974832,99.99889872349166,0.12270927702733979,,,,
ism,state,42,146901282008704.25,1.0,0.2695309474383722,99.99886049256622,0.12270922987699188,,,,
ism,state,43,172586298048017.66,1.0,0.31665737496014923,99.99880719642356,0.12270916414665342,,,,
ism,state,44,203090233669254.6,1.0,0.372625544726316,99.99873276934346,0.1227090723554483,,,,
ism,state,45,239317176897533.94,1.0,0.4390943222615321,99.99862867818514,0.12270894397942099,,,,
ism,state,46,282340821453367.94,1.0,0.518033805283484,99.99848291393182,0.12270876420780477,,,,
ism,state,47,333436276349137.25,1.0,0.6117837163070702,99.99827857023044,0.12270851218992915,,,,
ism,state,48,394117835868591.44,1.0,0.723122750722664,99.99799183968177,0.12270815856403677,,,,
ism,state,49,466183823052824.06,1.0,0.8553509357870543,99.99758918932105,0.12270766197379271,,,,
ism,state,50,551769825190070.94,1.0,1.0123874416018879,99.99702337908646,0.12270696415784635,,,,
ism,state,51,653411881376800.5,1.0,1.198886743142812,99.99622784959679,0.12270598302825579,,,,
ism,state,52,774121465200967.4,1.0,1.4203765763174254,99.99510881213064,0.12270460291502869,,,,
ism,state,53,917474435135290.4,1.0,1.6834217769931732,99.99353410181944,0.12270266081872197,,,,
ism,state,54,1087716505657914.6,1.0,1.9958188590930757,99.99131747344515,0.12269992704238833,,,,
ism,state,55,1289888225635013.0,1.0,2.366827098946245,99.98819648464567,0.12269607791484745,,,,
ism,state,56,1529972934834086.5,1.0,2.8074429751051997,99.98380136458525,0.12269065739629606,,,,
ism,state,57,1815071693685071.8,1.0,3.3307260978739968,99.97761122727051,0.12268302307601947,,,,
ism,state,58,2153609719183319.5,1.0,3.9521862889177624,99.96889255183471,0.12267227029988446,,,,
ism,state,59,2555579357472130.5,1.0,4.690243283778657,99.95661288161492,0.1226571257350696,,,,
ism,state,60,3032824981053514.5,1.0,5.566772682625906,99.93930027999016,0.12263577403639092,,,,
ism,state,61,3599364771039401.5,1.0,6.6077543309176034,99.91230860821985,0.12260248510280308,,,,
ism,state,62,4271719109409170.0,1.0,7.844042347617606,99.86725380437885,0.12254691883779398,,,,
ism,state,63,5069272036689613.0,1.0,9.312279624176933,99.79216083342276,0.12245430638290274,,,,
ism,state,64,6014589677056751.0,1.0,11.055983899522518,99.66733132598777,0.1223003536590391,,,,
ism,state,65,7133586677606934.0,1.0,13.12683760171408,99.46074305000768,0.12204556751262893,,,,
ism,state,66,8455339911636159.0,1.0,15.586219686460366,99.12135523723565,0.12162699913723496,,,,
ism,state,67,1.0011191534676388e+16,1.0,18.507024875339624,98.57043140780979,0.12094754244968221,,,,
ism,state,68,1.183259575101519e+16,1.0,21.97582421493641,97.69291359950343,0.11986529582190994,,,,
ism,state,69,1.3888624940010224e+16,1.0,26.095430994669716,93.80990502805612,0.11507636082367448,,,,
ism,state,70,1.6184230988438312e+16,1.0,30.98794807569444,91.9031934274499,0.11272480127393078,,,,
ism,state,71,1.8802077362413816e+16,1.0,36.79838695201557,89.95021219917295,0.11031617557469812,,,,
ism,state,72,2.1769715554085884e+16,1.0,43.698965810780024,87.7147099219027,0.10755911262326612,,,,
ism,state,73,2.5106411575836436e+16,1.0,51.89421398387132,85.16200513279382,0.1044108384078637,,,,
ism,state,74,2.8824713672562416e+16,1.0,61.62703408392013,82.31272351403163,0.10089678934178,,,,
ism,state,75,3.2931930021406184e+16,1.0,73.18590150308478,79.21969331013506,0.09708211737840425,,,,
ism,state,76,3.743219142682901e+16,1.0,86.91341466375194,75.95406362140854,0.0930545697724298,,,,
ism,state,77,4.232884222127462e+16,1.0,103.2164494458492,72.5922119204728,0.08890834216647422,,,,
ism,state,78,4.760556093348659e+16,1.0,122.57821876236484,68.5178517892013,0.08388335344053077,,,,
ism,state,79,5.304551338271665e+16,1.0,145.57259472220974,63.378086982688174,0.07754435643022904,,,,
ism,state,80,5.854966001781765e+16,1.0,172.88111788138525,58.4037520105154,0.07140935673829936,,,,
ism,state,81,6.409083473178226e+16,1.0,205.3131977272379,53.74384913904733,0.06566212008156926,,,,
ism,state,82,6.966260870934828e+16,1.0,243.8301031269476,49.4603161416762,0.0603790356724076,,,,
ism,state,83,7.527142776911445e+16,1.0,289.5734538038514,45.56118663748729,0.0555700124449549,,,,
ism,state,84,8.093084843930358e+16,1.0,343.89905731316054,42.02661300116511,0.051210572954782714,,,,
ism,state,85,8.665791699636946e+16,1.0,408.4170944262757,38.82501532474032,0.047261769880685214,,,,
ism,state,86,9.247109980094376e+16,1.0,485.0398439962083,35.921831760281535,0.04368097786623901,,,,
ism,state,87,9.838918745596102e+16,1.0,576.0383618426714,33.28375924693629,0.040427123664925804,,,,
ism,state,88,1.0443076606816326e+17,1.0,684.1097935875649,30.88052489527025,0.03746287083926375,,,,
ism,state,89,1.106140033823512e+17,1.0,812.457316555986,28.685402276935893,0.03475525654056982,,,,
ism,state,90,1.1695660287532056e+17,1.0,964.8850801763944,26.675136591996626,0.03227559924621578,,,,
ism,state,91,1.2347584324792706e+17,1.0,1145.910958860748,24.82962295493921,0.02999910200839314,,,,
ism,state,92,1.3018865808215597e+17,1.0,1360.9004592974934,23.131508200283797,0.027904361371675918,,,,
ism,state,93,1.3711173150132989e+17,1.0,1616.2257510953316,21.565795710795385,0.025972880012061737,,,,
ism,state,94,1.442615973737817e+17,1.0,1919.4545343578422,20.119486652360333,0.02418862427133389,,,,
ism,state,95,1.5165473601649578e+17,1.0,2279.574342119256,18.78126836898173,0.022537639849923314,,,,
ism,state,96,1.593076658221012e+17,1.0,2707.258925841132,17.54125013653306,0.021007725903923198,,,,
ism,state,97,1.6723702906578346e+17,1.0,3215.1846194884492,16.39074200560978,0.019588162280942605,,,,
ism,state,98,1.754596720835686e+17,1.0,3818.406059040914,15.322070980367318,0.01826948279978551,,,,
ism,state,99,1.839927204599789e+17,1.0,4534.802393557508,14.328428694068519,0.01704328737255498,,,,
ism,state,100,1.9285365004937942e+17,1.0,5385.607213242974,13.403745252850443,0.015902086397647643,,,,
ism,state,101,2.020603547080535e+17,1.0,6396.03790129004,12.542584633288483,0.014839171732698633,,,,
ism,state,102,2.1163121160316285e+17,1.0,7596.043063137515,11.74005775140131,0.013848509459346394,,,,
ism,state,103,2.2158514492852006e+17,1.0,9021.190186532773,10.991749990928307,0.012924650478195967,,,,
ism,state,104,2.319416888162377e+17,1.0,10713.719842150975,10.293660559213116,0.012062655688270335,,,,
ism,state,105,2.4272105019869434e+17,1.0,12723.79767069296,9.642151526693384,0.011258033106667023,,,,
ism,state,106,2.5394417235247158e+17,1.0,15111.0012646649,9.033904808391773,0.010506684780409607,,,,
ism,state,107,2.6563279984774794e+17,1.0,17946.086015192283,8.465885674291968,0.009804861747619326,,,,
ism,state,108,2.7780954563441594e+17,1.0,21313.082262588076,7.935311641941051,0.009149125633777507,,,,
ism,state,109,2.904979610206941e+17,1.0,25311.785909055052,7.439625819981266,0.008536315734494267,,,,
ism,state,110,3.037226093417518e+17,1.0,30060.716313903533,6.976473945065638,0.007963520650544864,,,,
ism,state,111,3.1750914417540525e+17,1.0,35700.62914165729,6.543684494704769,0.007428053713793709,,,,
ism,state,112,3.318843930399867e+17,1.0,42398.688281918505,6.139251371561997,0.006927431582062774,,,,
ism,state,113,3.4687644760684544e+17,1.0,50353.42049438548,5.76131874587232,0.006459355493573661,,,,
ism,state,114,3.625147615775231e+17,1.0,59800.59963195172,5.408167716290528,0.006021694762590581,,,,
ism,state,115,3.78830257514486e+17,1.0,71020.2348469987,5.078204509015862,0.005612472171566964,,,,
ism,state,116,3.958554440752352e+17,1.0,84344.86990744424,4.7699499832562715,0.005229850974866786,,,,
ism,state,117,4.136245452833445e+17,1.0,100169.43960967007,4.482030250198197,0.004872123277732578,,,,
ism,state,118,4.321736436767595e+17,1.0,118962.97542694425,4.213168244416289,0.004537699593808573,,,,
ism,state,119,4.5154083940305126e+17,1.0,141282.5073422735,3.9621761125252846,0.004225099416975652,,,,
ism,flux,,,,1.0,,,100000000000000.0,3.3184196845581926e-32,3.3184196845581926e-32,0.0
ism,flux,,,,1.075094254410704,,,100000000000000.0,4.1319710491831324e-32,4.1319710491831324e-32,0.0
ism,flux,,,,1.1558276558669076,,,100000000000000.0,5.130495178918687e-32,5.130495178918687e-32,0.0
ism,flux,,,,1.242623671911505,,,100000000000000.0,6.365289050177323e-32,6.365289050177323e-32,0.0
ism,flux,,,,1.3359375700667908,,,100000000000000.0,7.927353713510694e-32,7.927353713510694e-32,0.0
ism,flux,,,,1.4362588058302042,,,100000000000000.0,9.817758692370414e-32,9.817758692370414e-32,0.0
ism,flux,,,,1.5441135899948315,,,100000000000000.0,1.222438060664095e-31,1.222438060664095e-31,0.0
ism,flux,,,,1.6600676487609292,,,100000000000000.0,1.5164010776263525e-31,1.5164010776263525e-31,0.0
ism,flux,,,,1.7847291911159615,,,100000000000000.0,1.8864896981253293e-31,1.8864896981253293e-31,0.0
ism,flux,,,,1.9187520990478337,,,100000000000000.0,2.3446939044954155e-31,2.3446939044954155e-31,0.0
ism,flux,,,,2.0628393573248043,,,100000000000000.0,2.9070170898177577e-31,2.9070170898177577e-31,0.0
ism,flux,,,,2.2177467408321663,,,100000000000000.0,3.6215756268767055e-31,3.6215756268767055e-31,0.0
ism,flux,,,,2.384286778806727,,,100000000000000.0,4.4864010061269245e-31,4.4864010061269245e-31,0.0
ism,flux,,,,2.5633330167625172,,,100000000000000.0,5.58542910756711e-31,5.58542910756711e-31,0.0
ism,flux,,,,2.7558245984626395,,,100000000000000.0,6.93017062075507e-31,6.93017062075507e-31,0.0
ism,flux,,,,2.962771191970869,,,100000000000000.0,8.618696386641119e-31,8.618696386641119e-31,0.0
ism,flux,,,,3.1852582856214346,,,100000000000000.0,1.071588943422498e-30,1.071588943422498e-30,0.0
ism,flux,,,,3.4244528816856934,,,100000000000000.0,1.3284985907552938e-30,1.3284985907552938e-30,0.0
ism,flux,,,,3.6816096176004676,,,100000000000000.0,1.6549855811328046e-30,1.6549855811328046e-30,0.0
ism,flux,,,,3.9580773468654518,,,100000000000000.0,2.0504705733318117e-30,2.0504705733318117e-30,0.0
ism,flux,,,,4.25530621412821,,,100000000000000.0,2.5522336398462128e-30,2.5522336398462128e-30,0.0
ism,flux,,,,4.5748552615674045,,,100000000000000.0,3.166849682476613e-30,3.166849682476613e-30,0.0
ism,flux,,,,4.918400606471695,,,100000000000000.0,3.938110641156068e-30,3.938110641156068e-30,0.0
ism,flux,,,,5.2877442329078415,,,100000000000000.0,4.895962304744927e-30,4.895962304744927e-30,0.0
ism,flux,,,,5.684823443592558,,,100000000000000.0,6.069851695849474e-30,6.069851695849474e-30,0.0
ism,flux,,,,6.111721021545632,,,100000000000000.0,7.560413810922223e-30,7.560413810922223e-30,0.0
ism,flux,,,,6.570676154824828,,,100000000000000.0,9.36575431882188e-30,9.36575431882188e-30,0.0
ism,flux,,,,7.06409618164559,,,100000000000000.0,1.1653871238697748e-29,1.1653871238697748e-29,0.0
ism,flux,,,,7.594569217491768,,,100000000000000.0,1.4456774257514375e-29,1.4456774257514375e-29,0.0
ism,flux,,,,8.164877730449795,,,100000000000000.0,1.7974046528297402e-29,1.7974046528297402e-29,0.0
ism,flux,,,,8.778013135972484,,,100000000000000.0,2.2331214026933303e-29,2.2331214026933303e-29,0.0
ism,flux,,,,9.437191487625704,,,100000000000000.0,2.7678448700901067e-29,2.7678448700901067e-29,0.0
ism,flux,,,,10.14587034612,,,100000000000000.0,3.444636352008164e-29,3.444636352008164e-29,0.0
ism,flux,,,,10.907766915109553,,,100000000000000.0,4.263228846271404e-29,4.263228846271404e-29,0.0
ism,flux,,,,11.72687753888545,,,100000000000000.0,5.298874967945059e-29,5.298874967945059e-29,0.0
ism,flux,,,,12.607498664233685,,,100000000000000.0,6.562995403275519e-29,6.562995403275519e-29,0.0
ism,flux,,,,13.554249376408261,,,100000000000000.0,8.146908295797487e-29,8.146908295797487e-29,0.0
ism,flux,,,,14.57209562742639,,,100000000000000.0,1.0096466872264449e-28,1.0096466872264449e-28,0.0
ism,flux,,,,15.666376283769456,,,100000000000000.0,1.2484791491262093e-28,1.2484791491262093e-28,0.0
ism,flux,,,,16.84283113011666,,,100000000000000.0,1.5482189253647859e-28,1.5482189253647859e-28,0.0
ism,flux,,,,18.107630975998166,,,100000000000000.0,1.908536073888642e-28,1.908536073888642e-28,0.0
ism,flux,,,,19.467410023284916,,,100000000000000.0,2.3602046782707333e-28,2.3602046782707333e-28,0.0
ism,flux,,,,20.929300664290967,,,100000000000000.0,2.9043090463874537e-28,2.9043090463874537e-28,0.0
ism,flux,,,,22.50097089301335,,,100000000000000.0,3.5780281833864485e-28,3.5780281833864485e-28,0.0
ism,flux,,,,24.19066452574114,,,100000000000000.0,1.370844409237334e-25,4.376793102152061e-28,1.366467616135182e-25
ism,flux,,,,26.007244442001138,,,100000000000000.0,6.733156381914814e-25,5.28251728505422e-28,6.72787386462976e-25
ism,flux,,,,27.96023907265014,,,100000000000000.0,1.7954656972107962e-24,6.364188462846103e-28,1.7948292783645114e-24
ism,flux,,,,30.059892378955837,,,100000000000000.0,3.6870592766608366e-24,7.627595537257133e-28,3.686296517107111e-24
ism,flux,,,,32.31721758481955,,,100000000000000.0,6.409877896270297e-24,9.170803311754849e-28,6.408960815939121e-24
ism,flux,,,,34.74405494398007,,,100000000000000.0,9.680460846636876e-24,1.0996901637630647e-27,9.679361156473113e-24
ism,flux,,,,37.353133845202784,,,100000000000000.0,1.3645237534719098e-23,1.3204607387299602e-27,1.364391707398037e-23
ism,flux,,,,40.15813958121152,,,100000000000000.0,1.8267459319066866e-23,1.5829936633088535e-27,1.8265876325403556e-23
ism,flux,,,,43.173785131583585,,,100000000000000.0,2.3390698162994636e-23,1.8896838425625925e-27,2.3388808479152075e-23
ism,flux,,,,46.4158883361278,,,100000000000000.0,2.93746334739416e-23,2.2603759490336364e-27,2.9372373097992565e-23
ism,flux,,,,49.90145486353981,,,100000000000000.0,3.598548378874053e-23,2.6862157195493808e-27,3.598279757302098e-23
ism,flux,,,,53.64876741052673,,,100000000000000.0,4.355270678514817e-23,3.1901112094520958e-27,4.3549516673938717e-23
ism,flux,,,,57.67748159927351,,,100000000000000.0,5.2090306407957206e-23,3.775838774195009e-27,5.2086530569183014e-23
ism,flux,,,,62.008729076258064,,,100000000000000.0,6.177873151017516e-23,4.450964774195321e-27,6.177428054540097e-23
ism,flux,,,,66.665228353195,,,100000000000000.0,7.285059633270616e-23,5.245635558270703e-27,7.284535069714789e-23
ism,flux,,,,71.67140397149751,,,100000000000000.0,8.518367626976148e-23,6.143146298373739e-27,8.517753312346311e-23
ism,flux,,,,77.05351461530549,,,100000000000000.0,9.92462633641718e-23,7.181598155667487e-27,9.923908176601613e-23
ism,flux,,,,82.83979084506615,,,100000000000000.0,1.1500520346989694e-22,8.366742266278576e-27,1.1499683672763067e-22
ism,flux,,,,89.06058317411505,,,100000000000000.0,1.325118947490316e-22,9.69517821577689e-27,1.3250219957081583e-22
ism,flux,,,,95.74852126495772,,,100000000000000.0,1.5238619776740116e-22,1.1231059121993404e-26,1.5237496670827916e-22
ism,flux,,,,102.93868508027717,,,100000000000000.0,1.740885709551767e-22,1.2945529920030167e-26,1.7407562542525669e-22
ism,flux,,,,110.6687888863989,,,100000000000000.0,1.9588858875005243e-22,1.4859268145684236e-26,1.9587372948190674e-22
ism,flux,,,,118.97937907435858,,,100000000000000.0,2.1182967780549935e-22,1.6997133236123923e-26,2.118126806722632e-22
ism,flux,,,,127.91404683619612,,,100000000000000.0,2.1833105634033163e-22,1.926690576210004e-26,2.1831178943456954e-22
ism,flux,,,,137.51965681201608,,,100000000000000.0,2.1310985717726293e-22,2.1696731930330414e-26,2.130881604453326e-22
ism,flux,,,,147.8465929071304,,,100000000000000.0,2.009153143881879e-22,2.424731431048409e-26,2.0089106707387742e-22
ism,flux,,,,158.94902256865416,,,100000000000000.0,1.843198621605617e-22,2.685801460026943e-26,1.8429300414596143e-22
ism,flux,,,,170.8851809077575,,,100000000000000.0,1.6520762597493765e-22,2.9614593054506715e-26,1.6517801138188315e-22
ism,flux,,,,183.71767615786374,,,100000000000000.0,1.4692741679508786e-22,3.244278573587578e-26,1.4689497400935199e-22
ism,flux,,,,197.5138180710058,,,100000000000000.0,1.3082028373624089e-22,3.53178308517521e-26,1.3078496590538915e-22
ism,flux,,,,212.3459709748593,,,100000000000000.0,1.1417308624791969e-22,3.8314690999059594e-26,1.1413477155692062e-22
ism,flux,,,,228.2919333423335,,,100000000000000.0,9.916791936732041e-23,4.1369428552598695e-26,9.912654993876782e-23
ism,flux,,,,245.43534586465407,,,100000000000000.0,8.630221488313721e-23,4.446706740091474e-26,8.62577478157363e-23
ism,flux,,,,263.8661301683937,,,100000000000000.0,7.452802014518139e-23,4.767558619049683e-26,7.44803445589909e-23
ism,flux,,,,283.6809604776268,,,100000000000000.0,6.402229486978997e-23,5.098566966932784e-26,6.397130920012065e-23
ism,flux,,,,304.9837706952068,,,100000000000000.0,5.492963200202249e-23,5.437686919349407e-26,5.4875255132829e-23
ism,flux,,,,327.8862995629283,,,100000000000000.0,4.6811674075241257e-23,5.791028216299582e-26,4.675376379307826e-23
ism,flux,,,,352.5086767600913,,,100000000000000.0,3.997646466365155e-23,6.159560337078163e-26,3.991486906028077e-23
ism,flux,,,,378.9800530146941,,,100000000000000.0,3.402955007001311e-23,6.538449228819596e-26,3.396416557772491e-23
ism,flux,,,,407.4392775323618,,,100000000000000.0,2.880541306010715e-23,6.928755647398653e-26,2.8736125503633164e-23
ism,flux,,,,438.0356262962902,,,100000000000000.0,2.433380021493707e-23,7.336268272246993e-26,2.42604375322146e-23
ism,flux,,,,470.92958505833616,,,100000000000000.0,2.063814296796968e-23,7.757407748508132e-26,2.05605688904846e-23
ism,flux,,,,506.29369112823395,,,100000000000000.0,1.7410214818466766e-23,8.186212121012599e-26,1.732835269725664e-23
ism,flux,,,,544.3134383763522,,,100000000000000.0,1.4604421960093795e-23,8.624435078025783e-26,1.4518177609313536e-23
ism,flux,,,,585.1882501969508,,,100000000000000.0,1.220370375090505e-23,9.071387588359323e-26,1.2112989875021456e-23
ism,flux,,,,629.1325255353956,,,100000000000000.0,1.03440606364726e-23,9.530755402157985e-26,1.024875308245102e-23
ism,flux,,,,676.3767634659991,,,100000000000000.0,8.713046648229972e-24,9.998378836035334e-26,8.61306285986962e-24
ism,flux,,,,727.1687722192038,,,100000000000000.0,7.296809018393495e-24,1.0473631441826353e-25,7.19207270397523e-24
ism,flux,,,,781.7749689997516,,,100000000000000.0,6.092619874398845e-24,1.0956643039227163e-25,5.983053444006573e-24
ism,flux,,,,840.4817774137397,,,100000000000000.0,5.0762816212946545e-24,1.1446444107788083e-25,4.961817180216774e-24
ism,flux,,,,903.5971298344073,,,100000000000000.0,4.2235397464092175e-24,1.1948424333588745e-25,4.10405550307333e-24
ism,flux,,,,971.4520825869747,,,100000000000000.0,3.513887799680723e-24,1.2462202435992283e-25,3.3892657753208e-24
ism,flux,,,,1044.4025524245699,,,100000000000000.0,2.9245052596236088e-24,1.2992117790488358e-25,2.7945840817187252e-24
ism,flux,,,,1122.8311834035287,,,100000000000000.0,2.4361677253253675e-24,1.3539923651801679e-25,2.3007684888073507e-24
ism,flux,,,,1207.1493539503058,,,100000000000000.0,2.0379084907743914e-24,1.4108370485549186e-25,1.8968247859188995e-24
ism,flux,,,,1297.7993346475664,,,100000000000000.0,1.710662200134645e-24,1.4696248208775623e-25,1.5636997180468886e-24
ism,flux,,,,1395.256608057634,,,100000000000000.0,1.4370317857189306e-24,1.5305820481427603e-25,1.2839735809046546e-24
ism,flux,,,,1500.032362751329,,,100000000000000.0,1.2135616633843003e-24,1.5934734143611448e-25,1.0542143219481859e-24
ism,flux,,,,1612.6761746240677,,,100000000000000.0,1.0333616510219468e-24,1.6576623950509256e-25,8.675954115168543e-25
ism,flux,,,,1733.7788895633676,,,100000000000000.0,8.86624118100984e-25,1.7238373385499806e-25,7.142403842459858e-25
ism,flux,,,,1863.975722588148,,,100000000000000.0,7.625877279386671e-25,1.7914502942215984e-25,5.834426985165072e-25
ism,flux,,,,2003.9495897155573,,,100000000000000.0,6.634712115426396e-25,1.8605052965042132e-25,4.774206818922182e-25
ism,flux,,,,2154.4346900318847,,,100000000000000.0,5.829550831723359e-25,1.930534027421044e-25,3.8990168043023147e-25
ism,flux,,,,2316.220356756384,,,100000000000000.0,5.180368686300723e-25,2.0015642489177053e-25,3.178804437383018e-25
ism,flux,,,,2490.1551974979006,,,100000000000000.0,4.665743943018824e-25,2.073376352193962e-25,2.5923675908248626e-25
ism,flux,,,,2677.151545420944,,,100000000000000.0,4.262918675192654e-25,2.14570863623257e-25,2.1172100389600834e-25
ism,flux,,,,2878.190244668795,,,100000000000000.0,3.930543484909831e-25,2.2183316150007314e-25,1.7122118699090993e-25
ism,flux,,,,3094.325795144359,,,100000000000000.0,3.6813977231645997e-25,2.2912148137159396e-25,1.39018290944866e-25
ism,flux,,,,3326.691883634535,,,100000000000000.0,3.4868219494741276e-25,2.364179317943255e-25,1.1226426315308724e-25
ism,flux,,,,3576.507330290209,,,100000000000000.0,3.3438518089334253e-25,2.43730798743782e-25,9.065438214956055e-26
ism,flux,,,,3845.082481652772,,,100000000000000.0,3.2434624321405336e-25,2.5108231207740514e-25,7.326393113664821e-26
ism,flux,,,,4133.826083760145,,,100000000000000.0,3.176262285813838e-25,2.585007375222253e-25,5.912549105915849e-26
ism,flux,,,,4444.252671383635,,,100000000000000.0,3.1372059957754386e-25,2.6596044087299524e-25,4.7760158704548615e-26
ism,flux,,,,4777.990512153967,,,100000000000000.0,3.119870710198592e-25,2.735056141949598e-25,3.848145682489936e-26
ism,flux,,,,5136.79014724559,,,100000000000000.0,3.1201715838914587e-25,2.8107163259909385e-25,3.0945525790052015e-26
ism,flux,,,,5522.533573417245,,,100000000000000.0,3.1352259287805576e-25,2.8868641349144966e-25,2.483617938660608e-26
ism,flux,,,,5937.244114571097,,,100000000000000.0,3.161258966398464e-25,2.9631351818814e-25,1.9812378451706362e-26
ism,flux,,,,6383.097034609152,,,100000000000000.0,3.19530930860359e-25,3.039148251934048e-25,1.561610566695419e-26
ism,flux,,,,6862.4309472543055,,,100000000000000.0,3.235782049050199e-25,3.114525450710556e-25,1.2125659833964296e-26
ism,flux,,,,7377.760082683305,,,100000000000000.0,3.279571145417571e-25,3.188504064073712e-25,9.106708134385888e-27
ism,flux,,,,7931.787475313466,,,100000000000000.0,3.32429697849353e-25,3.260550361324312e-25,6.37466171692181e-27
ism,flux,,,,8527.419141916287,,,100000000000000.0,3.368986296782273e-25,3.3297500364870136e-25,3.9236260295259445e-27
ism,flux,,,,9167.779324426061,,,100000000000000.0,3.4153629266120387e-25,3.3955356948105244e-25,1.9827231801514116e-27
ism,flux,,,,9856.226877395698,,,100000000000000.0,3.4656226833397603e-25,3.4572771826014487e-25,8.345500738311854e-28
ism,flux,,,,10596.372886056477,,,100000000000000.0,3.516982901868337e-25,3.5143481416220244e-25,2.6347602463128867e-28
ism,flux,,,,11392.099607392682,,,100000000000000.0,3.566808223249937e-25,3.5663079450679576e-25,5.0027818197932337e-29
ism,flux,,,,12247.58083358233,,,100000000000000.0,3.61251608453272e-25,3.6124610445650664e-25,5.5039967653686135e-30
ism,flux,,,,13167.303784615016,,,100000000000000.0,3.652535437208829e-25,3.652532549591765e-25,2.887617064450918e-31
ism,flux,,,,14156.092644919916,,,100000000000000.0,3.685839204262195e-25,3.6858391564234757e-25,4.7838719409175365e-33
ism,flux,,,,15219.13386745902,,,100000000000000.0,3.7122376081413873e-25,3.7122376080330003e-25,1.0838695563018699e-35
ism,flux,,,,16362.003378012576,,,100000000000000.0,3.7310357498929852e-25,3.7310357498486925e-25,4.429261896958692e-36
ism,flux,,,,17590.69582234984,,,100000000000000.0,3.7417494222988603e-25,3.7417494222686115e-25,3.024855264439914e-36
ism,flux,,,,18911.65600969468,,,100000000000000.0,3.7439149522393656e-25,3.743914952239347e-25,1.8138672529591744e-39
ism,flux,,,,20331.812717414403,,,100000000000000.0,3.7366203173057896e-25,3.7366203173057896e-25,0.0
ism,flux,,,,21858.61503424674,,,100000000000000.0,3.7193566128951112e-25,3.7193566128951112e-25,0.0
ism,flux,,,,23500.071432694094,,,100000000000000.0,3.690775552531688e-25,3.690775552531688e-25,0.0
ism,flux,,,,25264.79177553053,,,100000000000000.0,3.649849782921018e-25,3.649849782921018e-25,0.0
ism,flux,,,,27162.03247675567,,,100000000000000.0,3.5945173174901985e-25,3.5945173174901985e-25,0.0
ism,flux,,,,29201.74505387701,,,100000000000000.0,3.5204378064681063e-25,3.5204378064681063e-25,0.0
ism,flux,,,,31394.628326189355,,,100000000000000.0,3.419045387277119e-25,3.419045387277119e-25,0.0
ism,flux,,,,33752.1845328457,,,100000000000000.0,3.301519811713536e-25,3.301519811713536e-25,0.0
ism,flux,,,,36286.77966507222,,,100000000000000.0,3.169967106673166e-25,3.169967106673166e-25,0.0
ism,flux,,,,39011.70832898638,,,100000000000000.0,3.023907438833077e-25,3.023907438833077e-25,0.0
ism,flux,,,,41941.26347923944,,,100000000000000.0,2.8641844332850597e-25,2.8641844332850597e-25,0.0
ism,flux,,,,45090.811389255796,,,100000000000000.0,2.69175080350215e-25,2.69175080350215e-25,0.0
ism,flux,,,,48476.87225130562,,,100000000000000.0,2.5094097881957526e-25,2.5094097881957526e-25,0.0
ism,flux,,,,52117.20682918044,,,100000000000000.0,2.3208649735572676e-25,2.3208649735572676e-25,0.0
ism,flux,,,,56030.90961798617,,,100000000000000.0,2.1297299356878327e-25,2.1297299356878327e-25,0.0
ism,flux,,,,60238.50899970236,,,100000000000000.0,1.9398428145913206e-25,1.9398428145913206e-25,0.0
ism,flux,,,,64762.07491984746,,,100000000000000.0,1.7542368682664566e-25,1.7542368682664566e-25,0.0
ism,flux,,,,69625.33465004367,,,100000000000000.0,1.576092734683748e-25,1.576092734683748e-25,0.0
ism,flux,,,,74853.79724368441,,,100000000000000.0,1.407433107270933e-25,1.407433107270933e-25,0.0
ism,flux,,,,80474.88733750887,,,100000000000000.0,1.2501439366899989e-25,1.2501439366899989e-25,0.0
ism,flux,,,,86518.08900090447,,,100000000000000.0,1.105239895884432e-25,1.105239895884432e-25,0.0
ism,flux,,,,93015.10038746646,,,100000000000000.0,9.733338171492635e-26,9.733338171492635e-26,0.0
ism,flux,,,,100000.0,,,100000000000000.0,8.545359124663678e-26,8.545359124663678e-26,0.0
wind_r2,state,0,10099997869536.104,9999.999999999998,0.0185308753155192,99.99886946802225,12.270924094645643,,,,
wind_r2,state,1,10118759190095.373,9999.999999999998,0.01856529825010215,99.99884483334064,12.270921056440853,,,,
wind_r2,state,2,10141040450585.492,9999.999999999998,0.018606179529416143,99.9988155174139,12.270917440896293,,,,
wind_r2,state,3,10167502048344.578,9999.999999999998,0.01865473085191659,99.99878061760047,12.270913136688835,,,,
wind_r2,state,4,10198928280738.592,9999.999999999998,0.018712391251886888,99.9987390519104,12.270908010376234,,,,
wind_r2,state,5,10236250590108.926,9999.999999999998,0.018780869751616813,99.99868952125337,12.270901901741185,,,,
wind_r2,state,6,10280575169512.41,9999.999999999998,0.018862196015875785,99.99863046292013,12.270894618054154,,,,
wind_r2,state,7,10333215747255.729,9999.999999999998,0.018958780510051388,99.99855999296113,12.270885926966912,,,,
wind_r2,state,8,10395732521628.785,9999.999999999998,0.019073485945007213,99.99847583440518,12.270875547659724,,,,
wind_r2,state,9,10469978399390.416,9999.999999999998,0.01920971212624582,99.99837522728649,12.270863139744943,,,,
wind_r2,state,10,10558153907836.037,9999.999999999998,0.019371496722259084,99.99825481512889,12.270848289267072,,,,
wind_r2,state,11,10662872407058.785,9999.999999999998,0.01956363493878391,99.99811050073669,12.270830490917378,,,,
wind_r2,state,12,10787237533864.492,9999.999999999998,0.01979182164604198,99.99793726167786,12.270809125277387,,,,
wind_r2,state,13,10934935170683.838,9999.999999999998,0.020062820171536003,99.99772891246123,12.27078342948808,,,,
wind_r2,state,14,11110342662350.693,9999.999999999998,0.020384662761327502,99.99747779574015,12.27075245916594,,,,
wind_r2,state,15,11318658513344.031,9999.999999999998,0.020766888651357254,99.99717437841696,12.27071503859035,,,,
wind_r2,state,16,11566056402860.387,9999.999999999998,0.021220826805110234,99.99680671956479,12.27066969508219,,,,
wind_r2,state,17,11859868072390.113,9999.999999999998,0.0217599316978129,99.99635976462874,12.270614571957392,,,,
wind_r2,state,18,12208800490895.07,9999.999999999998,0.02240018209962006,99.99581440302141,12.270547312299827,,,,
wind_r2,state,19,12623193710362.717,9999.999999999998,0.023160554677504122,99.99514620202335,12.27046490281277,,,,
wind_r2,state,20,13115327017578.516,9999.999999999998,0.024063586453143982,99.99432369608405,12.270363462837723,,,,
wind_r2,state,21,13699782398994.617,9999.999999999998,0.025136042787753683,99.99330606332735,12.270237957796917,,,,
wind_r2,state,22,14393876001893.547,9999.999999999998,0.026409710692550853,99.99203995487176,12.270081808152183,,,,
wind_r2,state,23,15218170238716.064,9999.999999999998,0.027922340978147296,99.9904551498824,12.269886353540805,,,,
wind_r2,state,24,16197081488722.31,9999.999999999998,0.0297187671676476,99.98845857943842,12.269640115736776,,,,
wind_r2,state,25,17359601050842.43,9999.999999999998,0.03185223433741939,99.98592608047011,12.269327781660659,,,,
wind_r2,state,26,18740150141704.438,9999.999999999998,0.03438597727163936,99.98269098650492,12.26892879627186,,,,
wind_r2,state,27,20379593353537.75,9999.999999999998,0.03739509470624058,99.97852830606584,12.268415411284323,,,,
wind_r2,state,28,22326439108503.58,9999.999999999998,0.040968775213812876,99.97313274274791,12.26774997437399,,,,
wind_r2,state,29,24638260247768.387,9999.999999999998,0.0452129407034508,99.96608811922333,12.266881158229346,,,,
wind_r2,state,30,27383372875672.945,9999.999999999998,0.05025338588741895,99.95682480783377,12.265738710449602,,,,
wind_r2,state,31,30642816699937.16,9999.999999999998,0.05623950676668621,99.9445604466427,12.264226142031914,,,,
wind_r2,state,32,34512684879890.58,9999.999999999998,0.06334872864557384,99.92821740820918,12.262210548762251,,,,
wind_r2,state,33,39106854907736.22,9999.999999999998,0.0717917649194155,99.90630803809965,12.259508457634592,,,,
wind_r2,state,34,44560172694215.27,9999.999999999998,0.08181886250278127,99.87677542366937,12.255866188799288,,,,
wind_r2,state,35,51032137054544.49,9999.999999999998,0.09372721900929591,99.83677324020309,12.25093270389507,,,,
wind_r2,state,36,58711116602328.33,9999.999999999998,0.10786979152414786,99.7823629997306,12.244222267614399,,,,
wind_r2,state,37,67819098209835.664,9999.999999999998,0.12466575805642544,99.70810102368873,12.235063508855562,,,,
wind_r2,state,38,78616903960362.97,9999.999999999998,0.1446129417429244,99.6064815320126,12.222530736634491,,,,
wind_r2,state,39,91409704186872.86,9999.999999999998,0.1683025660499441,99.4671985363186,12.205352908990106,,,,
wind_r2,state,40,106552472546803.48,9999.999999999998,0.1964367783090702,99.27619230844935,12.18179603340153,,,,
wind_r2,state,41,124454742693125.52,9999.999999999998,0.229849460974832,99.01446476110665,12.149517066888501,,,,
wind_r2,state,42,145583601093907.97,9999.999999999998,0.2695309474383722,98.65669701390375,12.10539341928267,,,,
wind_r2,state,43,170463270262633.06,9999.999999999998,0.31665737496014923,98.16980389707423,12.04534467850487,,,,
wind_r2,state,44,199668944867698.28,9999.999999999998,0.372625544726316,97.51173979946479,11.964185333408997,,,,
wind_r2,state,45,233811923347387.66,9999.999999999998,0.4390943222615321,96.63114021576318,11.855580562451136,,,,
wind_r2,state,46,273128047026380.9,9999.999999999998,0.518033805283484,94.00964798924825,11.532270500737578,,,,
wind_r2,state,47,317587246517596.5,9999.999999999998,0.6117837163070702,92.69214435320002,11.369781964378724,,,,
wind_r2,state,48,369047758229325.25,9999.999999999998,0.723122750722664,91.50111638915403,11.222891691972286,,,,
wind_r2,state,49,428498326801007.3,9999.999999999998,0.8553509357870543,90.15537852524426,11.056920874558994,,,,
wind_r2,state,50,496873828954158.56,9999.999999999998,1.0123874416018879,88.61287169580733,10.866682303744241,,,,
wind_r2,state,51,575125985582005.5,9069.749110860288,1.198886743142812,86.93380960309547,10.151696662059896,,,,
wind_r2,state,52,665049933385280.8,6782.8583276703675,1.4203765763174254,85.8124293113387,8.665144911288928,,,,
wind_r2,state,53,769691479999754.6,5063.93236226799,1.6834217769931732,85.12622621101283,7.426872175759604,,,,
wind_r2,state,54,892362190659092.4,3767.3757050703252,1.9958188590930757,84.67829445879447,6.372011257005908,,,,
wind_r2,state,55,1036783221679614.8,2790.906800942973,2.366827098946245,84.37230279330845,5.4644709795007005,,,,
wind_r2,state,56,1207259404564499.5,2058.3539645145574,2.8074429751051997,84.15577589976566,4.6807216057315,,,,
wind_r2,state,57,1408835559999537.0,1511.4738739309007,3.3307260978739968,83.99835796866547,4.003456166340438,,,,
wind_r2,state,58,1647460465186056.0,1105.3282041059326,3.9521862889177624,83.88143796881337,3.418785120147532,,,,
wind_r2,state,59,1930170901924758.5,805.2481326321376,4.690243283778657,83.79306494432443,2.9149458295036945,,,,
wind_r2,state,60,2265304385308917.5,584.6125352804648,5.566772682625906,83.72531572999193,2.481682866352894,,,,
wind_r2,state,61,2662748842042527.0,423.1173614132809,6.6077543309176034,83.67276003252972,2.109931207512581,,,,
wind_r2,state,62,3134225787413970.0,305.3941373595086,7.844042347617606,83.62126130927557,1.791427440051603,,,,
wind_r2,state,63,3692460839908200.0,220.0338300593599,9.312279624176933,83.39399253037418,1.5164374224490746,,,,
wind_r2,state,64,4350187855373799.5,158.52772656484237,11.055983899522518,82.9735057137053,1.2806300756978735,,,,
wind_r2,state,65,5114551991113018.0,114.6848522180628,13.12683760171408,81.40930577677629,1.0685819121323554,,,,
wind_r2,state,66,5980856099694871.0,83.86766427429677,15.586219686460366,79.40808100510571,0.8911989043716921,,,,
wind_r2,state,67,6957555377863306.0,61.97376931635213,18.507024875339624,77.29032843899478,0.7455312999624667,,,,
wind_r2,state,68,8054264235460360.0,46.245503051427846,21.97582421493641,75.08526842744818,0.6255221016107488,,,,
wind_r2,state,69,9281320355756426.0,34.825850269702016,26.095430994669716,72.8208305755564,0.5263425702842437,,,,
wind_r2,state,70,1.0649935967008306e+16,26.45009654389782,30.98794807569444,70.52229320038506,0.4441232357160178,,,,
wind_r2,state,71,1.2172348013993132e+16,20.2475524926015,36.79838695201557,68.21155977496322,0.37575247611514195,,,,
wind_r2,state,72,1.3861964899680234e+16,15.612471733029345,43.698965810780024,65.90694329599536,0.3187216779008598,,,,
wind_r2,state,73,1.5733510293364674e+16,12.119089632750711,51.89421398387132,63.623297478412496,0.27100397362275147,,,,
wind_r2,state,74,1.7803166180709926e+16,9.465133924897279,61.62703408392013,61.37234868758667,0.2309582054658094,,,,
wind_r2,state,75,2.008871808356478e+16,7.4339015712102485,73.18590150308478,59.1631176449379,0.19725243572253753,,,,
wind_r2,state,76,2.2609705533180788e+16,5.86855855716625,86.91341466375194,57.002357210319055,0.16880289461699316,,,,
wind_r2,state,77,2.5387580728353964e+16,4.654559859953921,103.2164494458492,54.89496332516294,0.14472523285139818,,,,
wind_r2,state,78,2.84458780481046e+16,3.70751201460456,122.57821876236484,52.84433818452664,0.12429560987737993,,,,
wind_r2,state,79,3.1810396830310964e+16,2.9647158889263245,145.57259472220974,50.85269876485935,0.10691963988220402,,,,
wind_r2,state,80,3.5509399626460064e+16,2.3792199654703174,172.88111788138525,48.9213319147658,0.09210760316513344,,,,
wind_r2,state,81,3.957382801566303e+16,1.915601333309156,205.3131977272379,47.05080126519922,0.0794546428454781,,,,
wind_r2,state,82,4.403753800728284e+16,1.546946138408605,243.8301031269476,45.24111277688218,0.06862492197407873,,,,
wind_r2,state,83,4.893755707232492e+16,1.2526700180163108,289.5734538038514,43.49184589740772,0.05933892409894866,,,,
wind_r2,state,84,5.431436490898963e+16,1.0169318352388024,343.89905731316054,41.80225674379491,0.051363248709823145,,,,
wind_r2,state,85,6.021220015824181e+16,0.8274700077609383,408.4170944262757,40.17135887502016,0.044502388220158125,,,,
wind_r2,state,86,6.66793954337094e+16,0.6747423162696468,485.0398439962083,38.597986305446064,0.038592080975937616,,,,
wind_r2,state,87,7.376874321157867e+16,0.5512853933303482,576.0383618426714,37.08084255191898,0.03349392025404918,,,,
wind_r2,state,88,8.153789533717488e+16,0.45123446178985227,684.1097935875649,35.61853875535712,0.029090966665825314,,,,
wind_r2,state,89,9.004979914378989e+16,0.3699608408091865,812.457316555986,34.20962328575418,0.025284164453991897,,,,
wind_r2,state,90,9.937317344570403e+16,0.3037966192414959,964.8850801763944,32.852604722707184,0.021989403857256007,,,,
wind_r2,state,91,1.0958301000516013e+17,1.0,1145.910958860748,31.531716364178834,0.038266084155436,,,,
wind_r2,state,92,1.1959273901704248e+17,1.0,1360.9004592974934,27.29397455678112,0.03303894092351765,,,,
wind_r2,state,93,1.2875915144886392e+17,1.0,1616.2257510953316,24.26247485451071,0.029299493617677374,,,,
wind_r2,state,94,1.3750107875587387e+17,1.0,1919.4545343578422,21.899707153036843,0.026384803318284463,,,,
wind_r2,state,95,1.4604555893953686e+17,1.0,2279.574342119256,19.961817865554607,0.02399410951453092,,,,
wind_r2,state,96,1.5453408409211552e+17,1.0,2707.258925841132,18.31840382801329,0.021966575251544777,,,,
wind_r2,state,97,1.630638327480464e+17,1.0,3215.1846194884492,16.891924700399546,0.020206561859416067,,,,
wind_r2,state,98,1.7170663596960954e+17,1.0,3818.406059040914,15.632688645838133,0.01865277759628595,,,,
wind_r2,state,99,1.805187930942415e+17,1.0,4534.802393557508,14.50701132738997,0.017263673513516313,,,,
wind_r2,state,100,1.8954660683922307e+17,1.0,5385.607213242974,13.491030507970054,0.01600981464088052,,,,
wind_r2,state,101,1.9882971975207997e+17,1.0,6396.03790129004,12.567224551245843,0.014869586027561752,,,,
wind_r2,state,102,2.084032375218598e+17,1.0,7596.043063137515,11.722334644471164,0.01382663006668903,,,,
wind_r2,state,103,2.1829914389158333e+17,1.0,9021.190186532773,10.946064963421836,0.012868243297655842,,,,
wind_r2,state,104,2.285472825076541e+17,1.0,10713.719842150975,10.230237516742664,0.011984333989134167,,,,
wind_r2,state,105,2.3917606389364573e+17,1.0,12723.79767069296,9.568224717028992,0.011166722257121495,,,,
wind_r2,state,106,2.502129924852518e+17,1.0,15111.0012646649,8.954558004940077,0.010408657317857157,,,,
wind_r2,state,107,2.6168507288950048e+17,1.0,17946.086015192283,8.384651649228594,0.00970447679211755,,,,
wind_r2,state,108,2.7361913349185738e+17,1.0,21313.082262588076,7.8546039564611885,0.009049361481401666,,,,
wind_r2,state,109,2.8604209274637216e+17,1.0,25311.785909055052,7.361051728104146,0.008439155815051141,,,,
wind_r2,state,110,2.989811854933372e+17,1.0,30060.716313903533,6.901062083887753,0.007870234381167796,,,,
wind_r2,state,111,3.124641615422416e+17,1.0,35700.62914165729,6.472050963426763,0.007339401359208726,,,,
wind_r2,state,112,3.265194654371137e+17,1.0,42398.688281918505,6.071720961849115,0.006843813796347335,,,,
wind_r2,state,113,3.411764041371757e+17,1.0,50353.42049438548,5.698013359766515,0.006380922388896552,,,,
wind_r2,state,114,3.5646530790350835e+17,1.0,59800.59963195172,5.349070692577612,0.005948425261414705,,,,
wind_r2,state,115,3.724176887367379e+17,1.0,71020.2348469987,5.023207223101286,0.0055442314931754885,,,,
wind_r2,state,116,3.890664001055516e+17,1.0,84344.86990744424,4.718885392911386,0.005166432019383448,,,,
wind_r2,state,117,4.0644580133998285e+17,1.0,100169.43960967007,4.434696831906183,0.004813276156720918,,,,
wind_r2,state,118,4.245919298698834e+17,1.0,118962.97542694425,4.169346867750995,0.0044831524498910825,,,,
wind_r2,state,119,4.435426844222312e+17,1.0,141282.5073422735,3.921641739979977,0.004174572860939434,,,,
wind_r2,flux,,,,1.0,,,100000000000000.0,3.2751550903941555e-23,7.49416378126498e-27,3.274405674016029e-23
wind_r2,flux,,,,1.075094254410704,,,100000000000000.0,4.108261055385721e-23,9.169881251192917e-27,4.1073440672606016e-23
wind_r2,flux,,,,1.1558276558669076,,,100000000000000.0,5.141495167655064e-23,1.1234229971044496e-26,5.1403717446579596e-23
wind_r2,flux,,,,1.242623671911505,,,100000000000000.0,6.34890304222361e-23,1.3686849491770325e-26,6.347534357274432e-23
wind_r2,flux,,,,1.3359375700667908,,,100000000000000.0,7.831617635880069e-23,1.6637658292580127e-26,7.829953870050812e-23
wind_r2,flux,,,,1.4362588058302042,,,100000000000000.0,9.591613720865454e-23,2.0026599870514602e-26,9.589611060878403e-23
wind_r2,flux,,,,1.5441135899948315,,,100000000000000.0,1.1639373515838828e-22,2.3763877367333038e-26,1.1636997128102094e-22
wind_r2,flux,,,,1.6600676487609292,,,100000000000000.0,1.4144287320877585e-22,2.800446034861075e-26,1.4141486874842724e-22
wind_r2,flux,,,,1.7847291911159615,,,100000000000000.0,1.7035273305608084e-22,3.254695497100172e-26,1.7032018610110985e-22
wind_r2,flux,,,,1.9187520990478337,,,100000000000000.0,2.0430210531777428e-22,3.7445460745993263e-26,2.042646598570283e-22
wind_r2,flux,,,,2.0628393573248043,,,100000000000000.0,2.446861749068799e-22,4.27414062894374e-26,2.4464343350059045e-22
wind_r2,flux,,,,2.2177467408321663,,,100000000000000.0,2.913638635112945e-22,4.83276786362015e-26,2.9131553583265826e-22
wind_r2,flux,,,,2.384286778806727,,,100000000000000.0,3.469882619308364e-22,5.426370118496108e-26,3.4693399822965143e-22
wind_r2,flux,,,,2.5633330167625172,,,100000000000000.0,4.1129428235406915e-22,6.049526401188168e-26,4.1123378709005726e-22
wind_r2,flux,,,,2.7558245984626395,,,100000000000000.0,4.85676845603387e-22,6.700781648308048e-26,4.856098377869039e-22
wind_r2,flux,,,,2.962771191970869,,,100000000000000.0,5.732027405066103e-22,7.380648814153846e-26,5.731289340184688e-22
wind_r2,flux,,,,3.1852582856214346,,,100000000000000.0,6.740520660870217e-22,8.088653128069757e-26,6.73971179555741e-22
wind_r2,flux,,,,3.4244528816856934,,,100000000000000.0,7.925497870754506e-22,8.817805279995387e-26,7.924616090226506e-22
wind_r2,flux,,,,3.6816096176004676,,,100000000000000.0,9.30885472238741e-22,9.57248712753174e-26,9.307897473674658e-22
wind_r2,flux,,,,3.9580773468654518,,,100000000000000.0,1.0901459061484613e-21,1.0351440849239718e-25,1.0900423917399689e-21
wind_r2,flux,,,,4.25530621412821,,,100000000000000.0,1.27429562620579e-21,1.1144199250632165e-25,1.2741841842132836e-21
wind_r2,flux,,,,4.5748552615674045,,,100000000000000.0,1.4846518239266253e-21,1.1962152893683843e-25,1.4845322023976884e-21
wind_r2,flux,,,,4.918400606471695,,,100000000000000.0,1.726998792366838e-21,1.2796566236961626e-25,1.726870826704468e-21
wind_r2,flux,,,,5.2877442329078415,,,100000000000000.0,2.00462865341752e-21,1.3646269819552467e-25,2.0044921907193245e-21
wind_r2,flux,,,,5.684823443592558,,,100000000000000.0,2.324746506035845e-21,1.4514925980037378e-25,2.3246013567760447e-21
wind_r2,flux,,,,6.111721021545632,,,100000000000000.0,2.6946473832518495e-21,1.5394548644540656e-25,2.694493437765404e-21
wind_r2,flux,,,,6.570676154824828,,,100000000000000.0,3.116779072061576e-21,1.6289776779960137e-25,3.1166161742937764e-21
wind_r2,flux,,,,7.06409618164559,,,100000000000000.0,3.593943079037122e-21,1.7195489104010644e-25,3.5937711241460815e-21
wind_r2,flux,,,,7.594569217491768,,,100000000000000.0,4.123544467812162e-21,1.8112029386967687e-25,4.123363347518293e-21
wind_r2,flux,,,,8.164877730449795,,,100000000000000.0,4.702105552525871e-21,1.903686957357244e-25,4.701915183830135e-21
wind_r2,flux,,,,8.778013135972484,,,100000000000000.0,5.3172675569445235e-21,1.9964991472625311e-25,5.3170679070297974e-21
wind_r2,flux,,,,9.437191487625704,,,100000000000000.0,5.9406613730197005e-21,2.089270782934056e-25,5.940452445941407e-21
wind_r2,flux,,,,10.14587034612,,,100000000000000.0,6.540093290437097e-21,2.1812161478649807e-25,6.5398751688223104e-21
wind_r2,flux,,,,10.907766915109553,,,100000000000000.0,7.080048943028404e-21,2.2719999193247487e-25,7.079821743036472e-21
wind_r2,flux,,,,11.72687753888545,,,100000000000000.0,7.428110822222963e-21,2.359207896859555e-25,7.427874901433277e-21
wind_r2,flux,,,,12.607498664233685,,,100000000000000.0,7.51373057807327e-21,2.441905332968865e-25,7.513486387539973e-21
wind_r2,flux,,,,13.554249376408261,,,100000000000000.0,7.21320008784277e-21,2.5169926304682905e-25,7.212948388579723e-21
wind_r2,flux,,,,14.57209562742639,,,100000000000000.0,6.572400941203782e-21,2.584649173723572e-25,6.5721424762864094e-21
wind_r2,flux,,,,15.666376283769456,,,100000000000000.0,5.745095994403524e-21,2.6449821307006266e-25,5.7448314961904534e-21
wind_r2,flux,,,,16.84283113011666,,,100000000000000.0,4.889393686277233e-21,2.6982337475341552e-25,4.88912386290248e-21
wind_r2,flux,,,,18.107630975998166,,,100000000000000.0,4.1614575252792204e-21,2.745098634633352e-25,4.161183015415757e-21
wind_r2,flux,,,,19.467410023284916,,,100000000000000.0,3.5243655219384e-21,2.7857438471637545e-25,3.524086947553683e-21
wind_r2,flux,,,,20.929300664290967,,,100000000000000.0,2.9391856223366873e-21,2.8204347641673848e-25,2.9389035788602706e-21
wind_r2,flux,,,,22.50097089301335,,,100000000000000.0,2.4607983750736523e-21,2.849808676790947e-25,2.4605133942059733e-21
wind_r2,flux,,,,24.19066452574114,,,100000000000000.0,2.0893612680055393e-21,2.873694605371247e-25,2.0890738985450022e-21
wind_r2,flux,,,,26.007244442001138,,,100000000000000.0,1.7346284618931714e-21,2.8925686144960114e-25,1.734339205031722e-21
wind_r2,flux,,,,27.96023907265014,,,100000000000000.0,1.426749926043202e-21,2.906811921615405e-25,1.4264592448510404e-21
wind_r2,flux,,,,30.059892378955837,,,100000000000000.0,1.1945173001634783e-21,2.9163408084642097e-25,1.194225666082632e-21
wind_r2,flux,,,,32.31721758481955,,,100000000000000.0,9.833365179307558e-22,2.921774611278919e-25,9.83044340469628e-22
wind_r2,flux,,,,34.74405494398007,,,100000000000000.0,7.944779602491893e-22,2.92320148522374e-25,7.941856401006669e-22
wind_r2,flux,,,,37.353133845202784,,,100000000000000.0,6.502640959973158e-22,2.920783578859099e-25,6.499720176394299e-22
wind_r2,flux,,,,40.15813958121152,,,100000000000000.0,5.317910497699765e-22,2.9149117378675322e-25,5.314995585961897e-22
wind_r2,flux,,,,43.173785131583585,,,100000000000000.0,4.271162806514133e-22,2.9058810371541957e-25,4.268256925476979e-22
wind_r2,flux,,,,46.4158883361278,,,100000000000000.0,3.4040131981305395e-22,2.8938794854263333e-25,3.401119318645113e-22
wind_r2,flux,,,,49.90145486353981,,,100000000000000.0,2.7467587545705236e-22,2.8792536446187666e-25,2.743879500925905e-22
wind_r2,flux,,,,53.64876741052673,,,100000000000000.0,2.210924055228491e-22,2.862199073361518e-25,2.2080618561551293e-22
wind_r2,flux,,,,57.67748159927351,,,100000000000000.0,1.7661253807323987e-22,2.842906918137018e-25,1.7632824738142616e-22
wind_r2,flux,,,,62.008729076258064,,,100000000000000.0,1.4072371626189322e-22,2.8218753963895743e-25,1.4044152872225425e-22
wind_r2,flux,,,,66.665228353195,,,100000000000000.0,1.1198441925621768e-22,2.7990553839256044e-25,1.117045137178251e-22
wind_r2,flux,,,,71.67140397149751,,,100000000000000.0,8.99059696515929e-23,2.7748345270081676e-25,8.962848619889208e-23
wind_r2,flux,,,,77.05351461530549,,,100000000000000.0,7.212805706278328e-23,2.7493382264864522e-25,7.185312324013463e-23
wind_r2,flux,,,,82.83979084506615,,,100000000000000.0,5.771883952711092e-23,2.7226587087651264e-25,5.74465736562344e-23
wind_r2,flux,,,,89.06058317411505,,,100000000000000.0,4.6152142098278226e-23,2.6951361692500007e-25,4.5882628481353226e-23
wind_r2,flux,,,,95.74852126495772,,,100000000000000.0,3.6871236424155286e-23,2.6668384429597597e-25,3.660455257985931e-23
wind_r2,flux,,,,102.93868508027717,,,100000000000000.0,2.9432741096036645e-23,2.6380327139386757e-25,2.9168937824642777e-23
wind_r2,flux,,,,110.6687888863989,,,100000000000000.0,2.349872342137936e-23,2.6086024918174044e-25,2.323786317219762e-23
wind_r2,flux,,,,118.97937907435858,,,100000000000000.0,1.8763065366543632e-23,2.5790397001411543e-25,1.8505161396529517e-23
wind_r2,flux,,,,127.91404683619612,,,100000000000000.0,1.4968991461796786e-23,2.5492131961472355e-25,1.4714070142182063e-23
wind_r2,flux,,,,137.51965681201608,,,100000000000000.0,1.1935986148575289e-23,2.519449114872146e-25,1.1684041237088075e-23
wind_r2,flux,,,,147.8465929071304,,,100000000000000.0,9.51212770390248e-24,2.4899826878518597e-25,9.263129435117294e-24
wind_r2,flux,,,,158.94902256865416,,,100000000000000.0,7.63664489697714e-24,2.460792617223933e-25,7.390565635254747e-24
wind_r2,flux,,,,170.8851809077575,,,100000000000000.0,6.127976171233955e-24,2.4319800221266006e-25,5.884778169021295e-24
wind_r2,flux,,,,183.71767615786374,,,100000000000000.0,4.888945726371676e-24,2.403370509998857e-25,4.64860867537179e-24
wind_r2,flux,,,,197.5138180710058,,,100000000000000.0,3.9221308981387785e-24,2.3753538769511373e-25,3.684595510443665e-24
wind_r2,flux,,,,212.3459709748593,,,100000000000000.0,3.1623028015877903e-24,2.347773457846468e-25,2.9275254558031434e-24
wind_r2,flux,,,,228.2919333423335,,,100000000000000.0,2.5482767109716195e-24,2.3206504056311163e-25,2.3162116704085078e-24
wind_r2,flux,,,,245.43534586465407,,,100000000000000.0,2.06146535825613e-24,2.2939769949880964e-25,1.8320676587573202e-24
wind_r2,flux,,,,263.8661301683937,,,100000000000000.0,1.6738272951241997e-24,2.2676791516780945e-25,1.4470593799563902e-24
wind_r2,flux,,,,283.6809604776268,,,100000000000000.0,1.3667771223555737e-24,2.2420170162166164e-25,1.1425754207339122e-24
wind_r2,flux,,,,304.9837706952068,,,100000000000000.0,1.1182673416992975e-24,2.2167082330208336e-25,8.96596518397214e-25
wind_r2,flux,,,,327.8862995629283,,,100000000000000.0,9.247501116474325e-25,2.1918791687517563e-25,7.055621947722569e-25
wind_r2,flux,,,,352.5086767600913,,,100000000000000.0,7.6899159862519825e-25,2.1673075954187286e-25,5.522608390833254e-25
wind_r2,flux,,,,378.9800530146941,,,100000000000000.0,6.442391301162711e-25,2.143189285319202e-25,4.299202015843509e-25
wind_r2,flux,,,,407.4392775323618,,,100000000000000.0,5.445692427549157e-25,2.1193831557211848e-25,3.3263092718279725e-25
wind_r2,flux,,,,438.0356262962902,,,100000000000000.0,4.648358771796164e-25,2.095751429145612e-25,2.552607342650552e-25
wind_r2,flux,,,,470.92958505833616,,,100000000000000.0,4.007959826770213e-25,2.0723469170787414e-25,1.9356129096914718e-25
wind_r2,flux,,,,506.29369112823395,,,100000000000000.0,3.495291367334256e-25,2.049105271051861e-25,1.4461860962823951e-25
wind_r2,flux,,,,544.3134383763522,,,100000000000000.0,3.0847384862728056e-25,2.0261731065843107e-25,1.058565379688495e-25
wind_r2,flux,,,,585.1882501969508,,,100000000000000.0,2.7588825989060215e-25,2.0032852806221328e-25,7.555973182838887e-26
wind_r2,flux,,,,629.1325255353956,,,100000000000000.0,2.499897597210024e-25,1.980550903773099e-25,5.193466934369248e-26
wind_r2,flux,,,,676.3767634659991,,,100000000000000.0,2.296561645382404e-25,1.9579836534106519e-25,3.385779919717522e-26
wind_r2,flux,,,,727.1687722192038,,,100000000000000.0,2.1370220997634834e-25,1.9355174735793605e-25,2.0150462618412282e-26
wind_r2,flux,,,,781.7749689997516,,,100000000000000.0,2.012390092686372e-25,1.9131529790820935e-25,9.923711360427836e-27
wind_r2,flux,,,,840.4817774137397,,,100000000000000.0,1.923853789160462e-25,1.8907665506789587e-25,3.3087238481503315e-27
wind_r2,flux,,,,903.5971298344073,,,100000000000000.0,1.8765862147973998e-25,1.8685110104904928e-25,8.075204306906944e-28
wind_r2,flux,,,,971.4520825869747,,,100000000000000.0,1.8466304687659163e-25,1.8461269380489217e-25,5.0353071699453137e-29
wind_r2,flux,,,,1044.4025524245699,,,100000000000000.0,1.8237317835637263e-25,1.82373177957498e-25,3.988746375013553e-34
wind_r2,flux,,,,1122.8311834035287,,,100000000000000.0,1.798501992101451e-25,1.798501992101451e-25,0.0
wind_r2,flux,,,,1207.1493539503058,,,100000000000000.0,1.7668395263227186e-25,1.7668395263227186e-25,0.0
wind_r2,flux,,,,1297.7993346475664,,,100000000000000.0,1.7559329692879417e-25,1.7559329692879417e-25,0.0
wind_r2,flux,,,,1395.256608057634,,,100000000000000.0,1.777070220561879e-25,1.777070220561879e-25,0.0
wind_r2,flux,,,,1500.032362751329,,,100000000000000.0,1.8029200139654916e-25,1.8029200139654916e-25,0.0
wind_r2,flux,,,,1612.6761746240677,,,100000000000000.0,1.8287140891276718e-25,1.8287140891276718e-25,0.0
wind_r2,flux,,,,1733.7788895633676,,,100000000000000.0,1.8579999987471164e-25,1.8579999987471164e-25,0.0
wind_r2,flux,,,,1863.975722588148,,,100000000000000.0,1.8855626088571064e-25,1.8855626088571064e-25,0.0
wind_r2,flux,,,,2003.9495897155573,,,100000000000000.0,1.918470291640079e-25,1.918470291640079e-25,0.0
wind_r2,flux,,,,2154.4346900318847,,,100000000000000.0,1.950827401583605e-25,1.950827401583605e-25,0.0
wind_r2,flux,,,,2316.220356756384,,,100000000000000.0,1.9853770451946856e-25,1.9853770451946856e-25,0.0
wind_r2,flux,,,,2490.1551974979006,,,100000000000000.0,2.024143847846274e-25,2.024143847846274e-25,0.0
wind_r2,flux,,,,2677.151545420944,,,100000000000000.0,2.0627796350270646e-25,2.0627796350270646e-25,0.0
wind_r2,flux,,,,2878.190244668795,,,100000000000000.0,2.1063575976180518e-25,2.1063575976180518e-25,0.0
wind_r2,flux,,,,3094.325795144359,,,100000000000000.0,2.1527368510304045e-25,2.1527368510304045e-25,0.0
wind_r2,flux,,,,3326.691883634535,,,100000000000000.0,2.200106968417129e-25,2.200106968417129e-25,0.0
wind_r2,flux,,,,3576.507330290209,,,100000000000000.0,2.253668596286285e-25,2.253668596286285e-25,0.0
wind_r2,flux,,,,3845.082481652772,,,100000000000000.0,2.3074604255310124e-25,2.3074604255310124e-25,0.0
wind_r2,flux,,,,4133.826083760145,,,100000000000000.0,2.3676314617182314e-25,2.3676314617182314e-25,0.0
wind_r2,flux,,,,4444.252671383635,,,100000000000000.0,2.427827980587235e-25,2.427827980587235e-25,0.0
wind_r2,flux,,,,4777.990512153967,,,100000000000000.0,2.491927198394265e-25,2.491927198394265e-25,0.0
wind_r2,flux,,,,5136.79014724559,,,100000000000000.0,2.557213996740404e-25,2.557213996740404e-25,0.0
wind_r2,flux,,,,5522.533573417245,,,100000000000000.0,2.6227815484213353e-25,2.6227815484213353e-25,0.0
wind_r2,flux,,,,5937.244114571097,,,100000000000000.0,2.6894676037394014e-25,2.6894676037394014e-25,0.0
wind_r2,flux,,,,6383.097034609152,,,100000000000000.0,2.7551541256703083e-25,2.7551541256703083e-25,0.0
wind_r2,flux,,,,6862.4309472543055,,,100000000000000.0,2.8199009714900507e-25,2.8199009714900507e-25,0.0
wind_r2,flux,,,,7377.760082683305,,,100000000000000.0,2.8831468328649806e-25,2.8831468328649806e-25,0.0
wind_r2,flux,,,,7931.787475313466,,,100000000000000.0,2.94455897339712e-25,2.94455897339712e-25,0.0
wind_r2,flux,,,,8527.419141916287,,,100000000000000.0,3.0034715988230156e-25,3.0034715988230156e-25,0.0
wind_r2,flux,,,,9167.779324426061,,,100000000000000.0,3.059912983209595e-25,3.059912983209595e-25,0.0
wind_r2,flux,,,,9856.226877395698,,,100000000000000.0,3.113460268575021e-25,3.113460268575021e-25,0.0
wind_r2,flux,,,,10596.372886056477,,,100000000000000.0,3.1637870365479277e-25,3.1637870365479277e-25,0.0
wind_r2,flux,,,,11392.099607392682,,,100000000000000.0,3.2106713712502104e-25,3.2106713712502104e-25,0.0
wind_r2,flux,,,,12247.58083358233,,,100000000000000.0,3.2535997460375626e-25,3.2535997460375626e-25,0.0
wind_r2,flux,,,,13167.303784615016,,,100000000000000.0,3.29238346237848e-25,3.29238346237848e-25,0.0
wind_r2,flux,,,,14156.092644919916,,,100000000000000.0,3.3259086043659364e-25,3.3259086043659364e-25,0.0
wind_r2,flux,,,,15219.13386745902,,,100000000000000.0,3.3546628703192196e-25,3.3546628703192196e-25,0.0
wind_r2,flux,,,,16362.003378012576,,,100000000000000.0,3.376964818276594e-25,3.376964818276594e-25,0.0
wind_r2,flux,,,,17590.69582234984,,,100000000000000.0,3.39255638136653e-25,3.39255638136653e-25,0.0
wind_r2,flux,,,,18911.65600969468,,,100000000000000.0,3.4009334027219005e-25,3.4009334027219005e-25,0.0
wind_r2,flux,,,,20331.812717414403,,,100000000000000.0,3.4010364695509284e-25,3.4010364695509284e-25,0.0
wind_r2,flux,,,,21858.61503424674,,,100000000000000.0,3.3928506039827977e-25,3.3928506039827977e-25,0.0
wind_r2,flux,,,,23500.071432694094,,,100000000000000.0,3.373093055968882e-25,3.373093055968882e-25,0.0
wind_r2,flux,,,,25264.79177553053,,,100000000000000.0,3.3401870915182245e-25,3.3401870915182245e-25,0.0
wind_r2,flux,,,,27162.03247675567,,,100000000000000.0,3.2928978023432306e-25,3.2928978023432306e-25,0.0
wind_r2,flux,,,,29201.74505387701,,,100000000000000.0,3.2242812967067966e-25,3.2242812967067966e-25,0.0
wind_r2,flux,,,,31394.628326189355,,,100000000000000.0,3.1311865274137175e-25,3.1311865274137175e-25,0.0
wind_r2,flux,,,,33752.1845328457,,,100000000000000.0,3.0238028402128595e-25,3.0238028402128595e-25,0.0
wind_r2,flux,,,,36286.77966507222,,,100000000000000.0,2.9017632770879475e-25,2.9017632770879475e-25,0.0
wind_r2,flux,,,,39011.70832898638,,,100000000000000.0,2.7646425342946643e-25,2.7646425342946643e-25,0.0
wind_r2,flux,,,,41941.26347923944,,,100000000000000.0,2.6142276137068836e-25,2.6142276137068836e-25,0.0
wind_r2,flux,,,,45090.811389255796,,,100000000000000.0,2.452523627463704e-25,2.452523627463704e-25,0.0
wind_r2,flux,,,,48476.87225130562,,,100000000000000.0,2.2825491827046223e-25,2.2825491827046223e-25,0.0
wind_r2,flux,,,,52117.20682918044,,,100000000000000.0,2.1071524394142282e-25,2.1071524394142282e-25,0.0
wind_r2,flux,,,,56030.90961798617,,,100000000000000.0,1.9293592461222216e-25,1.9293592461222216e-25,0.0
wind_r2,flux,,,,60238.50899970236,,,100000000000000.0,1.7526436215546203e-25,1.7526436215546203e-25,0.0
wind_r2,flux,,,,64762.07491984746,,,100000000000000.0,1.5800415564433465e-25,1.5800415564433465e-25,0.0
wind_r2,flux,,,,69625.33465004367,,,100000000000000.0,1.415067497579181e-25,1.415067497579181e-25,0.0
wind_r2,flux,,,,74853.79724368441,,,100000000000000.0,1.2599292503774614e-25,1.2599292503774614e-25,0.0
wind_r2,flux,,,,80474.88733750887,,,100000000000000.0,1.1162959052268055e-25,1.1162959052268055e-25,0.0
wind_r2,flux,,,,86518.08900090447,,,100000000000000.0,9.849012877941471e-26,9.849012877941471e-26,0.0
wind_r2,flux,,,,93015.10038746646,,,100000000000000.0,8.659407284401968e-26,8.659407284401968e-26,0.0
wind_r2,flux,,,,100000.0,,,100000000000000.0,7.592889795650341e-26,7.592889795650341e-26,0.0
explicit_jump,state,0,10099997999847.156,1.0,0.0185308753155192,99.99899998694575,0.12270940191594853,,,,
explicit_jump,state,1,10104313003392.492,1.0,0.018538792384040555,99.99899998637954,0.12270940191525025,,,,
explicit_jump,state,2,10108814203217.973,1.0,0.018547051081182434,99.99899998578861,0.12270940191452144,,,,
explicit_jump,state,3,10113509633860.398,1.0,0.01855566614852678,99.99899998517193,0.12270940191376087,,,,
explicit_jump,state,4,10118407676554.023,1.0,0.018564652963768045,99.99899998452833,0.12270940191296713,,,,
explicit_jump,state,5,10123517074190.916,1.0,0.01857402756816201,99.9989999838566,0.1227094019121387,,,,
explicit_jump,state,6,10128846946926.775,1.0,0.018583806695159067,99.99899998315556,0.12270940191127408,,,,
explicit_jump,state,7,10134406808460.234,1.0,0.018594007800273014,99.99899998242385,0.12270940191037166,,,,
explicit_jump,state,8,10140206583014.549,1.0,0.018604649092238756,99.99899998166018,0.12270940190942982,,,,
explicit_jump,state,9,10146256623052.143,1.0,0.018615749565514487,99.99899998086305,0.12270940190844672,,,,
explicit_jump,state,10,10152567727753.47,1.0,0.01862732903418632,99.99899998003103,0.12270940190742058,,,,
explicit_jump,state,11,10159151162293.342,1.0,0.018639408167335992,99.99899997916255,0.12270940190634948,,,,
explicit_jump,state,12,10166018677949.002,1.0,0.018652008525934696,99.99899997825597,0.1227094019052314,,,,
explicit_jump,state,13,10173182533075.826,1.0,0.018665152601328904,99.99899997730964,0.12270940190406428,,,,
explicit_jump,state,14,10180655514988.26,1.0,0.018678863855386887,99.99899997632176,0.12270940190284592,,,,
explicit_jump,state,15,10188450962784.855,1.0,0.018693166762377627,99.99899997529046,0.12270940190157402,,,,
explicit_jump,state,16,10196582791158.262,1.0,0.018708086852656798,99.99899997421385,0.12270940190024625,,,,
explicit_jump,state,17,10205065515232.584,1.0,0.018723650758237863,99.99899997308984,0.12270940189886,,,,
explicit_jump,state,18,10213914276472.592,1.0,0.018739886260329592,99.99899997191636,0.12270940189741274,,,,
explicit_jump,state,19,10223144869710.883,1.0,0.018756822338924877,99.99899997069114,0.12270940189590168,,,,
explicit_jump,state,20,10232773771341.254,1.0,0.01877448922452935,99.99899996941188,0.12270940189432396,,,,
explicit_jump,state,21,10242818168728.703,1.0,0.018792918452122113,99.99899996807612,0.12270940189267655,,,,
explicit_jump,state,22,10253295990888.451,1.0,0.01881214291744496,99.99899996668132,0.12270940189095633,,,,
explicit_jump,state,23,10264225940488.861,1.0,0.018832196935720504,99.99899996522483,0.12270940188916005,,,,
explicit_jump,state,24,10275627527235.219,1.0,0.01885311630290404,99.99899996370387,0.12270940188728424,,,,
explicit_jump,state,25,10287521102694.125,1.0,0.018874938359578496,99.99899996211545,0.12270940188532524,,,,
explicit_jump,state,26,10299927896620.578,1.0,0.018897702057606516,99.99899996045653,0.12270940188327928,,,,
explicit_jump,state,27,10312870054852.55,1.0,0.018921448029658616,99.9989999587239,0.12270940188114243,,,,
explicit_jump,state,28,10326370678840.86,1.0,0.018946218661741544,99.99899995691418,0.12270940187891048,,,,
explicit_jump,state,29,10340453866884.625,1.0,0.018972058168856335,99.99899995502385,0.12270940187657914,,,,
explicit_jump,state,30,10355144757146.268,1.0,0.01899901267392104,99.9989999530492,0.1227094018741438,,,,
explicit_jump,state,31,10370469572522.479,1.0,0.019027130290099073,99.99899995098636,0.12270940187159969,,,,
explicit_jump,state,32,10386455667451.523,1.0,0.019056461206680083,99.99899994883124,0.12270940186894176,,,,
explicit_jump,state,33,10403131576740.23,1.0,0.01908705777866666,99.99899994657959,0.1227094018661648,,,,
explicit_jump,state,34,10420527066497.938,1.0,0.019118974620226797,99.99899994422695,0.12270940186326326,,,,
explicit_jump,state,35,10438673187268.418,1.0,0.01915226870217892,99.99899994176859,0.12270940186023137,,,,
explicit_jump,state,36,10457602329454.264,1.0,0.019186999453683445,99.99899993919958,0.122709401857063,,,,
explicit_jump,state,37,10477348281133.055,1.0,0.01922322886832247,99.99899993651475,0.1227094018537518,,,,
explicit_jump,state,38,10497946288368.232,1.0,0.019261021614756867,99.99899993370867,0.12270940185029104,,,,
explicit_jump,state,39,10519433118122.61,1.0,0.01930044515215832,99.99899993077565,0.12270940184667374,,,,
explicit_jump,state,40,10541847123886.355,1.0,0.019341569850622402,99.99899992770969,0.12270940184289249,,,,
explicit_jump,state,41,10565228314137.312,1.0,0.01938446911677752,99.99899992450445,0.12270940183893944,,,,
explicit_jump,state,42,10589618423754.998,1.0,0.019429219524814082,99.99899992115336,0.12270940183480653,,,,
explicit_jump,state,43,10615060988516.506,1.0,0.01947590095316759,99.99899991764943,0.12270940183048512,,,,
explicit_jump,state,44,10641601422806.775,1.0,0.01952459672709984,99.99899991398534,0.12270940182596618,,,,
explicit_jump,state,45,10669287100682.352,1.0,0.01957539376743252,99.99899991015339,0.12270940182124021,,,,
explicit_jump,state,46,10698167440432.777,1.0,0.01962838274569889,99.99899990614546,0.12270940181629722,,,,
explicit_jump,state,47,10728293992791.178,1.0,0.01968365824599034,99.99899990195303,0.12270940181112668,,,,
explicit_jump,state,48,10759720532951.137,1.0,0.01974131893378679,99.99899989756716,0.12270940180571757,,,,
explicit_jump,state,49,10792503156554.195,1.0,0.01980146773207228,99.99899989297836,0.1227094018000582,,,,
explicit_jump,state,50,10826700379819.152,1.0,0.019864212005050078,99.99899988817667,0.12270940179413625,,,,
explicit_jump,state,51,10862373243992.145,1.0,0.01992966374978531,99.99899988315158,0.1227094017879388,,,,
explicit_jump,state,52,10899585424304.014,1.0,0.01999793979611709,99.99899987789205,0.1227094017814522,,,,
explicit_jump,state,53,10938403343628.898,1.0,0.020069162015197064,99.9989998723864,0.12270940177466205,,,,
explicit_jump,state,54,10978896291047.629,1.0,0.02014345753702658,99.99899986662231,0.12270940176755318,,,,
explicit_jump,state,55,11021136545527.176,1.0,0.02022095897738077,99.99899986058679,0.12270940176010955,,,,
explicit_jump,state,56,11065199504936.762,1.0,0.020301804674524637,99.99899985426615,0.12270940175231428,,,,
explicit_jump,state,57,11111163820631.428,1.0,0.02038613893614362,99.99899984764588,0.12270940174414946,,,,
explicit_jump,state,58,11159111537842.7,1.0,0.020474112296929435,99.9989998407107,0.12270940173559627,,,,
explicit_jump,state,59,11209128242127.615,1.0,0.020565881787281023,99.99899983344442,0.12270940172663475,,,,
explicit_jump,state,60,11261303212136.842,1.0,0.020661611213600137,99.99899982582998,0.12270940171724384,,,,
explicit_jump,state,61,11315729578974.96,1.0,0.020761471450681943,99.9989998178493,0.12270940170740123,,,,
explicit_jump,state,62,11372504492437.303,1.0,0.020865640746722567,99.99899980948321,0.1227094016970833,,,,
explicit_jump,state,63,11431729294420.145,1.0,0.02097430504148796,99.99899980071152,0.12270940168626514,,,,
explicit_jump,state,64,11493509699813.424,1.0,0.021087658298212037,99.99899979151276,0.12270940167492028,,,,
explicit_jump,state,65,11557955985199.65,1.0,0.021205902849816563,99.99899978186426,0.12270940166302073,,,,
explicit_jump,state,66,11625183185694.777,1.0,0.021329249760070657,99.9989997717419,0.12270940165053679,,,,
explicit_jump,state,67,11695311300283.271,1.0,0.02145791920033475,99.99899976112019,0.122709401637437,,,,
explicit_jump,state,68,11768465506013.502,1.0,0.02159214084256128,99.99899974997206,0.12270940162368796,,,,
explicit_jump,state,69,11844776381435.713,1.0,0.021732154269253838,99.99899973826881,0.1227094016092543,,,,
explicit_jump,state,70,11924380139681.902,1.0,0.021878209401116285,99.99899972597994,0.12270940159409839,,,,
explicit_jump,state,71,12007418871602.955,1.0,0.022030566943155454,99.99899971307309,0.12270940157818033,,,,
explicit_jump,state,72,12094040799397.367,1.0,0.022189498850033438,99.99899969951385,0.12270940156145767,,,,
explicit_jump,state,73,12184400541184.525,1.0,0.0223552888115004,99.99899968526562,0.12270940154388525,,,,
explicit_jump,state,74,12278659386994.434,1.0,0.022528232758774094,99.99899967028956,0.12270940152541523,,,,
explicit_jump,state,75,12376985586666.377,1.0,0.022708639392770263,99.99899965454429,0.12270940150599653,,,,
explicit_jump,state,76,12479554650171.445,1.0,0.02289683073512652,99.99899963798576,0.12270940148557483,,,,
explicit_jump,state,77,12586549660893.178,1.0,0.0230931427030035,99.99899962056709,0.12270940146409233,,,,
explicit_jump,state,78,12698161602427.188,1.0,0.02329792570868916,99.9989996022383,0.12270940144148736,,,,
explicit_jump,state,79,12814589699482.744,1.0,0.023511545285076527,99.99899958294623,0.12270940141769436,,,,
explicit_jump,state,80,12936041773493.902,1.0,0.023734382738131443,99.99899956263404,0.12270940139264327,,,,
explicit_jump,state,81,13062734613575.73,1.0,0.02396683582751474,99.99899954124116,0.12270940136625937,,,,
explicit_jump,state,82,13194894363488.105,1.0,0.02420931947657409,99.99899951870299,0.12270940133846293,,,,
explicit_jump,state,83,13332756925296.375,1.0,0.024462266512972362,99.99899949495048,0.12270940130916888,,,,
explicit_jump,state,84,13476568380452.19,1.0,0.024726128441275076,99.99899946990995,0.12270940127828628,,,,
explicit_jump,state,85,13626585429041.55,1.0,0.02500137624887538,99.9989994435026,0.122709401245718,,,,
explicit_jump,state,86,13783075847989.422,1.0,0.025288501246695707,99.9989994156442,0.12270940121136015,,,,
explicit_jump,state,87,13946318969034.797,1.0,0.025588015946166172,99.99899938624476,0.12270940117510169,,,,
explicit_jump,state,88,14116606177331.502,1.0,0.0259004549740457,99.9989993552078,0.12270940113682367,,,,
explicit_jump,state,89,14294241431563.06,1.0,0.0262263760267182,99.99899932243017,0.1227094010963989,,,,
explicit_jump,state,90,14479541806502.75,1.0,0.026566360865667653,99.99899928780134,0.12270940105369103,,,,
explicit_jump,state,91,14672838058984.062,1.0,0.026921016355908847,99.99899925120295,0.1227094010085541,,,,
explicit_jump,state,92,14874475218293.094,1.0,0.02729097554922723,99.99899921250811,0.1227094009608316,,,,
explicit_jump,state,93,15084813202038.53,1.0,0.02767689881416161,99.99899917158076,0.12270940091035575,,,,
explicit_jump,state,94,15304227458595.502,1.0,0.028079475014746648,99.99899912827496,0.12270940085694654,,,,
explicit_jump,state,95,15533109637272.05,1.0,0.028499422740119035,99.99899908243405,0.12270940080041078,,,,
explicit_jump,state,96,15771868287393.754,1.0,0.02893749158718241,99.9989990338899,0.12270940074054108,,,,
explicit_jump,state,97,16020929587553.986,1.0,0.02939446349862036,99.99899898246194,0.12270940067711479,,,,
explicit_jump,state,98,16280738106333.496,1.0,0.02987115415864587,99.99899892795614,0.12270940060989255,,,,
explicit_jump,state,99,16551757595843.273,1.0,0.03036841444897862,99.99899887016402,0.1227094005386173,,,,
explicit_jump,state,100,16834471819511.387,1.0,0.03088713196764909,99.99899880886137,0.12270940046301251,,,,
explicit_jump,state,101,17129385415589.29,1.0,0.03142823261334029,99.99899874380705,0.12270940038278079,,,,
explicit_jump,state,102,17437024797918.105,1.0,0.03199268223809538,99.99899867474166,0.12270940029760216,,,,
explicit_jump,state,103,17757939095564.4,1.0,0.03258148837134102,99.99899860138595,0.12270940020713228,,,,
explicit_jump,state,104,18092701133003.176,1.0,0.03319570201830395,99.9989985234393,0.12270940011100039,,,,
explicit_jump,state,105,18441908452594.285,1.0,0.03383641953603085,99.9989984405779,0.12270940000880709,,,,
explicit_jump,state,106,18806184381180.742,1.0,0.034504784590360035,99.99899835245297,0.12270939990012228,,,,
explicit_jump,state,107,19186179142712.332,1.0,0.03520199019733839,99.9989982586885,0.1227093997844822,,,,
explicit_jump,state,108,19582571018878.887,1.0,0.035929280852727216,99.99899815887923,0.12270939966138705,,,,
explicit_jump,state,109,19996067559825.008,1.0,0.036687954753398165,99.9989980525881,0.12270939953029779,,,,
explicit_jump,state,110,20427406847110.72,1.0,0.03747936611458432,99.99899793934364,0.12270939939063295,,,,
explicit_jump,state,111,20877358811167.35,1.0,0.038304927587122985,99.99899781863716,0.12270939924176519,,,,
explicit_jump,state,112,21346726605604.086,1.0,0.03916611277900433,99.99899768991958,0.12270939908301728,,,,
explicit_jump,state,113,21836348040815.926,1.0,0.040064458885727454,99.99899755259817,0.12270939891365829,,,,
explicit_jump,state,114,22347097079453.71,1.0,0.04100156943415847,99.99899740603279,0.12270939873289863,,,,
explicit_jump,state,115,22879885396424.227,1.0,0.041979117144788594,99.99899724953195,0.12270939853988554,,,,
explicit_jump,state,116,23435664006206.66,1.0,0.04299884691750128,99.99899708234865,0.12270939833369772,,,,
explicit_jump,state,117,24015424960387.88,1.0,0.04406257894617775,99.99899690367542,0.12270939811333934,,,,
explicit_jump,state,118,24620203118446.684,1.0,0.045172211967700805,99.99899671263954,0.12270939787773405,,,,
explicit_jump,state,119,25251077994951.246,1.0,0.046329726651155784,99.99899650829735,0.12270939762571803,,,,
explicit_jump,state,120,25909175686462.465,1.0,0.04753718913327881,99.99899628962828,0.12270939735603263,,,,
explicit_jump,state,121,26595670881583.48,1.0,0.04879675470646266,99.9989960555284,0.12270939706731633,,,,
explicit_jump,state,122,27311788957748.973,1.0,0.05011067166590345,99.99899580480331,0.12270939675809613,,,,
explicit_jump,state,123,28058808168485.59,1.0,0.05148128532275529,99.99899553616048,0.12270939642677789,,,,
explicit_jump,state,124,28838061925057.98,1.0,0.05291104219045587,99.99899524820088,0.12270939607163621,,,,
explicit_jump,state,125,29650941176569.06,1.0,0.054402494351696036,99.99899493940995,0.12270939569080316,,,,
explicit_jump,state,126,30498896892764.45,1.0,0.05595830401382797,99.99899460814773,0.12270939528225618,,,,
explicit_jump,state,127,31383442653964.656,1.0,0.05758124826084306,99.99899425263817,0.12270939484380487,,,,
explicit_jump,state,128,32306157352762.973,1.0,0.05927422401040235,99.99899387095746,0.12270939437307658,,,,
explicit_jump,state,129,33268688012295.145,1.0,0.061040253184766996,99.99899346102144,0.12270939386750089,,,,
explicit_jump,state,130,34272752726125.39,1.0,0.062882488104859,99.99899302057177,0.12270939332429262,,,,
explicit_jump,state,131,35320143724983.35,1.0,0.06480421711708062,99.99899254716117,0.12270939274043349,,,,
explicit_jump,state,132,36412730575836.18,1.0,0.06680887046293615,99.99899203813696,0.12270939211265197,,,,
explicit_jump,state,133,37552463518999.74,1.0,0.06890002640193299,99.99899149062358,0.12270939143740162,,,,
explicit_jump,state,134,38741376949251.01,1.0,0.0710814175986915,99.99899090150336,0.12270939071083738,,,,
explicit_jump,state,135,39981593047140.54,1.0,0.07335693778566439,99.99899026739563,0.12270938992878985,,,,
explicit_jump,state,136,41275325567008.0,1.0,0.07573064871335833,99.99898958463409,0.12270938908673742,,,,
explicit_jump,state,137,42624883788445.99,1.0,0.07820678740046412,99.99898884924214,0.12270938817977568,,,,
explicit_jump,state,138,44032676638273.15,1.0,0.0807897736968361,99.99898805690614,0.12270938720258465,,,,
explicit_jump,state,139,45501216990362.04,1.0,0.0834842181728213,99.99898720294617,0.1227093861493925,,,,
explicit_jump,state,140,47033126151011.66,1.0,0.08629493034902005,99.99898628228438,0.12270938501393679,,,,
explicit_jump,state,141,48631138537856.94,1.0,0.08922692728116809,99.99898528941064,0.12270938378942177,,,,
explicit_jump,state,142,50298106560679.47,1.0,0.09228544251546432,99.99898421834499,0.12270938246847236,,,,
explicit_jump,state,143,52037005712815.234,1.0,0.09547593543032844,99.9989830625969,0.12270938104308379,,,,
explicit_jump,state,144,53850939882255.21,1.0,0.09880410098126467,99.9989818151211,0.12270937950456705,,,,
explicit_jump,state,145,55743146891926.0,1.0,0.10227587986622431,99.99898046826921,0.12270937784348943,,,,
explicit_jump,state,146,57717004279009.21,1.0,0.10589746912961333,99.99897901373753,0.12270937604960988,,,,
explicit_jump,state,147,59776035323648.195,1.0,0.10967533322387196,99.99897744251005,0.12270937411180897,,,,
explicit_jump,state,148,61923915337796.1,1.0,0.113616215548372,99.99897574479645,0.12270937201801224,,,,
explicit_jump,state,149,64164478225382.12,1.0,0.11772715048622723,99.99897390996475,0.12270936975510721,,,,
explicit_jump,state,150,66501723325584.445,1.0,0.12201547596050354,99.99897192646803,0.12270936730885305,,,,
explicit_jump,state,151,68939822551344.484,1.0,0.1264888465322406,99.99896978176479,0.12270936466378227,,,,
explicit_jump,state,152,71483127835916.61,1.0,0.13115524706366488,99.99896746223219,0.12270936180309376,,,,
explicit_jump,state,153,74136178900704.0,1.0,0.13602300697098255,99.99896495307178,0.12270935870853655,,,,
explicit_jump,state,154,76903711358271.12,1.0,0.1411008150921936,99.99896223820697,0.12270935536028331,,,,
explicit_jump,state,155,79790665164963.62,1.0,0.14639773519646485,99.99895930017153,0.12270935173679287,,,,
explicit_jump,state,156,82802193438248.86,1.0,0.15192322216274698,99.99895611998824,0.12270934781466053,,,,
explicit_jump,state,157,85943671654486.8,1.0,0.15768713885651298,99.9989526770369,0.12270934356845535,,,,
explicit_jump,state,158,89220707243559.67,1.0,0.1636997737347431,99.99894894891081,0.12270933897054306,,,,
explicit_jump,state,159,92639149597438.22,1.0,0.16997185921058122,99.99894491126062,0.1227093339908935,,,,
explicit_jump,state,160,96205100510618.94,1.0,0.17651459081044144,99.99894053762446,0.12270932859687114,,,,
explicit_jump,state,161,99924925070977.78,1.0,0.1833396471577626,99.99893579924321,0.12270932275300728,,,,
explicit_jump,state,162,103805263020512.27,1.0,0.19045921081907866,99.99893066485946,0.12270931642075196,,,,
explicit_jump,state,163,107853040606242.16,1.0,0.19788599004961605,99.99892510049892,0.12270930955820464,,,,
explicit_jump,state,164,112075482942373.23,1.0,0.20563324147723316,99.99891906923253,0.12270930211982052,,,,
explicit_jump,state,165,116480126905814.19,1.0,0.21371479376519203,99.99891253091766,0.12270929405609156,,,,
explicit_jump,state,166,121074834588030.92,1.0,0.22214507229600025,99.99890544191678,0.12270928531319941,,,,
explicit_jump,state,167,125867807327195.53,1.0,0.2309391249203823,99.99889775479112,0.12270927583263766,,,,
explicit_jump,state,168,130867600345737.81,1.0,0.24011264881734273,99.99888941796755,0.12270926555080097,,,,
explicit_jump,state,169,136083138019307.0,1.0,0.2496820185132645,99.9988803753762,0.12270925439853818,,,,
explicit_jump,state,170,141523729804413.84,1.0,0.25966431511005733,99.99887056605618,0.12270924230066592,,,,
explicit_jump,state,171,147199086853177.25,1.0,0.27007735677452666,99.99885992372661,0.12270922917543979,,,,
explicit_jump,state,172,153119339344714.56,1.0,0.2809397305433856,99.99884837632,0.12270921493397864,,,,
explicit_jump,state,173,159295054564142.8,1.0,0.29227082550068295,99.99883584547457,0.12270919947963861,,,,
explicit_jump,state,174,165737255761401.25,1.0,0.304090867386866,99.99882224598188,0.1227091827073318,,,,
explicit_jump,state,175,172457441823422.75,1.0,0.31642095470125653,99.99880748518592,0.12270916450278517,,,,
explicit_jump,state,176,179467607794831.4,1.0,0.32928309636237885,99.99879146232934,0.1227091447417343,,,,
explicit_jump,state,177,186780266283619.5,1.0,0.3427002509933686,99.99877406784219,0.12270912328904617,,,,
explicit_jump,state,178,194408469789987.62,1.0,0.3566963679025786,99.99875518256805,0.12270909999776469,,,,
explicit_jump,state,179,202365833998056.44,1.0,0.37129642983253675,99.99873467692206,0.12270907470807232,,,,
explicit_jump,state,180,210666562072001.44,1.0,0.38652649755355906,99.99871240997494,0.12270904724616052,,,,
explicit_jump,state,181,219325469999759.12,1.0,0.40241375638161736,99.9986882284564,0.12270901742300037,,,,
explicit_jump,state,182,228358013029494.75,1.0,0.4189865647034948,99.99866196567075,0.12270898503300545,,,,
explicit_jump,state,183,237780313245797.0,1.0,0.43627450459584555,99.99863344031722,0.12270894985257687,,,,
explicit_jump,state,184,247609188334716.0,1.0,0.45430843462851217,99.99860245520648,0.1227089116385202,,,,
explicit_jump,state,185,257862181588713.25,1.0,0.4731205449463536,99.99856879586402,0.12270887012632323,,,,
explicit_jump,state,186,268557593204865.84,1.0,0.4927444147279037,99.9985322290108,0.12270882502828204,,,,
explicit_jump,state,187,279714512932055.56,1.0,0.5132150721234225,99.99849250091013,0.12270877603146213,,,,
explicit_jump,state,188,291352854124931.25,1.0,0.5345690567793282,99.99844933556905,0.12270872279548037,,,,
explicit_jump,state,189,303493389265206.8,1.0,0.5568444850606139,99.99840243278136,0.12270866495009128,,,,
explicit_jump,state,190,316157787013430.56,1.0,0.5800811180876718,99.99835146599851,0.12270860209256129,,,,
explicit_jump,state,191,329368650856620.8,1.0,0.604320432708966,99.99829608001296,0.12270853378481153,,,,
explicit_jump,state,192,343149559420672.9,1.0,0.6296056955362397,99.99823588843779,0.12270845955030953,,,,
explicit_jump,state,193,357525108518538.94,1.0,0.6559820401744128,99.9981704709643,0.12270837887068699,,,,
explicit_jump,state,194,372520955008976.9,1.0,0.6834965477840074,99.99809937037841,0.12270829118205996,,,,
explicit_jump,state,195,388163862543212.75,1.0,0.71219833111993,99.99802208931443,0.1227081958710255,,,,
explicit_jump,state,196,404481749280404.94,1.0,0.74213862219659,99.99793808672293,0.12270809227030514,,,,
explicit_jump,state,197,421503737656264.4,1.0,0.773370863735853,99.99784677402802,0.12270797965400607,,,,
explicit_jump,state,198,439260206292531.3,1.0,0.8059508045610535,99.99774751094635,0.12270785723246432,,,,
explicit_jump,state,199,457782844138851.6,1.0,0.8399365991073457,99.99763960093809,0.12270772414663458,,,,
explicit_jump,state,200,477104706942335.06,1.0,0.8753889112260154,99.99752228625766,0.12270757946198638,,,,
explicit_jump,state,201,497260276144095.7,1.0,0.9123710224680397,99.99739474256916,0.12270742216186303,,,,
explicit_jump,state,202,518285520306153.94,1.0,0.9509489450401821,99.99725607308768,0.12270725114025627,,,,
explicit_jump,state,203,540217959176491.5,1.0,0.9911915396352426,99.99710530220551,0.1227070651939453,,,,
explicit_jump,state,204,563096730504194.0,1.0,1.0331706383467898,99.9969413685575,0.12270686301394439,,,,
explicit_jump,state,205,586962659721756.2,1.0,1.0769611728877742,99.99676311747646,0.12270664317619807,,,,
explicit_jump,state,206,611858332615762.1,1.0,1.1226413083418894,99.99656929278511,0.12270640413145802,,,,
explicit_jump,state,207,637828171112745.4,1.0,1.1702925826864246,99.99635852786618,0.1227061441942699,,,,
explicit_jump,state,208,664918512311385.1,1.0,1.2200000523356553,99.9961293359474,0.1227058615309917,,,,
explicit_jump,state,209,693177690898521.2,1.0,1.2718524439645609,99.99588009953247,0.12270555414675899,,,,
explicit_jump,state,210,722656125090935.8,1.0,1.3259423128838663,99.99560905890307,0.12270521987130441,,,,
explicit_jump,state,211,753406406251090.1,1.0,1.3823662082491242,99.99531429961056,0.122704856343531,,,,
explicit_jump,state,212,785483392330789.2,1.0,1.4412248453987004,99.99499373886876,0.12270446099473055,,,,
explicit_jump,state,213,818944305302591.2,1.0,1.5026232856283093,99.99464511075152,0.12270403103032758,,,,
explicit_jump,state,214,853848832744875.6,1.0,1.5666711237229771,99.9942659500907,0.12270356341002069,,,,
explicit_jump,state,215,890259233753409.9,1.0,1.6334826835811795,99.99385357496054,0.12270305482618044,,,,
explicit_jump,state,216,928240449358100.0,1.0,1.7031772222803363,99.99340506762493,0.12270250168035168,,,,
explicit_jump,state,217,967860217630489.2,1.0,1.775879142947916,99.99291725381364,0.1227019000576946,,,,
explicit_jump,state,218,1009189193674845.0,1.0,1.8517182168181183,99.99238668018111,0.12270124569918481,,,,
explicit_jump,state,219,1052301074702010.6,1.0,1.9308298148705043,99.9918095897897,0.12270053397137654,,,,
explicit_jump,state,220,1097272730392654.8,1.0,2.013355149464042,99.99118189544491,0.12269975983351704,,,,
explicit_jump,state,221,1144184338763469.5,1.0,2.0994415263978645,99.99049915069602,0.12269891780178144,,,,
explicit_jump,state,222,1193119527758046.5,1.0,2.189242607848715,99.98975651829876,0.12269800191037764,,,,
explicit_jump,state,223,1244165522789497.5,1.0,2.282918686654317,99.98894873591988,0.12269700566924968,,,,
explicit_jump,state,224,1297413300471793.0,1.0,2.3806369724323893,99.98807007884409,0.12269592201808405,,,,
explicit_jump,state,225,1352957748782093.2,1.0,2.482571890045882,99.98711431942438,0.12269474327629956,,,,
explicit_jump,state,226,1410897833904601.0,1.0,2.5889053909473296,99.9860746829932,0.12269346108867248,,,,
explicit_jump,state,227,1471336774013112.2,1.0,2.6998272779579136,99.98494379993,0.12269206636622118,,,,
explicit_jump,state,228,1534382220256865.2,1.0,2.815535544061118,99.98371365355328,0.12269054922194138,,,,
explicit_jump,state,229,1600146445220838.8,1.0,2.9362367258155455,99.9823755234785,0.12268889890094895,,,,
explicit_jump,state,230,1668746539137656.2,1.0,3.06214627201791,99.98091992405274,0.12268710370455138,,,,
explicit_jump,state,231,1740304614134884.2,1.0,3.193488928274066,99.97933653744487,0.12268515090772744,,,,
explicit_jump,state,232,1814948016806036.0,1.0,3.330499138164734,99.97761414093515,0.12268302666945335,,,,
explicit_jump,state,233,1892809549399287.5,1.0,3.4734214617217707,99.97574052791065,0.12268071593526592,,,,
explicit_jump,state,234,1974027699921167.5,1.0,3.6225110119621826,99.97370242203257,0.12267820233140493,,,,
explicit_jump,state,235,2058746881455033.5,1.0,3.778033910258871,99.97148538399861,0.12267546804982266,,,,
explicit_jump,state,236,2147117680997306.2,1.0,3.9402677613610964,99.96907371027646,0.12267249372329159,,,,
explicit_jump,state,237,2239297118113231.0,1.0,4.109502148912516,99.966450323136,0.1226692582897806,,,,
explicit_jump,state,238,2335448913712689.5,1.0,4.286039152351179,99.96359665125352,0.12266573884520383,,,,
explicit_jump,state,239,2435743769244858.0,1.0,4.470193886114354,99.96049250010562,0.12266191048357672,,,,
explicit_jump,state,240,2540359656602993.5,1.0,4.662295062110386,99.95711591130967,0.1226577461235402,,,,
explicit_jump,state,241,2649482119023537.5,1.0,4.862685576461862,99.95344301000439,0.12265321632013455,,,,
explicit_jump,state,242,2763304583252000.5,1.0,5.07172312156713,99.94944783929549,0.12264828906062035,,,,
explicit_jump,state,243,2882028683233338.5,1.0,5.289780824572966,99.94510218072057,0.12264292954305743,,,,
explicit_jump,state,244,3005864595565947.5,1.0,5.5172479133977586,99.94037427295218,0.12263709859607597,,,,
explicit_jump,state,245,3135031271302378.5,1.0,5.75453041149436,99.93510791112153,0.12263060357160362,,,,
explicit_jump,state,246,3269756463106723.0,1.0,6.002051862592395,99.92913398920871,0.122623235910527,,,,
explicit_jump,state,247,3410277251795074.5,1.0,6.260254086714039,99.92235771712505,0.12261487870785762,,,,
explicit_jump,state,248,3556840441295231.5,1.0,6.529597968812373,99.9146717002318,0.12260539951336512,,,,
explicit_jump,state,249,3709702885927140.0,1.0,6.810564281440393,99.90595429164686,0.12259464829947014,,,,
explicit_jump,state,250,3869131815167632.0,1.0,7.10365454291864,99.8960677374192,0.12258245517368027,,,,
explicit_jump,state,251,4035405152843915.0,1.0,7.40939191253398,99.88485609092679,0.12256862780640827,,,,
explicit_jump,state,252,4208811827064793.5,1.0,7.728322124366427,99.87214287086154,0.1225529485425547,,,,
explicit_jump,state,253,4389652066456483.0,1.0,8.061014461412036,99.85772843522972,0.12253517116285133,,,,
explicit_jump,state,254,4578237677405444.0,1.0,8.408062771739583,99.84138704201025,0.12251501725875798,,,,
explicit_jump,state,255,4774892296005197.0,1.0,8.770086528495684,99.82286356560114,0.12249217218284122,,,,
explicit_jump,state,256,4979951607246452.0,1.0,9.147731935649777,99.80186983711127,0.12246628053523943,,,,
explicit_jump,state,257,5193763522657908.0,1.0,9.541673081453286,99.77808057614149,0.1224369411463093,,,,
explicit_jump,state,258,5416688306077315.0,1.0,9.95261314167137,99.7511288822229,0.12240370151619494,,,,
explicit_jump,state,259,5649098635505973.0,1.0,10.381285634735248,99.72060125590157,0.12236605167430696,,,,
explicit_jump,state,260,5891379587043186.0,1.0,10.828455731055605,99.68603212302581,0.12232341742609781,,,,
explicit_jump,state,261,6143928524716389.0,1.0,11.294921618833815,99.64689784165968,0.12227515296175615,,,,
explicit_jump,state,262,6407154877606539.0,1.0,11.781515928809432,99.60261017989312,0.12222053281235364,,,,
explicit_jump,state,263,6681479783038212.0,1.0,12.28910722048648,99.55250926545253,0.12215874315455803,,,,
explicit_jump,state,264,6967335571766880.0,1.0,12.818601532492128,99.49585602539031,0.12208887248645515,,,,
explicit_jump,state,265,7265165068123501.0,1.0,13.370943999834312,99.43182415733096,0.12200990172563299,,,,
explicit_jump,state,266,7575420675026272.0,1.0,13.947120540945898,99.35949170398182,0.12192069381796447,,,,
explicit_jump,state,267,7898563210771693.0,1.0,14.548159617525947,99.27783234115313,0.12181998299305329,,,,
explicit_jump,state,268,8235060461729126.0,1.0,15.175134070320029,99.1857065376455,0.1217063638616443,,,,
explicit_jump,state,269,8585385412706198.0,1.0,15.829163034115773,99.08185280418881,0.12157828062285043,,,,
explicit_jump,state,270,8950014115137219.0,1.0,16.511413935372623,98.96487931896105,0.1214340167358043,,,,
explicit_jump,state,271,9329423152726538.0,1.0000000000000002,17.223104576050574,98.8332562992983,0.12127168551157409,,,,
explicit_jump,state,272,9724086665246190.0,1.0000000000000002,17.96550530735861,98.68530958228229,0.12108922219597443,,,,
explicit_jump,state,273,1.0134472894360108e+16,1.0000000000000002,18.73994129730168,98.51921597882576,0.12088437823961672,,,,
explicit_jump,state,274,1.0561040221311124e+16,1.0000000000000004,19.547794896075033,98.33300107256574,0.12065471858312521,,,,
explicit_jump,state,275,1.1004232675684954e+16,1.0000000000000007,20.390508103526777,98.1245402397319,0.12039762291476507,,,,
explicit_jump,state,276,1.14644749080328e+16,1.0000000000000009,21.269585143094332,97.89156375946176,0.12011029197280203,,,,
explicit_jump,state,277,1.1942166637447906e+16,1.0000000000000013,22.186595146807875,97.63166695263381,0.1197897600495177,,,,
explicit_jump,state,278,1.2437592647144136e+16,1.0000000000000022,23.143174956154812,97.10680662625691,0.11914244733343994,,,,
explicit_jump,state,279,1.2938228514404962e+16,1.0000000000000033,24.141032043803307,95.16260308102414,0.11674465109792789,,,,
explicit_jump,state,280,1.3447007475346808e+16,1.0000000000000053,25.181947561401593,94.31545040951481,0.11569985292452456,,,,
explicit_jump,state,281,1.3970021897053794e+16,1.0000000000000084,26.267779518891754,93.72766126851072,0.11497492910079089,,,,
explicit_jump,state,282,1.4509411257842904e+16,1.0000000000000133,27.4004661010146,93.23044102630435,0.11436170433301145,,,,
explicit_jump,state,283,1.5066348600548546e+16,1.0000000000000215,28.58202912692383,92.7680313222784,0.11379141152925194,,,,
explicit_jump,state,284,1.5641639966763214e+16,1.0000000000000349,29.81457765908657,92.31661019827051,0.11323467092956337,,,,
explicit_jump,state,285,1.6235917481564738e+16,1.0000000000000575,31.10031176791014,91.86419363341957,0.11267670256478132,,,,
explicit_jump,state,286,1.6849715424344832e+16,1.000000000000096,32.441526458817144,91.40402364035108,0.11210917176040319,,,,
explicit_jump,state,287,1.7483504642499602e+16,1.0000000000001623,33.84061576877606,90.9319604411685,0.11152697289313249,,,,
explicit_jump,state,288,1.8137709606322464e+16,1.0000000000002778,35.300077039601966,90.4453147421973,0.110926789228925,,,,
explicit_jump,state,289,1.8812717408628588e+16,1.0000000000004816,36.82251537565294,89.94227354830568,0.11030638477662144,,,,
explicit_jump,state,290,1.950888274167088e+16,1.0000000000008453,38.410648293881216,89.42159686330255,0.10966423022687402,,,,
explicit_jump,state,291,2.0226530777037308e+16,1.0000000000015026,40.067310574537,88.88244810697627,0.10899929380455828,,,,
explicit_jump,state,292,2.0965958938685664e+16,1.0000000000027027,41.795459321185795,88.32429466403228,0.10831091861526145,,,,
explicit_jump,state,293,2.1727438126879296e+16,1.0000000000049194,43.598179239068735,87.74684692129262,0.10759874745957786,,,,
explicit_jump,state,294,2.251121369310126e+16,1.0000000000090574,45.47868814123011,87.15001911421419,0.10686267454498007,,,,
explicit_jump,state,295,2.331750637368541e+16,1.000000000016863,47.440342692238175,86.5339027208366,0.10610281267253167,,,,
explicit_jump,state,296,2.4146513281005184e+16,1.000000000031734,49.48664439975369,85.89874708411185,0.10531946933843908,,,,
explicit_jump,state,297,2.499840903078937e+16,1.000000000060337,51.621245864638894,85.24494409015638,0.10451312783784808,,,,
explicit_jump,state,298,2.587334703156786e+16,1.0000000001158549,53.84795730076565,84.57301500167766,0.10368443102672112,,,,
explicit_jump,state,299,2.677146096383e+16,1.0000000002245384,56.17075333615756,83.88359828766127,0.10283416631257788,,,,
explicit_jump,state,300,2.7692866433453284e+16,1.0000000004390148,58.593780107609376,83.1774377896215,0.10196325106065376,,,,
explicit_jump,state,301,2.863766279559307e+16,1.0000000008654288,61.12136266144343,82.45537085816277,0.10107271796410705,,,,
explicit_jump,state,302,2.960593512468181e+16,1.0000000017190362,63.75801267361771,81.71831631000708,0.10016370019415276,,,,
explicit_jump,state,303,3.059775630224135e+16,1.0000000034384766,66.5084365029611,80.96726219280069,0.09923741631587675,,,,
explicit_jump,state,304,3.161318918969143e+16,1.000000006921318,69.37754359191541,80.20325343670747,0.09829515507004247,,,,
explicit_jump,state,305,3.265228885579741e+16,1.0000000140106073,72.37045522977472,79.42737952501692,0.09733826018985707,,,,
explicit_jump,state,306,3.371510481732376e+16,1.0000000285012811,75.49251369406814,78.64076235444959,0.0963681154752751,,,,
explicit_jump,state,307,3.4801683274543984e+16,1.0000000582231574,78.74929178640011,77.84454444956167,0.09538613035230971,,,,
explicit_jump,state,308,3.5912069285854144e+16,1.000000119351315,82.1466027797722,77.03987771952096,0.09439372620003714,,,,
explicit_jump,state,309,3.704630888003287e+16,1.0000002453165848,85.6905107951388,76.22791288963728,0.09339232371140274,,,,
explicit_jump,state,310,3.8204451067689576e+16,1.000000505190885,89.3873416257231,75.40978974257767,0.09238333166291939,,,,
explicit_jump,state,311,3.9386549723806056e+16,1.0000010415173457,93.24369402840915,74.58662826195881,0.091368137628991,,,,
explicit_jump,state,312,4.059266534936121e+16,1.000002147862919,97.26645150237061,73.75952070077084,0.09034810151460339,,,,
explicit_jump,state,313,4.182286666497635e+16,1.0000044270621509,101.46279457595463,72.9295245735294,0.08932455359179335,,,,
explicit_jump,state,314,4.307723205167587e+16,1.0000091122790817,105.84021362375954,72.09765643189836,0.08829880020253454,,,,
explicit_jump,state,315,4.435585079802135e+16,1.00001871403367,110.40652223677726,71.26488616205684,0.08727214333956423,,,,
explicit_jump,state,316,4.565868056572572e+16,1.0000383109370778,115.16987116947239,70.37538258906692,0.08617593536587782,,,,
explicit_jump,state,317,4.697593297297871e+16,1.0000777012999549,120.1387628886879,69.11868109607487,0.08462765668156699,,,,
explicit_jump,state,318,4.830078524820103e+16,1.0001554907708383,125.32206675035201,67.85447384022449,0.08307165254687479,,,,
explicit_jump,state,319,4.963217335172321e+16,1.0003067523062024,130.7290348310688,66.58737503560756,0.08151495243646392,,,,
explicit_jump,state,320,5.0969149407139496e+16,1.000596159863711,136.36931844286332,65.32156378194976,0.0799651224611923,,,,
explicit_jump,state,321,5.231087764346057e+16,1.0011406669936158,142.2529853605449,64.06070998922759,0.07843094728589228,,,,
explicit_jump,state,322,5.3656625231973736e+16,1.0021475619128704,148.3905377924536,62.80789012534968,0.07692358316321968,,,,
explicit_jump,state,323,5.500574669327454e+16,1.0039767343840156,154.79293112665496,61.56547317616336,0.07545840126225625,,,,
explicit_jump,state,324,5.635765935082209e+16,1.0072398873176955,161.4715934860545,60.33494946047313,0.07405780399357341,,,,
explicit_jump,state,325,5.771180552772595e+16,1.012954175524413,168.43844612732843,59.11666586190202,0.07275533053538014,,,,
explicit_jump,state,326,5.9067594706052584e+16,1.0227727834223785,175.70592472009184,57.9094220663194,0.07160129734009761,,,,
explicit_jump,state,327,6.042431571505764e+16,1.0393187378769837,183.28700154427605,56.709879871187596,0.07066989731923522,,,,
explicit_jump,state,328,6.178100607700578e+16,1.0666475073407893,191.19520864534917,55.51175967445574,0.07006686178181128,,,,
explicit_jump,state,329,6.313626216799649e+16,1.1108523675951636,199.444661988699,54.30477249107516,0.0699350397154387,,,,
explicit_jump,state,330,6.448797566554436e+16,1.1807935490813743,208.05008665630515,53.07348767372708,0.07045287817807813,,,,
explicit_jump,state,331,6.5832995860408904e+16,1.2888635033354092,217.02684313066382,51.79646202358464,0.07181825528928817,,,,
explicit_jump,state,332,6.7166748295306936e+16,1.4515847403878905,226.39095471289497,50.446376618678954,0.07421095650169732,,,,
explicit_jump,state,333,6.848290187842395e+16,1.6896869224837996,236.15913612395798,48.99235011296042,0.0777352273992324,,,,
explicit_jump,state,334,6.9773259390012024e+16,2.0272040642928384,246.34882334004166,47.4056133173925,0.08235945885996042,,,,
explicit_jump,state,335,7.102810080946871e+16,2.4892388292914127,256.97820471537307,45.66857599694689,0.08788356773449094,,,,
explicit_jump,state,336,7.223713683109438e+16,3.098529777225789,268.06625344800915,43.78461645203596,0.09396087240839025,,,,
explicit_jump,state,337,7.339096290223835e+16,3.8717326941426764,279.63276144654856,41.78325108646654,0.10017499417590169,,,,
explicit_jump,state,338,7.448255693848157e+16,4.81683043118395,291.69837465823264,39.71615031055099,0.10613898800293219,,,,
explicit_jump,state,339,7.550823769061278e+16,5.932706114354849,304.2846299214751,37.64489131151159,0.11157085661190033,,,,
explicit_jump,state,340,7.646776807420248e+16,7.210802738727964,317.41399340862137,35.62678415776307,0.11631903907396816,,,,
explicit_jump,state,341,7.7363733936054e+16,8.637857588850856,331.10990072753754,33.70524216251584,0.12034416482208343,,,,
explicit_jump,state,342,7.820059256360283e+16,10.198579107078185,345.39679875363026,31.906854371882318,0.12368124248911164,,,,
explicit_jump,state,343,7.898375516200894e+16,11.877616162203779,360.3001892669431,30.243382185629702,0.1264032467356465,,,,
explicit_jump,state,344,7.971889132256003e+16,13.66070375715676,375.84667447224626,28.71580139399719,0.12859537064447857,,,,
explicit_jump,state,345,8.041148672935605e+16,15.535160690440897,392.06400448334625,27.31833913060878,0.13034034535188027,,,,
explicit_jump,state,346,8.106660626580602e+16,17.489978927327073,408.9811268563979,26.041619487498128,0.13171172892303432,,,,
explicit_jump,state,347,8.168879635186507e+16,19.515698779500145,426.62823826061094,24.874788589742185,0.132771886695453,,,,
explicit_jump,state,348,8.228207040691378e+16,21.60419518474795,445.03683837860865,23.806807484023377,0.1335723237657568,,,,
explicit_jump,state,349,8.284993834472288e+16,23.748444654747527,464.23978613262005,22.827163609098122,0.13415498672221024,,,,
explicit_jump,state,350,8.339545582958397e+16,25.942306416835137,484.2713583368965,21.926212395739103,0.13455381698796592,,,,
explicit_jump,state,351,8.392127947177384e+16,28.180330844790145,505.1673108810188,21.09529948635817,0.13479622814360104,,,,
explicit_jump,state,352,8.442972073501077e+16,30.457597845618995,526.9649425533376,20.32676125741424,0.13490438460167378,,,,
explicit_jump,state,353,8.492275835283067e+16,32.76940665051419,549.7031616184292,19.61070683332961,0.13487360119040512,,,,
explicit_jump,state,354,8.540176785065029e+16,35.109568315866554,573.4225552674534,18.933811837929575,0.13465816273728726,,,,
explicit_jump,state,355,8.586781866413437e+16,37.471353017059094,598.1654620653312,18.29370721135964,0.13427934292614965,,,,
explicit_jump,state,356,8.632193283942672e+16,39.84860791581163,623.9760475241093,17.688506969392687,0.13375977047581622,,,,
explicit_jump,state,357,8.67650798131071e+16,42.235695973590616,650.9003829373587,17.11622569660694,0.1331190185944566,,,,
explicit_jump,state,358,8.719817212403085e+16,44.627420590779955,678.9865276163703,16.57485809568851,0.13237392877839957,,,,
explicit_jump,state,359,8.762206419765339e+16,47.01895498474886,708.2846146748938,16.062433536222986,0.13153893972731756,,,,
explicit_jump,state,360,8.803755320172506e+16,49.40577782400469,738.8469405155909,15.57705186264006,0.13062640056193933,,,,
explicit_jump,state,361,8.844538123857573e+16,51.78361567734951,770.7280581778836,15.116905476605814,0.1296468575554353,,,,
explicit_jump,state,362,8.88462383467785e+16,54.14839225075627,803.9848747138664,14.6802915807773,0.12860930993581296,,,,
explicit_jump,state,363,8.924076594199797e+16,56.49618405152586,838.676752766062,14.265617523118724,0.12752143413582678,,,,
explicit_jump,state,364,8.962956044296368e+16,58.823181951967555,874.8656165283634,13.871401421792594,0.12638977801630705,,,,
explicit_jump,state,365,9.001317691285283e+16,61.1256580620332,912.6160622792634,13.496269661538802,0.12521992767339898,,,,
explicit_jump,state,366,9.039213260667154e+16,63.39993732049736,951.9954736847227,13.138952405602438,0.12401664987077737,,,,
explicit_jump,state,367,9.076691035770149e+16,65.64237324998052,993.0741420764284,12.798277934053775,0.12278401318477798,,,,
explicit_jump,state,368,9.113796176554827e+16,67.84932737487605,1035.9253919201972,12.473166374184853,0.12152549078651848,,,,
explicit_jump,state,369,9.15057101684159e+16,70.01715186218917,1080.6257116984211,12.162623210324048,0.12024404751800828,,,,
explicit_jump,state,370,9.18705533956377e+16,72.14217500702483,1127.2548904402468,11.865732831981116,0.11894221361360553,,,,
explicit_jump,state,371,9.223286630518058e+16,74.2206892433496,1175.896160143111,11.581652287664948,0.11762214711114437,,,,
explicit_jump,state,372,9.259300311623786e+16,76.24894141492432,1226.6363443399384,11.309605347105839,0.11628568670856053,,,,
explicit_jump,state,373,9.29512995501535e+16,78.22312509023826,1279.5660130771043,11.048876929575318,0.11493439656135385,,,,
explicit_jump,state,374,9.330807479451072e+16,80.13937474882749,1334.7796445798763,10.79880792506067,0.11356960428693236,,,,
explicit_jump,state,375,9.36636333057793e+16,81.9937617048009,1392.375793893823,10.558790414214391,0.11219243324351587,,,,
explicit_jump,state,376,9.401826646581622e+16,83.7822916672239,1452.457268803297,10.32826327933691,0.11080382998168863,,,,
explicit_jump,state,377,9.437225410699874e+16,85.50090386673129,1515.1313133409149,10.10670819005068,0.10940458762293127,,,,
explicit_jump,state,378,9.472586592001469e+16,87.1454717039094,1580.509799215669,9.893645942255201,0.10799536579830223,,,,
explicit_jump,state,379,9.507936275745923e+16,88.71180489810158,1648.7094255013103,9.688633126321934,0.10657670767876658,,,,
explicit_jump,state,380,9.543299784546654e+16,90.19565313579295,1719.8519269414924,9.491259099510131,0.10514905454358268,,,,
explicit_jump,state,381,9.578701791469491e+16,91.59271123601745,1794.0642912434243,9.301143237704226,0.10371275826210398,,,,
explicit_jump,state,382,9.614166426111397e+16,92.8986258666204,1871.4789857480039,9.117932442396016,0.10226809200508771,,,,
explicit_jump,state,383,9.649717374623397e+16,94.10900385996652,1952.2341938809,8.941298880086876,0.10081525945222904,,,,
explicit_jump,state,384,9.685377974568266e+16,95.21942219001926,2036.4740618067758,8.770937932773947,0.09935440272152801,,,,
explicit_jump,state,385,9.721171305437477e+16,96.22543968475993,2124.3489557268194,8.606566339781098,0.09788560921190276,,,,
explicit_jump,state,386,9.757120275594174e+16,97.12261055877953,2216.0157302788966,8.447920512811189,0.09640891752204778,,,,
explicit_jump,state,387,9.793247706358523e+16,97.90649986057343,2311.6380085194546,8.294755007674759,0.09492432258496399,,,,
explicit_jump,state,388,9.829576413909195e+16,98.57270093760359,2411.3864739868372,8.146841137655679,0.09343178013809302,,,,
explicit_jump,state,389,9.86612928963922e+16,99.11685502947562,2515.4391753674495,8.00396571488457,0.09193121063291951,,,,
explicit_jump,state,390,9.90292937957564e+16,99.5346731054829,2623.981844308476,7.865929907396549,0.09042250267476376,,,,
explicit_jump,state,391,9.939999963450237e+16,99.82196006710006,2737.20822694459,7.732548200745296,0.08890551607283198,,,,
explicit_jump,state,392,9.97736463399232e+16,99.9746414384976,2855.3204297302445,7.603647454132787,0.0873800845721073,,,,
explicit_jump,state,393,1.0015047377004256e+17,99.98879266845488,2978.529280195024,7.479066041994407,0.08584601833205835,,,,
explicit_jump,state,394,1.0053072652775288e+17,99.86067116474342,3107.0547032658264,7.3586530728594335,0.08430310621223411,,,,
explicit_jump,state,395,1.0091465479389622e+17,99.58675117660694,3241.1261138277855,7.24226767809061,0.08275111792142384,,,,
explicit_jump,state,396,1.0130251518489603e+17,99.16376163174132,3380.9828262244414,7.129778363801245,0.08118980608510255,,,,
explicit_jump,state,397,1.0169457164064706e+17,98.58872702041289,3526.8744814283205,7.021062419857759,0.07961890828526648,,,,
explicit_jump,state,398,1.0209109634851069e+17,97.85901140013601,3679.0614926441967,6.916005380406567,0.07803814912747851,,,,
explicit_jump,state,399,1.0249237070944443e+17,96.97236556859467,3837.8155101406423,6.8145005308194095,0.07644724239197535,,,,
explicit_jump,state,400,1.02898686352513e+17,95.92697741898084,4003.4199061394024,6.7164484563356766,0.07484589332908717,,,,
explicit_jump,state,401,1.033103462042796e+17,94.72152544918595,4176.170280628222,6.621756627995429,0.07323380116404082,,,,
explicit_jump,state,402,1.0372766561985475e+17,93.3552353426422,4356.3749889998935,6.5303390217052515,0.0716106618825624,,,,
explicit_jump,state,403,1.0415097358268046e+17,91.82793947215048,4544.355692459535,6.442115766460875,0.06997617137667904,,,,
explicit_jump,state,404,1.0458061398043653e+17,90.14013909660048,4740.447932182235,6.357012817866142,0.06833002903990379,,,,
explicit_jump,state,405,1.0501694696476942e+17,88.29306892163905,4945.001728246319,6.274961653135018,0.06667194191271773,,,,
explicit_jump,state,406,1.0546035040283738e+17,86.28876357644153,5158.382204410991,6.195898983741275,0.06500162949315469,,,,
explicit_jump,state,407,1.0591122142892648e+17,84.13012541687874,5380.970239853754,6.119766481784858,0.06331882934351157,,,,
explicit_jump,state,408,1.0636997810459227e+17,81.82099289752583,5613.163149030821,6.046510515972207,0.06162330364295462,,,,
explicit_jump,state,409,1.0683706119588646e+17,79.36620855803832,5855.375390874258,5.976081892855626,0.059914846857223855,,,,
explicit_jump,state,410,1.073129360761998e+17,76.77168544044133,6108.039308591383,5.908435598640979,0.05819329472086298,,,,
explicit_jump,state,411,1.0779809476303747e+17,74.04447049020818,6371.605901387469,5.843530536450351,0.05645853475442504,,,,
explicit_jump,state,412,1.0829305809657434e+17,71.19280319374862,6646.545629488667,5.781329253417128,0.0547105185688009,,,,
explicit_jump,state,413,1.0879837806704238e+17,68.22616736732623,6933.3492539026665,5.72179765139723,0.05294927624079148,,,,
explicit_jump,state,414,1.0931464029677552e+17,65.15533363869076,7232.528712415554,5.664904674411718,0.05117493307761822,,,,
explicit_jump,state,415,1.0984246668097107e+17,61.99238975675934,7544.618033388967,5.610621965208983,0.04938772912203307,,,,
explicit_jump,state,416,1.1038251818878014e+17,58.75075543447738,7870.174288988093,5.558923482579925,0.04758804178224037,,,,
explicit_jump,state,417,1.1093549782305994e+17,55.44517798893525,8209.778589542726,5.509785070322976,0.04577641199924833,,,,
explicit_jump,state,418,1.1150215373282917e+17,52.091704611734464,8564.0371208154,5.463183968109239,0.04395357438470045,,,,
explicit_jump,state,419,1.1208328246698366e+17,48.707626711817056,8933.5822260291,5.419098254042081,0.04212049176934779,,,,
explicit_jump,state,420,1.1267973235095035e+17,45.311391465049915,9319.073534584983,5.377506208582492,0.04027839458902603,,,,
explicit_jump,state,421,1.13292406959522e+17,41.92247553696539,9721.19913948568,5.338385589910752,0.03842882549197501,,,,
explicit_jump,state,422,1.1392226864897061e+17,38.561215991779854,10140.676825565053,5.301712811964125,0.036573689466908456,,,,
explicit_jump,state,423,1.1457034209964686e+17,35.248593755470395,10578.255350717578,5.267462018638168,0.03471530965103996,,,,
explicit_jump,state,424,1.1523771780670072e+17,32.00596577581929,11034.715782413623,5.2356040513370035,0.03285648876452728,,,,
explicit_jump,state,425,1.1592555544161048e+17,28.854743346403627,11510.872891886831,5.2061053126230865,0.031000575813590076,,,,
explicit_jump,state,426,1.166350869914604e+17,25.816016071669004,12007.576608481504,5.178926536583921,0.029151537288847403,,,,
explicit_jump,state,427,1.1736761956736901e+17,22.91012377745302,12525.71353675696,5.154021487088699,0.027314031537929277,,,,
explicit_jump,state,428,1.1812453775963269e+17,20.15618241679929,13066.208539055942,5.131335618594439,0.02549348429224435,,,,
explicit_jump,state,429,1.1890730540713267e+17,17.571574720317205,13630.026386362284,5.110804750526762,0.023696162455076865,,,,
explicit_jump,state,430,1.1971746664509216e+17,15.171421916491376,14218.173480394518,5.092353824965007,0.021929242179010423,,,,
explicit_jump,state,431,1.2055664610167696e+17,12.96805905210693,14831.69965000984,5.075895837142827,0.020200865905866516,,,,
explicit_jump,state,432,1.2142654813383496e+17,10.970542796561212,15471.700025123833,5.061331046918781,0.018520181250596353,,,,
explicit_jump,state,433,1.2232895502965555e+17,9.184226355411383,16139.31699149201,5.04854659354854,0.016897352019146616,,,,
explicit_jump,state,434,1.2326572416093856e+17,7.610440191786181,16835.742229841635,5.0374166413866375,0.015343527510406891,,,,
explicit_jump,state,435,1.2423878414617314e+17,6.246318359319234,17562.218842994214,5.02780317541264,0.01387074918138936,,,,
explicit_jump,state,436,1.252501301780826e+17,5.084806995548369,18320.043574774914,5.0195575376588515,0.012491761584935685,,,,
explicit_jump,state,437,1.2630181877427696e+17,4.114882702898275,19110.569124670317,5.0125227451165175,0.011219674789387835,,,,
explicit_jump,state,438,1.2739596231233448e+17,3.3219935257265067,19935.206562364994,5.006536556183518,0.010067398240076525,,,,
explicit_jump,state,439,1.2853472379519328e+17,2.6887144175721684,20795.4278464686,5.001435160997634,0.00904674103039823,,,,
explicit_jump,state,440,1.2972031233985157e+17,2.195584302849792,21692.76845192723,4.997057272283651,0.008167083854694154,,,,
explicit_jump,state,441,1.3095497987402482e+17,1.8220664523884413,22628.8301108107,4.9932483049737515,0.007433638761115729,,,,
explicit_jump,state,442,1.3224101944983339e+17,1.5475525579253784,23605.283671366797,4.98986427572237,0.006845587696772931,,,,
explicit_jump,state,443,1.3358076544053368e+17,1.352318674476605,24623.872080446727,4.986775046813552,0.006394769342281289,,,,
explicit_jump,state,444,1.3497659569022376e+17,1.218342274651267,25686.41349462406,4.983866593904721,0.0060657549572813545,,,,
explicit_jump,state,445,1.3643093546600072e+17,1.1299058340440065,26794.804525562464,4.981042090825783,0.005837732935655642,,,,
explicit_jump,state,446,1.3794626285487963e+17,1.0739419854894277,27951.023625423135,4.978221759246302,0.005687699345316298,,,,
explicit_jump,state,447,1.3952511509206747e+17,1.0401130418222444,29157.134618355714,4.975341596851771,0.00559375648922226,,,,
explicit_jump,state,448,1.4117009523184814e+17,1.0206557023081875,30415.29038437601,4.972351240733499,0.005537439074158713,,,,
explicit_jump,state,449,1.4288387858889942e+17,1.010051681309388,31727.736702207447,4.9692113130420905,0.005504682159651183,,,,
explicit_jump,state,450,1.446692184762882e+17,1.0046005678094068,33096.81625794298,4.965890616135132,0.005485677310344511,,,,
explicit_jump,state,451,1.465289509174789e+17,1.0019702466967984,34524.9728266858,4.962363495535869,0.005474109284899119,,,,
explicit_jump,state,452,1.4846599817394576e+17,1.0007851427223082,36014.755634630135,4.958607590572856,0.005466207688536488,,,,
explicit_jump,state,453,1.504833710700727e+17,1.00028939039813,37568.82390937142,4.954602075454054,0.005459881580162748,,,,
explicit_jump,state,454,1.5258417018839632e+17,1.0000980184411616,39189.951626565344,4.950326388677423,0.0054540522908184475,,,,
explicit_jump,state,455,1.547715860441904e+17,1.0000302954403932,40881.03246140962,4.9457593770828945,0.005448199169643244,,,,
explicit_jump,state,456,1.5704889833791824e+17,1.0000084803048652,42645.08495378647,4.940878748879266,0.005442082021748166,,,,
explicit_jump,state,457,1.5941947434506646e+17,1.0000021324269641,44485.2578962867,4.9356607311003815,0.00543558819213056,,,,
explicit_jump,state,458,1.6188676645387146e+17,1.0000004774819589,46404.83595473076,4.930079847751497,0.00542865664914659,,,,
explicit_jump,state,459,1.64454308815962e+17,1.0000000943108331,48407.24553122069,4.92410876186344,0.005421244117548349,,,,
explicit_jump,state,460,1.6712571303945526e+17,1.0000000162660307,50496.060880187404,4.917718148551438,0.0054133115412989844,,,,
explicit_jump,state,461,1.699046628293966e+17,1.0000000024231692,52675.010488352964,4.910876583136756,0.005404819228720514,,,,
explicit_jump,state,462,1.727949074644806e+17,1.000000000308169,54947.98372999112,4.903550438582317,0.005395725261023552,,,,
explicit_jump,state,463,1.7580025398908125e+17,1.000000000033041,57319.03780937094,4.895703791871085,0.005385984978451621,,,,
explicit_jump,state,464,1.7892455799377648e+17,1.0000000000029468,59792.40500277031,4.887298341599771,0.00537555078377031,,,,
explicit_jump,state,465,1.8217171285496598e+17,1.0000000000002156,62372.50021299204,4.878293340433659,0.005364372038403694,,,,
explicit_jump,state,466,1.8554563730478256e+17,1.0000000000000127,65063.928849861964,4.868645546961469,0.005352394998007387,,,,
explicit_jump,state,467,1.8905026120685373e+17,1.0000000000000007,67871.49505077799,4.8583092022392,0.005339562781224052,,,,
explicit_jump,state,468,1.9268950942235696e+17,1.0,70800.21025598269,4.847236037025282,0.0053258153767109465,,,,
explicit_jump,state,469,1.964672836652165e+17,1.0,73855.30215386924,4.835375316395096,0.005311089696364201,,,,
explicit_jump,state,470,2.0038744226624483e+17,1.0,77042.22401228193,4.822673929051762,0.005295319683757599,,,,
explicit_jump,state,471,2.044537777946517e+17,1.0,80366.6644124717,4.80907652917407,0.005278436487506328,,,,
explicit_jump,state,472,2.0866999252263414e+17,1.0,83834.55740308312,4.794525739000575,0.005260368709718869,,,,
explicit_jump,state,473,2.1303967176563958e+17,1.0,87452.09309229109,4.778962420467793,0.0052410427398538436,,,,
explicit_jump,state,474,2.1756625518808534e+17,1.0,91225.72869700067,4.7623260240164775,0.005220383184053383,,,,
explicit_jump,state,475,2.222530062320737e+17,1.0,95162.20006882792,4.744555022061658,0.00519831339926757,,,,
explicit_jump,state,476,2.2710297990482304e+17,1.0,99268.53371743915,4.725587433495105,0.005174756140098581,,,,
explicit_jump,state,477,2.321189892482105e+17,1.0,103552.05935270591,4.705361443863356,0.005149634324167389,,,,
explicit_jump,state,478,2.37303570909292e+17,1.0,108020.42296806788,4.683816123464615,0.005122871918845711,,,,
explicit_jump,state,479,2.4265895033115258e+17,1.0,112681.6004884501,4.6608922424847,0.005094394948340676,,,,
explicit_jump,flux,,,,1.0,,,100000000000000.0,3.7281807274840413e-32,3.7281807274840413e-32,0.0
explicit_jump,flux,,,,1.075094254410704,,,100000000000000.0,4.635086397935764e-32,4.635086397935764e-32,0.0
explicit_jump,flux,,,,1.1558276558669076,,,100000000000000.0,5.760821469903066e-32,5.760821469903066e-32,0.0
explicit_jump,flux,,,,1.242623671911505,,,100000000000000.0,7.158677310042573e-32,7.158677310042573e-32,0.0
explicit_jump,flux,,,,1.3359375700667908,,,100000000000000.0,8.893717110674113e-32,8.893717110674113e-32,0.0
explicit_jump,flux,,,,1.4362588058302042,,,100000000000000.0,1.1056724402847232e-31,1.1056724402847232e-31,0.0
explicit_jump,flux,,,,1.5441135899948315,,,100000000000000.0,1.3741723897183738e-31,1.3741723897183738e-31,0.0
explicit_jump,flux,,,,1.6600676487609292,,,100000000000000.0,1.7074354909742854e-31,1.7074354909742854e-31,0.0
explicit_jump,flux,,,,1.7847291911159615,,,100000000000000.0,2.121343684631352e-31,2.121343684631352e-31,0.0
explicit_jump,flux,,,,1.9187520990478337,,,100000000000000.0,2.6369956321879846e-31,2.6369956321879846e-31,0.0
explicit_jump,flux,,,,2.0628393573248043,,,100000000000000.0,3.2771793716342504e-31,3.2771793716342504e-31,0.0
explicit_jump,flux,,,,2.2177467408321663,,,100000000000000.0,4.071406806746649e-31,4.071406806746649e-31,0.0
explicit_jump,flux,,,,2.384286778806727,,,100000000000000.0,5.059354678543553e-31,5.059354678543553e-31,0.0
explicit_jump,flux,,,,2.5633330167625172,,,100000000000000.0,6.288608787400189e-31,6.288608787400189e-31,0.0
explicit_jump,flux,,,,2.7558245984626395,,,100000000000000.0,7.814462943919225e-31,7.814462943919225e-31,0.0
explicit_jump,flux,,,,2.962771191970869,,,100000000000000.0,9.705933129817472e-31,9.705933129817472e-31,0.0
explicit_jump,flux,,,,3.1852582856214346,,,100000000000000.0,1.2064419055353956e-30,1.2064419055353956e-30,0.0
explicit_jump,flux,,,,3.4244528816856934,,,100000000000000.0,1.4994118927655513e-30,1.4994118927655513e-30,0.0
explicit_jump,flux,,,,3.6816096176004676,,,100000000000000.0,1.8628756954849372e-30,1.8628756954849372e-30,0.0
explicit_jump,flux,,,,3.9580773468654518,,,100000000000000.0,2.3139723508986027e-30,2.3139723508986027e-30,0.0
explicit_jump,flux,,,,4.25530621412821,,,100000000000000.0,2.8760140448122483e-30,2.8760140448122483e-30,0.0
explicit_jump,flux,,,,4.5748552615674045,,,100000000000000.0,3.57386759550191e-30,3.57386759550191e-30,0.0
explicit_jump,flux,,,,4.918400606471695,,,100000000000000.0,4.439102226934224e-30,4.439102226934224e-30,0.0
explicit_jump,flux,,,,5.2877442329078415,,,100000000000000.0,5.515517845035365e-30,5.515517845035365e-30,0.0
explicit_jump,flux,,,,5.684823443592558,,,100000000000000.0,6.854327950654814e-30,6.854327950654814e-30,0.0
explicit_jump,flux,,,,6.111721021545632,,,100000000000000.0,8.514999496788479e-30,8.514999496788479e-30,0.0
explicit_jump,flux,,,,6.570676154824828,,,100000000000000.0,1.057347204452631e-29,1.057347204452631e-29,0.0
explicit_jump,flux,,,,7.06409618164559,,,100000000000000.0,1.3138595135178753e-29,1.3138595135178753e-29,0.0
explicit_jump,flux,,,,7.594569217491768,,,100000000000000.0,1.632226481766054e-29,1.632226481766054e-29,0.0
explicit_jump,flux,,,,8.164877730449795,,,100000000000000.0,2.0266809867827153e-29,2.0266809867827153e-29,0.0
explicit_jump,flux,,,,8.778013135972484,,,100000000000000.0,2.516458612774957e-29,2.516458612774957e-29,0.0
explicit_jump,flux,,,,9.437191487625704,,,100000000000000.0,3.1253109923998217e-29,3.1253109923998217e-29,0.0
explicit_jump,flux,,,,10.14587034612,,,100000000000000.0,3.879523192682943e-29,3.879523192682943e-29,0.0
explicit_jump,flux,,,,10.907766915109553,,,100000000000000.0,4.8123846707044736e-29,4.8123846707044736e-29,0.0
explicit_jump,flux,,,,11.72687753888545,,,100000000000000.0,5.972057798916296e-29,5.972057798916296e-29,0.0
explicit_jump,flux,,,,12.607498664233685,,,100000000000000.0,7.407628301483366e-29,7.407628301483366e-29,0.0
explicit_jump,flux,,,,13.554249376408261,,,100000000000000.0,9.180026619247403e-29,9.180026619247403e-29,0.0
explicit_jump,flux,,,,14.57209562742639,,,100000000000000.0,1.1369834281784952e-28,1.1369834281784952e-28,0.0
explicit_jump,flux,,,,15.666376283769456,,,100000000000000.0,1.4077935791631857e-28,1.4077935791631857e-28,0.0
explicit_jump,flux,,,,16.84283113011666,,,100000000000000.0,1.7410594710914915e-28,1.7410594710914915e-28,0.0
explicit_jump,flux,,,,18.107630975998166,,,100000000000000.0,2.1499269864034765e-28,2.1499269864034765e-28,0.0
explicit_jump,flux,,,,19.467410023284916,,,100000000000000.0,2.652833316188112e-28,2.652833316188112e-28,0.0
explicit_jump,flux,,,,20.929300664290967,,,100000000000000.0,3.2680231886757205e-28,3.2680231886757205e-28,0.0
explicit_jump,flux,,,,22.50097089301335,,,100000000000000.0,6.4585918607464375e-28,4.0158940011290933e-28,2.442697859617344e-28
explicit_jump,flux,,,,24.19066452574114,,,100000000000000.0,7.689189955100423e-26,4.890644312692856e-28,7.640283511973494e-26
explicit_jump,flux,,,,26.007244442001138,,,100000000000000.0,6.726824074095353e-25,5.871947609232306e-28,6.720952126486121e-25
explicit_jump,flux,,,,27.96023907265014,,,100000000000000.0,2.0065239168868537e-24,7.038986979649989e-28,2.0058200181888887e-24
explicit_jump,flux,,,,30.059892378955837,,,100000000000000.0,4.057702864239018e-24,8.428050470010564e-28,4.056860059192017e-24
explicit_jump,flux,,,,32.31721758481955,,,100000000000000.0,6.78544388709417e-24,1.0084542927625053e-27,6.784435432801408e-24
explicit_jump,flux,,,,34.74405494398007,,,100000000000000.0,1.0096448070964556e-23,1.2082197857338896e-27,1.0095239851178823e-23
explicit_jump,flux,,,,37.353133845202784,,,100000000000000.0,1.400786650084027e-23,1.4452379491128922e-27,1.4006421262891157e-23
explicit_jump,flux,,,,40.15813958121152,,,100000000000000.0,1.846393074379732e-23,1.726590697262095e-27,1.8462204153100058e-23
explicit_jump,flux,,,,43.173785131583585,,,100000000000000.0,2.3523772764552956e-23,2.0605588597560875e-27,2.35217122056932e-23
explicit_jump,flux,,,,46.4158883361278,,,100000000000000.0,2.9273975495046705e-23,2.454443512449505e-27,2.9271521051534255e-23
explicit_jump,flux,,,,49.90145486353981,,,100000000000000.0,3.575084243357867e-23,2.916526849253542e-27,3.574792590672942e-23
explicit_jump,flux,,,,53.64876741052673,,,100000000000000.0,4.3090205681337193e-23,3.4560364644773035e-27,4.3086749644872714e-23
explicit_jump,flux,,,,57.67748159927351,,,100000000000000.0,5.140450475935229e-23,4.085217378949981e-27,5.140041954197334e-23
explicit_jump,flux,,,,62.008729076258064,,,100000000000000.0,6.08136743205133e-23,4.8145484242911324e-27,6.080885977208901e-23
explicit_jump,flux,,,,66.665228353195,,,100000000000000.0,7.148117512516605e-23,5.656268388095138e-27,7.147551885677795e-23
explicit_jump,flux,,,,71.67140397149751,,,100000000000000.0,8.350916855403981e-23,6.622465514266147e-27,8.350254608852554e-23
explicit_jump,flux,,,,77.05351461530549,,,100000000000000.0,9.716386412784069e-23,7.729146965761811e-27,9.715613498087493e-23
explicit_jump,flux,,,,82.83979084506615,,,100000000000000.0,1.1254378836347207e-22,8.989305517059138e-27,1.1253479905795501e-22
explicit_jump,flux,,,,89.06058317411505,,,100000000000000.0,1.297857040529181e-22,1.0416640036203327e-26,1.297752874128819e-22
explicit_jump,flux,,,,95.74852126495772,,,100000000000000.0,1.490555154497596e-22,1.2028353742475559e-26,1.4904348709601715e-22
explicit_jump,flux,,,,102.93868508027717,,,100000000000000.0,1.7051371430203198e-22,1.384291516468913e-26,1.704998713868673e-22
explicit_jump,flux,,,,110.6687888863989,,,100000000000000.0,1.938645788650938e-22,1.5876860704238582e-26,1.9384870200438957e-22
explicit_jump,flux,,,,118.97937907435858,,,100000000000000.0,2.150459409304808e-22,1.8125516515936817e-26,2.1502781541396483e-22
explicit_jump,flux,,,,127.91404683619612,,,100000000000000.0,2.1980411140221656e-22,2.0505662731050593e-26,2.197836057394855e-22
explicit_jump,flux,,,,137.51965681201608,,,100000000000000.0,2.127025993170015e-22,2.298544784712539e-26,2.126796138691544e-22
explicit_jump,flux,,,,147.8465929071304,,,100000000000000.0,1.9822631008907312e-22,2.5550223923997552e-26,1.9820075986514912e-22
explicit_jump,flux,,,,158.94902256865416,,,100000000000000.0,1.813532373227121e-22,2.819154625487508e-26,1.8132504577645723e-22
explicit_jump,flux,,,,170.8851809077575,,,100000000000000.0,1.6535725471838018e-22,3.090803310796785e-26,1.6532634668527222e-22
explicit_jump,flux,,,,183.71767615786374,,,100000000000000.0,1.454349923394762e-22,3.3684697752833044e-26,1.4540130764172335e-22
explicit_jump,flux,,,,197.5138180710058,,,100000000000000.0,1.2741739735807374e-22,3.655368341470004e-26,1.2738084367465904e-22
explicit_jump,flux,,,,212.3459709748593,,,100000000000000.0,1.1269770862720432e-22,3.9548771215655125e-26,1.1265815985598866e-22
explicit_jump,flux,,,,228.2919333423335,,,100000000000000.0,9.765101404578922e-23,4.2749971330921496e-26,9.76082640744583e-23
explicit_jump,flux,,,,245.43534586465407,,,100000000000000.0,8.373733138321846e-23,4.632428613843412e-26,8.369100709708003e-23
explicit_jump,flux,,,,263.8661301683937,,,100000000000000.0,7.264088879146792e-23,5.050741045131274e-26,7.25903813810166e-23
explicit_jump,flux,,,,283.6809604776268,,,100000000000000.0,6.223300646813616e-23,5.5561875589748e-26,6.21774445925464e-23
explicit_jump,flux,,,,304.9837706952068,,,100000000000000.0,5.261446838944683e-23,6.179072634262766e-26,5.25526776631042e-23
explicit_jump,flux,,,,327.8862995629283,,,100000000000000.0,4.4905123831963065e-23,6.948367524160396e-26,4.4835640156721464e-23
explicit_jump,flux,,,,352.5086767600913,,,100000000000000.0,3.85651049861173e-23,7.855552540644997e-26,3.848654946071085e-23
explicit_jump,flux,,,,378.9800530146941,,,100000000000000.0,3.235502517986634e-23,8.901948686075303e-26,3.2266005693005586e-23
explicit_jump,flux,,,,407.4392775323618,,,100000000000000.0,2.731099022224352e-23,1.0093977216293167e-25,2.721005045008059e-23
explicit_jump,flux,,,,438.0356262962902,,,100000000000000.0,2.3206331790123672e-23,1.146293966828749e-25,2.3091702393440796e-23
explicit_jump,flux,,,,470.92958505833616,,,100000000000000.0,1.9769827526578543e-23,1.3060080315777318e-25,1.9639226723420768e-23
explicit_jump,flux,,,,506.29369112823395,,,100000000000000.0,1.654144846835326e-23,1.4915554775077763e-25,1.6392292920602483e-23
explicit_jump,flux,,,,544.3134383763522,,,100000000000000.0,1.388625279197513e-23,1.7028175889243438e-25,1.3715971033082695e-23
explicit_jump,flux,,,,585.1882501969508,,,100000000000000.0,1.1662715036880276e-23,1.9400767162899566e-25,1.146870736525128e-23
explicit_jump,flux,,,,629.1325255353956,,,100000000000000.0,9.840873587484051e-24,2.1981681197506746e-25,9.621056775508983e-24
explicit_jump,flux,,,,676.3767634659991,,,100000000000000.0,8.305621417037544e-24,2.476859068867979e-25,8.057935510150746e-24
explicit_jump,flux,,,,727.1687722192038,,,100000000000000.0,7.020716878380359e-24,2.775171409085093e-25,6.74319973747185e-24
explicit_jump,flux,,,,781.7749689997516,,,100000000000000.0,5.937297128906109e-24,3.0938047982487976e-25,5.627916649081229e-24
explicit_jump,flux,,,,840.4817774137397,,,100000000000000.0,5.016049038814778e-24,3.434172354841794e-25,4.672631803330599e-24
explicit_jump,flux,,,,903.5971298344073,,,100000000000000.0,4.248156890525116e-24,3.7986798774313747e-25,3.868288902781979e-24
explicit_jump,flux,,,,971.4520825869747,,,100000000000000.0,3.612551703492437e-24,4.190682502876996e-25,3.1934834532047376e-24
explicit_jump,flux,,,,1044.4025524245699,,,100000000000000.0,3.092872313490383e-24,4.6105720086930385e-25,2.6318151126210794e-24
explicit_jump,flux,,,,1122.8311834035287,,,100000000000000.0,2.673118823625538e-24,5.060546651106202e-25,2.167064158514918e-24
explicit_jump,flux,,,,1207.1493539503058,,,100000000000000.0,2.3369081297761894e-24,5.536383925142552e-25,1.783269737261934e-24
explicit_jump,flux,,,,1297.7993346475664,,,100000000000000.0,2.0733592888929217e-24,6.03690655303625e-25,1.4696686335892967e-24
explicit_jump,flux,,,,1395.256608057634,,,100000000000000.0,1.867110049999256e-24,6.561032936350585e-25,1.2110067563641975e-24
explicit_jump,flux,,,,1500.032362751329,,,100000000000000.0,1.7108111279404697e-24,7.106456373774632e-25,1.0001654905630063e-24
explicit_jump,flux,,,,1612.6761746240677,,,100000000000000.0,1.5870840794558525e-24,7.672584429272875e-25,8.198256365285649e-25
explicit_jump,flux,,,,1733.7788895633676,,,100000000000000.0,1.4994728942158921e-24,8.259738367894837e-25,6.734990574264083e-25
explicit_jump,flux,,,,1863.975722588148,,,100000000000000.0,1.441839104818626e-24,8.865222358798399e-25,5.55316868938786e-25
explicit_jump,flux,,,,2003.9495897155573,,,100000000000000.0,1.4039410374189296e-24,9.492948695789153e-25,4.546461678400143e-25
explicit_jump,flux,,,,2154.4346900318847,,,100000000000000.0,1.3894691213441338e-24,1.0142472268688993e-24,3.752218944752344e-25
explicit_jump,flux,,,,2316.220356756384,,,100000000000000.0,1.3875648855991047e-24,1.0814584489419146e-24,3.0610643665719024e-25
explicit_jump,flux,,,,2490.1551974979006,,,100000000000000.0,1.402678602629856e-24,1.1509191555702881e-24,2.5175944705956777e-25
explicit_jump,flux,,,,2677.151545420944,,,100000000000000.0,1.428451452279318e-24,1.2226225831130714e-24,2.0582886916624655e-25
explicit_jump,flux,,,,2878.190244668795,,,100000000000000.0,1.4651320673718765e-24,1.2969040006927366e-24,1.6822806667913981e-25
explicit_jump,flux,,,,3094.325795144359,,,100000000000000.0,1.5116103838324628e-24,1.3735036555616848e-24,1.3810672827077814e-25
explicit_jump,flux,,,,3326.691883634535,,,100000000000000.0,1.5654697480706712e-24,1.4522446572298118e-24,1.1322509084085944e-25
explicit_jump,flux,,,,3576.507330290209,,,100000000000000.0,1.6252924521634596e-24,1.5322615854409101e-24,9.303086672254949e-26
explicit_jump,flux,,,,3845.082481652772,,,100000000000000.0,1.6895857549788405e-24,1.6129646531084098e-24,7.662110187043076e-26
explicit_jump,flux,,,,4133.826083760145,,,100000000000000.0,1.7573789561525574e-24,1.693898905831971e-24,6.348005032058621e-26
explicit_jump,flux,,,,4444.252671383635,,,100000000000000.0,1.8269915853173198e-24,1.774211368716805e-24,5.278021660051471e-26
explicit_jump,flux,,,,4777.990512153967,,,100000000000000.0,1.8976574280770258e-24,1.8536929038201308e-24,4.396452425689505e-26
explicit_jump,flux,,,,5136.79014724559,,,100000000000000.0,1.968418422472736e-24,1.9316407368364344e-24,3.6777685636301494e-26
explicit_jump,flux,,,,5522.533573417245,,,100000000000000.0,2.0383015667525516e-24,2.0073612305781967e-24,3.094033617435478e-26
explicit_jump,flux,,,,5937.244114571097,,,100000000000000.0,2.106380163768246e-24,2.0802875539980212e-24,2.609260977022468e-26
explicit_jump,flux,,,,6383.097034609152,,,100000000000000.0,2.1717527416525464e-24,2.149745820076746e-24,2.2006921575800636e-26
explicit_jump,flux,,,,6862.4309472543055,,,100000000000000.0,2.233597985779167e-24,2.215066234871494e-24,1.8531750907672984e-26
explicit_jump,flux,,,,7377.760082683305,,,100000000000000.0,2.2909394048816033e-24,2.2754693996754936e-24,1.547000520610955e-26
explicit_jump,flux,,,,7931.787475313466,,,100000000000000.0,2.3428845729716482e-24,2.330195632907714e-24,1.2688940063934438e-26
explicit_jump,flux,,,,8527.419141916287,,,100000000000000.0,2.3883016381693378e-24,2.378251362907629e-24,1.0050275261708863e-26
explicit_jump,flux,,,,9167.779324426061,,,100000000000000.0,2.4268361149107203e-24,2.4187851054544467e-24,8.051009456273444e-27
explicit_jump,flux,,,,9856.226877395698,,,100000000000000.0,2.45800305206776e-24,2.451113550102084e-24,6.889501965676253e-27
explicit_jump,flux,,,,10596.372886056477,,,100000000000000.0,2.480904595179663e-24,2.4745671727624343e-24,6.3374224172285614e-27
explicit_jump,flux,,,,11392.099607392682,,,100000000000000.0,2.4943383964303092e-24,2.4882840945499673e-24,6.054301880342004e-27
explicit_jump,flux,,,,12247.58083358233,,,100000000000000.0,2.497510789785772e-24,2.4916350201750158e-24,5.8757696107563175e-27
explicit_jump,flux,,,,13167.303784615016,,,100000000000000.0,2.4895755289237373e-24,2.4838679811106648e-24,5.707547813072527e-27
explicit_jump,flux,,,,14156.092644919916,,,100000000000000.0,2.470094020660074e-24,2.4645544729903286e-24,5.5395476697453825e-27
explicit_jump,flux,,,,15219.13386745902,,,100000000000000.0,2.4379713721681295e-24,2.4326530223016946e-24,5.318349866434935e-27
explicit_jump,flux,,,,16362.003378012576,,,100000000000000.0,2.38745824435265e-24,2.382576397465497e-24,4.881846887152822e-27
explicit_jump,flux,,,,17590.69582234984,,,100000000000000.0,2.2975667754191893e-24,2.2932744475203557e-24,4.292327898833744e-27
explicit_jump,flux,,,,18911.65600969468,,,100000000000000.0,2.1387772766990605e-24,2.1350547043765034e-24,3.7225723225571015e-27
explicit_jump,flux,,,,20331.812717414403,,,100000000000000.0,1.9158358230987243e-24,1.912583713090554e-24,3.252110008170525e-27
explicit_jump,flux,,,,21858.61503424674,,,100000000000000.0,1.6509703390353994e-24,1.6480840442945821e-24,2.8862947408172846e-27
explicit_jump,flux,,,,23500.071432694094,,,100000000000000.0,1.3708375499866019e-24,1.368234148113062e-24,2.60340187353983e-27
explicit_jump,flux,,,,25264.79177553053,,,100000000000000.0,1.1004723017040036e-24,1.098091267192213e-24,2.381034511790712e-27
explicit_jump,flux,,,,27162.03247675567,,,100000000000000.0,8.548445028603205e-25,8.526428051531148e-25,2.2016977072057447e-27
explicit_jump,flux,,,,29201.74505387701,,,100000000000000.0,6.424450914962198e-25,6.403925864019839e-25,2.052505094235899e-27
explicit_jump,flux,,,,31394.628326189355,,,100000000000000.0,4.674126611976338e-25,4.65488550151451e-25,1.924111046182785e-27
explicit_jump,flux,,,,33752.1845328457,,,100000000000000.0,3.3055034690290105e-25,3.2874085481418163e-25,1.8094920887194056e-27
explicit_jump,flux,,,,36286.77966507222,,,100000000000000.0,2.3008396746747798e-25,2.2838038476998867e-25,1.7035826974892927e-27
explicit_jump,flux,,,,39011.70832898638,,,100000000000000.0,1.6169823248482084e-25,1.6009551589415597e-25,1.6027165906648584e-27
explicit_jump,flux,,,,41941.26347923944,,,100000000000000.0,1.1926083635459313e-25,1.1775635369473322e-25,1.5044826598599028e-27
explicit_jump,flux,,,,45090.811389255796,,,100000000000000.0,9.547656313222448e-26,9.406907286863095e-26,1.4074902635935408e-27
explicit_jump,flux,,,,48476.87225130562,,,100000000000000.0,8.309552959646576e-26,8.178439202315336e-26,1.3111375733124044e-27
explicit_jump,flux,,,,52117.20682918044,,,100000000000000.0,7.639368855472198e-26,7.517829384414746e-26,1.2153947105745087e-27
explicit_jump,flux,,,,56030.90961798617,,,100000000000000.0,7.191673801195283e-26,7.079617608262176e-26,1.1205619293310632e-27
explicit_jump,flux,,,,60238.50899970236,,,100000000000000.0,6.813510396289584e-26,6.710797252405805e-26,1.0271314388377902e-27
explicit_jump,flux,,,,64762.07491984746,,,100000000000000.0,6.454769603476264e-26,6.361204697986144e-26,9.356490549011886e-28
explicit_jump,flux,,,,69625.33465004367,,,100000000000000.0,6.104360395127588e-26,6.019692164481694e-26,8.466823064589388e-28
explicit_jump,flux,,,,74853.79724368441,,,100000000000000.0,5.761052610772259e-26,5.684973781406235e-26,7.607882936602464e-28
explicit_jump,flux,,,,80474.88733750887,,,100000000000000.0,5.425534721411915e-26,5.357682602807672e-26,6.785211860424292e-28
explicit_jump,flux,,,,86518.08900090447,,,100000000000000.0,5.098700217618186e-26,5.0386614824316896e-26,6.003873518649638e-28
explicit_jump,flux,,,,93015.10038746646,,,100000000000000.0,4.7814419798721505e-26,4.728758620699985e-26,5.268335917216526e-28
explicit_jump,flux,,,,100000.0,,,100000000000000.0,4.474653914573303e-26,4.42882830324789e-26,4.582561132541331e-28
pion_lbv,profile_raw,0,10000000000000.0,28334439842.63,,,,,,,
pion_lbv,profile_raw,1,1.32e+16,16261.7308555,,,,,,,
pion_lbv,profile_raw,2,1.340771484375e+16,15759.41647451,,,,,,,
pion_lbv,profile_raw,3,1.373876953125e+16,15008.16307948,,,,,,,
pion_lbv,profile_raw,4,1.406982421875e+16,14310.4952772,,,,,,,
pion_lbv,profile_raw,5,1.440087890625e+16,13661.11885173,,,,,,,
pion_lbv,profile_raw,6,1.473193359375e+16,13052.38665281,,,,,,,
pion_lbv,profile_raw,7,1.506298828125e+16,12487.1602903,,,,,,,
pion_lbv,profile_raw,8,1.539404296875e+16,11954.9247461,,,,,,,
pion_lbv,profile_raw,9,1.572509765625e+16,11457.49095509,,,,,,,
pion_lbv,profile_raw,10,1.605615234375e+16,10991.57194091,,,,,,,
pion_lbv,profile_raw,11,1.638720703125e+16,10550.41025298,,,,,,,
pion_lbv,profile_raw,12,1.671826171875e+16,10139.19406982,,,,,,,
pion_lbv,profile_raw,13,1.704931640625e+16,9748.156221166,,,,,,,
pion_lbv,profile_raw,14,1.738037109375e+16,9380.448605057,,,,,,,
pion_lbv,profile_raw,15,1.771142578125e+16,9034.329389271,,,,,,,
pion_lbv,profile_raw,16,1.804248046875e+16,8703.534903309,,,,,,,
pion_lbv,profile_raw,17,1.837353515625e+16,8394.819810676,,,,,,,
pion_lbv,profile_raw,18,1.870458984375e+16,8098.827715699,,,,,,,
pion_lbv,profile_raw,19,1.903564453125e+16,7819.598851422,,,,,,,
pion_lbv,profile_raw,20,1.936669921875e+16,7556.178449265,,,,,,,
pion_lbv,profile_raw,21,1.969775390625e+16,7302.176598739,,,,,,,
pion_lbv,profile_raw,22,2.002880859375e+16,7065.438611411,,,,,,,
pion_lbv,profile_raw,23,2.035986328125e+16,6836.437441271,,,,,,,
pion_lbv,profile_raw,24,2.069091796875e+16,6619.444769223,,,,,,,
pion_lbv,profile_raw,25,2.102197265625e+16,6414.430460813,,,,,,,
pion_lbv,profile_raw,26,2.135302734375e+16,6214.490932754,,,,,,,
pion_lbv,profile_raw,27,2.168408203125e+16,6028.560555353,,,,,,,
pion_lbv,profile_raw,28,2.201513671875e+16,5847.102039105,,,,,,,
pion_lbv,profile_raw,29,2.234619140625e+16,5674.721598171,,,,,,,
pion_lbv,profile_raw,30,2.267724609375e+16,5512.000377054,,,,,,,
pion_lbv,profile_raw,31,2.300830078125e+16,5351.743348256,,,,,,,
pion_lbv,profile_raw,32,2.333935546875e+16,5203.67690351,,,,,,,
pion_lbv,profile_raw,33,2.367041015625e+16,5057.888884635,,,,,,,
pion_lbv,profile_raw,34,2.400146484375e+16,4919.135714492,,,,,,,
pion_lbv,profile_raw,35,2.433251953125e+16,4788.485318154,,,,,,,
pion_lbv,profile_raw,36,2.466357421875e+16,4657.989974061,,,,,,,
pion_lbv,profile_raw,37,2.499462890625e+16,4538.142609749,,,,,,,
pion_lbv,profile_raw,38,2.532568359375e+16,4418.882458644,,,,,,,
pion_lbv,profile_raw,39,2.565673828125e+16,4304.865529196,,,,,,,
pion_lbv,profile_raw,40,2.598779296875e+16,4198.429960016,,,,,,,
pion_lbv,profile_raw,41,2.631884765625e+16,4034.987992248,,,,,,,
pion_lbv,profile_raw,42,2.664990234375e+16,4035.917083217,,,,,,,
pion_lbv,profile_raw,43,2.698095703125e+16,55743.55255956,,,,,,,
pion_lbv,profile_raw,44,2.731201171875e+16,759879.7840637,,,,,,,
pion_lbv,profile_raw,45,2.764306640625e+16,3054435.221314,,,,,,,
pion_lbv,profile_raw,46,2.797412109375e+16,4396709.490473,,,,,,,
pion_lbv,profile_raw,47,2.830517578125e+16,4112091.609378,,,,,,,
pion_lbv,profile_raw,48,2.863623046875e+16,2926299.477758,,,,,,,
pion_lbv,profile_raw,49,2.896728515625e+16,1640707.630702,,,,,,,
pion_lbv,profile_raw,50,2.929833984375e+16,1139723.398385,,,,,,,
pion_lbv,profile_raw,51,2.962939453125e+16,960729.0067437,,,,,,,
pion_lbv,profile_raw,52,2.996044921875e+16,891571.8161798,,,,,,,
pion_lbv,profile_raw,53,3.029150390625e+16,857236.5929321,,,,,,,
pion_lbv,profile_raw,54,3.062255859375e+16,833945.4242778,,,,,,,
pion_lbv,profile_raw,55,3.095361328125e+16,814707.4085246,,,,,,,
pion_lbv,profile_raw,56,3.128466796875e+16,797472.7697676,,,,,,,
pion_lbv,profile_raw,57,3.161572265625e+16,781395.2712706,,,,,,,
pion_lbv,profile_raw,58,3.194677734375e+16,765872.471039,,,,,,,
pion_lbv,profile_raw,59,3.227783203125e+16,750480.146234,,,,,,,
pion_lbv,profile_raw,60,3.260888671875e+16,735040.805978,,,,,,,
pion_lbv,profile_raw,61,3.293994140625e+16,719674.8563357,,,,,,,
pion_lbv,profile_raw,62,3.327099609375e+16,704842.3729639,,,,,,,
pion_lbv,profile_raw,63,3.360205078125e+16,690816.6609931,,,,,,,
pion_lbv,profile_raw,64,3.393310546875e+16,677630.8963534,,,,,,,
pion_lbv,profile_raw,65,3.426416015625e+16,665077.4062136,,,,,,,
pion_lbv,profile_raw,66,3.459521484375e+16,652837.6814947,,,,,,,
pion_lbv,profile_raw,67,3.492626953125e+16,640667.1661593,,,,,,,
pion_lbv,profile_raw,68,3.525732421875e+16,628469.0862485,,,,,,,
pion_lbv,profile_raw,69,3.558837890625e+16,616134.9662083,,,,,,,
pion_lbv,profile_raw,70,3.591943359375e+16,603473.2070198,,,,,,,
pion_lbv,profile_raw,71,3.625048828125e+16,590205.9279269,,,,,,,
pion_lbv,profile_raw,72,3.658154296875e+16,575964.7437913,,,,,,,
pion_lbv,profile_raw,73,3.691259765625e+16,560292.2722735,,,,,,,
pion_lbv,profile_raw,74,3.724365234375e+16,542655.7391999,,,,,,,
pion_lbv,profile_raw,75,3.757470703125e+16,522477.1009593,,,,,,,
pion_lbv,profile_raw,76,3.790576171875e+16,499180.7727557,,,,,,,
pion_lbv,profile_raw,77,3.823681640625e+16,472254.6549069,,,,,,,
pion_lbv,profile_raw,78,3.856787109375e+16,441313.2344302,,,,,,,
pion_lbv,profile_raw,79,3.889892578125e+16,406144.9740084,,,,,,,
pion_lbv,profile_raw,80,3.922998046875e+16,366721.8563304,,,,,,,
pion_lbv,profile_raw,81,3.956103515625e+16,323148.2921094,,,,,,,
pion_lbv,profile_raw,82,3.989208984375e+16,275528.6281997,,,,,,,
pion_lbv,profile_raw,83,4.022314453125e+16,226618.2437365,,,,,,,
pion_lbv,profile_raw,84,4.055419921875e+16,184568.2265976,,,,,,,
pion_lbv,profile_raw,85,4.088525390625e+16,149619.4898502,,,,,,,
pion_lbv,profile_raw,86,4.121630859375e+16,121035.3044058,,,,,,,
pion_lbv,profile_raw,87,4.154736328125e+16,97945.59616267,,,,,,,
pion_lbv,profile_raw,88,4.187841796875e+16,79467.99693716,,,,,,,
pion_lbv,profile_raw,89,4.220947265625e+16,64778.92492822,,,,,,,
pion_lbv,profile_raw,90,4.254052734375e+16,53149.39151297,,,,,,,
pion_lbv,profile_raw,91,4.287158203125e+16,43958.06790526,,,,,,,
pion_lbv,profile_raw,92,4.320263671875e+16,36690.16187764,,,,,,,
pion_lbv,profile_raw,93,4.353369140625e+16,30928.34907461,,,,,,,
pion_lbv,profile_raw,94,4.386474609375e+16,26339.963674,,,,,,,
pion_lbv,profile_raw,95,4.419580078125e+16,22663.16681664,,,,,,,
pion_lbv,profile_raw,96,4.452685546875e+16,19693.84208664,,,,,,,
pion_lbv,profile_raw,97,4.485791015625e+16,17274.16064031,,,,,,,
pion_lbv,profile_raw,98,4.518896484375e+16,15283.0360591,,,,,,,
pion_lbv,profile_raw,99,4.552001953125e+16,13628.24381279,,,,,,,
pion_lbv,profile_raw,100,4.585107421875e+16,12239.84234979,,,,,,,
pion_lbv,profile_raw,101,4.618212890625e+16,11064.52998351,,,,,,,
pion_lbv,profile_raw,102,4.651318359375e+16,10060.76692069,,,,,,,
pion_lbv,profile_raw,103,4.684423828125e+16,9195.005209385,,,,,,,
pion_lbv,profile_raw,104,4.717529296875e+16,8441.238420546,,,,,,,
pion_lbv,profile_raw,105,4.750634765625e+16,7780.319474755,,,,,,,
pion_lbv,profile_raw,106,4.783740234375e+16,7197.896132527,,,,,,,
pion_lbv,profile_raw,107,4.816845703125e+16,6683.011323158,,,,,,,
pion_lbv,profile_raw,108,4.849951171875e+16,6227.141741441,,,,,,,
pion_lbv,profile_raw,109,4.883056640625e+16,5823.541115593,,,,,,,
pion_lbv,profile_raw,110,4.916162109375e+16,5466.805986575,,,,,,,
pion_lbv,profile_raw,111,4.949267578125e+16,5152.565107424,,,,,,,
pion_lbv,profile_raw,112,4.982373046875e+16,4877.263862111,,,,,,,
pion_lbv,profile_raw,113,5.015478515625e+16,4638.031544919,,,,,,,
pion_lbv,profile_raw,114,5.048583984375e+16,4432.54735472,,,,,,,
pion_lbv,profile_raw,115,5.081689453125e+16,4258.889426125,,,,,,,
pion_lbv,profile_raw,116,5.114794921875e+16,4115.398303079,,,,,,,
pion_lbv,profile_raw,117,5.147900390625e+16,4000.553633712,,,,,,,
pion_lbv,profile_raw,118,5.181005859375e+16,3912.815416558,,,,,,,
pion_lbv,profile_raw,119,5.214111328125e+16,3850.382755653,,,,,,,
pion_lbv,profile_raw,120,5.247216796875e+16,3810.816298365,,,,,,,
pion_lbv,profile_raw,121,5.280322265625e+16,3790.522694585,,,,,,,
pion_lbv,profile_raw,122,5.313427734375e+16,3784.203384989,,,,,,,
pion_lbv,profile_raw,123,5.346533203125e+16,3784.69264923,,,,,,,
pion_lbv,profile_raw,124,5.379638671875e+16,3790.198403665,,,,,,,
pion_lbv,profile_raw,125,5.412744140625e+16,3804.19273469,,,,,,,
pion_lbv,profile_raw,126,5.445849609375e+16,3829.36330388,,,,,,,
pion_lbv,profile_raw,127,5.478955078125e+16,3868.067545809,,,,,,,
pion_lbv,profile_raw,128,5.512060546875e+16,3922.748787702,,,,,,,
pion_lbv,profile_raw,129,5.545166015625e+16,3996.295074451,,,,,,,
pion_lbv,profile_raw,130,5.578271484375e+16,4092.317750571,,,,,,,
pion_lbv,profile_raw,131,5.611376953125e+16,4215.38227023,,,,,,,
pion_lbv,profile_raw,132,5.644482421875e+16,4371.200456245,,,,,,,
pion_lbv,profile_raw,133,5.677587890625e+16,4566.769999565,,,,,,,
pion_lbv,profile_raw,134,5.710693359375e+16,4810.432188927,,,,,,,
pion_lbv,profile_raw,135,5.743798828125e+16,5111.814938449,,,,,,,
pion_lbv,profile_raw,136,5.776904296875e+16,5481.635536491,,,,,,,
pion_lbv,profile_raw,137,5.810009765625e+16,5931.346371787,,,,,,,
pion_lbv,profile_raw,138,5.843115234375e+16,6472.6077265,,,,,,,
pion_lbv,profile_raw,139,5.876220703125e+16,7116.563196521,,,,,,,
pion_lbv,profile_raw,140,5.909326171875e+16,7872.882112324,,,,,,,
pion_lbv,profile_raw,141,5.942431640625e+16,8748.532728701,,,,,,,
pion_lbv,profile_raw,142,5.975537109375e+16,9746.26443172,,,,,,,
pion_lbv,profile_raw,143,6.008642578125e+16,10862.79742142,,,,,,,
pion_lbv,profile_raw,144,6.041748046875e+16,12037.44784787,,,,,,,
pion_lbv,profile_raw,145,6.074853515625e+16,13053.48133269,,,,,,,
pion_lbv,profile_raw,146,6.107958984375e+16,13892.68341409,,,,,,,
pion_lbv,profile_raw,147,6.141064453125e+16,14568.22938619,,,,,,,
pion_lbv,profile_raw,148,6.174169921875e+16,15093.81279,,,,,,,
pion_lbv,profile_raw,149,6.207275390625e+16,15485.74592521,,,,,,,
pion_lbv,profile_raw,150,6.240380859375e+16,15762.52149927,,,,,,,
pion_lbv,profile_raw,151,6.273486328125e+16,15943.83662362,,,,,,,
pion_lbv,profile_raw,152,6.306591796875e+16,16049.64023208,,,,,,,
pion_lbv,profile_raw,153,6.339697265625e+16,16099.63645094,,,,,,,
pion_lbv,profile_raw,154,6.372802734375e+16,16113.571665,,,,,,,
pion_lbv,profile_raw,155,6.405908203125e+16,16111.16568052,,,,,,,
pion_lbv,profile_raw,156,6.439013671875e+16,16091.70072369,,,,,,,
pion_lbv,profile_raw,157,6.472119140625e+16,16040.81470882,,,,,,,
pion_lbv,profile_raw,158,6.505224609375e+16,15948.30859936,,,,,,,
pion_lbv,profile_raw,159,6.538330078125e+16,15810.1523135,,,,,,,
pion_lbv,profile_raw,160,6.571435546875e+16,15629.37663619,,,,,,,
pion_lbv,profile_raw,161,6.604541015625e+16,15415.65946617,,,,,,,
pion_lbv,profile_raw,162,6.637646484375e+16,15200.57277337,,,,,,,
pion_lbv,profile_raw,163,6.670751953125e+16,15015.62810194,,,,,,,
pion_lbv,profile_raw,164,6.703857421875e+16,14848.88419544,,,,,,,
pion_lbv,profile_raw,165,6.736962890625e+16,14693.15385155,,,,,,,
pion_lbv,profile_raw,166,6.770068359375e+16,14544.31328791,,,,,,,
pion_lbv,profile_raw,167,6.803173828125e+16,14400.1044807,,,,,,,
pion_lbv,profile_raw,168,6.836279296875e+16,14259.36420406,,,,,,,
pion_lbv,profile_raw,169,6.869384765625e+16,14121.46530738,,,,,,,
pion_lbv,profile_raw,170,6.902490234375e+16,13986.01743139,,,,,,,
pion_lbv,profile_raw,171,6.935595703125e+16,13852.7737019,,,,,,,
pion_lbv,profile_raw,172,6.968701171875e+16,13721.57451945,,,,,,,
pion_lbv,profile_raw,173,7.001806640625e+16,13592.30379171,,,,,,,
pion_lbv,profile_raw,174,7.034912109375e+16,13464.87087774,,,,,,,
pion_lbv,profile_raw,175,7.068017578125e+16,13339.22060769,,,,,,,
pion_lbv,profile_raw,176,7.101123046875e+16,13215.29549066,,,,,,,
pion_lbv,profile_raw,177,7.134228515625e+16,13093.02266148,,,,,,,
pion_lbv,profile_raw,178,7.167333984375e+16,12972.38791352,,,,,,,
pion_lbv,profile_raw,179,7.200439453125e+16,12853.40486467,,,,,,,
pion_lbv,profile_raw,180,7.233544921875e+16,12736.04936533,,,,,,,
pion_lbv,profile_raw,181,7.266650390625e+16,12620.27248635,,,,,,,
pion_lbv,profile_raw,182,7.299755859375e+16,12506.04238077,,,,,,,
pion_lbv,profile_raw,183,7.332861328125e+16,12393.35572328,,,,,,,
pion_lbv,profile_raw,184,7.365966796875e+16,12282.23856037,,,,,,,
pion_lbv,profile_raw,185,7.399072265625e+16,12172.67564664,,,,,,,
pion_lbv,profile_raw,186,7.432177734375e+16,12064.59566721,,,,,,,
pion_lbv,profile_raw,187,7.465283203125e+16,11957.92154146,,,,,,,
pion_lbv,profile_raw,188,7.498388671875e+16,11852.60569713,,,,,,,
pion_lbv,profile_raw,189,7.531494140625e+16,11748.62512953,,,,,,,
pion_lbv,profile_raw,190,7.564599609375e+16,11646.00909721,,,,,,,
pion_lbv,profile_raw,191,7.597705078125e+16,11544.77739733,,,,,,,
pion_lbv,profile_raw,192,7.630810546875e+16,11444.89030144,,,,,,,
pion_lbv,profile_raw,193,7.663916015625e+16,11346.27309669,,,,,,,
pion_lbv,profile_raw,194,7.697021484375e+16,11248.88277469,,,,,,,
pion_lbv,profile_raw,195,7.730126953125e+16,11152.7151751,,,,,,,
pion_lbv,profile_raw,196,7.763232421875e+16,11057.78853041,,,,,,,
pion_lbv,profile_raw,197,7.796337890625e+16,10964.1102018,,,,,,,
pion_lbv,profile_raw,198,7.829443359375e+16,10871.65637815,,,,,,,
pion_lbv,profile_raw,199,7.862548828125e+16,10780.37611702,,,,,,,
pion_lbv,profile_raw,200,7.895654296875e+16,10690.23997689,,,,,,,
pion_lbv,profile_raw,201,7.928759765625e+16,10601.2336084,,,,,,,
pion_lbv,profile_raw,202,7.961865234375e+16,10513.32476677,,,,,,,
pion_lbv,profile_raw,203,7.994970703125e+16,10426.45434494,,,,,,,
pion_lbv,profile_raw,204,8.028076171875e+16,10340.58935488,,,,,,,
pion_lbv,profile_raw,205,8.061181640625e+16,10255.73514134,,,,,,,
pion_lbv,profile_raw,206,8.094287109375e+16,10171.9336453,,,,,,,
pion_lbv,profile_raw,207,8.127392578125e+16,10089.21335403,,,,,,,
pion_lbv,profile_raw,208,8.160498046875e+16,10007.5876133,,,,,,,
pion_lbv,profile_raw,209,8.193603515625e+16,9927.010202609,,,,,,,
pion_lbv,profile_raw,210,8.226708984375e+16,9847.411188385,,,,,,,
pion_lbv,profile_raw,211,8.259814453125e+16,9768.699702885,,,,,,,
pion_lbv,profile_raw,212,8.292919921875e+16,9690.844623771,,,,,,,
pion_lbv,profile_raw,213,8.326025390625e+16,9613.859466049,,,,,,,
pion_lbv,profile_raw,214,8.359130859375e+16,9537.780974597,,,,,,,
pion_lbv,profile_raw,215,8.392236328125e+16,9462.630932745,,,,,,,
pion_lbv,profile_raw,216,8.425341796875e+16,9388.416537284,,,,,,,
pion_lbv,profile_raw,217,8.458447265625e+16,9315.128711021,,,,,,,
pion_lbv,profile_raw,218,8.491552734375e+16,9242.734442063,,,,,,,
pion_lbv,profile_raw,219,8.524658203125e+16,9171.167845064,,,,,,,
pion_lbv,profile_raw,220,8.557763671875e+16,9100.38712358,,,,,,,
pion_lbv,profile_raw,221,8.590869140625e+16,9030.377569094,,,,,,,
pion_lbv,profile_raw,222,8.623974609375e+16,8961.147840634,,,,,,,
pion_lbv,profile_raw,223,8.657080078125e+16,8892.706791472,,,,,,,
pion_lbv,profile_raw,224,8.690185546875e+16,8825.054148359,,,,,,,
pion_lbv,profile_raw,225,8.723291015625e+16,8758.168151514,,,,,,,
pion_lbv,profile_raw,226,8.756396484375e+16,8692.051456692,,,,,,,
pion_lbv,profile_raw,227,8.789501953125e+16,8626.697332932,,,,,,,
pion_lbv,profile_raw,228,8.822607421875e+16,8562.082241161,,,,,,,
pion_lbv,profile_raw,229,8.855712890625e+16,8498.201550485,,,,,,,
pion_lbv,profile_raw,230,8.888818359375e+16,8435.033565055,,,,,,,
pion_lbv,profile_raw,231,8.921923828125e+16,8372.563981151,,,,,,,
pion_lbv,profile_raw,232,8.955029296875e+16,8310.805753134,,,,,,,
pion_lbv,profile_raw,233,8.988134765625e+16,8249.724381698,,,,,,,
pion_lbv,profile_raw,234,9.021240234375e+16,8189.296650857,,,,,,,
pion_lbv,profile_raw,235,9.054345703125e+16,8129.518760471,,,,,,,
pion_lbv,profile_raw,236,9.087451171875e+16,8070.367860765,,,,,,,
pion_lbv,profile_raw,237,9.120556640625e+16,8011.873737582,,,,,,,
pion_lbv,profile_raw,238,9.153662109375e+16,7954.020331643,,,,,,,
pion_lbv,profile_raw,239,9.186767578125e+16,7896.805824554,,,,,,,
pion_lbv,profile_raw,240,9.219873046875e+16,7840.223347664,,,,,,,
pion_lbv,profile_raw,241,9.252978515625e+16,7784.237684518,,,,,,,
pion_lbv,profile_raw,242,9.286083984375e+16,7728.820209664,,,,,,,
pion_lbv,profile_raw,243,9.319189453125e+16,7673.999457384,,,,,,,
pion_lbv,profile_raw,244,9.352294921875e+16,7619.765218151,,,,,,,
pion_lbv,profile_raw,245,9.385400390625e+16,7566.103078707,,,,,,,
pion_lbv,profile_raw,246,9.418505859375e+16,7513.015751426,,,,,,,
pion_lbv,profile_raw,247,9.451611328125e+16,7460.493662254,,,,,,,
pion_lbv,profile_raw,248,9.484716796875e+16,7408.503054707,,,,,,,
pion_lbv,profile_raw,249,9.517822265625e+16,7357.045549981,,,,,,,
pion_lbv,profile_raw,250,9.550927734375e+16,7306.137330753,,,,,,,
pion_lbv,profile_raw,251,9.584033203125e+16,7255.750680096,,,,,,,
pion_lbv,profile_raw,252,9.617138671875e+16,7205.870323175,,,,,,,
pion_lbv,profile_raw,253,9.650244140625e+16,7156.497653919,,,,,,,
pion_lbv,profile_raw,254,9.683349609375e+16,7107.6448536,,,,,,,
pion_lbv,profile_raw,255,9.716455078125e+16,7059.289319686,,,,,,,
pion_lbv,profile_raw,256,9.749560546875e+16,7011.425932668,,,,,,,
pion_lbv,profile_raw,257,9.782666015625e+16,6964.064996975,,,,,,,
pion_lbv,profile_raw,258,9.815771484375e+16,6917.194817804,,,,,,,
pion_lbv,profile_raw,259,9.848876953125e+16,6870.785658858,,,,,,,
pion_lbv,profile_raw,260,9.881982421875e+16,6824.817953206,,,,,,,
pion_lbv,profile_raw,261,9.915087890625e+16,6779.313923246,,,,,,,
pion_lbv,profile_raw,262,9.948193359375e+16,6734.278017547,,,,,,,
pion_lbv,profile_raw,263,9.981298828125e+16,6689.694190531,,,,,,,
pion_lbv,profile_raw,264,1.001440429688e+17,6645.537965464,,,,,,,
pion_lbv,profile_raw,265,1.004750976562e+17,6601.793535838,,,,,,,
pion_lbv,profile_raw,266,1.008061523438e+17,6558.477567465,,,,,,,
pion_lbv,profile_raw,267,1.011372070312e+17,6515.605793371,,,,,,,
pion_lbv,profile_raw,268,1.014682617188e+17,6473.176786517,,,,,,,
pion_lbv,profile_raw,269,1.017993164062e+17,6431.149263699,,,,,,,
pion_lbv,profile_raw,270,1.021303710938e+17,6389.49529143,,,,,,,
pion_lbv,profile_raw,271,1.024614257812e+17,6348.248772691,,,,,,,
pion_lbv,profile_raw,272,1.027924804688e+17,6307.430335559,,,,,,,
pion_lbv,profile_raw,273,1.031235351562e+17,6267.024610842,,,,,,,
pion_lbv,profile_raw,274,1.034545898438e+17,6226.995606531,,,,,,,
pion_lbv,profile_raw,275,1.037856445312e+17,6187.318013491,,,,,,,
pion_lbv,profile_raw,276,1.041166992188e+17,6148.010790684,,,,,,,
pion_lbv,profile_raw,277,1.044477539062e+17,6109.085426062,,,,,,,
pion_lbv,profile_raw,278,1.047788085938e+17,6070.537074463,,,,,,,
pion_lbv,profile_raw,279,1.051098632812e+17,6032.369722112,,,,,,,
pion_lbv,profile_raw,280,1.054409179688e+17,5994.575501345,,,,,,,
pion_lbv,profile_raw,281,1.057719726562e+17,5957.138875963,,,,,,,
pion_lbv,profile_raw,282,1.061030273438e+17,5920.033904429,,,,,,,
pion_lbv,profile_raw,283,1.064340820312e+17,5883.235465633,,,,,,,
pion_lbv,profile_raw,284,1.067651367188e+17,5846.757176795,,,,,,,
pion_lbv,profile_raw,285,1.070961914062e+17,5810.626281049,,,,,,,
pion_lbv,profile_raw,286,1.074272460938e+17,5774.858106086,,,,,,,
pion_lbv,profile_raw,287,1.077583007812e+17,5739.451537021,,,,,,,
pion_lbv,profile_raw,288,1.080893554688e+17,5704.370405701,,,,,,,
pion_lbv,profile_raw,289,1.084204101562e+17,5669.585097062,,,,,,,
pion_lbv,profile_raw,290,1.087514648438e+17,5635.10051284,,,,,,,
pion_lbv,profile_raw,291,1.090825195312e+17,5600.925580103,,,,,,,
pion_lbv,profile_raw,292,1.094135742188e+17,5567.072330732,,,,,,,
pion_lbv,profile_raw,293,1.097446289062e+17,5533.549130082,,,,,,,
pion_lbv,profile_raw,294,1.100756835938e+17,5500.333502788,,,,,,,
pion_lbv,profile_raw,295,1.104067382812e+17,5467.402386443,,,,,,,
pion_lbv,profile_raw,296,1.107377929688e+17,5434.756057946,,,,,,,
pion_lbv,profile_raw,297,1.110688476562e+17,5402.393754751,,,,,,,
pion_lbv,profile_raw,298,1.113999023438e+17,5370.319850778,,,,,,,
pion_lbv,profile_raw,299,1.117309570312e+17,5338.547657931,,,,,,,
pion_lbv,profile_raw,300,1.120620117188e+17,5307.073006839,,,,,,,
pion_lbv,profile_raw,301,1.123930664062e+17,5275.879000317,,,,,,,
pion_lbv,profile_raw,302,1.127241210938e+17,5244.949325347,,,,,,,
pion_lbv,profile_raw,303,1.130551757812e+17,5214.264499175,,,,,,,
pion_lbv,profile_raw,304,1.133862304688e+17,5183.821485129,,,,,,,
pion_lbv,profile_raw,305,1.137172851562e+17,5153.640706027,,,,,,,
pion_lbv,profile_raw,306,1.140483398438e+17,5123.73873829,,,,,,,
pion_lbv,profile_raw,307,1.143793945312e+17,5094.124822901,,,,,,,
pion_lbv,profile_raw,308,1.147104492188e+17,5064.798923276,,,,,,,
pion_lbv,profile_raw,309,1.150415039062e+17,5035.731384755,,,,,,,
pion_lbv,profile_raw,310,1.153725585938e+17,5006.883669813,,,,,,,
pion_lbv,profile_raw,311,1.157036132812e+17,4978.24894778,,,,,,,
pion_lbv,profile_raw,312,1.160346679688e+17,4949.839622193,,,,,,,
pion_lbv,profile_raw,313,1.163657226562e+17,4921.671278052,,,,,,,
pion_lbv,profile_raw,314,1.166967773438e+17,4893.766986931,,,,,,,
pion_lbv,profile_raw,315,1.170278320312e+17,4866.133470166,,,,,,,
pion_lbv,profile_raw,316,1.173588867188e+17,4838.745330184,,,,,,,
pion_lbv,profile_raw,317,1.176899414062e+17,4811.579833381,,,,,,,
pion_lbv,profile_raw,318,1.180209960938e+17,4784.639214467,,,,,,,
pion_lbv,profile_raw,319,1.183520507812e+17,4757.918267203,,,,,,,
pion_lbv,profile_raw,320,1.186831054688e+17,4731.401472217,,,,,,,
pion_lbv,profile_raw,321,1.190141601562e+17,4705.093584553,,,,,,,
pion_lbv,profile_raw,322,1.193452148438e+17,4679.00908921,,,,,,,
pion_lbv,profile_raw,323,1.196762695312e+17,4653.14938836,,,,,,,
pion_lbv,profile_raw,324,1.200073242188e+17,4627.511526549,,,,,,,
pion_lbv,profile_raw,325,1.203383789062e+17,4602.094015323,,,,,,,
pion_lbv,profile_raw,326,1.206694335938e+17,4576.883794552,,,,,,,
pion_lbv,profile_raw,327,1.210004882812e+17,4551.869625966,,,,,,,
pion_lbv,profile_raw,328,1.213315429688e+17,4527.062485138,,,,,,,
pion_lbv,profile_raw,329,1.216625976562e+17,4502.468024247,,,,,,,
pion_lbv,profile_raw,330,1.219936523438e+17,4478.063696759,,,,,,,
pion_lbv,profile_raw,331,1.223247070312e+17,4453.833747956,,,,,,,
pion_lbv,profile_raw,332,1.226557617188e+17,4429.7929913,,,,,,,
pion_lbv,profile_raw,333,1.229868164062e+17,4405.959755989,,,,,,,
pion_lbv,profile_raw,334,1.233178710938e+17,4382.332135549,,,,,,,
pion_lbv,profile_raw,335,1.236489257812e+17,4358.906343634,,,,,,,
pion_lbv,profile_raw,336,1.239799804688e+17,4335.681312716,,,,,,,
pion_lbv,profile_raw,337,1.243110351562e+17,4312.641496908,,,,,,,
pion_lbv,profile_raw,338,1.246420898438e+17,4289.766204505,,,,,,,
pion_lbv,profile_raw,339,1.249731445312e+17,4267.059995275,,,,,,,
pion_lbv,profile_raw,340,1.253041992188e+17,4244.537055253,,,,,,,
pion_lbv,profile_raw,341,1.256352539062e+17,4222.191533183,,,,,,,
pion_lbv,profile_raw,342,1.259663085938e+17,4200.006507677,,,,,,,
pion_lbv,profile_raw,343,1.262973632812e+17,4177.986766401,,,,,,,
pion_lbv,profile_raw,344,1.266284179688e+17,4156.154112975,,,,,,,
pion_lbv,profile_raw,345,1.269594726562e+17,4134.513017102,,,,,,,
pion_lbv,profile_raw,346,1.272905273438e+17,4113.0474383,,,,,,,
pion_lbv,profile_raw,347,1.276215820312e+17,4091.750222761,,,,,,,
pion_lbv,profile_raw,348,1.279526367188e+17,4070.619988242,,,,,,,
pion_lbv,profile_raw,349,1.282836914062e+17,4049.643450903,,,,,,,
pion_lbv,profile_raw,350,1.286147460938e+17,4028.808196324,,,,,,,
pion_lbv,profile_raw,351,1.289458007812e+17,4008.120952323,,,,,,,
pion_lbv,profile_raw,352,1.292768554688e+17,3987.599043213,,,,,,,
pion_lbv,profile_raw,353,1.296079101562e+17,3967.244268985,,,,,,,
pion_lbv,profile_raw,354,1.299389648438e+17,3947.045742479,,,,,,,
pion_lbv,profile_raw,355,1.302700195312e+17,3927.005783091,,,,,,,
pion_lbv,profile_raw,356,1.306010742188e+17,3907.137325638,,,,,,,
pion_lbv,profile_raw,357,1.309321289062e+17,3887.432059261,,,,,,,
pion_lbv,profile_raw,358,1.312631835938e+17,3867.864035175,,,,,,,
pion_lbv,profile_raw,359,1.315942382812e+17,3848.422433085,,,,,,,
pion_lbv,profile_raw,360,1.319252929688e+17,3829.119870467,,,,,,,
pion_lbv,profile_raw,361,1.322563476562e+17,3809.969336042,,,,,,,
pion_lbv,profile_raw,362,1.325874023438e+17,3790.961341809,,,,,,,
pion_lbv,profile_raw,363,1.329184570312e+17,3772.07837351,,,,,,,
pion_lbv,profile_raw,364,1.332495117188e+17,3753.327407791,,,,,,,
pion_lbv,profile_raw,365,1.335805664062e+17,3734.733277667,,,,,,,
pion_lbv,profile_raw,366,1.339116210938e+17,3716.300733798,,,,,,,
pion_lbv,profile_raw,367,1.342426757812e+17,3698.008429984,,,,,,,
pion_lbv,profile_raw,368,1.345737304688e+17,3679.84119068,,,,,,,
pion_lbv,profile_raw,369,1.349047851562e+17,3661.803876258,,,,,,,
pion_lbv,profile_raw,370,1.352358398438e+17,3643.901775121,,,,,,,
pion_lbv,profile_raw,371,1.355668945312e+17,3626.126986535,,,,,,,
pion_lbv,profile_raw,372,1.358979492188e+17,3608.467174812,,,,,,,
pion_lbv,profile_raw,373,1.362290039062e+17,3590.925891556,,,,,,,
pion_lbv,profile_raw,374,1.365600585938e+17,3573.523161921,,,,,,,
pion_lbv,profile_raw,375,1.368911132812e+17,3556.267169949,,,,,,,
pion_lbv,profile_raw,376,1.372221679688e+17,3539.140089762,,,,,,,
pion_lbv,profile_raw,377,1.375532226562e+17,3522.123993266,,,,,,,
pion_lbv,profile_raw,378,1.378842773438e+17,3505.224804975,,,,,,,
pion_lbv,profile_raw,379,1.382153320312e+17,3488.459027749,,,,,,,
pion_lbv,profile_raw,380,1.385463867188e+17,3471.825351395,,,,,,,
pion_lbv,profile_raw,381,1.388774414062e+17,3455.303111356,,,,,,,
pion_lbv,profile_raw,382,1.392084960938e+17,3438.87449428,,,,,,,
pion_lbv,profile_raw,383,1.395395507812e+17,3422.545691276,,,,,,,
pion_lbv,profile_raw,384,1.398706054688e+17,3406.342240172,,,,,,,
pion_lbv,profile_raw,385,1.402016601562e+17,3390.277251576,,,,,,,
pion_lbv,profile_raw,386,1.405327148438e+17,3374.335109918,,,,,,,
pion_lbv,profile_raw,387,1.408637695312e+17,3358.493616559,,,,,,,
pion_lbv,profile_raw,388,1.411948242188e+17,3342.75407788,,,,,,,
pion_lbv,profile_raw,389,1.415258789062e+17,3327.133418203,,,,,,,
pion_lbv,profile_raw,390,1.418569335938e+17,3311.637619592,,,,,,,
pion_lbv,profile_raw,391,1.421879882812e+17,3296.252409441,,,,,,,
pion_lbv,profile_raw,392,1.425190429688e+17,3280.958141992,,,,,,,
pion_lbv,profile_raw,393,1.428500976562e+17,3265.750171257,,,,,,,
pion_lbv,profile_raw,394,1.431811523438e+17,3250.643417403,,,,,,,
pion_lbv,profile_raw,395,1.435122070312e+17,3235.656338215,,,,,,,
pion_lbv,profile_raw,396,1.438432617188e+17,3220.787986905,,,,,,,
pion_lbv,profile_raw,397,1.441743164062e+17,3206.015302217,,,,,,,
pion_lbv,profile_raw,398,1.445053710938e+17,3191.322311571,,,,,,,
pion_lbv,profile_raw,399,1.448364257812e+17,3176.721356962,,,,,,,
pion_lbv,profile_raw,400,1.451674804688e+17,3162.239008593,,,,,,,
pion_lbv,profile_raw,401,1.454985351562e+17,3147.883940212,,,,,,,
pion_lbv,profile_raw,402,1.458295898438e+17,3133.637656254,,,,,,,
pion_lbv,profile_raw,403,1.461606445312e+17,3119.47465109,,,,,,,
pion_lbv,profile_raw,404,1.464916992188e+17,3105.381314126,,,,,,,
pion_lbv,profile_raw,405,1.468227539062e+17,3091.366664571,,,,,,,
pion_lbv,profile_raw,406,1.471538085938e+17,3077.454041876,,,,,,,
pion_lbv,profile_raw,407,1.474848632812e+17,3063.655782215,,,,,,,
pion_lbv,profile_raw,408,1.478159179688e+17,3049.958932349,,,,,,,
pion_lbv,profile_raw,409,1.481469726562e+17,3036.339837986,,,,,,,
pion_lbv,profile_raw,410,1.484780273438e+17,3022.791794387,,,,,,,
pion_lbv,profile_raw,411,1.488090820312e+17,3009.334563243,,,,,,,
pion_lbv,profile_raw,412,1.491401367188e+17,2995.990818913,,,,,,,
pion_lbv,profile_raw,413,1.494711914062e+17,2982.762791548,,,,,,,
pion_lbv,profile_raw,414,1.498022460938e+17,2969.630180804,,,,,,,
pion_lbv,profile_raw,415,1.501333007812e+17,2956.565222485,,,,,,,
pion_lbv,profile_raw,416,1.504643554688e+17,2943.55181892,,,,,,,
pion_lbv,profile_raw,417,1.507954101562e+17,2930.597460805,,,,,,,
pion_lbv,profile_raw,418,1.511264648438e+17,2917.730736552,,,,,,,
pion_lbv,profile_raw,419,1.514575195312e+17,2904.980604335,,,,,,,
pion_lbv,profile_raw,420,1.517885742188e+17,2892.34828376,,,,,,,
pion_lbv,profile_raw,421,1.521196289062e+17,2879.804988018,,,,,,,
pion_lbv,profile_raw,422,1.524506835938e+17,2867.319678602,,,,,,,
pion_lbv,profile_raw,423,1.527817382812e+17,2854.885917503,,,,,,,
pion_lbv,profile_raw,424,1.531127929688e+17,2842.524154695,,,,,,,
pion_lbv,profile_raw,425,1.534438476562e+17,2830.261475438,,,,,,,
pion_lbv,profile_raw,426,1.537749023438e+17,2818.107781022,,,,,,,
pion_lbv,profile_raw,427,1.541059570312e+17,2806.048205892,,,,,,,
pion_lbv,profile_raw,428,1.544370117188e+17,2794.055015871,,,,,,,
pion_lbv,profile_raw,429,1.547680664062e+17,2782.103804624,,,,,,,
pion_lbv,profile_raw,430,1.550991210938e+17,2770.191171945,,,,,,,
pion_lbv,profile_raw,431,1.554301757812e+17,2758.34291723,,,,,,,
pion_lbv,profile_raw,432,1.557612304688e+17,2746.596643793,,,,,,,
pion_lbv,profile_raw,433,1.560922851562e+17,2734.973811237,,,,,,,
pion_lbv,profile_raw,434,1.564233398438e+17,2723.461469618,,,,,,,
pion_lbv,profile_raw,435,1.567543945312e+17,2712.021105533,,,,,,,
pion_lbv,profile_raw,436,1.570854492188e+17,2700.620192452,,,,,,,
pion_lbv,profile_raw,437,1.574165039062e+17,2689.25284649,,,,,,,
pion_lbv,profile_raw,438,1.577475585938e+17,2677.936538727,,,,,,,
pion_lbv,profile_raw,439,1.580786132812e+17,2666.698237289,,,,,,,
pion_lbv,profile_raw,440,1.584096679688e+17,2655.559665951,,,,,,,
pion_lbv,profile_raw,441,1.587407226562e+17,2644.524124546,,,,,,,
pion_lbv,profile_raw,442,1.590717773438e+17,2633.57298406,,,,,,,
pion_lbv,profile_raw,443,1.594028320312e+17,2622.674645813,,,,,,,
pion_lbv,profile_raw,444,1.597338867188e+17,2611.803945379,,,,,,,
pion_lbv,profile_raw,445,1.600649414062e+17,2600.959523523,,,,,,,
pion_lbv,profile_raw,446,1.603959960938e+17,2590.168155461,,,,,,,
pion_lbv,profile_raw,447,1.607270507812e+17,2579.468120353,,,,,,,
pion_lbv,profile_raw,448,1.610581054688e+17,2568.882749596,,,,,,,
pion_lbv,profile_raw,449,1.613891601562e+17,2558.405009687,,,,,,,
pion_lbv,profile_raw,450,1.617202148438e+17,2548.004776585,,,,,,,
pion_lbv,profile_raw,451,1.620512695312e+17,2537.648721634,,,,,,,
pion_lbv,profile_raw,452,1.623823242188e+17,2527.314850921,,,,,,,
pion_lbv,profile_raw,453,1.627133789062e+17,2517.001017856,,,,,,,
pion_lbv,profile_raw,454,1.630444335938e+17,2506.724532062,,,,,,,
pion_lbv,profile_raw,455,1.633754882812e+17,2496.515016651,,,,,,,
pion_lbv,profile_raw,456,1.637065429688e+17,2486.402732544,,,,,,,
pion_lbv,profile_raw,457,1.640375976562e+17,2476.401254902,,,,,,,
pion_lbv,profile_raw,458,1.643686523438e+17,2466.496447319,,,,,,,
pion_lbv,profile_raw,459,1.646997070312e+17,2456.653698801,,,,,,,
pion_lbv,profile_raw,460,1.650307617188e+17,2446.837082651,,,,,,,
pion_lbv,profile_raw,461,1.653618164062e+17,2437.029059035,,,,,,,
pion_lbv,profile_raw,462,1.656928710938e+17,2427.238511915,,,,,,,
pion_lbv,profile_raw,463,1.660239257812e+17,2417.494106873,,,,,,,
pion_lbv,profile_raw,464,1.663549804688e+17,2407.828361091,,,,,,,
pion_lbv,profile_raw,465,1.666860351562e+17,2398.263331444,,,,,,,
pion_lbv,profile_raw,466,1.670170898438e+17,2388.803862851,,,,,,,
pion_lbv,profile_raw,467,1.673481445312e+17,2379.434807153,,,,,,,
pion_lbv,profile_raw,468,1.676791992188e+17,2370.12544383,,,,,,,
pion_lbv,profile_raw,469,1.680102539062e+17,2360.844010577,,,,,,,
pion_lbv,profile_raw,470,1.683413085938e+17,2351.567684867,,,,,,,
pion_lbv,profile_raw,471,1.686723632812e+17,2342.293028017,,,,,,,
pion_lbv,profile_raw,472,1.690034179688e+17,2333.038735138,,,,,,,
pion_lbv,profile_raw,473,1.693344726562e+17,2323.838150266,,,,,,,
pion_lbv,profile_raw,474,1.696655273438e+17,2314.726879945,,,,,,,
pion_lbv,profile_raw,475,1.699965820312e+17,2305.727072102,,,,,,,
pion_lbv,profile_raw,476,1.703276367188e+17,2296.835292434,,,,,,,
pion_lbv,profile_raw,477,1.706586914062e+17,2288.022996778,,,,,,,
pion_lbv,profile_raw,478,1.709897460938e+17,2279.251358283,,,,,,,
pion_lbv,profile_raw,479,1.713208007812e+17,2270.493023071,,,,,,,
pion_lbv,profile_raw,480,1.716518554688e+17,2261.736293843,,,,,,,
pion_lbv,profile_raw,481,1.719829101562e+17,2252.983484207,,,,,,,
pion_lbv,profile_raw,482,1.723139648438e+17,2244.248424813,,,,,,,
pion_lbv,profile_raw,483,1.726450195312e+17,2235.555008685,,,,,,,
pion_lbv,profile_raw,484,1.729760742188e+17,2226.933786566,,,,,,,
pion_lbv,profile_raw,485,1.733071289062e+17,2218.412823301,,,,,,,
pion_lbv,profile_raw,486,1.736381835938e+17,2210.003465754,,,,,,,
pion_lbv,profile_raw,487,1.739692382812e+17,2201.689401364,,,,,,,
pion_lbv,profile_raw,488,1.743002929688e+17,2193.433972973,,,,,,,
pion_lbv,profile_raw,489,1.746313476562e+17,2185.205437692,,,,,,,
pion_lbv,profile_raw,490,1.749624023438e+17,2176.984145112,,,,,,,
pion_lbv,profile_raw,491,1.752934570312e+17,2168.762028641,,,,,,,
pion_lbv,profile_raw,492,1.756245117188e+17,2160.533779779,,,,,,,
pion_lbv,profile_raw,493,1.759555664062e+17,2152.315925174,,,,,,,
pion_lbv,profile_raw,494,1.762866210938e+17,2144.138499845,,,,,,,
pion_lbv,profile_raw,495,1.766176757812e+17,2136.027562049,,,,,,,
pion_lbv,profile_raw,496,1.769487304688e+17,2128.004461922,,,,,,,
pion_lbv,profile_raw,497,1.772797851562e+17,2120.078979886,,,,,,,
pion_lbv,profile_raw,498,1.776108398438e+17,2112.245774256,,,,,,,
pion_lbv,profile_raw,499,1.779418945312e+17,2104.482412179,,,,,,,
pion_lbv,profile_raw,500,1.782729492188e+17,2096.764995871,,,,,,,
pion_lbv,profile_raw,501,1.786040039062e+17,2089.073943012,,,,,,,
pion_lbv,profile_raw,502,1.789350585938e+17,2081.392714682,,,,,,,
pion_lbv,profile_raw,503,1.792661132812e+17,2073.711507661,,,,,,,
pion_lbv,profile_raw,504,1.795971679688e+17,2066.025836403,,,,,,,
pion_lbv,profile_raw,505,1.799282226562e+17,2058.336366666,,,,,,,
pion_lbv,profile_raw,506,1.802592773438e+17,2050.672351154,,,,,,,
pion_lbv,profile_raw,507,1.805903320312e+17,2043.063305764,,,,,,,
pion_lbv,profile_raw,508,1.809213867188e+17,2035.53548724,,,,,,,
pion_lbv,profile_raw,509,1.812524414062e+17,2028.103324985,,,,,,,
pion_lbv,profile_raw,510,1.815834960938e+17,2020.763796898,,,,,,,
pion_lbv,profile_raw,511,1.819145507812e+17,2013.495241599,,,,,,,
pion_lbv,profile_raw,512,1.822456054688e+17,2006.272379483,,,,,,,
pion_lbv,profile_raw,513,1.825766601562e+17,1999.081897967,,,,,,,
pion_lbv,profile_raw,514,1.829077148438e+17,1991.914953347,,,,,,,
pion_lbv,profile_raw,515,1.832387695312e+17,1984.76215192,,,,,,,
pion_lbv,profile_raw,516,1.835698242188e+17,1977.617230442,,,,,,,
pion_lbv,profile_raw,517,1.839008789062e+17,1970.478741471,,,,,,,
pion_lbv,profile_raw,518,1.842319335938e+17,1963.346207181,,,,,,,
pion_lbv,profile_raw,519,1.845629882812e+17,1956.219987274,,,,,,,
pion_lbv,profile_raw,520,1.848940429688e+17,1949.112466821,,,,,,,
pion_lbv,profile_raw,521,1.852250976562e+17,1942.049220177,,,,,,,
pion_lbv,profile_raw,522,1.855561523438e+17,1935.059623922,,,,,,,
pion_lbv,profile_raw,523,1.858872070312e+17,1928.164062126,,,,,,,
pion_lbv,profile_raw,524,1.862182617188e+17,1921.363523253,,,,,,,
pion_lbv,profile_raw,525,1.865493164062e+17,1914.635207401,,,,,,,
pion_lbv,profile_raw,526,1.868803710938e+17,1907.948222681,,,,,,,
pion_lbv,profile_raw,527,1.872114257812e+17,1901.286227764,,,,,,,
pion_lbv,profile_raw,528,1.875424804688e+17,1894.64246997,,,,,,,
pion_lbv,profile_raw,529,1.878735351562e+17,1888.011613755,,,,,,,
pion_lbv,profile_raw,530,1.882045898438e+17,1881.391254352,,,,,,,
pion_lbv,profile_raw,531,1.885356445312e+17,1874.78413406,,,,,,,
pion_lbv,profile_raw,532,1.888666992188e+17,1868.196402933,,,,,,,
pion_lbv,profile_raw,533,1.891977539062e+17,1861.627124669,,,,,,,
pion_lbv,profile_raw,534,1.895288085938e+17,1855.07033107,,,,,,,
pion_lbv,profile_raw,535,1.898598632812e+17,1848.52599414,,,,,,,
pion_lbv,profile_raw,536,1.901909179688e+17,1842.005488885,,,,,,,
pion_lbv,profile_raw,537,1.905219726562e+17,1835.527253532,,,,,,,
pion_lbv,profile_raw,538,1.908530273438e+17,1829.110241031,,,,,,,
pion_lbv,profile_raw,539,1.911840820312e+17,1822.768783833,,,,,,,
pion_lbv,profile_raw,540,1.915151367188e+17,1816.50744385,,,,,,,
pion_lbv,profile_raw,541,1.918461914062e+17,1810.313757464,,,,,,,
pion_lbv,profile_raw,542,1.921772460938e+17,1804.166466925,,,,,,,
pion_lbv,profile_raw,543,1.925083007812e+17,1798.050663694,,,,,,,
pion_lbv,profile_raw,544,1.928393554688e+17,1791.955176779,,,,,,,
pion_lbv,profile_raw,545,1.931704101562e+17,1785.869076418,,,,,,,
pion_lbv,profile_raw,546,1.935014648438e+17,1779.78529914,,,,,,,
pion_lbv,profile_raw,547,1.938325195312e+17,1773.706178091,,,,,,,
pion_lbv,profile_raw,548,1.941635742188e+17,1767.642477647,,,,,,,
pion_lbv,profile_raw,549,1.944946289062e+17,1761.606696476,,,,,,,
pion_lbv,profile_raw,550,1.948256835938e+17,1755.599931133,,,,,,,
pion_lbv,profile_raw,551,1.951567382812e+17,1749.615788466,,,,,,,
pion_lbv,profile_raw,552,1.954877929688e+17,1743.647768753,,,,,,,
pion_lbv,profile_raw,553,1.958188476562e+17,1737.695712445,,,,,,,
pion_lbv,profile_raw,554,1.961499023438e+17,1731.76641853,,,,,,,
pion_lbv,profile_raw,555,1.964809570312e+17,1725.871478563,,,,,,,
pion_lbv,profile_raw,556,1.968120117188e+17,1720.023639369,,,,,,,
pion_lbv,profile_raw,557,1.971430664062e+17,1714.232879518,,,,,,,
pion_lbv,profile_raw,558,1.974741210938e+17,1708.504462368,,,,,,,
pion_lbv,profile_raw,559,1.978051757812e+17,1702.834364135,,,,,,,
pion_lbv,profile_raw,560,1.981362304688e+17,1697.207409899,,,,,,,
pion_lbv,profile_raw,561,1.984672851562e+17,1691.61183024,,,,,,,
pion_lbv,profile_raw,562,1.987983398438e+17,1686.041148481,,,,,,,
pion_lbv,profile_raw,563,1.991293945312e+17,1680.49281808,,,,,,,
pion_lbv,profile_raw,564,1.994604492188e+17,1674.963918961,,,,,,,
pion_lbv,profile_raw,565,1.997915039062e+17,1669.448284724,,,,,,,
pion_lbv,profile_raw,566,2.001225585938e+17,1663.939931526,,,,,,,
pion_lbv,profile_raw,567,2.004536132812e+17,1658.437238326,,,,,,,
pion_lbv,profile_raw,568,2.007846679688e+17,1652.947157136,,,,,,,
pion_lbv,profile_raw,569,2.011157226562e+17,1647.48007293,,,,,,,
pion_lbv,profile_raw,570,2.014467773438e+17,1642.042728855,,,,,,,
pion_lbv,profile_raw,571,2.017778320312e+17,1636.636694185,,,,,,,
pion_lbv,profile_raw,572,2.021088867188e+17,1631.258346925,,,,,,,
pion_lbv,profile_raw,573,2.024399414062e+17,1625.902458398,,,,,,,
pion_lbv,profile_raw,574,2.027709960938e+17,1620.564424022,,,,,,,
pion_lbv,profile_raw,575,2.031020507812e+17,1615.242607225,,,,,,,
pion_lbv,profile_raw,576,2.034331054688e+17,1609.941551776,,,,,,,
pion_lbv,profile_raw,577,2.037641601562e+17,1604.671477981,,,,,,,
pion_lbv,profile_raw,578,2.040952148438e+17,1599.443733404,,,,,,,
pion_lbv,profile_raw,579,2.044262695312e+17,1594.265849873,,,,,,,
pion_lbv,profile_raw,580,2.047573242188e+17,1589.137820869,,,,,,,
pion_lbv,profile_raw,581,2.050883789062e+17,1584.049121157,,,,,,,
pion_lbv,profile_raw,582,2.054194335938e+17,1578.986256124,,,,,,,
pion_lbv,profile_raw,583,2.057504882812e+17,1573.943378093,,,,,,,
pion_lbv,profile_raw,584,2.060815429688e+17,1568.921930924,,,,,,,
pion_lbv,profile_raw,585,2.064125976562e+17,1563.925981004,,,,,,,
pion_lbv,profile_raw,586,2.067436523438e+17,1558.956162302,,,,,,,
pion_lbv,profile_raw,587,2.070747070312e+17,1554.008007751,,,,,,,
pion_lbv,profile_raw,588,2.074057617188e+17,1549.075657378,,,,,,,
pion_lbv,profile_raw,589,2.077368164062e+17,1544.154439092,,,,,,,
pion_lbv,profile_raw,590,2.080678710938e+17,1539.24193791,,,,,,,
pion_lbv,profile_raw,591,2.083989257812e+17,1534.340329899,,,,,,,
pion_lbv,profile_raw,592,2.087299804688e+17,1529.456912648,,,,,,,
pion_lbv,profile_raw,593,2.090610351562e+17,1524.597545741,,,,,,,
pion_lbv,profile_raw,594,2.093920898438e+17,1519.764542444,,,,,,,
pion_lbv,profile_raw,595,2.097231445312e+17,1514.955635065,,,,,,,
pion_lbv,profile_raw,596,2.100541992188e+17,1510.166307728,,,,,,,
pion_lbv,profile_raw,597,2.103852539062e+17,1505.394276217,,,,,,,
pion_lbv,profile_raw,598,2.107163085938e+17,1500.641132967,,,,,,,
pion_lbv,profile_raw,599,2.110473632812e+17,1495.910969701,,,,,,,
pion_lbv,profile_raw,600,2.113784179688e+17,1491.207140959,,,,,,,
pion_lbv,profile_raw,601,2.117094726562e+17,1486.529711196,,,,,,,
pion_lbv,profile_raw,602,2.120405273438e+17,1481.875986763,,,,,,,
pion_lbv,profile_raw,603,2.123715820312e+17,1477.24380474,,,,,,,
pion_lbv,profile_raw,604,2.127026367188e+17,1472.634842678,,,,,,,
pion_lbv,profile_raw,605,2.130336914062e+17,1468.054086857,,,,,,,
pion_lbv,profile_raw,606,2.133647460938e+17,1463.506581447,,,,,,,
pion_lbv,profile_raw,607,2.136958007812e+17,1458.993053847,,,,,,,
pion_lbv,profile_raw,608,2.140268554688e+17,1454.508803126,,,,,,,
pion_lbv,profile_raw,609,2.143579101562e+17,1450.047644433,,,,,,,
pion_lbv,profile_raw,610,2.146889648438e+17,1445.60412096,,,,,,,
pion_lbv,profile_raw,611,2.150200195312e+17,1441.175630974,,,,,,,
pion_lbv,profile_raw,612,2.153510742188e+17,1436.763188078,,,,,,,
pion_lbv,profile_raw,613,2.156821289062e+17,1432.369175745,,,,,,,
pion_lbv,profile_raw,614,2.160131835938e+17,1427.994858727,,,,,,,
pion_lbv,profile_raw,615,2.163442382812e+17,1423.640901581,,,,,,,
pion_lbv,profile_raw,616,2.166752929688e+17,1419.306813138,,,,,,,
pion_lbv,profile_raw,617,2.170063476562e+17,1414.990212047,,,,,,,
pion_lbv,profile_raw,618,2.173374023438e+17,1410.68814682,,,,,,,
pion_lbv,profile_raw,619,2.176684570312e+17,1406.398851069,,,,,,,
pion_lbv,profile_raw,620,2.179995117188e+17,1402.122365272,,,,,,,
pion_lbv,profile_raw,621,2.183305664062e+17,1397.86113954,,,,,,,
pion_lbv,profile_raw,622,2.186616210938e+17,1393.618188994,,,,,,,
pion_lbv,profile_raw,623,2.189926757812e+17,1389.395815419,,,,,,,
pion_lbv,profile_raw,624,2.193237304688e+17,1385.194518627,,,,,,,
pion_lbv,profile_raw,625,2.196547851562e+17,1381.013183903,,,,,,,
pion_lbv,profile_raw,626,2.199858398438e+17,1376.850438417,,,,,,,
pion_lbv,profile_raw,627,2.203168945312e+17,1372.705212727,,,,,,,
pion_lbv,profile_raw,628,2.206479492188e+17,1368.576317623,,,,,,,
pion_lbv,profile_raw,629,2.209790039062e+17,1364.463305088,,,,,,,
pion_lbv,profile_raw,630,2.213100585938e+17,1360.367700603,,,,,,,
pion_lbv,profile_raw,631,2.216411132812e+17,1356.29219106,,,,,,,
pion_lbv,profile_raw,632,2.219721679688e+17,1352.238124242,,,,,,,
pion_lbv,profile_raw,633,2.223032226562e+17,1348.204862182,,,,,,,
pion_lbv,profile_raw,634,2.226342773438e+17,1344.191260619,,,,,,,
pion_lbv,profile_raw,635,2.229653320312e+17,1340.197723091,,,,,,,
pion_lbv,profile_raw,636,2.232963867188e+17,1336.225682155,,,,,,,
pion_lbv,profile_raw,637,2.236274414062e+17,1332.275270204,,,,,,,
pion_lbv,profile_raw,638,2.239584960938e+17,1328.344088154,,,,,,,
pion_lbv,profile_raw,639,2.242895507812e+17,1324.430092189,,,,,,,
pion_lbv,profile_raw,640,2.246206054688e+17,1320.533375652,,,,,,,
pion_lbv,profile_raw,641,2.249516601562e+17,1316.655647561,,,,,,,
pion_lbv,profile_raw,642,2.252827148438e+17,1312.798182599,,,,,,,
pion_lbv,profile_raw,643,2.256137695312e+17,1308.960400863,,,,,,,
pion_lbv,profile_raw,644,2.259448242188e+17,1305.140092815,,,,,,,
pion_lbv,profile_raw,645,2.262758789062e+17,1301.335062185,,,,,,,
pion_lbv,profile_raw,646,2.266069335938e+17,1297.544301384,,,,,,,
pion_lbv,profile_raw,647,2.269379882812e+17,1293.768222372,,,,,,,
pion_lbv,profile_raw,648,2.272690429688e+17,1290.007461662,,,,,,,
pion_lbv,profile_raw,649,2.276000976562e+17,1286.26207838,,,,,,,
pion_lbv,profile_raw,650,2.279311523438e+17,1282.53207405,,,,,,,
pion_lbv,profile_raw,651,2.282622070312e+17,1278.817520029,,,,,,,
pion_lbv,profile_raw,652,2.285932617188e+17,1275.118722161,,,,,,,
pion_lbv,profile_raw,653,2.289243164062e+17,1271.435888258,,,,,,,
pion_lbv,profile_raw,654,2.292553710938e+17,1267.768573049,,,,,,,
pion_lbv,profile_raw,655,2.295864257812e+17,1264.115958642,,,,,,,
pion_lbv,profile_raw,656,2.299174804688e+17,1260.477544468,,,,,,,
pion_lbv,profile_raw,657,2.302485351562e+17,1256.853212313,,,,,,,
pion_lbv,profile_raw,658,2.305795898438e+17,1253.243210661,,,,,,,
pion_lbv,profile_raw,659,2.309106445312e+17,1249.647575527,,,,,,,
pion_lbv,profile_raw,660,2.312416992188e+17,1246.066546345,,,,,,,
pion_lbv,profile_raw,661,2.315727539062e+17,1242.500416975,,,,,,,
pion_lbv,profile_raw,662,2.319038085938e+17,1238.949087326,,,,,,,
pion_lbv,profile_raw,663,2.322348632812e+17,1235.412211057,,,,,,,
pion_lbv,profile_raw,664,2.325659179688e+17,1231.890154018,,,,,,,
pion_lbv,profile_raw,665,2.328969726562e+17,1228.383651382,,,,,,,
pion_lbv,profile_raw,666,2.332280273438e+17,1224.892987444,,,,,,,
pion_lbv,profile_raw,667,2.335590820312e+17,1221.417574339,,,,,,,
pion_lbv,profile_raw,668,2.338901367188e+17,1217.956705916,,,,,,,
pion_lbv,profile_raw,669,2.342211914062e+17,1214.509889969,,,,,,,
pion_lbv,profile_raw,670,2.345522460938e+17,1211.077245006,,,,,,,
pion_lbv,profile_raw,671,2.348833007812e+17,1207.658813491,,,,,,,
pion_lbv,profile_raw,672,2.352143554688e+17,1204.254662316,,,,,,,
pion_lbv,profile_raw,673,2.355454101562e+17,1200.86558063,,,,,,,
pion_lbv,profile_raw,674,2.358764648438e+17,1197.492473756,,,,,,,
pion_lbv,profile_raw,675,2.362075195312e+17,1194.136083407,,,,,,,
pion_lbv,profile_raw,676,2.365385742188e+17,1190.796220732,,,,,,,
pion_lbv,profile_raw,677,2.368696289062e+17,1187.471624752,,,,,,,
pion_lbv,profile_raw,678,2.372006835938e+17,1184.161445335,,,,,,,
pion_lbv,profile_raw,679,2.375317382812e+17,1180.865077042,,,,,,,
pion_lbv,profile_raw,680,2.378627929688e+17,1177.581867442,,,,,,,
pion_lbv,profile_raw,681,2.381938476562e+17,1174.311869177,,,,,,,
pion_lbv,profile_raw,682,2.385249023438e+17,1171.05521497,,,,,,,
pion_lbv,profile_raw,683,2.388559570312e+17,1167.811905743,,,,,,,
pion_lbv,profile_raw,684,2.391870117188e+17,1164.582602851,,,,,,,
pion_lbv,profile_raw,685,2.395180664062e+17,1161.36826068,,,,,,,
pion_lbv,profile_raw,686,2.398491210938e+17,1158.168293882,,,,,,,
pion_lbv,profile_raw,687,2.401801757812e+17,1154.981530761,,,,,,,
pion_lbv,profile_raw,688,2.405112304688e+17,1151.807764452,,,,,,,
pion_lbv,profile_raw,689,2.408422851562e+17,1148.647419867,,,,,,,
pion_lbv,profile_raw,690,2.411733398438e+17,1145.500193408,,,,,,,
pion_lbv,profile_raw,691,2.415043945312e+17,1142.365290937,,,,,,,
pion_lbv,profile_raw,692,2.418354492188e+17,1139.242561362,,,,,,,
pion_lbv,profile_raw,693,2.421665039062e+17,1136.132362786,,,,,,,
pion_lbv,profile_raw,694,2.424975585938e+17,1133.034582686,,,,,,,
pion_lbv,profile_raw,695,2.428286132812e+17,1129.948823814,,,,,,,
pion_lbv,profile_raw,696,2.431596679688e+17,1126.87490826,,,,,,,
pion_lbv,profile_raw,697,2.434907226562e+17,1123.81306467,,,,,,,
pion_lbv,profile_raw,698,2.438217773438e+17,1120.763719384,,,,,,,
pion_lbv,profile_raw,699,2.441528320312e+17,1117.727059423,,,,,,,
pion_lbv,profile_raw,700,2.444838867188e+17,1114.702964365,,,,,,,
pion_lbv,profile_raw,701,2.448149414062e+17,1111.691270539,,,,,,,
pion_lbv,profile_raw,702,2.451459960938e+17,1108.691678595,,,,,,,
pion_lbv,profile_raw,703,2.454770507812e+17,1105.703834802,,,,,,,
pion_lbv,profile_raw,704,2.458081054688e+17,1102.727416292,,,,,,,
pion_lbv,profile_raw,705,2.461391601562e+17,1099.762472505,,,,,,,
pion_lbv,profile_raw,706,2.464702148438e+17,1096.809236821,,,,,,,
pion_lbv,profile_raw,707,2.468012695312e+17,1093.867845237,,,,,,,
pion_lbv,profile_raw,708,2.471323242188e+17,1090.938305823,,,,,,,
pion_lbv,profile_raw,709,2.474633789062e+17,1088.020355978,,,,,,,
pion_lbv,profile_raw,710,2.477944335938e+17,1085.113651916,,,,,,,
pion_lbv,profile_raw,711,2.481254882812e+17,1082.218120158,,,,,,,
pion_lbv,profile_raw,712,2.484565429688e+17,1079.333866291,,,,,,,
pion_lbv,profile_raw,713,2.487875976562e+17,1076.461059657,,,,,,,
pion_lbv,profile_raw,714,2.491186523438e+17,1073.599940011,,,,,,,
pion_lbv,profile_raw,715,2.494497070312e+17,1070.750086869,,,,,,,
pion_lbv,profile_raw,716,2.497807617188e+17,1067.91084608,,,,,,,
pion_lbv,profile_raw,717,2.501118164062e+17,1065.082190727,,,,,,,
pion_lbv,profile_raw,718,2.504428710938e+17,1062.264348204,,,,,,,
pion_lbv,profile_raw,719,2.507739257812e+17,1059.457486296,,,,,,,
pion_lbv,profile_raw,720,2.511049804688e+17,1056.662125441,,,,,,,
pion_lbv,profile_raw,721,2.514360351562e+17,1053.87872316,,,,,,,
pion_lbv,profile_raw,722,2.517670898438e+17,1051.106976494,,,,,,,
pion_lbv,profile_raw,723,2.520981445312e+17,1048.346343536,,,,,,,
pion_lbv,profile_raw,724,2.524291992188e+17,1045.596349939,,,,,,,
pion_lbv,profile_raw,725,2.527602539062e+17,1042.856684345,,,,,,,
pion_lbv,profile_raw,726,2.530913085938e+17,1040.127350452,,,,,,,
pion_lbv,profile_raw,727,2.534223632812e+17,1037.40888484,,,,,,,
pion_lbv,profile_raw,728,2.537534179688e+17,1034.701640956,,,,,,,
pion_lbv,profile_raw,729,2.540844726562e+17,1032.00546244,,,,,,,
pion_lbv,profile_raw,730,2.544155273438e+17,1029.32013343,,,,,,,
pion_lbv,profile_raw,731,2.547465820312e+17,1026.645436152,,,,,,,
pion_lbv,profile_raw,732,2.550776367188e+17,1023.981117936,,,,,,,
pion_lbv,profile_raw,733,2.554086914062e+17,1021.32698604,,,,,,,
pion_lbv,profile_raw,734,2.557397460938e+17,1018.683120771,,,,,,,
pion_lbv,profile_raw,735,2.560708007812e+17,1016.049732616,,,,,,,
pion_lbv,profile_raw,736,2.564018554688e+17,1013.42683683,,,,,,,
pion_lbv,profile_raw,737,2.567329101562e+17,1010.814223249,,,,,,,
pion_lbv,profile_raw,738,2.570639648438e+17,1008.211701666,,,,,,,
pion_lbv,profile_raw,739,2.573950195312e+17,1005.619167231,,,,,,,
pion_lbv,profile_raw,740,2.577260742188e+17,1003.036702555,,,,,,,
pion_lbv,profile_raw,741,2.580571289062e+17,1000.464544404,,,,,,,
pion_lbv,profile_raw,742,2.583881835938e+17,997.9029939802,,,,,,,
pion_lbv,profile_raw,743,2.587192382812e+17,995.3520637849,,,,,,,
pion_lbv,profile_raw,744,2.590502929688e+17,992.811258866,,,,,,,
pion_lbv,profile_raw,745,2.593813476562e+17,990.2799044309,,,,,,,
pion_lbv,profile_raw,746,2.597124023438e+17,987.7575472509,,,,,,,
pion_lbv,profile_raw,747,2.600434570312e+17,985.2440496567,,,,,,,
pion_lbv,profile_raw,748,2.603745117188e+17,982.7396083627,,,,,,,
pion_lbv,profile_raw,749,2.607055664062e+17,980.2447079793,,,,,,,
pion_lbv,profile_raw,750,2.610366210938e+17,977.7598257306,,,,,,,
pion_lbv,profile_raw,751,2.613676757812e+17,975.2852420299,,,,,,,
pion_lbv,profile_raw,752,2.616987304688e+17,972.8206445217,,,,,,,
pion_lbv,profile_raw,753,2.620297851562e+17,970.3654381808,,,,,,,
pion_lbv,profile_raw,754,2.623608398438e+17,967.9191027662,,,,,,,
pion_lbv,profile_raw,755,2.626918945312e+17,965.4815282796,,,,,,,
pion_lbv,profile_raw,756,2.630229492188e+17,963.0529601755,,,,,,,
pion_lbv,profile_raw,757,2.633540039062e+17,960.6338746614,,,,,,,
pion_lbv,profile_raw,758,2.636850585938e+17,958.2244675175,,,,,,,
pion_lbv,profile_raw,759,2.640161132812e+17,955.8244860394,,,,,,,
pion_lbv,profile_raw,760,2.643471679688e+17,953.4333550267,,,,,,,
pion_lbv,profile_raw,761,2.646782226562e+17,951.0504920366,,,,,,,
pion_lbv,profile_raw,762,2.650092773438e+17,948.6756552191,,,,,,,
pion_lbv,profile_raw,763,2.653403320312e+17,946.3090700109,,,,,,,
pion_lbv,profile_raw,764,2.656713867188e+17,943.9512986258,,,,,,,
pion_lbv,profile_raw,765,2.660024414062e+17,941.6028538676,,,,,,,
pion_lbv,profile_raw,766,2.663334960938e+17,939.2638440402,,,,,,,
pion_lbv,profile_raw,767,2.666645507812e+17,936.9340411466,,,,,,,
pion_lbv,profile_raw,768,2.669956054688e+17,934.6127902052,,,,,,,
pion_lbv,profile_raw,769,2.673266601562e+17,932.2995991771,,,,,,,
pion_lbv,profile_raw,770,2.676577148438e+17,929.9943292821,,,,,,,
pion_lbv,profile_raw,771,2.679887695312e+17,927.6972719073,,,,,,,
pion_lbv,profile_raw,772,2.683198242188e+17,925.4087679199,,,,,,,
pion_lbv,profile_raw,773,2.686508789062e+17,923.1291613487,,,,,,,
pion_lbv,profile_raw,774,2.689819335938e+17,920.8584238013,,,,,,,
pion_lbv,profile_raw,775,2.693129882812e+17,918.596152392,,,,,,,
pion_lbv,profile_raw,776,2.696440429688e+17,916.3417051966,,,,,,,
pion_lbv,profile_raw,777,2.699750976562e+17,914.0948099316,,,,,,,
pion_lbv,profile_raw,778,2.703061523438e+17,911.8555996657,,,,,,,
pion_lbv,profile_raw,779,2.706372070312e+17,909.6246238997,,,,,,,
pion_lbv,profile_raw,780,2.709682617188e+17,907.402489632,,,,,,,
pion_lbv,profile_raw,781,2.712993164062e+17,905.1894721011,,,,,,,
pion_lbv,profile_raw,782,2.716303710938e+17,902.9853579921,,,,,,,
pion_lbv,profile_raw,783,2.719614257812e+17,900.789297121,,,,,,,
pion_lbv,profile_raw,784,2.722924804688e+17,898.6003594718,,,,,,,
pion_lbv,profile_raw,785,2.726235351562e+17,896.4181322251,,,,,,,
pion_lbv,profile_raw,786,2.729545898438e+17,894.2428318413,,,,,,,
pion_lbv,profile_raw,787,2.732856445312e+17,892.0751707713,,,,,,,
pion_lbv,profile_raw,788,2.736166992188e+17,889.9158822077,,,,,,,
pion_lbv,profile_raw,789,2.739477539062e+17,887.7654210347,,,,,,,
pion_lbv,profile_raw,790,2.742788085938e+17,885.6237039762,,,,,,,
pion_lbv,profile_raw,791,2.746098632812e+17,883.490060143,,,,,,,
pion_lbv,profile_raw,792,2.749409179688e+17,881.3637045273,,,,,,,
pion_lbv,profile_raw,793,2.752719726562e+17,879.2441422329,,,,,,,
pion_lbv,profile_raw,794,2.756030273438e+17,877.1315425807,,,,,,,
pion_lbv,profile_raw,795,2.759340820312e+17,875.0265843,,,,,,,
pion_lbv,profile_raw,796,2.762651367188e+17,872.9298481058,,,,,,,
pion_lbv,profile_raw,797,2.765961914062e+17,870.8414662835,,,,,,,
pion_lbv,profile_raw,798,2.769272460938e+17,868.7609696989,,,,,,,
pion_lbv,profile_raw,799,2.772583007812e+17,866.6875329604,,,,,,,
pion_lbv,profile_raw,800,2.775893554688e+17,864.6205351936,,,,,,,
pion_lbv,profile_raw,801,2.779204101562e+17,862.5597734101,,,,,,,
pion_lbv,profile_raw,802,2.782514648438e+17,860.5056694093,,,,,,,
pion_lbv,profile_raw,803,2.785825195312e+17,858.4590054188,,,,,,,
pion_lbv,profile_raw,804,2.789135742188e+17,856.4206257776,,,,,,,
pion_lbv,profile_raw,805,2.792446289062e+17,854.3909354368,,,,,,,
pion_lbv,profile_raw,806,2.795756835938e+17,852.3697390232,,,,,,,
pion_lbv,profile_raw,807,2.799067382812e+17,850.3560673578,,,,,,,
pion_lbv,profile_raw,808,2.802377929688e+17,848.3488925436,,,,,,,
pion_lbv,profile_raw,809,2.805688476562e+17,846.3475059985,,,,,,,
pion_lbv,profile_raw,810,2.808999023438e+17,844.3519720704,,,,,,,
pion_lbv,profile_raw,811,2.812309570312e+17,842.3630762858,,,,,,,
pion_lbv,profile_raw,812,2.815620117188e+17,840.3817646756,,,,,,,
pion_lbv,profile_raw,813,2.818930664062e+17,838.4086691471,,,,,,,
pion_lbv,profile_raw,814,2.822241210938e+17,836.4435517596,,,,,,,
pion_lbv,profile_raw,815,2.825551757812e+17,834.4855164221,,,,,,,
pion_lbv,profile_raw,816,2.828862304688e+17,832.5334703216,,,,,,,
pion_lbv,profile_raw,817,2.832172851562e+17,830.5868008584,,,,,,,
pion_lbv,profile_raw,818,2.835483398438e+17,828.6458003413,,,,,,,
pion_lbv,profile_raw,819,2.838793945312e+17,826.7113900968,,,,,,,
pion_lbv,profile_raw,820,2.842104492188e+17,824.7847290442,,,,,,,
pion_lbv,profile_raw,821,2.845415039062e+17,822.8663909079,,,,,,,
pion_lbv,profile_raw,822,2.848725585938e+17,820.9561815443,,,,,,,
pion_lbv,profile_raw,823,2.852036132812e+17,819.0531864974,,,,,,,
pion_lbv,profile_raw,824,2.855346679688e+17,817.156225979,,,,,,,
pion_lbv,profile_raw,825,2.858657226562e+17,815.2644945307,,,,,,,
pion_lbv,profile_raw,826,2.861967773438e+17,813.3780059898,,,,,,,
pion_lbv,profile_raw,827,2.865278320312e+17,811.4973156246,,,,,,,
pion_lbv,profile_raw,828,2.868588867188e+17,809.6234533877,,,,,,,
pion_lbv,profile_raw,829,2.871899414062e+17,807.757215215,,,,,,,
pion_lbv,profile_raw,830,2.875209960938e+17,805.8986763553,,,,,,,
pion_lbv,profile_raw,831,2.878520507812e+17,804.0473075377,,,,,,,
pion_lbv,profile_raw,832,2.881831054688e+17,802.2021037692,,,,,,,
pion_lbv,profile_raw,833,2.885141601562e+17,800.3621761453,,,,,,,
pion_lbv,profile_raw,834,2.888452148438e+17,798.5272368532,,,,,,,
pion_lbv,profile_raw,835,2.891762695312e+17,796.6978850079,,,,,,,
pion_lbv,profile_raw,836,2.895073242188e+17,794.8752918721,,,,,,,
pion_lbv,profile_raw,837,2.898383789062e+17,793.0603389464,,,,,,,
pion_lbv,profile_raw,838,2.901694335938e+17,791.2530672204,,,,,,,
pion_lbv,profile_raw,839,2.905004882812e+17,789.4528087346,,,,,,,
pion_lbv,profile_raw,840,2.908315429688e+17,787.65844953,,,,,,,
pion_lbv,profile_raw,841,2.911625976562e+17,785.8690134883,,,,,,,
pion_lbv,profile_raw,842,2.914936523438e+17,784.0841915816,,,,,,,
pion_lbv,profile_raw,843,2.918247070312e+17,782.304514891,,,,,,,
pion_lbv,profile_raw,844,2.921557617188e+17,780.530746395,,,,,,,
pion_lbv,profile_raw,845,2.924868164062e+17,778.763607989,,,,,,,
pion_lbv,profile_raw,846,2.928178710938e+17,777.003596062,,,,,,,
pion_lbv,profile_raw,847,2.931489257812e+17,775.2506774869,,,,,,,
pion_lbv,profile_raw,848,2.934799804688e+17,773.5041935312,,,,,,,
pion_lbv,profile_raw,849,2.938110351562e+17,771.7632276262,,,,,,,
pion_lbv,profile_raw,850,2.941420898438e+17,770.0268515269,,,,,,,
pion_lbv,profile_raw,851,2.944731445312e+17,768.2946877789,,,,,,,
pion_lbv,profile_raw,852,2.948041992188e+17,766.5673823268,,,,,,,
pion_lbv,profile_raw,853,2.951352539062e+17,764.8461054844,,,,,,,
pion_lbv,profile_raw,854,2.954663085938e+17,763.1321218197,,,,,,,
pion_lbv,profile_raw,855,2.957973632812e+17,761.425738416,,,,,,,
pion_lbv,profile_raw,856,2.961284179688e+17,759.726353773,,,,,,,
pion_lbv,profile_raw,857,2.964594726562e+17,758.0326196705,,,,,,,
pion_lbv,profile_raw,858,2.967905273438e+17,756.3433340703,,,,,,,
pion_lbv,profile_raw,859,2.971215820312e+17,754.6580518907,,,,,,,
pion_lbv,profile_raw,860,2.974526367188e+17,752.9770666889,,,,,,,
pion_lbv,profile_raw,861,2.977836914062e+17,751.3013249438,,,,,,,
pion_lbv,profile_raw,862,2.981147460938e+17,749.631795897,,,,,,,
pion_lbv,profile_raw,863,2.984458007812e+17,747.9691407873,,,,,,,
pion_lbv,profile_raw,864,2.987768554688e+17,746.3135660665,,,,,,,
pion_lbv,profile_raw,865,2.991079101562e+17,744.6646234669,,,,,,,
pion_lbv,profile_raw,866,2.994389648438e+17,743.0212956829,,,,,,,
pion_lbv,profile_raw,867,2.997700195312e+17,741.3822662849,,,,,,,
pion_lbv,profile_raw,868,3.001010742188e+17,739.7467875882,,,,,,,
pion_lbv,profile_raw,869,3.004321289062e+17,738.115058204,,,,,,,
pion_lbv,profile_raw,870,3.007631835938e+17,736.4883039721,,,,,,,
pion_lbv,profile_raw,871,3.010942382812e+17,734.8680189749,,,,,,,
pion_lbv,profile_raw,872,3.014252929688e+17,733.2549707952,,,,,,,
pion_lbv,profile_raw,873,3.017563476562e+17,731.6488019452,,,,,,,
pion_lbv,profile_raw,874,3.020874023438e+17,730.0483797248,,,,,,,
pion_lbv,profile_raw,875,3.024184570312e+17,728.4524821144,,,,,,,
pion_lbv,profile_raw,876,3.027495117188e+17,726.8603669405,,,,,,,
pion_lbv,profile_raw,877,3.030805664062e+17,725.2718948369,,,,,,,
pion_lbv,profile_raw,878,3.034116210938e+17,723.6873938317,,,,,,,
pion_lbv,profile_raw,879,3.037426757812e+17,722.107684575,,,,,,,
pion_lbv,profile_raw,880,3.040737304688e+17,720.533925111,,,,,,,
pion_lbv,profile_raw,881,3.044047851562e+17,718.9672045607,,,,,,,
pion_lbv,profile_raw,882,3.047358398438e+17,717.4078399255,,,,,,,
pion_lbv,profile_raw,883,3.050668945312e+17,715.85479793,,,,,,,
pion_lbv,profile_raw,884,3.053979492188e+17,714.3062254887,,,,,,,
pion_lbv,profile_raw,885,3.057290039062e+17,712.7608253569,,,,,,,
pion_lbv,profile_raw,886,3.060600585938e+17,711.2181192403,,,,,,,
pion_lbv,profile_raw,887,3.063911132812e+17,709.6788433486,,,,,,,
pion_lbv,profile_raw,888,3.067221679688e+17,708.1444673486,,,,,,,
pion_lbv,profile_raw,889,3.070532226562e+17,706.6162958625,,,,,,,
pion_lbv,profile_raw,890,3.073842773438e+17,705.0945984187,,,,,,,
pion_lbv,profile_raw,891,3.077153320312e+17,703.5793485954,,,,,,,
pion_lbv,profile_raw,892,3.080463867188e+17,702.0701602771,,,,,,,
pion_lbv,profile_raw,893,3.083774414062e+17,700.5659621657,,,,,,,
pion_lbv,profile_raw,894,3.087084960938e+17,699.0655985239,,,,,,,
pion_lbv,profile_raw,895,3.090395507812e+17,697.5679881061,,,,,,,
pion_lbv,profile_raw,896,3.093706054688e+17,696.0730014376,,,,,,,
pion_lbv,profile_raw,897,3.097016601562e+17,694.5819767066,,,,,,,
pion_lbv,profile_raw,898,3.100327148438e+17,693.0968496158,,,,,,,
pion_lbv,profile_raw,899,3.103637695312e+17,691.6187499112,,,,,,,
pion_lbv,profile_raw,900,3.106948242188e+17,690.1473200941,,,,,,,
pion_lbv,profile_raw,901,3.110258789062e+17,688.6814664377,,,,,,,
pion_lbv,profile_raw,902,3.113569335938e+17,687.2200535369,,,,,,,
pion_lbv,profile_raw,903,3.116879882812e+17,685.7620736102,,,,,,,
pion_lbv,profile_raw,904,3.120190429688e+17,684.3070343644,,,,,,,
pion_lbv,profile_raw,905,3.123500976562e+17,682.8550035479,,,,,,,
pion_lbv,profile_raw,906,3.126811523438e+17,681.4062508236,,,,,,,
pion_lbv,profile_raw,907,3.130122070312e+17,679.961938746,,,,,,,
pion_lbv,profile_raw,908,3.133432617188e+17,678.5236831984,,,,,,,
pion_lbv,profile_raw,909,3.136743164062e+17,677.0926280783,,,,,,,
pion_lbv,profile_raw,910,3.140053710938e+17,675.6684008945,,,,,,,
pion_lbv,profile_raw,911,3.143364257812e+17,674.2493895649,,,,,,,
pion_lbv,profile_raw,912,3.146674804688e+17,672.8335891023,,,,,,,
pion_lbv,profile_raw,913,3.149985351562e+17,671.4199526634,,,,,,,
pion_lbv,profile_raw,914,3.153295898438e+17,670.0089042002,,,,,,,
pion_lbv,profile_raw,915,3.156606445312e+17,668.601290427,,,,,,,
pion_lbv,profile_raw,916,3.159916992188e+17,667.1978105252,,,,,,,
pion_lbv,profile_raw,917,3.163227539062e+17,665.7992003623,,,,,,,
pion_lbv,profile_raw,918,3.166538085938e+17,664.406473675,,,,,,,
pion_lbv,profile_raw,919,3.169848632812e+17,663.020613279,,,,,,,
pion_lbv,profile_raw,920,3.173159179688e+17,661.6414307906,,,,,,,
pion_lbv,profile_raw,921,3.176469726562e+17,660.2670847634,,,,,,,
pion_lbv,profile_raw,922,3.179780273438e+17,658.8952505985,,,,,,,
pion_lbv,profile_raw,923,3.183090820312e+17,657.5247365761,,,,,,,
pion_lbv,profile_raw,924,3.186401367188e+17,656.1560627709,,,,,,,
pion_lbv,profile_raw,925,3.189711914062e+17,654.7909045603,,,,,,,
pion_lbv,profile_raw,926,3.193022460938e+17,653.4305796381,,,,,,,
pion_lbv,profile_raw,927,3.196333007812e+17,652.0756089757,,,,,,,
pion_lbv,profile_raw,928,3.199643554688e+17,650.7263790332,,,,,,,
pion_lbv,profile_raw,929,3.202954101562e+17,649.3833263749,,,,,,,
pion_lbv,profile_raw,930,3.206264648438e+17,648.0463753846,,,,,,,
pion_lbv,profile_raw,931,3.209575195312e+17,646.7142416212,,,,,,,
pion_lbv,profile_raw,932,3.212885742188e+17,645.3845470736,,,,,,,
pion_lbv,profile_raw,933,3.216196289062e+17,644.0557318146,,,,,,,
pion_lbv,profile_raw,934,3.219506835938e+17,642.7281867724,,,,,,,
pion_lbv,profile_raw,935,3.222817382812e+17,641.4038014689,,,,,,,
pion_lbv,profile_raw,936,3.226127929688e+17,640.0844984451,,,,,,,
pion_lbv,profile_raw,937,3.229438476562e+17,638.7711145864,,,,,,,
pion_lbv,profile_raw,938,3.232749023438e+17,637.4635790131,,,,,,,
pion_lbv,profile_raw,939,3.236059570312e+17,636.1615122452,,,,,,,
pion_lbv,profile_raw,940,3.239370117188e+17,634.864907195,,,,,,,
pion_lbv,profile_raw,941,3.242680664062e+17,633.5733229073,,,,,,,
pion_lbv,profile_raw,942,3.245991210938e+17,632.2847245775,,,,,,,
pion_lbv,profile_raw,943,3.249301757812e+17,630.9968052421,,,,,,,
pion_lbv,profile_raw,944,3.252612304688e+17,629.7092088274,,,,,,,
pion_lbv,profile_raw,945,3.255922851562e+17,628.424310357,,,,,,,
pion_lbv,profile_raw,946,3.259233398438e+17,627.1443605002,,,,,,,
pion_lbv,profile_raw,947,3.262543945312e+17,625.8703520273,,,,,,,
pion_lbv,profile_raw,948,3.265854492188e+17,624.6022033416,,,,,,,
pion_lbv,profile_raw,949,3.269165039062e+17,623.3392169802,,,,,,,
pion_lbv,profile_raw,950,3.272475585938e+17,622.0814458396,,,,,,,
pion_lbv,profile_raw,951,3.275786132812e+17,620.8286349997,,,,,,,
pion_lbv,profile_raw,952,3.279096679688e+17,619.5790618978,,,,,,,
pion_lbv,profile_raw,953,3.282407226562e+17,618.3304438014,,,,,,,
pion_lbv,profile_raw,954,3.285717773438e+17,617.082004344,,,,,,,
pion_lbv,profile_raw,955,3.289028320312e+17,615.835092317,,,,,,,
pion_lbv,profile_raw,956,3.292338867188e+17,614.5923051842,,,,,,,
pion_lbv,profile_raw,957,3.295649414062e+17,613.3557134426,,,,,,,
pion_lbv,profile_raw,958,3.298959960938e+17,612.1248804174,,,,,,,
pion_lbv,profile_raw,959,3.302270507812e+17,610.8992099347,,,,,,,
pion_lbv,profile_raw,960,3.305581054688e+17,609.6787664282,,,,,,,
pion_lbv,profile_raw,961,3.308891601562e+17,608.463247103,,,,,,,
pion_lbv,profile_raw,962,3.312202148438e+17,607.2517691166,,,,,,,
pion_lbv,profile_raw,963,3.315512695312e+17,606.0423930626,,,,,,,
pion_lbv,profile_raw,964,3.318823242188e+17,604.8332455267,,,,,,,
pion_lbv,profile_raw,965,3.322133789062e+17,603.6239019703,,,,,,,
pion_lbv,profile_raw,966,3.325444335938e+17,602.417024791,,,,,,,
pion_lbv,profile_raw,967,3.328754882812e+17,601.215223882,,,,,,,
pion_lbv,profile_raw,968,3.332065429688e+17,600.0190664432,,,,,,,
pion_lbv,profile_raw,969,3.335375976562e+17,598.8280813429,,,,,,,
pion_lbv,profile_raw,970,3.338686523438e+17,597.6424035091,,,,,,,
pion_lbv,profile_raw,971,3.341997070312e+17,596.462454686,,,,,,,
pion_lbv,profile_raw,972,3.345307617188e+17,595.2876315628,,,,,,,
pion_lbv,profile_raw,973,3.348618164062e+17,594.1156447486,,,,,,,
pion_lbv,profile_raw,974,3.351928710938e+17,592.9443565187,,,,,,,
pion_lbv,profile_raw,975,3.355239257812e+17,591.7722314197,,,,,,,
pion_lbv,profile_raw,976,3.358549804688e+17,590.6023066069,,,,,,,
pion_lbv,profile_raw,977,3.361860351562e+17,589.4351644914,,,,,,,
pion_lbv,profile_raw,978,3.365170898438e+17,588.2731246079,,,,,,,
pion_lbv,profile_raw,979,3.368481445312e+17,587.1133004474,,,,,,,
pion_lbv,profile_raw,980,3.371791992188e+17,585.9609279628,,,,,,,
pion_lbv,profile_raw,981,3.375102539062e+17,584.8133182446,,,,,,,
pion_lbv,profile_raw,982,3.378413085938e+17,583.6726027583,,,,,,,
pion_lbv,profile_raw,983,3.381723632812e+17,582.5332414521,,,,,,,
pion_lbv,profile_raw,984,3.385034179688e+17,581.3977206691,,,,,,,
pion_lbv,profile_raw,985,3.388344726562e+17,579.6812542616,,,,,,,
pion_lbv,profile_interface,0,10000000000000.0,28334439842.63,,,,,,,
pion_lbv,profile_interface,1,1.32e+16,16261.7308555,,,,,,,
pion_lbv,profile_interface,2,1.340771484375e+16,15759.41647451,,,,,,,
pion_lbv,profile_interface,3,2.598779296875e+16,4198.429960016,,,,,,,
pion_lbv,profile_interface,4,2.631884765625e+16,4034.987992248,,,,,,,
pion_lbv,profile_interface,5,2.664990234375e+16,4035.917083217,,,,,,,
pion_lbv,profile_interface,6,2.698095703125e+16,55743.55255956,,,,,,,
pion_lbv,profile_interface,7,2.731201171875e+16,759879.7840637,,,,,,,
pion_lbv,profile_interface,8,2.764306640625e+16,3054435.221314,,,,,,,
pion_lbv,profile_interface,9,2.797412109375e+16,4396709.490473,,,,,,,
pion_lbv,profile_interface,10,2.830517578125e+16,4112091.609378,,,,,,,
pion_lbv,profile_interface,11,2.863623046875e+16,2926299.477758,,,,,,,
pion_lbv,profile_interface,12,2.896728515625e+16,1640707.630702,,,,,,,
pion_lbv,profile_interface,13,2.929833984375e+16,1139723.398385,,,,,,,
pion_lbv,profile_interface,14,2.962939453125e+16,960729.0067437,,,,,,,
pion_lbv,profile_interface,15,2.996044921875e+16,891571.8161798,,,,,,,
pion_lbv,profile_interface,16,3.029150390625e+16,857236.5929321,,,,,,,
pion_lbv,profile_interface,17,3.062255859375e+16,833945.4242778,,,,,,,
pion_lbv,profile_interface,18,3.558837890625e+16,616134.9662083,,,,,,,
pion_lbv,profile_interface,19,3.625048828125e+16,590205.9279269,,,,,,,
pion_lbv,profile_interface,20,3.691259765625e+16,560292.2722735,,,,,,,
pion_lbv,profile_interface,21,3.724365234375e+16,542655.7391999,,,,,,,
pion_lbv,profile_interface,22,3.757470703125e+16,522477.1009593,,,,,,,
pion_lbv,profile_interface,23,3.790576171875e+16,499180.7727557,,,,,,,
pion_lbv,profile_interface,24,3.823681640625e+16,472254.6549069,,,,,,,
pion_lbv,profile_interface,25,3.856787109375e+16,441313.2344302,,,,,,,
pion_lbv,profile_interface,26,3.889892578125e+16,406144.9740084,,,,,,,
pion_lbv,profile_interface,27,3.922998046875e+16,366721.8563304,,,,,,,
pion_lbv,profile_interface,28,3.956103515625e+16,323148.2921094,,,,,,,
pion_lbv,profile_interface,29,3.989208984375e+16,275528.6281997,,,,,,,
pion_lbv,profile_interface,30,4.022314453125e+16,226618.2437365,,,,,,,
pion_lbv,profile_interface,31,4.055419921875e+16,184568.2265976,,,,,,,
pion_lbv,profile_interface,32,4.088525390625e+16,149619.4898502,,,,,,,
pion_lbv,profile_interface,33,4.187841796875e+16,79467.99693716,,,,,,,
pion_lbv,profile_interface,34,4.220947265625e+16,64778.92492822,,,,,,,
pion_lbv,profile_interface,35,4.254052734375e+16,53149.39151297,,,,,,,
pion_lbv,profile_interface,36,4.287158203125e+16,43958.06790526,,,,,,,
pion_lbv,profile_interface,37,4.320263671875e+16,36690.16187764,,,,,,,
pion_lbv,profile_interface,38,4.353369140625e+16,30928.34907461,,,,,,,
pion_lbv,profile_interface,39,4.386474609375e+16,26339.963674,,,,,,,
pion_lbv,profile_interface,40,4.419580078125e+16,22663.16681664,,,,,,,
pion_lbv,profile_interface,41,4.452685546875e+16,19693.84208664,,,,,,,
pion_lbv,profile_interface,42,4.485791015625e+16,17274.16064031,,,,,,,
pion_lbv,profile_interface,43,4.518896484375e+16,15283.0360591,,,,,,,
pion_lbv,profile_interface,44,4.552001953125e+16,13628.24381279,,,,,,,
pion_lbv,profile_interface,45,4.585107421875e+16,12239.84234979,,,,,,,
pion_lbv,profile_interface,46,4.618212890625e+16,11064.52998351,,,,,,,
pion_lbv,profile_interface,47,4.651318359375e+16,10060.76692069,,,,,,,
pion_lbv,profile_interface,48,4.684423828125e+16,9195.005209385,,,,,,,
pion_lbv,profile_interface,49,4.750634765625e+16,7780.319474755,,,,,,,
pion_lbv,profile_interface,50,4.783740234375e+16,7197.896132527,,,,,,,
pion_lbv,profile_interface,51,4.849951171875e+16,6227.141741441,,,,,,,
pion_lbv,profile_interface,52,4.916162109375e+16,5466.805986575,,,,,,,
pion_lbv,profile_interface,53,4.949267578125e+16,5152.565107424,,,,,,,
pion_lbv,profile_interface,54,4.982373046875e+16,4877.263862111,,,,,,,
pion_lbv,profile_interface,55,5.015478515625e+16,4638.031544919,,,,,,,
pion_lbv,profile_interface,56,5.048583984375e+16,4432.54735472,,,,,,,
pion_lbv,profile_interface,57,5.081689453125e+16,4258.889426125,,,,,,,
pion_lbv,profile_interface,58,5.114794921875e+16,4115.398303079,,,,,,,
pion_lbv,profile_interface,59,5.147900390625e+16,4000.553633712,,,,,,,
pion_lbv,profile_interface,60,5.181005859375e+16,3912.815416558,,,,,,,
pion_lbv,profile_interface,61,5.214111328125e+16,3850.382755653,,,,,,,
pion_lbv,profile_interface,62,5.247216796875e+16,3810.816298365,,,,,,,
pion_lbv,profile_interface,63,5.313427734375e+16,3784.203384989,,,,,,,
pion_lbv,profile_interface,64,5.412744140625e+16,3804.19273469,,,,,,,
pion_lbv,profile_interface,65,5.478955078125e+16,3868.067545809,,,,,,,
pion_lbv,profile_interface,66,5.512060546875e+16,3922.748787702,,,,,,,
pion_lbv,profile_interface,67,5.545166015625e+16,3996.295074451,,,,,,,
pion_lbv,profile_interface,68,5.578271484375e+16,4092.317750571,,,,,,,
pion_lbv,profile_interface,69,5.611376953125e+16,4215.38227023,,,,,,,
pion_lbv,profile_interface,70,5.644482421875e+16,4371.200456245,,,,,,,
pion_lbv,profile_interface,71,5.677587890625e+16,4566.769999565,,,,,,,
pion_lbv,profile_interface,72,5.710693359375e+16,4810.432188927,,,,,,,
pion_lbv,profile_interface,73,5.743798828125e+16,5111.814938449,,,,,,,
pion_lbv,profile_interface,74,5.776904296875e+16,5481.635536491,,,,,,,
pion_lbv,profile_interface,75,5.810009765625e+16,5931.346371787,,,,,,,
pion_lbv,profile_interface,76,5.843115234375e+16,6472.6077265,,,,,,,
pion_lbv,profile_interface,77,5.876220703125e+16,7116.563196521,,,,,,,
pion_lbv,profile_interface,78,5.909326171875e+16,7872.882112324,,,,,,,
pion_lbv,profile_interface,79,5.942431640625e+16,8748.532728701,,,,,,,
pion_lbv,profile_interface,80,6.008642578125e+16,10862.79742142,,,,,,,
pion_lbv,profile_interface,81,6.041748046875e+16,12037.44784787,,,,,,,
pion_lbv,profile_interface,82,6.074853515625e+16,13053.48133269,,,,,,,
pion_lbv,profile_interface,83,6.107958984375e+16,13892.68341409,,,,,,,
pion_lbv,profile_interface,84,6.141064453125e+16,14568.22938619,,,,,,,
pion_lbv,profile_interface,85,6.174169921875e+16,15093.81279,,,,,,,
pion_lbv,profile_interface,86,6.207275390625e+16,15485.74592521,,,,,,,
pion_lbv,profile_interface,87,6.240380859375e+16,15762.52149927,,,,,,,
pion_lbv,profile_interface,88,6.273486328125e+16,15943.83662362,,,,,,,
pion_lbv,profile_interface,89,6.339697265625e+16,16099.63645094,,,,,,,
pion_lbv,profile_interface,90,6.405908203125e+16,16111.16568052,,,,,,,
pion_lbv,profile_interface,91,6.472119140625e+16,16040.81470882,,,,,,,
pion_lbv,profile_interface,92,6.538330078125e+16,15810.1523135,,,,,,,
pion_lbv,profile_interface,93,6.670751953125e+16,15015.62810194,,,,,,,
pion_lbv,profile_interface,94,6.869384765625e+16,14121.46530738,,,,,,,
pion_lbv,profile_interface,95,3.388344726562e+17,579.6812542616,,,,,,,
pion_lbv,state,0,10099294261524.865,27780021567.62988,0.0185308753155192,99.29728617820062,20308.14940855603,,,,
pion_lbv,state,1,10103547637605.07,27756636908.63508,0.018538792384040555,99.26749233489333,20293.478300896844,,,,
pion_lbv,state,2,10107981832343.334,27732289548.456276,0.018547051081182434,99.23645484101957,20278.201354878798,,,,
pion_lbv,state,3,10112604413559.748,27706941882.136944,0.01855566614852678,99.20412362168194,20262.294743713937,,,,
pion_lbv,state,4,10117423255606.826,27680555009.303814,0.018564652963768045,99.17044674305514,20245.733805474774,,,,
pion_lbv,state,5,10122446550939.596,27653088704.456383,0.01857402756816201,99.13537035673518,20228.493022561353,,,,
pion_lbv,state,6,10127682821971.451,27624501388.392292,0.018583806695159067,99.09883864416015,20210.546001737457,,,,
pion_lbv,state,7,10133140933393.816,27594750099.98954,0.018594007800273014,99.06079376001391,20191.865454237362,,,,
pion_lbv,state,8,10138830104815.043,27563790469.341366,0.018604649092238756,99.02117577578896,20172.423176559303,,,,
pion_lbv,state,9,10144759923749.564,27531576692.29127,0.018615749565514487,98.97992262346656,20152.190031964932,,,,
pion_lbv,state,10,10150940359068.25,27498061505.998943,0.01862732903418632,98.9369700387295,20131.135932441764,,,,
pion_lbv,state,11,10157381774722.852,27463196166.79258,0.018639408167335992,98.8922515052086,20109.22982190724,,,,
pion_lbv,state,12,10164094943949.852,27426930429.452602,0.018652008525934696,98.84569819854543,20086.439660105112,,,,
pion_lbv,state,13,10171091063763.492,27389212529.225643,0.018665152601328904,98.79723893181627,20062.73240799887,,,,
pion_lbv,state,14,10178381769940.09,27349989165.757275,0.018678863855386887,98.74680010115095,20038.0740141405,,,,
pion_lbv,state,15,10185979152270.76,27309205490.44565,0.018693166762377627,98.69430563334105,20012.42940294574,,,,
pion_lbv,state,16,10193895770250.973,27266805096.61111,0.018708086852656798,98.63967693453199,19985.762464484258,,,,
pion_lbv,state,17,10202144669145.959,27222730013.138905,0.018723650758237863,98.58283284069967,19958.036046184017,,,,
pion_lbv,state,18,10210739396378.346,27176920702.210773,0.018739886260329592,98.52368957057044,19929.21194682585,,,,
pion_lbv,state,19,10219694018350.809,27129316060.87302,0.018756822338924877,98.46216068051261,19899.250912655993,,,,
pion_lbv,state,20,10229023137543.676,27079853427.65363,0.01877448922452935,98.39815702282048,19868.11263636732,,,,
pion_lbv,state,21,10238741909962.629,27028468594.193153,0.018792918452122113,98.33158670720486,19835.75575891558,,,,
pion_lbv,state,22,10248866062983.223,26975095822.02586,0.01881214291744496,98.26235506551834,19802.137874244017,,,,
pion_lbv,state,23,10259411913402.902,26919667865.898045,0.018832196935720504,98.19036462137339,19767.215537779506,,,,
pion_lbv,state,24,10270396385855.693,26862116003.19799,0.01885311630290404,98.11551506396258,19730.944278421426,,,,
pion_lbv,state,25,10281837031548.541,26802370070.11751,0.018874938359578496,98.03770322675179,19693.27861440483,,,,
pion_lbv,state,26,10293752047045.377,26740358506.379436,0.018897702057606516,97.9568230733077,19654.172074186034,,,,
pion_lbv,state,27,10306160293565.283,26676008406.493916,0.018921448029658616,97.87276568749287,19613.577221060306,,,,
pion_lbv,state,28,10319081316303.883,26609245580.51461,0.018946218661741544,97.78541927178989,19571.445683379727,,,,
pion_lbv,state,29,10332535363890.396,26539994624.090263,0.018972058168856335,97.69466915340634,19527.728190240712,,,,
pion_lbv,state,30,10346543408147.13,26468178997.339073,0.01899901267392104,97.60039779746843,19482.374612343094,,,,
pion_lbv,state,31,10361127163758.322,26393721114.949005,0.019027130290099073,97.50248483039346,19435.334009539558,,,,
pion_lbv,state,32,10376309108202.314,26316542446.03296,0.019056461206680083,97.40080707149032,19386.554684153944,,,,
pion_lbv,state,33,10392112501524.322,26236563626.238792,0.01908705777866666,97.29523857606863,19335.984241656723,,,,
pion_lbv,state,34,10408561406246.602,26153704580.89851,0.019118974620226797,97.18565068849193,19283.569657943935,,,,
pion_lbv,state,35,10425680706971.535,26067884661.73693,0.01915226870217892,97.07191210856901,19229.257354831647,,,,
pion_lbv,state,36,10443496130183.463,25979022794.81084,0.019186999453683445,96.95388896831781,19172.993282317104,,,,
pion_lbv,state,37,10462034263534.945,25887037643.45141,0.01922322886832247,96.8314449242519,19114.723010023197,,,,
pion_lbv,state,38,10481322575101.447,25791847783.895103,0.019261021614756867,96.70444126233454,19054.391826397175,,,,
pion_lbv,state,39,10501389432309.99,25693371895.138767,0.01930044515215832,96.57273701790531,18991.94484667921,,,,
pion_lbv,state,40,10522264120350.262,25591528963.938362,0.019341569850622402,96.43618911214006,18927.327130273683,,,,
pion_lbv,state,41,10543976860401.412,25486238503.21783,0.01938446911677752,96.29465250312599,18860.483806482214,,,,
pion_lbv,state,42,10566558827007.17,25377420786.960155,0.019429219524814082,96.1479803561464,18791.360210614737,,,,
pion_lbv,state,43,10590042165251.965,25264997098.112663,0.01947590095316759,95.9960242290769,18719.9020283533,,,,
pion_lbv,state,44,10614460006916.582,25148889993.089413,0.01952459672709984,95.83863427835556,18646.055450729105,,,,
pion_lbv,state,45,10639846486037.69,25029023580.28524,0.01957539376743252,95.67565948278954,18569.76733816667,,,,
pion_lbv,state,46,10666236753888.06,24905323811.90974,0.01962838274569889,95.50694788508135,18490.985393260235,,,,
pion_lbv,state,47,10693666992496.898,24777718792.51037,0.01968365824599034,95.33234685659532,18409.658344542953,,,,
pion_lbv,state,48,10722174427681.307,24646139098.656307,0.01974131893378679,95.15170337890244,18325.736137859072,,,,
pion_lbv,state,49,10751797340777.258,24510518112.53099,0.01980146773207228,94.9648643469912,18239.17013722621,,,,
pion_lbv,state,50,10782575079200.74,24370792367.54674,0.019864212005050078,94.77167689285076,18149.913334136367,,,,
pion_lbv,state,51,10814548065934.338,24226901904.140495,0.01992966374978531,94.57198872827851,18057.920564281507,,,,
pion_lbv,state,52,10847757807409.861,24078790636.570107,0.01999793979611709,94.36564850955052,17963.14873239808,,,,
pion_lbv,state,53,10882246900269.283,23926406726.752018,0.020069162015197064,94.15250622010245,17865.557042882647,,,,
pion_lbv,state,54,10918059036542.34,23769702965.299507,0.02014345753702658,93.93241357315553,17765.107236468717,,,,
pion_lbv,state,55,10955239007136.709,23608637158.071472,0.02022095897738077,93.70522443378931,17661.763832083016,,,,
pion_lbv,state,56,10993832703822.307,23443172515.129055,0.020301804674524637,93.47079525806326,17555.4943720998,,,,
pion_lbv,state,57,11033887119755.531,23273278039.493958,0.02038613893614362,93.22898554751676,17446.269669528258,,,,
pion_lbv,state,58,11075450347776.951,23098928916.364136,0.020474112296929435,92.97965832210706,17334.064057770425,,,,
pion_lbv,state,59,11118571577336.037,22920106896.352795,0.020565881787281023,92.72268060463854,17218.855639031313,,,,
pion_lbv,state,60,11163301089290.29,22736800673.058456,0.020661611213600137,92.45792391932889,17100.62653179191,,,,
pion_lbv,state,61,11209690249242.842,22549006249.186142,0.020761471450681943,92.18526479847425,16979.363113833162,,,,
pion_lbv,state,62,11257791498521.781,22356727291.820816,0.020865640746722567,91.90458530032623,16855.05626140087,,,,
pion_lbv,state,63,11307658343492.316,22159975470.800232,0.02097430504148796,91.61577353168903,16727.701580803034,,,,
pion_lbv,state,64,11359345343269.523,21958770776.793686,0.021087658298212037,91.318724172418,16597.29963042084,,,,
pion_lbv,state,65,11412908094829.408,21753141819.793594,0.021205902849816563,91.01333900498565,16463.856133756377,,,,
pion_lbv,state,66,11468403217097.855,21543126098.61231,0.021329249760070657,90.69952743726147,16327.382177566835,,,,
pion_lbv,state,67,11525888332793.809,21328770243.091717,0.02145791920033475,90.37720702279317,16187.894396302157,,,,
pion_lbv,state,68,11585422048290.537,21110130224.859253,0.02159214084256128,90.04630397410628,16045.41514023647,,,,
pion_lbv,state,69,11647063932648.73,20887271529.504128,0.021732154269253838,89.70675365968889,15899.97262270803,,,,
pion_lbv,state,70,11710874494007.045,20660269294.210613,0.021878209401116285,89.3585010918766,15751.601049112789,,,,
pion_lbv,state,71,11776915155591.88,20429208400.092697,0.022030566943155454,89.00150139016736,15600.340720618162,,,,
pion_lbv,state,72,11845248229357.752,20194183524.259922,0.022189498850033438,88.6357202280744,15446.238115809338,,,,
pion_lbv,state,73,11915936888818.309,19955299144.082176,0.0223552888115004,88.26113425211253,15289.345945236731,,,,
pion_lbv,state,74,11989045141609.248,19712669490.50903,0.022528232758774094,87.87773146754584,15129.723176626248,,,,
pion_lbv,state,75,12064637799064.254,19466418458.428844,0.022708639392770263,87.48551160268741,14967.435035786662,,,,
pion_lbv,state,76,12142780448087.03,19216679455.741962,0.02289683073512652,87.08448642159371,14802.552970896992,,,,
pion_lbv,state,77,12223539418823.219,18963595212.363007,0.0230931427030035,86.67468001696655,14635.154593815423,,,,
pion_lbv,state,78,12306981755872.283,18707317524.267788,0.02329792570868916,86.25612904126703,14465.323581629567,,,,
pion_lbv,state,79,12393175185806.95,18448006956.54847,0.023511545285076527,85.82888291161484,14293.149553835809,,,,
pion_lbv,state,80,12482188087543.053,18185832486.105015,0.023734382738131443,85.39300395381784,14118.727911864149,,,,
pion_lbv,state,81,12574089461568.166,17920971098.343636,0.02396683582751474,84.94856750486261,13942.159649925687,,,,
pion_lbv,state,82,12668948899462.781,17653607335.54152,0.02420931947657409,84.49566196580315,13763.551135078487,,,,
pion_lbv,state,83,12766836555885.652,17383932793.65436,0.024462266512972362,84.03438879449502,13583.013853735234,,,,
pion_lbv,state,84,12867823119383.66,17112145581.297596,0.024726128441275076,83.56486245584169,13400.664133125181,,,,
pion_lbv,state,85,12971979786526.15,16838449732.004139,0.02500137624887538,83.08721030862334,13216.62283109439,,,,
pion_lbv,state,86,13079378235553.564,16563054584.530947,0.025288501246695707,82.60157244787261,13031.015003434224,,,,
pion_lbv,state,87,13190090603577.004,16286174124.953558,0.025588015946166172,82.10810148540232,12843.969543831161,,,,
pion_lbv,state,88,13304189464422.71,16008026303.288704,0.0259004549740457,81.6069622837403,12655.618804281063,,,,
pion_lbv,state,89,13421747809618.805,15728832323.439585,0.0262263760267182,81.09833163431608,12466.098194448674,,,,
pion_lbv,state,90,13542839030294.799,15448815917.433472,0.026566360865667653,80.58239789231408,12275.545766689744,,,,
pion_lbv,state,91,13667536903527.342,15168202601.098085,0.026921016355908847,80.05936055571793,12084.101784118358,,,,
pion_lbv,state,92,13795915579732.193,14887218925.054958,0.02729097554922723,79.52942980657686,11891.908280489228,,,,
pion_lbv,state,93,13928049574529.998,14606091718.867983,0.02767689881416161,78.99282600343932,11699.10860981559,,,,
pion_lbv,state,94,14064013761845.125,14325047341.339561,0.028079475014746648,78.44977914233027,11505.846994026855,,,,
pion_lbv,state,95,14203883372079.885,14044310934.207933,0.028499422740119035,77.90052827449595,11312.268066277325,,,,
pion_lbv,state,96,14347733991944.379,13764105692.052866,0.02893749158718241,77.34532089911544,11118.516418238136,,,,
pion_lbv,state,97,14495641569748.652,13484652145.869507,0.02939446349862036,76.78441232026971,10924.73614924072,,,,
pion_lbv,state,98,14647682421662.406,13206167474.197088,0.02987115415864587,76.21806499020747,10731.070426544728,,,,
pion_lbv,state,99,14803933243058.895,12928864838.19792,0.03036841444897862,75.64654782733622,10537.661054019554,,,,
pion_lbv,state,100,14964471124740.107,12652952745.874117,0.03088713196764909,75.07013551493023,10344.648052647219,,,,
pion_lbv,state,101,15129373569480.242,12378634457.176636,0.03142823261334029,74.48910780159747,10152.169260976894,,,,
pion_lbv,state,102,15298718515677.727,12106107421.33513,0.03199268223809538,73.90374878314776,9960.35994949152,,,,
pion_lbv,state,103,15472584363091.371,11835562758.284887,0.03258148837134102,73.31434618867543,9769.352457262125,,,,
pion_lbv,state,104,15651050001299.346,11567184785.030848,0.03319570201830395,72.72119067219627,9579.27585168073,,,,
pion_lbv,state,105,15834194845368.965,11301150582.099783,0.03383641953603085,72.1245750989328,9390.255608074576,,,,
pion_lbv,state,106,16022098871155.477,11037629613.184004,0.034504784590360035,71.52479385562975,9202.413318776846,,,,
pion_lbv,state,107,16214842656433.799,10776783389.218296,0.03520199019733839,70.92214216741148,9015.86642585942,,,,
pion_lbv,state,108,16412507425751.979,10518765180.803581,0.035929280852727216,70.3169154318907,8830.727980728278,,,,
pion_lbv,state,109,16615175098220.332,10263719779.957552,0.036687954753398165,69.70940857593774,8647.106431791242,,,,
pion_lbv,state,110,16822928339966.285,10011783308.47065,0.03747936611458432,69.0999154325406,8465.105438800509,,,,
pion_lbv,state,111,17035850617131.004,9763083077.096165,0.038304927587122985,68.48872815240635,8284.823717518271,,,,
pion_lbv,state,112,17254026256804.365,9517737485.284876,0.03916611277900433,67.87613663060145,8106.354907911284,,,,
pion_lbv,state,113,17477540507702.549,9275855969.972082,0.040064458885727454,67.26242797427874,7929.787472669043,,,,
pion_lbv,state,114,17706479606117.543,9037538994.824213,0.04100156943415847,66.64788599674286,7755.204620512483,,,,
pion_lbv,state,115,17940930844486.824,8802878080.998644,0.041979117144788594,66.03279074678096,7582.684255736415,,,,
pion_lbv,state,116,18180982643730.098,8571955875.811532,0.04299884691750128,65.41741807098362,7412.298952050673,,,,
pion_lbv,state,117,18426724628969.527,8344846257.290184,0.04406257894617775,64.80203921085865,7244.115949925189,,,,
pion_lbv,state,118,18678247708641.438,8121614471.991881,0.045172211967700805,64.18692043515198,7078.1971761970935,,,,
pion_lbv,state,119,18935644157020.4,7902317303.367291,0.046329726651155784,63.572322707519234,6914.599284599635,,,,
pion_lbv,state,120,19199007698263.17,7687003269.419868,0.04753718913327881,62.95850139387653,6753.37371695181,,,,
pion_lbv,state,121,19468433598601.523,7475712841.341582,0.04879675470646266,62.34570599355185,6594.566779425324,,,,
pion_lbv,state,122,19744018756479.414,7268478688.936002,0.05011067166590345,61.73417991801259,6438.219738825322,,,,
pion_lbv,state,123,20025861801064.883,7065325941.458133,0.05148128532275529,61.12416029212046,6284.368930940287,,,,
pion_lbv,state,124,20314063191663.023,6866272467.288706,0.05291104219045587,60.51587779458882,6133.045884039282,,,,
pion_lbv,state,125,20608725321413.855,6671329167.04523,0.054402494351696036,59.90955652885217,5984.277453950513,,,,
pion_lbv,state,126,20909952626073.555,6480500277.247496,0.05595830401382797,59.305413921997065,5838.085968973253,,,,
pion_lbv,state,127,21217851696536.758,6293783683.174889,0.05758124826084306,58.70366065371789,5694.489383989408,,,,
pion_lbv,state,128,21532531395216.355,6111171238.526948,0.05927422401040235,58.104500613838724,5553.501442322322,,,,
pion_lbv,state,129,21854102977596.81,5932649088.995156,0.061040253184766996,57.50813088469492,5415.131843447989,,,,
pion_lbv,state,130,22182680219907.516,5758197997.426969,0.062882488104859,56.91474174574838,5279.38641504406,,,,
pion_lbv,state,131,22518379548475.8,5587793671.216302,0.06480421711708062,56.324516707409394,5146.267290117402,,,,
pion_lbv,state,132,22861320179287.38,5421407085.711993,0.06680887046293615,55.73763255738032,5015.773084588772,,,,
pion_lbv,state,133,23211624258610.586,5259004807.0891285,0.06890002640193299,55.15425943498099,4887.899078173151,,,,
pion_lbv,state,134,23569417013437.08,5100549308.898392,0.0710814175986915,54.574560916857855,4762.637394164507,,,,
pion_lbv,state,135,23934826909401.633,4945999282.678432,0.07335693778566439,53.998694117828585,4639.977178490495,,,,
pion_lbv,state,136,24307985809197.332,4795309944.521193,0.07573064871335833,53.426809816673675,4519.904779606165,,,,
pion_lbv,state,137,24689029146979.754,4648433330.088825,0.07820678740046412,52.859052581222095,4402.40392330875,,,,
pion_lbv,state,138,25078096104947.938,4505318583.474695,0.0807897736968361,52.29556091412188,4287.4558867331625,,,,
pion_lbv,state,139,25475329801133.707,4365912235.546795,0.0834842181728213,51.73646740425163,4175.039668034708,,,,
pion_lbv,state,140,25880877486440.86,4230158472.3376427,0.08629493034902005,51.18189888646392,4065.132152140245,,,,
pion_lbv,state,141,26294890747000.87,4097999394.428798,0.08922692728116809,50.63197661418659,3957.7082732668136,,,,
pion_lbv,state,142,26717525727285.11,3969375262.1129756,0.09228544251546432,50.0868164235014,3852.7411698797346,,,,
pion_lbv,state,143,27148943350994.3,3844224733.8356657,0.09547593543032844,49.54652891932373,3750.2023380589085,,,,
pion_lbv,state,144,27589309564959.52,3722485089.807166,0.09880410098126467,49.01121964955496,3650.0617765600005,,,,
pion_lbv,state,145,28038795587210.45,3604092446.8281426,0.10227587986622431,48.48098929167111,3552.2881283473444,,,,
pion_lbv,state,146,28497578177993.387,3488981959.146497,0.10589746912961333,47.95593382819495,3456.8488141978787,,,,
pion_lbv,state,147,28965839912936.18,3377088011.2820177,0.10967533322387196,47.436144735949256,3363.710163104359,,,,
pion_lbv,state,148,29443769483615.25,3268344396.523842,0.113616215548372,46.9217091593044,3272.8375341110745,,,,
pion_lbv,state,149,29931562003374.1,3162684487.1392703,0.11772715048622723,46.41271009302951,3184.195434409896,,,,
pion_lbv,state,150,30429419339554.555,3060041391.622806,0.12201547596050354,45.90922655120501,3097.747629637136,,,,
pion_lbv,state,151,30937550458817.387,2960348102.6786976,0.1264888465322406,45.41133373724741,3013.457249268227,,,,
pion_lbv,state,152,31456171787703.637,2863537635.6660695,0.13115524706366488,44.91910321205966,2931.2868867260863,,,,
pion_lbv,state,153,31985507606457.742,2769543154.6624184,0.13602300697098255,44.43260304341537,2851.1986916091905,,,,
pion_lbv,state,154,32525790448564.17,2678298092.0269766,0.1411008150921936,43.95189796366004,2773.1544588431207,,,,
pion_lbv,state,155,33077261534059.992,2589736256.6562133,0.14639773519646485,43.477049509041855,2697.115710513456,,,,
pion_lbv,state,156,33640171222111.9,2503791934.3123827,0.15192322216274698,43.00811615519383,2623.0437730787944,,,,
pion_lbv,state,157,34214779489713.68,2420399979.3505626,0.15768713885651298,42.54515344282935,2550.8998492325863,,,,
pion_lbv,state,158,34801356439086.0,2339495898.11601,0.1636997737347431,42.088214092329174,2480.645084485237,,,,
pion_lbv,state,159,35400182826700.805,2261015925.581961,0.16997185921058122,41.637348113370315,2412.240629676722,,,,
pion_lbv,state,160,36011550630092.98,2184897093.530711,0.17651459081044144,41.19260289747474,2345.64769780521,,,,
pion_lbv,state,161,36635763638074.016,2111077292.875422,0.1833396471577626,40.75402330553341,2280.8276172902865,,,,
pion_lbv,state,162,37273138078719.46,2039495328.7644439,0.19045921081907866,40.3216517401004,2217.741880363393,,,,
pion_lbv,state,163,37924003280387.016,1970090969.7220402,0.19788599004961605,39.89552820716117,2156.3521875577176,,,,
pion_lbv,state,164,38588702362319.47,1902804991.6381779,0.20563324147723316,39.47569037012727,2096.6204889102105,,,,
pion_lbv,state,165,39267592971744.25,1837579215.3130112,0.21371479376519203,39.06217358584683,2038.5090206292857,,,,
pion_lbv,state,166,39961048052820.32,1774356539.6811957,0.22214507229600025,38.65501093345105,1981.980339012984,,,,
pion_lbv,state,167,40669456659697.555,1713080969.906555,0.2309391249203823,38.25423322910796,1926.997350820137,,,,
pion_lbv,state,168,41393224809380.695,1653697641.2631721,0.24011264881734273,37.85986903056678,1873.5233408347974,,,,
pion_lbv,state,169,42132776381202.52,1596152838.643346,0.2496820185132645,37.47194462873968,1821.5219964157172,,,,
pion_lbv,state,170,42888554062354.74,1540394012.2221606,0.25966431511005733,37.090484028143464,1770.957429446734,,,,
pion_lbv,state,171,43661020334234.445,1486369790.0304391,0.27007735677452666,36.71550891997369,1721.79419632181,,,,
pion_lbv,state,172,44450658520680.96,1434029986.2749221,0.2809397305433856,36.34703863860938,1673.9973148695442,,,,
pion_lbv,state,173,45257973875334.39,1383325607.4672527,0.29227082550068295,35.98509011459785,1627.5322800525078,,,,
pion_lbv,state,174,46083494732248.59,1334208854.9983737,0.304090867386866,35.629677813868014,1582.365077175836,,,,
pion_lbv,state,175,46927773704776.36,1286633125.5305784,0.31642095470125653,35.28081367207323,1538.4621938343878,,,,
pion_lbv,state,176,47791388947797.16,1240553008.5667846,0.32928309636237885,34.93850701903328,1495.7906299968301,,,,
pion_lbv,state,177,48674945471722.91,1195924282.1750748,0.3427002509933686,34.60276450004915,1454.3179071149832,,,,
pion_lbv,state,178,49579076527360.89,1152703906.0986907,0.3566963679025786,34.27358998827049,1414.0120755390217,,,,
pion_lbv,state,179,50504445048337.11,1110850013.2660427,0.37129642983253675,33.95098449561018,1374.8417211705278,,,,
pion_lbv,state,180,51451745160906.76,1070321899.4149312,0.38652649755355906,33.63494608030667,1336.7759710867126,,,,
pion_lbv,state,181,52421703756526.4,1031080011.2651398,0.40241375638161736,33.32546975478103,1299.7844985387524,,,,
pion_lbv,state,182,53415082150519.07,993085932.5024933,0.4189865647034948,33.02254738839148,1263.8375266254134,,,,
pion_lbv,state,183,54432677798264.61,956302369.0139143,0.43627450459584555,32.726167616845025,1228.9058319888245,,,,
pion_lbv,state,184,55475326085866.21,920693132.7682642,0.45430843462851217,32.43631575428876,1194.9607479615065,,,,
pion_lbv,state,185,56543902213520.57,886223123.9509661,0.4731205449463536,32.15297370544281,1161.9741667753467,,,,
pion_lbv,state,186,57639323144674.36,852858312.5128022,0.4927444147279037,31.87611988781835,1129.918541918567,,,,
pion_lbv,state,187,58762549645811.3,820565718.4119027,0.5132150721234225,31.60572915892737,1098.7668899355547,,,,
pion_lbv,state,188,59914588408452.195,789313391.0183305,0.5345690567793282,31.34177275297304,1068.4927920895736,,,,
pion_lbv,state,189,61096494268713.33,759070387.4047854,0.5568444850606139,31.084218225328737,1039.0703955872384,,,,
pion_lbv,state,190,62309372502363.055,729806750.2720977,0.5800811180876718,30.833029411682375,1010.4744150488474,,,,
pion_lbv,state,191,63554381234504.68,701493484.61736,0.604320432708966,30.588166394752484,982.6801333107571,,,,
pion_lbv,state,192,64832733938113.67,674102534.0042105,0.6296056955362397,30.34958548617686,955.6634023360781,,,,
pion_lbv,state,193,66145702032727.96,647606756.2490541,0.6559820401744128,30.117239222247722,929.400643992271,,,,
pion_lbv,state,194,67494617606597.984,621979898.2082875,0.6834965477840074,29.89107637074269,903.8688503093706,,,,
pion_lbv,state,195,68880876221119.64,597196570.6464417,0.71219833111993,29.671041957306986,879.0455841098085,,,,
pion_lbv,state,196,70305939861806.5,573232222.0478526,0.74213862219659,29.457077301096575,854.9089787948957,,,,
pion_lbv,state,197,71771339987341.42,550063112.4811064,0.773370863735853,29.249120068941263,831.4377382963821,,,,
pion_lbv,state,198,73278680707510.58,527666287.0473971,0.8059508045610535,29.047104343245245,808.6111366303535,,,,
pion_lbv,state,199,74829642110377.7,506019548.80455565,0.8399365991073457,28.85096070173282,786.4090168323814,,,,
pion_lbv,state,200,76425983680260.02,485101432.15857536,0.8753889112260154,28.660616316961463,764.811790178102,,,,
pion_lbv,state,201,78069547911933.62,464891175.3424919,0.9123710224680397,28.47599506192673,743.80043416724,,,,
pion_lbv,state,202,79762264026465.53,445368693.4888187,0.9509489450401821,28.297017634026393,723.3564906981394,,,,
pion_lbv,state,203,81506151858940.11,426514551.45050514,0.9911915396352426,28.123601688247792,703.4620634533874,,,,
pion_lbv,state,204,83303325905689.42,408309936.731858,1.0331706383467898,27.955661981234186,684.0998147499797,,,,
pion_lbv,state,205,85155999537794.19,390736632.6031749,1.0769611728877742,27.793110525201207,665.2529618165497,,,,
pion_lbv,state,206,87066489370284.61,373776991.62540257,1.1226413083418894,27.635856752016625,646.9052726284086,,,,
pion_lbv,state,207,89037219841563.27,357413909.2130142,1.1702925826864246,27.483807682164954,629.0410607908813,,,,
pion_lbv,state,208,91070727953730.95,341630797.8591951,1.2200000523356553,27.336868102499164,611.6451800329992,,,,
pion_lbv,state,209,93169668218143.75,326411561.7405825,1.2718524439645609,27.194940748295913,594.7030179094762,,,,
pion_lbv,state,210,95336817808858.84,311740571.85184556,1.3259423128838663,27.057926489139344,578.200488774976,,,,
pion_lbv,state,211,97575081921108.98,297602641.82661146,1.3823662082491242,26.92572451826702,562.1240261150996,,,,
pion_lbv,state,212,99887499367662.12,283983004.35751545,1.4412248453987004,26.79823254278902,546.4605740530518,,,,
pion_lbv,state,213,102277248377692.34,270867288.5686072,1.5026232856283093,26.675346976379927,531.1975783589493,,,,
pion_lbv,state,214,104747652655837.67,258241498.09129402,1.5666711237229771,26.556963130502268,516.3229766161793,,,,
pion_lbv,state,215,107302187692942.08,246091990.0468831,1.6334826835811795,26.442975404540434,501.82518771715576,,,,
pion_lbv,state,216,109944487344097.8,234405454.97239807,1.7031772222803363,26.33327747378393,487.6931006849914,,,,
pion_lbv,state,217,112678350650887.77,223168897.88833737,1.775879142947916,26.227762475839274,473.91606302661376,,,,
pion_lbv,state,218,115507748969870.61,212369620.30946848,1.8517182168181183,26.126323192446225,460.48386835782674,,,,
pion_lbv,state,219,118436833403492.16,201995203.34212798,1.9308298148705043,26.028852227017705,447.38674345498174,,,,
pion_lbv,state,220,121469942524939.39,192033491.97787964,2.013355149464042,25.935242178047606,434.6153348713021,,,,
pion_lbv,state,221,124611610423594.7,182472580.54304323,2.0994415263978645,25.845385807255777,422.16069508446344,,,,
pion_lbv,state,222,127866575102681.84,173300799.2744082,2.189242607848715,25.759176201579677,410.0142681602091,,,,
pion_lbv,state,223,131239787204006.62,164506702.1565686,2.282918686654317,25.676506929811666,398.1678751460201,,,,
pion_lbv,state,224,134736419114048.17,156079055.89921993,2.3806369724323893,25.597272192400037,386.6136990899389,,,,
pion_lbv,state,225,138361874444726.83,148006830.12050864,2.482571890045882,25.521366964829188,375.3442698349306,,,,
pion_lbv,state,226,142121797903568.16,140279188.71784,2.5889053909473296,25.448687134324945,364.352448644949,,,,
pion_lbv,state,227,146022085604699.2,132885482.3336739,2.6998272779579136,25.379129629059683,353.6314126236646,,,,
pion_lbv,state,228,150068895763252.94,125815242.04115689,2.815535544061118,25.312592541191307,343.1746392082061,,,,
pion_lbv,state,229,154268659895578.9,119058174.00210477,2.9362367258155455,25.248975241678032,332.9758905009678,,,,
pion_lbv,state,230,158628094430908.16,112604155.26749794,3.06214627201791,25.18817848884164,323.0291978138633,,,,
pion_lbv,state,231,163154212856224.9,106443230.48337157,3.193488928274066,25.13010452891462,313.32884621570184,,,,
pion_lbv,state,232,167854338367173.9,100565609.53906204,3.330499138164734,25.07465718947048,303.86935928038116,,,,
pion_lbv,state,233,172736117036425.7,94961666.09891683,3.4734214617217707,25.021741965813522,294.64548410696233,,,,
pion_lbv,state,234,177807531546580.66,89621936.91226639,3.6225110119621826,24.97126610003525,285.6521766125951,,,,
pion_lbv,state,235,183076915504539.53,84537121.84039427,3.778033910258871,24.923138652917935,276.8845871700603,,,,
pion_lbv,state,236,188552968342626.78,79698084.54049547,3.9402677613610964,24.877270568928303,268.33804667050754,,,,
pion_lbv,state,237,194244770922808.53,75095853.64751011,4.109502148912516,24.833574733645136,260.00805291750373,,,,
pion_lbv,state,238,200161801715833.75,70721624.51769099,4.286039152351179,24.791966025108074,251.89025764785356,,,,
pion_lbv,state,239,206313953718960.22,66566761.32253338,4.470193886114354,24.75236135799026,243.9804539940972,,,,
pion_lbv,state,240,212711552062160.1,62622799.482198544,4.662295062110386,24.71467972140902,236.2745645473893,,,,
pion_lbv,state,241,219365372465112.4,58881448.2751626,4.862685576461862,24.67884220974183,228.76862988994037,,,,
pion_lbv,state,242,226279464546516.78,55338113.08531324,5.07172312156713,24.561721774081317,220.70374154845655,,,,
pion_lbv,state,243,233351384636946.28,52034797.27119151,5.289780824572966,24.255869786801977,211.29355992583345,,,,
pion_lbv,state,244,240545041723856.9,48969065.084156625,5.5172479133977586,23.95183490366956,202.35018868698933,,,,
pion_lbv,state,245,247861375136238.1,46120809.53224367,5.75453041149436,23.64986122930504,193.84747080071114,,,,
pion_lbv,state,246,255301433067776.97,43471850.352772,6.002051862592395,23.350167752892972,185.76079717170776,,,,
pion_lbv,state,247,262866372009402.94,41005731.99241932,6.260254086714039,23.05294957448983,178.06701717581845,,,,
pion_lbv,state,248,270557455811955.62,38707544.2120682,6.529597968812373,22.758379221726095,170.74435409383273,,,,
pion_lbv,state,249,278376054455426.47,36563762.64833068,6.810564281440393,22.46660802262603,163.7723250814614,,,,
pion_lbv,state,250,286323642593486.5,34562106.99377972,7.10365454291864,22.177767505314105,157.13166538135476,,,,
pion_lbv,state,251,294401797934269.5,32691414.74473959,7.40939191253398,21.89197080016583,150.80425653435748,,,,
pion_lbv,state,252,302612199510777.25,30941528.715201963,7.728322124366427,21.60931402439603,144.77305838496136,,,,
pion_lbv,state,253,310956625887128.94,29303196.73323586,8.061014461412036,21.329877633093343,139.02204470312716,,,,
pion_lbv,state,254,319436953340079.6,27767982.12647641,8.408062771739583,21.05372772428384,133.53614226374285,,,,
pion_lbv,state,255,328055154049104.8,26328183.7696702,8.770086528495684,20.780917288725906,128.30117323807497,,,,
pion_lbv,state,256,336813294322701.5,24976764.61294401,9.147731935649777,20.511487397822567,123.30380076027812,,,,
pion_lbv,state,257,345713532883565.5,23707287.73718247,9.541673081453286,20.245468325305648,118.53147753769298,,,,
pion_lbv,state,258,354758119230858.2,22513859.0949688,9.95261314167137,19.982880600235653,113.97239737734387,,,,
pion_lbv,state,259,363949392093893.7,21391076.19393558,10.381285634735248,19.723735990406354,109.6154495034332,,,,
pion_lbv,state,260,373289777988238.25,20333982.06586559,10.828455731055605,19.468038416484355,105.45017554242055,,,,
pion_lbv,state,261,382781789882303.94,19338023.94092112,11.294921618833815,19.215784798190402,101.46672905375642,,,,
pion_lbv,state,262,392428025980117.6,18399016.113302313,11.781515928809432,18.96696583457614,97.65583748587213,,,,
pion_lbv,state,263,402231168623859.4,17513106.54356719,12.28910722048648,18.72156672100491,94.00876643880223,,,,
pion_lbv,state,264,412193983318104.44,16676746.794735044,12.818601532492128,18.47956780583639,90.5172861168108,,,,
pion_lbv,state,265,422319317876274.6,15886664.945072353,13.370943999834312,18.240945190073635,87.17363985686659,,,,
pion_lbv,state,266,432610101688712.75,15139841.16079345,13.947120540945898,18.005671273379313,83.97051462153004,,,,
pion_lbv,state,267,443069345110878.0,14433485.647532761,14.548159617525947,17.773715249929893,80.90101334798368,,,,
pion_lbv,state,268,453700138969478.75,13765018.730868192,15.175134070320029,17.545043557568448,77.95862904832323,,,,
pion_lbv,state,269,464505654183825.4,13132052.843959555,15.829163034115773,17.31962028365609,75.13722055995285,,,,
pion_lbv,state,270,475489141499309.9,12532376.224895302,16.511413935372623,17.097407530920414,72.43098984877639,,,,
pion_lbv,state,271,486653931329638.06,11963938.148063522,17.223104576050574,16.87836574646924,69.83446077197132,,,,
pion_lbv,state,272,498003433704300.9,11424835.533051986,17.96550530735861,16.662454016986366,67.34245921122597,,,,
pion_lbv,state,273,509541138317649.3,10913300.791601142,18.73994129730168,16.449630332962627,64.95009449156397,,,,
pion_lbv,state,274,521270614675956.44,10427690.788187144,19.547794896075033,16.23985182464326,62.652742005053696,,,,
pion_lbv,state,275,533195512338844.06,9966476.80317413,20.390508103526777,16.033074972199138,60.44602696290859,,,,
pion_lbv,state,276,545319561251566.25,9528235.399312958,21.269585143094332,15.829255792455081,58.325809203581876,,,,
pion_lbv,state,277,557646572164708.8,9111640.102881063,22.186595146807875,15.628350004339014,56.28816898850639,,,,
pion_lbv,state,278,570180437138033.9,8715453.820094146,23.143174956154812,15.430313175050511,54.32939372104723,,,,
pion_lbv,state,279,582925130125312.4,8338521.917717933,24.141032043803307,15.23510084878997,52.44596552802864,,,,
pion_lbv,state,280,595884707637189.5,7979765.904191645,25.181947561401593,15.042668659739089,50.6345496468577,,,,
pion_lbv,state,281,609063309479252.1,7638177.654141191,26.267779518891754,14.85297243084241,48.89198356476793,,,,
pion_lbv,state,282,622465159562699.2,7312814.125011434,27.4004661010146,14.665968259806114,47.215266860054456,,,,
pion_lbv,state,283,636094566785137.2,7002792.519761299,28.58202912692383,14.481612593606942,45.6015516983647,,,,
pion_lbv,state,284,649955925979250.8,6707285.85421595,29.81457765908657,14.299862292688209,44.04813394013253,,,,
pion_lbv,state,285,664053718927227.4,6425518.891821553,31.10031176791014,14.120674685913675,42.5524448181131,,,,
pion_lbv,state,286,678392515439042.2,6156764.412254626,32.441526458817144,13.944007617250856,41.112043146676264,,,,
pion_lbv,state,287,692976974492811.1,5900339.783654986,33.84061576877606,13.769819485065344,39.724608027079285,,,,
pion_lbv,state,288,707811845435645.9,5655603.811214464,35.300077039601966,13.5980692748238,38.38793201533248,,,,
pion_lbv,state,289,722901969243547.4,5421953.837508403,36.82251537565294,13.42871658592752,37.09991472152955,,,,
pion_lbv,state,290,738252279839074.2,5198823.072334809,38.410648293881216,13.26172165332829,35.858556811626705,,,,
pion_lbv,state,291,753867805465612.9,4985678.131961043,40.067310574537,13.097045364515099,34.6619543846462,,,,
pion_lbv,state,292,769753670117270.1,4782016.769586291,41.795459321185795,12.934649272401767,33.50829370011428,,,,
pion_lbv,state,293,785915095023482.6,4587365.780552101,43.598179239068735,12.774495604593463,32.39584623229709,,,,
pion_lbv,state,294,802357400187619.9,4401279.067373181,45.47868814123011,12.616547269461462,31.32296402939861,,,,
pion_lbv,state,295,819086005978917.9,4223335.851050783,47.440342692238175,12.460767859412725,30.288075357399578,,,,
pion_lbv,state,296,836106434777251.8,4053139.0163821927,49.48664439975369,12.307121651700852,29.289680609624952,,,,
pion_lbv,state,297,853424312670305.6,3890313.5801037233,51.621245864638894,12.1555736070898,28.32634846443184,,,,
pion_lbv,state,298,871045371202852.6,3734505.2717206995,53.84795730076565,12.006089366649018,27.396712274632062,,,,
pion_lbv,state,299,888975449177907.6,3585379.2177944025,56.17075333615756,11.858635246929937,26.499466673403088,,,,
pion_lbv,state,300,907220494509651.4,3442618.7212798893,58.593780107609376,11.713178233746827,25.633364382485986,,,,
pion_lbv,state,301,925786566128066.2,3305924.1282587484,61.12136266144343,11.569685974761878,24.797213209464456,,,,
pion_lbv,state,302,944679835935357.2,3175011.775083591,63.75801267361771,11.428126771052277,23.989873221821217,,,,
pion_lbv,state,303,963906590814256.9,3049613.0095636593,66.5084365029611,11.288469567818257,23.21025408632381,,,,
pion_lbv,state,304,983473234688446.5,2929473.2803729894,69.37754359191541,11.150683944373185,22.457312563074538,,,,
pion_lbv,state,305,1003386290635340.2,2814351.289365399,72.37045522977472,11.014740103541515,21.730050144298655,,,,
pion_lbv,state,306,1023652403051600.4,2704018.2019337383,75.49251369406814,10.88060886057591,21.027510828619043,,,,
pion_lbv,state,307,1044278339871776.2,2598256.9109645807,78.74929178640011,10.748261631692495,20.348779022203097,,,,
pion_lbv,state,308,1065270994840562.1,2496861.35031394,82.1466027797722,10.617670422311472,19.692977558753203,,,,
pion_lbv,state,309,1086637389839184.2,2399635.8540696832,85.6905107951388,10.488807815080472,19.059265830857097,,,,
pion_lbv,state,310,1108384677266548.0,2306394.5581771457,89.3873416257231,10.361646957748354,18.446838025724794,,,,
pion_lbv,state,311,1130520142475761.8,2216960.8412846015,93.24369402840915,10.23616155094941,17.854921458804213,,,,
pion_lbv,state,312,1153051206266785.0,2131166.801924365,97.26645150237061,10.112325835950084,17.282774999214023,,,,
pion_lbv,state,313,1175985427435932.2,2048852.7693766146,101.46279457595463,9.990114582404122,16.729687581329273,,,,
pion_lbv,state,314,1199330505383082.2,1969866.8457785696,105.84021362375954,9.869503076155711,16.194976797241452,,,,
pion_lbv,state,315,1223094282777431.2,1894064.4772351696,110.40652223677726,9.750467107125306,15.677987565161922,,,,
pion_lbv,state,316,1247284748282742.8,1821308.0518657868,115.16987116947239,9.632982957307702,15.178090869165892,,,,
pion_lbv,state,317,1271910039343039.8,1751466.522883495,120.1387628886879,9.517027388907966,14.694682565976375,,,,
pion_lbv,state,318,1296978445029782.0,1684415.054952926,125.32206675035201,9.402577632636927,14.227182254773448,,,,
pion_lbv,state,319,1322498408951568.0,1620034.6922075632,130.7290348310688,9.289611376184656,13.77503220627245,,,,
pion_lbv,state,320,1348478532227534.2,1558212.0464328288,136.36931844286332,9.178106752887174,13.337696347562877,,,,
pion_lbv,state,321,1374927576525543.8,1498839.0040350484,142.2529853605449,9.068042330599345,12.914659299426678,,,,
pion_lbv,state,322,1401854467166454.2,1441812.4505206845,148.3905377924536,8.959397100784065,12.505425463064256,,,,
pion_lbv,state,323,1429268296295671.0,1387034.011306604,154.79293112665496,8.852150467826203,12.109518153356369,,,,
pion_lbv,state,324,1457178326123333.2,1334409.8077701975,161.4715934860545,8.746282238577585,11.726478775973064,,,,
pion_lbv,state,325,1485593992234462.2,1283850.2275285558,168.43844612732843,8.641772612137935,11.355866045810075,,,,
pion_lbv,state,326,1514524906970512.0,1235269.7080111485,175.70592472009184,8.538602169874917,10.997255244395928,,,,
pion_lbv,state,327,1543980862883739.0,1188586.5324579296,183.28700154427605,8.43675186568557,10.650237514058126,,,,
pion_lbv,state,328,1573971836265937.8,1143722.6375383514,191.19520864534917,8.336203016499885,10.314419186777558,,,,
pion_lbv,state,329,1604507990753051.8,1100603.4318443742,199.444661988699,8.236937293026697,9.98942114578851,,,,
pion_lbv,state,330,1635599681007309.5,1059157.6245641452,208.05008665630515,8.138936710740854,9.674878218102615,,,,
pion_lbv,state,331,1667257456478490.0,1019317.0636920428,217.02684313066382,8.04218362111023,9.370438596247055,,,,
pion_lbv,state,332,1699492065246083.2,981016.5831762906,226.39095471289497,7.946660703060185,9.075763287612645,,,,
pion_lbv,state,333,1732314457944040.2,944193.8584470599,236.15913612395798,7.852350954672869,8.790525589904783,,,,
pion_lbv,state,334,1765735791769977.5,908789.269807078,246.34882334004166,7.759237685117955,8.514410591283525,,,,
pion_lbv,state,335,1799767434580662.8,874745.7732017379,256.97820471537307,7.667304506811299,8.247114693861352,,,,
pion_lbv,state,336,1834420969075734.2,842008.7779195803,268.06625344800915,7.576535327797455,7.988345159310651,,,,
pion_lbv,state,337,1869708197071589.8,810526.0308039704,279.63276144654856,7.486914344351898,7.737819675405234,,,,
pion_lbv,state,338,1905641143867530.5,780247.5065852277,291.69837465823264,7.398426033798358,7.495265942390379,,,,
pion_lbv,state,339,1942232062706197.2,751125.3039687886,304.2846299214751,7.311055147536775,7.260421278142367,,,,
pion_lbv,state,340,1979493439330500.2,723113.547139018,317.41399340862137,7.224786704276906,7.033032241138071,,,,
pion_lbv,state,341,2017437996639205.2,696168.2923609117,331.10990072753754,7.139605983472864,6.812854270313637,,,,
pion_lbv,state,342,2056078699443509.8,670247.4393826047,345.39679875363026,7.0554985189534465,6.599651340943446,,,,
pion_lbv,state,343,2095428759326880.0,645310.6473612633,360.3001892669431,6.972450092743399,6.39319563572281,,,,
pion_lbv,state,344,2135501639610627.5,621319.2550524102,375.84667447224626,6.890446729070407,6.193267230282059,,,,
pion_lbv,state,345,2176311807486823.5,598235.7943087366,392.06400448334625,6.809659350528722,5.99982843684425,,,,
pion_lbv,state,346,2217877112081198.5,576022.7988190237,408.9811268563979,6.7302490595245565,5.81281847461711,,,,
pion_lbv,state,347,2260216506685173.5,554644.2904092042,426.62823826061094,6.6521706353131975,5.631981284965792,,,,
pion_lbv,state,348,2303349227189606.5,534066.1498426485,445.03683837860865,6.57538100265876,5.457074338863567,,,,
pion_lbv,state,349,2347294806399407.5,514255.985932154,464.23978613262005,6.4998396260352225,5.2878681569247545,,,,
pion_lbv,state,350,2392073088008050.5,495183.01657959266,484.2713583368965,6.425508308159113,5.124145331718772,,,,
pion_lbv,state,351,2437704240291300.0,476817.9604545052,505.1673108810188,6.352351007803347,4.965699642632587,,,,
pion_lbv,state,352,2484208769572889.0,459132.93818114593,526.9649425533376,6.280333674733675,4.812335253001516,,,,
pion_lbv,state,353,2531607533509153.0,442101.38204041333,549.7031616184292,6.20942409988638,4.663865980531259,,,,
pion_lbv,state,354,2579921754235007.5,425697.95331052376,573.4225552674534,6.139591779142607,4.520114633146654,,,,
pion_lbv,state,355,2629173031409313.0,409898.4664732607,598.1654620653312,6.070807789258367,4.380912403366396,,,,
pion_lbv,state,356,2679383355194265.0,394679.81960102555,623.9760475241093,6.003044674684143,4.246098315128554,,,,
pion_lbv,state,357,2730575119200115.5,380019.9303178169,650.9003829373587,5.936276344159368,4.11551871771101,,,,
pion_lbv,state,358,2782771133424023.5,365897.6767947557,678.9865276163703,5.870477976097675,3.9890268220117027,,,,
pion_lbv,state,359,2835994637209291.0,352292.84330016945,708.2846146748938,5.805625931892572,3.8664822749955476,,,,
pion_lbv,state,360,2890269312249339.5,339186.06987619976,738.8469405155909,5.741697676371713,3.7477507685861577,,,,
pion_lbv,state,361,2945619295658843.0,326558.8057596149,770.7280581778836,5.678671704714335,3.632703679692939,,,,
pion_lbv,state,362,3002069193133012.5,314393.2662048643,803.9848747138664,5.6165274752215435,3.52121773842552,,,,
pion_lbv,state,363,3059644092214550.5,302672.39240287174,838.676752766062,5.555245347395188,3.413174721863979,,,,
pion_lbv,state,364,3118369575686700.5,291379.8142206402,874.8656165283634,5.494806524838986,3.3084611710328753,,,,
pion_lbv,state,365,3178271735109688.5,280499.81551450386,912.6160622792634,5.435193002546554,3.2069681289723198,,,,
pion_lbv,state,366,3239377184517106.0,270017.30179461994,951.9954736847227,5.376387518185877,3.108590898016505,,,,
pion_lbv,state,367,3301713074287810.5,259917.77004036188,993.0741420764284,5.318373507029581,3.013228814582729,,,,
pion_lbv,state,368,3365307105208458.5,250187.28048576816,1035.9253919201972,5.261135060215395,2.9207850399436257,,,,
pion_lbv,state,369,3430187542741028.0,240812.43021165708,1080.6257116984211,5.204656886052493,2.8311663656066197,,,,
pion_lbv,state,370,3496383231509372.5,231780.3283967404,1127.2548904402468,5.148924274116992,2.7442830320597236,,,,
pion_lbv,state,371,3563923610018228.0,223078.573093883,1175.896160143111,5.093923061904676,2.6600485597619894,,,,
pion_lbv,state,372,3632838725617985.0,214695.22941020847,1226.6363443399384,5.0396396038308175,2.5783795913640972,,,,
pion_lbv,state,373,3703159249727996.5,206618.80898103066,1279.5660130771043,4.986060742386826,2.499195744240719,,,,
pion_lbv,state,374,3774916493331193.0,198838.25063752875,1334.7796445798763,4.933173781280793,2.422419472501027,,,,
pion_lbv,state,375,3848142422752378.5,191342.90217723456,1392.375793893823,4.880966460404931,2.347975937721128,,,,
pion_lbv,state,376,3922869675732647.5,184122.50315454724,1452.457268803297,4.8294269324868635,2.275792887711033,,,,
pion_lbv,state,377,3999131577812047.0,177167.16861576153,1515.1313133409149,4.778543741294572,2.2058005426903065,,,,
pion_lbv,state,378,4076962159032746.0,170467.3737098092,1580.509799215669,4.728305801276055,2.1379314883027662,,,,
pion_lbv,state,379,4156396170974785.0,164013.93911186836,1648.7094255013103,4.6787023785252115,2.0721205749507443,,,,
pion_lbv,state,380,4237469104136608.5,157798.017202357,1719.8519269414924,4.6297230729746195,2.0083048229743943,,,,
pion_lbv,state,381,4320217205672476.0,151811.07894883305,1794.0642912434243,4.58135780172438,1.9464233332432272,,,,
pion_lbv,state,382,4404677497499099.0,146044.9014426394,1871.4789857480039,4.533596783423671,1.8864172027633253,,,,
pion_lbv,state,383,4490887794783685.0,140491.55604623738,1952.2341938809,4.4864305236287025,1.8282294449378227,,,,
pion_lbv,state,384,4578886724825948.0,135143.3971107946,2036.4740618067758,4.439849801066814,1.7718049141484271,,,,
pion_lbv,state,385,4668713746346544.0,129993.0512268753,2124.3489557268194,4.393845654742311,1.717090234353216,,,,
pion_lbv,state,386,4760409169194673.0,125033.40697416475,2216.0157302788966,4.348409371824647,1.6640337314214426,,,,
pion_lbv,state,387,4854014174487790.0,120257.60513881897,2311.6380085194546,4.303532476264328,1.612585368948359,,,,
pion_lbv,state,388,4949570835196379.0,115659.02936956867,2411.3864739868372,4.259206718086191,1.5626966873141428,,,,
pion_lbv,state,389,5047122137187219.0,111231.29724596825,2515.4391753674495,4.215424063313561,1.5143207457697918,,,,
pion_lbv,state,390,5146712000738504.0,106968.25173426322,2623.981844308476,4.172176684480441,1.46741206735022,,,,
pion_lbv,state,391,5248385302540770.0,102863.95300818361,2737.20822694459,4.129456951692014,1.4219265864300792,,,,
pion_lbv,state,392,5352187898197458.0,98912.67061376282,2855.3204297302445,4.087257424196905,1.3778215987527285,,,,
pion_lbv,state,393,5458166645239611.0,95108.8759588227,2978.529280195024,4.045570842437161,1.3350557137755847,,,,
pion_lbv,state,394,5566369426669154.0,91447.23510916378,3107.0547032658264,4.004390120544627,1.2935888091868881,,,,
pion_lbv,state,395,5676845175045855.0,87922.60187490935,3241.1261138277855,3.9637083392545187,1.2533819874604841,,,,
pion_lbv,state,396,5789643897133030.0,84530.01117153832,3380.9828262244414,3.9235187392092397,1.214397534324529,,,,
pion_lbv,state,397,5904816699117813.0,81264.67264134358,3526.8744814283205,3.8838147146273108,1.176598879029888,,,,
pion_lbv,state,398,6022415812421754.0,78121.96452199128,3679.0614926441967,3.8445898073141858,1.1399505563120018,,,,
pion_lbv,state,399,6142494620118295.0,75097.42774981873,3837.8155101406423,3.805837700993263,1.1044181699479865,,,,
pion_lbv,state,400,6265107683973711.0,72186.76028633337,4003.4199061394024,3.767552215937001,1.0699683578177144,,,,
pion_lbv,state,401,6390310772128791.0,69385.81165717202,4176.170280628222,3.729727303879399,1.0365687583842855,,,,
pion_lbv,state,402,6518160887438769.0,66690.5776934732,4356.3749889998935,3.6923570431924175,1.004187978515183,,,,
pion_lbv,state,403,6648716296489683.0,64097.19546629128,4544.355692459535,3.6554356343100656,0.9727955625710603,,,,
pion_lbv,state,404,6782036559309436.0,61601.938405260036,4740.447932182235,3.618957395385079,0.9423619626940607,,,,
pion_lbv,state,405,6918182559792825.0,59201.211593296226,4945.001728246319,3.582916758163991,0.9128585102324259,,,,
pion_lbv,state,406,7057216536859801.0,56891.547229622636,5158.382204410991,3.5473082640674902,0.8842573882423496,,,,
pion_lbv,state,407,7199202116367078.0,54669.600253859455,5380.970239853754,3.512126560463724,0.8565316050119867,,,,
pion_lbv,state,408,7344204343793569.0,52532.144124390295,5613.163149030821,3.477366397123081,0.8296549685563934,,,,
pion_lbv,state,409,7492289717720845.0,50476.066744576725,5855.375390874258,3.443022622843693,0.803602062035319,,,,
pion_lbv,state,410,7643526224130068.0,48498.36653078622,6108.039308591383,3.409090182237667,0.7783482200490781,,,,
pion_lbv,state,411,7797983371537952.0,46596.148616537095,6371.605901387469,3.375564112668585,0.7538695057705896,,,,
pion_lbv,state,412,7955732226994279.0,44766.62118736531,6646.545629488667,3.3424395413315695,0.7301426888742659,,,,
pion_lbv,state,413,8116845452964789.0,43007.09194132773,6933.3492539026665,3.3097116824676194,0.7071452242250162,,,,
pion_lbv,state,414,8281397345123316.0,41314.96467031546,7232.528712415554,3.27737583470456,0.6848552312928603,,,,
pion_lbv,state,415,8449463871078236.0,39687.735957605284,7544.618033388967,3.245427378517358,0.6632514742607776,,,,
pion_lbv,state,416,8621122710058449.0,38122.9919873064,7870.174288988093,3.2138617738010753,0.6423133427953722,,,,
pion_lbv,state,417,8796453293585516.0,36618.405461584116,8209.778589542726,3.182674557550057,0.6220208334518026,,,,
pion_lbv,state,418,8975536847158432.0,35171.73262172778,8564.0371208154,3.1518613416374834,0.6023545316860162,,,,
pion_lbv,state,419,9158456432979316.0,33780.81036933514,8933.5822260291,3.1214178106896178,0.5832955944490096,,,,
pion_lbv,state,420,9345296993747996.0,32443.553484048713,9319.073534584983,3.091339720049581,0.5648257333392382,,,,
pion_lbv,state,421,9536145397555302.0,31157.95193443947,9721.19913948568,3.06162289382567,0.5469271982905872,,,,
pion_lbv,state,422,9731090483904786.0,29922.068278795097,10140.676825565053,3.032263223019665,0.5295827617746944,,,,
pion_lbv,state,423,9930223110894300.0,28734.035152706172,10578.255350717578,3.0032566637306983,0.5127757034974958,,,,
pion_lbv,state,424,1.0133636203589054e+16,27592.052840476477,11034.715782413623,2.9745992354306816,0.4964897955709856,,,,
pion_lbv,state,425,1.0341424803619168e+16,26494.386927505948,11510.872891886831,2.9462870193073876,0.480709288142144,,,,
pion_lbv,state,426,1.055368612003526e+16,25439.366030922043,12007.576608481504,2.9183161566716387,0.4654188954620435,,,,
pion_lbv,state,427,1.0770519581457222e+16,24425.379605831822,12525.71353675696,2.890682847425131,0.450603782378878,,,,
pion_lbv,state,428,1.0992026889551498e+16,23450.875824678245,13066.208539055942,2.8633833485857667,0.4362495512395726,,,,
pion_lbv,state,429,1.1218312073873878e+16,22514.35952728436,13630.026386362284,2.8364139728674513,0.4223422291854031,,,,
pion_lbv,state,430,1.1449481548115542e+16,21614.390239251592,14218.173480394518,2.8097710873115354,0.4088682558276896,,,,
pion_lbv,state,431,1.1685644167791586e+16,20749.580256474987,14831.69965000984,2.7834511119672074,0.395814471290376,,,,
pion_lbv,state,432,1.1926911289411556e+16,19918.592793614735,15471.700025123833,2.7574505186183784,0.383168104606896,,,,
pion_lbv,state,433,1.2173396831173762e+16,19120.14019444539,16139.31699149201,2.7317658295546376,0.37091676245932437,,,,
pion_lbv,state,434,1.2425217335225422e+16,18352.982202072057,16835.742229841635,2.70639361638409,0.35904841824832284,,,,
pion_lbv,state,435,1.2682492031532576e+16,17615.92428708347,17562.218842994214,2.6813304988859428,0.3475514014829864,,,,
pion_lbv,state,436,1.2945342903404424e+16,16907.816031767907,18320.043574774914,2.656573143900889,0.33641438748008373,,,,
pion_lbv,state,437,1.321389475471861e+16,16227.385991701203,19110.569124670317,2.6321182851425484,0.32562474954486276,,,,
pion_lbv,state,438,1.3488275498441894e+16,15571.84996382561,19935.206562364994,2.607965054841857,0.3151547805876476,,,,
pion_lbv,state,439,1.3768616318220596e+16,14944.595320142404,20795.4278464686,2.5841083586750466,0.30503838289677787,,,,
pion_lbv,state,440,1.4055050813145276e+16,14342.062632097606,21692.76845192723,2.560543718721702,0.29523951421119043,,,,
pion_lbv,state,441,1.434771561422203e+16,13763.302187605555,22628.8301108107,2.5372680808860664,0.28574846928475656,,,,
pion_lbv,state,442,1.4646750533187334e+16,13207.399575711972,23605.283671366797,2.5142784288179265,0.2765558300221611,,,,
pion_lbv,state,443,1.4952298640824054e+16,12673.474432775034,24623.872080446727,2.4915717832032085,0.26765245731317205,,,,
pion_lbv,state,444,1.526450634733859e+16,12160.67923033181,25686.41349462406,2.469145201070093,0.25902948308894197,,,,
pion_lbv,state,445,1.5583523484857782e+16,11668.198103393135,26794.804525562464,2.446995775110008,0.2506783025944509,,,,
pion_lbv,state,446,1.5909503392104662e+16,11195.245717950109,27951.023625423135,2.4251206330129635,0.2425905668714615,,,,
pion_lbv,state,447,1.6242603001314836e+16,10741.066176498387,29157.134618355714,2.4035169368166764,0.2347581754464124,,,,
pion_lbv,state,448,1.6582982927456606e+16,10304.931960425103,30415.29038437601,2.3821818822689704,0.22717326921791636,,,,
pion_lbv,state,449,1.6930807559820282e+16,9886.142908127185,31727.736702207447,2.361112698202954,0.21982822353860376,,,,
pion_lbv,state,450,1.728624515604294e+16,9484.025227764925,33096.81625794298,2.340306645924571,0.21271564148626063,,,,
pion_lbv,state,451,1.7649467938638386e+16,9097.930543577071,34524.9728266858,2.319761018612042,0.2058283473192622,,,,
pion_lbv,state,452,1.8020652194102444e+16,8727.234974721354,36014.755634630135,2.2994731407268456,0.1991593801115476,,,,
pion_lbv,state,453,1.8399978374667452e+16,8371.338245621619,37568.82390937142,2.2794403674358072,0.1927019875623776,,,,
pion_lbv,state,454,1.878763120278033e+16,8029.662826838482,39189.951626565344,2.2596600840439915,0.18644961997634968,,,,
pion_lbv,state,455,1.918379977838183e+16,7701.653105502533,40881.03246140962,2.240129705438036,0.1803959244091989,,,,
pion_lbv,state,456,1.9588677689066456e+16,7386.774584378105,42645.08495378647,2.220846675539625,0.1745347389750678,,,,
pion_lbv,state,457,2.00024631232052e+16,7084.513108646656,44485.2578962867,2.2018084667687865,0.16886008731098204,,,,
pion_lbv,state,458,2.042535898611482e+16,6794.374119530595,46404.83595473076,2.183012579516775,0.16336617319446128,,,,
pion_lbv,state,459,2.085757301936062e+16,6515.881933896194,48407.24553122069,2.1644565416282564,0.15804737531021543,,,,
pion_lbv,state,460,2.1299317923281736e+16,6248.57904900272,50496.060880187404,2.146137907892568,0.1528982421620334,,,,
pion_lbv,state,461,2.1750811482831188e+16,5992.025471586986,52675.010488352964,2.128054259543805,0.14791348712605157,,,,
pion_lbv,state,462,2.2212276696824172e+16,5745.798070494018,54947.98372999112,2.1102032037695713,0.14308798364167455,,,,
pion_lbv,state,463,2.268394191069271e+16,5509.489952089403,57319.03780937094,2.092582373228152,0.13841676053653218,,,,
pion_lbv,state,464,2.316604095284561e+16,5282.709857710119,59792.40500277031,2.0751894255739707,0.1338949974819517,,,,
pion_lbv,state,465,2.3658813274737596e+16,5065.081582429766,62372.50021299204,2.058022042991122,0.12951802057547104,,,,
pion_lbv,state,466,2.416250409475253e+16,4856.243414439323,65063.928849861964,2.041077931734864,0.1252812980470694,,,,
pion_lbv,state,467,2.4677364546009744e+16,4655.847594360575,67871.49505077799,2.024354821680917,0.12118043608581237,,,,
pion_lbv,state,468,2.520365182820554e+16,4463.559793833524,70800.21025598269,2.007850465882434,0.11721117478374499,,,,
pion_lbv,state,469,2.5741629363605296e+16,4279.0586127341385,73855.30215386924,1.991562640134518,0.11336938419388785,,,,
pion_lbv,state,470,2.6291574567778016e+16,4048.132156850783,77042.22401228193,1.9755475619081737,0.10893311357776868,,,,
pion_lbv,state,471,2.6853147680564308e+16,20307.073402598176,80366.6644124717,1.9508497442364523,0.23936251196286898,,,,
pion_lbv,state,472,2.731799523269749e+16,779345.1782902937,83834.55740308312,1.5285150940549395,0.9785727023861628,,,,
pion_lbv,state,473,2.752216794789478e+16,1841323.0945988705,87452.09309229109,1.2430114015699782,0.9197726436236755,,,,
pion_lbv,state,474,2.7643369605855784e+16,3055460.4754080893,91225.72869700067,1.1484323584498581,0.8900613579097454,,,,
pion_lbv,state,475,2.7733817639424064e+16,3376639.944065122,95162.20006882792,1.106370411950332,0.777441430508229,,,,
pion_lbv,state,476,2.781026849784128e+16,3673372.8772189757,99268.53371743915,1.0840579313742424,0.7135307748886233,,,,
pion_lbv,state,477,2.787882094875322e+16,3960779.168675874,103552.05935270591,1.0697288267578422,0.6703443452364621,,,,
pion_lbv,state,478,2.7942242456627308e+16,4245961.17376047,108020.42296806788,1.0595935274420885,0.6385895554182132,,,,
pion_lbv,state,479,2.8002086176682812e+16,4371790.148272807,112681.6004884501,1.0520121615152467,0.6031941098307914,,,,
pion_lbv,flux,,,,1.0,,,100000000000000.0,1.6647960047369044e-23,1.639921664891217e-23,2.4874339845687338e-25
pion_lbv,flux,,,,1.075094254410704,,,100000000000000.0,1.8954676921479443e-23,1.8669578087377297e-23,2.8509883410214585e-25
pion_lbv,flux,,,,1.1558276558669076,,,100000000000000.0,2.1597325711560305e-23,2.1269236050284538e-23,3.280896612757678e-25
pion_lbv,flux,,,,1.242623671911505,,,100000000000000.0,2.4622106066471183e-23,2.4243442629096787e-23,3.786634373743948e-25
pion_lbv,flux,,,,1.3359375700667908,,,100000000000000.0,2.8080130112137583e-23,2.764085628411106e-23,4.392738280265214e-25
pion_lbv,flux,,,,1.4362588058302042,,,100000000000000.0,3.205118872192281e-23,3.1539531745190975e-23,5.116569767318331e-25
pion_lbv,flux,,,,1.5441135899948315,,,100000000000000.0,3.6599186158943787e-23,3.599983211109506e-23,5.993540478487237e-25
pion_lbv,flux,,,,1.6600676487609292,,,100000000000000.0,4.1819111184164465e-23,4.111311411105555e-23,7.059970731089142e-25
pion_lbv,flux,,,,1.7847291911159615,,,100000000000000.0,4.781105876330855e-23,4.697374324909767e-23,8.373155142108745e-25
pion_lbv,flux,,,,1.9187520990478337,,,100000000000000.0,5.468623226114434e-23,5.36862857766662e-23,9.999464844781358e-25
pion_lbv,flux,,,,2.0628393573248043,,,100000000000000.0,6.257424490806003e-23,6.137039385018824e-23,1.203851057871787e-24
pion_lbv,flux,,,,2.2177467408321663,,,100000000000000.0,7.163342543614727e-23,7.01732037104985e-23,1.4602217256487658e-24
pion_lbv,flux,,,,2.384286778806727,,,100000000000000.0,8.204327325029404e-23,8.025646777604457e-23,1.7868054742494748e-24
pion_lbv,flux,,,,2.5633330167625172,,,100000000000000.0,9.400362857375798e-23,9.17975495738132e-23,2.2060789999447786e-24
pion_lbv,flux,,,,2.7558245984626395,,,100000000000000.0,1.0774655421184377e-22,1.0499838442574038e-22,2.7481697861033728e-24
pion_lbv,flux,,,,2.962771191970869,,,100000000000000.0,1.2354683965752295e-22,1.200966729930396e-22,3.450166664483337e-24
pion_lbv,flux,,,,3.1852582856214346,,,100000000000000.0,1.417102549118153e-22,1.3735355852387598e-22,4.3566963879393165e-24
pion_lbv,flux,,,,3.4244528816856934,,,100000000000000.0,1.625896589316163e-22,1.5706920322765343e-22,5.52045570396286e-24
pion_lbv,flux,,,,3.6816096176004676,,,100000000000000.0,1.865422496598136e-22,1.7954887524562866e-22,6.99337441418495e-24
pion_lbv,flux,,,,3.9580773468654518,,,100000000000000.0,2.1402579368493063e-22,2.051890952792925e-22,8.836698405638128e-24
pion_lbv,flux,,,,4.25530621412821,,,100000000000000.0,2.4548783385799243e-22,2.3438233344551805e-22,1.11055004124744e-23
pion_lbv,flux,,,,4.5748552615674045,,,100000000000000.0,2.814323657472769e-22,2.6757334913367326e-22,1.3859016613603658e-23
pion_lbv,flux,,,,4.918400606471695,,,100000000000000.0,3.223228578057939e-22,3.0521281538279245e-22,1.711004242300147e-23
pion_lbv,flux,,,,5.2877442329078415,,,100000000000000.0,3.6645090418925084e-22,3.475958129998724e-22,1.885509118937843e-23
pion_lbv,flux,,,,5.684823443592558,,,100000000000000.0,4.1465877849793165e-22,3.9457771757773433e-22,2.0081060920197318e-23
pion_lbv,flux,,,,6.111721021545632,,,100000000000000.0,4.65767212427933e-22,4.445885907376075e-22,2.1178621690325442e-23
pion_lbv,flux,,,,6.570676154824828,,,100000000000000.0,5.178830331346782e-22,4.953187525070473e-22,2.2564280627630945e-23
pion_lbv,flux,,,,7.06409618164559,,,100000000000000.0,5.69556616002086e-22,5.459091170784494e-22,2.3647498923636656e-23
pion_lbv,flux,,,,7.594569217491768,,,100000000000000.0,6.209237298953611e-22,5.959196885707461e-22,2.500404132461489e-23
pion_lbv,flux,,,,8.164877730449795,,,100000000000000.0,6.705773025323387e-22,6.442191407312683e-22,2.6358161801070388e-23
pion_lbv,flux,,,,8.778013135972484,,,100000000000000.0,7.174040466341102e-22,6.897024070570789e-22,2.7701639577031284e-23
pion_lbv,flux,,,,9.437191487625704,,,100000000000000.0,7.604321475886115e-22,7.314172406323531e-22,2.901490695625837e-23
pion_lbv,flux,,,,10.14587034612,,,100000000000000.0,7.988353437539448e-22,7.685617245745322e-22,3.027361917941262e-23
pion_lbv,flux,,,,10.907766915109553,,,100000000000000.0,8.320522670322782e-22,8.006010431206755e-22,3.1451223911602655e-23
pion_lbv,flux,,,,11.72687753888545,,,100000000000000.0,8.596535032185207e-22,8.271382356779408e-22,3.251526754057988e-23
pion_lbv,flux,,,,12.607498664233685,,,100000000000000.0,8.814314917198164e-22,8.479997061903784e-22,3.3431785529438034e-23
pion_lbv,flux,,,,13.554249376408261,,,100000000000000.0,8.97329007420975e-22,8.631644685366069e-22,3.416453888436813e-23
pion_lbv,flux,,,,14.57209562742639,,,100000000000000.0,9.074466450202392e-22,8.727712413518892e-22,3.4675403668349934e-23
pion_lbv,flux,,,,15.666376283769456,,,100000000000000.0,9.120118083741646e-22,8.770822943702133e-22,3.492951400395128e-23
pion_lbv,flux,,,,16.84283113011666,,,100000000000000.0,9.111813992160517e-22,8.764311283553933e-22,3.475027086065843e-23
pion_lbv,flux,,,,18.107630975998166,,,100000000000000.0,9.055342275708584e-22,8.712447121705435e-22,3.428951540031485e-23
pion_lbv,flux,,,,19.467410023284916,,,100000000000000.0,8.953920707702147e-22,8.619860981570847e-22,3.340597261312994e-23
pion_lbv,flux,,,,20.929300664290967,,,100000000000000.0,8.810469130915117e-22,8.491696022484388e-22,3.187731084307282e-23
pion_lbv,flux,,,,22.50097089301335,,,100000000000000.0,8.632012262916695e-22,8.333498993947449e-22,2.985132689692457e-23
pion_lbv,flux,,,,24.19066452574114,,,100000000000000.0,8.429906070020742e-22,8.151630949349934e-22,2.7827512067080825e-23
pion_lbv,flux,,,,26.007244442001138,,,100000000000000.0,8.204346580501703e-22,7.951029854878727e-22,2.5331672562297523e-23
pion_lbv,flux,,,,27.96023907265014,,,100000000000000.0,7.963439227102079e-22,7.735339003066618e-22,2.2810022403546066e-23
pion_lbv,flux,,,,30.059892378955837,,,100000000000000.0,7.7112413461595225e-22,7.509357538089603e-22,2.0188380806992034e-23
pion_lbv,flux,,,,32.31721758481955,,,100000000000000.0,7.44788922795664e-22,7.276181048116418e-22,1.71708179840222e-23
pion_lbv,flux,,,,34.74405494398007,,,100000000000000.0,7.178201988079298e-22,7.038517977005049e-22,1.3968401107424965e-23
pion_lbv,flux,,,,37.353133845202784,,,100000000000000.0,6.904981603866645e-22,6.799185019110588e-22,1.057965847560578e-23
pion_lbv,flux,,,,40.15813958121152,,,100000000000000.0,6.6301363749144175e-22,6.560104972629727e-22,7.003140228469066e-24
pion_lbv,flux,,,,43.173785131583585,,,100000000000000.0,6.355159747579312e-22,6.322780738664033e-22,3.2379008915279154e-24
pion_lbv,flux,,,,46.4158883361278,,,100000000000000.0,6.088645442602921e-22,6.088645442590693e-22,1.2228279297395889e-33
pion_lbv,flux,,,,49.90145486353981,,,100000000000000.0,5.85793679012585e-22,5.85793679012585e-22,0.0
pion_lbv,flux,,,,53.64876741052673,,,100000000000000.0,5.631019340934905e-22,5.631019340934905e-22,0.0
pion_lbv,flux,,,,57.67748159927351,,,100000000000000.0,5.408522464687642e-22,5.408522464687642e-22,0.0
pion_lbv,flux,,,,62.008729076258064,,,100000000000000.0,5.190773808686758e-22,5.190773808686758e-22,0.0
pion_lbv,flux,,,,66.665228353195,,,100000000000000.0,4.977965144439523e-22,4.977965144439523e-22,0.0
pion_lbv,flux,,,,71.67140397149751,,,100000000000000.0,4.770248339230345e-22,4.770248339230345e-22,0.0
pion_lbv,flux,,,,77.05351461530549,,,100000000000000.0,4.567634502419021e-22,4.567634502419021e-22,0.0
pion_lbv,flux,,,,82.83979084506615,,,100000000000000.0,4.370245790487438e-22,4.370245790487438e-22,0.0
pion_lbv,flux,,,,89.06058317411505,,,100000000000000.0,4.1780568231076947e-22,4.1780568231076947e-22,0.0
pion_lbv,flux,,,,95.74852126495772,,,100000000000000.0,3.9910951791593086e-22,3.9910951791593086e-22,0.0
pion_lbv,flux,,,,102.93868508027717,,,100000000000000.0,3.8093186590801695e-22,3.8093186590801695e-22,0.0
pion_lbv,flux,,,,110.6687888863989,,,100000000000000.0,3.632723140062378e-22,3.632723140062378e-22,0.0
pion_lbv,flux,,,,118.97937907435858,,,100000000000000.0,3.4612895236451362e-22,3.4612895236451362e-22,0.0
pion_lbv,flux,,,,127.91404683619612,,,100000000000000.0,3.2950106759020455e-22,3.2950106759020455e-22,0.0
pion_lbv,flux,,,,137.51965681201608,,,100000000000000.0,3.133851709143414e-22,3.133851709143414e-22,0.0
pion_lbv,flux,,,,147.8465929071304,,,100000000000000.0,2.977827099749205e-22,2.977827099749205e-22,0.0
pion_lbv,flux,,,,158.94902256865416,,,100000000000000.0,2.8269271934568395e-22,2.8269271934568395e-22,0.0
pion_lbv,flux,,,,170.8851809077575,,,100000000000000.0,2.681141393216891e-22,2.681141393216891e-22,0.0
pion_lbv,flux,,,,183.71767615786374,,,100000000000000.0,2.540495168060652e-22,2.540495168060652e-22,0.0
pion_lbv,flux,,,,197.5138180710058,,,100000000000000.0,2.404972169265389e-22,2.404972169265389e-22,0.0
pion_lbv,flux,,,,212.3459709748593,,,100000000000000.0,2.274537979218263e-22,2.274537979218263e-22,0.0
pion_lbv,flux,,,,228.2919333423335,,,100000000000000.0,2.149187357798332e-22,2.149187357798332e-22,0.0
pion_lbv,flux,,,,245.43534586465407,,,100000000000000.0,2.0288915208546392e-22,2.0288915208546392e-22,0.0
pion_lbv,flux,,,,263.8661301683937,,,100000000000000.0,1.913561975559105e-22,1.913561975559105e-22,0.0
pion_lbv,flux,,,,283.6809604776268,,,100000000000000.0,1.8031819627822564e-22,1.8031819627822564e-22,0.0
pion_lbv,flux,,,,304.9837706952068,,,100000000000000.0,1.6976678239388692e-22,1.6976678239388692e-22,0.0
pion_lbv,flux,,,,327.8862995629283,,,100000000000000.0,1.5969955674735523e-22,1.5969955674735523e-22,0.0
pion_lbv,flux,,,,352.5086767600913,,,100000000000000.0,1.5012268818874112e-22,1.5012268818874112e-22,0.0
pion_lbv,flux,,,,378.9800530146941,,,100000000000000.0,1.4103110482147617e-22,1.4103110482147617e-22,0.0
pion_lbv,flux,,,,407.4392775323618,,,100000000000000.0,1.324153857089685e-22,1.324153857089685e-22,0.0
pion_lbv,flux,,,,438.0356262962902,,,100000000000000.0,1.2426543292538975e-22,1.2426543292538975e-22,0.0
pion_lbv,flux,,,,470.92958505833616,,,100000000000000.0,1.1657154867366218e-22,1.1657154867366218e-22,0.0
pion_lbv,flux,,,,506.29369112823395,,,100000000000000.0,1.0932221144416252e-22,1.0932221144416252e-22,0.0
pion_lbv,flux,,,,544.3134383763522,,,100000000000000.0,1.0250317643418058e-22,1.0250317643418058e-22,0.0
pion_lbv,flux,,,,585.1882501969508,,,100000000000000.0,9.609792292149273e-23,9.609792292149273e-23,0.0
pion_lbv,flux,,,,629.1325255353956,,,100000000000000.0,9.008715763957929e-23,9.008715763957929e-23,0.0
pion_lbv,flux,,,,676.3767634659991,,,100000000000000.0,8.444888084369637e-23,8.444888084369637e-23,0.0
pion_lbv,flux,,,,727.1687722192038,,,100000000000000.0,7.916361175019135e-23,7.916361175019135e-23,0.0
pion_lbv,flux,,,,781.7749689997516,,,100000000000000.0,7.421331618857619e-23,7.421331618857619e-23,0.0
pion_lbv,flux,,,,840.4817774137397,,,100000000000000.0,6.957833265431366e-23,6.957833265431366e-23,0.0
pion_lbv,flux,,,,903.5971298344073,,,100000000000000.0,6.523679944324407e-23,6.523679944324407e-23,0.0
pion_lbv,flux,,,,971.4520825869747,,,100000000000000.0,6.116745039193631e-23,6.116745039193631e-23,0.0
pion_lbv,flux,,,,1044.4025524245699,,,100000000000000.0,5.735163392308658e-23,5.735163392308658e-23,0.0
pion_lbv,flux,,,,1122.8311834035287,,,100000000000000.0,5.377397999417201e-23,5.377397999417201e-23,0.0
pion_lbv,flux,,,,1207.1493539503058,,,100000000000000.0,5.0419351264570325e-23,5.0419351264570325e-23,0.0
pion_lbv,flux,,,,1297.7993346475664,,,100000000000000.0,4.727653295980387e-23,4.727653295980387e-23,0.0
pion_lbv,flux,,,,1395.256608057634,,,100000000000000.0,4.43343231601379e-23,4.43343231601379e-23,0.0
pion_lbv,flux,,,,1500.032362751329,,,100000000000000.0,4.158097167169969e-23,4.158097167169969e-23,0.0
pion_lbv,flux,,,,1612.6761746240677,,,100000000000000.0,3.9004487207592484e-23,3.9004487207592484e-23,0.0
pion_lbv,flux,,,,1733.7788895633676,,,100000000000000.0,3.659407089927136e-23,3.659407089927136e-23,0.0
pion_lbv,flux,,,,1863.975722588148,,,100000000000000.0,3.433832644016689e-23,3.433832644016689e-23,0.0
pion_lbv,flux,,,,2003.9495897155573,,,100000000000000.0,3.2221335831927396e-23,3.2221335831927396e-23,0.0
pion_lbv,flux,,,,2154.4346900318847,,,100000000000000.0,3.02285771811407e-23,3.02285771811407e-23,0.0
pion_lbv,flux,,,,2316.220356756384,,,100000000000000.0,2.83488649907947e-23,2.83488649907947e-23,0.0
pion_lbv,flux,,,,2490.1551974979006,,,100000000000000.0,2.657263694848533e-23,2.657263694848533e-23,0.0
pion_lbv,flux,,,,2677.151545420944,,,100000000000000.0,2.488883265749784e-23,2.488883265749784e-23,0.0
pion_lbv,flux,,,,2878.190244668795,,,100000000000000.0,2.328802878787165e-23,2.328802878787165e-23,0.0
pion_lbv,flux,,,,3094.325795144359,,,100000000000000.0,2.1763517938432405e-23,2.1763517938432405e-23,0.0
pion_lbv,flux,,,,3326.691883634535,,,100000000000000.0,2.0309946006913243e-23,2.0309946006913243e-23,0.0
pion_lbv,flux,,,,3576.507330290209,,,100000000000000.0,1.8924990551364755e-23,1.8924990551364755e-23,0.0
pion_lbv,flux,,,,3845.082481652772,,,100000000000000.0,1.760902628489074e-23,1.760902628489074e-23,0.0
pion_lbv,flux,,,,4133.826083760145,,,100000000000000.0,1.6360404506628978e-23,1.6360404506628978e-23,0.0
pion_lbv,flux,,,,4444.252671383635,,,100000000000000.0,1.517638893298461e-23,1.517638893298461e-23,0.0
pion_lbv,flux,,,,4777.990512153967,,,100000000000000.0,1.4054254257285412e-23,1.4054254257285412e-23,0.0
pion_lbv,flux,,,,5136.79014724559,,,100000000000000.0,1.299149464492416e-23,1.299149464492416e-23,0.0
pion_lbv,flux,,,,5522.533573417245,,,100000000000000.0,1.1987371135815004e-23,1.1987371135815004e-23,0.0
pion_lbv,flux,,,,5937.244114571097,,,100000000000000.0,1.1042074234832501e-23,1.1042074234832501e-23,0.0
pion_lbv,flux,,,,6383.097034609152,,,100000000000000.0,1.0154742608513219e-23,1.0154742608513219e-23,0.0
pion_lbv,flux,,,,6862.4309472543055,,,100000000000000.0,9.322054631791406e-24,9.322054631791406e-24,0.0
pion_lbv,flux,,,,7377.760082683305,,,100000000000000.0,8.539123831884901e-24,8.539123831884901e-24,0.0
pion_lbv,flux,,,,7931.787475313466,,,100000000000000.0,7.802482512640832e-24,7.802482512640832e-24,0.0
pion_lbv,flux,,,,8527.419141916287,,,100000000000000.0,7.10973292528966e-24,7.10973292528966e-24,0.0
pion_lbv,flux,,,,9167.779324426061,,,100000000000000.0,6.459041588808817e-24,6.459041588808817e-24,0.0
pion_lbv,flux,,,,9856.226877395698,,,100000000000000.0,5.84930037735705e-24,5.84930037735705e-24,0.0
pion_lbv,flux,,,,10596.372886056477,,,100000000000000.0,5.279573830874711e-24,5.279573830874711e-24,0.0
pion_lbv,flux,,,,11392.099607392682,,,100000000000000.0,4.7475042773971755e-24,4.7475042773971755e-24,0.0
pion_lbv,flux,,,,12247.58083358233,,,100000000000000.0,4.2508610474387095e-24,4.2508610474387095e-24,0.0
pion_lbv,flux,,,,13167.303784615016,,,100000000000000.0,3.789691283818585e-24,3.789691283818585e-24,0.0
pion_lbv,flux,,,,14156.092644919916,,,100000000000000.0,3.364852615576104e-24,3.364852615576104e-24,0.0
pion_lbv,flux,,,,15219.13386745902,,,100000000000000.0,2.976154534671999e-24,2.976154534671999e-24,0.0
pion_lbv,flux,,,,16362.003378012576,,,100000000000000.0,2.622860419826774e-24,2.622860419826774e-24,0.0
pion_lbv,flux,,,,17590.69582234984,,,100000000000000.0,2.30378843777397e-24,2.30378843777397e-24,0.0
pion_lbv,flux,,,,18911.65600969468,,,100000000000000.0,2.0173137528959477e-24,2.0173137528959477e-24,0.0
pion_lbv,flux,,,,20331.812717414403,,,100000000000000.0,1.7613907173842584e-24,1.7613907173842584e-24,0.0
pion_lbv,flux,,,,21858.61503424674,,,100000000000000.0,1.533819540156288e-24,1.533819540156288e-24,0.0
pion_lbv,flux,,,,23500.071432694094,,,100000000000000.0,1.3325150285678623e-24,1.3325150285678623e-24,0.0
pion_lbv,flux,,,,25264.79177553053,,,100000000000000.0,1.1551916326256142e-24,1.1551916326256142e-24,0.0
pion_lbv,flux,,,,27162.03247675567,,,100000000000000.0,9.996688409731073e-25,9.996688409731073e-25,0.0
pion_lbv,flux,,,,29201.74505387701,,,100000000000000.0,8.633182498455983e-25,8.633182498455983e-25,0.0
pion_lbv,flux,,,,31394.628326189355,,,100000000000000.0,7.443709732087271e-25,7.443709732087271e-25,0.0
pion_lbv,flux,,,,33752.1845328457,,,100000000000000.0,6.414631171316752e-25,6.414631171316752e-25,0.0
pion_lbv,flux,,,,36286.77966507222,,,100000000000000.0,5.526482464614309e-25,5.526482464614309e-25,0.0
pion_lbv,flux,,,,39011.70832898638,,,100000000000000.0,4.761016939979695e-25,4.761016939979695e-25,0.0
pion_lbv,flux,,,,41941.26347923944,,,100000000000000.0,4.101392864311332e-25,4.101392864311332e-25,0.0
pion_lbv,flux,,,,45090.811389255796,,,100000000000000.0,3.5331649445583033e-25,3.5331649445583033e-25,0.0
pion_lbv,flux,,,,48476.87225130562,,,100000000000000.0,3.043892299081468e-25,3.043892299081468e-25,0.0
pion_lbv,flux,,,,52117.20682918044,,,100000000000000.0,2.6224633331321276e-25,2.6224633331321276e-25,0.0
pion_lbv,flux,,,,56030.90961798617,,,100000000000000.0,2.259428663860464e-25,2.259428663860464e-25,0.0
pion_lbv,flux,,,,60238.50899970236,,,100000000000000.0,1.9468711161049408e-25,1.9468711161049408e-25,0.0
pion_lbv,flux,,,,64762.07491984746,,,100000000000000.0,1.677772003974678e-25,1.677772003974678e-25,0.0
pion_lbv,flux,,,,69625.33465004367,,,100000000000000.0,1.4457721127402246e-25,1.4457721127402246e-25,0.0
pion_lbv,flux,,,,74853.79724368441,,,100000000000000.0,1.2458185232136292e-25,1.2458185232136292e-25,0.0
pion_lbv,flux,,,,80474.88733750887,,,100000000000000.0,1.0602091527875954e-25,1.0602091527875954e-25,0.0
pion_lbv,flux,,,,86518.08900090447,,,100000000000000.0,3.221577020620303e-25,3.221577020620303e-25,0.0
pion_lbv,flux,,,,93015.10038746646,,,100000000000000.0,6.515471085218404e-25,6.515471085218404e-25,0.0
pion_lbv,flux,,,,100000.0,,,100000000000000.0,4.693157718517453e-25,4.6931577185173325e-25,1.2020108455041135e-38
