scenario,code,code_version,source,physical_assumptions,coordinate,frequency_hz,observer_time,value_name,value,asgard_ratio,wall_time,boundary
fs_synch_common_minimum,ASGARD,4.2.1,local git 714d890e,broad-band top-hat on-axis forward-shock synchrotron; uniform medium; E_iso=1e52 erg; Gamma0=300; theta_j=0.1 rad; n=1 cm^-3; epsilon_e=0.1; epsilon_B=1e-3; p=2.3; xi_e=0.1; z=0.1; d_L=1e26 cm; no spreading; no SSC; no reverse shock,observer time and frequency,1.00000000e+08,1.00000000e+00,flux_density_cgs,1.42826200e-30,1.00000000e+00,1.53846734e-01,broad-band broad-time FS synchrotron grid; ratios are assumption-audit diagnostics
fs_synch_common_minimum,ASGARD,4.2.1,local git 714d890e,broad-band top-hat on-axis forward-shock synchrotron; uniform medium; E_iso=1e52 erg; Gamma0=300; theta_j=0.1 rad; n=1 cm^-3; epsilon_e=0.1; epsilon_B=1e-3; p=2.3; xi_e=0.1; z=0.1; d_L=1e26 cm; no spreading; no SSC; no reverse shock,observer time and frequency,1.00000000e+08,3.16227766e+00,flux_density_cgs,4.54292293e-29,1.00000000e+00,1.53846734e-01,broad-band broad-time FS synchrotron grid; ratios are assumption-audit diagnostics
fs_synch_common_minimum,ASGARD,4.2.1,local git 714d890e,broad-band top-hat on-axis forward-shock synchrotron; uniform medium; E_iso=1e52 erg; Gamma0=300; theta_j=0.1 rad; n=1 cm^-3; epsilon_e=0.1; epsilon_B=1e-3; p=2.3; xi_e=0.1; z=0.1; d_L=1e26 cm; no spreading; no SSC; no reverse shock,observer time and frequency,1.00000000e+08,1.00000000e+01,flux_density_cgs,7.86382503e-28,1.00000000e+00,1.53846734e-01,broad-band broad-time FS synchrotron grid; ratios are assumption-audit diagnostics
fs_synch_common_minimum,ASGARD,4.2.1,local git 714d890e,broad-band top-hat on-axis forward-shock synchrotron; uniform medium; E_iso=1e52 erg; Gamma0=300; theta_j=0.1 rad; n=1 cm^-3; epsilon_e=0.1; epsilon_B=1e-3; p=2.3; xi_e=0.1; z=0.1; d_L=1e26 cm; no spreading; no SSC; no reverse shock,observer time and frequency,1.00000000e+08,3.16227766e+01,flux_density_cgs,2.75611170e-27,1.00000000e+00,1.53846734e-01,broad-band broad-time FS synchrotron grid; ratios are assumption-audit diagnostics
fs_synch_common_minimum,ASGARD,4.2.1,local git 714d890e,broad-band top-hat on-axis forward-shock synchrotron; uniform medium; E_iso=1e52 erg; Gamma0=300; theta_j=0.1 rad; n=1 cm^-3; epsilon_e=0.1; epsilon_B=1e-3; p=2.3; xi_e=0.1; z=0.1; d_L=1e26 cm; no spreading; no SSC; no reverse shock,observer time and frequency,1.00000000e+08,1.00000000e+02,flux_density_cgs,4.28981562e-27,1.00000000e+00,1.53846734e-01,broad-band broad-time FS synchrotron grid; ratios are assumption-audit diagnostics
fs_synch_common_minimum,ASGARD,4.2.1,local git 714d890e,broad-band top-hat on-axis forward-shock synchrotron; uniform medium; E_iso=1e52 erg; Gamma0=300; theta_j=0.1 rad; n=1 cm^-3; epsilon_e=0.1; epsilon_B=1e-3; p=2.3; xi_e=0.1; z=0.1; d_L=1e26 cm; no spreading; no SSC; no reverse shock,observer time and frequency,1.00000000e+08,3.16227766e+02,flux_density_cgs,9.42016468e-27,1.00000000e+00,1.53846734e-01,broad-band broad-time FS synchrotron grid; ratios are assumption-audit diagnostics
fs_synch_common_minimum,ASGARD,4.2.1,local git 714d890e,broad-band top-hat on-axis forward-shock synchrotron; uniform medium; E_iso=1e52 erg; Gamma0=300; theta_j=0.1 rad; n=1 cm^-3; epsilon_e=0.1; epsilon_B=1e-3; p=2.3; xi_e=0.1; z=0.1; d_L=1e26 cm; no spreading; no SSC; no reverse shock,observer time and frequency,1.00000000e+08,1.00000000e+03,flux_density_cgs,1.72569068e-26,1.00000000e+00,1.53846734e-01,broad-band broad-time FS synchrotron grid; ratios are assumption-audit diagnostics
fs_synch_common_minimum,ASGARD,4.2.1,local git 714d890e,broad-band top-hat on-axis forward-shock synchrotron; uniform medium; E_iso=1e52 erg; Gamma0=300; theta_j=0.1 rad; n=1 cm^-3; epsilon_e=0.1; epsilon_B=1e-3; p=2.3; xi_e=0.1; z=0.1; d_L=1e26 cm; no spreading; no SSC; no reverse shock,observer time and frequency,1.00000000e+08,3.16227766e+03,flux_density_cgs,3.04105106e-26,1.00000000e+00,1.53846734e-01,broad-band broad-time FS synchrotron grid; ratios are assumption-audit diagnostics
fs_synch_common_minimum,ASGARD,4.2.1,local git 714d890e,broad-band top-hat on-axis forward-shock synchrotron; uniform medium; E_iso=1e52 erg; Gamma0=300; theta_j=0.1 rad; n=1 cm^-3; epsilon_e=0.1; epsilon_B=1e-3; p=2.3; xi_e=0.1; z=0.1; d_L=1e26 cm; no spreading; no SSC; no reverse shock,observer time and frequency,1.00000000e+08,1.00000000e+04,flux_density_cgs,5.19579300e-26,1.00000000e+00,1.53846734e-01,broad-band broad-time FS synchrotron grid; ratios are assumption-audit diagnostics
fs_synch_common_minimum,ASGARD,4.2.1,local git 714d890e,broad-band top-hat on-axis forward-shock synchrotron; uniform medium; E_iso=1e52 erg; Gamma0=300; theta_j=0.1 rad; n=1 cm^-3; epsilon_e=0.1; epsilon_B=1e-3; p=2.3; xi_e=0.1; z=0.1; d_L=1e26 cm; no spreading; no SSC; no reverse shock,observer time and frequency,1.00000000e+08,3.16227766e+04,flux_density_cgs,8.80642215e-26,1.00000000e+00,1.53846734e-01,broad-band broad-time FS synchrotron grid; ratios are assumption-audit diagnostics
fs_synch_common_minimum,ASGARD,4.2.1,local git 714d890e,broad-band top-hat on-axis forward-shock synchrotron; uniform medium; E_iso=1e52 erg; Gamma0=300; theta_j=0.1 rad; n=1 cm^-3; epsilon_e=0.1; epsilon_B=1e-3; p=2.3; xi_e=0.1; z=0.1; d_L=1e26 cm; no spreading; no SSC; no reverse shock,observer time and frequency,1.00000000e+08,1.00000000e+05,flux_density_cgs,1.02882334e-25,1.00000000e+00,1.53846734e-01,broad-band broad-time FS synchrotron grid; ratios are assumption-audit diagnostics
fs_synch_common_minimum,ASGARD,4.2.1,local git 714d890e,broad-band top-hat on-axis forward-shock synchrotron; uniform medium; E_iso=1e52 erg; Gamma0=300; theta_j=0.1 rad; n=1 cm^-3; epsilon_e=0.1; epsilon_B=1e-3; p=2.3; xi_e=0.1; z=0.1; d_L=1e26 cm; no spreading; no SSC; no reverse shock,observer time and frequency,1.00000000e+08,3.16227766e+05,flux_density_cgs,8.68157469e-26,1.00000000e+00,1.53846734e-01,broad-band broad-time FS synchrotron grid; ratios are assumption-audit diagnostics
fs_synch_common_minimum,ASGARD,4.2.1,local git 714d890e,broad-band top-hat on-axis forward-shock synchrotron; uniform medium; E_iso=1e52 erg; Gamma0=300; theta_j=0.1 rad; n=1 cm^-3; epsilon_e=0.1; epsilon_B=1e-3; p=2.3; xi_e=0.1; z=0.1; d_L=1e26 cm; no spreading; no SSC; no reverse shock,observer time and frequency,1.00000000e+08,1.00000000e+06,flux_density_cgs,7.24301474e-26,1.00000000e+00,1.53846734e-01,broad-band broad-time FS synchrotron grid; ratios are assumption-audit diagnostics
fs_synch_common_minimum,ASGARD,4.2.1,local git 714d890e,broad-band top-hat on-axis forward-shock synchrotron; uniform medium; E_iso=1e52 erg; Gamma0=300; theta_j=0.1 rad; n=1 cm^-3; epsilon_e=0.1; epsilon_B=1e-3; p=2.3; xi_e=0.1; z=0.1; d_L=1e26 cm; no spreading; no SSC; no reverse shock,observer time and frequency,1.00000000e+08,3.16227766e+06,flux_density_cgs,6.36037933e-26,1.00000000e+00,1.53846734e-01,broad-band broad-time FS synchrotron grid; ratios are assumption-audit diagnostics
fs_synch_common_minimum,ASGARD,4.2.1,local git 714d890e,broad-band top-hat on-axis forward-shock synchrotron; uniform medium; E_iso=1e52 erg; Gamma0=300; theta_j=0.1 rad; n=1 cm^-3; epsilon_e=0.1; epsilon_B=1e-3; p=2.3; xi_e=0.1; z=0.1; d_L=1e26 cm; no spreading; no SSC; no reverse shock,observer time and frequency,1.00000000e+08,1.00000000e+07,flux_density_cgs,4.49798773e-26,1.00000000e+00,1.53846734e-01,broad-band broad-time FS synchrotron grid; ratios are assumption-audit diagnostics
fs_synch_common_minimum,ASGARD,4.2.1,local git 714d890e,broad-band top-hat on-axis forward-shock synchrotron; uniform medium; E_iso=1e52 erg; Gamma0=300; theta_j=0.1 rad; n=1 cm^-3; epsilon_e=0.1; epsilon_B=1e-3; p=2.3; xi_e=0.1; z=0.1; d_L=1e26 cm; no spreading; no SSC; no reverse shock,observer time and frequency,1.00000000e+08,3.16227766e+07,flux_density_cgs,2.49852110e-26,1.00000000e+00,1.53846734e-01,broad-band broad-time FS synchrotron grid; ratios are assumption-audit diagnostics
fs_synch_common_minimum,ASGARD,4.2.1,local git 714d890e,broad-band top-hat on-axis forward-shock synchrotron; uniform medium; E_iso=1e52 erg; Gamma0=300; theta_j=0.1 rad; n=1 cm^-3; epsilon_e=0.1; epsilon_B=1e-3; p=2.3; xi_e=0.1; z=0.1; d_L=1e26 cm; no spreading; no SSC; no reverse shock,observer time and frequency,1.00000000e+08,1.00000000e+08,flux_density_cgs,2.46011993e-26,1.00000000e+00,1.53846734e-01,broad-band broad-time FS synchrotron grid; ratios are assumption-audit diagnostics
fs_synch_common_minimum,ASGARD,4.2.1,local git 714d890e,broad-band top-hat on-axis forward-shock synchrotron; uniform medium; E_iso=1e52 erg; Gamma0=300; theta_j=0.1 rad; n=1 cm^-3; epsilon_e=0.1; epsilon_B=1e-3; p=2.3; xi_e=0.1; z=0.1; d_L=1e26 cm; no spreading; no SSC; no reverse shock,observer time and frequency,1.00000000e+09,1.00000000e+00,flux_density_cgs,3.18543943e-30,1.00000000e+00,1.53846734e-01,broad-band broad-time FS synchrotron grid; ratios are assumption-audit diagnostics
fs_synch_common_minimum,ASGARD,4.2.1,local git 714d890e,broad-band top-hat on-axis forward-shock synchrotron; uniform medium; E_iso=1e52 erg; Gamma0=300; theta_j=0.1 rad; n=1 cm^-3; epsilon_e=0.1; epsilon_B=1e-3; p=2.3; xi_e=0.1; z=0.1; d_L=1e26 cm; no spreading; no SSC; no reverse shock,observer time and frequency,1.00000000e+09,3.16227766e+00,flux_density_cgs,1.17062945e-28,1.00000000e+00,1.53846734e-01,broad-band broad-time FS synchrotron grid; ratios are assumption-audit diagnostics
fs_synch_common_minimum,ASGARD,4.2.1,local git 714d890e,broad-band top-hat on-axis forward-shock synchrotron; uniform medium; E_iso=1e52 erg; Gamma0=300; theta_j=0.1 rad; n=1 cm^-3; epsilon_e=0.1; epsilon_B=1e-3; p=2.3; xi_e=0.1; z=0.1; d_L=1e26 cm; no spreading; no SSC; no reverse shock,observer time and frequency,1.00000000e+09,1.00000000e+01,flux_density_cgs,4.21877996e-27,1.00000000e+00,1.53846734e-01,broad-band broad-time FS synchrotron grid; ratios are assumption-audit diagnostics
fs_synch_common_minimum,ASGARD,4.2.1,local git 714d890e,broad-band top-hat on-axis forward-shock synchrotron; uniform medium; E_iso=1e52 erg; Gamma0=300; theta_j=0.1 rad; n=1 cm^-3; epsilon_e=0.1; epsilon_B=1e-3; p=2.3; xi_e=0.1; z=0.1; d_L=1e26 cm; no spreading; no SSC; no reverse shock,observer time and frequency,1.00000000e+09,3.16227766e+01,flux_density_cgs,1.82823850e-26,1.00000000e+00,1.53846734e-01,broad-band broad-time FS synchrotron grid; ratios are assumption-audit diagnostics
fs_synch_common_minimum,ASGARD,4.2.1,local git 714d890e,broad-band top-hat on-axis forward-shock synchrotron; uniform medium; E_iso=1e52 erg; Gamma0=300; theta_j=0.1 rad; n=1 cm^-3; epsilon_e=0.1; epsilon_B=1e-3; p=2.3; xi_e=0.1; z=0.1; d_L=1e26 cm; no spreading; no SSC; no reverse shock,observer time and frequency,1.00000000e+09,1.00000000e+02,flux_density_cgs,1.87430838e-26,1.00000000e+00,1.53846734e-01,broad-band broad-time FS synchrotron grid; ratios are assumption-audit diagnostics
fs_synch_common_minimum,ASGARD,4.2.1,local git 714d890e,broad-band top-hat on-axis forward-shock synchrotron; uniform medium; E_iso=1e52 erg; Gamma0=300; theta_j=0.1 rad; n=1 cm^-3; epsilon_e=0.1; epsilon_B=1e-3; p=2.3; xi_e=0.1; z=0.1; d_L=1e26 cm; no spreading; no SSC; no reverse shock,observer time and frequency,1.00000000e+09,3.16227766e+02,flux_density_cgs,3.24666425e-26,1.00000000e+00,1.53846734e-01,broad-band broad-time FS synchrotron grid; ratios are assumption-audit diagnostics
fs_synch_common_minimum,ASGARD,4.2.1,local git 714d890e,broad-band top-hat on-axis forward-shock synchrotron; uniform medium; E_iso=1e52 erg; Gamma0=300; theta_j=0.1 rad; n=1 cm^-3; epsilon_e=0.1; epsilon_B=1e-3; p=2.3; xi_e=0.1; z=0.1; d_L=1e26 cm; no spreading; no SSC; no reverse shock,observer time and frequency,1.00000000e+09,1.00000000e+03,flux_density_cgs,5.07332369e-26,1.00000000e+00,1.53846734e-01,broad-band broad-time FS synchrotron grid; ratios are assumption-audit diagnostics
fs_synch_common_minimum,ASGARD,4.2.1,local git 714d890e,broad-band top-hat on-axis forward-shock synchrotron; uniform medium; E_iso=1e52 erg; Gamma0=300; theta_j=0.1 rad; n=1 cm^-3; epsilon_e=0.1; epsilon_B=1e-3; p=2.3; xi_e=0.1; z=0.1; d_L=1e26 cm; no spreading; no SSC; no reverse shock,observer time and frequency,1.00000000e+09,3.16227766e+03,flux_density_cgs,8.26036642e-26,1.00000000e+00,1.53846734e-01,broad-band broad-time FS synchrotron grid; ratios are assumption-audit diagnostics
fs_synch_common_minimum,ASGARD,4.2.1,local git 714d890e,broad-band top-hat on-axis forward-shock synchrotron; uniform medium; E_iso=1e52 erg; Gamma0=300; theta_j=0.1 rad; n=1 cm^-3; epsilon_e=0.1; epsilon_B=1e-3; p=2.3; xi_e=0.1; z=0.1; d_L=1e26 cm; no spreading; no SSC; no reverse shock,observer time and frequency,1.00000000e+09,1.00000000e+04,flux_density_cgs,1.38923423e-25,1.00000000e+00,1.53846734e-01,broad-band broad-time FS synchrotron grid; ratios are assumption-audit diagnostics
fs_synch_common_minimum,ASGARD,4.2.1,local git 714d890e,broad-band top-hat on-axis forward-shock synchrotron; uniform medium; E_iso=1e52 erg; Gamma0=300; theta_j=0.1 rad; n=1 cm^-3; epsilon_e=0.1; epsilon_B=1e-3; p=2.3; xi_e=0.1; z=0.1; d_L=1e26 cm; no spreading; no SSC; no reverse shock,observer time and frequency,1.00000000e+09,3.16227766e+04,flux_density_cgs,2.33576899e-25,1.00000000e+00,1.53846734e-01,broad-band broad-time FS synchrotron grid; ratios are assumption-audit diagnostics
fs_synch_common_minimum,ASGARD,4.2.1,local git 714d890e,broad-band top-hat on-axis forward-shock synchrotron; uniform medium; E_iso=1e52 erg; Gamma0=300; theta_j=0.1 rad; n=1 cm^-3; epsilon_e=0.1; epsilon_B=1e-3; p=2.3; xi_e=0.1; z=0.1; d_L=1e26 cm; no spreading; no SSC; no reverse shock,observer time and frequency,1.00000000e+09,1.00000000e+05,flux_density_cgs,2.79827131e-25,1.00000000e+00,1.53846734e-01,broad-band broad-time FS synchrotron grid; ratios are assumption-audit diagnostics
fs_synch_common_minimum,ASGARD,4.2.1,local git 714d890e,broad-band top-hat on-axis forward-shock synchrotron; uniform medium; E_iso=1e52 erg; Gamma0=300; theta_j=0.1 rad; n=1 cm^-3; epsilon_e=0.1; epsilon_B=1e-3; p=2.3; xi_e=0.1; z=0.1; d_L=1e26 cm; no spreading; no SSC; no reverse shock,observer time and frequency,1.00000000e+09,3.16227766e+05,flux_density_cgs,2.56769373e-25,1.00000000e+00,1.53846734e-01,broad-band broad-time FS synchrotron grid; ratios are assumption-audit diagnostics
fs_synch_common_minimum,ASGARD,4.2.1,local git 714d890e,broad-band top-hat on-axis forward-shock synchrotron; uniform medium; E_iso=1e52 erg; Gamma0=300; theta_j=0.1 rad; n=1 cm^-3; epsilon_e=0.1; epsilon_B=1e-3; p=2.3; xi_e=0.1; z=0.1; d_L=1e26 cm; no spreading; no SSC; no reverse shock,observer time and frequency,1.00000000e+09,1.00000000e+06,flux_density_cgs,2.33734964e-25,1.00000000e+00,1.53846734e-01,broad-band broad-time FS synchrotron grid; ratios are assumption-audit diagnostics
fs_synch_common_minimum,ASGARD,4.2.1,local git 714d890e,broad-band top-hat on-axis forward-shock synchrotron; uniform medium; E_iso=1e52 erg; Gamma0=300; theta_j=0.1 rad; n=1 cm^-3; epsilon_e=0.1; epsilon_B=1e-3; p=2.3; xi_e=0.1; z=0.1; d_L=1e26 cm; no spreading; no SSC; no reverse shock,observer time and frequency,1.00000000e+09,3.16227766e+06,flux_density_cgs,2.24391417e-25,1.00000000e+00,1.53846734e-01,broad-band broad-time FS synchrotron grid; ratios are assumption-audit diagnostics
fs_synch_common_minimum,ASGARD,4.2.1,local git 714d890e,broad-band top-hat on-axis forward-shock synchrotron; uniform medium; E_iso=1e52 erg; Gamma0=300; theta_j=0.1 rad; n=1 cm^-3; epsilon_e=0.1; epsilon_B=1e-3; p=2.3; xi_e=0.1; z=0.1; d_L=1e26 cm; no spreading; no SSC; no reverse shock,observer time and frequency,1.00000000e+09,1.00000000e+07,flux_density_cgs,1.68941850e-25,1.00000000e+00,1.53846734e-01,broad-band broad-time FS synchrotron grid; ratios are assumption-audit diagnostics
fs_synch_common_minimum,ASGARD,4.2.1,local git 714d890e,broad-band top-hat on-axis forward-shock synchrotron; uniform medium; E_iso=1e52 erg; Gamma0=300; theta_j=0.1 rad; n=1 cm^-3; epsilon_e=0.1; epsilon_B=1e-3; p=2.3; xi_e=0.1; z=0.1; d_L=1e26 cm; no spreading; no SSC; no reverse shock,observer time and frequency,1.00000000e+09,3.16227766e+07,flux_density_cgs,5.64337543e-26,1.00000000e+00,1.53846734e-01,broad-band broad-time FS synchrotron grid; ratios are assumption-audit diagnostics
fs_synch_common_minimum,ASGARD,4.2.1,local git 714d890e,broad-band top-hat on-axis forward-shock synchrotron; uniform medium; E_iso=1e52 erg; Gamma0=300; theta_j=0.1 rad; n=1 cm^-3; epsilon_e=0.1; epsilon_B=1e-3; p=2.3; xi_e=0.1; z=0.1; d_L=1e26 cm; no spreading; no SSC; no reverse shock,observer time and frequency,1.00000000e+09,1.00000000e+08,flux_density_cgs,1.35998778e-26,1.00000000e+00,1.53846734e-01,broad-band broad-time FS synchrotron grid; ratios are assumption-audit diagnostics
fs_synch_common_minimum,ASGARD,4.2.1,local git 714d890e,broad-band top-hat on-axis forward-shock synchrotron; uniform medium; E_iso=1e52 erg; Gamma0=300; theta_j=0.1 rad; n=1 cm^-3; epsilon_e=0.1; epsilon_B=1e-3; p=2.3; xi_e=0.1; z=0.1; d_L=1e26 cm; no spreading; no SSC; no reverse shock,observer time and frequency,1.00000000e+10,1.00000000e+00,flux_density_cgs,6.86766594e-30,1.00000000e+00,1.53846734e-01,broad-band broad-time FS synchrotron grid; ratios are assumption-audit diagnostics
fs_synch_common_minimum,ASGARD,4.2.1,local git 714d890e,broad-band top-hat on-axis forward-shock synchrotron; uniform medium; E_iso=1e52 erg; Gamma0=300; theta_j=0.1 rad; n=1 cm^-3; epsilon_e=0.1; epsilon_B=1e-3; p=2.3; xi_e=0.1; z=0.1; d_L=1e26 cm; no spreading; no SSC; no reverse shock,observer time and frequency,1.00000000e+10,3.16227766e+00,flux_density_cgs,2.53206538e-28,1.00000000e+00,1.53846734e-01,broad-band broad-time FS synchrotron grid; ratios are assumption-audit diagnostics
fs_synch_common_minimum,ASGARD,4.2.1,local git 714d890e,broad-band top-hat on-axis forward-shock synchrotron; uniform medium; E_iso=1e52 erg; Gamma0=300; theta_j=0.1 rad; n=1 cm^-3; epsilon_e=0.1; epsilon_B=1e-3; p=2.3; xi_e=0.1; z=0.1; d_L=1e26 cm; no spreading; no SSC; no reverse shock,observer time and frequency,1.00000000e+10,1.00000000e+01,flux_density_cgs,9.32106470e-27,1.00000000e+00,1.53846734e-01,broad-band broad-time FS synchrotron grid; ratios are assumption-audit diagnostics
fs_synch_common_minimum,ASGARD,4.2.1,local git 714d890e,broad-band top-hat on-axis forward-shock synchrotron; uniform medium; E_iso=1e52 erg; Gamma0=300; theta_j=0.1 rad; n=1 cm^-3; epsilon_e=0.1; epsilon_B=1e-3; p=2.3; xi_e=0.1; z=0.1; d_L=1e26 cm; no spreading; no SSC; no reverse shock,observer time and frequency,1.00000000e+10,3.16227766e+01,flux_density_cgs,4.08057947e-26,1.00000000e+00,1.53846734e-01,broad-band broad-time FS synchrotron grid; ratios are assumption-audit diagnostics
fs_synch_common_minimum,ASGARD,4.2.1,local git 714d890e,broad-band top-hat on-axis forward-shock synchrotron; uniform medium; E_iso=1e52 erg; Gamma0=300; theta_j=0.1 rad; n=1 cm^-3; epsilon_e=0.1; epsilon_B=1e-3; p=2.3; xi_e=0.1; z=0.1; d_L=1e26 cm; no spreading; no SSC; no reverse shock,observer time and frequency,1.00000000e+10,1.00000000e+02,flux_density_cgs,4.11865803e-26,1.00000000e+00,1.53846734e-01,broad-band broad-time FS synchrotron grid; ratios are assumption-audit diagnostics
fs_synch_common_minimum,ASGARD,4.2.1,local git 714d890e,broad-band top-hat on-axis forward-shock synchrotron; uniform medium; E_iso=1e52 erg; Gamma0=300; theta_j=0.1 rad; n=1 cm^-3; epsilon_e=0.1; epsilon_B=1e-3; p=2.3; xi_e=0.1; z=0.1; d_L=1e26 cm; no spreading; no SSC; no reverse shock,observer time and frequency,1.00000000e+10,3.16227766e+02,flux_density_cgs,7.07226278e-26,1.00000000e+00,1.53846734e-01,broad-band broad-time FS synchrotron grid; ratios are assumption-audit diagnostics
fs_synch_common_minimum,ASGARD,4.2.1,local git 714d890e,broad-band top-hat on-axis forward-shock synchrotron; uniform medium; E_iso=1e52 erg; Gamma0=300; theta_j=0.1 rad; n=1 cm^-3; epsilon_e=0.1; epsilon_B=1e-3; p=2.3; xi_e=0.1; z=0.1; d_L=1e26 cm; no spreading; no SSC; no reverse shock,observer time and frequency,1.00000000e+10,1.00000000e+03,flux_density_cgs,1.10045690e-25,1.00000000e+00,1.53846734e-01,broad-band broad-time FS synchrotron grid; ratios are assumption-audit diagnostics
fs_synch_common_minimum,ASGARD,4.2.1,local git 714d890e,broad-band top-hat on-axis forward-shock synchrotron; uniform medium; E_iso=1e52 erg; Gamma0=300; theta_j=0.1 rad; n=1 cm^-3; epsilon_e=0.1; epsilon_B=1e-3; p=2.3; xi_e=0.1; z=0.1; d_L=1e26 cm; no spreading; no SSC; no reverse shock,observer time and frequency,1.00000000e+10,3.16227766e+03,flux_density_cgs,1.78963898e-25,1.00000000e+00,1.53846734e-01,broad-band broad-time FS synchrotron grid; ratios are assumption-audit diagnostics
fs_synch_common_minimum,ASGARD,4.2.1,local git 714d890e,broad-band top-hat on-axis forward-shock synchrotron; uniform medium; E_iso=1e52 erg; Gamma0=300; theta_j=0.1 rad; n=1 cm^-3; epsilon_e=0.1; epsilon_B=1e-3; p=2.3; xi_e=0.1; z=0.1; d_L=1e26 cm; no spreading; no SSC; no reverse shock,observer time and frequency,1.00000000e+10,1.00000000e+04,flux_density_cgs,3.00644870e-25,1.00000000e+00,1.53846734e-01,broad-band broad-time FS synchrotron grid; ratios are assumption-audit diagnostics
fs_synch_common_minimum,ASGARD,4.2.1,local git 714d890e,broad-band top-hat on-axis forward-shock synchrotron; uniform medium; E_iso=1e52 erg; Gamma0=300; theta_j=0.1 rad; n=1 cm^-3; epsilon_e=0.1; epsilon_B=1e-3; p=2.3; xi_e=0.1; z=0.1; d_L=1e26 cm; no spreading; no SSC; no reverse shock,observer time and frequency,1.00000000e+10,3.16227766e+04,flux_density_cgs,5.04805282e-25,1.00000000e+00,1.53846734e-01,broad-band broad-time FS synchrotron grid; ratios are assumption-audit diagnostics
fs_synch_common_minimum,ASGARD,4.2.1,local git 714d890e,broad-band top-hat on-axis forward-shock synchrotron; uniform medium; E_iso=1e52 erg; Gamma0=300; theta_j=0.1 rad; n=1 cm^-3; epsilon_e=0.1; epsilon_B=1e-3; p=2.3; xi_e=0.1; z=0.1; d_L=1e26 cm; no spreading; no SSC; no reverse shock,observer time and frequency,1.00000000e+10,1.00000000e+05,flux_density_cgs,6.03169499e-25,1.00000000e+00,1.53846734e-01,broad-band broad-time FS synchrotron grid; ratios are assumption-audit diagnostics
fs_synch_common_minimum,ASGARD,4.2.1,local git 714d890e,broad-band top-hat on-axis forward-shock synchrotron; uniform medium; E_iso=1e52 erg; Gamma0=300; theta_j=0.1 rad; n=1 cm^-3; epsilon_e=0.1; epsilon_B=1e-3; p=2.3; xi_e=0.1; z=0.1; d_L=1e26 cm; no spreading; no SSC; no reverse shock,observer time and frequency,1.00000000e+10,3.16227766e+05,flux_density_cgs,5.43613819e-25,1.00000000e+00,1.53846734e-01,broad-band broad-time FS synchrotron grid; ratios are assumption-audit diagnostics
fs_synch_common_minimum,ASGARD,4.2.1,local git 714d890e,broad-band top-hat on-axis forward-shock synchrotron; uniform medium; E_iso=1e52 erg; Gamma0=300; theta_j=0.1 rad; n=1 cm^-3; epsilon_e=0.1; epsilon_B=1e-3; p=2.3; xi_e=0.1; z=0.1; d_L=1e26 cm; no spreading; no SSC; no reverse shock,observer time and frequency,1.00000000e+10,1.00000000e+06,flux_density_cgs,4.50723973e-25,1.00000000e+00,1.53846734e-01,broad-band broad-time FS synchrotron grid; ratios are assumption-audit diagnostics
fs_synch_common_minimum,ASGARD,4.2.1,local git 714d890e,broad-band top-hat on-axis forward-shock synchrotron; uniform medium; E_iso=1e52 erg; Gamma0=300; theta_j=0.1 rad; n=1 cm^-3; epsilon_e=0.1; epsilon_B=1e-3; p=2.3; xi_e=0.1; z=0.1; d_L=1e26 cm; no spreading; no SSC; no reverse shock,observer time and frequency,1.00000000e+10,3.16227766e+06,flux_density_cgs,2.77873594e-25,1.00000000e+00,1.53846734e-01,broad-band broad-time FS synchrotron grid; ratios are assumption-audit diagnostics
fs_synch_common_minimum,ASGARD,4.2.1,local git 714d890e,broad-band top-hat on-axis forward-shock synchrotron; uniform medium; E_iso=1e52 erg; Gamma0=300; theta_j=0.1 rad; n=1 cm^-3; epsilon_e=0.1; epsilon_B=1e-3; p=2.3; xi_e=0.1; z=0.1; d_L=1e26 cm; no spreading; no SSC; no reverse shock,observer time and frequency,1.00000000e+10,1.00000000e+07,flux_density_cgs,7.67541332e-26,1.00000000e+00,1.53846734e-01,broad-band broad-time FS synchrotron grid; ratios are assumption-audit diagnostics
fs_synch_common_minimum,ASGARD,4.2.1,local git 714d890e,broad-band top-hat on-axis forward-shock synchrotron; uniform medium; E_iso=1e52 erg; Gamma0=300; theta_j=0.1 rad; n=1 cm^-3; epsilon_e=0.1; epsilon_B=1e-3; p=2.3; xi_e=0.1; z=0.1; d_L=1e26 cm; no spreading; no SSC; no reverse shock,observer time and frequency,1.00000000e+10,3.16227766e+07,flux_density_cgs,1.53413386e-26,1.00000000e+00,1.53846734e-01,broad-band broad-time FS synchrotron grid; ratios are assumption-audit diagnostics
fs_synch_common_minimum,ASGARD,4.2.1,local git 714d890e,broad-band top-hat on-axis forward-shock synchrotron; uniform medium; E_iso=1e52 erg; Gamma0=300; theta_j=0.1 rad; n=1 cm^-3; epsilon_e=0.1; epsilon_B=1e-3; p=2.3; xi_e=0.1; z=0.1; d_L=1e26 cm; no spreading; no SSC; no reverse shock,observer time and frequency,1.00000000e+10,1.00000000e+08,flux_density_cgs,3.20111615e-27,1.00000000e+00,1.53846734e-01,broad-band broad-time FS synchrotron grid; ratios are assumption-audit diagnostics
fs_synch_common_minimum,ASGARD,4.2.1,local git 714d890e,broad-band top-hat on-axis forward-shock synchrotron; uniform medium; E_iso=1e52 erg; Gamma0=300; theta_j=0.1 rad; n=1 cm^-3; epsilon_e=0.1; epsilon_B=1e-3; p=2.3; xi_e=0.1; z=0.1; d_L=1e26 cm; no spreading; no SSC; no reverse shock,observer time and frequency,1.00000000e+12,1.00000000e+00,flux_density_cgs,3.18763179e-29,1.00000000e+00,1.53846734e-01,broad-band broad-time FS synchrotron grid; ratios are assumption-audit diagnostics
fs_synch_common_minimum,ASGARD,4.2.1,local git 714d890e,broad-band top-hat on-axis forward-shock synchrotron; uniform medium; E_iso=1e52 erg; Gamma0=300; theta_j=0.1 rad; n=1 cm^-3; epsilon_e=0.1; epsilon_B=1e-3; p=2.3; xi_e=0.1; z=0.1; d_L=1e26 cm; no spreading; no SSC; no reverse shock,observer time and frequency,1.00000000e+12,3.16227766e+00,flux_density_cgs,1.17528269e-27,1.00000000e+00,1.53846734e-01,broad-band broad-time FS synchrotron grid; ratios are assumption-audit diagnostics
fs_synch_common_minimum,ASGARD,4.2.1,local git 714d890e,broad-band top-hat on-axis forward-shock synchrotron; uniform medium; E_iso=1e52 erg; Gamma0=300; theta_j=0.1 rad; n=1 cm^-3; epsilon_e=0.1; epsilon_B=1e-3; p=2.3; xi_e=0.1; z=0.1; d_L=1e26 cm; no spreading; no SSC; no reverse shock,observer time and frequency,1.00000000e+12,1.00000000e+01,flux_density_cgs,4.32816714e-26,1.00000000e+00,1.53846734e-01,broad-band broad-time FS synchrotron grid; ratios are assumption-audit diagnostics
fs_synch_common_minimum,ASGARD,4.2.1,local git 714d890e,broad-band top-hat on-axis forward-shock synchrotron; uniform medium; E_iso=1e52 erg; Gamma0=300; theta_j=0.1 rad; n=1 cm^-3; epsilon_e=0.1; epsilon_B=1e-3; p=2.3; xi_e=0.1; z=0.1; d_L=1e26 cm; no spreading; no SSC; no reverse shock,observer time and frequency,1.00000000e+12,3.16227766e+01,flux_density_cgs,1.89506213e-25,1.00000000e+00,1.53846734e-01,broad-band broad-time FS synchrotron grid; ratios are assumption-audit diagnostics
fs_synch_common_minimum,ASGARD,4.2.1,local git 714d890e,broad-band top-hat on-axis forward-shock synchrotron; uniform medium; E_iso=1e52 erg; Gamma0=300; theta_j=0.1 rad; n=1 cm^-3; epsilon_e=0.1; epsilon_B=1e-3; p=2.3; xi_e=0.1; z=0.1; d_L=1e26 cm; no spreading; no SSC; no reverse shock,observer time and frequency,1.00000000e+12,1.00000000e+02,flux_density_cgs,1.91150335e-25,1.00000000e+00,1.53846734e-01,broad-band broad-time FS synchrotron grid; ratios are assumption-audit diagnostics
fs_synch_common_minimum,ASGARD,4.2.1,local git 714d890e,broad-band top-hat on-axis forward-shock synchrotron; uniform medium; E_iso=1e52 erg; Gamma0=300; theta_j=0.1 rad; n=1 cm^-3; epsilon_e=0.1; epsilon_B=1e-3; p=2.3; xi_e=0.1; z=0.1; d_L=1e26 cm; no spreading; no SSC; no reverse shock,observer time and frequency,1.00000000e+12,3.16227766e+02,flux_density_cgs,3.28027588e-25,1.00000000e+00,1.53846734e-01,broad-band broad-time FS synchrotron grid; ratios are assumption-audit diagnostics
fs_synch_common_minimum,ASGARD,4.2.1,local git 714d890e,broad-band top-hat on-axis forward-shock synchrotron; uniform medium; E_iso=1e52 erg; Gamma0=300; theta_j=0.1 rad; n=1 cm^-3; epsilon_e=0.1; epsilon_B=1e-3; p=2.3; xi_e=0.1; z=0.1; d_L=1e26 cm; no spreading; no SSC; no reverse shock,observer time and frequency,1.00000000e+12,1.00000000e+03,flux_density_cgs,5.09913765e-25,1.00000000e+00,1.53846734e-01,broad-band broad-time FS synchrotron grid; ratios are assumption-audit diagnostics
fs_synch_common_minimum,ASGARD,4.2.1,local git 714d890e,broad-band top-hat on-axis forward-shock synchrotron; uniform medium; E_iso=1e52 erg; Gamma0=300; theta_j=0.1 rad; n=1 cm^-3; epsilon_e=0.1; epsilon_B=1e-3; p=2.3; xi_e=0.1; z=0.1; d_L=1e26 cm; no spreading; no SSC; no reverse shock,observer time and frequency,1.00000000e+12,3.16227766e+03,flux_density_cgs,8.27278122e-25,1.00000000e+00,1.53846734e-01,broad-band broad-time FS synchrotron grid; ratios are assumption-audit diagnostics
fs_synch_common_minimum,ASGARD,4.2.1,local git 714d890e,broad-band top-hat on-axis forward-shock synchrotron; uniform medium; E_iso=1e52 erg; Gamma0=300; theta_j=0.1 rad; n=1 cm^-3; epsilon_e=0.1; epsilon_B=1e-3; p=2.3; xi_e=0.1; z=0.1; d_L=1e26 cm; no spreading; no SSC; no reverse shock,observer time and frequency,1.00000000e+12,1.00000000e+04,flux_density_cgs,1.37922082e-24,1.00000000e+00,1.53846734e-01,broad-band broad-time FS synchrotron grid; ratios are assumption-audit diagnostics
fs_synch_common_minimum,ASGARD,4.2.1,local git 714d890e,broad-band top-hat on-axis forward-shock synchrotron; uniform medium; E_iso=1e52 erg; Gamma0=300; theta_j=0.1 rad; n=1 cm^-3; epsilon_e=0.1; epsilon_B=1e-3; p=2.3; xi_e=0.1; z=0.1; d_L=1e26 cm; no spreading; no SSC; no reverse shock,observer time and frequency,1.00000000e+12,3.16227766e+04,flux_density_cgs,2.25179893e-24,1.00000000e+00,1.53846734e-01,broad-band broad-time FS synchrotron grid; ratios are assumption-audit diagnostics
fs_synch_common_minimum,ASGARD,4.2.1,local git 714d890e,broad-band top-hat on-axis forward-shock synchrotron; uniform medium; E_iso=1e52 erg; Gamma0=300; theta_j=0.1 rad; n=1 cm^-3; epsilon_e=0.1; epsilon_B=1e-3; p=2.3; xi_e=0.1; z=0.1; d_L=1e26 cm; no spreading; no SSC; no reverse shock,observer time and frequency,1.00000000e+12,1.00000000e+05,flux_density_cgs,2.34578924e-24,1.00000000e+00,1.53846734e-01,broad-band broad-time FS synchrotron grid; ratios are assumption-audit diagnostics
fs_synch_common_minimum,ASGARD,4.2.1,local git 714d890e,broad-band top-hat on-axis forward-shock synchrotron; uniform medium; E_iso=1e52 erg; Gamma0=300; theta_j=0.1 rad; n=1 cm^-3; epsilon_e=0.1; epsilon_B=1e-3; p=2.3; xi_e=0.1; z=0.1; d_L=1e26 cm; no spreading; no SSC; no reverse shock,observer time and frequency,1.00000000e+12,3.16227766e+05,flux_density_cgs,1.11958225e-24,1.00000000e+00,1.53846734e-01,broad-band broad-time FS synchrotron grid; ratios are assumption-audit diagnostics
fs_synch_common_minimum,ASGARD,4.2.1,local git 714d890e,broad-band top-hat on-axis forward-shock synchrotron; uniform medium; E_iso=1e52 erg; Gamma0=300; theta_j=0.1 rad; n=1 cm^-3; epsilon_e=0.1; epsilon_B=1e-3; p=2.3; xi_e=0.1; z=0.1; d_L=1e26 cm; no spreading; no SSC; no reverse shock,observer time and frequency,1.00000000e+12,1.00000000e+06,flux_density_cgs,2.09058085e-25,1.00000000e+00,1.53846734e-01,broad-band broad-time FS synchrotron grid; ratios are assumption-audit diagnostics
fs_synch_common_minimum,ASGARD,4.2.1,local git 714d890e,broad-band top-hat on-axis forward-shock synchrotron; uniform medium; E_iso=1e52 erg; Gamma0=300; theta_j=0.1 rad; n=1 cm^-3; epsilon_e=0.1; epsilon_B=1e-3; p=2.3; xi_e=0.1; z=0.1; d_L=1e26 cm; no spreading; no SSC; no reverse shock,observer time and frequency,1.00000000e+12,3.16227766e+06,flux_density_cgs,2.93481297e-26,1.00000000e+00,1.53846734e-01,broad-band broad-time FS synchrotron grid; ratios are assumption-audit diagnostics
fs_synch_common_minimum,ASGARD,4.2.1,local git 714d890e,broad-band top-hat on-axis forward-shock synchrotron; uniform medium; E_iso=1e52 erg; Gamma0=300; theta_j=0.1 rad; n=1 cm^-3; epsilon_e=0.1; epsilon_B=1e-3; p=2.3; xi_e=0.1; z=0.1; d_L=1e26 cm; no spreading; no SSC; no reverse shock,observer time and frequency,1.00000000e+12,1.00000000e+07,flux_density_cgs,4.42076502e-27,1.00000000e+00,1.53846734e-01,broad-band broad-time FS synchrotron grid; ratios are assumption-audit diagnostics
fs_synch_common_minimum,ASGARD,4.2.1,local git 714d890e,broad-band top-hat on-axis forward-shock synchrotron; uniform medium; E_iso=1e52 erg; Gamma0=300; theta_j=0.1 rad; n=1 cm^-3; epsilon_e=0.1; epsilon_B=1e-3; p=2.3; xi_e=0.1; z=0.1; d_L=1e26 cm; no spreading; no SSC; no reverse shock,observer time and frequency,1.00000000e+12,3.16227766e+07,flux_density_cgs,7.70809414e-28,1.00000000e+00,1.53846734e-01,broad-band broad-time FS synchrotron grid; ratios are assumption-audit diagnostics
fs_synch_common_minimum,ASGARD,4.2.1,local git 714d890e,broad-band top-hat on-axis forward-shock synchrotron; uniform medium; E_iso=1e52 erg; Gamma0=300; theta_j=0.1 rad; n=1 cm^-3; epsilon_e=0.1; epsilon_B=1e-3; p=2.3; xi_e=0.1; z=0.1; d_L=1e26 cm; no spreading; no SSC; no reverse shock,observer time and frequency,1.00000000e+12,1.00000000e+08,flux_density_cgs,1.54211269e-28,1.00000000e+00,1.53846734e-01,broad-band broad-time FS synchrotron grid; ratios are assumption-audit diagnostics
fs_synch_common_minimum,ASGARD,4.2.1,local git 714d890e,broad-band top-hat on-axis forward-shock synchrotron; uniform medium; E_iso=1e52 erg; Gamma0=300; theta_j=0.1 rad; n=1 cm^-3; epsilon_e=0.1; epsilon_B=1e-3; p=2.3; xi_e=0.1; z=0.1; d_L=1e26 cm; no spreading; no SSC; no reverse shock,observer time and frequency,1.00000000e+14,1.00000000e+00,flux_density_cgs,1.47864909e-28,1.00000000e+00,1.53846734e-01,broad-band broad-time FS synchrotron grid; ratios are assumption-audit diagnostics
fs_synch_common_minimum,ASGARD,4.2.1,local git 714d890e,broad-band top-hat on-axis forward-shock synchrotron; uniform medium; E_iso=1e52 erg; Gamma0=300; theta_j=0.1 rad; n=1 cm^-3; epsilon_e=0.1; epsilon_B=1e-3; p=2.3; xi_e=0.1; z=0.1; d_L=1e26 cm; no spreading; no SSC; no reverse shock,observer time and frequency,1.00000000e+14,3.16227766e+00,flux_density_cgs,5.44993405e-27,1.00000000e+00,1.53846734e-01,broad-band broad-time FS synchrotron grid; ratios are assumption-audit diagnostics
fs_synch_common_minimum,ASGARD,4.2.1,local git 714d890e,broad-band top-hat on-axis forward-shock synchrotron; uniform medium; E_iso=1e52 erg; Gamma0=300; theta_j=0.1 rad; n=1 cm^-3; epsilon_e=0.1; epsilon_B=1e-3; p=2.3; xi_e=0.1; z=0.1; d_L=1e26 cm; no spreading; no SSC; no reverse shock,observer time and frequency,1.00000000e+14,1.00000000e+01,flux_density_cgs,2.00479694e-25,1.00000000e+00,1.53846734e-01,broad-band broad-time FS synchrotron grid; ratios are assumption-audit diagnostics
fs_synch_common_minimum,ASGARD,4.2.1,local git 714d890e,broad-band top-hat on-axis forward-shock synchrotron; uniform medium; E_iso=1e52 erg; Gamma0=300; theta_j=0.1 rad; n=1 cm^-3; epsilon_e=0.1; epsilon_B=1e-3; p=2.3; xi_e=0.1; z=0.1; d_L=1e26 cm; no spreading; no SSC; no reverse shock,observer time and frequency,1.00000000e+14,3.16227766e+01,flux_density_cgs,8.74919255e-25,1.00000000e+00,1.53846734e-01,broad-band broad-time FS synchrotron grid; ratios are assumption-audit diagnostics
fs_synch_common_minimum,ASGARD,4.2.1,local git 714d890e,broad-band top-hat on-axis forward-shock synchrotron; uniform medium; E_iso=1e52 erg; Gamma0=300; theta_j=0.1 rad; n=1 cm^-3; epsilon_e=0.1; epsilon_B=1e-3; p=2.3; xi_e=0.1; z=0.1; d_L=1e26 cm; no spreading; no SSC; no reverse shock,observer time and frequency,1.00000000e+14,1.00000000e+02,flux_density_cgs,8.77637216e-25,1.00000000e+00,1.53846734e-01,broad-band broad-time FS synchrotron grid; ratios are assumption-audit diagnostics
fs_synch_common_minimum,ASGARD,4.2.1,local git 714d890e,broad-band top-hat on-axis forward-shock synchrotron; uniform medium; E_iso=1e52 erg; Gamma0=300; theta_j=0.1 rad; n=1 cm^-3; epsilon_e=0.1; epsilon_B=1e-3; p=2.3; xi_e=0.1; z=0.1; d_L=1e26 cm; no spreading; no SSC; no reverse shock,observer time and frequency,1.00000000e+14,3.16227766e+02,flux_density_cgs,1.49409315e-24,1.00000000e+00,1.53846734e-01,broad-band broad-time FS synchrotron grid; ratios are assumption-audit diagnostics
fs_synch_common_minimum,ASGARD,4.2.1,local git 714d890e,broad-band top-hat on-axis forward-shock synchrotron; uniform medium; E_iso=1e52 erg; Gamma0=300; theta_j=0.1 rad; n=1 cm^-3; epsilon_e=0.1; epsilon_B=1e-3; p=2.3; xi_e=0.1; z=0.1; d_L=1e26 cm; no spreading; no SSC; no reverse shock,observer time and frequency,1.00000000e+14,1.00000000e+03,flux_density_cgs,2.27435969e-24,1.00000000e+00,1.53846734e-01,broad-band broad-time FS synchrotron grid; ratios are assumption-audit diagnostics
fs_synch_common_minimum,ASGARD,4.2.1,local git 714d890e,broad-band top-hat on-axis forward-shock synchrotron; uniform medium; E_iso=1e52 erg; Gamma0=300; theta_j=0.1 rad; n=1 cm^-3; epsilon_e=0.1; epsilon_B=1e-3; p=2.3; xi_e=0.1; z=0.1; d_L=1e26 cm; no spreading; no SSC; no reverse shock,observer time and frequency,1.00000000e+14,3.16227766e+03,flux_density_cgs,3.46989302e-24,1.00000000e+00,1.53846734e-01,broad-band broad-time FS synchrotron grid; ratios are assumption-audit diagnostics
fs_synch_common_minimum,ASGARD,4.2.1,local git 714d890e,broad-band top-hat on-axis forward-shock synchrotron; uniform medium; E_iso=1e52 erg; Gamma0=300; theta_j=0.1 rad; n=1 cm^-3; epsilon_e=0.1; epsilon_B=1e-3; p=2.3; xi_e=0.1; z=0.1; d_L=1e26 cm; no spreading; no SSC; no reverse shock,observer time and frequency,1.00000000e+14,1.00000000e+04,flux_density_cgs,4.73015795e-24,1.00000000e+00,1.53846734e-01,broad-band broad-time FS synchrotron grid; ratios are assumption-audit diagnostics
fs_synch_common_minimum,ASGARD,4.2.1,local git 714d890e,broad-band top-hat on-axis forward-shock synchrotron; uniform medium; E_iso=1e52 erg; Gamma0=300; theta_j=0.1 rad; n=1 cm^-3; epsilon_e=0.1; epsilon_B=1e-3; p=2.3; xi_e=0.1; z=0.1; d_L=1e26 cm; no spreading; no SSC; no reverse shock,observer time and frequency,1.00000000e+14,3.16227766e+04,flux_density_cgs,4.07874834e-24,1.00000000e+00,1.53846734e-01,broad-band broad-time FS synchrotron grid; ratios are assumption-audit diagnostics
fs_synch_common_minimum,ASGARD,4.2.1,local git 714d890e,broad-band top-hat on-axis forward-shock synchrotron; uniform medium; E_iso=1e52 erg; Gamma0=300; theta_j=0.1 rad; n=1 cm^-3; epsilon_e=0.1; epsilon_B=1e-3; p=2.3; xi_e=0.1; z=0.1; d_L=1e26 cm; no spreading; no SSC; no reverse shock,observer time and frequency,1.00000000e+14,1.00000000e+05,flux_density_cgs,8.19590667e-25,1.00000000e+00,1.53846734e-01,broad-band broad-time FS synchrotron grid; ratios are assumption-audit diagnostics
fs_synch_common_minimum,ASGARD,4.2.1,local git 714d890e,broad-band top-hat on-axis forward-shock synchrotron; uniform medium; E_iso=1e52 erg; Gamma0=300; theta_j=0.1 rad; n=1 cm^-3; epsilon_e=0.1; epsilon_B=1e-3; p=2.3; xi_e=0.1; z=0.1; d_L=1e26 cm; no spreading; no SSC; no reverse shock,observer time and frequency,1.00000000e+14,3.16227766e+05,flux_density_cgs,8.79710877e-26,1.00000000e+00,1.53846734e-01,broad-band broad-time FS synchrotron grid; ratios are assumption-audit diagnostics
fs_synch_common_minimum,ASGARD,4.2.1,local git 714d890e,broad-band top-hat on-axis forward-shock synchrotron; uniform medium; E_iso=1e52 erg; Gamma0=300; theta_j=0.1 rad; n=1 cm^-3; epsilon_e=0.1; epsilon_B=1e-3; p=2.3; xi_e=0.1; z=0.1; d_L=1e26 cm; no spreading; no SSC; no reverse shock,observer time and frequency,1.00000000e+14,1.00000000e+06,flux_density_cgs,1.01221482e-26,1.00000000e+00,1.53846734e-01,broad-band broad-time FS synchrotron grid; ratios are assumption-audit diagnostics
fs_synch_common_minimum,ASGARD,4.2.1,local git 714d890e,broad-band top-hat on-axis forward-shock synchrotron; uniform medium; E_iso=1e52 erg; Gamma0=300; theta_j=0.1 rad; n=1 cm^-3; epsilon_e=0.1; epsilon_B=1e-3; p=2.3; xi_e=0.1; z=0.1; d_L=1e26 cm; no spreading; no SSC; no reverse shock,observer time and frequency,1.00000000e+14,3.16227766e+06,flux_density_cgs,1.29437287e-27,1.00000000e+00,1.53846734e-01,broad-band broad-time FS synchrotron grid; ratios are assumption-audit diagnostics
fs_synch_common_minimum,ASGARD,4.2.1,local git 714d890e,broad-band top-hat on-axis forward-shock synchrotron; uniform medium; E_iso=1e52 erg; Gamma0=300; theta_j=0.1 rad; n=1 cm^-3; epsilon_e=0.1; epsilon_B=1e-3; p=2.3; xi_e=0.1; z=0.1; d_L=1e26 cm; no spreading; no SSC; no reverse shock,observer time and frequency,1.00000000e+14,1.00000000e+07,flux_density_cgs,1.86131477e-28,1.00000000e+00,1.53846734e-01,broad-band broad-time FS synchrotron grid; ratios are assumption-audit diagnostics
fs_synch_common_minimum,ASGARD,4.2.1,local git 714d890e,broad-band top-hat on-axis forward-shock synchrotron; uniform medium; E_iso=1e52 erg; Gamma0=300; theta_j=0.1 rad; n=1 cm^-3; epsilon_e=0.1; epsilon_B=1e-3; p=2.3; xi_e=0.1; z=0.1; d_L=1e26 cm; no spreading; no SSC; no reverse shock,observer time and frequency,1.00000000e+14,3.16227766e+07,flux_density_cgs,3.07407816e-29,1.00000000e+00,1.53846734e-01,broad-band broad-time FS synchrotron grid; ratios are assumption-audit diagnostics
fs_synch_common_minimum,ASGARD,4.2.1,local git 714d890e,broad-band top-hat on-axis forward-shock synchrotron; uniform medium; E_iso=1e52 erg; Gamma0=300; theta_j=0.1 rad; n=1 cm^-3; epsilon_e=0.1; epsilon_B=1e-3; p=2.3; xi_e=0.1; z=0.1; d_L=1e26 cm; no spreading; no SSC; no reverse shock,observer time and frequency,1.00000000e+14,1.00000000e+08,flux_density_cgs,5.73577637e-30,1.00000000e+00,1.53846734e-01,broad-band broad-time FS synchrotron grid; ratios are assumption-audit diagnostics
fs_synch_common_minimum,ASGARD,4.2.1,local git 714d890e,broad-band top-hat on-axis forward-shock synchrotron; uniform medium; E_iso=1e52 erg; Gamma0=300; theta_j=0.1 rad; n=1 cm^-3; epsilon_e=0.1; epsilon_B=1e-3; p=2.3; xi_e=0.1; z=0.1; d_L=1e26 cm; no spreading; no SSC; no reverse shock,observer time and frequency,5.00000000e+14,1.00000000e+00,flux_density_cgs,2.52508897e-28,1.00000000e+00,1.53846734e-01,broad-band broad-time FS synchrotron grid; ratios are assumption-audit diagnostics
fs_synch_common_minimum,ASGARD,4.2.1,local git 714d890e,broad-band top-hat on-axis forward-shock synchrotron; uniform medium; E_iso=1e52 erg; Gamma0=300; theta_j=0.1 rad; n=1 cm^-3; epsilon_e=0.1; epsilon_B=1e-3; p=2.3; xi_e=0.1; z=0.1; d_L=1e26 cm; no spreading; no SSC; no reverse shock,observer time and frequency,5.00000000e+14,3.16227766e+00,flux_density_cgs,9.30150523e-27,1.00000000e+00,1.53846734e-01,broad-band broad-time FS synchrotron grid; ratios are assumption-audit diagnostics
fs_synch_common_minimum,ASGARD,4.2.1,local git 714d890e,broad-band top-hat on-axis forward-shock synchrotron; uniform medium; E_iso=1e52 erg; Gamma0=300; theta_j=0.1 rad; n=1 cm^-3; epsilon_e=0.1; epsilon_B=1e-3; p=2.3; xi_e=0.1; z=0.1; d_L=1e26 cm; no spreading; no SSC; no reverse shock,observer time and frequency,5.00000000e+14,1.00000000e+01,flux_density_cgs,3.41375587e-25,1.00000000e+00,1.53846734e-01,broad-band broad-time FS synchrotron grid; ratios are assumption-audit diagnostics
fs_synch_common_minimum,ASGARD,4.2.1,local git 714d890e,broad-band top-hat on-axis forward-shock synchrotron; uniform medium; E_iso=1e52 erg; Gamma0=300; theta_j=0.1 rad; n=1 cm^-3; epsilon_e=0.1; epsilon_B=1e-3; p=2.3; xi_e=0.1; z=0.1; d_L=1e26 cm; no spreading; no SSC; no reverse shock,observer time and frequency,5.00000000e+14,3.16227766e+01,flux_density_cgs,1.48090510e-24,1.00000000e+00,1.53846734e-01,broad-band broad-time FS synchrotron grid; ratios are assumption-audit diagnostics
fs_synch_common_minimum,ASGARD,4.2.1,local git 714d890e,broad-band top-hat on-axis forward-shock synchrotron; uniform medium; E_iso=1e52 erg; Gamma0=300; theta_j=0.1 rad; n=1 cm^-3; epsilon_e=0.1; epsilon_B=1e-3; p=2.3; xi_e=0.1; z=0.1; d_L=1e26 cm; no spreading; no SSC; no reverse shock,observer time and frequency,5.00000000e+14,1.00000000e+02,flux_density_cgs,1.47005457e-24,1.00000000e+00,1.53846734e-01,broad-band broad-time FS synchrotron grid; ratios are assumption-audit diagnostics
fs_synch_common_minimum,ASGARD,4.2.1,local git 714d890e,broad-band top-hat on-axis forward-shock synchrotron; uniform medium; E_iso=1e52 erg; Gamma0=300; theta_j=0.1 rad; n=1 cm^-3; epsilon_e=0.1; epsilon_B=1e-3; p=2.3; xi_e=0.1; z=0.1; d_L=1e26 cm; no spreading; no SSC; no reverse shock,observer time and frequency,5.00000000e+14,3.16227766e+02,flux_density_cgs,2.46270950e-24,1.00000000e+00,1.53846734e-01,broad-band broad-time FS synchrotron grid; ratios are assumption-audit diagnostics
fs_synch_common_minimum,ASGARD,4.2.1,local git 714d890e,broad-band top-hat on-axis forward-shock synchrotron; uniform medium; E_iso=1e52 erg; Gamma0=300; theta_j=0.1 rad; n=1 cm^-3; epsilon_e=0.1; epsilon_B=1e-3; p=2.3; xi_e=0.1; z=0.1; d_L=1e26 cm; no spreading; no SSC; no reverse shock,observer time and frequency,5.00000000e+14,1.00000000e+03,flux_density_cgs,3.59286416e-24,1.00000000e+00,1.53846734e-01,broad-band broad-time FS synchrotron grid; ratios are assumption-audit diagnostics
fs_synch_common_minimum,ASGARD,4.2.1,local git 714d890e,broad-band top-hat on-axis forward-shock synchrotron; uniform medium; E_iso=1e52 erg; Gamma0=300; theta_j=0.1 rad; n=1 cm^-3; epsilon_e=0.1; epsilon_B=1e-3; p=2.3; xi_e=0.1; z=0.1; d_L=1e26 cm; no spreading; no SSC; no reverse shock,observer time and frequency,5.00000000e+14,3.16227766e+03,flux_density_cgs,4.82798088e-24,1.00000000e+00,1.53846734e-01,broad-band broad-time FS synchrotron grid; ratios are assumption-audit diagnostics
fs_synch_common_minimum,ASGARD,4.2.1,local git 714d890e,broad-band top-hat on-axis forward-shock synchrotron; uniform medium; E_iso=1e52 erg; Gamma0=300; theta_j=0.1 rad; n=1 cm^-3; epsilon_e=0.1; epsilon_B=1e-3; p=2.3; xi_e=0.1; z=0.1; d_L=1e26 cm; no spreading; no SSC; no reverse shock,observer time and frequency,5.00000000e+14,1.00000000e+04,flux_density_cgs,4.53049029e-24,1.00000000e+00,1.53846734e-01,broad-band broad-time FS synchrotron grid; ratios are assumption-audit diagnostics
fs_synch_common_minimum,ASGARD,4.2.1,local git 714d890e,broad-band top-hat on-axis forward-shock synchrotron; uniform medium; E_iso=1e52 erg; Gamma0=300; theta_j=0.1 rad; n=1 cm^-3; epsilon_e=0.1; epsilon_B=1e-3; p=2.3; xi_e=0.1; z=0.1; d_L=1e26 cm; no spreading; no SSC; no reverse shock,observer time and frequency,5.00000000e+14,3.16227766e+04,flux_density_cgs,2.11764534e-24,1.00000000e+00,1.53846734e-01,broad-band broad-time FS synchrotron grid; ratios are assumption-audit diagnostics
fs_synch_common_minimum,ASGARD,4.2.1,local git 714d890e,broad-band top-hat on-axis forward-shock synchrotron; uniform medium; E_iso=1e52 erg; Gamma0=300; theta_j=0.1 rad; n=1 cm^-3; epsilon_e=0.1; epsilon_B=1e-3; p=2.3; xi_e=0.1; z=0.1; d_L=1e26 cm; no spreading; no SSC; no reverse shock,observer time and frequency,5.00000000e+14,1.00000000e+05,flux_density_cgs,2.75677741e-25,1.00000000e+00,1.53846734e-01,broad-band broad-time FS synchrotron grid; ratios are assumption-audit diagnostics
fs_synch_common_minimum,ASGARD,4.2.1,local git 714d890e,broad-band top-hat on-axis forward-shock synchrotron; uniform medium; E_iso=1e52 erg; Gamma0=300; theta_j=0.1 rad; n=1 cm^-3; epsilon_e=0.1; epsilon_B=1e-3; p=2.3; xi_e=0.1; z=0.1; d_L=1e26 cm; no spreading; no SSC; no reverse shock,observer time and frequency,5.00000000e+14,3.16227766e+05,flux_density_cgs,2.82774058e-26,1.00000000e+00,1.53846734e-01,broad-band broad-time FS synchrotron grid; ratios are assumption-audit diagnostics
fs_synch_common_minimum,ASGARD,4.2.1,local git 714d890e,broad-band top-hat on-axis forward-shock synchrotron; uniform medium; E_iso=1e52 erg; Gamma0=300; theta_j=0.1 rad; n=1 cm^-3; epsilon_e=0.1; epsilon_B=1e-3; p=2.3; xi_e=0.1; z=0.1; d_L=1e26 cm; no spreading; no SSC; no reverse shock,observer time and frequency,5.00000000e+14,1.00000000e+06,flux_density_cgs,3.17437553e-27,1.00000000e+00,1.53846734e-01,broad-band broad-time FS synchrotron grid; ratios are assumption-audit diagnostics
fs_synch_common_minimum,ASGARD,4.2.1,local git 714d890e,broad-band top-hat on-axis forward-shock synchrotron; uniform medium; E_iso=1e52 erg; Gamma0=300; theta_j=0.1 rad; n=1 cm^-3; epsilon_e=0.1; epsilon_B=1e-3; p=2.3; xi_e=0.1; z=0.1; d_L=1e26 cm; no spreading; no SSC; no reverse shock,observer time and frequency,5.00000000e+14,3.16227766e+06,flux_density_cgs,3.95687517e-28,1.00000000e+00,1.53846734e-01,broad-band broad-time FS synchrotron grid; ratios are assumption-audit diagnostics
fs_synch_common_minimum,ASGARD,4.2.1,local git 714d890e,broad-band top-hat on-axis forward-shock synchrotron; uniform medium; E_iso=1e52 erg; Gamma0=300; theta_j=0.1 rad; n=1 cm^-3; epsilon_e=0.1; epsilon_B=1e-3; p=2.3; xi_e=0.1; z=0.1; d_L=1e26 cm; no spreading; no SSC; no reverse shock,observer time and frequency,5.00000000e+14,1.00000000e+07,flux_density_cgs,5.49394709e-29,1.00000000e+00,1.53846734e-01,broad-band broad-time FS synchrotron grid; ratios are assumption-audit diagnostics
fs_synch_common_minimum,ASGARD,4.2.1,local git 714d890e,broad-band top-hat on-axis forward-shock synchrotron; uniform medium; E_iso=1e52 erg; Gamma0=300; theta_j=0.1 rad; n=1 cm^-3; epsilon_e=0.1; epsilon_B=1e-3; p=2.3; xi_e=0.1; z=0.1; d_L=1e26 cm; no spreading; no SSC; no reverse shock,observer time and frequency,5.00000000e+14,3.16227766e+07,flux_density_cgs,8.72852773e-30,1.00000000e+00,1.53846734e-01,broad-band broad-time FS synchrotron grid; ratios are assumption-audit diagnostics
fs_synch_common_minimum,ASGARD,4.2.1,local git 714d890e,broad-band top-hat on-axis forward-shock synchrotron; uniform medium; E_iso=1e52 erg; Gamma0=300; theta_j=0.1 rad; n=1 cm^-3; epsilon_e=0.1; epsilon_B=1e-3; p=2.3; xi_e=0.1; z=0.1; d_L=1e26 cm; no spreading; no SSC; no reverse shock,observer time and frequency,5.00000000e+14,1.00000000e+08,flux_density_cgs,1.55274636e-30,1.00000000e+00,1.53846734e-01,broad-band broad-time FS synchrotron grid; ratios are assumption-audit diagnostics
fs_synch_common_minimum,ASGARD,4.2.1,local git 714d890e,broad-band top-hat on-axis forward-shock synchrotron; uniform medium; E_iso=1e52 erg; Gamma0=300; theta_j=0.1 rad; n=1 cm^-3; epsilon_e=0.1; epsilon_B=1e-3; p=2.3; xi_e=0.1; z=0.1; d_L=1e26 cm; no spreading; no SSC; no reverse shock,observer time and frequency,1.00000000e+17,1.00000000e+00,flux_density_cgs,1.40494900e-27,1.00000000e+00,1.53846734e-01,broad-band broad-time FS synchrotron grid; ratios are assumption-audit diagnostics
fs_synch_common_minimum,ASGARD,4.2.1,local git 714d890e,broad-band top-hat on-axis forward-shock synchrotron; uniform medium; E_iso=1e52 erg; Gamma0=300; theta_j=0.1 rad; n=1 cm^-3; epsilon_e=0.1; epsilon_B=1e-3; p=2.3; xi_e=0.1; z=0.1; d_L=1e26 cm; no spreading; no SSC; no reverse shock,observer time and frequency,1.00000000e+17,3.16227766e+00,flux_density_cgs,5.04981045e-26,1.00000000e+00,1.53846734e-01,broad-band broad-time FS synchrotron grid; ratios are assumption-audit diagnostics
fs_synch_common_minimum,ASGARD,4.2.1,local git 714d890e,broad-band top-hat on-axis forward-shock synchrotron; uniform medium; E_iso=1e52 erg; Gamma0=300; theta_j=0.1 rad; n=1 cm^-3; epsilon_e=0.1; epsilon_B=1e-3; p=2.3; xi_e=0.1; z=0.1; d_L=1e26 cm; no spreading; no SSC; no reverse shock,observer time and frequency,1.00000000e+17,1.00000000e+01,flux_density_cgs,1.69683931e-24,1.00000000e+00,1.53846734e-01,broad-band broad-time FS synchrotron grid; ratios are assumption-audit diagnostics
fs_synch_common_minimum,ASGARD,4.2.1,local git 714d890e,broad-band top-hat on-axis forward-shock synchrotron; uniform medium; E_iso=1e52 erg; Gamma0=300; theta_j=0.1 rad; n=1 cm^-3; epsilon_e=0.1; epsilon_B=1e-3; p=2.3; xi_e=0.1; z=0.1; d_L=1e26 cm; no spreading; no SSC; no reverse shock,observer time and frequency,1.00000000e+17,3.16227766e+01,flux_density_cgs,6.11898496e-24,1.00000000e+00,1.53846734e-01,broad-band broad-time FS synchrotron grid; ratios are assumption-audit diagnostics
fs_synch_common_minimum,ASGARD,4.2.1,local git 714d890e,broad-band top-hat on-axis forward-shock synchrotron; uniform medium; E_iso=1e52 erg; Gamma0=300; theta_j=0.1 rad; n=1 cm^-3; epsilon_e=0.1; epsilon_B=1e-3; p=2.3; xi_e=0.1; z=0.1; d_L=1e26 cm; no spreading; no SSC; no reverse shock,observer time and frequency,1.00000000e+17,1.00000000e+02,flux_density_cgs,4.34441440e-24,1.00000000e+00,1.53846734e-01,broad-band broad-time FS synchrotron grid; ratios are assumption-audit diagnostics
fs_synch_common_minimum,ASGARD,4.2.1,local git 714d890e,broad-band top-hat on-axis forward-shock synchrotron; uniform medium; E_iso=1e52 erg; Gamma0=300; theta_j=0.1 rad; n=1 cm^-3; epsilon_e=0.1; epsilon_B=1e-3; p=2.3; xi_e=0.1; z=0.1; d_L=1e26 cm; no spreading; no SSC; no reverse shock,observer time and frequency,1.00000000e+17,3.16227766e+02,flux_density_cgs,4.14639878e-24,1.00000000e+00,1.53846734e-01,broad-band broad-time FS synchrotron grid; ratios are assumption-audit diagnostics
fs_synch_common_minimum,ASGARD,4.2.1,local git 714d890e,broad-band top-hat on-axis forward-shock synchrotron; uniform medium; E_iso=1e52 erg; Gamma0=300; theta_j=0.1 rad; n=1 cm^-3; epsilon_e=0.1; epsilon_B=1e-3; p=2.3; xi_e=0.1; z=0.1; d_L=1e26 cm; no spreading; no SSC; no reverse shock,observer time and frequency,1.00000000e+17,1.00000000e+03,flux_density_cgs,1.82856010e-24,1.00000000e+00,1.53846734e-01,broad-band broad-time FS synchrotron grid; ratios are assumption-audit diagnostics
fs_synch_common_minimum,ASGARD,4.2.1,local git 714d890e,broad-band top-hat on-axis forward-shock synchrotron; uniform medium; E_iso=1e52 erg; Gamma0=300; theta_j=0.1 rad; n=1 cm^-3; epsilon_e=0.1; epsilon_B=1e-3; p=2.3; xi_e=0.1; z=0.1; d_L=1e26 cm; no spreading; no SSC; no reverse shock,observer time and frequency,1.00000000e+17,3.16227766e+03,flux_density_cgs,5.66868970e-25,1.00000000e+00,1.53846734e-01,broad-band broad-time FS synchrotron grid; ratios are assumption-audit diagnostics
fs_synch_common_minimum,ASGARD,4.2.1,local git 714d890e,broad-band top-hat on-axis forward-shock synchrotron; uniform medium; E_iso=1e52 erg; Gamma0=300; theta_j=0.1 rad; n=1 cm^-3; epsilon_e=0.1; epsilon_B=1e-3; p=2.3; xi_e=0.1; z=0.1; d_L=1e26 cm; no spreading; no SSC; no reverse shock,observer time and frequency,1.00000000e+17,1.00000000e+04,flux_density_cgs,1.57911004e-25,1.00000000e+00,1.53846734e-01,broad-band broad-time FS synchrotron grid; ratios are assumption-audit diagnostics
fs_synch_common_minimum,ASGARD,4.2.1,local git 714d890e,broad-band top-hat on-axis forward-shock synchrotron; uniform medium; E_iso=1e52 erg; Gamma0=300; theta_j=0.1 rad; n=1 cm^-3; epsilon_e=0.1; epsilon_B=1e-3; p=2.3; xi_e=0.1; z=0.1; d_L=1e26 cm; no spreading; no SSC; no reverse shock,observer time and frequency,1.00000000e+17,3.16227766e+04,flux_density_cgs,3.69818269e-26,1.00000000e+00,1.53846734e-01,broad-band broad-time FS synchrotron grid; ratios are assumption-audit diagnostics
fs_synch_common_minimum,ASGARD,4.2.1,local git 714d890e,broad-band top-hat on-axis forward-shock synchrotron; uniform medium; E_iso=1e52 erg; Gamma0=300; theta_j=0.1 rad; n=1 cm^-3; epsilon_e=0.1; epsilon_B=1e-3; p=2.3; xi_e=0.1; z=0.1; d_L=1e26 cm; no spreading; no SSC; no reverse shock,observer time and frequency,1.00000000e+17,1.00000000e+05,flux_density_cgs,3.84878302e-27,1.00000000e+00,1.53846734e-01,broad-band broad-time FS synchrotron grid; ratios are assumption-audit diagnostics
fs_synch_common_minimum,ASGARD,4.2.1,local git 714d890e,broad-band top-hat on-axis forward-shock synchrotron; uniform medium; E_iso=1e52 erg; Gamma0=300; theta_j=0.1 rad; n=1 cm^-3; epsilon_e=0.1; epsilon_B=1e-3; p=2.3; xi_e=0.1; z=0.1; d_L=1e26 cm; no spreading; no SSC; no reverse shock,observer time and frequency,1.00000000e+17,3.16227766e+05,flux_density_cgs,3.43635809e-28,1.00000000e+00,1.53846734e-01,broad-band broad-time FS synchrotron grid; ratios are assumption-audit diagnostics
fs_synch_common_minimum,ASGARD,4.2.1,local git 714d890e,broad-band top-hat on-axis forward-shock synchrotron; uniform medium; E_iso=1e52 erg; Gamma0=300; theta_j=0.1 rad; n=1 cm^-3; epsilon_e=0.1; epsilon_B=1e-3; p=2.3; xi_e=0.1; z=0.1; d_L=1e26 cm; no spreading; no SSC; no reverse shock,observer time and frequency,1.00000000e+17,1.00000000e+06,flux_density_cgs,3.36730962e-29,1.00000000e+00,1.53846734e-01,broad-band broad-time FS synchrotron grid; ratios are assumption-audit diagnostics
fs_synch_common_minimum,ASGARD,4.2.1,local git 714d890e,broad-band top-hat on-axis forward-shock synchrotron; uniform medium; E_iso=1e52 erg; Gamma0=300; theta_j=0.1 rad; n=1 cm^-3; epsilon_e=0.1; epsilon_B=1e-3; p=2.3; xi_e=0.1; z=0.1; d_L=1e26 cm; no spreading; no SSC; no reverse shock,observer time and frequency,1.00000000e+17,3.16227766e+06,flux_density_cgs,3.62203864e-30,1.00000000e+00,1.53846734e-01,broad-band broad-time FS synchrotron grid; ratios are assumption-audit diagnostics
fs_synch_common_minimum,ASGARD,4.2.1,local git 714d890e,broad-band top-hat on-axis forward-shock synchrotron; uniform medium; E_iso=1e52 erg; Gamma0=300; theta_j=0.1 rad; n=1 cm^-3; epsilon_e=0.1; epsilon_B=1e-3; p=2.3; xi_e=0.1; z=0.1; d_L=1e26 cm; no spreading; no SSC; no reverse shock,observer time and frequency,1.00000000e+17,1.00000000e+07,flux_density_cgs,4.30461259e-31,1.00000000e+00,1.53846734e-01,broad-band broad-time FS synchrotron grid; ratios are assumption-audit diagnostics
fs_synch_common_minimum,ASGARD,4.2.1,local git 714d890e,broad-band top-hat on-axis forward-shock synchrotron; uniform medium; E_iso=1e52 erg; Gamma0=300; theta_j=0.1 rad; n=1 cm^-3; epsilon_e=0.1; epsilon_B=1e-3; p=2.3; xi_e=0.1; z=0.1; d_L=1e26 cm; no spreading; no SSC; no reverse shock,observer time and frequency,1.00000000e+17,3.16227766e+07,flux_density_cgs,5.75361187e-32,1.00000000e+00,1.53846734e-01,broad-band broad-time FS synchrotron grid; ratios are assumption-audit diagnostics
fs_synch_common_minimum,ASGARD,4.2.1,local git 714d890e,broad-band top-hat on-axis forward-shock synchrotron; uniform medium; E_iso=1e52 erg; Gamma0=300; theta_j=0.1 rad; n=1 cm^-3; epsilon_e=0.1; epsilon_B=1e-3; p=2.3; xi_e=0.1; z=0.1; d_L=1e26 cm; no spreading; no SSC; no reverse shock,observer time and frequency,1.00000000e+17,1.00000000e+08,flux_density_cgs,8.79851174e-33,1.00000000e+00,1.53846734e-01,broad-band broad-time FS synchrotron grid; ratios are assumption-audit diagnostics
fs_synch_common_minimum,ASGARD,4.2.1,local git 714d890e,broad-band top-hat on-axis forward-shock synchrotron; uniform medium; E_iso=1e52 erg; Gamma0=300; theta_j=0.1 rad; n=1 cm^-3; epsilon_e=0.1; epsilon_B=1e-3; p=2.3; xi_e=0.1; z=0.1; d_L=1e26 cm; no spreading; no SSC; no reverse shock,observer time and frequency,1.00000000e+18,1.00000000e+00,flux_density_cgs,2.64198721e-27,1.00000000e+00,1.53846734e-01,broad-band broad-time FS synchrotron grid; ratios are assumption-audit diagnostics
fs_synch_common_minimum,ASGARD,4.2.1,local git 714d890e,broad-band top-hat on-axis forward-shock synchrotron; uniform medium; E_iso=1e52 erg; Gamma0=300; theta_j=0.1 rad; n=1 cm^-3; epsilon_e=0.1; epsilon_B=1e-3; p=2.3; xi_e=0.1; z=0.1; d_L=1e26 cm; no spreading; no SSC; no reverse shock,observer time and frequency,1.00000000e+18,3.16227766e+00,flux_density_cgs,8.89836560e-26,1.00000000e+00,1.53846734e-01,broad-band broad-time FS synchrotron grid; ratios are assumption-audit diagnostics
fs_synch_common_minimum,ASGARD,4.2.1,local git 714d890e,broad-band top-hat on-axis forward-shock synchrotron; uniform medium; E_iso=1e52 erg; Gamma0=300; theta_j=0.1 rad; n=1 cm^-3; epsilon_e=0.1; epsilon_B=1e-3; p=2.3; xi_e=0.1; z=0.1; d_L=1e26 cm; no spreading; no SSC; no reverse shock,observer time and frequency,1.00000000e+18,1.00000000e+01,flux_density_cgs,2.48189959e-24,1.00000000e+00,1.53846734e-01,broad-band broad-time FS synchrotron grid; ratios are assumption-audit diagnostics
fs_synch_common_minimum,ASGARD,4.2.1,local git 714d890e,broad-band top-hat on-axis forward-shock synchrotron; uniform medium; E_iso=1e52 erg; Gamma0=300; theta_j=0.1 rad; n=1 cm^-3; epsilon_e=0.1; epsilon_B=1e-3; p=2.3; xi_e=0.1; z=0.1; d_L=1e26 cm; no spreading; no SSC; no reverse shock,observer time and frequency,1.00000000e+18,3.16227766e+01,flux_density_cgs,6.15962429e-24,1.00000000e+00,1.53846734e-01,broad-band broad-time FS synchrotron grid; ratios are assumption-audit diagnostics
fs_synch_common_minimum,ASGARD,4.2.1,local git 714d890e,broad-band top-hat on-axis forward-shock synchrotron; uniform medium; E_iso=1e52 erg; Gamma0=300; theta_j=0.1 rad; n=1 cm^-3; epsilon_e=0.1; epsilon_B=1e-3; p=2.3; xi_e=0.1; z=0.1; d_L=1e26 cm; no spreading; no SSC; no reverse shock,observer time and frequency,1.00000000e+18,1.00000000e+02,flux_density_cgs,2.02088285e-24,1.00000000e+00,1.53846734e-01,broad-band broad-time FS synchrotron grid; ratios are assumption-audit diagnostics
fs_synch_common_minimum,ASGARD,4.2.1,local git 714d890e,broad-band top-hat on-axis forward-shock synchrotron; uniform medium; E_iso=1e52 erg; Gamma0=300; theta_j=0.1 rad; n=1 cm^-3; epsilon_e=0.1; epsilon_B=1e-3; p=2.3; xi_e=0.1; z=0.1; d_L=1e26 cm; no spreading; no SSC; no reverse shock,observer time and frequency,1.00000000e+18,3.16227766e+02,flux_density_cgs,9.34632433e-25,1.00000000e+00,1.53846734e-01,broad-band broad-time FS synchrotron grid; ratios are assumption-audit diagnostics
fs_synch_common_minimum,ASGARD,4.2.1,local git 714d890e,broad-band top-hat on-axis forward-shock synchrotron; uniform medium; E_iso=1e52 erg; Gamma0=300; theta_j=0.1 rad; n=1 cm^-3; epsilon_e=0.1; epsilon_B=1e-3; p=2.3; xi_e=0.1; z=0.1; d_L=1e26 cm; no spreading; no SSC; no reverse shock,observer time and frequency,1.00000000e+18,1.00000000e+03,flux_density_cgs,2.64017676e-25,1.00000000e+00,1.53846734e-01,broad-band broad-time FS synchrotron grid; ratios are assumption-audit diagnostics
fs_synch_common_minimum,ASGARD,4.2.1,local git 714d890e,broad-band top-hat on-axis forward-shock synchrotron; uniform medium; E_iso=1e52 erg; Gamma0=300; theta_j=0.1 rad; n=1 cm^-3; epsilon_e=0.1; epsilon_B=1e-3; p=2.3; xi_e=0.1; z=0.1; d_L=1e26 cm; no spreading; no SSC; no reverse shock,observer time and frequency,1.00000000e+18,3.16227766e+03,flux_density_cgs,7.06472776e-26,1.00000000e+00,1.53846734e-01,broad-band broad-time FS synchrotron grid; ratios are assumption-audit diagnostics
fs_synch_common_minimum,ASGARD,4.2.1,local git 714d890e,broad-band top-hat on-axis forward-shock synchrotron; uniform medium; E_iso=1e52 erg; Gamma0=300; theta_j=0.1 rad; n=1 cm^-3; epsilon_e=0.1; epsilon_B=1e-3; p=2.3; xi_e=0.1; z=0.1; d_L=1e26 cm; no spreading; no SSC; no reverse shock,observer time and frequency,1.00000000e+18,1.00000000e+04,flux_density_cgs,1.82587331e-26,1.00000000e+00,1.53846734e-01,broad-band broad-time FS synchrotron grid; ratios are assumption-audit diagnostics
fs_synch_common_minimum,ASGARD,4.2.1,local git 714d890e,broad-band top-hat on-axis forward-shock synchrotron; uniform medium; E_iso=1e52 erg; Gamma0=300; theta_j=0.1 rad; n=1 cm^-3; epsilon_e=0.1; epsilon_B=1e-3; p=2.3; xi_e=0.1; z=0.1; d_L=1e26 cm; no spreading; no SSC; no reverse shock,observer time and frequency,1.00000000e+18,3.16227766e+04,flux_density_cgs,4.01009527e-27,1.00000000e+00,1.53846734e-01,broad-band broad-time FS synchrotron grid; ratios are assumption-audit diagnostics
fs_synch_common_minimum,ASGARD,4.2.1,local git 714d890e,broad-band top-hat on-axis forward-shock synchrotron; uniform medium; E_iso=1e52 erg; Gamma0=300; theta_j=0.1 rad; n=1 cm^-3; epsilon_e=0.1; epsilon_B=1e-3; p=2.3; xi_e=0.1; z=0.1; d_L=1e26 cm; no spreading; no SSC; no reverse shock,observer time and frequency,1.00000000e+18,1.00000000e+05,flux_density_cgs,3.93123677e-28,1.00000000e+00,1.53846734e-01,broad-band broad-time FS synchrotron grid; ratios are assumption-audit diagnostics
fs_synch_common_minimum,ASGARD,4.2.1,local git 714d890e,broad-band top-hat on-axis forward-shock synchrotron; uniform medium; E_iso=1e52 erg; Gamma0=300; theta_j=0.1 rad; n=1 cm^-3; epsilon_e=0.1; epsilon_B=1e-3; p=2.3; xi_e=0.1; z=0.1; d_L=1e26 cm; no spreading; no SSC; no reverse shock,observer time and frequency,1.00000000e+18,3.16227766e+05,flux_density_cgs,3.31651110e-29,1.00000000e+00,1.53846734e-01,broad-band broad-time FS synchrotron grid; ratios are assumption-audit diagnostics
fs_synch_common_minimum,ASGARD,4.2.1,local git 714d890e,broad-band top-hat on-axis forward-shock synchrotron; uniform medium; E_iso=1e52 erg; Gamma0=300; theta_j=0.1 rad; n=1 cm^-3; epsilon_e=0.1; epsilon_B=1e-3; p=2.3; xi_e=0.1; z=0.1; d_L=1e26 cm; no spreading; no SSC; no reverse shock,observer time and frequency,1.00000000e+18,1.00000000e+06,flux_density_cgs,3.07970396e-30,1.00000000e+00,1.53846734e-01,broad-band broad-time FS synchrotron grid; ratios are assumption-audit diagnostics
fs_synch_common_minimum,ASGARD,4.2.1,local git 714d890e,broad-band top-hat on-axis forward-shock synchrotron; uniform medium; E_iso=1e52 erg; Gamma0=300; theta_j=0.1 rad; n=1 cm^-3; epsilon_e=0.1; epsilon_B=1e-3; p=2.3; xi_e=0.1; z=0.1; d_L=1e26 cm; no spreading; no SSC; no reverse shock,observer time and frequency,1.00000000e+18,3.16227766e+06,flux_density_cgs,3.16523228e-31,1.00000000e+00,1.53846734e-01,broad-band broad-time FS synchrotron grid; ratios are assumption-audit diagnostics
fs_synch_common_minimum,ASGARD,4.2.1,local git 714d890e,broad-band top-hat on-axis forward-shock synchrotron; uniform medium; E_iso=1e52 erg; Gamma0=300; theta_j=0.1 rad; n=1 cm^-3; epsilon_e=0.1; epsilon_B=1e-3; p=2.3; xi_e=0.1; z=0.1; d_L=1e26 cm; no spreading; no SSC; no reverse shock,observer time and frequency,1.00000000e+18,1.00000000e+07,flux_density_cgs,3.59025941e-32,1.00000000e+00,1.53846734e-01,broad-band broad-time FS synchrotron grid; ratios are assumption-audit diagnostics
fs_synch_common_minimum,ASGARD,4.2.1,local git 714d890e,broad-band top-hat on-axis forward-shock synchrotron; uniform medium; E_iso=1e52 erg; Gamma0=300; theta_j=0.1 rad; n=1 cm^-3; epsilon_e=0.1; epsilon_B=1e-3; p=2.3; xi_e=0.1; z=0.1; d_L=1e26 cm; no spreading; no SSC; no reverse shock,observer time and frequency,1.00000000e+18,3.16227766e+07,flux_density_cgs,4.62141822e-33,1.00000000e+00,1.53846734e-01,broad-band broad-time FS synchrotron grid; ratios are assumption-audit diagnostics
fs_synch_common_minimum,ASGARD,4.2.1,local git 714d890e,broad-band top-hat on-axis forward-shock synchrotron; uniform medium; E_iso=1e52 erg; Gamma0=300; theta_j=0.1 rad; n=1 cm^-3; epsilon_e=0.1; epsilon_B=1e-3; p=2.3; xi_e=0.1; z=0.1; d_L=1e26 cm; no spreading; no SSC; no reverse shock,observer time and frequency,1.00000000e+18,1.00000000e+08,flux_density_cgs,6.89760513e-34,1.00000000e+00,1.53846734e-01,broad-band broad-time FS synchrotron grid; ratios are assumption-audit diagnostics
fs_synch_common_minimum,ASGARD,4.2.1,local git 714d890e,broad-band top-hat on-axis forward-shock synchrotron; uniform medium; E_iso=1e52 erg; Gamma0=300; theta_j=0.1 rad; n=1 cm^-3; epsilon_e=0.1; epsilon_B=1e-3; p=2.3; xi_e=0.1; z=0.1; d_L=1e26 cm; no spreading; no SSC; no reverse shock,observer time and frequency,2.40000000e+22,1.00000000e+00,flux_density_cgs,1.69742137e-29,1.00000000e+00,1.53846734e-01,broad-band broad-time FS synchrotron grid; ratios are assumption-audit diagnostics
fs_synch_common_minimum,ASGARD,4.2.1,local git 714d890e,broad-band top-hat on-axis forward-shock synchrotron; uniform medium; E_iso=1e52 erg; Gamma0=300; theta_j=0.1 rad; n=1 cm^-3; epsilon_e=0.1; epsilon_B=1e-3; p=2.3; xi_e=0.1; z=0.1; d_L=1e26 cm; no spreading; no SSC; no reverse shock,observer time and frequency,2.40000000e+22,3.16227766e+00,flux_density_cgs,1.88932560e-28,1.00000000e+00,1.53846734e-01,broad-band broad-time FS synchrotron grid; ratios are assumption-audit diagnostics
fs_synch_common_minimum,ASGARD,4.2.1,local git 714d890e,broad-band top-hat on-axis forward-shock synchrotron; uniform medium; E_iso=1e52 erg; Gamma0=300; theta_j=0.1 rad; n=1 cm^-3; epsilon_e=0.1; epsilon_B=1e-3; p=2.3; xi_e=0.1; z=0.1; d_L=1e26 cm; no spreading; no SSC; no reverse shock,observer time and frequency,2.40000000e+22,1.00000000e+01,flux_density_cgs,1.26753459e-27,1.00000000e+00,1.53846734e-01,broad-band broad-time FS synchrotron grid; ratios are assumption-audit diagnostics
fs_synch_common_minimum,ASGARD,4.2.1,local git 714d890e,broad-band top-hat on-axis forward-shock synchrotron; uniform medium; E_iso=1e52 erg; Gamma0=300; theta_j=0.1 rad; n=1 cm^-3; epsilon_e=0.1; epsilon_B=1e-3; p=2.3; xi_e=0.1; z=0.1; d_L=1e26 cm; no spreading; no SSC; no reverse shock,observer time and frequency,2.40000000e+22,3.16227766e+01,flux_density_cgs,4.25618137e-28,1.00000000e+00,1.53846734e-01,broad-band broad-time FS synchrotron grid; ratios are assumption-audit diagnostics
fs_synch_common_minimum,ASGARD,4.2.1,local git 714d890e,broad-band top-hat on-axis forward-shock synchrotron; uniform medium; E_iso=1e52 erg; Gamma0=300; theta_j=0.1 rad; n=1 cm^-3; epsilon_e=0.1; epsilon_B=1e-3; p=2.3; xi_e=0.1; z=0.1; d_L=1e26 cm; no spreading; no SSC; no reverse shock,observer time and frequency,2.40000000e+22,1.00000000e+02,flux_density_cgs,5.64810723e-29,1.00000000e+00,1.53846734e-01,broad-band broad-time FS synchrotron grid; ratios are assumption-audit diagnostics
fs_synch_common_minimum,ASGARD,4.2.1,local git 714d890e,broad-band top-hat on-axis forward-shock synchrotron; uniform medium; E_iso=1e52 erg; Gamma0=300; theta_j=0.1 rad; n=1 cm^-3; epsilon_e=0.1; epsilon_B=1e-3; p=2.3; xi_e=0.1; z=0.1; d_L=1e26 cm; no spreading; no SSC; no reverse shock,observer time and frequency,2.40000000e+22,3.16227766e+02,flux_density_cgs,1.74654526e-29,1.00000000e+00,1.53846734e-01,broad-band broad-time FS synchrotron grid; ratios are assumption-audit diagnostics
fs_synch_common_minimum,ASGARD,4.2.1,local git 714d890e,broad-band top-hat on-axis forward-shock synchrotron; uniform medium; E_iso=1e52 erg; Gamma0=300; theta_j=0.1 rad; n=1 cm^-3; epsilon_e=0.1; epsilon_B=1e-3; p=2.3; xi_e=0.1; z=0.1; d_L=1e26 cm; no spreading; no SSC; no reverse shock,observer time and frequency,2.40000000e+22,1.00000000e+03,flux_density_cgs,4.13652576e-30,1.00000000e+00,1.53846734e-01,broad-band broad-time FS synchrotron grid; ratios are assumption-audit diagnostics
fs_synch_common_minimum,ASGARD,4.2.1,local git 714d890e,broad-band top-hat on-axis forward-shock synchrotron; uniform medium; E_iso=1e52 erg; Gamma0=300; theta_j=0.1 rad; n=1 cm^-3; epsilon_e=0.1; epsilon_B=1e-3; p=2.3; xi_e=0.1; z=0.1; d_L=1e26 cm; no spreading; no SSC; no reverse shock,observer time and frequency,2.40000000e+22,3.16227766e+03,flux_density_cgs,9.65280035e-31,1.00000000e+00,1.53846734e-01,broad-band broad-time FS synchrotron grid; ratios are assumption-audit diagnostics
fs_synch_common_minimum,ASGARD,4.2.1,local git 714d890e,broad-band top-hat on-axis forward-shock synchrotron; uniform medium; E_iso=1e52 erg; Gamma0=300; theta_j=0.1 rad; n=1 cm^-3; epsilon_e=0.1; epsilon_B=1e-3; p=2.3; xi_e=0.1; z=0.1; d_L=1e26 cm; no spreading; no SSC; no reverse shock,observer time and frequency,2.40000000e+22,1.00000000e+04,flux_density_cgs,2.20762472e-31,1.00000000e+00,1.53846734e-01,broad-band broad-time FS synchrotron grid; ratios are assumption-audit diagnostics
fs_synch_common_minimum,ASGARD,4.2.1,local git 714d890e,broad-band top-hat on-axis forward-shock synchrotron; uniform medium; E_iso=1e52 erg; Gamma0=300; theta_j=0.1 rad; n=1 cm^-3; epsilon_e=0.1; epsilon_B=1e-3; p=2.3; xi_e=0.1; z=0.1; d_L=1e26 cm; no spreading; no SSC; no reverse shock,observer time and frequency,2.40000000e+22,3.16227766e+04,flux_density_cgs,4.40043563e-32,1.00000000e+00,1.53846734e-01,broad-band broad-time FS synchrotron grid; ratios are assumption-audit diagnostics
fs_synch_common_minimum,ASGARD,4.2.1,local git 714d890e,broad-band top-hat on-axis forward-shock synchrotron; uniform medium; E_iso=1e52 erg; Gamma0=300; theta_j=0.1 rad; n=1 cm^-3; epsilon_e=0.1; epsilon_B=1e-3; p=2.3; xi_e=0.1; z=0.1; d_L=1e26 cm; no spreading; no SSC; no reverse shock,observer time and frequency,2.40000000e+22,1.00000000e+05,flux_density_cgs,3.90988871e-33,1.00000000e+00,1.53846734e-01,broad-band broad-time FS synchrotron grid; ratios are assumption-audit diagnostics
fs_synch_common_minimum,ASGARD,4.2.1,local git 714d890e,broad-band top-hat on-axis forward-shock synchrotron; uniform medium; E_iso=1e52 erg; Gamma0=300; theta_j=0.1 rad; n=1 cm^-3; epsilon_e=0.1; epsilon_B=1e-3; p=2.3; xi_e=0.1; z=0.1; d_L=1e26 cm; no spreading; no SSC; no reverse shock,observer time and frequency,2.40000000e+22,3.16227766e+05,flux_density_cgs,2.94743844e-34,1.00000000e+00,1.53846734e-01,broad-band broad-time FS synchrotron grid; ratios are assumption-audit diagnostics
fs_synch_common_minimum,ASGARD,4.2.1,local git 714d890e,broad-band top-hat on-axis forward-shock synchrotron; uniform medium; E_iso=1e52 erg; Gamma0=300; theta_j=0.1 rad; n=1 cm^-3; epsilon_e=0.1; epsilon_B=1e-3; p=2.3; xi_e=0.1; z=0.1; d_L=1e26 cm; no spreading; no SSC; no reverse shock,observer time and frequency,2.40000000e+22,1.00000000e+06,flux_density_cgs,2.45250889e-35,1.00000000e+00,1.53846734e-01,broad-band broad-time FS synchrotron grid; ratios are assumption-audit diagnostics
fs_synch_common_minimum,ASGARD,4.2.1,local git 714d890e,broad-band top-hat on-axis forward-shock synchrotron; uniform medium; E_iso=1e52 erg; Gamma0=300; theta_j=0.1 rad; n=1 cm^-3; epsilon_e=0.1; epsilon_B=1e-3; p=2.3; xi_e=0.1; z=0.1; d_L=1e26 cm; no spreading; no SSC; no reverse shock,observer time and frequency,2.40000000e+22,3.16227766e+06,flux_density_cgs,2.23170666e-36,1.00000000e+00,1.53846734e-01,broad-band broad-time FS synchrotron grid; ratios are assumption-audit diagnostics
fs_synch_common_minimum,ASGARD,4.2.1,local git 714d890e,broad-band top-hat on-axis forward-shock synchrotron; uniform medium; E_iso=1e52 erg; Gamma0=300; theta_j=0.1 rad; n=1 cm^-3; epsilon_e=0.1; epsilon_B=1e-3; p=2.3; xi_e=0.1; z=0.1; d_L=1e26 cm; no spreading; no SSC; no reverse shock,observer time and frequency,2.40000000e+22,1.00000000e+07,flux_density_cgs,2.24811154e-37,1.00000000e+00,1.53846734e-01,broad-band broad-time FS synchrotron grid; ratios are assumption-audit diagnostics
fs_synch_common_minimum,ASGARD,4.2.1,local git 714d890e,broad-band top-hat on-axis forward-shock synchrotron; uniform medium; E_iso=1e52 erg; Gamma0=300; theta_j=0.1 rad; n=1 cm^-3; epsilon_e=0.1; epsilon_B=1e-3; p=2.3; xi_e=0.1; z=0.1; d_L=1e26 cm; no spreading; no SSC; no reverse shock,observer time and frequency,2.40000000e+22,3.16227766e+07,flux_density_cgs,2.59464456e-38,1.00000000e+00,1.53846734e-01,broad-band broad-time FS synchrotron grid; ratios are assumption-audit diagnostics
fs_synch_common_minimum,ASGARD,4.2.1,local git 714d890e,broad-band top-hat on-axis forward-shock synchrotron; uniform medium; E_iso=1e52 erg; Gamma0=300; theta_j=0.1 rad; n=1 cm^-3; epsilon_e=0.1; epsilon_B=1e-3; p=2.3; xi_e=0.1; z=0.1; d_L=1e26 cm; no spreading; no SSC; no reverse shock,observer time and frequency,2.40000000e+22,1.00000000e+08,flux_density_cgs,3.59738382e-39,1.00000000e+00,1.53846734e-01,broad-band broad-time FS synchrotron grid; ratios are assumption-audit diagnostics
fs_synch_common_minimum,ASGARD,4.2.1,local git 714d890e,broad-band top-hat on-axis forward-shock synchrotron; uniform medium; E_iso=1e52 erg; Gamma0=300; theta_j=0.1 rad; n=1 cm^-3; epsilon_e=0.1; epsilon_B=1e-3; p=2.3; xi_e=0.1; z=0.1; d_L=1e26 cm; no spreading; no SSC; no reverse shock,observer time and frequency,2.40000000e+23,1.00000000e+00,flux_density_cgs,1.32314897e-30,1.00000000e+00,1.53846734e-01,broad-band broad-time FS synchrotron grid; ratios are assumption-audit diagnostics
fs_synch_common_minimum,ASGARD,4.2.1,local git 714d890e,broad-band top-hat on-axis forward-shock synchrotron; uniform medium; E_iso=1e52 erg; Gamma0=300; theta_j=0.1 rad; n=1 cm^-3; epsilon_e=0.1; epsilon_B=1e-3; p=2.3; xi_e=0.1; z=0.1; d_L=1e26 cm; no spreading; no SSC; no reverse shock,observer time and frequency,2.40000000e+23,3.16227766e+00,flux_density_cgs,1.32509808e-29,1.00000000e+00,1.53846734e-01,broad-band broad-time FS synchrotron grid; ratios are assumption-audit diagnostics
fs_synch_common_minimum,ASGARD,4.2.1,local git 714d890e,broad-band top-hat on-axis forward-shock synchrotron; uniform medium; E_iso=1e52 erg; Gamma0=300; theta_j=0.1 rad; n=1 cm^-3; epsilon_e=0.1; epsilon_B=1e-3; p=2.3; xi_e=0.1; z=0.1; d_L=1e26 cm; no spreading; no SSC; no reverse shock,observer time and frequency,2.40000000e+23,1.00000000e+01,flux_density_cgs,8.55819591e-29,1.00000000e+00,1.53846734e-01,broad-band broad-time FS synchrotron grid; ratios are assumption-audit diagnostics
fs_synch_common_minimum,ASGARD,4.2.1,local git 714d890e,broad-band top-hat on-axis forward-shock synchrotron; uniform medium; E_iso=1e52 erg; Gamma0=300; theta_j=0.1 rad; n=1 cm^-3; epsilon_e=0.1; epsilon_B=1e-3; p=2.3; xi_e=0.1; z=0.1; d_L=1e26 cm; no spreading; no SSC; no reverse shock,observer time and frequency,2.40000000e+23,3.16227766e+01,flux_density_cgs,2.80349668e-29,1.00000000e+00,1.53846734e-01,broad-band broad-time FS synchrotron grid; ratios are assumption-audit diagnostics
fs_synch_common_minimum,ASGARD,4.2.1,local git 714d890e,broad-band top-hat on-axis forward-shock synchrotron; uniform medium; E_iso=1e52 erg; Gamma0=300; theta_j=0.1 rad; n=1 cm^-3; epsilon_e=0.1; epsilon_B=1e-3; p=2.3; xi_e=0.1; z=0.1; d_L=1e26 cm; no spreading; no SSC; no reverse shock,observer time and frequency,2.40000000e+23,1.00000000e+02,flux_density_cgs,3.53743431e-30,1.00000000e+00,1.53846734e-01,broad-band broad-time FS synchrotron grid; ratios are assumption-audit diagnostics
fs_synch_common_minimum,ASGARD,4.2.1,local git 714d890e,broad-band top-hat on-axis forward-shock synchrotron; uniform medium; E_iso=1e52 erg; Gamma0=300; theta_j=0.1 rad; n=1 cm^-3; epsilon_e=0.1; epsilon_B=1e-3; p=2.3; xi_e=0.1; z=0.1; d_L=1e26 cm; no spreading; no SSC; no reverse shock,observer time and frequency,2.40000000e+23,3.16227766e+02,flux_density_cgs,1.06091863e-30,1.00000000e+00,1.53846734e-01,broad-band broad-time FS synchrotron grid; ratios are assumption-audit diagnostics
fs_synch_common_minimum,ASGARD,4.2.1,local git 714d890e,broad-band top-hat on-axis forward-shock synchrotron; uniform medium; E_iso=1e52 erg; Gamma0=300; theta_j=0.1 rad; n=1 cm^-3; epsilon_e=0.1; epsilon_B=1e-3; p=2.3; xi_e=0.1; z=0.1; d_L=1e26 cm; no spreading; no SSC; no reverse shock,observer time and frequency,2.40000000e+23,1.00000000e+03,flux_density_cgs,2.35982447e-31,1.00000000e+00,1.53846734e-01,broad-band broad-time FS synchrotron grid; ratios are assumption-audit diagnostics
fs_synch_common_minimum,ASGARD,4.2.1,local git 714d890e,broad-band top-hat on-axis forward-shock synchrotron; uniform medium; E_iso=1e52 erg; Gamma0=300; theta_j=0.1 rad; n=1 cm^-3; epsilon_e=0.1; epsilon_B=1e-3; p=2.3; xi_e=0.1; z=0.1; d_L=1e26 cm; no spreading; no SSC; no reverse shock,observer time and frequency,2.40000000e+23,3.16227766e+03,flux_density_cgs,5.10703967e-32,1.00000000e+00,1.53846734e-01,broad-band broad-time FS synchrotron grid; ratios are assumption-audit diagnostics
fs_synch_common_minimum,ASGARD,4.2.1,local git 714d890e,broad-band top-hat on-axis forward-shock synchrotron; uniform medium; E_iso=1e52 erg; Gamma0=300; theta_j=0.1 rad; n=1 cm^-3; epsilon_e=0.1; epsilon_B=1e-3; p=2.3; xi_e=0.1; z=0.1; d_L=1e26 cm; no spreading; no SSC; no reverse shock,observer time and frequency,2.40000000e+23,1.00000000e+04,flux_density_cgs,1.06322857e-32,1.00000000e+00,1.53846734e-01,broad-band broad-time FS synchrotron grid; ratios are assumption-audit diagnostics
fs_synch_common_minimum,ASGARD,4.2.1,local git 714d890e,broad-band top-hat on-axis forward-shock synchrotron; uniform medium; E_iso=1e52 erg; Gamma0=300; theta_j=0.1 rad; n=1 cm^-3; epsilon_e=0.1; epsilon_B=1e-3; p=2.3; xi_e=0.1; z=0.1; d_L=1e26 cm; no spreading; no SSC; no reverse shock,observer time and frequency,2.40000000e+23,3.16227766e+04,flux_density_cgs,1.91002841e-33,1.00000000e+00,1.53846734e-01,broad-band broad-time FS synchrotron grid; ratios are assumption-audit diagnostics
fs_synch_common_minimum,ASGARD,4.2.1,local git 714d890e,broad-band top-hat on-axis forward-shock synchrotron; uniform medium; E_iso=1e52 erg; Gamma0=300; theta_j=0.1 rad; n=1 cm^-3; epsilon_e=0.1; epsilon_B=1e-3; p=2.3; xi_e=0.1; z=0.1; d_L=1e26 cm; no spreading; no SSC; no reverse shock,observer time and frequency,2.40000000e+23,1.00000000e+05,flux_density_cgs,1.47806493e-34,1.00000000e+00,1.53846734e-01,broad-band broad-time FS synchrotron grid; ratios are assumption-audit diagnostics
fs_synch_common_minimum,ASGARD,4.2.1,local git 714d890e,broad-band top-hat on-axis forward-shock synchrotron; uniform medium; E_iso=1e52 erg; Gamma0=300; theta_j=0.1 rad; n=1 cm^-3; epsilon_e=0.1; epsilon_B=1e-3; p=2.3; xi_e=0.1; z=0.1; d_L=1e26 cm; no spreading; no SSC; no reverse shock,observer time and frequency,2.40000000e+23,3.16227766e+05,flux_density_cgs,9.27102669e-36,1.00000000e+00,1.53846734e-01,broad-band broad-time FS synchrotron grid; ratios are assumption-audit diagnostics
fs_synch_common_minimum,ASGARD,4.2.1,local git 714d890e,broad-band top-hat on-axis forward-shock synchrotron; uniform medium; E_iso=1e52 erg; Gamma0=300; theta_j=0.1 rad; n=1 cm^-3; epsilon_e=0.1; epsilon_B=1e-3; p=2.3; xi_e=0.1; z=0.1; d_L=1e26 cm; no spreading; no SSC; no reverse shock,observer time and frequency,2.40000000e+23,1.00000000e+06,flux_density_cgs,6.19430031e-37,1.00000000e+00,1.53846734e-01,broad-band broad-time FS synchrotron grid; ratios are assumption-audit diagnostics
fs_synch_common_minimum,ASGARD,4.2.1,local git 714d890e,broad-band top-hat on-axis forward-shock synchrotron; uniform medium; E_iso=1e52 erg; Gamma0=300; theta_j=0.1 rad; n=1 cm^-3; epsilon_e=0.1; epsilon_B=1e-3; p=2.3; xi_e=0.1; z=0.1; d_L=1e26 cm; no spreading; no SSC; no reverse shock,observer time and frequency,2.40000000e+23,3.16227766e+06,flux_density_cgs,4.46074886e-38,1.00000000e+00,1.53846734e-01,broad-band broad-time FS synchrotron grid; ratios are assumption-audit diagnostics
fs_synch_common_minimum,ASGARD,4.2.1,local git 714d890e,broad-band top-hat on-axis forward-shock synchrotron; uniform medium; E_iso=1e52 erg; Gamma0=300; theta_j=0.1 rad; n=1 cm^-3; epsilon_e=0.1; epsilon_B=1e-3; p=2.3; xi_e=0.1; z=0.1; d_L=1e26 cm; no spreading; no SSC; no reverse shock,observer time and frequency,2.40000000e+23,1.00000000e+07,flux_density_cgs,3.65801948e-39,1.00000000e+00,1.53846734e-01,broad-band broad-time FS synchrotron grid; ratios are assumption-audit diagnostics
fs_synch_common_minimum,ASGARD,4.2.1,local git 714d890e,broad-band top-hat on-axis forward-shock synchrotron; uniform medium; E_iso=1e52 erg; Gamma0=300; theta_j=0.1 rad; n=1 cm^-3; epsilon_e=0.1; epsilon_B=1e-3; p=2.3; xi_e=0.1; z=0.1; d_L=1e26 cm; no spreading; no SSC; no reverse shock,observer time and frequency,2.40000000e+23,3.16227766e+07,flux_density_cgs,3.48356085e-40,1.00000000e+00,1.53846734e-01,broad-band broad-time FS synchrotron grid; ratios are assumption-audit diagnostics
fs_synch_common_minimum,ASGARD,4.2.1,local git 714d890e,broad-band top-hat on-axis forward-shock synchrotron; uniform medium; E_iso=1e52 erg; Gamma0=300; theta_j=0.1 rad; n=1 cm^-3; epsilon_e=0.1; epsilon_B=1e-3; p=2.3; xi_e=0.1; z=0.1; d_L=1e26 cm; no spreading; no SSC; no reverse shock,observer time and frequency,2.40000000e+23,1.00000000e+08,flux_density_cgs,4.18439128e-41,1.00000000e+00,1.53846734e-01,broad-band broad-time FS synchrotron grid; ratios are assumption-audit diagnostics
fs_synch_common_minimum,ASGARD,4.2.1,local git 714d890e,broad-band top-hat on-axis forward-shock synchrotron; uniform medium; E_iso=1e52 erg; Gamma0=300; theta_j=0.1 rad; n=1 cm^-3; epsilon_e=0.1; epsilon_B=1e-3; p=2.3; xi_e=0.1; z=0.1; d_L=1e26 cm; no spreading; no SSC; no reverse shock,observer time and frequency,2.40000000e+26,1.00000000e+00,flux_density_cgs,3.62780001e-36,1.00000000e+00,1.53846734e-01,broad-band broad-time FS synchrotron grid; ratios are assumption-audit diagnostics
fs_synch_common_minimum,ASGARD,4.2.1,local git 714d890e,broad-band top-hat on-axis forward-shock synchrotron; uniform medium; E_iso=1e52 erg; Gamma0=300; theta_j=0.1 rad; n=1 cm^-3; epsilon_e=0.1; epsilon_B=1e-3; p=2.3; xi_e=0.1; z=0.1; d_L=1e26 cm; no spreading; no SSC; no reverse shock,observer time and frequency,2.40000000e+26,3.16227766e+00,flux_density_cgs,3.43726195e-35,1.00000000e+00,1.53846734e-01,broad-band broad-time FS synchrotron grid; ratios are assumption-audit diagnostics
fs_synch_common_minimum,ASGARD,4.2.1,local git 714d890e,broad-band top-hat on-axis forward-shock synchrotron; uniform medium; E_iso=1e52 erg; Gamma0=300; theta_j=0.1 rad; n=1 cm^-3; epsilon_e=0.1; epsilon_B=1e-3; p=2.3; xi_e=0.1; z=0.1; d_L=1e26 cm; no spreading; no SSC; no reverse shock,observer time and frequency,2.40000000e+26,1.00000000e+01,flux_density_cgs,2.05165803e-34,1.00000000e+00,1.53846734e-01,broad-band broad-time FS synchrotron grid; ratios are assumption-audit diagnostics
fs_synch_common_minimum,ASGARD,4.2.1,local git 714d890e,broad-band top-hat on-axis forward-shock synchrotron; uniform medium; E_iso=1e52 erg; Gamma0=300; theta_j=0.1 rad; n=1 cm^-3; epsilon_e=0.1; epsilon_B=1e-3; p=2.3; xi_e=0.1; z=0.1; d_L=1e26 cm; no spreading; no SSC; no reverse shock,observer time and frequency,2.40000000e+26,3.16227766e+01,flux_density_cgs,3.75125523e-35,1.00000000e+00,1.53846734e-01,broad-band broad-time FS synchrotron grid; ratios are assumption-audit diagnostics
fs_synch_common_minimum,ASGARD,4.2.1,local git 714d890e,broad-band top-hat on-axis forward-shock synchrotron; uniform medium; E_iso=1e52 erg; Gamma0=300; theta_j=0.1 rad; n=1 cm^-3; epsilon_e=0.1; epsilon_B=1e-3; p=2.3; xi_e=0.1; z=0.1; d_L=1e26 cm; no spreading; no SSC; no reverse shock,observer time and frequency,2.40000000e+26,1.00000000e+02,flux_density_cgs,1.09585398e-36,1.00000000e+00,1.53846734e-01,broad-band broad-time FS synchrotron grid; ratios are assumption-audit diagnostics
fs_synch_common_minimum,ASGARD,4.2.1,local git 714d890e,broad-band top-hat on-axis forward-shock synchrotron; uniform medium; E_iso=1e52 erg; Gamma0=300; theta_j=0.1 rad; n=1 cm^-3; epsilon_e=0.1; epsilon_B=1e-3; p=2.3; xi_e=0.1; z=0.1; d_L=1e26 cm; no spreading; no SSC; no reverse shock,observer time and frequency,2.40000000e+26,3.16227766e+02,flux_density_cgs,1.18323932e-37,1.00000000e+00,1.53846734e-01,broad-band broad-time FS synchrotron grid; ratios are assumption-audit diagnostics
fs_synch_common_minimum,ASGARD,4.2.1,local git 714d890e,broad-band top-hat on-axis forward-shock synchrotron; uniform medium; E_iso=1e52 erg; Gamma0=300; theta_j=0.1 rad; n=1 cm^-3; epsilon_e=0.1; epsilon_B=1e-3; p=2.3; xi_e=0.1; z=0.1; d_L=1e26 cm; no spreading; no SSC; no reverse shock,observer time and frequency,2.40000000e+26,1.00000000e+03,flux_density_cgs,6.04604291e-39,1.00000000e+00,1.53846734e-01,broad-band broad-time FS synchrotron grid; ratios are assumption-audit diagnostics
fs_synch_common_minimum,ASGARD,4.2.1,local git 714d890e,broad-band top-hat on-axis forward-shock synchrotron; uniform medium; E_iso=1e52 erg; Gamma0=300; theta_j=0.1 rad; n=1 cm^-3; epsilon_e=0.1; epsilon_B=1e-3; p=2.3; xi_e=0.1; z=0.1; d_L=1e26 cm; no spreading; no SSC; no reverse shock,observer time and frequency,2.40000000e+26,3.16227766e+03,flux_density_cgs,2.43865158e-40,1.00000000e+00,1.53846734e-01,broad-band broad-time FS synchrotron grid; ratios are assumption-audit diagnostics
fs_synch_common_minimum,ASGARD,4.2.1,local git 714d890e,broad-band top-hat on-axis forward-shock synchrotron; uniform medium; E_iso=1e52 erg; Gamma0=300; theta_j=0.1 rad; n=1 cm^-3; epsilon_e=0.1; epsilon_B=1e-3; p=2.3; xi_e=0.1; z=0.1; d_L=1e26 cm; no spreading; no SSC; no reverse shock,observer time and frequency,2.40000000e+26,1.00000000e+04,flux_density_cgs,7.87009931e-42,1.00000000e+00,1.53846734e-01,broad-band broad-time FS synchrotron grid; ratios are assumption-audit diagnostics
fs_synch_common_minimum,ASGARD,4.2.1,local git 714d890e,broad-band top-hat on-axis forward-shock synchrotron; uniform medium; E_iso=1e52 erg; Gamma0=300; theta_j=0.1 rad; n=1 cm^-3; epsilon_e=0.1; epsilon_B=1e-3; p=2.3; xi_e=0.1; z=0.1; d_L=1e26 cm; no spreading; no SSC; no reverse shock,observer time and frequency,2.40000000e+26,3.16227766e+04,flux_density_cgs,1.98375068e-43,1.00000000e+00,1.53846734e-01,broad-band broad-time FS synchrotron grid; ratios are assumption-audit diagnostics
fs_synch_common_minimum,ASGARD,4.2.1,local git 714d890e,broad-band top-hat on-axis forward-shock synchrotron; uniform medium; E_iso=1e52 erg; Gamma0=300; theta_j=0.1 rad; n=1 cm^-3; epsilon_e=0.1; epsilon_B=1e-3; p=2.3; xi_e=0.1; z=0.1; d_L=1e26 cm; no spreading; no SSC; no reverse shock,observer time and frequency,2.40000000e+26,1.00000000e+05,flux_density_cgs,1.67797803e-45,1.00000000e+00,1.53846734e-01,broad-band broad-time FS synchrotron grid; ratios are assumption-audit diagnostics
fs_synch_common_minimum,ASGARD,4.2.1,local git 714d890e,broad-band top-hat on-axis forward-shock synchrotron; uniform medium; E_iso=1e52 erg; Gamma0=300; theta_j=0.1 rad; n=1 cm^-3; epsilon_e=0.1; epsilon_B=1e-3; p=2.3; xi_e=0.1; z=0.1; d_L=1e26 cm; no spreading; no SSC; no reverse shock,observer time and frequency,2.40000000e+26,3.16227766e+05,flux_density_cgs,6.92540472e-48,1.00000000e+00,1.53846734e-01,broad-band broad-time FS synchrotron grid; ratios are assumption-audit diagnostics
fs_synch_common_minimum,ASGARD,4.2.1,local git 714d890e,broad-band top-hat on-axis forward-shock synchrotron; uniform medium; E_iso=1e52 erg; Gamma0=300; theta_j=0.1 rad; n=1 cm^-3; epsilon_e=0.1; epsilon_B=1e-3; p=2.3; xi_e=0.1; z=0.1; d_L=1e26 cm; no spreading; no SSC; no reverse shock,observer time and frequency,2.40000000e+26,1.00000000e+06,flux_density_cgs,2.60118790e-50,1.00000000e+00,1.53846734e-01,broad-band broad-time FS synchrotron grid; ratios are assumption-audit diagnostics
fs_synch_common_minimum,ASGARD,4.2.1,local git 714d890e,broad-band top-hat on-axis forward-shock synchrotron; uniform medium; E_iso=1e52 erg; Gamma0=300; theta_j=0.1 rad; n=1 cm^-3; epsilon_e=0.1; epsilon_B=1e-3; p=2.3; xi_e=0.1; z=0.1; d_L=1e26 cm; no spreading; no SSC; no reverse shock,observer time and frequency,2.40000000e+26,3.16227766e+06,flux_density_cgs,9.15498561e-53,1.00000000e+00,1.53846734e-01,broad-band broad-time FS synchrotron grid; ratios are assumption-audit diagnostics
fs_synch_common_minimum,ASGARD,4.2.1,local git 714d890e,broad-band top-hat on-axis forward-shock synchrotron; uniform medium; E_iso=1e52 erg; Gamma0=300; theta_j=0.1 rad; n=1 cm^-3; epsilon_e=0.1; epsilon_B=1e-3; p=2.3; xi_e=0.1; z=0.1; d_L=1e26 cm; no spreading; no SSC; no reverse shock,observer time and frequency,2.40000000e+26,1.00000000e+07,flux_density_cgs,4.47652573e-55,1.00000000e+00,1.53846734e-01,broad-band broad-time FS synchrotron grid; ratios are assumption-audit diagnostics
fs_synch_common_minimum,ASGARD,4.2.1,local git 714d890e,broad-band top-hat on-axis forward-shock synchrotron; uniform medium; E_iso=1e52 erg; Gamma0=300; theta_j=0.1 rad; n=1 cm^-3; epsilon_e=0.1; epsilon_B=1e-3; p=2.3; xi_e=0.1; z=0.1; d_L=1e26 cm; no spreading; no SSC; no reverse shock,observer time and frequency,2.40000000e+26,3.16227766e+07,flux_density_cgs,3.53939448e-57,1.00000000e+00,1.53846734e-01,broad-band broad-time FS synchrotron grid; ratios are assumption-audit diagnostics
fs_synch_common_minimum,ASGARD,4.2.1,local git 714d890e,broad-band top-hat on-axis forward-shock synchrotron; uniform medium; E_iso=1e52 erg; Gamma0=300; theta_j=0.1 rad; n=1 cm^-3; epsilon_e=0.1; epsilon_B=1e-3; p=2.3; xi_e=0.1; z=0.1; d_L=1e26 cm; no spreading; no SSC; no reverse shock,observer time and frequency,2.40000000e+26,1.00000000e+08,flux_density_cgs,6.52717477e-59,1.00000000e+00,1.53846734e-01,broad-band broad-time FS synchrotron grid; ratios are assumption-audit diagnostics
fs_synch_common_minimum,afterglowpy,0.8.1,PyPI afterglowpy==0.8.1,broad-band top-hat on-axis forward-shock synchrotron; uniform medium; E_iso=1e52 erg; Gamma0=300; theta_j=0.1 rad; n=1 cm^-3; epsilon_e=0.1; epsilon_B=1e-3; p=2.3; xi_e=0.1; z=0.1; d_L=1e26 cm; no spreading; no SSC; no reverse shock,observer time and frequency,1.00000000e+08,1.00000000e+00,flux_density_cgs,1.88761319e-27,1.32161549e+03,1.73744880e-02,afterglowpy returns mJy; values converted to cgs; ratios are assumption-audit diagnostics
fs_synch_common_minimum,afterglowpy,0.8.1,PyPI afterglowpy==0.8.1,broad-band top-hat on-axis forward-shock synchrotron; uniform medium; E_iso=1e52 erg; Gamma0=300; theta_j=0.1 rad; n=1 cm^-3; epsilon_e=0.1; epsilon_B=1e-3; p=2.3; xi_e=0.1; z=0.1; d_L=1e26 cm; no spreading; no SSC; no reverse shock,observer time and frequency,1.00000000e+08,3.16227766e+00,flux_density_cgs,2.28105938e-27,5.02112719e+01,1.73744880e-02,afterglowpy returns mJy; values converted to cgs; ratios are assumption-audit diagnostics
fs_synch_common_minimum,afterglowpy,0.8.1,PyPI afterglowpy==0.8.1,broad-band top-hat on-axis forward-shock synchrotron; uniform medium; E_iso=1e52 erg; Gamma0=300; theta_j=0.1 rad; n=1 cm^-3; epsilon_e=0.1; epsilon_B=1e-3; p=2.3; xi_e=0.1; z=0.1; d_L=1e26 cm; no spreading; no SSC; no reverse shock,observer time and frequency,1.00000000e+08,1.00000000e+01,flux_density_cgs,2.75789897e-27,3.50707062e+00,1.73744880e-02,afterglowpy returns mJy; values converted to cgs; ratios are assumption-audit diagnostics
fs_synch_common_minimum,afterglowpy,0.8.1,PyPI afterglowpy==0.8.1,broad-band top-hat on-axis forward-shock synchrotron; uniform medium; E_iso=1e52 erg; Gamma0=300; theta_j=0.1 rad; n=1 cm^-3; epsilon_e=0.1; epsilon_B=1e-3; p=2.3; xi_e=0.1; z=0.1; d_L=1e26 cm; no spreading; no SSC; no reverse shock,observer time and frequency,1.00000000e+08,3.16227766e+01,flux_density_cgs,3.41779790e-27,1.24007960e+00,1.73744880e-02,afterglowpy returns mJy; values converted to cgs; ratios are assumption-audit diagnostics
fs_synch_common_minimum,afterglowpy,0.8.1,PyPI afterglowpy==0.8.1,broad-band top-hat on-axis forward-shock synchrotron; uniform medium; E_iso=1e52 erg; Gamma0=300; theta_j=0.1 rad; n=1 cm^-3; epsilon_e=0.1; epsilon_B=1e-3; p=2.3; xi_e=0.1; z=0.1; d_L=1e26 cm; no spreading; no SSC; no reverse shock,observer time and frequency,1.00000000e+08,1.00000000e+02,flux_density_cgs,5.21622236e-27,1.21595491e+00,1.73744880e-02,afterglowpy returns mJy; values converted to cgs; ratios are assumption-audit diagnostics
fs_synch_common_minimum,afterglowpy,0.8.1,PyPI afterglowpy==0.8.1,broad-band top-hat on-axis forward-shock synchrotron; uniform medium; E_iso=1e52 erg; Gamma0=300; theta_j=0.1 rad; n=1 cm^-3; epsilon_e=0.1; epsilon_B=1e-3; p=2.3; xi_e=0.1; z=0.1; d_L=1e26 cm; no spreading; no SSC; no reverse shock,observer time and frequency,1.00000000e+08,3.16227766e+02,flux_density_cgs,8.98444341e-27,9.53745897e-01,1.73744880e-02,afterglowpy returns mJy; values converted to cgs; ratios are assumption-audit diagnostics
fs_synch_common_minimum,afterglowpy,0.8.1,PyPI afterglowpy==0.8.1,broad-band top-hat on-axis forward-shock synchrotron; uniform medium; E_iso=1e52 erg; Gamma0=300; theta_j=0.1 rad; n=1 cm^-3; epsilon_e=0.1; epsilon_B=1e-3; p=2.3; xi_e=0.1; z=0.1; d_L=1e26 cm; no spreading; no SSC; no reverse shock,observer time and frequency,1.00000000e+08,1.00000000e+03,flux_density_cgs,1.60165728e-26,9.28125358e-01,1.73744880e-02,afterglowpy returns mJy; values converted to cgs; ratios are assumption-audit diagnostics
fs_synch_common_minimum,afterglowpy,0.8.1,PyPI afterglowpy==0.8.1,broad-band top-hat on-axis forward-shock synchrotron; uniform medium; E_iso=1e52 erg; Gamma0=300; theta_j=0.1 rad; n=1 cm^-3; epsilon_e=0.1; epsilon_B=1e-3; p=2.3; xi_e=0.1; z=0.1; d_L=1e26 cm; no spreading; no SSC; no reverse shock,observer time and frequency,1.00000000e+08,3.16227766e+03,flux_density_cgs,2.87265012e-26,9.44624100e-01,1.73744880e-02,afterglowpy returns mJy; values converted to cgs; ratios are assumption-audit diagnostics
fs_synch_common_minimum,afterglowpy,0.8.1,PyPI afterglowpy==0.8.1,broad-band top-hat on-axis forward-shock synchrotron; uniform medium; E_iso=1e52 erg; Gamma0=300; theta_j=0.1 rad; n=1 cm^-3; epsilon_e=0.1; epsilon_B=1e-3; p=2.3; xi_e=0.1; z=0.1; d_L=1e26 cm; no spreading; no SSC; no reverse shock,observer time and frequency,1.00000000e+08,1.00000000e+04,flux_density_cgs,5.18231457e-26,9.97405895e-01,1.73744880e-02,afterglowpy returns mJy; values converted to cgs; ratios are assumption-audit diagnostics
fs_synch_common_minimum,afterglowpy,0.8.1,PyPI afterglowpy==0.8.1,broad-band top-hat on-axis forward-shock synchrotron; uniform medium; E_iso=1e52 erg; Gamma0=300; theta_j=0.1 rad; n=1 cm^-3; epsilon_e=0.1; epsilon_B=1e-3; p=2.3; xi_e=0.1; z=0.1; d_L=1e26 cm; no spreading; no SSC; no reverse shock,observer time and frequency,1.00000000e+08,3.16227766e+04,flux_density_cgs,9.33337033e-26,1.05983681e+00,1.73744880e-02,afterglowpy returns mJy; values converted to cgs; ratios are assumption-audit diagnostics
fs_synch_common_minimum,afterglowpy,0.8.1,PyPI afterglowpy==0.8.1,broad-band top-hat on-axis forward-shock synchrotron; uniform medium; E_iso=1e52 erg; Gamma0=300; theta_j=0.1 rad; n=1 cm^-3; epsilon_e=0.1; epsilon_B=1e-3; p=2.3; xi_e=0.1; z=0.1; d_L=1e26 cm; no spreading; no SSC; no reverse shock,observer time and frequency,1.00000000e+08,1.00000000e+05,flux_density_cgs,1.24662479e-25,1.21169957e+00,1.73744880e-02,afterglowpy returns mJy; values converted to cgs; ratios are assumption-audit diagnostics
fs_synch_common_minimum,afterglowpy,0.8.1,PyPI afterglowpy==0.8.1,broad-band top-hat on-axis forward-shock synchrotron; uniform medium; E_iso=1e52 erg; Gamma0=300; theta_j=0.1 rad; n=1 cm^-3; epsilon_e=0.1; epsilon_B=1e-3; p=2.3; xi_e=0.1; z=0.1; d_L=1e26 cm; no spreading; no SSC; no reverse shock,observer time and frequency,1.00000000e+08,3.16227766e+05,flux_density_cgs,1.19773273e-25,1.37962613e+00,1.73744880e-02,afterglowpy returns mJy; values converted to cgs; ratios are assumption-audit diagnostics
fs_synch_common_minimum,afterglowpy,0.8.1,PyPI afterglowpy==0.8.1,broad-band top-hat on-axis forward-shock synchrotron; uniform medium; E_iso=1e52 erg; Gamma0=300; theta_j=0.1 rad; n=1 cm^-3; epsilon_e=0.1; epsilon_B=1e-3; p=2.3; xi_e=0.1; z=0.1; d_L=1e26 cm; no spreading; no SSC; no reverse shock,observer time and frequency,1.00000000e+08,1.00000000e+06,flux_density_cgs,1.16060305e-25,1.60237565e+00,1.73744880e-02,afterglowpy returns mJy; values converted to cgs; ratios are assumption-audit diagnostics
fs_synch_common_minimum,afterglowpy,0.8.1,PyPI afterglowpy==0.8.1,broad-band top-hat on-axis forward-shock synchrotron; uniform medium; E_iso=1e52 erg; Gamma0=300; theta_j=0.1 rad; n=1 cm^-3; epsilon_e=0.1; epsilon_B=1e-3; p=2.3; xi_e=0.1; z=0.1; d_L=1e26 cm; no spreading; no SSC; no reverse shock,observer time and frequency,1.00000000e+08,3.16227766e+06,flux_density_cgs,1.29302469e-25,2.03293644e+00,1.73744880e-02,afterglowpy returns mJy; values converted to cgs; ratios are assumption-audit diagnostics
fs_synch_common_minimum,afterglowpy,0.8.1,PyPI afterglowpy==0.8.1,broad-band top-hat on-axis forward-shock synchrotron; uniform medium; E_iso=1e52 erg; Gamma0=300; theta_j=0.1 rad; n=1 cm^-3; epsilon_e=0.1; epsilon_B=1e-3; p=2.3; xi_e=0.1; z=0.1; d_L=1e26 cm; no spreading; no SSC; no reverse shock,observer time and frequency,1.00000000e+08,1.00000000e+07,flux_density_cgs,1.81344417e-25,4.03167878e+00,1.73744880e-02,afterglowpy returns mJy; values converted to cgs; ratios are assumption-audit diagnostics
fs_synch_common_minimum,afterglowpy,0.8.1,PyPI afterglowpy==0.8.1,broad-band top-hat on-axis forward-shock synchrotron; uniform medium; E_iso=1e52 erg; Gamma0=300; theta_j=0.1 rad; n=1 cm^-3; epsilon_e=0.1; epsilon_B=1e-3; p=2.3; xi_e=0.1; z=0.1; d_L=1e26 cm; no spreading; no SSC; no reverse shock,observer time and frequency,1.00000000e+08,3.16227766e+07,flux_density_cgs,4.79632006e-26,1.91966362e+00,1.73744880e-02,afterglowpy returns mJy; values converted to cgs; ratios are assumption-audit diagnostics
fs_synch_common_minimum,afterglowpy,0.8.1,PyPI afterglowpy==0.8.1,broad-band top-hat on-axis forward-shock synchrotron; uniform medium; E_iso=1e52 erg; Gamma0=300; theta_j=0.1 rad; n=1 cm^-3; epsilon_e=0.1; epsilon_B=1e-3; p=2.3; xi_e=0.1; z=0.1; d_L=1e26 cm; no spreading; no SSC; no reverse shock,observer time and frequency,1.00000000e+08,1.00000000e+08,flux_density_cgs,8.28799650e-27,3.36894002e-01,1.73744880e-02,afterglowpy returns mJy; values converted to cgs; ratios are assumption-audit diagnostics
fs_synch_common_minimum,afterglowpy,0.8.1,PyPI afterglowpy==0.8.1,broad-band top-hat on-axis forward-shock synchrotron; uniform medium; E_iso=1e52 erg; Gamma0=300; theta_j=0.1 rad; n=1 cm^-3; epsilon_e=0.1; epsilon_B=1e-3; p=2.3; xi_e=0.1; z=0.1; d_L=1e26 cm; no spreading; no SSC; no reverse shock,observer time and frequency,1.00000000e+09,1.00000000e+00,flux_density_cgs,4.06673934e-27,1.27666510e+03,1.73744880e-02,afterglowpy returns mJy; values converted to cgs; ratios are assumption-audit diagnostics
fs_synch_common_minimum,afterglowpy,0.8.1,PyPI afterglowpy==0.8.1,broad-band top-hat on-axis forward-shock synchrotron; uniform medium; E_iso=1e52 erg; Gamma0=300; theta_j=0.1 rad; n=1 cm^-3; epsilon_e=0.1; epsilon_B=1e-3; p=2.3; xi_e=0.1; z=0.1; d_L=1e26 cm; no spreading; no SSC; no reverse shock,observer time and frequency,1.00000000e+09,3.16227766e+00,flux_density_cgs,4.91439346e-27,4.19807778e+01,1.73744880e-02,afterglowpy returns mJy; values converted to cgs; ratios are assumption-audit diagnostics
fs_synch_common_minimum,afterglowpy,0.8.1,PyPI afterglowpy==0.8.1,broad-band top-hat on-axis forward-shock synchrotron; uniform medium; E_iso=1e52 erg; Gamma0=300; theta_j=0.1 rad; n=1 cm^-3; epsilon_e=0.1; epsilon_B=1e-3; p=2.3; xi_e=0.1; z=0.1; d_L=1e26 cm; no spreading; no SSC; no reverse shock,observer time and frequency,1.00000000e+09,1.00000000e+01,flux_density_cgs,5.94171322e-27,1.40839610e+00,1.73744880e-02,afterglowpy returns mJy; values converted to cgs; ratios are assumption-audit diagnostics
fs_synch_common_minimum,afterglowpy,0.8.1,PyPI afterglowpy==0.8.1,broad-band top-hat on-axis forward-shock synchrotron; uniform medium; E_iso=1e52 erg; Gamma0=300; theta_j=0.1 rad; n=1 cm^-3; epsilon_e=0.1; epsilon_B=1e-3; p=2.3; xi_e=0.1; z=0.1; d_L=1e26 cm; no spreading; no SSC; no reverse shock,observer time and frequency,1.00000000e+09,3.16227766e+01,flux_density_cgs,7.36342237e-27,4.02760491e-01,1.73744880e-02,afterglowpy returns mJy; values converted to cgs; ratios are assumption-audit diagnostics
fs_synch_common_minimum,afterglowpy,0.8.1,PyPI afterglowpy==0.8.1,broad-band top-hat on-axis forward-shock synchrotron; uniform medium; E_iso=1e52 erg; Gamma0=300; theta_j=0.1 rad; n=1 cm^-3; epsilon_e=0.1; epsilon_B=1e-3; p=2.3; xi_e=0.1; z=0.1; d_L=1e26 cm; no spreading; no SSC; no reverse shock,observer time and frequency,1.00000000e+09,1.00000000e+02,flux_density_cgs,1.12380104e-26,5.99581719e-01,1.73744880e-02,afterglowpy returns mJy; values converted to cgs; ratios are assumption-audit diagnostics
fs_synch_common_minimum,afterglowpy,0.8.1,PyPI afterglowpy==0.8.1,broad-band top-hat on-axis forward-shock synchrotron; uniform medium; E_iso=1e52 erg; Gamma0=300; theta_j=0.1 rad; n=1 cm^-3; epsilon_e=0.1; epsilon_B=1e-3; p=2.3; xi_e=0.1; z=0.1; d_L=1e26 cm; no spreading; no SSC; no reverse shock,observer time and frequency,1.00000000e+09,3.16227766e+02,flux_density_cgs,1.93563966e-26,5.96193356e-01,1.73744880e-02,afterglowpy returns mJy; values converted to cgs; ratios are assumption-audit diagnostics
fs_synch_common_minimum,afterglowpy,0.8.1,PyPI afterglowpy==0.8.1,broad-band top-hat on-axis forward-shock synchrotron; uniform medium; E_iso=1e52 erg; Gamma0=300; theta_j=0.1 rad; n=1 cm^-3; epsilon_e=0.1; epsilon_B=1e-3; p=2.3; xi_e=0.1; z=0.1; d_L=1e26 cm; no spreading; no SSC; no reverse shock,observer time and frequency,1.00000000e+09,1.00000000e+03,flux_density_cgs,3.45066600e-26,6.80158848e-01,1.73744880e-02,afterglowpy returns mJy; values converted to cgs; ratios are assumption-audit diagnostics
fs_synch_common_minimum,afterglowpy,0.8.1,PyPI afterglowpy==0.8.1,broad-band top-hat on-axis forward-shock synchrotron; uniform medium; E_iso=1e52 erg; Gamma0=300; theta_j=0.1 rad; n=1 cm^-3; epsilon_e=0.1; epsilon_B=1e-3; p=2.3; xi_e=0.1; z=0.1; d_L=1e26 cm; no spreading; no SSC; no reverse shock,observer time and frequency,1.00000000e+09,3.16227766e+03,flux_density_cgs,6.18893708e-26,7.49232754e-01,1.73744880e-02,afterglowpy returns mJy; values converted to cgs; ratios are assumption-audit diagnostics
fs_synch_common_minimum,afterglowpy,0.8.1,PyPI afterglowpy==0.8.1,broad-band top-hat on-axis forward-shock synchrotron; uniform medium; E_iso=1e52 erg; Gamma0=300; theta_j=0.1 rad; n=1 cm^-3; epsilon_e=0.1; epsilon_B=1e-3; p=2.3; xi_e=0.1; z=0.1; d_L=1e26 cm; no spreading; no SSC; no reverse shock,observer time and frequency,1.00000000e+09,1.00000000e+04,flux_density_cgs,1.11649583e-25,8.03677166e-01,1.73744880e-02,afterglowpy returns mJy; values converted to cgs; ratios are assumption-audit diagnostics
fs_synch_common_minimum,afterglowpy,0.8.1,PyPI afterglowpy==0.8.1,broad-band top-hat on-axis forward-shock synchrotron; uniform medium; E_iso=1e52 erg; Gamma0=300; theta_j=0.1 rad; n=1 cm^-3; epsilon_e=0.1; epsilon_B=1e-3; p=2.3; xi_e=0.1; z=0.1; d_L=1e26 cm; no spreading; no SSC; no reverse shock,observer time and frequency,1.00000000e+09,3.16227766e+04,flux_density_cgs,2.01081368e-25,8.60878660e-01,1.73744880e-02,afterglowpy returns mJy; values converted to cgs; ratios are assumption-audit diagnostics
fs_synch_common_minimum,afterglowpy,0.8.1,PyPI afterglowpy==0.8.1,broad-band top-hat on-axis forward-shock synchrotron; uniform medium; E_iso=1e52 erg; Gamma0=300; theta_j=0.1 rad; n=1 cm^-3; epsilon_e=0.1; epsilon_B=1e-3; p=2.3; xi_e=0.1; z=0.1; d_L=1e26 cm; no spreading; no SSC; no reverse shock,observer time and frequency,1.00000000e+09,1.00000000e+05,flux_density_cgs,2.68577170e-25,9.59796747e-01,1.73744880e-02,afterglowpy returns mJy; values converted to cgs; ratios are assumption-audit diagnostics
fs_synch_common_minimum,afterglowpy,0.8.1,PyPI afterglowpy==0.8.1,broad-band top-hat on-axis forward-shock synchrotron; uniform medium; E_iso=1e52 erg; Gamma0=300; theta_j=0.1 rad; n=1 cm^-3; epsilon_e=0.1; epsilon_B=1e-3; p=2.3; xi_e=0.1; z=0.1; d_L=1e26 cm; no spreading; no SSC; no reverse shock,observer time and frequency,1.00000000e+09,3.16227766e+05,flux_density_cgs,2.58043695e-25,1.00496290e+00,1.73744880e-02,afterglowpy returns mJy; values converted to cgs; ratios are assumption-audit diagnostics
fs_synch_common_minimum,afterglowpy,0.8.1,PyPI afterglowpy==0.8.1,broad-band top-hat on-axis forward-shock synchrotron; uniform medium; E_iso=1e52 erg; Gamma0=300; theta_j=0.1 rad; n=1 cm^-3; epsilon_e=0.1; epsilon_B=1e-3; p=2.3; xi_e=0.1; z=0.1; d_L=1e26 cm; no spreading; no SSC; no reverse shock,observer time and frequency,1.00000000e+09,1.00000000e+06,flux_density_cgs,2.50044347e-25,1.06977725e+00,1.73744880e-02,afterglowpy returns mJy; values converted to cgs; ratios are assumption-audit diagnostics
fs_synch_common_minimum,afterglowpy,0.8.1,PyPI afterglowpy==0.8.1,broad-band top-hat on-axis forward-shock synchrotron; uniform medium; E_iso=1e52 erg; Gamma0=300; theta_j=0.1 rad; n=1 cm^-3; epsilon_e=0.1; epsilon_B=1e-3; p=2.3; xi_e=0.1; z=0.1; d_L=1e26 cm; no spreading; no SSC; no reverse shock,observer time and frequency,1.00000000e+09,3.16227766e+06,flux_density_cgs,2.78573724e-25,1.24146337e+00,1.73744880e-02,afterglowpy returns mJy; values converted to cgs; ratios are assumption-audit diagnostics
fs_synch_common_minimum,afterglowpy,0.8.1,PyPI afterglowpy==0.8.1,broad-band top-hat on-axis forward-shock synchrotron; uniform medium; E_iso=1e52 erg; Gamma0=300; theta_j=0.1 rad; n=1 cm^-3; epsilon_e=0.1; epsilon_B=1e-3; p=2.3; xi_e=0.1; z=0.1; d_L=1e26 cm; no spreading; no SSC; no reverse shock,observer time and frequency,1.00000000e+09,1.00000000e+07,flux_density_cgs,7.03593858e-26,4.16471027e-01,1.73744880e-02,afterglowpy returns mJy; values converted to cgs; ratios are assumption-audit diagnostics
fs_synch_common_minimum,afterglowpy,0.8.1,PyPI afterglowpy==0.8.1,broad-band top-hat on-axis forward-shock synchrotron; uniform medium; E_iso=1e52 erg; Gamma0=300; theta_j=0.1 rad; n=1 cm^-3; epsilon_e=0.1; epsilon_B=1e-3; p=2.3; xi_e=0.1; z=0.1; d_L=1e26 cm; no spreading; no SSC; no reverse shock,observer time and frequency,1.00000000e+09,3.16227766e+07,flux_density_cgs,1.07376231e-26,1.90269516e-01,1.73744880e-02,afterglowpy returns mJy; values converted to cgs; ratios are assumption-audit diagnostics
fs_synch_common_minimum,afterglowpy,0.8.1,PyPI afterglowpy==0.8.1,broad-band top-hat on-axis forward-shock synchrotron; uniform medium; E_iso=1e52 erg; Gamma0=300; theta_j=0.1 rad; n=1 cm^-3; epsilon_e=0.1; epsilon_B=1e-3; p=2.3; xi_e=0.1; z=0.1; d_L=1e26 cm; no spreading; no SSC; no reverse shock,observer time and frequency,1.00000000e+09,1.00000000e+08,flux_density_cgs,1.85545130e-27,1.36431468e-01,1.73744880e-02,afterglowpy returns mJy; values converted to cgs; ratios are assumption-audit diagnostics
fs_synch_common_minimum,afterglowpy,0.8.1,PyPI afterglowpy==0.8.1,broad-band top-hat on-axis forward-shock synchrotron; uniform medium; E_iso=1e52 erg; Gamma0=300; theta_j=0.1 rad; n=1 cm^-3; epsilon_e=0.1; epsilon_B=1e-3; p=2.3; xi_e=0.1; z=0.1; d_L=1e26 cm; no spreading; no SSC; no reverse shock,observer time and frequency,1.00000000e+10,1.00000000e+00,flux_density_cgs,8.76152430e-27,1.27576448e+03,1.73744880e-02,afterglowpy returns mJy; values converted to cgs; ratios are assumption-audit diagnostics
fs_synch_common_minimum,afterglowpy,0.8.1,PyPI afterglowpy==0.8.1,broad-band top-hat on-axis forward-shock synchrotron; uniform medium; E_iso=1e52 erg; Gamma0=300; theta_j=0.1 rad; n=1 cm^-3; epsilon_e=0.1; epsilon_B=1e-3; p=2.3; xi_e=0.1; z=0.1; d_L=1e26 cm; no spreading; no SSC; no reverse shock,observer time and frequency,1.00000000e+10,3.16227766e+00,flux_density_cgs,1.05877398e-26,4.18146381e+01,1.73744880e-02,afterglowpy returns mJy; values converted to cgs; ratios are assumption-audit diagnostics
fs_synch_common_minimum,afterglowpy,0.8.1,PyPI afterglowpy==0.8.1,broad-band top-hat on-axis forward-shock synchrotron; uniform medium; E_iso=1e52 erg; Gamma0=300; theta_j=0.1 rad; n=1 cm^-3; epsilon_e=0.1; epsilon_B=1e-3; p=2.3; xi_e=0.1; z=0.1; d_L=1e26 cm; no spreading; no SSC; no reverse shock,observer time and frequency,1.00000000e+10,1.00000000e+01,flux_density_cgs,1.28010331e-26,1.37334451e+00,1.73744880e-02,afterglowpy returns mJy; values converted to cgs; ratios are assumption-audit diagnostics
fs_synch_common_minimum,afterglowpy,0.8.1,PyPI afterglowpy==0.8.1,broad-band top-hat on-axis forward-shock synchrotron; uniform medium; E_iso=1e52 erg; Gamma0=300; theta_j=0.1 rad; n=1 cm^-3; epsilon_e=0.1; epsilon_B=1e-3; p=2.3; xi_e=0.1; z=0.1; d_L=1e26 cm; no spreading; no SSC; no reverse shock,observer time and frequency,1.00000000e+10,3.16227766e+01,flux_density_cgs,1.58640126e-26,3.88768622e-01,1.73744880e-02,afterglowpy returns mJy; values converted to cgs; ratios are assumption-audit diagnostics
fs_synch_common_minimum,afterglowpy,0.8.1,PyPI afterglowpy==0.8.1,broad-band top-hat on-axis forward-shock synchrotron; uniform medium; E_iso=1e52 erg; Gamma0=300; theta_j=0.1 rad; n=1 cm^-3; epsilon_e=0.1; epsilon_B=1e-3; p=2.3; xi_e=0.1; z=0.1; d_L=1e26 cm; no spreading; no SSC; no reverse shock,observer time and frequency,1.00000000e+10,1.00000000e+02,flux_density_cgs,2.42115595e-26,5.87850686e-01,1.73744880e-02,afterglowpy returns mJy; values converted to cgs; ratios are assumption-audit diagnostics
fs_synch_common_minimum,afterglowpy,0.8.1,PyPI afterglowpy==0.8.1,broad-band top-hat on-axis forward-shock synchrotron; uniform medium; E_iso=1e52 erg; Gamma0=300; theta_j=0.1 rad; n=1 cm^-3; epsilon_e=0.1; epsilon_B=1e-3; p=2.3; xi_e=0.1; z=0.1; d_L=1e26 cm; no spreading; no SSC; no reverse shock,observer time and frequency,1.00000000e+10,3.16227766e+02,flux_density_cgs,4.17020922e-26,5.89656996e-01,1.73744880e-02,afterglowpy returns mJy; values converted to cgs; ratios are assumption-audit diagnostics
fs_synch_common_minimum,afterglowpy,0.8.1,PyPI afterglowpy==0.8.1,broad-band top-hat on-axis forward-shock synchrotron; uniform medium; E_iso=1e52 erg; Gamma0=300; theta_j=0.1 rad; n=1 cm^-3; epsilon_e=0.1; epsilon_B=1e-3; p=2.3; xi_e=0.1; z=0.1; d_L=1e26 cm; no spreading; no SSC; no reverse shock,observer time and frequency,1.00000000e+10,1.00000000e+03,flux_density_cgs,7.43423453e-26,6.75558898e-01,1.73744880e-02,afterglowpy returns mJy; values converted to cgs; ratios are assumption-audit diagnostics
fs_synch_common_minimum,afterglowpy,0.8.1,PyPI afterglowpy==0.8.1,broad-band top-hat on-axis forward-shock synchrotron; uniform medium; E_iso=1e52 erg; Gamma0=300; theta_j=0.1 rad; n=1 cm^-3; epsilon_e=0.1; epsilon_B=1e-3; p=2.3; xi_e=0.1; z=0.1; d_L=1e26 cm; no spreading; no SSC; no reverse shock,observer time and frequency,1.00000000e+10,3.16227766e+03,flux_density_cgs,1.33336607e-25,7.45047515e-01,1.73744880e-02,afterglowpy returns mJy; values converted to cgs; ratios are assumption-audit diagnostics
fs_synch_common_minimum,afterglowpy,0.8.1,PyPI afterglowpy==0.8.1,broad-band top-hat on-axis forward-shock synchrotron; uniform medium; E_iso=1e52 erg; Gamma0=300; theta_j=0.1 rad; n=1 cm^-3; epsilon_e=0.1; epsilon_B=1e-3; p=2.3; xi_e=0.1; z=0.1; d_L=1e26 cm; no spreading; no SSC; no reverse shock,observer time and frequency,1.00000000e+10,1.00000000e+04,flux_density_cgs,2.40541734e-25,8.00085943e-01,1.73744880e-02,afterglowpy returns mJy; values converted to cgs; ratios are assumption-audit diagnostics
fs_synch_common_minimum,afterglowpy,0.8.1,PyPI afterglowpy==0.8.1,broad-band top-hat on-axis forward-shock synchrotron; uniform medium; E_iso=1e52 erg; Gamma0=300; theta_j=0.1 rad; n=1 cm^-3; epsilon_e=0.1; epsilon_B=1e-3; p=2.3; xi_e=0.1; z=0.1; d_L=1e26 cm; no spreading; no SSC; no reverse shock,observer time and frequency,1.00000000e+10,3.16227766e+04,flux_density_cgs,4.33216675e-25,8.58185701e-01,1.73744880e-02,afterglowpy returns mJy; values converted to cgs; ratios are assumption-audit diagnostics
fs_synch_common_minimum,afterglowpy,0.8.1,PyPI afterglowpy==0.8.1,broad-band top-hat on-axis forward-shock synchrotron; uniform medium; E_iso=1e52 erg; Gamma0=300; theta_j=0.1 rad; n=1 cm^-3; epsilon_e=0.1; epsilon_B=1e-3; p=2.3; xi_e=0.1; z=0.1; d_L=1e26 cm; no spreading; no SSC; no reverse shock,observer time and frequency,1.00000000e+10,1.00000000e+05,flux_density_cgs,5.78631973e-25,9.59319020e-01,1.73744880e-02,afterglowpy returns mJy; values converted to cgs; ratios are assumption-audit diagnostics
fs_synch_common_minimum,afterglowpy,0.8.1,PyPI afterglowpy==0.8.1,broad-band top-hat on-axis forward-shock synchrotron; uniform medium; E_iso=1e52 erg; Gamma0=300; theta_j=0.1 rad; n=1 cm^-3; epsilon_e=0.1; epsilon_B=1e-3; p=2.3; xi_e=0.1; z=0.1; d_L=1e26 cm; no spreading; no SSC; no reverse shock,observer time and frequency,1.00000000e+10,3.16227766e+05,flux_density_cgs,5.55938287e-25,1.02267137e+00,1.73744880e-02,afterglowpy returns mJy; values converted to cgs; ratios are assumption-audit diagnostics
fs_synch_common_minimum,afterglowpy,0.8.1,PyPI afterglowpy==0.8.1,broad-band top-hat on-axis forward-shock synchrotron; uniform medium; E_iso=1e52 erg; Gamma0=300; theta_j=0.1 rad; n=1 cm^-3; epsilon_e=0.1; epsilon_B=1e-3; p=2.3; xi_e=0.1; z=0.1; d_L=1e26 cm; no spreading; no SSC; no reverse shock,observer time and frequency,1.00000000e+10,1.00000000e+06,flux_density_cgs,5.38704215e-25,1.19519761e+00,1.73744880e-02,afterglowpy returns mJy; values converted to cgs; ratios are assumption-audit diagnostics
fs_synch_common_minimum,afterglowpy,0.8.1,PyPI afterglowpy==0.8.1,broad-band top-hat on-axis forward-shock synchrotron; uniform medium; E_iso=1e52 erg; Gamma0=300; theta_j=0.1 rad; n=1 cm^-3; epsilon_e=0.1; epsilon_B=1e-3; p=2.3; xi_e=0.1; z=0.1; d_L=1e26 cm; no spreading; no SSC; no reverse shock,observer time and frequency,1.00000000e+10,3.16227766e+06,flux_density_cgs,1.17983647e-25,4.24594670e-01,1.73744880e-02,afterglowpy returns mJy; values converted to cgs; ratios are assumption-audit diagnostics
fs_synch_common_minimum,afterglowpy,0.8.1,PyPI afterglowpy==0.8.1,broad-band top-hat on-axis forward-shock synchrotron; uniform medium; E_iso=1e52 erg; Gamma0=300; theta_j=0.1 rad; n=1 cm^-3; epsilon_e=0.1; epsilon_B=1e-3; p=2.3; xi_e=0.1; z=0.1; d_L=1e26 cm; no spreading; no SSC; no reverse shock,observer time and frequency,1.00000000e+10,1.00000000e+07,flux_density_cgs,1.57515044e-26,2.05220276e-01,1.73744880e-02,afterglowpy returns mJy; values converted to cgs; ratios are assumption-audit diagnostics
fs_synch_common_minimum,afterglowpy,0.8.1,PyPI afterglowpy==0.8.1,broad-band top-hat on-axis forward-shock synchrotron; uniform medium; E_iso=1e52 erg; Gamma0=300; theta_j=0.1 rad; n=1 cm^-3; epsilon_e=0.1; epsilon_B=1e-3; p=2.3; xi_e=0.1; z=0.1; d_L=1e26 cm; no spreading; no SSC; no reverse shock,observer time and frequency,1.00000000e+10,3.16227766e+07,flux_density_cgs,2.40385438e-27,1.56691306e-01,1.73744880e-02,afterglowpy returns mJy; values converted to cgs; ratios are assumption-audit diagnostics
fs_synch_common_minimum,afterglowpy,0.8.1,PyPI afterglowpy==0.8.1,broad-band top-hat on-axis forward-shock synchrotron; uniform medium; E_iso=1e52 erg; Gamma0=300; theta_j=0.1 rad; n=1 cm^-3; epsilon_e=0.1; epsilon_B=1e-3; p=2.3; xi_e=0.1; z=0.1; d_L=1e26 cm; no spreading; no SSC; no reverse shock,observer time and frequency,1.00000000e+10,1.00000000e+08,flux_density_cgs,4.15383804e-28,1.29762178e-01,1.73744880e-02,afterglowpy returns mJy; values converted to cgs; ratios are assumption-audit diagnostics
fs_synch_common_minimum,afterglowpy,0.8.1,PyPI afterglowpy==0.8.1,broad-band top-hat on-axis forward-shock synchrotron; uniform medium; E_iso=1e52 erg; Gamma0=300; theta_j=0.1 rad; n=1 cm^-3; epsilon_e=0.1; epsilon_B=1e-3; p=2.3; xi_e=0.1; z=0.1; d_L=1e26 cm; no spreading; no SSC; no reverse shock,observer time and frequency,1.00000000e+12,1.00000000e+00,flux_density_cgs,4.06673934e-26,1.27578704e+03,1.73744880e-02,afterglowpy returns mJy; values converted to cgs; ratios are assumption-audit diagnostics
fs_synch_common_minimum,afterglowpy,0.8.1,PyPI afterglowpy==0.8.1,broad-band top-hat on-axis forward-shock synchrotron; uniform medium; E_iso=1e52 erg; Gamma0=300; theta_j=0.1 rad; n=1 cm^-3; epsilon_e=0.1; epsilon_B=1e-3; p=2.3; xi_e=0.1; z=0.1; d_L=1e26 cm; no spreading; no SSC; no reverse shock,observer time and frequency,1.00000000e+12,3.16227766e+00,flux_density_cgs,4.91439346e-26,4.18145653e+01,1.73744880e-02,afterglowpy returns mJy; values converted to cgs; ratios are assumption-audit diagnostics
fs_synch_common_minimum,afterglowpy,0.8.1,PyPI afterglowpy==0.8.1,broad-band top-hat on-axis forward-shock synchrotron; uniform medium; E_iso=1e52 erg; Gamma0=300; theta_j=0.1 rad; n=1 cm^-3; epsilon_e=0.1; epsilon_B=1e-3; p=2.3; xi_e=0.1; z=0.1; d_L=1e26 cm; no spreading; no SSC; no reverse shock,observer time and frequency,1.00000000e+12,1.00000000e+01,flux_density_cgs,5.94171322e-26,1.37280124e+00,1.73744880e-02,afterglowpy returns mJy; values converted to cgs; ratios are assumption-audit diagnostics
fs_synch_common_minimum,afterglowpy,0.8.1,PyPI afterglowpy==0.8.1,broad-band top-hat on-axis forward-shock synchrotron; uniform medium; E_iso=1e52 erg; Gamma0=300; theta_j=0.1 rad; n=1 cm^-3; epsilon_e=0.1; epsilon_B=1e-3; p=2.3; xi_e=0.1; z=0.1; d_L=1e26 cm; no spreading; no SSC; no reverse shock,observer time and frequency,1.00000000e+12,3.16227766e+01,flux_density_cgs,7.36342237e-26,3.88558361e-01,1.73744880e-02,afterglowpy returns mJy; values converted to cgs; ratios are assumption-audit diagnostics
fs_synch_common_minimum,afterglowpy,0.8.1,PyPI afterglowpy==0.8.1,broad-band top-hat on-axis forward-shock synchrotron; uniform medium; E_iso=1e52 erg; Gamma0=300; theta_j=0.1 rad; n=1 cm^-3; epsilon_e=0.1; epsilon_B=1e-3; p=2.3; xi_e=0.1; z=0.1; d_L=1e26 cm; no spreading; no SSC; no reverse shock,observer time and frequency,1.00000000e+12,1.00000000e+02,flux_density_cgs,1.12380104e-25,5.87914765e-01,1.73744880e-02,afterglowpy returns mJy; values converted to cgs; ratios are assumption-audit diagnostics
fs_synch_common_minimum,afterglowpy,0.8.1,PyPI afterglowpy==0.8.1,broad-band top-hat on-axis forward-shock synchrotron; uniform medium; E_iso=1e52 erg; Gamma0=300; theta_j=0.1 rad; n=1 cm^-3; epsilon_e=0.1; epsilon_B=1e-3; p=2.3; xi_e=0.1; z=0.1; d_L=1e26 cm; no spreading; no SSC; no reverse shock,observer time and frequency,1.00000000e+12,3.16227766e+02,flux_density_cgs,1.93563966e-25,5.90084409e-01,1.73744880e-02,afterglowpy returns mJy; values converted to cgs; ratios are assumption-audit diagnostics
fs_synch_common_minimum,afterglowpy,0.8.1,PyPI afterglowpy==0.8.1,broad-band top-hat on-axis forward-shock synchrotron; uniform medium; E_iso=1e52 erg; Gamma0=300; theta_j=0.1 rad; n=1 cm^-3; epsilon_e=0.1; epsilon_B=1e-3; p=2.3; xi_e=0.1; z=0.1; d_L=1e26 cm; no spreading; no SSC; no reverse shock,observer time and frequency,1.00000000e+12,1.00000000e+03,flux_density_cgs,3.45066600e-25,6.76715601e-01,1.73744880e-02,afterglowpy returns mJy; values converted to cgs; ratios are assumption-audit diagnostics
fs_synch_common_minimum,afterglowpy,0.8.1,PyPI afterglowpy==0.8.1,broad-band top-hat on-axis forward-shock synchrotron; uniform medium; E_iso=1e52 erg; Gamma0=300; theta_j=0.1 rad; n=1 cm^-3; epsilon_e=0.1; epsilon_B=1e-3; p=2.3; xi_e=0.1; z=0.1; d_L=1e26 cm; no spreading; no SSC; no reverse shock,observer time and frequency,1.00000000e+12,3.16227766e+03,flux_density_cgs,6.18893708e-25,7.48108395e-01,1.73744880e-02,afterglowpy returns mJy; values converted to cgs; ratios are assumption-audit diagnostics
fs_synch_common_minimum,afterglowpy,0.8.1,PyPI afterglowpy==0.8.1,broad-band top-hat on-axis forward-shock synchrotron; uniform medium; E_iso=1e52 erg; Gamma0=300; theta_j=0.1 rad; n=1 cm^-3; epsilon_e=0.1; epsilon_B=1e-3; p=2.3; xi_e=0.1; z=0.1; d_L=1e26 cm; no spreading; no SSC; no reverse shock,observer time and frequency,1.00000000e+12,1.00000000e+04,flux_density_cgs,1.11649583e-24,8.09512017e-01,1.73744880e-02,afterglowpy returns mJy; values converted to cgs; ratios are assumption-audit diagnostics
fs_synch_common_minimum,afterglowpy,0.8.1,PyPI afterglowpy==0.8.1,broad-band top-hat on-axis forward-shock synchrotron; uniform medium; E_iso=1e52 erg; Gamma0=300; theta_j=0.1 rad; n=1 cm^-3; epsilon_e=0.1; epsilon_B=1e-3; p=2.3; xi_e=0.1; z=0.1; d_L=1e26 cm; no spreading; no SSC; no reverse shock,observer time and frequency,1.00000000e+12,3.16227766e+04,flux_density_cgs,2.01081368e-24,8.92981009e-01,1.73744880e-02,afterglowpy returns mJy; values converted to cgs; ratios are assumption-audit diagnostics
fs_synch_common_minimum,afterglowpy,0.8.1,PyPI afterglowpy==0.8.1,broad-band top-hat on-axis forward-shock synchrotron; uniform medium; E_iso=1e52 erg; Gamma0=300; theta_j=0.1 rad; n=1 cm^-3; epsilon_e=0.1; epsilon_B=1e-3; p=2.3; xi_e=0.1; z=0.1; d_L=1e26 cm; no spreading; no SSC; no reverse shock,observer time and frequency,1.00000000e+12,1.00000000e+05,flux_density_cgs,2.68577170e-24,1.14493308e+00,1.73744880e-02,afterglowpy returns mJy; values converted to cgs; ratios are assumption-audit diagnostics
fs_synch_common_minimum,afterglowpy,0.8.1,PyPI afterglowpy==0.8.1,broad-band top-hat on-axis forward-shock synchrotron; uniform medium; E_iso=1e52 erg; Gamma0=300; theta_j=0.1 rad; n=1 cm^-3; epsilon_e=0.1; epsilon_B=1e-3; p=2.3; xi_e=0.1; z=0.1; d_L=1e26 cm; no spreading; no SSC; no reverse shock,observer time and frequency,1.00000000e+12,3.16227766e+05,flux_density_cgs,5.03361078e-25,4.49597231e-01,1.73744880e-02,afterglowpy returns mJy; values converted to cgs; ratios are assumption-audit diagnostics
fs_synch_common_minimum,afterglowpy,0.8.1,PyPI afterglowpy==0.8.1,broad-band top-hat on-axis forward-shock synchrotron; uniform medium; E_iso=1e52 erg; Gamma0=300; theta_j=0.1 rad; n=1 cm^-3; epsilon_e=0.1; epsilon_B=1e-3; p=2.3; xi_e=0.1; z=0.1; d_L=1e26 cm; no spreading; no SSC; no reverse shock,observer time and frequency,1.00000000e+12,1.00000000e+06,flux_density_cgs,5.06871191e-26,2.42454719e-01,1.73744880e-02,afterglowpy returns mJy; values converted to cgs; ratios are assumption-audit diagnostics
fs_synch_common_minimum,afterglowpy,0.8.1,PyPI afterglowpy==0.8.1,broad-band top-hat on-axis forward-shock synchrotron; uniform medium; E_iso=1e52 erg; Gamma0=300; theta_j=0.1 rad; n=1 cm^-3; epsilon_e=0.1; epsilon_B=1e-3; p=2.3; xi_e=0.1; z=0.1; d_L=1e26 cm; no spreading; no SSC; no reverse shock,observer time and frequency,1.00000000e+12,3.16227766e+06,flux_density_cgs,5.91318976e-27,2.01484382e-01,1.73744880e-02,afterglowpy returns mJy; values converted to cgs; ratios are assumption-audit diagnostics
fs_synch_common_minimum,afterglowpy,0.8.1,PyPI afterglowpy==0.8.1,broad-band top-hat on-axis forward-shock synchrotron; uniform medium; E_iso=1e52 erg; Gamma0=300; theta_j=0.1 rad; n=1 cm^-3; epsilon_e=0.1; epsilon_B=1e-3; p=2.3; xi_e=0.1; z=0.1; d_L=1e26 cm; no spreading; no SSC; no reverse shock,observer time and frequency,1.00000000e+12,1.00000000e+07,flux_density_cgs,7.89445293e-28,1.78576624e-01,1.73744880e-02,afterglowpy returns mJy; values converted to cgs; ratios are assumption-audit diagnostics
fs_synch_common_minimum,afterglowpy,0.8.1,PyPI afterglowpy==0.8.1,broad-band top-hat on-axis forward-shock synchrotron; uniform medium; E_iso=1e52 erg; Gamma0=300; theta_j=0.1 rad; n=1 cm^-3; epsilon_e=0.1; epsilon_B=1e-3; p=2.3; xi_e=0.1; z=0.1; d_L=1e26 cm; no spreading; no SSC; no reverse shock,observer time and frequency,1.00000000e+12,3.16227766e+07,flux_density_cgs,1.20478113e-28,1.56300780e-01,1.73744880e-02,afterglowpy returns mJy; values converted to cgs; ratios are assumption-audit diagnostics
fs_synch_common_minimum,afterglowpy,0.8.1,PyPI afterglowpy==0.8.1,broad-band top-hat on-axis forward-shock synchrotron; uniform medium; E_iso=1e52 erg; Gamma0=300; theta_j=0.1 rad; n=1 cm^-3; epsilon_e=0.1; epsilon_B=1e-3; p=2.3; xi_e=0.1; z=0.1; d_L=1e26 cm; no spreading; no SSC; no reverse shock,observer time and frequency,1.00000000e+12,1.00000000e+08,flux_density_cgs,2.08185060e-29,1.34999901e-01,1.73744880e-02,afterglowpy returns mJy; values converted to cgs; ratios are assumption-audit diagnostics
fs_synch_common_minimum,afterglowpy,0.8.1,PyPI afterglowpy==0.8.1,broad-band top-hat on-axis forward-shock synchrotron; uniform medium; E_iso=1e52 erg; Gamma0=300; theta_j=0.1 rad; n=1 cm^-3; epsilon_e=0.1; epsilon_B=1e-3; p=2.3; xi_e=0.1; z=0.1; d_L=1e26 cm; no spreading; no SSC; no reverse shock,observer time and frequency,1.00000000e+14,1.00000000e+00,flux_density_cgs,1.88761319e-25,1.27657955e+03,1.73744880e-02,afterglowpy returns mJy; values converted to cgs; ratios are assumption-audit diagnostics
fs_synch_common_minimum,afterglowpy,0.8.1,PyPI afterglowpy==0.8.1,broad-band top-hat on-axis forward-shock synchrotron; uniform medium; E_iso=1e52 erg; Gamma0=300; theta_j=0.1 rad; n=1 cm^-3; epsilon_e=0.1; epsilon_B=1e-3; p=2.3; xi_e=0.1; z=0.1; d_L=1e26 cm; no spreading; no SSC; no reverse shock,observer time and frequency,1.00000000e+14,3.16227766e+00,flux_density_cgs,2.28105938e-25,4.18548071e+01,1.73744880e-02,afterglowpy returns mJy; values converted to cgs; ratios are assumption-audit diagnostics
fs_synch_common_minimum,afterglowpy,0.8.1,PyPI afterglowpy==0.8.1,broad-band top-hat on-axis forward-shock synchrotron; uniform medium; E_iso=1e52 erg; Gamma0=300; theta_j=0.1 rad; n=1 cm^-3; epsilon_e=0.1; epsilon_B=1e-3; p=2.3; xi_e=0.1; z=0.1; d_L=1e26 cm; no spreading; no SSC; no reverse shock,observer time and frequency,1.00000000e+14,1.00000000e+01,flux_density_cgs,2.75789897e-25,1.37565003e+00,1.73744880e-02,afterglowpy returns mJy; values converted to cgs; ratios are assumption-audit diagnostics
fs_synch_common_minimum,afterglowpy,0.8.1,PyPI afterglowpy==0.8.1,broad-band top-hat on-axis forward-shock synchrotron; uniform medium; E_iso=1e52 erg; Gamma0=300; theta_j=0.1 rad; n=1 cm^-3; epsilon_e=0.1; epsilon_B=1e-3; p=2.3; xi_e=0.1; z=0.1; d_L=1e26 cm; no spreading; no SSC; no reverse shock,observer time and frequency,1.00000000e+14,3.16227766e+01,flux_density_cgs,3.41779790e-25,3.90641523e-01,1.73744880e-02,afterglowpy returns mJy; values converted to cgs; ratios are assumption-audit diagnostics
fs_synch_common_minimum,afterglowpy,0.8.1,PyPI afterglowpy==0.8.1,broad-band top-hat on-axis forward-shock synchrotron; uniform medium; E_iso=1e52 erg; Gamma0=300; theta_j=0.1 rad; n=1 cm^-3; epsilon_e=0.1; epsilon_B=1e-3; p=2.3; xi_e=0.1; z=0.1; d_L=1e26 cm; no spreading; no SSC; no reverse shock,observer time and frequency,1.00000000e+14,1.00000000e+02,flux_density_cgs,5.21622236e-25,5.94348356e-01,1.73744880e-02,afterglowpy returns mJy; values converted to cgs; ratios are assumption-audit diagnostics
fs_synch_common_minimum,afterglowpy,0.8.1,PyPI afterglowpy==0.8.1,broad-band top-hat on-axis forward-shock synchrotron; uniform medium; E_iso=1e52 erg; Gamma0=300; theta_j=0.1 rad; n=1 cm^-3; epsilon_e=0.1; epsilon_B=1e-3; p=2.3; xi_e=0.1; z=0.1; d_L=1e26 cm; no spreading; no SSC; no reverse shock,observer time and frequency,1.00000000e+14,3.16227766e+02,flux_density_cgs,8.98444341e-25,6.01330876e-01,1.73744880e-02,afterglowpy returns mJy; values converted to cgs; ratios are assumption-audit diagnostics
fs_synch_common_minimum,afterglowpy,0.8.1,PyPI afterglowpy==0.8.1,broad-band top-hat on-axis forward-shock synchrotron; uniform medium; E_iso=1e52 erg; Gamma0=300; theta_j=0.1 rad; n=1 cm^-3; epsilon_e=0.1; epsilon_B=1e-3; p=2.3; xi_e=0.1; z=0.1; d_L=1e26 cm; no spreading; no SSC; no reverse shock,observer time and frequency,1.00000000e+14,1.00000000e+03,flux_density_cgs,1.60165728e-24,7.04223384e-01,1.73744880e-02,afterglowpy returns mJy; values converted to cgs; ratios are assumption-audit diagnostics
fs_synch_common_minimum,afterglowpy,0.8.1,PyPI afterglowpy==0.8.1,broad-band top-hat on-axis forward-shock synchrotron; uniform medium; E_iso=1e52 erg; Gamma0=300; theta_j=0.1 rad; n=1 cm^-3; epsilon_e=0.1; epsilon_B=1e-3; p=2.3; xi_e=0.1; z=0.1; d_L=1e26 cm; no spreading; no SSC; no reverse shock,observer time and frequency,1.00000000e+14,3.16227766e+03,flux_density_cgs,2.87265012e-24,8.27878585e-01,1.73744880e-02,afterglowpy returns mJy; values converted to cgs; ratios are assumption-audit diagnostics
fs_synch_common_minimum,afterglowpy,0.8.1,PyPI afterglowpy==0.8.1,broad-band top-hat on-axis forward-shock synchrotron; uniform medium; E_iso=1e52 erg; Gamma0=300; theta_j=0.1 rad; n=1 cm^-3; epsilon_e=0.1; epsilon_B=1e-3; p=2.3; xi_e=0.1; z=0.1; d_L=1e26 cm; no spreading; no SSC; no reverse shock,observer time and frequency,1.00000000e+14,1.00000000e+04,flux_density_cgs,4.51718450e-24,9.54975404e-01,1.73744880e-02,afterglowpy returns mJy; values converted to cgs; ratios are assumption-audit diagnostics
fs_synch_common_minimum,afterglowpy,0.8.1,PyPI afterglowpy==0.8.1,broad-band top-hat on-axis forward-shock synchrotron; uniform medium; E_iso=1e52 erg; Gamma0=300; theta_j=0.1 rad; n=1 cm^-3; epsilon_e=0.1; epsilon_B=1e-3; p=2.3; xi_e=0.1; z=0.1; d_L=1e26 cm; no spreading; no SSC; no reverse shock,observer time and frequency,1.00000000e+14,3.16227766e+04,flux_density_cgs,2.90366287e-24,7.11900474e-01,1.73744880e-02,afterglowpy returns mJy; values converted to cgs; ratios are assumption-audit diagnostics
fs_synch_common_minimum,afterglowpy,0.8.1,PyPI afterglowpy==0.8.1,broad-band top-hat on-axis forward-shock synchrotron; uniform medium; E_iso=1e52 erg; Gamma0=300; theta_j=0.1 rad; n=1 cm^-3; epsilon_e=0.1; epsilon_B=1e-3; p=2.3; xi_e=0.1; z=0.1; d_L=1e26 cm; no spreading; no SSC; no reverse shock,observer time and frequency,1.00000000e+14,1.00000000e+05,flux_density_cgs,3.07561622e-25,3.75262474e-01,1.73744880e-02,afterglowpy returns mJy; values converted to cgs; ratios are assumption-audit diagnostics
fs_synch_common_minimum,afterglowpy,0.8.1,PyPI afterglowpy==0.8.1,broad-band top-hat on-axis forward-shock synchrotron; uniform medium; E_iso=1e52 erg; Gamma0=300; theta_j=0.1 rad; n=1 cm^-3; epsilon_e=0.1; epsilon_B=1e-3; p=2.3; xi_e=0.1; z=0.1; d_L=1e26 cm; no spreading; no SSC; no reverse shock,observer time and frequency,1.00000000e+14,3.16227766e+05,flux_density_cgs,2.52278146e-26,2.86773931e-01,1.73744880e-02,afterglowpy returns mJy; values converted to cgs; ratios are assumption-audit diagnostics
fs_synch_common_minimum,afterglowpy,0.8.1,PyPI afterglowpy==0.8.1,broad-band top-hat on-axis forward-shock synchrotron; uniform medium; E_iso=1e52 erg; Gamma0=300; theta_j=0.1 rad; n=1 cm^-3; epsilon_e=0.1; epsilon_B=1e-3; p=2.3; xi_e=0.1; z=0.1; d_L=1e26 cm; no spreading; no SSC; no reverse shock,observer time and frequency,1.00000000e+14,1.00000000e+06,flux_density_cgs,2.54037370e-27,2.50971795e-01,1.73744880e-02,afterglowpy returns mJy; values converted to cgs; ratios are assumption-audit diagnostics
fs_synch_common_minimum,afterglowpy,0.8.1,PyPI afterglowpy==0.8.1,broad-band top-hat on-axis forward-shock synchrotron; uniform medium; E_iso=1e52 erg; Gamma0=300; theta_j=0.1 rad; n=1 cm^-3; epsilon_e=0.1; epsilon_B=1e-3; p=2.3; xi_e=0.1; z=0.1; d_L=1e26 cm; no spreading; no SSC; no reverse shock,observer time and frequency,1.00000000e+14,3.16227766e+06,flux_density_cgs,2.96361522e-28,2.28961475e-01,1.73744880e-02,afterglowpy returns mJy; values converted to cgs; ratios are assumption-audit diagnostics
fs_synch_common_minimum,afterglowpy,0.8.1,PyPI afterglowpy==0.8.1,broad-band top-hat on-axis forward-shock synchrotron; uniform medium; E_iso=1e52 erg; Gamma0=300; theta_j=0.1 rad; n=1 cm^-3; epsilon_e=0.1; epsilon_B=1e-3; p=2.3; xi_e=0.1; z=0.1; d_L=1e26 cm; no spreading; no SSC; no reverse shock,observer time and frequency,1.00000000e+14,1.00000000e+07,flux_density_cgs,3.95659902e-29,2.12570119e-01,1.73744880e-02,afterglowpy returns mJy; values converted to cgs; ratios are assumption-audit diagnostics
fs_synch_common_minimum,afterglowpy,0.8.1,PyPI afterglowpy==0.8.1,broad-band top-hat on-axis forward-shock synchrotron; uniform medium; E_iso=1e52 erg; Gamma0=300; theta_j=0.1 rad; n=1 cm^-3; epsilon_e=0.1; epsilon_B=1e-3; p=2.3; xi_e=0.1; z=0.1; d_L=1e26 cm; no spreading; no SSC; no reverse shock,observer time and frequency,1.00000000e+14,3.16227766e+07,flux_density_cgs,6.03820921e-30,1.96423412e-01,1.73744880e-02,afterglowpy returns mJy; values converted to cgs; ratios are assumption-audit diagnostics
fs_synch_common_minimum,afterglowpy,0.8.1,PyPI afterglowpy==0.8.1,broad-band top-hat on-axis forward-shock synchrotron; uniform medium; E_iso=1e52 erg; Gamma0=300; theta_j=0.1 rad; n=1 cm^-3; epsilon_e=0.1; epsilon_B=1e-3; p=2.3; xi_e=0.1; z=0.1; d_L=1e26 cm; no spreading; no SSC; no reverse shock,observer time and frequency,1.00000000e+14,1.00000000e+08,flux_density_cgs,1.04339694e-30,1.81910325e-01,1.73744880e-02,afterglowpy returns mJy; values converted to cgs; ratios are assumption-audit diagnostics
fs_synch_common_minimum,afterglowpy,0.8.1,PyPI afterglowpy==0.8.1,broad-band top-hat on-axis forward-shock synchrotron; uniform medium; E_iso=1e52 erg; Gamma0=300; theta_j=0.1 rad; n=1 cm^-3; epsilon_e=0.1; epsilon_B=1e-3; p=2.3; xi_e=0.1; z=0.1; d_L=1e26 cm; no spreading; no SSC; no reverse shock,observer time and frequency,5.00000000e+14,1.00000000e+00,flux_density_cgs,3.22777315e-25,1.27828096e+03,1.73744880e-02,afterglowpy returns mJy; values converted to cgs; ratios are assumption-audit diagnostics
fs_synch_common_minimum,afterglowpy,0.8.1,PyPI afterglowpy==0.8.1,broad-band top-hat on-axis forward-shock synchrotron; uniform medium; E_iso=1e52 erg; Gamma0=300; theta_j=0.1 rad; n=1 cm^-3; epsilon_e=0.1; epsilon_B=1e-3; p=2.3; xi_e=0.1; z=0.1; d_L=1e26 cm; no spreading; no SSC; no reverse shock,observer time and frequency,5.00000000e+14,3.16227766e+00,flux_density_cgs,3.90055668e-25,4.19346824e+01,1.73744880e-02,afterglowpy returns mJy; values converted to cgs; ratios are assumption-audit diagnostics
fs_synch_common_minimum,afterglowpy,0.8.1,PyPI afterglowpy==0.8.1,broad-band top-hat on-axis forward-shock synchrotron; uniform medium; E_iso=1e52 erg; Gamma0=300; theta_j=0.1 rad; n=1 cm^-3; epsilon_e=0.1; epsilon_B=1e-3; p=2.3; xi_e=0.1; z=0.1; d_L=1e26 cm; no spreading; no SSC; no reverse shock,observer time and frequency,5.00000000e+14,1.00000000e+01,flux_density_cgs,4.71594091e-25,1.38145230e+00,1.73744880e-02,afterglowpy returns mJy; values converted to cgs; ratios are assumption-audit diagnostics
fs_synch_common_minimum,afterglowpy,0.8.1,PyPI afterglowpy==0.8.1,broad-band top-hat on-axis forward-shock synchrotron; uniform medium; E_iso=1e52 erg; Gamma0=300; theta_j=0.1 rad; n=1 cm^-3; epsilon_e=0.1; epsilon_B=1e-3; p=2.3; xi_e=0.1; z=0.1; d_L=1e26 cm; no spreading; no SSC; no reverse shock,observer time and frequency,5.00000000e+14,3.16227766e+01,flux_density_cgs,5.84435221e-25,3.94647315e-01,1.73744880e-02,afterglowpy returns mJy; values converted to cgs; ratios are assumption-audit diagnostics
fs_synch_common_minimum,afterglowpy,0.8.1,PyPI afterglowpy==0.8.1,broad-band top-hat on-axis forward-shock synchrotron; uniform medium; E_iso=1e52 erg; Gamma0=300; theta_j=0.1 rad; n=1 cm^-3; epsilon_e=0.1; epsilon_B=1e-3; p=2.3; xi_e=0.1; z=0.1; d_L=1e26 cm; no spreading; no SSC; no reverse shock,observer time and frequency,5.00000000e+14,1.00000000e+02,flux_density_cgs,8.91961477e-25,6.06753989e-01,1.73744880e-02,afterglowpy returns mJy; values converted to cgs; ratios are assumption-audit diagnostics
fs_synch_common_minimum,afterglowpy,0.8.1,PyPI afterglowpy==0.8.1,broad-band top-hat on-axis forward-shock synchrotron; uniform medium; E_iso=1e52 erg; Gamma0=300; theta_j=0.1 rad; n=1 cm^-3; epsilon_e=0.1; epsilon_B=1e-3; p=2.3; xi_e=0.1; z=0.1; d_L=1e26 cm; no spreading; no SSC; no reverse shock,observer time and frequency,5.00000000e+14,3.16227766e+02,flux_density_cgs,1.53631821e-24,6.23832495e-01,1.73744880e-02,afterglowpy returns mJy; values converted to cgs; ratios are assumption-audit diagnostics
fs_synch_common_minimum,afterglowpy,0.8.1,PyPI afterglowpy==0.8.1,broad-band top-hat on-axis forward-shock synchrotron; uniform medium; E_iso=1e52 erg; Gamma0=300; theta_j=0.1 rad; n=1 cm^-3; epsilon_e=0.1; epsilon_B=1e-3; p=2.3; xi_e=0.1; z=0.1; d_L=1e26 cm; no spreading; no SSC; no reverse shock,observer time and frequency,5.00000000e+14,1.00000000e+03,flux_density_cgs,2.73879542e-24,7.62287494e-01,1.73744880e-02,afterglowpy returns mJy; values converted to cgs; ratios are assumption-audit diagnostics
fs_synch_common_minimum,afterglowpy,0.8.1,PyPI afterglowpy==0.8.1,broad-band top-hat on-axis forward-shock synchrotron; uniform medium; E_iso=1e52 erg; Gamma0=300; theta_j=0.1 rad; n=1 cm^-3; epsilon_e=0.1; epsilon_B=1e-3; p=2.3; xi_e=0.1; z=0.1; d_L=1e26 cm; no spreading; no SSC; no reverse shock,observer time and frequency,5.00000000e+14,3.16227766e+03,flux_density_cgs,4.55435032e-24,9.43324018e-01,1.73744880e-02,afterglowpy returns mJy; values converted to cgs; ratios are assumption-audit diagnostics
fs_synch_common_minimum,afterglowpy,0.8.1,PyPI afterglowpy==0.8.1,broad-band top-hat on-axis forward-shock synchrotron; uniform medium; E_iso=1e52 erg; Gamma0=300; theta_j=0.1 rad; n=1 cm^-3; epsilon_e=0.1; epsilon_B=1e-3; p=2.3; xi_e=0.1; z=0.1; d_L=1e26 cm; no spreading; no SSC; no reverse shock,observer time and frequency,5.00000000e+14,1.00000000e+04,flux_density_cgs,3.33455950e-24,7.36026189e-01,1.73744880e-02,afterglowpy returns mJy; values converted to cgs; ratios are assumption-audit diagnostics
fs_synch_common_minimum,afterglowpy,0.8.1,PyPI afterglowpy==0.8.1,broad-band top-hat on-axis forward-shock synchrotron; uniform medium; E_iso=1e52 erg; Gamma0=300; theta_j=0.1 rad; n=1 cm^-3; epsilon_e=0.1; epsilon_B=1e-3; p=2.3; xi_e=0.1; z=0.1; d_L=1e26 cm; no spreading; no SSC; no reverse shock,observer time and frequency,5.00000000e+14,3.16227766e+04,flux_density_cgs,1.14403388e-24,5.40238659e-01,1.73744880e-02,afterglowpy returns mJy; values converted to cgs; ratios are assumption-audit diagnostics
fs_synch_common_minimum,afterglowpy,0.8.1,PyPI afterglowpy==0.8.1,broad-band top-hat on-axis forward-shock synchrotron; uniform medium; E_iso=1e52 erg; Gamma0=300; theta_j=0.1 rad; n=1 cm^-3; epsilon_e=0.1; epsilon_B=1e-3; p=2.3; xi_e=0.1; z=0.1; d_L=1e26 cm; no spreading; no SSC; no reverse shock,observer time and frequency,5.00000000e+14,1.00000000e+05,flux_density_cgs,1.08044245e-25,3.91922266e-01,1.73744880e-02,afterglowpy returns mJy; values converted to cgs; ratios are assumption-audit diagnostics
fs_synch_common_minimum,afterglowpy,0.8.1,PyPI afterglowpy==0.8.1,broad-band top-hat on-axis forward-shock synchrotron; uniform medium; E_iso=1e52 erg; Gamma0=300; theta_j=0.1 rad; n=1 cm^-3; epsilon_e=0.1; epsilon_B=1e-3; p=2.3; xi_e=0.1; z=0.1; d_L=1e26 cm; no spreading; no SSC; no reverse shock,observer time and frequency,5.00000000e+14,3.16227766e+05,flux_density_cgs,8.86235470e-27,3.13407629e-01,1.73744880e-02,afterglowpy returns mJy; values converted to cgs; ratios are assumption-audit diagnostics
fs_synch_common_minimum,afterglowpy,0.8.1,PyPI afterglowpy==0.8.1,broad-band top-hat on-axis forward-shock synchrotron; uniform medium; E_iso=1e52 erg; Gamma0=300; theta_j=0.1 rad; n=1 cm^-3; epsilon_e=0.1; epsilon_B=1e-3; p=2.3; xi_e=0.1; z=0.1; d_L=1e26 cm; no spreading; no SSC; no reverse shock,observer time and frequency,5.00000000e+14,1.00000000e+06,flux_density_cgs,8.92415501e-28,2.81131042e-01,1.73744880e-02,afterglowpy returns mJy; values converted to cgs; ratios are assumption-audit diagnostics
fs_synch_common_minimum,afterglowpy,0.8.1,PyPI afterglowpy==0.8.1,broad-band top-hat on-axis forward-shock synchrotron; uniform medium; E_iso=1e52 erg; Gamma0=300; theta_j=0.1 rad; n=1 cm^-3; epsilon_e=0.1; epsilon_B=1e-3; p=2.3; xi_e=0.1; z=0.1; d_L=1e26 cm; no spreading; no SSC; no reverse shock,observer time and frequency,5.00000000e+14,3.16227766e+06,flux_density_cgs,1.04109728e-28,2.63110975e-01,1.73744880e-02,afterglowpy returns mJy; values converted to cgs; ratios are assumption-audit diagnostics
fs_synch_common_minimum,afterglowpy,0.8.1,PyPI afterglowpy==0.8.1,broad-band top-hat on-axis forward-shock synchrotron; uniform medium; E_iso=1e52 erg; Gamma0=300; theta_j=0.1 rad; n=1 cm^-3; epsilon_e=0.1; epsilon_B=1e-3; p=2.3; xi_e=0.1; z=0.1; d_L=1e26 cm; no spreading; no SSC; no reverse shock,observer time and frequency,5.00000000e+14,1.00000000e+07,flux_density_cgs,1.38992554e-29,2.52992161e-01,1.73744880e-02,afterglowpy returns mJy; values converted to cgs; ratios are assumption-audit diagnostics
fs_synch_common_minimum,afterglowpy,0.8.1,PyPI afterglowpy==0.8.1,broad-band top-hat on-axis forward-shock synchrotron; uniform medium; E_iso=1e52 erg; Gamma0=300; theta_j=0.1 rad; n=1 cm^-3; epsilon_e=0.1; epsilon_B=1e-3; p=2.3; xi_e=0.1; z=0.1; d_L=1e26 cm; no spreading; no SSC; no reverse shock,observer time and frequency,5.00000000e+14,3.16227766e+07,flux_density_cgs,2.12118063e-30,2.43017001e-01,1.73744880e-02,afterglowpy returns mJy; values converted to cgs; ratios are assumption-audit diagnostics
fs_synch_common_minimum,afterglowpy,0.8.1,PyPI afterglowpy==0.8.1,broad-band top-hat on-axis forward-shock synchrotron; uniform medium; E_iso=1e52 erg; Gamma0=300; theta_j=0.1 rad; n=1 cm^-3; epsilon_e=0.1; epsilon_B=1e-3; p=2.3; xi_e=0.1; z=0.1; d_L=1e26 cm; no spreading; no SSC; no reverse shock,observer time and frequency,5.00000000e+14,1.00000000e+08,flux_density_cgs,3.66538042e-31,2.36057898e-01,1.73744880e-02,afterglowpy returns mJy; values converted to cgs; ratios are assumption-audit diagnostics
fs_synch_common_minimum,afterglowpy,0.8.1,PyPI afterglowpy==0.8.1,broad-band top-hat on-axis forward-shock synchrotron; uniform medium; E_iso=1e52 erg; Gamma0=300; theta_j=0.1 rad; n=1 cm^-3; epsilon_e=0.1; epsilon_B=1e-3; p=2.3; xi_e=0.1; z=0.1; d_L=1e26 cm; no spreading; no SSC; no reverse shock,observer time and frequency,1.00000000e+17,1.00000000e+00,flux_density_cgs,1.88761318e-24,1.34354569e+03,1.73744880e-02,afterglowpy returns mJy; values converted to cgs; ratios are assumption-audit diagnostics
fs_synch_common_minimum,afterglowpy,0.8.1,PyPI afterglowpy==0.8.1,broad-band top-hat on-axis forward-shock synchrotron; uniform medium; E_iso=1e52 erg; Gamma0=300; theta_j=0.1 rad; n=1 cm^-3; epsilon_e=0.1; epsilon_B=1e-3; p=2.3; xi_e=0.1; z=0.1; d_L=1e26 cm; no spreading; no SSC; no reverse shock,observer time and frequency,1.00000000e+17,3.16227766e+00,flux_density_cgs,2.28105932e-24,4.51711869e+01,1.73744880e-02,afterglowpy returns mJy; values converted to cgs; ratios are assumption-audit diagnostics
fs_synch_common_minimum,afterglowpy,0.8.1,PyPI afterglowpy==0.8.1,broad-band top-hat on-axis forward-shock synchrotron; uniform medium; E_iso=1e52 erg; Gamma0=300; theta_j=0.1 rad; n=1 cm^-3; epsilon_e=0.1; epsilon_B=1e-3; p=2.3; xi_e=0.1; z=0.1; d_L=1e26 cm; no spreading; no SSC; no reverse shock,observer time and frequency,1.00000000e+17,1.00000000e+01,flux_density_cgs,2.75789894e-24,1.62531533e+00,1.73744880e-02,afterglowpy returns mJy; values converted to cgs; ratios are assumption-audit diagnostics
fs_synch_common_minimum,afterglowpy,0.8.1,PyPI afterglowpy==0.8.1,broad-band top-hat on-axis forward-shock synchrotron; uniform medium; E_iso=1e52 erg; Gamma0=300; theta_j=0.1 rad; n=1 cm^-3; epsilon_e=0.1; epsilon_B=1e-3; p=2.3; xi_e=0.1; z=0.1; d_L=1e26 cm; no spreading; no SSC; no reverse shock,observer time and frequency,1.00000000e+17,3.16227766e+01,flux_density_cgs,3.41778751e-24,5.58554651e-01,1.73744880e-02,afterglowpy returns mJy; values converted to cgs; ratios are assumption-audit diagnostics
fs_synch_common_minimum,afterglowpy,0.8.1,PyPI afterglowpy==0.8.1,broad-band top-hat on-axis forward-shock synchrotron; uniform medium; E_iso=1e52 erg; Gamma0=300; theta_j=0.1 rad; n=1 cm^-3; epsilon_e=0.1; epsilon_B=1e-3; p=2.3; xi_e=0.1; z=0.1; d_L=1e26 cm; no spreading; no SSC; no reverse shock,observer time and frequency,1.00000000e+17,1.00000000e+02,flux_density_cgs,4.87838172e-24,1.12290893e+00,1.73744880e-02,afterglowpy returns mJy; values converted to cgs; ratios are assumption-audit diagnostics
fs_synch_common_minimum,afterglowpy,0.8.1,PyPI afterglowpy==0.8.1,broad-band top-hat on-axis forward-shock synchrotron; uniform medium; E_iso=1e52 erg; Gamma0=300; theta_j=0.1 rad; n=1 cm^-3; epsilon_e=0.1; epsilon_B=1e-3; p=2.3; xi_e=0.1; z=0.1; d_L=1e26 cm; no spreading; no SSC; no reverse shock,observer time and frequency,1.00000000e+17,3.16227766e+02,flux_density_cgs,3.53187110e-24,8.51792432e-01,1.73744880e-02,afterglowpy returns mJy; values converted to cgs; ratios are assumption-audit diagnostics
fs_synch_common_minimum,afterglowpy,0.8.1,PyPI afterglowpy==0.8.1,broad-band top-hat on-axis forward-shock synchrotron; uniform medium; E_iso=1e52 erg; Gamma0=300; theta_j=0.1 rad; n=1 cm^-3; epsilon_e=0.1; epsilon_B=1e-3; p=2.3; xi_e=0.1; z=0.1; d_L=1e26 cm; no spreading; no SSC; no reverse shock,observer time and frequency,1.00000000e+17,1.00000000e+03,flux_density_cgs,1.39494860e-24,7.62867240e-01,1.73744880e-02,afterglowpy returns mJy; values converted to cgs; ratios are assumption-audit diagnostics
fs_synch_common_minimum,afterglowpy,0.8.1,PyPI afterglowpy==0.8.1,broad-band top-hat on-axis forward-shock synchrotron; uniform medium; E_iso=1e52 erg; Gamma0=300; theta_j=0.1 rad; n=1 cm^-3; epsilon_e=0.1; epsilon_B=1e-3; p=2.3; xi_e=0.1; z=0.1; d_L=1e26 cm; no spreading; no SSC; no reverse shock,observer time and frequency,1.00000000e+17,3.16227766e+03,flux_density_cgs,3.91285284e-25,6.90257017e-01,1.73744880e-02,afterglowpy returns mJy; values converted to cgs; ratios are assumption-audit diagnostics
fs_synch_common_minimum,afterglowpy,0.8.1,PyPI afterglowpy==0.8.1,broad-band top-hat on-axis forward-shock synchrotron; uniform medium; E_iso=1e52 erg; Gamma0=300; theta_j=0.1 rad; n=1 cm^-3; epsilon_e=0.1; epsilon_B=1e-3; p=2.3; xi_e=0.1; z=0.1; d_L=1e26 cm; no spreading; no SSC; no reverse shock,observer time and frequency,1.00000000e+17,1.00000000e+04,flux_density_cgs,9.26121807e-26,5.86483387e-01,1.73744880e-02,afterglowpy returns mJy; values converted to cgs; ratios are assumption-audit diagnostics
fs_synch_common_minimum,afterglowpy,0.8.1,PyPI afterglowpy==0.8.1,broad-band top-hat on-axis forward-shock synchrotron; uniform medium; E_iso=1e52 erg; Gamma0=300; theta_j=0.1 rad; n=1 cm^-3; epsilon_e=0.1; epsilon_B=1e-3; p=2.3; xi_e=0.1; z=0.1; d_L=1e26 cm; no spreading; no SSC; no reverse shock,observer time and frequency,1.00000000e+17,3.16227766e+04,flux_density_cgs,1.94392138e-26,5.25642333e-01,1.73744880e-02,afterglowpy returns mJy; values converted to cgs; ratios are assumption-audit diagnostics
fs_synch_common_minimum,afterglowpy,0.8.1,PyPI afterglowpy==0.8.1,broad-band top-hat on-axis forward-shock synchrotron; uniform medium; E_iso=1e52 erg; Gamma0=300; theta_j=0.1 rad; n=1 cm^-3; epsilon_e=0.1; epsilon_B=1e-3; p=2.3; xi_e=0.1; z=0.1; d_L=1e26 cm; no spreading; no SSC; no reverse shock,observer time and frequency,1.00000000e+17,1.00000000e+05,flux_density_cgs,1.43032181e-27,3.71629631e-01,1.73744880e-02,afterglowpy returns mJy; values converted to cgs; ratios are assumption-audit diagnostics
fs_synch_common_minimum,afterglowpy,0.8.1,PyPI afterglowpy==0.8.1,broad-band top-hat on-axis forward-shock synchrotron; uniform medium; E_iso=1e52 erg; Gamma0=300; theta_j=0.1 rad; n=1 cm^-3; epsilon_e=0.1; epsilon_B=1e-3; p=2.3; xi_e=0.1; z=0.1; d_L=1e26 cm; no spreading; no SSC; no reverse shock,observer time and frequency,1.00000000e+17,3.16227766e+05,flux_density_cgs,9.59681431e-29,2.79272825e-01,1.73744880e-02,afterglowpy returns mJy; values converted to cgs; ratios are assumption-audit diagnostics
fs_synch_common_minimum,afterglowpy,0.8.1,PyPI afterglowpy==0.8.1,broad-band top-hat on-axis forward-shock synchrotron; uniform medium; E_iso=1e52 erg; Gamma0=300; theta_j=0.1 rad; n=1 cm^-3; epsilon_e=0.1; epsilon_B=1e-3; p=2.3; xi_e=0.1; z=0.1; d_L=1e26 cm; no spreading; no SSC; no reverse shock,observer time and frequency,1.00000000e+17,1.00000000e+06,flux_density_cgs,8.62542094e-30,2.56151703e-01,1.73744880e-02,afterglowpy returns mJy; values converted to cgs; ratios are assumption-audit diagnostics
fs_synch_common_minimum,afterglowpy,0.8.1,PyPI afterglowpy==0.8.1,broad-band top-hat on-axis forward-shock synchrotron; uniform medium; E_iso=1e52 erg; Gamma0=300; theta_j=0.1 rad; n=1 cm^-3; epsilon_e=0.1; epsilon_B=1e-3; p=2.3; xi_e=0.1; z=0.1; d_L=1e26 cm; no spreading; no SSC; no reverse shock,observer time and frequency,1.00000000e+17,3.16227766e+06,flux_density_cgs,9.70035966e-31,2.67814914e-01,1.73744880e-02,afterglowpy returns mJy; values converted to cgs; ratios are assumption-audit diagnostics
fs_synch_common_minimum,afterglowpy,0.8.1,PyPI afterglowpy==0.8.1,broad-band top-hat on-axis forward-shock synchrotron; uniform medium; E_iso=1e52 erg; Gamma0=300; theta_j=0.1 rad; n=1 cm^-3; epsilon_e=0.1; epsilon_B=1e-3; p=2.3; xi_e=0.1; z=0.1; d_L=1e26 cm; no spreading; no SSC; no reverse shock,observer time and frequency,1.00000000e+17,1.00000000e+07,flux_density_cgs,1.33182516e-31,3.09394895e-01,1.73744880e-02,afterglowpy returns mJy; values converted to cgs; ratios are assumption-audit diagnostics
fs_synch_common_minimum,afterglowpy,0.8.1,PyPI afterglowpy==0.8.1,broad-band top-hat on-axis forward-shock synchrotron; uniform medium; E_iso=1e52 erg; Gamma0=300; theta_j=0.1 rad; n=1 cm^-3; epsilon_e=0.1; epsilon_B=1e-3; p=2.3; xi_e=0.1; z=0.1; d_L=1e26 cm; no spreading; no SSC; no reverse shock,observer time and frequency,1.00000000e+17,3.16227766e+07,flux_density_cgs,2.16204006e-32,3.75770925e-01,1.73744880e-02,afterglowpy returns mJy; values converted to cgs; ratios are assumption-audit diagnostics
fs_synch_common_minimum,afterglowpy,0.8.1,PyPI afterglowpy==0.8.1,broad-band top-hat on-axis forward-shock synchrotron; uniform medium; E_iso=1e52 erg; Gamma0=300; theta_j=0.1 rad; n=1 cm^-3; epsilon_e=0.1; epsilon_B=1e-3; p=2.3; xi_e=0.1; z=0.1; d_L=1e26 cm; no spreading; no SSC; no reverse shock,observer time and frequency,1.00000000e+17,1.00000000e+08,flux_density_cgs,3.91645834e-33,4.45127364e-01,1.73744880e-02,afterglowpy returns mJy; values converted to cgs; ratios are assumption-audit diagnostics
fs_synch_common_minimum,afterglowpy,0.8.1,PyPI afterglowpy==0.8.1,broad-band top-hat on-axis forward-shock synchrotron; uniform medium; E_iso=1e52 erg; Gamma0=300; theta_j=0.1 rad; n=1 cm^-3; epsilon_e=0.1; epsilon_B=1e-3; p=2.3; xi_e=0.1; z=0.1; d_L=1e26 cm; no spreading; no SSC; no reverse shock,observer time and frequency,1.00000000e+18,1.00000000e+00,flux_density_cgs,4.06663982e-24,1.53923525e+03,1.73744880e-02,afterglowpy returns mJy; values converted to cgs; ratios are assumption-audit diagnostics
fs_synch_common_minimum,afterglowpy,0.8.1,PyPI afterglowpy==0.8.1,broad-band top-hat on-axis forward-shock synchrotron; uniform medium; E_iso=1e52 erg; Gamma0=300; theta_j=0.1 rad; n=1 cm^-3; epsilon_e=0.1; epsilon_B=1e-3; p=2.3; xi_e=0.1; z=0.1; d_L=1e26 cm; no spreading; no SSC; no reverse shock,observer time and frequency,1.00000000e+18,3.16227766e+00,flux_density_cgs,4.91371982e-24,5.52204757e+01,1.73744880e-02,afterglowpy returns mJy; values converted to cgs; ratios are assumption-audit diagnostics
fs_synch_common_minimum,afterglowpy,0.8.1,PyPI afterglowpy==0.8.1,broad-band top-hat on-axis forward-shock synchrotron; uniform medium; E_iso=1e52 erg; Gamma0=300; theta_j=0.1 rad; n=1 cm^-3; epsilon_e=0.1; epsilon_B=1e-3; p=2.3; xi_e=0.1; z=0.1; d_L=1e26 cm; no spreading; no SSC; no reverse shock,observer time and frequency,1.00000000e+18,1.00000000e+01,flux_density_cgs,5.93833943e-24,2.39265902e+00,1.73744880e-02,afterglowpy returns mJy; values converted to cgs; ratios are assumption-audit diagnostics
fs_synch_common_minimum,afterglowpy,0.8.1,PyPI afterglowpy==0.8.1,broad-band top-hat on-axis forward-shock synchrotron; uniform medium; E_iso=1e52 erg; Gamma0=300; theta_j=0.1 rad; n=1 cm^-3; epsilon_e=0.1; epsilon_B=1e-3; p=2.3; xi_e=0.1; z=0.1; d_L=1e26 cm; no spreading; no SSC; no reverse shock,observer time and frequency,1.00000000e+18,3.16227766e+01,flux_density_cgs,4.76072427e-24,7.72891990e-01,1.73744880e-02,afterglowpy returns mJy; values converted to cgs; ratios are assumption-audit diagnostics
fs_synch_common_minimum,afterglowpy,0.8.1,PyPI afterglowpy==0.8.1,broad-band top-hat on-axis forward-shock synchrotron; uniform medium; E_iso=1e52 erg; Gamma0=300; theta_j=0.1 rad; n=1 cm^-3; epsilon_e=0.1; epsilon_B=1e-3; p=2.3; xi_e=0.1; z=0.1; d_L=1e26 cm; no spreading; no SSC; no reverse shock,observer time and frequency,1.00000000e+18,1.00000000e+02,flux_density_cgs,1.85144775e-24,9.16157884e-01,1.73744880e-02,afterglowpy returns mJy; values converted to cgs; ratios are assumption-audit diagnostics
fs_synch_common_minimum,afterglowpy,0.8.1,PyPI afterglowpy==0.8.1,broad-band top-hat on-axis forward-shock synchrotron; uniform medium; E_iso=1e52 erg; Gamma0=300; theta_j=0.1 rad; n=1 cm^-3; epsilon_e=0.1; epsilon_B=1e-3; p=2.3; xi_e=0.1; z=0.1; d_L=1e26 cm; no spreading; no SSC; no reverse shock,observer time and frequency,1.00000000e+18,3.16227766e+02,flux_density_cgs,4.81565980e-25,5.15246383e-01,1.73744880e-02,afterglowpy returns mJy; values converted to cgs; ratios are assumption-audit diagnostics
fs_synch_common_minimum,afterglowpy,0.8.1,PyPI afterglowpy==0.8.1,broad-band top-hat on-axis forward-shock synchrotron; uniform medium; E_iso=1e52 erg; Gamma0=300; theta_j=0.1 rad; n=1 cm^-3; epsilon_e=0.1; epsilon_B=1e-3; p=2.3; xi_e=0.1; z=0.1; d_L=1e26 cm; no spreading; no SSC; no reverse shock,observer time and frequency,1.00000000e+18,1.00000000e+03,flux_density_cgs,1.15964548e-25,4.39230242e-01,1.73744880e-02,afterglowpy returns mJy; values converted to cgs; ratios are assumption-audit diagnostics
fs_synch_common_minimum,afterglowpy,0.8.1,PyPI afterglowpy==0.8.1,broad-band top-hat on-axis forward-shock synchrotron; uniform medium; E_iso=1e52 erg; Gamma0=300; theta_j=0.1 rad; n=1 cm^-3; epsilon_e=0.1; epsilon_B=1e-3; p=2.3; xi_e=0.1; z=0.1; d_L=1e26 cm; no spreading; no SSC; no reverse shock,observer time and frequency,1.00000000e+18,3.16227766e+03,flux_density_cgs,2.77012904e-26,3.92106977e-01,1.73744880e-02,afterglowpy returns mJy; values converted to cgs; ratios are assumption-audit diagnostics
fs_synch_common_minimum,afterglowpy,0.8.1,PyPI afterglowpy==0.8.1,broad-band top-hat on-axis forward-shock synchrotron; uniform medium; E_iso=1e52 erg; Gamma0=300; theta_j=0.1 rad; n=1 cm^-3; epsilon_e=0.1; epsilon_B=1e-3; p=2.3; xi_e=0.1; z=0.1; d_L=1e26 cm; no spreading; no SSC; no reverse shock,observer time and frequency,1.00000000e+18,1.00000000e+04,flux_density_cgs,6.55644029e-27,3.59085171e-01,1.73744880e-02,afterglowpy returns mJy; values converted to cgs; ratios are assumption-audit diagnostics
fs_synch_common_minimum,afterglowpy,0.8.1,PyPI afterglowpy==0.8.1,broad-band top-hat on-axis forward-shock synchrotron; uniform medium; E_iso=1e52 erg; Gamma0=300; theta_j=0.1 rad; n=1 cm^-3; epsilon_e=0.1; epsilon_B=1e-3; p=2.3; xi_e=0.1; z=0.1; d_L=1e26 cm; no spreading; no SSC; no reverse shock,observer time and frequency,1.00000000e+18,3.16227766e+04,flux_density_cgs,1.37619094e-27,3.43181608e-01,1.73744880e-02,afterglowpy returns mJy; values converted to cgs; ratios are assumption-audit diagnostics
fs_synch_common_minimum,afterglowpy,0.8.1,PyPI afterglowpy==0.8.1,broad-band top-hat on-axis forward-shock synchrotron; uniform medium; E_iso=1e52 erg; Gamma0=300; theta_j=0.1 rad; n=1 cm^-3; epsilon_e=0.1; epsilon_B=1e-3; p=2.3; xi_e=0.1; z=0.1; d_L=1e26 cm; no spreading; no SSC; no reverse shock,observer time and frequency,1.00000000e+18,1.00000000e+05,flux_density_cgs,1.01259030e-28,2.57575505e-01,1.73744880e-02,afterglowpy returns mJy; values converted to cgs; ratios are assumption-audit diagnostics
fs_synch_common_minimum,afterglowpy,0.8.1,PyPI afterglowpy==0.8.1,broad-band top-hat on-axis forward-shock synchrotron; uniform medium; E_iso=1e52 erg; Gamma0=300; theta_j=0.1 rad; n=1 cm^-3; epsilon_e=0.1; epsilon_B=1e-3; p=2.3; xi_e=0.1; z=0.1; d_L=1e26 cm; no spreading; no SSC; no reverse shock,observer time and frequency,1.00000000e+18,3.16227766e+05,flux_density_cgs,6.79402423e-30,2.04854560e-01,1.73744880e-02,afterglowpy returns mJy; values converted to cgs; ratios are assumption-audit diagnostics
fs_synch_common_minimum,afterglowpy,0.8.1,PyPI afterglowpy==0.8.1,broad-band top-hat on-axis forward-shock synchrotron; uniform medium; E_iso=1e52 erg; Gamma0=300; theta_j=0.1 rad; n=1 cm^-3; epsilon_e=0.1; epsilon_B=1e-3; p=2.3; xi_e=0.1; z=0.1; d_L=1e26 cm; no spreading; no SSC; no reverse shock,observer time and frequency,1.00000000e+18,1.00000000e+06,flux_density_cgs,6.10633040e-31,1.98276538e-01,1.73744880e-02,afterglowpy returns mJy; values converted to cgs; ratios are assumption-audit diagnostics
fs_synch_common_minimum,afterglowpy,0.8.1,PyPI afterglowpy==0.8.1,broad-band top-hat on-axis forward-shock synchrotron; uniform medium; E_iso=1e52 erg; Gamma0=300; theta_j=0.1 rad; n=1 cm^-3; epsilon_e=0.1; epsilon_B=1e-3; p=2.3; xi_e=0.1; z=0.1; d_L=1e26 cm; no spreading; no SSC; no reverse shock,observer time and frequency,1.00000000e+18,3.16227766e+06,flux_density_cgs,6.86732873e-32,2.16961288e-01,1.73744880e-02,afterglowpy returns mJy; values converted to cgs; ratios are assumption-audit diagnostics
fs_synch_common_minimum,afterglowpy,0.8.1,PyPI afterglowpy==0.8.1,broad-band top-hat on-axis forward-shock synchrotron; uniform medium; E_iso=1e52 erg; Gamma0=300; theta_j=0.1 rad; n=1 cm^-3; epsilon_e=0.1; epsilon_B=1e-3; p=2.3; xi_e=0.1; z=0.1; d_L=1e26 cm; no spreading; no SSC; no reverse shock,observer time and frequency,1.00000000e+18,1.00000000e+07,flux_density_cgs,9.42860007e-33,2.62616123e-01,1.73744880e-02,afterglowpy returns mJy; values converted to cgs; ratios are assumption-audit diagnostics
fs_synch_common_minimum,afterglowpy,0.8.1,PyPI afterglowpy==0.8.1,broad-band top-hat on-axis forward-shock synchrotron; uniform medium; E_iso=1e52 erg; Gamma0=300; theta_j=0.1 rad; n=1 cm^-3; epsilon_e=0.1; epsilon_B=1e-3; p=2.3; xi_e=0.1; z=0.1; d_L=1e26 cm; no spreading; no SSC; no reverse shock,observer time and frequency,1.00000000e+18,3.16227766e+07,flux_density_cgs,1.53060714e-33,3.31198578e-01,1.73744880e-02,afterglowpy returns mJy; values converted to cgs; ratios are assumption-audit diagnostics
fs_synch_common_minimum,afterglowpy,0.8.1,PyPI afterglowpy==0.8.1,broad-band top-hat on-axis forward-shock synchrotron; uniform medium; E_iso=1e52 erg; Gamma0=300; theta_j=0.1 rad; n=1 cm^-3; epsilon_e=0.1; epsilon_B=1e-3; p=2.3; xi_e=0.1; z=0.1; d_L=1e26 cm; no spreading; no SSC; no reverse shock,observer time and frequency,1.00000000e+18,1.00000000e+08,flux_density_cgs,2.77264017e-34,4.01971426e-01,1.73744880e-02,afterglowpy returns mJy; values converted to cgs; ratios are assumption-audit diagnostics
fs_synch_common_minimum,afterglowpy,0.8.1,PyPI afterglowpy==0.8.1,broad-band top-hat on-axis forward-shock synchrotron; uniform medium; E_iso=1e52 erg; Gamma0=300; theta_j=0.1 rad; n=1 cm^-3; epsilon_e=0.1; epsilon_B=1e-3; p=2.3; xi_e=0.1; z=0.1; d_L=1e26 cm; no spreading; no SSC; no reverse shock,observer time and frequency,2.40000000e+22,1.00000000e+00,flux_density_cgs,5.21863840e-27,3.07445075e+02,1.73744880e-02,afterglowpy returns mJy; values converted to cgs; ratios are assumption-audit diagnostics
fs_synch_common_minimum,afterglowpy,0.8.1,PyPI afterglowpy==0.8.1,broad-band top-hat on-axis forward-shock synchrotron; uniform medium; E_iso=1e52 erg; Gamma0=300; theta_j=0.1 rad; n=1 cm^-3; epsilon_e=0.1; epsilon_B=1e-3; p=2.3; xi_e=0.1; z=0.1; d_L=1e26 cm; no spreading; no SSC; no reverse shock,observer time and frequency,2.40000000e+22,3.16227766e+00,flux_density_cgs,1.27368204e-27,6.74146397e+00,1.73744880e-02,afterglowpy returns mJy; values converted to cgs; ratios are assumption-audit diagnostics
fs_synch_common_minimum,afterglowpy,0.8.1,PyPI afterglowpy==0.8.1,broad-band top-hat on-axis forward-shock synchrotron; uniform medium; E_iso=1e52 erg; Gamma0=300; theta_j=0.1 rad; n=1 cm^-3; epsilon_e=0.1; epsilon_B=1e-3; p=2.3; xi_e=0.1; z=0.1; d_L=1e26 cm; no spreading; no SSC; no reverse shock,observer time and frequency,2.40000000e+22,1.00000000e+01,flux_density_cgs,3.09936040e-28,2.44518802e-01,1.73744880e-02,afterglowpy returns mJy; values converted to cgs; ratios are assumption-audit diagnostics
fs_synch_common_minimum,afterglowpy,0.8.1,PyPI afterglowpy==0.8.1,broad-band top-hat on-axis forward-shock synchrotron; uniform medium; E_iso=1e52 erg; Gamma0=300; theta_j=0.1 rad; n=1 cm^-3; epsilon_e=0.1; epsilon_B=1e-3; p=2.3; xi_e=0.1; z=0.1; d_L=1e26 cm; no spreading; no SSC; no reverse shock,observer time and frequency,2.40000000e+22,3.16227766e+01,flux_density_cgs,7.52637559e-29,1.76833996e-01,1.73744880e-02,afterglowpy returns mJy; values converted to cgs; ratios are assumption-audit diagnostics
fs_synch_common_minimum,afterglowpy,0.8.1,PyPI afterglowpy==0.8.1,broad-band top-hat on-axis forward-shock synchrotron; uniform medium; E_iso=1e52 erg; Gamma0=300; theta_j=0.1 rad; n=1 cm^-3; epsilon_e=0.1; epsilon_B=1e-3; p=2.3; xi_e=0.1; z=0.1; d_L=1e26 cm; no spreading; no SSC; no reverse shock,observer time and frequency,2.40000000e+22,1.00000000e+02,flux_density_cgs,1.82534781e-29,3.23178675e-01,1.73744880e-02,afterglowpy returns mJy; values converted to cgs; ratios are assumption-audit diagnostics
fs_synch_common_minimum,afterglowpy,0.8.1,PyPI afterglowpy==0.8.1,broad-band top-hat on-axis forward-shock synchrotron; uniform medium; E_iso=1e52 erg; Gamma0=300; theta_j=0.1 rad; n=1 cm^-3; epsilon_e=0.1; epsilon_B=1e-3; p=2.3; xi_e=0.1; z=0.1; d_L=1e26 cm; no spreading; no SSC; no reverse shock,observer time and frequency,2.40000000e+22,3.16227766e+02,flux_density_cgs,4.42312343e-30,2.53249860e-01,1.73744880e-02,afterglowpy returns mJy; values converted to cgs; ratios are assumption-audit diagnostics
fs_synch_common_minimum,afterglowpy,0.8.1,PyPI afterglowpy==0.8.1,broad-band top-hat on-axis forward-shock synchrotron; uniform medium; E_iso=1e52 erg; Gamma0=300; theta_j=0.1 rad; n=1 cm^-3; epsilon_e=0.1; epsilon_B=1e-3; p=2.3; xi_e=0.1; z=0.1; d_L=1e26 cm; no spreading; no SSC; no reverse shock,observer time and frequency,2.40000000e+22,1.00000000e+03,flux_density_cgs,1.06434671e-30,2.57304503e-01,1.73744880e-02,afterglowpy returns mJy; values converted to cgs; ratios are assumption-audit diagnostics
fs_synch_common_minimum,afterglowpy,0.8.1,PyPI afterglowpy==0.8.1,broad-band top-hat on-axis forward-shock synchrotron; uniform medium; E_iso=1e52 erg; Gamma0=300; theta_j=0.1 rad; n=1 cm^-3; epsilon_e=0.1; epsilon_B=1e-3; p=2.3; xi_e=0.1; z=0.1; d_L=1e26 cm; no spreading; no SSC; no reverse shock,observer time and frequency,2.40000000e+22,3.16227766e+03,flux_density_cgs,2.54247723e-31,2.63392709e-01,1.73744880e-02,afterglowpy returns mJy; values converted to cgs; ratios are assumption-audit diagnostics
fs_synch_common_minimum,afterglowpy,0.8.1,PyPI afterglowpy==0.8.1,broad-band top-hat on-axis forward-shock synchrotron; uniform medium; E_iso=1e52 erg; Gamma0=300; theta_j=0.1 rad; n=1 cm^-3; epsilon_e=0.1; epsilon_B=1e-3; p=2.3; xi_e=0.1; z=0.1; d_L=1e26 cm; no spreading; no SSC; no reverse shock,observer time and frequency,2.40000000e+22,1.00000000e+04,flux_density_cgs,6.01762586e-32,2.72583733e-01,1.73744880e-02,afterglowpy returns mJy; values converted to cgs; ratios are assumption-audit diagnostics
fs_synch_common_minimum,afterglowpy,0.8.1,PyPI afterglowpy==0.8.1,broad-band top-hat on-axis forward-shock synchrotron; uniform medium; E_iso=1e52 erg; Gamma0=300; theta_j=0.1 rad; n=1 cm^-3; epsilon_e=0.1; epsilon_B=1e-3; p=2.3; xi_e=0.1; z=0.1; d_L=1e26 cm; no spreading; no SSC; no reverse shock,observer time and frequency,2.40000000e+22,3.16227766e+04,flux_density_cgs,1.26309428e-32,2.87038463e-01,1.73744880e-02,afterglowpy returns mJy; values converted to cgs; ratios are assumption-audit diagnostics
fs_synch_common_minimum,afterglowpy,0.8.1,PyPI afterglowpy==0.8.1,broad-band top-hat on-axis forward-shock synchrotron; uniform medium; E_iso=1e52 erg; Gamma0=300; theta_j=0.1 rad; n=1 cm^-3; epsilon_e=0.1; epsilon_B=1e-3; p=2.3; xi_e=0.1; z=0.1; d_L=1e26 cm; no spreading; no SSC; no reverse shock,observer time and frequency,2.40000000e+22,1.00000000e+05,flux_density_cgs,9.29374675e-34,2.37698498e-01,1.73744880e-02,afterglowpy returns mJy; values converted to cgs; ratios are assumption-audit diagnostics
fs_synch_common_minimum,afterglowpy,0.8.1,PyPI afterglowpy==0.8.1,broad-band top-hat on-axis forward-shock synchrotron; uniform medium; E_iso=1e52 erg; Gamma0=300; theta_j=0.1 rad; n=1 cm^-3; epsilon_e=0.1; epsilon_B=1e-3; p=2.3; xi_e=0.1; z=0.1; d_L=1e26 cm; no spreading; no SSC; no reverse shock,observer time and frequency,2.40000000e+22,3.16227766e+05,flux_density_cgs,6.23568493e-35,2.11562855e-01,1.73744880e-02,afterglowpy returns mJy; values converted to cgs; ratios are assumption-audit diagnostics
fs_synch_common_minimum,afterglowpy,0.8.1,PyPI afterglowpy==0.8.1,broad-band top-hat on-axis forward-shock synchrotron; uniform medium; E_iso=1e52 erg; Gamma0=300; theta_j=0.1 rad; n=1 cm^-3; epsilon_e=0.1; epsilon_B=1e-3; p=2.3; xi_e=0.1; z=0.1; d_L=1e26 cm; no spreading; no SSC; no reverse shock,observer time and frequency,2.40000000e+22,1.00000000e+06,flux_density_cgs,5.60450642e-36,2.28521350e-01,1.73744880e-02,afterglowpy returns mJy; values converted to cgs; ratios are assumption-audit diagnostics
fs_synch_common_minimum,afterglowpy,0.8.1,PyPI afterglowpy==0.8.1,broad-band top-hat on-axis forward-shock synchrotron; uniform medium; E_iso=1e52 erg; Gamma0=300; theta_j=0.1 rad; n=1 cm^-3; epsilon_e=0.1; epsilon_B=1e-3; p=2.3; xi_e=0.1; z=0.1; d_L=1e26 cm; no spreading; no SSC; no reverse shock,observer time and frequency,2.40000000e+22,3.16227766e+06,flux_density_cgs,6.30296519e-37,2.82428032e-01,1.73744880e-02,afterglowpy returns mJy; values converted to cgs; ratios are assumption-audit diagnostics
fs_synch_common_minimum,afterglowpy,0.8.1,PyPI afterglowpy==0.8.1,broad-band top-hat on-axis forward-shock synchrotron; uniform medium; E_iso=1e52 erg; Gamma0=300; theta_j=0.1 rad; n=1 cm^-3; epsilon_e=0.1; epsilon_B=1e-3; p=2.3; xi_e=0.1; z=0.1; d_L=1e26 cm; no spreading; no SSC; no reverse shock,observer time and frequency,2.40000000e+22,1.00000000e+07,flux_density_cgs,8.65374885e-38,3.84934142e-01,1.73744880e-02,afterglowpy returns mJy; values converted to cgs; ratios are assumption-audit diagnostics
fs_synch_common_minimum,afterglowpy,0.8.1,PyPI afterglowpy==0.8.1,broad-band top-hat on-axis forward-shock synchrotron; uniform medium; E_iso=1e52 erg; Gamma0=300; theta_j=0.1 rad; n=1 cm^-3; epsilon_e=0.1; epsilon_B=1e-3; p=2.3; xi_e=0.1; z=0.1; d_L=1e26 cm; no spreading; no SSC; no reverse shock,observer time and frequency,2.40000000e+22,3.16227766e+07,flux_density_cgs,1.40482041e-38,5.41430772e-01,1.73744880e-02,afterglowpy returns mJy; values converted to cgs; ratios are assumption-audit diagnostics
fs_synch_common_minimum,afterglowpy,0.8.1,PyPI afterglowpy==0.8.1,broad-band top-hat on-axis forward-shock synchrotron; uniform medium; E_iso=1e52 erg; Gamma0=300; theta_j=0.1 rad; n=1 cm^-3; epsilon_e=0.1; epsilon_B=1e-3; p=2.3; xi_e=0.1; z=0.1; d_L=1e26 cm; no spreading; no SSC; no reverse shock,observer time and frequency,2.40000000e+22,1.00000000e+08,flux_density_cgs,2.54478199e-39,7.07397965e-01,1.73744880e-02,afterglowpy returns mJy; values converted to cgs; ratios are assumption-audit diagnostics
fs_synch_common_minimum,afterglowpy,0.8.1,PyPI afterglowpy==0.8.1,broad-band top-hat on-axis forward-shock synchrotron; uniform medium; E_iso=1e52 erg; Gamma0=300; theta_j=0.1 rad; n=1 cm^-3; epsilon_e=0.1; epsilon_B=1e-3; p=2.3; xi_e=0.1; z=0.1; d_L=1e26 cm; no spreading; no SSC; no reverse shock,observer time and frequency,2.40000000e+23,1.00000000e+00,flux_density_cgs,3.69452136e-28,2.79221876e+02,1.73744880e-02,afterglowpy returns mJy; values converted to cgs; ratios are assumption-audit diagnostics
fs_synch_common_minimum,afterglowpy,0.8.1,PyPI afterglowpy==0.8.1,broad-band top-hat on-axis forward-shock synchrotron; uniform medium; E_iso=1e52 erg; Gamma0=300; theta_j=0.1 rad; n=1 cm^-3; epsilon_e=0.1; epsilon_B=1e-3; p=2.3; xi_e=0.1; z=0.1; d_L=1e26 cm; no spreading; no SSC; no reverse shock,observer time and frequency,2.40000000e+23,3.16227766e+00,flux_density_cgs,9.01697839e-29,6.80476299e+00,1.73744880e-02,afterglowpy returns mJy; values converted to cgs; ratios are assumption-audit diagnostics
fs_synch_common_minimum,afterglowpy,0.8.1,PyPI afterglowpy==0.8.1,broad-band top-hat on-axis forward-shock synchrotron; uniform medium; E_iso=1e52 erg; Gamma0=300; theta_j=0.1 rad; n=1 cm^-3; epsilon_e=0.1; epsilon_B=1e-3; p=2.3; xi_e=0.1; z=0.1; d_L=1e26 cm; no spreading; no SSC; no reverse shock,observer time and frequency,2.40000000e+23,1.00000000e+01,flux_density_cgs,2.19417913e-29,2.56383373e-01,1.73744880e-02,afterglowpy returns mJy; values converted to cgs; ratios are assumption-audit diagnostics
fs_synch_common_minimum,afterglowpy,0.8.1,PyPI afterglowpy==0.8.1,broad-band top-hat on-axis forward-shock synchrotron; uniform medium; E_iso=1e52 erg; Gamma0=300; theta_j=0.1 rad; n=1 cm^-3; epsilon_e=0.1; epsilon_B=1e-3; p=2.3; xi_e=0.1; z=0.1; d_L=1e26 cm; no spreading; no SSC; no reverse shock,observer time and frequency,2.40000000e+23,3.16227766e+01,flux_density_cgs,5.32826587e-30,1.90057863e-01,1.73744880e-02,afterglowpy returns mJy; values converted to cgs; ratios are assumption-audit diagnostics
fs_synch_common_minimum,afterglowpy,0.8.1,PyPI afterglowpy==0.8.1,broad-band top-hat on-axis forward-shock synchrotron; uniform medium; E_iso=1e52 erg; Gamma0=300; theta_j=0.1 rad; n=1 cm^-3; epsilon_e=0.1; epsilon_B=1e-3; p=2.3; xi_e=0.1; z=0.1; d_L=1e26 cm; no spreading; no SSC; no reverse shock,observer time and frequency,2.40000000e+23,1.00000000e+02,flux_density_cgs,1.29224729e-30,3.65306370e-01,1.73744880e-02,afterglowpy returns mJy; values converted to cgs; ratios are assumption-audit diagnostics
fs_synch_common_minimum,afterglowpy,0.8.1,PyPI afterglowpy==0.8.1,broad-band top-hat on-axis forward-shock synchrotron; uniform medium; E_iso=1e52 erg; Gamma0=300; theta_j=0.1 rad; n=1 cm^-3; epsilon_e=0.1; epsilon_B=1e-3; p=2.3; xi_e=0.1; z=0.1; d_L=1e26 cm; no spreading; no SSC; no reverse shock,observer time and frequency,2.40000000e+23,3.16227766e+02,flux_density_cgs,3.13133158e-31,2.95152851e-01,1.73744880e-02,afterglowpy returns mJy; values converted to cgs; ratios are assumption-audit diagnostics
fs_synch_common_minimum,afterglowpy,0.8.1,PyPI afterglowpy==0.8.1,broad-band top-hat on-axis forward-shock synchrotron; uniform medium; E_iso=1e52 erg; Gamma0=300; theta_j=0.1 rad; n=1 cm^-3; epsilon_e=0.1; epsilon_B=1e-3; p=2.3; xi_e=0.1; z=0.1; d_L=1e26 cm; no spreading; no SSC; no reverse shock,observer time and frequency,2.40000000e+23,1.00000000e+03,flux_density_cgs,7.53499763e-32,3.19303309e-01,1.73744880e-02,afterglowpy returns mJy; values converted to cgs; ratios are assumption-audit diagnostics
fs_synch_common_minimum,afterglowpy,0.8.1,PyPI afterglowpy==0.8.1,broad-band top-hat on-axis forward-shock synchrotron; uniform medium; E_iso=1e52 erg; Gamma0=300; theta_j=0.1 rad; n=1 cm^-3; epsilon_e=0.1; epsilon_B=1e-3; p=2.3; xi_e=0.1; z=0.1; d_L=1e26 cm; no spreading; no SSC; no reverse shock,observer time and frequency,2.40000000e+23,3.16227766e+03,flux_density_cgs,1.79993604e-32,3.52442149e-01,1.73744880e-02,afterglowpy returns mJy; values converted to cgs; ratios are assumption-audit diagnostics
fs_synch_common_minimum,afterglowpy,0.8.1,PyPI afterglowpy==0.8.1,broad-band top-hat on-axis forward-shock synchrotron; uniform medium; E_iso=1e52 erg; Gamma0=300; theta_j=0.1 rad; n=1 cm^-3; epsilon_e=0.1; epsilon_B=1e-3; p=2.3; xi_e=0.1; z=0.1; d_L=1e26 cm; no spreading; no SSC; no reverse shock,observer time and frequency,2.40000000e+23,1.00000000e+04,flux_density_cgs,4.26015286e-33,4.00680813e-01,1.73744880e-02,afterglowpy returns mJy; values converted to cgs; ratios are assumption-audit diagnostics
fs_synch_common_minimum,afterglowpy,0.8.1,PyPI afterglowpy==0.8.1,broad-band top-hat on-axis forward-shock synchrotron; uniform medium; E_iso=1e52 erg; Gamma0=300; theta_j=0.1 rad; n=1 cm^-3; epsilon_e=0.1; epsilon_B=1e-3; p=2.3; xi_e=0.1; z=0.1; d_L=1e26 cm; no spreading; no SSC; no reverse shock,observer time and frequency,2.40000000e+23,3.16227766e+04,flux_density_cgs,8.94202269e-34,4.68161765e-01,1.73744880e-02,afterglowpy returns mJy; values converted to cgs; ratios are assumption-audit diagnostics
fs_synch_common_minimum,afterglowpy,0.8.1,PyPI afterglowpy==0.8.1,broad-band top-hat on-axis forward-shock synchrotron; uniform medium; E_iso=1e52 erg; Gamma0=300; theta_j=0.1 rad; n=1 cm^-3; epsilon_e=0.1; epsilon_B=1e-3; p=2.3; xi_e=0.1; z=0.1; d_L=1e26 cm; no spreading; no SSC; no reverse shock,observer time and frequency,2.40000000e+23,1.00000000e+05,flux_density_cgs,6.57946884e-35,4.45140716e-01,1.73744880e-02,afterglowpy returns mJy; values converted to cgs; ratios are assumption-audit diagnostics
fs_synch_common_minimum,afterglowpy,0.8.1,PyPI afterglowpy==0.8.1,broad-band top-hat on-axis forward-shock synchrotron; uniform medium; E_iso=1e52 erg; Gamma0=300; theta_j=0.1 rad; n=1 cm^-3; epsilon_e=0.1; epsilon_B=1e-3; p=2.3; xi_e=0.1; z=0.1; d_L=1e26 cm; no spreading; no SSC; no reverse shock,observer time and frequency,2.40000000e+23,3.16227766e+05,flux_density_cgs,4.41452686e-36,4.76163753e-01,1.73744880e-02,afterglowpy returns mJy; values converted to cgs; ratios are assumption-audit diagnostics
fs_synch_common_minimum,afterglowpy,0.8.1,PyPI afterglowpy==0.8.1,broad-band top-hat on-axis forward-shock synchrotron; uniform medium; E_iso=1e52 erg; Gamma0=300; theta_j=0.1 rad; n=1 cm^-3; epsilon_e=0.1; epsilon_B=1e-3; p=2.3; xi_e=0.1; z=0.1; d_L=1e26 cm; no spreading; no SSC; no reverse shock,observer time and frequency,2.40000000e+23,1.00000000e+06,flux_density_cgs,3.96768669e-37,6.40538317e-01,1.73744880e-02,afterglowpy returns mJy; values converted to cgs; ratios are assumption-audit diagnostics
fs_synch_common_minimum,afterglowpy,0.8.1,PyPI afterglowpy==0.8.1,broad-band top-hat on-axis forward-shock synchrotron; uniform medium; E_iso=1e52 erg; Gamma0=300; theta_j=0.1 rad; n=1 cm^-3; epsilon_e=0.1; epsilon_B=1e-3; p=2.3; xi_e=0.1; z=0.1; d_L=1e26 cm; no spreading; no SSC; no reverse shock,observer time and frequency,2.40000000e+23,3.16227766e+06,flux_density_cgs,4.46215764e-38,1.00031582e+00,1.73744880e-02,afterglowpy returns mJy; values converted to cgs; ratios are assumption-audit diagnostics
fs_synch_common_minimum,afterglowpy,0.8.1,PyPI afterglowpy==0.8.1,broad-band top-hat on-axis forward-shock synchrotron; uniform medium; E_iso=1e52 erg; Gamma0=300; theta_j=0.1 rad; n=1 cm^-3; epsilon_e=0.1; epsilon_B=1e-3; p=2.3; xi_e=0.1; z=0.1; d_L=1e26 cm; no spreading; no SSC; no reverse shock,observer time and frequency,2.40000000e+23,1.00000000e+07,flux_density_cgs,6.12638501e-39,1.67478196e+00,1.73744880e-02,afterglowpy returns mJy; values converted to cgs; ratios are assumption-audit diagnostics
fs_synch_common_minimum,afterglowpy,0.8.1,PyPI afterglowpy==0.8.1,broad-band top-hat on-axis forward-shock synchrotron; uniform medium; E_iso=1e52 erg; Gamma0=300; theta_j=0.1 rad; n=1 cm^-3; epsilon_e=0.1; epsilon_B=1e-3; p=2.3; xi_e=0.1; z=0.1; d_L=1e26 cm; no spreading; no SSC; no reverse shock,observer time and frequency,2.40000000e+23,3.16227766e+07,flux_density_cgs,9.94536686e-40,2.85494277e+00,1.73744880e-02,afterglowpy returns mJy; values converted to cgs; ratios are assumption-audit diagnostics
fs_synch_common_minimum,afterglowpy,0.8.1,PyPI afterglowpy==0.8.1,broad-band top-hat on-axis forward-shock synchrotron; uniform medium; E_iso=1e52 erg; Gamma0=300; theta_j=0.1 rad; n=1 cm^-3; epsilon_e=0.1; epsilon_B=1e-3; p=2.3; xi_e=0.1; z=0.1; d_L=1e26 cm; no spreading; no SSC; no reverse shock,observer time and frequency,2.40000000e+23,1.00000000e+08,flux_density_cgs,1.80156769e-40,4.30544747e+00,1.73744880e-02,afterglowpy returns mJy; values converted to cgs; ratios are assumption-audit diagnostics
fs_synch_common_minimum,afterglowpy,0.8.1,PyPI afterglowpy==0.8.1,broad-band top-hat on-axis forward-shock synchrotron; uniform medium; E_iso=1e52 erg; Gamma0=300; theta_j=0.1 rad; n=1 cm^-3; epsilon_e=0.1; epsilon_B=1e-3; p=2.3; xi_e=0.1; z=0.1; d_L=1e26 cm; no spreading; no SSC; no reverse shock,observer time and frequency,2.40000000e+26,1.00000000e+00,flux_density_cgs,1.31086565e-31,3.61339005e+04,1.73744880e-02,afterglowpy returns mJy; values converted to cgs; ratios are assumption-audit diagnostics
fs_synch_common_minimum,afterglowpy,0.8.1,PyPI afterglowpy==0.8.1,broad-band top-hat on-axis forward-shock synchrotron; uniform medium; E_iso=1e52 erg; Gamma0=300; theta_j=0.1 rad; n=1 cm^-3; epsilon_e=0.1; epsilon_B=1e-3; p=2.3; xi_e=0.1; z=0.1; d_L=1e26 cm; no spreading; no SSC; no reverse shock,observer time and frequency,2.40000000e+26,3.16227766e+00,flux_density_cgs,3.19934466e-32,9.30782904e+02,1.73744880e-02,afterglowpy returns mJy; values converted to cgs; ratios are assumption-audit diagnostics
fs_synch_common_minimum,afterglowpy,0.8.1,PyPI afterglowpy==0.8.1,broad-band top-hat on-axis forward-shock synchrotron; uniform medium; E_iso=1e52 erg; Gamma0=300; theta_j=0.1 rad; n=1 cm^-3; epsilon_e=0.1; epsilon_B=1e-3; p=2.3; xi_e=0.1; z=0.1; d_L=1e26 cm; no spreading; no SSC; no reverse shock,observer time and frequency,2.40000000e+26,1.00000000e+01,flux_density_cgs,7.78524135e-33,3.79460964e+01,1.73744880e-02,afterglowpy returns mJy; values converted to cgs; ratios are assumption-audit diagnostics
fs_synch_common_minimum,afterglowpy,0.8.1,PyPI afterglowpy==0.8.1,broad-band top-hat on-axis forward-shock synchrotron; uniform medium; E_iso=1e52 erg; Gamma0=300; theta_j=0.1 rad; n=1 cm^-3; epsilon_e=0.1; epsilon_B=1e-3; p=2.3; xi_e=0.1; z=0.1; d_L=1e26 cm; no spreading; no SSC; no reverse shock,observer time and frequency,2.40000000e+26,3.16227766e+01,flux_density_cgs,1.89054007e-33,5.03975324e+01,1.73744880e-02,afterglowpy returns mJy; values converted to cgs; ratios are assumption-audit diagnostics
fs_synch_common_minimum,afterglowpy,0.8.1,PyPI afterglowpy==0.8.1,broad-band top-hat on-axis forward-shock synchrotron; uniform medium; E_iso=1e52 erg; Gamma0=300; theta_j=0.1 rad; n=1 cm^-3; epsilon_e=0.1; epsilon_B=1e-3; p=2.3; xi_e=0.1; z=0.1; d_L=1e26 cm; no spreading; no SSC; no reverse shock,observer time and frequency,2.40000000e+26,1.00000000e+02,flux_density_cgs,4.58506639e-34,4.18401219e+02,1.73744880e-02,afterglowpy returns mJy; values converted to cgs; ratios are assumption-audit diagnostics
fs_synch_common_minimum,afterglowpy,0.8.1,PyPI afterglowpy==0.8.1,broad-band top-hat on-axis forward-shock synchrotron; uniform medium; E_iso=1e52 erg; Gamma0=300; theta_j=0.1 rad; n=1 cm^-3; epsilon_e=0.1; epsilon_B=1e-3; p=2.3; xi_e=0.1; z=0.1; d_L=1e26 cm; no spreading; no SSC; no reverse shock,observer time and frequency,2.40000000e+26,3.16227766e+02,flux_density_cgs,1.11103837e-34,9.38980264e+02,1.73744880e-02,afterglowpy returns mJy; values converted to cgs; ratios are assumption-audit diagnostics
fs_synch_common_minimum,afterglowpy,0.8.1,PyPI afterglowpy==0.8.1,broad-band top-hat on-axis forward-shock synchrotron; uniform medium; E_iso=1e52 erg; Gamma0=300; theta_j=0.1 rad; n=1 cm^-3; epsilon_e=0.1; epsilon_B=1e-3; p=2.3; xi_e=0.1; z=0.1; d_L=1e26 cm; no spreading; no SSC; no reverse shock,observer time and frequency,2.40000000e+26,1.00000000e+03,flux_density_cgs,2.67351805e-35,4.42193032e+03,1.73744880e-02,afterglowpy returns mJy; values converted to cgs; ratios are assumption-audit diagnostics
fs_synch_common_minimum,afterglowpy,0.8.1,PyPI afterglowpy==0.8.1,broad-band top-hat on-axis forward-shock synchrotron; uniform medium; E_iso=1e52 erg; Gamma0=300; theta_j=0.1 rad; n=1 cm^-3; epsilon_e=0.1; epsilon_B=1e-3; p=2.3; xi_e=0.1; z=0.1; d_L=1e26 cm; no spreading; no SSC; no reverse shock,observer time and frequency,2.40000000e+26,3.16227766e+03,flux_density_cgs,6.38641406e-36,2.61883006e+04,1.73744880e-02,afterglowpy returns mJy; values converted to cgs; ratios are assumption-audit diagnostics
fs_synch_common_minimum,afterglowpy,0.8.1,PyPI afterglowpy==0.8.1,broad-band top-hat on-axis forward-shock synchrotron; uniform medium; E_iso=1e52 erg; Gamma0=300; theta_j=0.1 rad; n=1 cm^-3; epsilon_e=0.1; epsilon_B=1e-3; p=2.3; xi_e=0.1; z=0.1; d_L=1e26 cm; no spreading; no SSC; no reverse shock,observer time and frequency,2.40000000e+26,1.00000000e+04,flux_density_cgs,1.51155928e-36,1.92063558e+05,1.73744880e-02,afterglowpy returns mJy; values converted to cgs; ratios are assumption-audit diagnostics
fs_synch_common_minimum,afterglowpy,0.8.1,PyPI afterglowpy==0.8.1,broad-band top-hat on-axis forward-shock synchrotron; uniform medium; E_iso=1e52 erg; Gamma0=300; theta_j=0.1 rad; n=1 cm^-3; epsilon_e=0.1; epsilon_B=1e-3; p=2.3; xi_e=0.1; z=0.1; d_L=1e26 cm; no spreading; no SSC; no reverse shock,observer time and frequency,2.40000000e+26,3.16227766e+04,flux_density_cgs,3.17274938e-37,1.59936901e+06,1.73744880e-02,afterglowpy returns mJy; values converted to cgs; ratios are assumption-audit diagnostics
fs_synch_common_minimum,afterglowpy,0.8.1,PyPI afterglowpy==0.8.1,broad-band top-hat on-axis forward-shock synchrotron; uniform medium; E_iso=1e52 erg; Gamma0=300; theta_j=0.1 rad; n=1 cm^-3; epsilon_e=0.1; epsilon_B=1e-3; p=2.3; xi_e=0.1; z=0.1; d_L=1e26 cm; no spreading; no SSC; no reverse shock,observer time and frequency,2.40000000e+26,1.00000000e+05,flux_density_cgs,2.33448364e-38,1.39124803e+07,1.73744880e-02,afterglowpy returns mJy; values converted to cgs; ratios are assumption-audit diagnostics
fs_synch_common_minimum,afterglowpy,0.8.1,PyPI afterglowpy==0.8.1,broad-band top-hat on-axis forward-shock synchrotron; uniform medium; E_iso=1e52 erg; Gamma0=300; theta_j=0.1 rad; n=1 cm^-3; epsilon_e=0.1; epsilon_B=1e-3; p=2.3; xi_e=0.1; z=0.1; d_L=1e26 cm; no spreading; no SSC; no reverse shock,observer time and frequency,2.40000000e+26,3.16227766e+05,flux_density_cgs,1.56633324e-39,2.26172087e+08,1.73744880e-02,afterglowpy returns mJy; values converted to cgs; ratios are assumption-audit diagnostics
fs_synch_common_minimum,afterglowpy,0.8.1,PyPI afterglowpy==0.8.1,broad-band top-hat on-axis forward-shock synchrotron; uniform medium; E_iso=1e52 erg; Gamma0=300; theta_j=0.1 rad; n=1 cm^-3; epsilon_e=0.1; epsilon_B=1e-3; p=2.3; xi_e=0.1; z=0.1; d_L=1e26 cm; no spreading; no SSC; no reverse shock,observer time and frequency,2.40000000e+26,1.00000000e+06,flux_density_cgs,1.40778836e-40,5.41209792e+09,1.73744880e-02,afterglowpy returns mJy; values converted to cgs; ratios are assumption-audit diagnostics
fs_synch_common_minimum,afterglowpy,0.8.1,PyPI afterglowpy==0.8.1,broad-band top-hat on-axis forward-shock synchrotron; uniform medium; E_iso=1e52 erg; Gamma0=300; theta_j=0.1 rad; n=1 cm^-3; epsilon_e=0.1; epsilon_B=1e-3; p=2.3; xi_e=0.1; z=0.1; d_L=1e26 cm; no spreading; no SSC; no reverse shock,observer time and frequency,2.40000000e+26,3.16227766e+06,flux_density_cgs,1.58323327e-41,1.72936730e+11,1.73744880e-02,afterglowpy returns mJy; values converted to cgs; ratios are assumption-audit diagnostics
fs_synch_common_minimum,afterglowpy,0.8.1,PyPI afterglowpy==0.8.1,broad-band top-hat on-axis forward-shock synchrotron; uniform medium; E_iso=1e52 erg; Gamma0=300; theta_j=0.1 rad; n=1 cm^-3; epsilon_e=0.1; epsilon_B=1e-3; p=2.3; xi_e=0.1; z=0.1; d_L=1e26 cm; no spreading; no SSC; no reverse shock,observer time and frequency,2.40000000e+26,1.00000000e+07,flux_density_cgs,2.17372343e-42,4.85582696e+12,1.73744880e-02,afterglowpy returns mJy; values converted to cgs; ratios are assumption-audit diagnostics
fs_synch_common_minimum,afterglowpy,0.8.1,PyPI afterglowpy==0.8.1,broad-band top-hat on-axis forward-shock synchrotron; uniform medium; E_iso=1e52 erg; Gamma0=300; theta_j=0.1 rad; n=1 cm^-3; epsilon_e=0.1; epsilon_B=1e-3; p=2.3; xi_e=0.1; z=0.1; d_L=1e26 cm; no spreading; no SSC; no reverse shock,observer time and frequency,2.40000000e+26,3.16227766e+07,flux_density_cgs,3.52874932e-43,9.96992378e+13,1.73744880e-02,afterglowpy returns mJy; values converted to cgs; ratios are assumption-audit diagnostics
fs_synch_common_minimum,afterglowpy,0.8.1,PyPI afterglowpy==0.8.1,broad-band top-hat on-axis forward-shock synchrotron; uniform medium; E_iso=1e52 erg; Gamma0=300; theta_j=0.1 rad; n=1 cm^-3; epsilon_e=0.1; epsilon_B=1e-3; p=2.3; xi_e=0.1; z=0.1; d_L=1e26 cm; no spreading; no SSC; no reverse shock,observer time and frequency,2.40000000e+26,1.00000000e+08,flux_density_cgs,6.39220336e-44,9.79321618e+14,1.73744880e-02,afterglowpy returns mJy; values converted to cgs; ratios are assumption-audit diagnostics
fs_synch_common_minimum,jetsimpy,0.5.0,git 53d07610830f2247d8c41364a2b469491fa22eb2,broad-band top-hat on-axis forward-shock synchrotron; uniform medium; E_iso=1e52 erg; Gamma0=300; theta_j=0.1 rad; n=1 cm^-3; epsilon_e=0.1; epsilon_B=1e-3; p=2.3; xi_e=0.1; z=0.1; d_L=1e26 cm; no spreading; no SSC; no reverse shock,observer time and frequency,1.00000000e+08,1.00000000e+00,flux_density_cgs,8.14104411e-28,5.69996547e+02,8.02462623e-01,jetsimpy returns mJy; values converted to cgs; ratios are assumption-audit diagnostics
fs_synch_common_minimum,jetsimpy,0.5.0,git 53d07610830f2247d8c41364a2b469491fa22eb2,broad-band top-hat on-axis forward-shock synchrotron; uniform medium; E_iso=1e52 erg; Gamma0=300; theta_j=0.1 rad; n=1 cm^-3; epsilon_e=0.1; epsilon_B=1e-3; p=2.3; xi_e=0.1; z=0.1; d_L=1e26 cm; no spreading; no SSC; no reverse shock,observer time and frequency,1.00000000e+08,3.16227766e+00,flux_density_cgs,1.14113617e-26,2.51189859e+02,8.02462623e-01,jetsimpy returns mJy; values converted to cgs; ratios are assumption-audit diagnostics
fs_synch_common_minimum,jetsimpy,0.5.0,git 53d07610830f2247d8c41364a2b469491fa22eb2,broad-band top-hat on-axis forward-shock synchrotron; uniform medium; E_iso=1e52 erg; Gamma0=300; theta_j=0.1 rad; n=1 cm^-3; epsilon_e=0.1; epsilon_B=1e-3; p=2.3; xi_e=0.1; z=0.1; d_L=1e26 cm; no spreading; no SSC; no reverse shock,observer time and frequency,1.00000000e+08,1.00000000e+01,flux_density_cgs,4.64748726e-26,5.90995762e+01,8.02462623e-01,jetsimpy returns mJy; values converted to cgs; ratios are assumption-audit diagnostics
fs_synch_common_minimum,jetsimpy,0.5.0,git 53d07610830f2247d8c41364a2b469491fa22eb2,broad-band top-hat on-axis forward-shock synchrotron; uniform medium; E_iso=1e52 erg; Gamma0=300; theta_j=0.1 rad; n=1 cm^-3; epsilon_e=0.1; epsilon_B=1e-3; p=2.3; xi_e=0.1; z=0.1; d_L=1e26 cm; no spreading; no SSC; no reverse shock,observer time and frequency,1.00000000e+08,3.16227766e+01,flux_density_cgs,1.14204478e-25,4.14368105e+01,8.02462623e-01,jetsimpy returns mJy; values converted to cgs; ratios are assumption-audit diagnostics
fs_synch_common_minimum,jetsimpy,0.5.0,git 53d07610830f2247d8c41364a2b469491fa22eb2,broad-band top-hat on-axis forward-shock synchrotron; uniform medium; E_iso=1e52 erg; Gamma0=300; theta_j=0.1 rad; n=1 cm^-3; epsilon_e=0.1; epsilon_B=1e-3; p=2.3; xi_e=0.1; z=0.1; d_L=1e26 cm; no spreading; no SSC; no reverse shock,observer time and frequency,1.00000000e+08,1.00000000e+02,flux_density_cgs,2.37705016e-25,5.54114761e+01,8.02462623e-01,jetsimpy returns mJy; values converted to cgs; ratios are assumption-audit diagnostics
fs_synch_common_minimum,jetsimpy,0.5.0,git 53d07610830f2247d8c41364a2b469491fa22eb2,broad-band top-hat on-axis forward-shock synchrotron; uniform medium; E_iso=1e52 erg; Gamma0=300; theta_j=0.1 rad; n=1 cm^-3; epsilon_e=0.1; epsilon_B=1e-3; p=2.3; xi_e=0.1; z=0.1; d_L=1e26 cm; no spreading; no SSC; no reverse shock,observer time and frequency,1.00000000e+08,3.16227766e+02,flux_density_cgs,4.59246626e-25,4.87514435e+01,8.02462623e-01,jetsimpy returns mJy; values converted to cgs; ratios are assumption-audit diagnostics
fs_synch_common_minimum,jetsimpy,0.5.0,git 53d07610830f2247d8c41364a2b469491fa22eb2,broad-band top-hat on-axis forward-shock synchrotron; uniform medium; E_iso=1e52 erg; Gamma0=300; theta_j=0.1 rad; n=1 cm^-3; epsilon_e=0.1; epsilon_B=1e-3; p=2.3; xi_e=0.1; z=0.1; d_L=1e26 cm; no spreading; no SSC; no reverse shock,observer time and frequency,1.00000000e+08,1.00000000e+03,flux_density_cgs,8.54537623e-25,4.95185861e+01,8.02462623e-01,jetsimpy returns mJy; values converted to cgs; ratios are assumption-audit diagnostics
fs_synch_common_minimum,jetsimpy,0.5.0,git 53d07610830f2247d8c41364a2b469491fa22eb2,broad-band top-hat on-axis forward-shock synchrotron; uniform medium; E_iso=1e52 erg; Gamma0=300; theta_j=0.1 rad; n=1 cm^-3; epsilon_e=0.1; epsilon_B=1e-3; p=2.3; xi_e=0.1; z=0.1; d_L=1e26 cm; no spreading; no SSC; no reverse shock,observer time and frequency,1.00000000e+08,3.16227766e+03,flux_density_cgs,1.56131333e-24,5.13412401e+01,8.02462623e-01,jetsimpy returns mJy; values converted to cgs; ratios are assumption-audit diagnostics
fs_synch_common_minimum,jetsimpy,0.5.0,git 53d07610830f2247d8c41364a2b469491fa22eb2,broad-band top-hat on-axis forward-shock synchrotron; uniform medium; E_iso=1e52 erg; Gamma0=300; theta_j=0.1 rad; n=1 cm^-3; epsilon_e=0.1; epsilon_B=1e-3; p=2.3; xi_e=0.1; z=0.1; d_L=1e26 cm; no spreading; no SSC; no reverse shock,observer time and frequency,1.00000000e+08,1.00000000e+04,flux_density_cgs,2.83505069e-24,5.45643502e+01,8.02462623e-01,jetsimpy returns mJy; values converted to cgs; ratios are assumption-audit diagnostics
fs_synch_common_minimum,jetsimpy,0.5.0,git 53d07610830f2247d8c41364a2b469491fa22eb2,broad-band top-hat on-axis forward-shock synchrotron; uniform medium; E_iso=1e52 erg; Gamma0=300; theta_j=0.1 rad; n=1 cm^-3; epsilon_e=0.1; epsilon_B=1e-3; p=2.3; xi_e=0.1; z=0.1; d_L=1e26 cm; no spreading; no SSC; no reverse shock,observer time and frequency,1.00000000e+08,3.16227766e+04,flux_density_cgs,5.05817650e-24,5.74373612e+01,8.02462623e-01,jetsimpy returns mJy; values converted to cgs; ratios are assumption-audit diagnostics
fs_synch_common_minimum,jetsimpy,0.5.0,git 53d07610830f2247d8c41364a2b469491fa22eb2,broad-band top-hat on-axis forward-shock synchrotron; uniform medium; E_iso=1e52 erg; Gamma0=300; theta_j=0.1 rad; n=1 cm^-3; epsilon_e=0.1; epsilon_B=1e-3; p=2.3; xi_e=0.1; z=0.1; d_L=1e26 cm; no spreading; no SSC; no reverse shock,observer time and frequency,1.00000000e+08,1.00000000e+05,flux_density_cgs,6.49253960e-24,6.31064572e+01,8.02462623e-01,jetsimpy returns mJy; values converted to cgs; ratios are assumption-audit diagnostics
fs_synch_common_minimum,jetsimpy,0.5.0,git 53d07610830f2247d8c41364a2b469491fa22eb2,broad-band top-hat on-axis forward-shock synchrotron; uniform medium; E_iso=1e52 erg; Gamma0=300; theta_j=0.1 rad; n=1 cm^-3; epsilon_e=0.1; epsilon_B=1e-3; p=2.3; xi_e=0.1; z=0.1; d_L=1e26 cm; no spreading; no SSC; no reverse shock,observer time and frequency,1.00000000e+08,3.16227766e+05,flux_density_cgs,5.84892791e-24,6.73717399e+01,8.02462623e-01,jetsimpy returns mJy; values converted to cgs; ratios are assumption-audit diagnostics
fs_synch_common_minimum,jetsimpy,0.5.0,git 53d07610830f2247d8c41364a2b469491fa22eb2,broad-band top-hat on-axis forward-shock synchrotron; uniform medium; E_iso=1e52 erg; Gamma0=300; theta_j=0.1 rad; n=1 cm^-3; epsilon_e=0.1; epsilon_B=1e-3; p=2.3; xi_e=0.1; z=0.1; d_L=1e26 cm; no spreading; no SSC; no reverse shock,observer time and frequency,1.00000000e+08,1.00000000e+06,flux_density_cgs,5.49481668e-24,7.58636683e+01,8.02462623e-01,jetsimpy returns mJy; values converted to cgs; ratios are assumption-audit diagnostics
fs_synch_common_minimum,jetsimpy,0.5.0,git 53d07610830f2247d8c41364a2b469491fa22eb2,broad-band top-hat on-axis forward-shock synchrotron; uniform medium; E_iso=1e52 erg; Gamma0=300; theta_j=0.1 rad; n=1 cm^-3; epsilon_e=0.1; epsilon_B=1e-3; p=2.3; xi_e=0.1; z=0.1; d_L=1e26 cm; no spreading; no SSC; no reverse shock,observer time and frequency,1.00000000e+08,3.16227766e+06,flux_density_cgs,1.02721499e-24,1.61502158e+01,8.02462623e-01,jetsimpy returns mJy; values converted to cgs; ratios are assumption-audit diagnostics
fs_synch_common_minimum,jetsimpy,0.5.0,git 53d07610830f2247d8c41364a2b469491fa22eb2,broad-band top-hat on-axis forward-shock synchrotron; uniform medium; E_iso=1e52 erg; Gamma0=300; theta_j=0.1 rad; n=1 cm^-3; epsilon_e=0.1; epsilon_B=1e-3; p=2.3; xi_e=0.1; z=0.1; d_L=1e26 cm; no spreading; no SSC; no reverse shock,observer time and frequency,1.00000000e+08,1.00000000e+07,flux_density_cgs,1.52419747e-25,3.38862079e+00,8.02462623e-01,jetsimpy returns mJy; values converted to cgs; ratios are assumption-audit diagnostics
fs_synch_common_minimum,jetsimpy,0.5.0,git 53d07610830f2247d8c41364a2b469491fa22eb2,broad-band top-hat on-axis forward-shock synchrotron; uniform medium; E_iso=1e52 erg; Gamma0=300; theta_j=0.1 rad; n=1 cm^-3; epsilon_e=0.1; epsilon_B=1e-3; p=2.3; xi_e=0.1; z=0.1; d_L=1e26 cm; no spreading; no SSC; no reverse shock,observer time and frequency,1.00000000e+08,3.16227766e+07,flux_density_cgs,2.72538109e-26,1.09079771e+00,8.02462623e-01,jetsimpy returns mJy; values converted to cgs; ratios are assumption-audit diagnostics
fs_synch_common_minimum,jetsimpy,0.5.0,git 53d07610830f2247d8c41364a2b469491fa22eb2,broad-band top-hat on-axis forward-shock synchrotron; uniform medium; E_iso=1e52 erg; Gamma0=300; theta_j=0.1 rad; n=1 cm^-3; epsilon_e=0.1; epsilon_B=1e-3; p=2.3; xi_e=0.1; z=0.1; d_L=1e26 cm; no spreading; no SSC; no reverse shock,observer time and frequency,1.00000000e+08,1.00000000e+08,flux_density_cgs,5.33283548e-27,2.16771362e-01,8.02462623e-01,jetsimpy returns mJy; values converted to cgs; ratios are assumption-audit diagnostics
fs_synch_common_minimum,jetsimpy,0.5.0,git 53d07610830f2247d8c41364a2b469491fa22eb2,broad-band top-hat on-axis forward-shock synchrotron; uniform medium; E_iso=1e52 erg; Gamma0=300; theta_j=0.1 rad; n=1 cm^-3; epsilon_e=0.1; epsilon_B=1e-3; p=2.3; xi_e=0.1; z=0.1; d_L=1e26 cm; no spreading; no SSC; no reverse shock,observer time and frequency,1.00000000e+09,1.00000000e+00,flux_density_cgs,1.75393478e-27,5.50609994e+02,8.02462623e-01,jetsimpy returns mJy; values converted to cgs; ratios are assumption-audit diagnostics
fs_synch_common_minimum,jetsimpy,0.5.0,git 53d07610830f2247d8c41364a2b469491fa22eb2,broad-band top-hat on-axis forward-shock synchrotron; uniform medium; E_iso=1e52 erg; Gamma0=300; theta_j=0.1 rad; n=1 cm^-3; epsilon_e=0.1; epsilon_B=1e-3; p=2.3; xi_e=0.1; z=0.1; d_L=1e26 cm; no spreading; no SSC; no reverse shock,observer time and frequency,1.00000000e+09,3.16227766e+00,flux_density_cgs,2.45850335e-26,2.10015506e+02,8.02462623e-01,jetsimpy returns mJy; values converted to cgs; ratios are assumption-audit diagnostics
fs_synch_common_minimum,jetsimpy,0.5.0,git 53d07610830f2247d8c41364a2b469491fa22eb2,broad-band top-hat on-axis forward-shock synchrotron; uniform medium; E_iso=1e52 erg; Gamma0=300; theta_j=0.1 rad; n=1 cm^-3; epsilon_e=0.1; epsilon_B=1e-3; p=2.3; xi_e=0.1; z=0.1; d_L=1e26 cm; no spreading; no SSC; no reverse shock,observer time and frequency,1.00000000e+09,1.00000000e+01,flux_density_cgs,1.00127078e-25,2.37336573e+01,8.02462623e-01,jetsimpy returns mJy; values converted to cgs; ratios are assumption-audit diagnostics
fs_synch_common_minimum,jetsimpy,0.5.0,git 53d07610830f2247d8c41364a2b469491fa22eb2,broad-band top-hat on-axis forward-shock synchrotron; uniform medium; E_iso=1e52 erg; Gamma0=300; theta_j=0.1 rad; n=1 cm^-3; epsilon_e=0.1; epsilon_B=1e-3; p=2.3; xi_e=0.1; z=0.1; d_L=1e26 cm; no spreading; no SSC; no reverse shock,observer time and frequency,1.00000000e+09,3.16227766e+01,flux_density_cgs,2.46046090e-25,1.34580958e+01,8.02462623e-01,jetsimpy returns mJy; values converted to cgs; ratios are assumption-audit diagnostics
fs_synch_common_minimum,jetsimpy,0.5.0,git 53d07610830f2247d8c41364a2b469491fa22eb2,broad-band top-hat on-axis forward-shock synchrotron; uniform medium; E_iso=1e52 erg; Gamma0=300; theta_j=0.1 rad; n=1 cm^-3; epsilon_e=0.1; epsilon_B=1e-3; p=2.3; xi_e=0.1; z=0.1; d_L=1e26 cm; no spreading; no SSC; no reverse shock,observer time and frequency,1.00000000e+09,1.00000000e+02,flux_density_cgs,5.12119933e-25,2.73231416e+01,8.02462623e-01,jetsimpy returns mJy; values converted to cgs; ratios are assumption-audit diagnostics
fs_synch_common_minimum,jetsimpy,0.5.0,git 53d07610830f2247d8c41364a2b469491fa22eb2,broad-band top-hat on-axis forward-shock synchrotron; uniform medium; E_iso=1e52 erg; Gamma0=300; theta_j=0.1 rad; n=1 cm^-3; epsilon_e=0.1; epsilon_B=1e-3; p=2.3; xi_e=0.1; z=0.1; d_L=1e26 cm; no spreading; no SSC; no reverse shock,observer time and frequency,1.00000000e+09,3.16227766e+02,flux_density_cgs,9.89416863e-25,3.04748747e+01,8.02462623e-01,jetsimpy returns mJy; values converted to cgs; ratios are assumption-audit diagnostics
fs_synch_common_minimum,jetsimpy,0.5.0,git 53d07610830f2247d8c41364a2b469491fa22eb2,broad-band top-hat on-axis forward-shock synchrotron; uniform medium; E_iso=1e52 erg; Gamma0=300; theta_j=0.1 rad; n=1 cm^-3; epsilon_e=0.1; epsilon_B=1e-3; p=2.3; xi_e=0.1; z=0.1; d_L=1e26 cm; no spreading; no SSC; no reverse shock,observer time and frequency,1.00000000e+09,1.00000000e+03,flux_density_cgs,1.84104550e-24,3.62887450e+01,8.02462623e-01,jetsimpy returns mJy; values converted to cgs; ratios are assumption-audit diagnostics
fs_synch_common_minimum,jetsimpy,0.5.0,git 53d07610830f2247d8c41364a2b469491fa22eb2,broad-band top-hat on-axis forward-shock synchrotron; uniform medium; E_iso=1e52 erg; Gamma0=300; theta_j=0.1 rad; n=1 cm^-3; epsilon_e=0.1; epsilon_B=1e-3; p=2.3; xi_e=0.1; z=0.1; d_L=1e26 cm; no spreading; no SSC; no reverse shock,observer time and frequency,1.00000000e+09,3.16227766e+03,flux_density_cgs,3.36374760e-24,4.07215301e+01,8.02462623e-01,jetsimpy returns mJy; values converted to cgs; ratios are assumption-audit diagnostics
fs_synch_common_minimum,jetsimpy,0.5.0,git 53d07610830f2247d8c41364a2b469491fa22eb2,broad-band top-hat on-axis forward-shock synchrotron; uniform medium; E_iso=1e52 erg; Gamma0=300; theta_j=0.1 rad; n=1 cm^-3; epsilon_e=0.1; epsilon_B=1e-3; p=2.3; xi_e=0.1; z=0.1; d_L=1e26 cm; no spreading; no SSC; no reverse shock,observer time and frequency,1.00000000e+09,1.00000000e+04,flux_density_cgs,6.10793155e-24,4.39661752e+01,8.02462623e-01,jetsimpy returns mJy; values converted to cgs; ratios are assumption-audit diagnostics
fs_synch_common_minimum,jetsimpy,0.5.0,git 53d07610830f2247d8c41364a2b469491fa22eb2,broad-band top-hat on-axis forward-shock synchrotron; uniform medium; E_iso=1e52 erg; Gamma0=300; theta_j=0.1 rad; n=1 cm^-3; epsilon_e=0.1; epsilon_B=1e-3; p=2.3; xi_e=0.1; z=0.1; d_L=1e26 cm; no spreading; no SSC; no reverse shock,observer time and frequency,1.00000000e+09,3.16227766e+04,flux_density_cgs,1.08975107e-23,4.66549164e+01,8.02462623e-01,jetsimpy returns mJy; values converted to cgs; ratios are assumption-audit diagnostics
fs_synch_common_minimum,jetsimpy,0.5.0,git 53d07610830f2247d8c41364a2b469491fa22eb2,broad-band top-hat on-axis forward-shock synchrotron; uniform medium; E_iso=1e52 erg; Gamma0=300; theta_j=0.1 rad; n=1 cm^-3; epsilon_e=0.1; epsilon_B=1e-3; p=2.3; xi_e=0.1; z=0.1; d_L=1e26 cm; no spreading; no SSC; no reverse shock,observer time and frequency,1.00000000e+09,1.00000000e+05,flux_density_cgs,1.39871381e-23,4.99849249e+01,8.02462623e-01,jetsimpy returns mJy; values converted to cgs; ratios are assumption-audit diagnostics
fs_synch_common_minimum,jetsimpy,0.5.0,git 53d07610830f2247d8c41364a2b469491fa22eb2,broad-band top-hat on-axis forward-shock synchrotron; uniform medium; E_iso=1e52 erg; Gamma0=300; theta_j=0.1 rad; n=1 cm^-3; epsilon_e=0.1; epsilon_B=1e-3; p=2.3; xi_e=0.1; z=0.1; d_L=1e26 cm; no spreading; no SSC; no reverse shock,observer time and frequency,1.00000000e+09,3.16227766e+05,flux_density_cgs,1.25568258e-23,4.89031291e+01,8.02462623e-01,jetsimpy returns mJy; values converted to cgs; ratios are assumption-audit diagnostics
fs_synch_common_minimum,jetsimpy,0.5.0,git 53d07610830f2247d8c41364a2b469491fa22eb2,broad-band top-hat on-axis forward-shock synchrotron; uniform medium; E_iso=1e52 erg; Gamma0=300; theta_j=0.1 rad; n=1 cm^-3; epsilon_e=0.1; epsilon_B=1e-3; p=2.3; xi_e=0.1; z=0.1; d_L=1e26 cm; no spreading; no SSC; no reverse shock,observer time and frequency,1.00000000e+09,1.00000000e+06,flux_density_cgs,2.15393602e-24,9.21529233e+00,8.02462623e-01,jetsimpy returns mJy; values converted to cgs; ratios are assumption-audit diagnostics
fs_synch_common_minimum,jetsimpy,0.5.0,git 53d07610830f2247d8c41364a2b469491fa22eb2,broad-band top-hat on-axis forward-shock synchrotron; uniform medium; E_iso=1e52 erg; Gamma0=300; theta_j=0.1 rad; n=1 cm^-3; epsilon_e=0.1; epsilon_B=1e-3; p=2.3; xi_e=0.1; z=0.1; d_L=1e26 cm; no spreading; no SSC; no reverse shock,observer time and frequency,1.00000000e+09,3.16227766e+06,flux_density_cgs,2.29964791e-25,1.02483773e+00,8.02462623e-01,jetsimpy returns mJy; values converted to cgs; ratios are assumption-audit diagnostics
fs_synch_common_minimum,jetsimpy,0.5.0,git 53d07610830f2247d8c41364a2b469491fa22eb2,broad-band top-hat on-axis forward-shock synchrotron; uniform medium; E_iso=1e52 erg; Gamma0=300; theta_j=0.1 rad; n=1 cm^-3; epsilon_e=0.1; epsilon_B=1e-3; p=2.3; xi_e=0.1; z=0.1; d_L=1e26 cm; no spreading; no SSC; no reverse shock,observer time and frequency,1.00000000e+09,1.00000000e+07,flux_density_cgs,3.41225310e-26,2.01977965e-01,8.02462623e-01,jetsimpy returns mJy; values converted to cgs; ratios are assumption-audit diagnostics
fs_synch_common_minimum,jetsimpy,0.5.0,git 53d07610830f2247d8c41364a2b469491fa22eb2,broad-band top-hat on-axis forward-shock synchrotron; uniform medium; E_iso=1e52 erg; Gamma0=300; theta_j=0.1 rad; n=1 cm^-3; epsilon_e=0.1; epsilon_B=1e-3; p=2.3; xi_e=0.1; z=0.1; d_L=1e26 cm; no spreading; no SSC; no reverse shock,observer time and frequency,1.00000000e+09,3.16227766e+07,flux_density_cgs,6.10136825e-27,1.08115583e-01,8.02462623e-01,jetsimpy returns mJy; values converted to cgs; ratios are assumption-audit diagnostics
fs_synch_common_minimum,jetsimpy,0.5.0,git 53d07610830f2247d8c41364a2b469491fa22eb2,broad-band top-hat on-axis forward-shock synchrotron; uniform medium; E_iso=1e52 erg; Gamma0=300; theta_j=0.1 rad; n=1 cm^-3; epsilon_e=0.1; epsilon_B=1e-3; p=2.3; xi_e=0.1; z=0.1; d_L=1e26 cm; no spreading; no SSC; no reverse shock,observer time and frequency,1.00000000e+09,1.00000000e+08,flux_density_cgs,1.19387315e-27,8.77855791e-02,8.02462623e-01,jetsimpy returns mJy; values converted to cgs; ratios are assumption-audit diagnostics
fs_synch_common_minimum,jetsimpy,0.5.0,git 53d07610830f2247d8c41364a2b469491fa22eb2,broad-band top-hat on-axis forward-shock synchrotron; uniform medium; E_iso=1e52 erg; Gamma0=300; theta_j=0.1 rad; n=1 cm^-3; epsilon_e=0.1; epsilon_B=1e-3; p=2.3; xi_e=0.1; z=0.1; d_L=1e26 cm; no spreading; no SSC; no reverse shock,observer time and frequency,1.00000000e+10,1.00000000e+00,flux_density_cgs,3.77873794e-27,5.50221571e+02,8.02462623e-01,jetsimpy returns mJy; values converted to cgs; ratios are assumption-audit diagnostics
fs_synch_common_minimum,jetsimpy,0.5.0,git 53d07610830f2247d8c41364a2b469491fa22eb2,broad-band top-hat on-axis forward-shock synchrotron; uniform medium; E_iso=1e52 erg; Gamma0=300; theta_j=0.1 rad; n=1 cm^-3; epsilon_e=0.1; epsilon_B=1e-3; p=2.3; xi_e=0.1; z=0.1; d_L=1e26 cm; no spreading; no SSC; no reverse shock,observer time and frequency,1.00000000e+10,3.16227766e+00,flux_density_cgs,5.29668491e-26,2.09184366e+02,8.02462623e-01,jetsimpy returns mJy; values converted to cgs; ratios are assumption-audit diagnostics
fs_synch_common_minimum,jetsimpy,0.5.0,git 53d07610830f2247d8c41364a2b469491fa22eb2,broad-band top-hat on-axis forward-shock synchrotron; uniform medium; E_iso=1e52 erg; Gamma0=300; theta_j=0.1 rad; n=1 cm^-3; epsilon_e=0.1; epsilon_B=1e-3; p=2.3; xi_e=0.1; z=0.1; d_L=1e26 cm; no spreading; no SSC; no reverse shock,observer time and frequency,1.00000000e+10,1.00000000e+01,flux_density_cgs,2.15717250e-25,2.31429839e+01,8.02462623e-01,jetsimpy returns mJy; values converted to cgs; ratios are assumption-audit diagnostics
fs_synch_common_minimum,jetsimpy,0.5.0,git 53d07610830f2247d8c41364a2b469491fa22eb2,broad-band top-hat on-axis forward-shock synchrotron; uniform medium; E_iso=1e52 erg; Gamma0=300; theta_j=0.1 rad; n=1 cm^-3; epsilon_e=0.1; epsilon_B=1e-3; p=2.3; xi_e=0.1; z=0.1; d_L=1e26 cm; no spreading; no SSC; no reverse shock,observer time and frequency,1.00000000e+10,3.16227766e+01,flux_density_cgs,5.30090231e-25,1.29905626e+01,8.02462623e-01,jetsimpy returns mJy; values converted to cgs; ratios are assumption-audit diagnostics
fs_synch_common_minimum,jetsimpy,0.5.0,git 53d07610830f2247d8c41364a2b469491fa22eb2,broad-band top-hat on-axis forward-shock synchrotron; uniform medium; E_iso=1e52 erg; Gamma0=300; theta_j=0.1 rad; n=1 cm^-3; epsilon_e=0.1; epsilon_B=1e-3; p=2.3; xi_e=0.1; z=0.1; d_L=1e26 cm; no spreading; no SSC; no reverse shock,observer time and frequency,1.00000000e+10,1.00000000e+02,flux_density_cgs,1.10332895e-24,2.67885544e+01,8.02462623e-01,jetsimpy returns mJy; values converted to cgs; ratios are assumption-audit diagnostics
fs_synch_common_minimum,jetsimpy,0.5.0,git 53d07610830f2247d8c41364a2b469491fa22eb2,broad-band top-hat on-axis forward-shock synchrotron; uniform medium; E_iso=1e52 erg; Gamma0=300; theta_j=0.1 rad; n=1 cm^-3; epsilon_e=0.1; epsilon_B=1e-3; p=2.3; xi_e=0.1; z=0.1; d_L=1e26 cm; no spreading; no SSC; no reverse shock,observer time and frequency,1.00000000e+10,3.16227766e+02,flux_density_cgs,2.13163401e-24,3.01407637e+01,8.02462623e-01,jetsimpy returns mJy; values converted to cgs; ratios are assumption-audit diagnostics
fs_synch_common_minimum,jetsimpy,0.5.0,git 53d07610830f2247d8c41364a2b469491fa22eb2,broad-band top-hat on-axis forward-shock synchrotron; uniform medium; E_iso=1e52 erg; Gamma0=300; theta_j=0.1 rad; n=1 cm^-3; epsilon_e=0.1; epsilon_B=1e-3; p=2.3; xi_e=0.1; z=0.1; d_L=1e26 cm; no spreading; no SSC; no reverse shock,observer time and frequency,1.00000000e+10,1.00000000e+03,flux_density_cgs,3.96641229e-24,3.60433223e+01,8.02462623e-01,jetsimpy returns mJy; values converted to cgs; ratios are assumption-audit diagnostics
fs_synch_common_minimum,jetsimpy,0.5.0,git 53d07610830f2247d8c41364a2b469491fa22eb2,broad-band top-hat on-axis forward-shock synchrotron; uniform medium; E_iso=1e52 erg; Gamma0=300; theta_j=0.1 rad; n=1 cm^-3; epsilon_e=0.1; epsilon_B=1e-3; p=2.3; xi_e=0.1; z=0.1; d_L=1e26 cm; no spreading; no SSC; no reverse shock,observer time and frequency,1.00000000e+10,3.16227766e+03,flux_density_cgs,7.24697452e-24,4.04940583e+01,8.02462623e-01,jetsimpy returns mJy; values converted to cgs; ratios are assumption-audit diagnostics
fs_synch_common_minimum,jetsimpy,0.5.0,git 53d07610830f2247d8c41364a2b469491fa22eb2,broad-band top-hat on-axis forward-shock synchrotron; uniform medium; E_iso=1e52 erg; Gamma0=300; theta_j=0.1 rad; n=1 cm^-3; epsilon_e=0.1; epsilon_B=1e-3; p=2.3; xi_e=0.1; z=0.1; d_L=1e26 cm; no spreading; no SSC; no reverse shock,observer time and frequency,1.00000000e+10,1.00000000e+04,flux_density_cgs,1.31591396e-23,4.37697128e+01,8.02462623e-01,jetsimpy returns mJy; values converted to cgs; ratios are assumption-audit diagnostics
fs_synch_common_minimum,jetsimpy,0.5.0,git 53d07610830f2247d8c41364a2b469491fa22eb2,broad-band top-hat on-axis forward-shock synchrotron; uniform medium; E_iso=1e52 erg; Gamma0=300; theta_j=0.1 rad; n=1 cm^-3; epsilon_e=0.1; epsilon_B=1e-3; p=2.3; xi_e=0.1; z=0.1; d_L=1e26 cm; no spreading; no SSC; no reverse shock,observer time and frequency,1.00000000e+10,3.16227766e+04,flux_density_cgs,2.34779621e-23,4.65089470e+01,8.02462623e-01,jetsimpy returns mJy; values converted to cgs; ratios are assumption-audit diagnostics
fs_synch_common_minimum,jetsimpy,0.5.0,git 53d07610830f2247d8c41364a2b469491fa22eb2,broad-band top-hat on-axis forward-shock synchrotron; uniform medium; E_iso=1e52 erg; Gamma0=300; theta_j=0.1 rad; n=1 cm^-3; epsilon_e=0.1; epsilon_B=1e-3; p=2.3; xi_e=0.1; z=0.1; d_L=1e26 cm; no spreading; no SSC; no reverse shock,observer time and frequency,1.00000000e+10,1.00000000e+05,flux_density_cgs,3.01100255e-23,4.99196753e+01,8.02462623e-01,jetsimpy returns mJy; values converted to cgs; ratios are assumption-audit diagnostics
fs_synch_common_minimum,jetsimpy,0.5.0,git 53d07610830f2247d8c41364a2b469491fa22eb2,broad-band top-hat on-axis forward-shock synchrotron; uniform medium; E_iso=1e52 erg; Gamma0=300; theta_j=0.1 rad; n=1 cm^-3; epsilon_e=0.1; epsilon_B=1e-3; p=2.3; xi_e=0.1; z=0.1; d_L=1e26 cm; no spreading; no SSC; no reverse shock,observer time and frequency,1.00000000e+10,3.16227766e+05,flux_density_cgs,5.32549068e-24,9.79645935e+00,8.02462623e-01,jetsimpy returns mJy; values converted to cgs; ratios are assumption-audit diagnostics
fs_synch_common_minimum,jetsimpy,0.5.0,git 53d07610830f2247d8c41364a2b469491fa22eb2,broad-band top-hat on-axis forward-shock synchrotron; uniform medium; E_iso=1e52 erg; Gamma0=300; theta_j=0.1 rad; n=1 cm^-3; epsilon_e=0.1; epsilon_B=1e-3; p=2.3; xi_e=0.1; z=0.1; d_L=1e26 cm; no spreading; no SSC; no reverse shock,observer time and frequency,1.00000000e+10,1.00000000e+06,flux_density_cgs,4.82206210e-25,1.06984815e+00,8.02462623e-01,jetsimpy returns mJy; values converted to cgs; ratios are assumption-audit diagnostics
fs_synch_common_minimum,jetsimpy,0.5.0,git 53d07610830f2247d8c41364a2b469491fa22eb2,broad-band top-hat on-axis forward-shock synchrotron; uniform medium; E_iso=1e52 erg; Gamma0=300; theta_j=0.1 rad; n=1 cm^-3; epsilon_e=0.1; epsilon_B=1e-3; p=2.3; xi_e=0.1; z=0.1; d_L=1e26 cm; no spreading; no SSC; no reverse shock,observer time and frequency,1.00000000e+10,3.16227766e+06,flux_density_cgs,5.14827039e-26,1.85273826e-01,8.02462623e-01,jetsimpy returns mJy; values converted to cgs; ratios are assumption-audit diagnostics
fs_synch_common_minimum,jetsimpy,0.5.0,git 53d07610830f2247d8c41364a2b469491fa22eb2,broad-band top-hat on-axis forward-shock synchrotron; uniform medium; E_iso=1e52 erg; Gamma0=300; theta_j=0.1 rad; n=1 cm^-3; epsilon_e=0.1; epsilon_B=1e-3; p=2.3; xi_e=0.1; z=0.1; d_L=1e26 cm; no spreading; no SSC; no reverse shock,observer time and frequency,1.00000000e+10,1.00000000e+07,flux_density_cgs,7.63908316e-27,9.95266683e-02,8.02462623e-01,jetsimpy returns mJy; values converted to cgs; ratios are assumption-audit diagnostics
fs_synch_common_minimum,jetsimpy,0.5.0,git 53d07610830f2247d8c41364a2b469491fa22eb2,broad-band top-hat on-axis forward-shock synchrotron; uniform medium; E_iso=1e52 erg; Gamma0=300; theta_j=0.1 rad; n=1 cm^-3; epsilon_e=0.1; epsilon_B=1e-3; p=2.3; xi_e=0.1; z=0.1; d_L=1e26 cm; no spreading; no SSC; no reverse shock,observer time and frequency,1.00000000e+10,3.16227766e+07,flux_density_cgs,1.36592621e-27,8.90356602e-02,8.02462623e-01,jetsimpy returns mJy; values converted to cgs; ratios are assumption-audit diagnostics
fs_synch_common_minimum,jetsimpy,0.5.0,git 53d07610830f2247d8c41364a2b469491fa22eb2,broad-band top-hat on-axis forward-shock synchrotron; uniform medium; E_iso=1e52 erg; Gamma0=300; theta_j=0.1 rad; n=1 cm^-3; epsilon_e=0.1; epsilon_B=1e-3; p=2.3; xi_e=0.1; z=0.1; d_L=1e26 cm; no spreading; no SSC; no reverse shock,observer time and frequency,1.00000000e+10,1.00000000e+08,flux_density_cgs,2.67274906e-28,8.34942856e-02,8.02462623e-01,jetsimpy returns mJy; values converted to cgs; ratios are assumption-audit diagnostics
fs_synch_common_minimum,jetsimpy,0.5.0,git 53d07610830f2247d8c41364a2b469491fa22eb2,broad-band top-hat on-axis forward-shock synchrotron; uniform medium; E_iso=1e52 erg; Gamma0=300; theta_j=0.1 rad; n=1 cm^-3; epsilon_e=0.1; epsilon_B=1e-3; p=2.3; xi_e=0.1; z=0.1; d_L=1e26 cm; no spreading; no SSC; no reverse shock,observer time and frequency,1.00000000e+12,1.00000000e+00,flux_density_cgs,1.75393478e-26,5.50231301e+02,8.02462623e-01,jetsimpy returns mJy; values converted to cgs; ratios are assumption-audit diagnostics
fs_synch_common_minimum,jetsimpy,0.5.0,git 53d07610830f2247d8c41364a2b469491fa22eb2,broad-band top-hat on-axis forward-shock synchrotron; uniform medium; E_iso=1e52 erg; Gamma0=300; theta_j=0.1 rad; n=1 cm^-3; epsilon_e=0.1; epsilon_B=1e-3; p=2.3; xi_e=0.1; z=0.1; d_L=1e26 cm; no spreading; no SSC; no reverse shock,observer time and frequency,1.00000000e+12,3.16227766e+00,flux_density_cgs,2.45850335e-25,2.09184002e+02,8.02462623e-01,jetsimpy returns mJy; values converted to cgs; ratios are assumption-audit diagnostics
fs_synch_common_minimum,jetsimpy,0.5.0,git 53d07610830f2247d8c41364a2b469491fa22eb2,broad-band top-hat on-axis forward-shock synchrotron; uniform medium; E_iso=1e52 erg; Gamma0=300; theta_j=0.1 rad; n=1 cm^-3; epsilon_e=0.1; epsilon_B=1e-3; p=2.3; xi_e=0.1; z=0.1; d_L=1e26 cm; no spreading; no SSC; no reverse shock,observer time and frequency,1.00000000e+12,1.00000000e+01,flux_density_cgs,1.00127078e-24,2.31338289e+01,8.02462623e-01,jetsimpy returns mJy; values converted to cgs; ratios are assumption-audit diagnostics
fs_synch_common_minimum,jetsimpy,0.5.0,git 53d07610830f2247d8c41364a2b469491fa22eb2,broad-band top-hat on-axis forward-shock synchrotron; uniform medium; E_iso=1e52 erg; Gamma0=300; theta_j=0.1 rad; n=1 cm^-3; epsilon_e=0.1; epsilon_B=1e-3; p=2.3; xi_e=0.1; z=0.1; d_L=1e26 cm; no spreading; no SSC; no reverse shock,observer time and frequency,1.00000000e+12,3.16227766e+01,flux_density_cgs,2.46046090e-24,1.29835368e+01,8.02462623e-01,jetsimpy returns mJy; values converted to cgs; ratios are assumption-audit diagnostics
fs_synch_common_minimum,jetsimpy,0.5.0,git 53d07610830f2247d8c41364a2b469491fa22eb2,broad-band top-hat on-axis forward-shock synchrotron; uniform medium; E_iso=1e52 erg; Gamma0=300; theta_j=0.1 rad; n=1 cm^-3; epsilon_e=0.1; epsilon_B=1e-3; p=2.3; xi_e=0.1; z=0.1; d_L=1e26 cm; no spreading; no SSC; no reverse shock,observer time and frequency,1.00000000e+12,1.00000000e+02,flux_density_cgs,5.12119933e-24,2.67914745e+01,8.02462623e-01,jetsimpy returns mJy; values converted to cgs; ratios are assumption-audit diagnostics
fs_synch_common_minimum,jetsimpy,0.5.0,git 53d07610830f2247d8c41364a2b469491fa22eb2,broad-band top-hat on-axis forward-shock synchrotron; uniform medium; E_iso=1e52 erg; Gamma0=300; theta_j=0.1 rad; n=1 cm^-3; epsilon_e=0.1; epsilon_B=1e-3; p=2.3; xi_e=0.1; z=0.1; d_L=1e26 cm; no spreading; no SSC; no reverse shock,observer time and frequency,1.00000000e+12,3.16227766e+02,flux_density_cgs,9.89416863e-24,3.01626112e+01,8.02462623e-01,jetsimpy returns mJy; values converted to cgs; ratios are assumption-audit diagnostics
fs_synch_common_minimum,jetsimpy,0.5.0,git 53d07610830f2247d8c41364a2b469491fa22eb2,broad-band top-hat on-axis forward-shock synchrotron; uniform medium; E_iso=1e52 erg; Gamma0=300; theta_j=0.1 rad; n=1 cm^-3; epsilon_e=0.1; epsilon_B=1e-3; p=2.3; xi_e=0.1; z=0.1; d_L=1e26 cm; no spreading; no SSC; no reverse shock,observer time and frequency,1.00000000e+12,1.00000000e+03,flux_density_cgs,1.84104550e-23,3.61050363e+01,8.02462623e-01,jetsimpy returns mJy; values converted to cgs; ratios are assumption-audit diagnostics
fs_synch_common_minimum,jetsimpy,0.5.0,git 53d07610830f2247d8c41364a2b469491fa22eb2,broad-band top-hat on-axis forward-shock synchrotron; uniform medium; E_iso=1e52 erg; Gamma0=300; theta_j=0.1 rad; n=1 cm^-3; epsilon_e=0.1; epsilon_B=1e-3; p=2.3; xi_e=0.1; z=0.1; d_L=1e26 cm; no spreading; no SSC; no reverse shock,observer time and frequency,1.00000000e+12,3.16227766e+03,flux_density_cgs,3.36374760e-23,4.06604201e+01,8.02462623e-01,jetsimpy returns mJy; values converted to cgs; ratios are assumption-audit diagnostics
fs_synch_common_minimum,jetsimpy,0.5.0,git 53d07610830f2247d8c41364a2b469491fa22eb2,broad-band top-hat on-axis forward-shock synchrotron; uniform medium; E_iso=1e52 erg; Gamma0=300; theta_j=0.1 rad; n=1 cm^-3; epsilon_e=0.1; epsilon_B=1e-3; p=2.3; xi_e=0.1; z=0.1; d_L=1e26 cm; no spreading; no SSC; no reverse shock,observer time and frequency,1.00000000e+12,1.00000000e+04,flux_density_cgs,5.54581738e-23,4.02097859e+01,8.02462623e-01,jetsimpy returns mJy; values converted to cgs; ratios are assumption-audit diagnostics
fs_synch_common_minimum,jetsimpy,0.5.0,git 53d07610830f2247d8c41364a2b469491fa22eb2,broad-band top-hat on-axis forward-shock synchrotron; uniform medium; E_iso=1e52 erg; Gamma0=300; theta_j=0.1 rad; n=1 cm^-3; epsilon_e=0.1; epsilon_B=1e-3; p=2.3; xi_e=0.1; z=0.1; d_L=1e26 cm; no spreading; no SSC; no reverse shock,observer time and frequency,1.00000000e+12,3.16227766e+04,flux_density_cgs,3.92834911e-23,1.74453814e+01,8.02462623e-01,jetsimpy returns mJy; values converted to cgs; ratios are assumption-audit diagnostics
fs_synch_common_minimum,jetsimpy,0.5.0,git 53d07610830f2247d8c41364a2b469491fa22eb2,broad-band top-hat on-axis forward-shock synchrotron; uniform medium; E_iso=1e52 erg; Gamma0=300; theta_j=0.1 rad; n=1 cm^-3; epsilon_e=0.1; epsilon_B=1e-3; p=2.3; xi_e=0.1; z=0.1; d_L=1e26 cm; no spreading; no SSC; no reverse shock,observer time and frequency,1.00000000e+12,1.00000000e+05,flux_density_cgs,3.85596651e-24,1.64378216e+00,8.02462623e-01,jetsimpy returns mJy; values converted to cgs; ratios are assumption-audit diagnostics
fs_synch_common_minimum,jetsimpy,0.5.0,git 53d07610830f2247d8c41364a2b469491fa22eb2,broad-band top-hat on-axis forward-shock synchrotron; uniform medium; E_iso=1e52 erg; Gamma0=300; theta_j=0.1 rad; n=1 cm^-3; epsilon_e=0.1; epsilon_B=1e-3; p=2.3; xi_e=0.1; z=0.1; d_L=1e26 cm; no spreading; no SSC; no reverse shock,observer time and frequency,1.00000000e+12,3.16227766e+05,flux_density_cgs,2.66906794e-25,2.38398559e-01,8.02462623e-01,jetsimpy returns mJy; values converted to cgs; ratios are assumption-audit diagnostics
fs_synch_common_minimum,jetsimpy,0.5.0,git 53d07610830f2247d8c41364a2b469491fa22eb2,broad-band top-hat on-axis forward-shock synchrotron; uniform medium; E_iso=1e52 erg; Gamma0=300; theta_j=0.1 rad; n=1 cm^-3; epsilon_e=0.1; epsilon_B=1e-3; p=2.3; xi_e=0.1; z=0.1; d_L=1e26 cm; no spreading; no SSC; no reverse shock,observer time and frequency,1.00000000e+12,1.00000000e+06,flux_density_cgs,2.41675597e-26,1.15602129e-01,8.02462623e-01,jetsimpy returns mJy; values converted to cgs; ratios are assumption-audit diagnostics
fs_synch_common_minimum,jetsimpy,0.5.0,git 53d07610830f2247d8c41364a2b469491fa22eb2,broad-band top-hat on-axis forward-shock synchrotron; uniform medium; E_iso=1e52 erg; Gamma0=300; theta_j=0.1 rad; n=1 cm^-3; epsilon_e=0.1; epsilon_B=1e-3; p=2.3; xi_e=0.1; z=0.1; d_L=1e26 cm; no spreading; no SSC; no reverse shock,observer time and frequency,1.00000000e+12,3.16227766e+06,flux_density_cgs,2.58024740e-27,8.79186315e-02,8.02462623e-01,jetsimpy returns mJy; values converted to cgs; ratios are assumption-audit diagnostics
fs_synch_common_minimum,jetsimpy,0.5.0,git 53d07610830f2247d8c41364a2b469491fa22eb2,broad-band top-hat on-axis forward-shock synchrotron; uniform medium; E_iso=1e52 erg; Gamma0=300; theta_j=0.1 rad; n=1 cm^-3; epsilon_e=0.1; epsilon_B=1e-3; p=2.3; xi_e=0.1; z=0.1; d_L=1e26 cm; no spreading; no SSC; no reverse shock,observer time and frequency,1.00000000e+12,1.00000000e+07,flux_density_cgs,3.82861095e-28,8.66051676e-02,8.02462623e-01,jetsimpy returns mJy; values converted to cgs; ratios are assumption-audit diagnostics
fs_synch_common_minimum,jetsimpy,0.5.0,git 53d07610830f2247d8c41364a2b469491fa22eb2,broad-band top-hat on-axis forward-shock synchrotron; uniform medium; E_iso=1e52 erg; Gamma0=300; theta_j=0.1 rad; n=1 cm^-3; epsilon_e=0.1; epsilon_B=1e-3; p=2.3; xi_e=0.1; z=0.1; d_L=1e26 cm; no spreading; no SSC; no reverse shock,observer time and frequency,1.00000000e+12,3.16227766e+07,flux_density_cgs,6.84584778e-29,8.88137541e-02,8.02462623e-01,jetsimpy returns mJy; values converted to cgs; ratios are assumption-audit diagnostics
fs_synch_common_minimum,jetsimpy,0.5.0,git 53d07610830f2247d8c41364a2b469491fa22eb2,broad-band top-hat on-axis forward-shock synchrotron; uniform medium; E_iso=1e52 erg; Gamma0=300; theta_j=0.1 rad; n=1 cm^-3; epsilon_e=0.1; epsilon_B=1e-3; p=2.3; xi_e=0.1; z=0.1; d_L=1e26 cm; no spreading; no SSC; no reverse shock,observer time and frequency,1.00000000e+12,1.00000000e+08,flux_density_cgs,1.33954771e-29,8.68644503e-02,8.02462623e-01,jetsimpy returns mJy; values converted to cgs; ratios are assumption-audit diagnostics
fs_synch_common_minimum,jetsimpy,0.5.0,git 53d07610830f2247d8c41364a2b469491fa22eb2,broad-band top-hat on-axis forward-shock synchrotron; uniform medium; E_iso=1e52 erg; Gamma0=300; theta_j=0.1 rad; n=1 cm^-3; epsilon_e=0.1; epsilon_B=1e-3; p=2.3; xi_e=0.1; z=0.1; d_L=1e26 cm; no spreading; no SSC; no reverse shock,observer time and frequency,1.00000000e+14,1.00000000e+00,flux_density_cgs,8.14104411e-26,5.50573097e+02,8.02462623e-01,jetsimpy returns mJy; values converted to cgs; ratios are assumption-audit diagnostics
fs_synch_common_minimum,jetsimpy,0.5.0,git 53d07610830f2247d8c41364a2b469491fa22eb2,broad-band top-hat on-axis forward-shock synchrotron; uniform medium; E_iso=1e52 erg; Gamma0=300; theta_j=0.1 rad; n=1 cm^-3; epsilon_e=0.1; epsilon_B=1e-3; p=2.3; xi_e=0.1; z=0.1; d_L=1e26 cm; no spreading; no SSC; no reverse shock,observer time and frequency,1.00000000e+14,3.16227766e+00,flux_density_cgs,1.14113617e-24,2.09385318e+02,8.02462623e-01,jetsimpy returns mJy; values converted to cgs; ratios are assumption-audit diagnostics
fs_synch_common_minimum,jetsimpy,0.5.0,git 53d07610830f2247d8c41364a2b469491fa22eb2,broad-band top-hat on-axis forward-shock synchrotron; uniform medium; E_iso=1e52 erg; Gamma0=300; theta_j=0.1 rad; n=1 cm^-3; epsilon_e=0.1; epsilon_B=1e-3; p=2.3; xi_e=0.1; z=0.1; d_L=1e26 cm; no spreading; no SSC; no reverse shock,observer time and frequency,1.00000000e+14,1.00000000e+01,flux_density_cgs,4.64748726e-24,2.31818354e+01,8.02462623e-01,jetsimpy returns mJy; values converted to cgs; ratios are assumption-audit diagnostics
fs_synch_common_minimum,jetsimpy,0.5.0,git 53d07610830f2247d8c41364a2b469491fa22eb2,broad-band top-hat on-axis forward-shock synchrotron; uniform medium; E_iso=1e52 erg; Gamma0=300; theta_j=0.1 rad; n=1 cm^-3; epsilon_e=0.1; epsilon_B=1e-3; p=2.3; xi_e=0.1; z=0.1; d_L=1e26 cm; no spreading; no SSC; no reverse shock,observer time and frequency,1.00000000e+14,3.16227766e+01,flux_density_cgs,1.14204478e-23,1.30531449e+01,8.02462623e-01,jetsimpy returns mJy; values converted to cgs; ratios are assumption-audit diagnostics
fs_synch_common_minimum,jetsimpy,0.5.0,git 53d07610830f2247d8c41364a2b469491fa22eb2,broad-band top-hat on-axis forward-shock synchrotron; uniform medium; E_iso=1e52 erg; Gamma0=300; theta_j=0.1 rad; n=1 cm^-3; epsilon_e=0.1; epsilon_B=1e-3; p=2.3; xi_e=0.1; z=0.1; d_L=1e26 cm; no spreading; no SSC; no reverse shock,observer time and frequency,1.00000000e+14,1.00000000e+02,flux_density_cgs,2.37705016e-23,2.70846554e+01,8.02462623e-01,jetsimpy returns mJy; values converted to cgs; ratios are assumption-audit diagnostics
fs_synch_common_minimum,jetsimpy,0.5.0,git 53d07610830f2247d8c41364a2b469491fa22eb2,broad-band top-hat on-axis forward-shock synchrotron; uniform medium; E_iso=1e52 erg; Gamma0=300; theta_j=0.1 rad; n=1 cm^-3; epsilon_e=0.1; epsilon_B=1e-3; p=2.3; xi_e=0.1; z=0.1; d_L=1e26 cm; no spreading; no SSC; no reverse shock,observer time and frequency,1.00000000e+14,3.16227766e+02,flux_density_cgs,4.59246626e-23,3.07374830e+01,8.02462623e-01,jetsimpy returns mJy; values converted to cgs; ratios are assumption-audit diagnostics
fs_synch_common_minimum,jetsimpy,0.5.0,git 53d07610830f2247d8c41364a2b469491fa22eb2,broad-band top-hat on-axis forward-shock synchrotron; uniform medium; E_iso=1e52 erg; Gamma0=300; theta_j=0.1 rad; n=1 cm^-3; epsilon_e=0.1; epsilon_B=1e-3; p=2.3; xi_e=0.1; z=0.1; d_L=1e26 cm; no spreading; no SSC; no reverse shock,observer time and frequency,1.00000000e+14,1.00000000e+03,flux_density_cgs,5.19194511e-23,2.28281619e+01,8.02462623e-01,jetsimpy returns mJy; values converted to cgs; ratios are assumption-audit diagnostics
fs_synch_common_minimum,jetsimpy,0.5.0,git 53d07610830f2247d8c41364a2b469491fa22eb2,broad-band top-hat on-axis forward-shock synchrotron; uniform medium; E_iso=1e52 erg; Gamma0=300; theta_j=0.1 rad; n=1 cm^-3; epsilon_e=0.1; epsilon_B=1e-3; p=2.3; xi_e=0.1; z=0.1; d_L=1e26 cm; no spreading; no SSC; no reverse shock,observer time and frequency,1.00000000e+14,3.16227766e+03,flux_density_cgs,2.63250126e-23,7.58669287e+00,8.02462623e-01,jetsimpy returns mJy; values converted to cgs; ratios are assumption-audit diagnostics
fs_synch_common_minimum,jetsimpy,0.5.0,git 53d07610830f2247d8c41364a2b469491fa22eb2,broad-band top-hat on-axis forward-shock synchrotron; uniform medium; E_iso=1e52 erg; Gamma0=300; theta_j=0.1 rad; n=1 cm^-3; epsilon_e=0.1; epsilon_B=1e-3; p=2.3; xi_e=0.1; z=0.1; d_L=1e26 cm; no spreading; no SSC; no reverse shock,observer time and frequency,1.00000000e+14,1.00000000e+04,flux_density_cgs,8.65334882e-24,1.82939955e+00,8.02462623e-01,jetsimpy returns mJy; values converted to cgs; ratios are assumption-audit diagnostics
fs_synch_common_minimum,jetsimpy,0.5.0,git 53d07610830f2247d8c41364a2b469491fa22eb2,broad-band top-hat on-axis forward-shock synchrotron; uniform medium; E_iso=1e52 erg; Gamma0=300; theta_j=0.1 rad; n=1 cm^-3; epsilon_e=0.1; epsilon_B=1e-3; p=2.3; xi_e=0.1; z=0.1; d_L=1e26 cm; no spreading; no SSC; no reverse shock,observer time and frequency,1.00000000e+14,3.16227766e+04,flux_density_cgs,2.36111725e-24,5.78882798e-01,8.02462623e-01,jetsimpy returns mJy; values converted to cgs; ratios are assumption-audit diagnostics
fs_synch_common_minimum,jetsimpy,0.5.0,git 53d07610830f2247d8c41364a2b469491fa22eb2,broad-band top-hat on-axis forward-shock synchrotron; uniform medium; E_iso=1e52 erg; Gamma0=300; theta_j=0.1 rad; n=1 cm^-3; epsilon_e=0.1; epsilon_B=1e-3; p=2.3; xi_e=0.1; z=0.1; d_L=1e26 cm; no spreading; no SSC; no reverse shock,observer time and frequency,1.00000000e+14,1.00000000e+05,flux_density_cgs,1.93256119e-25,2.35795900e-01,8.02462623e-01,jetsimpy returns mJy; values converted to cgs; ratios are assumption-audit diagnostics
fs_synch_common_minimum,jetsimpy,0.5.0,git 53d07610830f2247d8c41364a2b469491fa22eb2,broad-band top-hat on-axis forward-shock synchrotron; uniform medium; E_iso=1e52 erg; Gamma0=300; theta_j=0.1 rad; n=1 cm^-3; epsilon_e=0.1; epsilon_B=1e-3; p=2.3; xi_e=0.1; z=0.1; d_L=1e26 cm; no spreading; no SSC; no reverse shock,observer time and frequency,1.00000000e+14,3.16227766e+05,flux_density_cgs,1.33770278e-26,1.52061639e-01,8.02462623e-01,jetsimpy returns mJy; values converted to cgs; ratios are assumption-audit diagnostics
fs_synch_common_minimum,jetsimpy,0.5.0,git 53d07610830f2247d8c41364a2b469491fa22eb2,broad-band top-hat on-axis forward-shock synchrotron; uniform medium; E_iso=1e52 erg; Gamma0=300; theta_j=0.1 rad; n=1 cm^-3; epsilon_e=0.1; epsilon_B=1e-3; p=2.3; xi_e=0.1; z=0.1; d_L=1e26 cm; no spreading; no SSC; no reverse shock,observer time and frequency,1.00000000e+14,1.00000000e+06,flux_density_cgs,1.21124724e-27,1.19663061e-01,8.02462623e-01,jetsimpy returns mJy; values converted to cgs; ratios are assumption-audit diagnostics
fs_synch_common_minimum,jetsimpy,0.5.0,git 53d07610830f2247d8c41364a2b469491fa22eb2,broad-band top-hat on-axis forward-shock synchrotron; uniform medium; E_iso=1e52 erg; Gamma0=300; theta_j=0.1 rad; n=1 cm^-3; epsilon_e=0.1; epsilon_B=1e-3; p=2.3; xi_e=0.1; z=0.1; d_L=1e26 cm; no spreading; no SSC; no reverse shock,observer time and frequency,1.00000000e+14,3.16227766e+06,flux_density_cgs,1.29318705e-28,9.99083867e-02,8.02462623e-01,jetsimpy returns mJy; values converted to cgs; ratios are assumption-audit diagnostics
fs_synch_common_minimum,jetsimpy,0.5.0,git 53d07610830f2247d8c41364a2b469491fa22eb2,broad-band top-hat on-axis forward-shock synchrotron; uniform medium; E_iso=1e52 erg; Gamma0=300; theta_j=0.1 rad; n=1 cm^-3; epsilon_e=0.1; epsilon_B=1e-3; p=2.3; xi_e=0.1; z=0.1; d_L=1e26 cm; no spreading; no SSC; no reverse shock,observer time and frequency,1.00000000e+14,1.00000000e+07,flux_density_cgs,1.91885093e-29,1.03091157e-01,8.02462623e-01,jetsimpy returns mJy; values converted to cgs; ratios are assumption-audit diagnostics
fs_synch_common_minimum,jetsimpy,0.5.0,git 53d07610830f2247d8c41364a2b469491fa22eb2,broad-band top-hat on-axis forward-shock synchrotron; uniform medium; E_iso=1e52 erg; Gamma0=300; theta_j=0.1 rad; n=1 cm^-3; epsilon_e=0.1; epsilon_B=1e-3; p=2.3; xi_e=0.1; z=0.1; d_L=1e26 cm; no spreading; no SSC; no reverse shock,observer time and frequency,1.00000000e+14,3.16227766e+07,flux_density_cgs,3.43105151e-30,1.11612371e-01,8.02462623e-01,jetsimpy returns mJy; values converted to cgs; ratios are assumption-audit diagnostics
fs_synch_common_minimum,jetsimpy,0.5.0,git 53d07610830f2247d8c41364a2b469491fa22eb2,broad-band top-hat on-axis forward-shock synchrotron; uniform medium; E_iso=1e52 erg; Gamma0=300; theta_j=0.1 rad; n=1 cm^-3; epsilon_e=0.1; epsilon_B=1e-3; p=2.3; xi_e=0.1; z=0.1; d_L=1e26 cm; no spreading; no SSC; no reverse shock,observer time and frequency,1.00000000e+14,1.00000000e+08,flux_density_cgs,6.71364210e-31,1.17048533e-01,8.02462623e-01,jetsimpy returns mJy; values converted to cgs; ratios are assumption-audit diagnostics
fs_synch_common_minimum,jetsimpy,0.5.0,git 53d07610830f2247d8c41364a2b469491fa22eb2,broad-band top-hat on-axis forward-shock synchrotron; uniform medium; E_iso=1e52 erg; Gamma0=300; theta_j=0.1 rad; n=1 cm^-3; epsilon_e=0.1; epsilon_B=1e-3; p=2.3; xi_e=0.1; z=0.1; d_L=1e26 cm; no spreading; no SSC; no reverse shock,observer time and frequency,5.00000000e+14,1.00000000e+00,flux_density_cgs,1.39209896e-25,5.51306895e+02,8.02462623e-01,jetsimpy returns mJy; values converted to cgs; ratios are assumption-audit diagnostics
fs_synch_common_minimum,jetsimpy,0.5.0,git 53d07610830f2247d8c41364a2b469491fa22eb2,broad-band top-hat on-axis forward-shock synchrotron; uniform medium; E_iso=1e52 erg; Gamma0=300; theta_j=0.1 rad; n=1 cm^-3; epsilon_e=0.1; epsilon_B=1e-3; p=2.3; xi_e=0.1; z=0.1; d_L=1e26 cm; no spreading; no SSC; no reverse shock,observer time and frequency,5.00000000e+14,3.16227766e+00,flux_density_cgs,1.95131541e-24,2.09784907e+02,8.02462623e-01,jetsimpy returns mJy; values converted to cgs; ratios are assumption-audit diagnostics
fs_synch_common_minimum,jetsimpy,0.5.0,git 53d07610830f2247d8c41364a2b469491fa22eb2,broad-band top-hat on-axis forward-shock synchrotron; uniform medium; E_iso=1e52 erg; Gamma0=300; theta_j=0.1 rad; n=1 cm^-3; epsilon_e=0.1; epsilon_B=1e-3; p=2.3; xi_e=0.1; z=0.1; d_L=1e26 cm; no spreading; no SSC; no reverse shock,observer time and frequency,5.00000000e+14,1.00000000e+01,flux_density_cgs,7.94709143e-24,2.32796126e+01,8.02462623e-01,jetsimpy returns mJy; values converted to cgs; ratios are assumption-audit diagnostics
fs_synch_common_minimum,jetsimpy,0.5.0,git 53d07610830f2247d8c41364a2b469491fa22eb2,broad-band top-hat on-axis forward-shock synchrotron; uniform medium; E_iso=1e52 erg; Gamma0=300; theta_j=0.1 rad; n=1 cm^-3; epsilon_e=0.1; epsilon_B=1e-3; p=2.3; xi_e=0.1; z=0.1; d_L=1e26 cm; no spreading; no SSC; no reverse shock,observer time and frequency,5.00000000e+14,3.16227766e+01,flux_density_cgs,1.95286911e-23,1.31869970e+01,8.02462623e-01,jetsimpy returns mJy; values converted to cgs; ratios are assumption-audit diagnostics
fs_synch_common_minimum,jetsimpy,0.5.0,git 53d07610830f2247d8c41364a2b469491fa22eb2,broad-band top-hat on-axis forward-shock synchrotron; uniform medium; E_iso=1e52 erg; Gamma0=300; theta_j=0.1 rad; n=1 cm^-3; epsilon_e=0.1; epsilon_B=1e-3; p=2.3; xi_e=0.1; z=0.1; d_L=1e26 cm; no spreading; no SSC; no reverse shock,observer time and frequency,5.00000000e+14,1.00000000e+02,flux_density_cgs,4.06469860e-23,2.76499844e+01,8.02462623e-01,jetsimpy returns mJy; values converted to cgs; ratios are assumption-audit diagnostics
fs_synch_common_minimum,jetsimpy,0.5.0,git 53d07610830f2247d8c41364a2b469491fa22eb2,broad-band top-hat on-axis forward-shock synchrotron; uniform medium; E_iso=1e52 erg; Gamma0=300; theta_j=0.1 rad; n=1 cm^-3; epsilon_e=0.1; epsilon_B=1e-3; p=2.3; xi_e=0.1; z=0.1; d_L=1e26 cm; no spreading; no SSC; no reverse shock,observer time and frequency,5.00000000e+14,3.16227766e+02,flux_density_cgs,5.16281437e-23,2.09639601e+01,8.02462623e-01,jetsimpy returns mJy; values converted to cgs; ratios are assumption-audit diagnostics
fs_synch_common_minimum,jetsimpy,0.5.0,git 53d07610830f2247d8c41364a2b469491fa22eb2,broad-band top-hat on-axis forward-shock synchrotron; uniform medium; E_iso=1e52 erg; Gamma0=300; theta_j=0.1 rad; n=1 cm^-3; epsilon_e=0.1; epsilon_B=1e-3; p=2.3; xi_e=0.1; z=0.1; d_L=1e26 cm; no spreading; no SSC; no reverse shock,observer time and frequency,5.00000000e+14,1.00000000e+03,flux_density_cgs,2.79891177e-23,7.79019647e+00,8.02462623e-01,jetsimpy returns mJy; values converted to cgs; ratios are assumption-audit diagnostics
fs_synch_common_minimum,jetsimpy,0.5.0,git 53d07610830f2247d8c41364a2b469491fa22eb2,broad-band top-hat on-axis forward-shock synchrotron; uniform medium; E_iso=1e52 erg; Gamma0=300; theta_j=0.1 rad; n=1 cm^-3; epsilon_e=0.1; epsilon_B=1e-3; p=2.3; xi_e=0.1; z=0.1; d_L=1e26 cm; no spreading; no SSC; no reverse shock,observer time and frequency,5.00000000e+14,3.16227766e+03,flux_density_cgs,9.59364599e-24,1.98709279e+00,8.02462623e-01,jetsimpy returns mJy; values converted to cgs; ratios are assumption-audit diagnostics
fs_synch_common_minimum,jetsimpy,0.5.0,git 53d07610830f2247d8c41364a2b469491fa22eb2,broad-band top-hat on-axis forward-shock synchrotron; uniform medium; E_iso=1e52 erg; Gamma0=300; theta_j=0.1 rad; n=1 cm^-3; epsilon_e=0.1; epsilon_B=1e-3; p=2.3; xi_e=0.1; z=0.1; d_L=1e26 cm; no spreading; no SSC; no reverse shock,observer time and frequency,5.00000000e+14,1.00000000e+04,flux_density_cgs,3.03986331e-24,6.70978882e-01,8.02462623e-01,jetsimpy returns mJy; values converted to cgs; ratios are assumption-audit diagnostics
fs_synch_common_minimum,jetsimpy,0.5.0,git 53d07610830f2247d8c41364a2b469491fa22eb2,broad-band top-hat on-axis forward-shock synchrotron; uniform medium; E_iso=1e52 erg; Gamma0=300; theta_j=0.1 rad; n=1 cm^-3; epsilon_e=0.1; epsilon_B=1e-3; p=2.3; xi_e=0.1; z=0.1; d_L=1e26 cm; no spreading; no SSC; no reverse shock,observer time and frequency,5.00000000e+14,3.16227766e+04,flux_density_cgs,8.29443965e-25,3.91682191e-01,8.02462623e-01,jetsimpy returns mJy; values converted to cgs; ratios are assumption-audit diagnostics
fs_synch_common_minimum,jetsimpy,0.5.0,git 53d07610830f2247d8c41364a2b469491fa22eb2,broad-band top-hat on-axis forward-shock synchrotron; uniform medium; E_iso=1e52 erg; Gamma0=300; theta_j=0.1 rad; n=1 cm^-3; epsilon_e=0.1; epsilon_B=1e-3; p=2.3; xi_e=0.1; z=0.1; d_L=1e26 cm; no spreading; no SSC; no reverse shock,observer time and frequency,5.00000000e+14,1.00000000e+05,flux_density_cgs,6.78895219e-26,2.46264068e-01,8.02462623e-01,jetsimpy returns mJy; values converted to cgs; ratios are assumption-audit diagnostics
fs_synch_common_minimum,jetsimpy,0.5.0,git 53d07610830f2247d8c41364a2b469491fa22eb2,broad-band top-hat on-axis forward-shock synchrotron; uniform medium; E_iso=1e52 erg; Gamma0=300; theta_j=0.1 rad; n=1 cm^-3; epsilon_e=0.1; epsilon_B=1e-3; p=2.3; xi_e=0.1; z=0.1; d_L=1e26 cm; no spreading; no SSC; no reverse shock,observer time and frequency,5.00000000e+14,3.16227766e+05,flux_density_cgs,4.69925623e-27,1.66184135e-01,8.02462623e-01,jetsimpy returns mJy; values converted to cgs; ratios are assumption-audit diagnostics
fs_synch_common_minimum,jetsimpy,0.5.0,git 53d07610830f2247d8c41364a2b469491fa22eb2,broad-band top-hat on-axis forward-shock synchrotron; uniform medium; E_iso=1e52 erg; Gamma0=300; theta_j=0.1 rad; n=1 cm^-3; epsilon_e=0.1; epsilon_B=1e-3; p=2.3; xi_e=0.1; z=0.1; d_L=1e26 cm; no spreading; no SSC; no reverse shock,observer time and frequency,5.00000000e+14,1.00000000e+06,flux_density_cgs,4.25502677e-28,1.34042955e-01,8.02462623e-01,jetsimpy returns mJy; values converted to cgs; ratios are assumption-audit diagnostics
fs_synch_common_minimum,jetsimpy,0.5.0,git 53d07610830f2247d8c41364a2b469491fa22eb2,broad-band top-hat on-axis forward-shock synchrotron; uniform medium; E_iso=1e52 erg; Gamma0=300; theta_j=0.1 rad; n=1 cm^-3; epsilon_e=0.1; epsilon_B=1e-3; p=2.3; xi_e=0.1; z=0.1; d_L=1e26 cm; no spreading; no SSC; no reverse shock,observer time and frequency,5.00000000e+14,3.16227766e+06,flux_density_cgs,4.54287561e-29,1.14809677e-01,8.02462623e-01,jetsimpy returns mJy; values converted to cgs; ratios are assumption-audit diagnostics
fs_synch_common_minimum,jetsimpy,0.5.0,git 53d07610830f2247d8c41364a2b469491fa22eb2,broad-band top-hat on-axis forward-shock synchrotron; uniform medium; E_iso=1e52 erg; Gamma0=300; theta_j=0.1 rad; n=1 cm^-3; epsilon_e=0.1; epsilon_B=1e-3; p=2.3; xi_e=0.1; z=0.1; d_L=1e26 cm; no spreading; no SSC; no reverse shock,observer time and frequency,5.00000000e+14,1.00000000e+07,flux_density_cgs,6.74078903e-30,1.22694830e-01,8.02462623e-01,jetsimpy returns mJy; values converted to cgs; ratios are assumption-audit diagnostics
fs_synch_common_minimum,jetsimpy,0.5.0,git 53d07610830f2247d8c41364a2b469491fa22eb2,broad-band top-hat on-axis forward-shock synchrotron; uniform medium; E_iso=1e52 erg; Gamma0=300; theta_j=0.1 rad; n=1 cm^-3; epsilon_e=0.1; epsilon_B=1e-3; p=2.3; xi_e=0.1; z=0.1; d_L=1e26 cm; no spreading; no SSC; no reverse shock,observer time and frequency,5.00000000e+14,3.16227766e+07,flux_density_cgs,1.20530438e-30,1.38087936e-01,8.02462623e-01,jetsimpy returns mJy; values converted to cgs; ratios are assumption-audit diagnostics
fs_synch_common_minimum,jetsimpy,0.5.0,git 53d07610830f2247d8c41364a2b469491fa22eb2,broad-band top-hat on-axis forward-shock synchrotron; uniform medium; E_iso=1e52 erg; Gamma0=300; theta_j=0.1 rad; n=1 cm^-3; epsilon_e=0.1; epsilon_B=1e-3; p=2.3; xi_e=0.1; z=0.1; d_L=1e26 cm; no spreading; no SSC; no reverse shock,observer time and frequency,5.00000000e+14,1.00000000e+08,flux_density_cgs,2.35845548e-31,1.51889294e-01,8.02462623e-01,jetsimpy returns mJy; values converted to cgs; ratios are assumption-audit diagnostics
fs_synch_common_minimum,jetsimpy,0.5.0,git 53d07610830f2247d8c41364a2b469491fa22eb2,broad-band top-hat on-axis forward-shock synchrotron; uniform medium; E_iso=1e52 erg; Gamma0=300; theta_j=0.1 rad; n=1 cm^-3; epsilon_e=0.1; epsilon_B=1e-3; p=2.3; xi_e=0.1; z=0.1; d_L=1e26 cm; no spreading; no SSC; no reverse shock,observer time and frequency,1.00000000e+17,1.00000000e+00,flux_density_cgs,8.14103628e-25,5.79454220e+02,8.02462623e-01,jetsimpy returns mJy; values converted to cgs; ratios are assumption-audit diagnostics
fs_synch_common_minimum,jetsimpy,0.5.0,git 53d07610830f2247d8c41364a2b469491fa22eb2,broad-band top-hat on-axis forward-shock synchrotron; uniform medium; E_iso=1e52 erg; Gamma0=300; theta_j=0.1 rad; n=1 cm^-3; epsilon_e=0.1; epsilon_B=1e-3; p=2.3; xi_e=0.1; z=0.1; d_L=1e26 cm; no spreading; no SSC; no reverse shock,observer time and frequency,1.00000000e+17,3.16227766e+00,flux_density_cgs,1.14113381e-23,2.25975572e+02,8.02462623e-01,jetsimpy returns mJy; values converted to cgs; ratios are assumption-audit diagnostics
fs_synch_common_minimum,jetsimpy,0.5.0,git 53d07610830f2247d8c41364a2b469491fa22eb2,broad-band top-hat on-axis forward-shock synchrotron; uniform medium; E_iso=1e52 erg; Gamma0=300; theta_j=0.1 rad; n=1 cm^-3; epsilon_e=0.1; epsilon_B=1e-3; p=2.3; xi_e=0.1; z=0.1; d_L=1e26 cm; no spreading; no SSC; no reverse shock,observer time and frequency,1.00000000e+17,1.00000000e+01,flux_density_cgs,3.15658577e-23,1.86027383e+01,8.02462623e-01,jetsimpy returns mJy; values converted to cgs; ratios are assumption-audit diagnostics
fs_synch_common_minimum,jetsimpy,0.5.0,git 53d07610830f2247d8c41364a2b469491fa22eb2,broad-band top-hat on-axis forward-shock synchrotron; uniform medium; E_iso=1e52 erg; Gamma0=300; theta_j=0.1 rad; n=1 cm^-3; epsilon_e=0.1; epsilon_B=1e-3; p=2.3; xi_e=0.1; z=0.1; d_L=1e26 cm; no spreading; no SSC; no reverse shock,observer time and frequency,1.00000000e+17,3.16227766e+01,flux_density_cgs,1.82111755e-23,2.97617589e+00,8.02462623e-01,jetsimpy returns mJy; values converted to cgs; ratios are assumption-audit diagnostics
fs_synch_common_minimum,jetsimpy,0.5.0,git 53d07610830f2247d8c41364a2b469491fa22eb2,broad-band top-hat on-axis forward-shock synchrotron; uniform medium; E_iso=1e52 erg; Gamma0=300; theta_j=0.1 rad; n=1 cm^-3; epsilon_e=0.1; epsilon_B=1e-3; p=2.3; xi_e=0.1; z=0.1; d_L=1e26 cm; no spreading; no SSC; no reverse shock,observer time and frequency,1.00000000e+17,1.00000000e+02,flux_density_cgs,7.38185261e-24,1.69915941e+00,8.02462623e-01,jetsimpy returns mJy; values converted to cgs; ratios are assumption-audit diagnostics
fs_synch_common_minimum,jetsimpy,0.5.0,git 53d07610830f2247d8c41364a2b469491fa22eb2,broad-band top-hat on-axis forward-shock synchrotron; uniform medium; E_iso=1e52 erg; Gamma0=300; theta_j=0.1 rad; n=1 cm^-3; epsilon_e=0.1; epsilon_B=1e-3; p=2.3; xi_e=0.1; z=0.1; d_L=1e26 cm; no spreading; no SSC; no reverse shock,observer time and frequency,1.00000000e+17,3.16227766e+02,flux_density_cgs,2.70470449e-24,6.52302066e-01,8.02462623e-01,jetsimpy returns mJy; values converted to cgs; ratios are assumption-audit diagnostics
fs_synch_common_minimum,jetsimpy,0.5.0,git 53d07610830f2247d8c41364a2b469491fa22eb2,broad-band top-hat on-axis forward-shock synchrotron; uniform medium; E_iso=1e52 erg; Gamma0=300; theta_j=0.1 rad; n=1 cm^-3; epsilon_e=0.1; epsilon_B=1e-3; p=2.3; xi_e=0.1; z=0.1; d_L=1e26 cm; no spreading; no SSC; no reverse shock,observer time and frequency,1.00000000e+17,1.00000000e+03,flux_density_cgs,9.30632177e-25,5.08942625e-01,8.02462623e-01,jetsimpy returns mJy; values converted to cgs; ratios are assumption-audit diagnostics
fs_synch_common_minimum,jetsimpy,0.5.0,git 53d07610830f2247d8c41364a2b469491fa22eb2,broad-band top-hat on-axis forward-shock synchrotron; uniform medium; E_iso=1e52 erg; Gamma0=300; theta_j=0.1 rad; n=1 cm^-3; epsilon_e=0.1; epsilon_B=1e-3; p=2.3; xi_e=0.1; z=0.1; d_L=1e26 cm; no spreading; no SSC; no reverse shock,observer time and frequency,1.00000000e+17,3.16227766e+03,flux_density_cgs,3.05694143e-25,5.39267732e-01,8.02462623e-01,jetsimpy returns mJy; values converted to cgs; ratios are assumption-audit diagnostics
fs_synch_common_minimum,jetsimpy,0.5.0,git 53d07610830f2247d8c41364a2b469491fa22eb2,broad-band top-hat on-axis forward-shock synchrotron; uniform medium; E_iso=1e52 erg; Gamma0=300; theta_j=0.1 rad; n=1 cm^-3; epsilon_e=0.1; epsilon_B=1e-3; p=2.3; xi_e=0.1; z=0.1; d_L=1e26 cm; no spreading; no SSC; no reverse shock,observer time and frequency,1.00000000e+17,1.00000000e+04,flux_density_cgs,9.11524619e-26,5.77239454e-01,8.02462623e-01,jetsimpy returns mJy; values converted to cgs; ratios are assumption-audit diagnostics
fs_synch_common_minimum,jetsimpy,0.5.0,git 53d07610830f2247d8c41364a2b469491fa22eb2,broad-band top-hat on-axis forward-shock synchrotron; uniform medium; E_iso=1e52 erg; Gamma0=300; theta_j=0.1 rad; n=1 cm^-3; epsilon_e=0.1; epsilon_B=1e-3; p=2.3; xi_e=0.1; z=0.1; d_L=1e26 cm; no spreading; no SSC; no reverse shock,observer time and frequency,1.00000000e+17,3.16227766e+04,flux_density_cgs,1.95217696e-26,5.27874669e-01,8.02462623e-01,jetsimpy returns mJy; values converted to cgs; ratios are assumption-audit diagnostics
fs_synch_common_minimum,jetsimpy,0.5.0,git 53d07610830f2247d8c41364a2b469491fa22eb2,broad-band top-hat on-axis forward-shock synchrotron; uniform medium; E_iso=1e52 erg; Gamma0=300; theta_j=0.1 rad; n=1 cm^-3; epsilon_e=0.1; epsilon_B=1e-3; p=2.3; xi_e=0.1; z=0.1; d_L=1e26 cm; no spreading; no SSC; no reverse shock,observer time and frequency,1.00000000e+17,1.00000000e+05,flux_density_cgs,1.23990125e-27,3.22154104e-01,8.02462623e-01,jetsimpy returns mJy; values converted to cgs; ratios are assumption-audit diagnostics
fs_synch_common_minimum,jetsimpy,0.5.0,git 53d07610830f2247d8c41364a2b469491fa22eb2,broad-band top-hat on-axis forward-shock synchrotron; uniform medium; E_iso=1e52 erg; Gamma0=300; theta_j=0.1 rad; n=1 cm^-3; epsilon_e=0.1; epsilon_B=1e-3; p=2.3; xi_e=0.1; z=0.1; d_L=1e26 cm; no spreading; no SSC; no reverse shock,observer time and frequency,1.00000000e+17,3.16227766e+05,flux_density_cgs,6.60545516e-29,1.92222550e-01,8.02462623e-01,jetsimpy returns mJy; values converted to cgs; ratios are assumption-audit diagnostics
fs_synch_common_minimum,jetsimpy,0.5.0,git 53d07610830f2247d8c41364a2b469491fa22eb2,broad-band top-hat on-axis forward-shock synchrotron; uniform medium; E_iso=1e52 erg; Gamma0=300; theta_j=0.1 rad; n=1 cm^-3; epsilon_e=0.1; epsilon_B=1e-3; p=2.3; xi_e=0.1; z=0.1; d_L=1e26 cm; no spreading; no SSC; no reverse shock,observer time and frequency,1.00000000e+17,1.00000000e+06,flux_density_cgs,4.83932228e-30,1.43714800e-01,8.02462623e-01,jetsimpy returns mJy; values converted to cgs; ratios are assumption-audit diagnostics
fs_synch_common_minimum,jetsimpy,0.5.0,git 53d07610830f2247d8c41364a2b469491fa22eb2,broad-band top-hat on-axis forward-shock synchrotron; uniform medium; E_iso=1e52 erg; Gamma0=300; theta_j=0.1 rad; n=1 cm^-3; epsilon_e=0.1; epsilon_B=1e-3; p=2.3; xi_e=0.1; z=0.1; d_L=1e26 cm; no spreading; no SSC; no reverse shock,observer time and frequency,1.00000000e+17,3.16227766e+06,flux_density_cgs,4.39670315e-31,1.21387527e-01,8.02462623e-01,jetsimpy returns mJy; values converted to cgs; ratios are assumption-audit diagnostics
fs_synch_common_minimum,jetsimpy,0.5.0,git 53d07610830f2247d8c41364a2b469491fa22eb2,broad-band top-hat on-axis forward-shock synchrotron; uniform medium; E_iso=1e52 erg; Gamma0=300; theta_j=0.1 rad; n=1 cm^-3; epsilon_e=0.1; epsilon_B=1e-3; p=2.3; xi_e=0.1; z=0.1; d_L=1e26 cm; no spreading; no SSC; no reverse shock,observer time and frequency,1.00000000e+17,1.00000000e+07,flux_density_cgs,5.96975926e-32,1.38682846e-01,8.02462623e-01,jetsimpy returns mJy; values converted to cgs; ratios are assumption-audit diagnostics
fs_synch_common_minimum,jetsimpy,0.5.0,git 53d07610830f2247d8c41364a2b469491fa22eb2,broad-band top-hat on-axis forward-shock synchrotron; uniform medium; E_iso=1e52 erg; Gamma0=300; theta_j=0.1 rad; n=1 cm^-3; epsilon_e=0.1; epsilon_B=1e-3; p=2.3; xi_e=0.1; z=0.1; d_L=1e26 cm; no spreading; no SSC; no reverse shock,observer time and frequency,1.00000000e+17,3.16227766e+07,flux_density_cgs,1.04043769e-32,1.80832095e-01,8.02462623e-01,jetsimpy returns mJy; values converted to cgs; ratios are assumption-audit diagnostics
fs_synch_common_minimum,jetsimpy,0.5.0,git 53d07610830f2247d8c41364a2b469491fa22eb2,broad-band top-hat on-axis forward-shock synchrotron; uniform medium; E_iso=1e52 erg; Gamma0=300; theta_j=0.1 rad; n=1 cm^-3; epsilon_e=0.1; epsilon_B=1e-3; p=2.3; xi_e=0.1; z=0.1; d_L=1e26 cm; no spreading; no SSC; no reverse shock,observer time and frequency,1.00000000e+17,1.00000000e+08,flux_density_cgs,2.01847505e-33,2.29410963e-01,8.02462623e-01,jetsimpy returns mJy; values converted to cgs; ratios are assumption-audit diagnostics
fs_synch_common_minimum,jetsimpy,0.5.0,git 53d07610830f2247d8c41364a2b469491fa22eb2,broad-band top-hat on-axis forward-shock synchrotron; uniform medium; E_iso=1e52 erg; Gamma0=300; theta_j=0.1 rad; n=1 cm^-3; epsilon_e=0.1; epsilon_B=1e-3; p=2.3; xi_e=0.1; z=0.1; d_L=1e26 cm; no spreading; no SSC; no reverse shock,observer time and frequency,1.00000000e+18,1.00000000e+00,flux_density_cgs,1.38511509e-24,5.24270175e+02,8.02462623e-01,jetsimpy returns mJy; values converted to cgs; ratios are assumption-audit diagnostics
fs_synch_common_minimum,jetsimpy,0.5.0,git 53d07610830f2247d8c41364a2b469491fa22eb2,broad-band top-hat on-axis forward-shock synchrotron; uniform medium; E_iso=1e52 erg; Gamma0=300; theta_j=0.1 rad; n=1 cm^-3; epsilon_e=0.1; epsilon_B=1e-3; p=2.3; xi_e=0.1; z=0.1; d_L=1e26 cm; no spreading; no SSC; no reverse shock,observer time and frequency,1.00000000e+18,3.16227766e+00,flux_density_cgs,8.82766846e-24,9.92055041e+01,8.02462623e-01,jetsimpy returns mJy; values converted to cgs; ratios are assumption-audit diagnostics
fs_synch_common_minimum,jetsimpy,0.5.0,git 53d07610830f2247d8c41364a2b469491fa22eb2,broad-band top-hat on-axis forward-shock synchrotron; uniform medium; E_iso=1e52 erg; Gamma0=300; theta_j=0.1 rad; n=1 cm^-3; epsilon_e=0.1; epsilon_B=1e-3; p=2.3; xi_e=0.1; z=0.1; d_L=1e26 cm; no spreading; no SSC; no reverse shock,observer time and frequency,1.00000000e+18,1.00000000e+01,flux_density_cgs,8.18452033e-24,3.29768391e+00,8.02462623e-01,jetsimpy returns mJy; values converted to cgs; ratios are assumption-audit diagnostics
fs_synch_common_minimum,jetsimpy,0.5.0,git 53d07610830f2247d8c41364a2b469491fa22eb2,broad-band top-hat on-axis forward-shock synchrotron; uniform medium; E_iso=1e52 erg; Gamma0=300; theta_j=0.1 rad; n=1 cm^-3; epsilon_e=0.1; epsilon_B=1e-3; p=2.3; xi_e=0.1; z=0.1; d_L=1e26 cm; no spreading; no SSC; no reverse shock,observer time and frequency,1.00000000e+18,3.16227766e+01,flux_density_cgs,4.07697436e-24,6.61886858e-01,8.02462623e-01,jetsimpy returns mJy; values converted to cgs; ratios are assumption-audit diagnostics
fs_synch_common_minimum,jetsimpy,0.5.0,git 53d07610830f2247d8c41364a2b469491fa22eb2,broad-band top-hat on-axis forward-shock synchrotron; uniform medium; E_iso=1e52 erg; Gamma0=300; theta_j=0.1 rad; n=1 cm^-3; epsilon_e=0.1; epsilon_B=1e-3; p=2.3; xi_e=0.1; z=0.1; d_L=1e26 cm; no spreading; no SSC; no reverse shock,observer time and frequency,1.00000000e+18,1.00000000e+02,flux_density_cgs,1.61220797e-24,7.97774088e-01,8.02462623e-01,jetsimpy returns mJy; values converted to cgs; ratios are assumption-audit diagnostics
fs_synch_common_minimum,jetsimpy,0.5.0,git 53d07610830f2247d8c41364a2b469491fa22eb2,broad-band top-hat on-axis forward-shock synchrotron; uniform medium; E_iso=1e52 erg; Gamma0=300; theta_j=0.1 rad; n=1 cm^-3; epsilon_e=0.1; epsilon_B=1e-3; p=2.3; xi_e=0.1; z=0.1; d_L=1e26 cm; no spreading; no SSC; no reverse shock,observer time and frequency,1.00000000e+18,3.16227766e+02,flux_density_cgs,4.34758439e-25,4.65165154e-01,8.02462623e-01,jetsimpy returns mJy; values converted to cgs; ratios are assumption-audit diagnostics
fs_synch_common_minimum,jetsimpy,0.5.0,git 53d07610830f2247d8c41364a2b469491fa22eb2,broad-band top-hat on-axis forward-shock synchrotron; uniform medium; E_iso=1e52 erg; Gamma0=300; theta_j=0.1 rad; n=1 cm^-3; epsilon_e=0.1; epsilon_B=1e-3; p=2.3; xi_e=0.1; z=0.1; d_L=1e26 cm; no spreading; no SSC; no reverse shock,observer time and frequency,1.00000000e+18,1.00000000e+03,flux_density_cgs,1.09902907e-25,4.16271019e-01,8.02462623e-01,jetsimpy returns mJy; values converted to cgs; ratios are assumption-audit diagnostics
fs_synch_common_minimum,jetsimpy,0.5.0,git 53d07610830f2247d8c41364a2b469491fa22eb2,broad-band top-hat on-axis forward-shock synchrotron; uniform medium; E_iso=1e52 erg; Gamma0=300; theta_j=0.1 rad; n=1 cm^-3; epsilon_e=0.1; epsilon_B=1e-3; p=2.3; xi_e=0.1; z=0.1; d_L=1e26 cm; no spreading; no SSC; no reverse shock,observer time and frequency,1.00000000e+18,3.16227766e+03,flux_density_cgs,2.69775102e-26,3.81861992e-01,8.02462623e-01,jetsimpy returns mJy; values converted to cgs; ratios are assumption-audit diagnostics
fs_synch_common_minimum,jetsimpy,0.5.0,git 53d07610830f2247d8c41364a2b469491fa22eb2,broad-band top-hat on-axis forward-shock synchrotron; uniform medium; E_iso=1e52 erg; Gamma0=300; theta_j=0.1 rad; n=1 cm^-3; epsilon_e=0.1; epsilon_B=1e-3; p=2.3; xi_e=0.1; z=0.1; d_L=1e26 cm; no spreading; no SSC; no reverse shock,observer time and frequency,1.00000000e+18,1.00000000e+04,flux_density_cgs,6.45365500e-27,3.53455794e-01,8.02462623e-01,jetsimpy returns mJy; values converted to cgs; ratios are assumption-audit diagnostics
fs_synch_common_minimum,jetsimpy,0.5.0,git 53d07610830f2247d8c41364a2b469491fa22eb2,broad-band top-hat on-axis forward-shock synchrotron; uniform medium; E_iso=1e52 erg; Gamma0=300; theta_j=0.1 rad; n=1 cm^-3; epsilon_e=0.1; epsilon_B=1e-3; p=2.3; xi_e=0.1; z=0.1; d_L=1e26 cm; no spreading; no SSC; no reverse shock,observer time and frequency,1.00000000e+18,3.16227766e+04,flux_density_cgs,1.39007286e-27,3.46643351e-01,8.02462623e-01,jetsimpy returns mJy; values converted to cgs; ratios are assumption-audit diagnostics
fs_synch_common_minimum,jetsimpy,0.5.0,git 53d07610830f2247d8c41364a2b469491fa22eb2,broad-band top-hat on-axis forward-shock synchrotron; uniform medium; E_iso=1e52 erg; Gamma0=300; theta_j=0.1 rad; n=1 cm^-3; epsilon_e=0.1; epsilon_B=1e-3; p=2.3; xi_e=0.1; z=0.1; d_L=1e26 cm; no spreading; no SSC; no reverse shock,observer time and frequency,1.00000000e+18,1.00000000e+05,flux_density_cgs,8.79367766e-29,2.23687307e-01,8.02462623e-01,jetsimpy returns mJy; values converted to cgs; ratios are assumption-audit diagnostics
fs_synch_common_minimum,jetsimpy,0.5.0,git 53d07610830f2247d8c41364a2b469491fa22eb2,broad-band top-hat on-axis forward-shock synchrotron; uniform medium; E_iso=1e52 erg; Gamma0=300; theta_j=0.1 rad; n=1 cm^-3; epsilon_e=0.1; epsilon_B=1e-3; p=2.3; xi_e=0.1; z=0.1; d_L=1e26 cm; no spreading; no SSC; no reverse shock,observer time and frequency,1.00000000e+18,3.16227766e+05,flux_density_cgs,4.67769237e-30,1.41042566e-01,8.02462623e-01,jetsimpy returns mJy; values converted to cgs; ratios are assumption-audit diagnostics
fs_synch_common_minimum,jetsimpy,0.5.0,git 53d07610830f2247d8c41364a2b469491fa22eb2,broad-band top-hat on-axis forward-shock synchrotron; uniform medium; E_iso=1e52 erg; Gamma0=300; theta_j=0.1 rad; n=1 cm^-3; epsilon_e=0.1; epsilon_B=1e-3; p=2.3; xi_e=0.1; z=0.1; d_L=1e26 cm; no spreading; no SSC; no reverse shock,observer time and frequency,1.00000000e+18,1.00000000e+06,flux_density_cgs,3.42651063e-31,1.11261039e-01,8.02462623e-01,jetsimpy returns mJy; values converted to cgs; ratios are assumption-audit diagnostics
fs_synch_common_minimum,jetsimpy,0.5.0,git 53d07610830f2247d8c41364a2b469491fa22eb2,broad-band top-hat on-axis forward-shock synchrotron; uniform medium; E_iso=1e52 erg; Gamma0=300; theta_j=0.1 rad; n=1 cm^-3; epsilon_e=0.1; epsilon_B=1e-3; p=2.3; xi_e=0.1; z=0.1; d_L=1e26 cm; no spreading; no SSC; no reverse shock,observer time and frequency,1.00000000e+18,3.16227766e+06,flux_density_cgs,3.11316290e-32,9.83549587e-02,8.02462623e-01,jetsimpy returns mJy; values converted to cgs; ratios are assumption-audit diagnostics
fs_synch_common_minimum,jetsimpy,0.5.0,git 53d07610830f2247d8c41364a2b469491fa22eb2,broad-band top-hat on-axis forward-shock synchrotron; uniform medium; E_iso=1e52 erg; Gamma0=300; theta_j=0.1 rad; n=1 cm^-3; epsilon_e=0.1; epsilon_B=1e-3; p=2.3; xi_e=0.1; z=0.1; d_L=1e26 cm; no spreading; no SSC; no reverse shock,observer time and frequency,1.00000000e+18,1.00000000e+07,flux_density_cgs,4.22708717e-33,1.17737653e-01,8.02462623e-01,jetsimpy returns mJy; values converted to cgs; ratios are assumption-audit diagnostics
fs_synch_common_minimum,jetsimpy,0.5.0,git 53d07610830f2247d8c41364a2b469491fa22eb2,broad-band top-hat on-axis forward-shock synchrotron; uniform medium; E_iso=1e52 erg; Gamma0=300; theta_j=0.1 rad; n=1 cm^-3; epsilon_e=0.1; epsilon_B=1e-3; p=2.3; xi_e=0.1; z=0.1; d_L=1e26 cm; no spreading; no SSC; no reverse shock,observer time and frequency,1.00000000e+18,3.16227766e+07,flux_density_cgs,7.36700407e-34,1.59410028e-01,8.02462623e-01,jetsimpy returns mJy; values converted to cgs; ratios are assumption-audit diagnostics
fs_synch_common_minimum,jetsimpy,0.5.0,git 53d07610830f2247d8c41364a2b469491fa22eb2,broad-band top-hat on-axis forward-shock synchrotron; uniform medium; E_iso=1e52 erg; Gamma0=300; theta_j=0.1 rad; n=1 cm^-3; epsilon_e=0.1; epsilon_B=1e-3; p=2.3; xi_e=0.1; z=0.1; d_L=1e26 cm; no spreading; no SSC; no reverse shock,observer time and frequency,1.00000000e+18,1.00000000e+08,flux_density_cgs,1.42910473e-34,2.07188540e-01,8.02462623e-01,jetsimpy returns mJy; values converted to cgs; ratios are assumption-audit diagnostics
fs_synch_common_minimum,jetsimpy,0.5.0,git 53d07610830f2247d8c41364a2b469491fa22eb2,broad-band top-hat on-axis forward-shock synchrotron; uniform medium; E_iso=1e52 erg; Gamma0=300; theta_j=0.1 rad; n=1 cm^-3; epsilon_e=0.1; epsilon_B=1e-3; p=2.3; xi_e=0.1; z=0.1; d_L=1e26 cm; no spreading; no SSC; no reverse shock,observer time and frequency,2.40000000e+22,1.00000000e+00,flux_density_cgs,1.21056518e-28,7.13178946e+00,8.02462623e-01,jetsimpy returns mJy; values converted to cgs; ratios are assumption-audit diagnostics
fs_synch_common_minimum,jetsimpy,0.5.0,git 53d07610830f2247d8c41364a2b469491fa22eb2,broad-band top-hat on-axis forward-shock synchrotron; uniform medium; E_iso=1e52 erg; Gamma0=300; theta_j=0.1 rad; n=1 cm^-3; epsilon_e=0.1; epsilon_B=1e-3; p=2.3; xi_e=0.1; z=0.1; d_L=1e26 cm; no spreading; no SSC; no reverse shock,observer time and frequency,2.40000000e+22,3.16227766e+00,flux_density_cgs,3.13149397e-28,1.65746655e+00,8.02462623e-01,jetsimpy returns mJy; values converted to cgs; ratios are assumption-audit diagnostics
fs_synch_common_minimum,jetsimpy,0.5.0,git 53d07610830f2247d8c41364a2b469491fa22eb2,broad-band top-hat on-axis forward-shock synchrotron; uniform medium; E_iso=1e52 erg; Gamma0=300; theta_j=0.1 rad; n=1 cm^-3; epsilon_e=0.1; epsilon_B=1e-3; p=2.3; xi_e=0.1; z=0.1; d_L=1e26 cm; no spreading; no SSC; no reverse shock,observer time and frequency,2.40000000e+22,1.00000000e+01,flux_density_cgs,1.65571764e-28,1.30625046e-01,8.02462623e-01,jetsimpy returns mJy; values converted to cgs; ratios are assumption-audit diagnostics
fs_synch_common_minimum,jetsimpy,0.5.0,git 53d07610830f2247d8c41364a2b469491fa22eb2,broad-band top-hat on-axis forward-shock synchrotron; uniform medium; E_iso=1e52 erg; Gamma0=300; theta_j=0.1 rad; n=1 cm^-3; epsilon_e=0.1; epsilon_B=1e-3; p=2.3; xi_e=0.1; z=0.1; d_L=1e26 cm; no spreading; no SSC; no reverse shock,observer time and frequency,2.40000000e+22,3.16227766e+01,flux_density_cgs,5.38647217e-29,1.26556453e-01,8.02462623e-01,jetsimpy returns mJy; values converted to cgs; ratios are assumption-audit diagnostics
fs_synch_common_minimum,jetsimpy,0.5.0,git 53d07610830f2247d8c41364a2b469491fa22eb2,broad-band top-hat on-axis forward-shock synchrotron; uniform medium; E_iso=1e52 erg; Gamma0=300; theta_j=0.1 rad; n=1 cm^-3; epsilon_e=0.1; epsilon_B=1e-3; p=2.3; xi_e=0.1; z=0.1; d_L=1e26 cm; no spreading; no SSC; no reverse shock,observer time and frequency,2.40000000e+22,1.00000000e+02,flux_density_cgs,1.51602005e-29,2.68412052e-01,8.02462623e-01,jetsimpy returns mJy; values converted to cgs; ratios are assumption-audit diagnostics
fs_synch_common_minimum,jetsimpy,0.5.0,git 53d07610830f2247d8c41364a2b469491fa22eb2,broad-band top-hat on-axis forward-shock synchrotron; uniform medium; E_iso=1e52 erg; Gamma0=300; theta_j=0.1 rad; n=1 cm^-3; epsilon_e=0.1; epsilon_B=1e-3; p=2.3; xi_e=0.1; z=0.1; d_L=1e26 cm; no spreading; no SSC; no reverse shock,observer time and frequency,2.40000000e+22,3.16227766e+02,flux_density_cgs,3.99029583e-30,2.28467932e-01,8.02462623e-01,jetsimpy returns mJy; values converted to cgs; ratios are assumption-audit diagnostics
fs_synch_common_minimum,jetsimpy,0.5.0,git 53d07610830f2247d8c41364a2b469491fa22eb2,broad-band top-hat on-axis forward-shock synchrotron; uniform medium; E_iso=1e52 erg; Gamma0=300; theta_j=0.1 rad; n=1 cm^-3; epsilon_e=0.1; epsilon_B=1e-3; p=2.3; xi_e=0.1; z=0.1; d_L=1e26 cm; no spreading; no SSC; no reverse shock,observer time and frequency,2.40000000e+22,1.00000000e+03,flux_density_cgs,1.00870987e-30,2.43854366e-01,8.02462623e-01,jetsimpy returns mJy; values converted to cgs; ratios are assumption-audit diagnostics
fs_synch_common_minimum,jetsimpy,0.5.0,git 53d07610830f2247d8c41364a2b469491fa22eb2,broad-band top-hat on-axis forward-shock synchrotron; uniform medium; E_iso=1e52 erg; Gamma0=300; theta_j=0.1 rad; n=1 cm^-3; epsilon_e=0.1; epsilon_B=1e-3; p=2.3; xi_e=0.1; z=0.1; d_L=1e26 cm; no spreading; no SSC; no reverse shock,observer time and frequency,2.40000000e+22,3.16227766e+03,flux_density_cgs,2.47604985e-31,2.56511039e-01,8.02462623e-01,jetsimpy returns mJy; values converted to cgs; ratios are assumption-audit diagnostics
fs_synch_common_minimum,jetsimpy,0.5.0,git 53d07610830f2247d8c41364a2b469491fa22eb2,broad-band top-hat on-axis forward-shock synchrotron; uniform medium; E_iso=1e52 erg; Gamma0=300; theta_j=0.1 rad; n=1 cm^-3; epsilon_e=0.1; epsilon_B=1e-3; p=2.3; xi_e=0.1; z=0.1; d_L=1e26 cm; no spreading; no SSC; no reverse shock,observer time and frequency,2.40000000e+22,1.00000000e+04,flux_density_cgs,5.92384717e-32,2.68335788e-01,8.02462623e-01,jetsimpy returns mJy; values converted to cgs; ratios are assumption-audit diagnostics
fs_synch_common_minimum,jetsimpy,0.5.0,git 53d07610830f2247d8c41364a2b469491fa22eb2,broad-band top-hat on-axis forward-shock synchrotron; uniform medium; E_iso=1e52 erg; Gamma0=300; theta_j=0.1 rad; n=1 cm^-3; epsilon_e=0.1; epsilon_B=1e-3; p=2.3; xi_e=0.1; z=0.1; d_L=1e26 cm; no spreading; no SSC; no reverse shock,observer time and frequency,2.40000000e+22,3.16227766e+04,flux_density_cgs,1.27680955e-32,2.90155261e-01,8.02462623e-01,jetsimpy returns mJy; values converted to cgs; ratios are assumption-audit diagnostics
fs_synch_common_minimum,jetsimpy,0.5.0,git 53d07610830f2247d8c41364a2b469491fa22eb2,broad-band top-hat on-axis forward-shock synchrotron; uniform medium; E_iso=1e52 erg; Gamma0=300; theta_j=0.1 rad; n=1 cm^-3; epsilon_e=0.1; epsilon_B=1e-3; p=2.3; xi_e=0.1; z=0.1; d_L=1e26 cm; no spreading; no SSC; no reverse shock,observer time and frequency,2.40000000e+22,1.00000000e+05,flux_density_cgs,8.07121914e-34,2.06430917e-01,8.02462623e-01,jetsimpy returns mJy; values converted to cgs; ratios are assumption-audit diagnostics
fs_synch_common_minimum,jetsimpy,0.5.0,git 53d07610830f2247d8c41364a2b469491fa22eb2,broad-band top-hat on-axis forward-shock synchrotron; uniform medium; E_iso=1e52 erg; Gamma0=300; theta_j=0.1 rad; n=1 cm^-3; epsilon_e=0.1; epsilon_B=1e-3; p=2.3; xi_e=0.1; z=0.1; d_L=1e26 cm; no spreading; no SSC; no reverse shock,observer time and frequency,2.40000000e+22,3.16227766e+05,flux_density_cgs,4.29329818e-35,1.45662013e-01,8.02462623e-01,jetsimpy returns mJy; values converted to cgs; ratios are assumption-audit diagnostics
fs_synch_common_minimum,jetsimpy,0.5.0,git 53d07610830f2247d8c41364a2b469491fa22eb2,broad-band top-hat on-axis forward-shock synchrotron; uniform medium; E_iso=1e52 erg; Gamma0=300; theta_j=0.1 rad; n=1 cm^-3; epsilon_e=0.1; epsilon_B=1e-3; p=2.3; xi_e=0.1; z=0.1; d_L=1e26 cm; no spreading; no SSC; no reverse shock,observer time and frequency,2.40000000e+22,1.00000000e+06,flux_density_cgs,3.14492805e-36,1.28233095e-01,8.02462623e-01,jetsimpy returns mJy; values converted to cgs; ratios are assumption-audit diagnostics
fs_synch_common_minimum,jetsimpy,0.5.0,git 53d07610830f2247d8c41364a2b469491fa22eb2,broad-band top-hat on-axis forward-shock synchrotron; uniform medium; E_iso=1e52 erg; Gamma0=300; theta_j=0.1 rad; n=1 cm^-3; epsilon_e=0.1; epsilon_B=1e-3; p=2.3; xi_e=0.1; z=0.1; d_L=1e26 cm; no spreading; no SSC; no reverse shock,observer time and frequency,2.40000000e+22,3.16227766e+06,flux_density_cgs,2.85734099e-37,1.28033896e-01,8.02462623e-01,jetsimpy returns mJy; values converted to cgs; ratios are assumption-audit diagnostics
fs_synch_common_minimum,jetsimpy,0.5.0,git 53d07610830f2247d8c41364a2b469491fa22eb2,broad-band top-hat on-axis forward-shock synchrotron; uniform medium; E_iso=1e52 erg; Gamma0=300; theta_j=0.1 rad; n=1 cm^-3; epsilon_e=0.1; epsilon_B=1e-3; p=2.3; xi_e=0.1; z=0.1; d_L=1e26 cm; no spreading; no SSC; no reverse shock,observer time and frequency,2.40000000e+22,1.00000000e+07,flux_density_cgs,3.87973765e-38,1.72577632e-01,8.02462623e-01,jetsimpy returns mJy; values converted to cgs; ratios are assumption-audit diagnostics
fs_synch_common_minimum,jetsimpy,0.5.0,git 53d07610830f2247d8c41364a2b469491fa22eb2,broad-band top-hat on-axis forward-shock synchrotron; uniform medium; E_iso=1e52 erg; Gamma0=300; theta_j=0.1 rad; n=1 cm^-3; epsilon_e=0.1; epsilon_B=1e-3; p=2.3; xi_e=0.1; z=0.1; d_L=1e26 cm; no spreading; no SSC; no reverse shock,observer time and frequency,2.40000000e+22,3.16227766e+07,flux_density_cgs,6.76159588e-39,2.60598156e-01,8.02462623e-01,jetsimpy returns mJy; values converted to cgs; ratios are assumption-audit diagnostics
fs_synch_common_minimum,jetsimpy,0.5.0,git 53d07610830f2247d8c41364a2b469491fa22eb2,broad-band top-hat on-axis forward-shock synchrotron; uniform medium; E_iso=1e52 erg; Gamma0=300; theta_j=0.1 rad; n=1 cm^-3; epsilon_e=0.1; epsilon_B=1e-3; p=2.3; xi_e=0.1; z=0.1; d_L=1e26 cm; no spreading; no SSC; no reverse shock,observer time and frequency,2.40000000e+22,1.00000000e+08,flux_density_cgs,1.31166054e-39,3.64615122e-01,8.02462623e-01,jetsimpy returns mJy; values converted to cgs; ratios are assumption-audit diagnostics
fs_synch_common_minimum,jetsimpy,0.5.0,git 53d07610830f2247d8c41364a2b469491fa22eb2,broad-band top-hat on-axis forward-shock synchrotron; uniform medium; E_iso=1e52 erg; Gamma0=300; theta_j=0.1 rad; n=1 cm^-3; epsilon_e=0.1; epsilon_B=1e-3; p=2.3; xi_e=0.1; z=0.1; d_L=1e26 cm; no spreading; no SSC; no reverse shock,observer time and frequency,2.40000000e+23,1.00000000e+00,flux_density_cgs,8.57014517e-30,6.47708262e+00,8.02462623e-01,jetsimpy returns mJy; values converted to cgs; ratios are assumption-audit diagnostics
fs_synch_common_minimum,jetsimpy,0.5.0,git 53d07610830f2247d8c41364a2b469491fa22eb2,broad-band top-hat on-axis forward-shock synchrotron; uniform medium; E_iso=1e52 erg; Gamma0=300; theta_j=0.1 rad; n=1 cm^-3; epsilon_e=0.1; epsilon_B=1e-3; p=2.3; xi_e=0.1; z=0.1; d_L=1e26 cm; no spreading; no SSC; no reverse shock,observer time and frequency,2.40000000e+23,3.16227766e+00,flux_density_cgs,2.21692796e-29,1.67302933e+00,8.02462623e-01,jetsimpy returns mJy; values converted to cgs; ratios are assumption-audit diagnostics
fs_synch_common_minimum,jetsimpy,0.5.0,git 53d07610830f2247d8c41364a2b469491fa22eb2,broad-band top-hat on-axis forward-shock synchrotron; uniform medium; E_iso=1e52 erg; Gamma0=300; theta_j=0.1 rad; n=1 cm^-3; epsilon_e=0.1; epsilon_B=1e-3; p=2.3; xi_e=0.1; z=0.1; d_L=1e26 cm; no spreading; no SSC; no reverse shock,observer time and frequency,2.40000000e+23,1.00000000e+01,flux_density_cgs,1.17215832e-29,1.36963250e-01,8.02462623e-01,jetsimpy returns mJy; values converted to cgs; ratios are assumption-audit diagnostics
fs_synch_common_minimum,jetsimpy,0.5.0,git 53d07610830f2247d8c41364a2b469491fa22eb2,broad-band top-hat on-axis forward-shock synchrotron; uniform medium; E_iso=1e52 erg; Gamma0=300; theta_j=0.1 rad; n=1 cm^-3; epsilon_e=0.1; epsilon_B=1e-3; p=2.3; xi_e=0.1; z=0.1; d_L=1e26 cm; no spreading; no SSC; no reverse shock,observer time and frequency,2.40000000e+23,3.16227766e+01,flux_density_cgs,3.81333027e-30,1.36020502e-01,8.02462623e-01,jetsimpy returns mJy; values converted to cgs; ratios are assumption-audit diagnostics
fs_synch_common_minimum,jetsimpy,0.5.0,git 53d07610830f2247d8c41364a2b469491fa22eb2,broad-band top-hat on-axis forward-shock synchrotron; uniform medium; E_iso=1e52 erg; Gamma0=300; theta_j=0.1 rad; n=1 cm^-3; epsilon_e=0.1; epsilon_B=1e-3; p=2.3; xi_e=0.1; z=0.1; d_L=1e26 cm; no spreading; no SSC; no reverse shock,observer time and frequency,2.40000000e+23,1.00000000e+02,flux_density_cgs,1.07326000e-30,3.03400688e-01,8.02462623e-01,jetsimpy returns mJy; values converted to cgs; ratios are assumption-audit diagnostics
fs_synch_common_minimum,jetsimpy,0.5.0,git 53d07610830f2247d8c41364a2b469491fa22eb2,broad-band top-hat on-axis forward-shock synchrotron; uniform medium; E_iso=1e52 erg; Gamma0=300; theta_j=0.1 rad; n=1 cm^-3; epsilon_e=0.1; epsilon_B=1e-3; p=2.3; xi_e=0.1; z=0.1; d_L=1e26 cm; no spreading; no SSC; no reverse shock,observer time and frequency,2.40000000e+23,3.16227766e+02,flux_density_cgs,2.82491311e-31,2.66270479e-01,8.02462623e-01,jetsimpy returns mJy; values converted to cgs; ratios are assumption-audit diagnostics
fs_synch_common_minimum,jetsimpy,0.5.0,git 53d07610830f2247d8c41364a2b469491fa22eb2,broad-band top-hat on-axis forward-shock synchrotron; uniform medium; E_iso=1e52 erg; Gamma0=300; theta_j=0.1 rad; n=1 cm^-3; epsilon_e=0.1; epsilon_B=1e-3; p=2.3; xi_e=0.1; z=0.1; d_L=1e26 cm; no spreading; no SSC; no reverse shock,observer time and frequency,2.40000000e+23,1.00000000e+03,flux_density_cgs,7.14111898e-32,3.02612295e-01,8.02462623e-01,jetsimpy returns mJy; values converted to cgs; ratios are assumption-audit diagnostics
fs_synch_common_minimum,jetsimpy,0.5.0,git 53d07610830f2247d8c41364a2b469491fa22eb2,broad-band top-hat on-axis forward-shock synchrotron; uniform medium; E_iso=1e52 erg; Gamma0=300; theta_j=0.1 rad; n=1 cm^-3; epsilon_e=0.1; epsilon_B=1e-3; p=2.3; xi_e=0.1; z=0.1; d_L=1e26 cm; no spreading; no SSC; no reverse shock,observer time and frequency,2.40000000e+23,3.16227766e+03,flux_density_cgs,1.75290905e-32,3.43233882e-01,8.02462623e-01,jetsimpy returns mJy; values converted to cgs; ratios are assumption-audit diagnostics
fs_synch_common_minimum,jetsimpy,0.5.0,git 53d07610830f2247d8c41364a2b469491fa22eb2,broad-band top-hat on-axis forward-shock synchrotron; uniform medium; E_iso=1e52 erg; Gamma0=300; theta_j=0.1 rad; n=1 cm^-3; epsilon_e=0.1; epsilon_B=1e-3; p=2.3; xi_e=0.1; z=0.1; d_L=1e26 cm; no spreading; no SSC; no reverse shock,observer time and frequency,2.40000000e+23,1.00000000e+04,flux_density_cgs,4.19376270e-33,3.94436609e-01,8.02462623e-01,jetsimpy returns mJy; values converted to cgs; ratios are assumption-audit diagnostics
fs_synch_common_minimum,jetsimpy,0.5.0,git 53d07610830f2247d8c41364a2b469491fa22eb2,broad-band top-hat on-axis forward-shock synchrotron; uniform medium; E_iso=1e52 erg; Gamma0=300; theta_j=0.1 rad; n=1 cm^-3; epsilon_e=0.1; epsilon_B=1e-3; p=2.3; xi_e=0.1; z=0.1; d_L=1e26 cm; no spreading; no SSC; no reverse shock,observer time and frequency,2.40000000e+23,3.16227766e+04,flux_density_cgs,9.03911935e-34,4.73245284e-01,8.02462623e-01,jetsimpy returns mJy; values converted to cgs; ratios are assumption-audit diagnostics
fs_synch_common_minimum,jetsimpy,0.5.0,git 53d07610830f2247d8c41364a2b469491fa22eb2,broad-band top-hat on-axis forward-shock synchrotron; uniform medium; E_iso=1e52 erg; Gamma0=300; theta_j=0.1 rad; n=1 cm^-3; epsilon_e=0.1; epsilon_B=1e-3; p=2.3; xi_e=0.1; z=0.1; d_L=1e26 cm; no spreading; no SSC; no reverse shock,observer time and frequency,2.40000000e+23,1.00000000e+05,flux_density_cgs,5.71398556e-35,3.86585557e-01,8.02462623e-01,jetsimpy returns mJy; values converted to cgs; ratios are assumption-audit diagnostics
fs_synch_common_minimum,jetsimpy,0.5.0,git 53d07610830f2247d8c41364a2b469491fa22eb2,broad-band top-hat on-axis forward-shock synchrotron; uniform medium; E_iso=1e52 erg; Gamma0=300; theta_j=0.1 rad; n=1 cm^-3; epsilon_e=0.1; epsilon_B=1e-3; p=2.3; xi_e=0.1; z=0.1; d_L=1e26 cm; no spreading; no SSC; no reverse shock,observer time and frequency,2.40000000e+23,3.16227766e+05,flux_density_cgs,3.03942235e-36,3.27840966e-01,8.02462623e-01,jetsimpy returns mJy; values converted to cgs; ratios are assumption-audit diagnostics
fs_synch_common_minimum,jetsimpy,0.5.0,git 53d07610830f2247d8c41364a2b469491fa22eb2,broad-band top-hat on-axis forward-shock synchrotron; uniform medium; E_iso=1e52 erg; Gamma0=300; theta_j=0.1 rad; n=1 cm^-3; epsilon_e=0.1; epsilon_B=1e-3; p=2.3; xi_e=0.1; z=0.1; d_L=1e26 cm; no spreading; no SSC; no reverse shock,observer time and frequency,2.40000000e+23,1.00000000e+06,flux_density_cgs,2.22643856e-37,3.59433422e-01,8.02462623e-01,jetsimpy returns mJy; values converted to cgs; ratios are assumption-audit diagnostics
fs_synch_common_minimum,jetsimpy,0.5.0,git 53d07610830f2247d8c41364a2b469491fa22eb2,broad-band top-hat on-axis forward-shock synchrotron; uniform medium; E_iso=1e52 erg; Gamma0=300; theta_j=0.1 rad; n=1 cm^-3; epsilon_e=0.1; epsilon_B=1e-3; p=2.3; xi_e=0.1; z=0.1; d_L=1e26 cm; no spreading; no SSC; no reverse shock,observer time and frequency,2.40000000e+23,3.16227766e+06,flux_density_cgs,2.02284251e-38,4.53475990e-01,8.02462623e-01,jetsimpy returns mJy; values converted to cgs; ratios are assumption-audit diagnostics
fs_synch_common_minimum,jetsimpy,0.5.0,git 53d07610830f2247d8c41364a2b469491fa22eb2,broad-band top-hat on-axis forward-shock synchrotron; uniform medium; E_iso=1e52 erg; Gamma0=300; theta_j=0.1 rad; n=1 cm^-3; epsilon_e=0.1; epsilon_B=1e-3; p=2.3; xi_e=0.1; z=0.1; d_L=1e26 cm; no spreading; no SSC; no reverse shock,observer time and frequency,2.40000000e+23,1.00000000e+07,flux_density_cgs,2.74664391e-39,7.50855464e-01,8.02462623e-01,jetsimpy returns mJy; values converted to cgs; ratios are assumption-audit diagnostics
fs_synch_common_minimum,jetsimpy,0.5.0,git 53d07610830f2247d8c41364a2b469491fa22eb2,broad-band top-hat on-axis forward-shock synchrotron; uniform medium; E_iso=1e52 erg; Gamma0=300; theta_j=0.1 rad; n=1 cm^-3; epsilon_e=0.1; epsilon_B=1e-3; p=2.3; xi_e=0.1; z=0.1; d_L=1e26 cm; no spreading; no SSC; no reverse shock,observer time and frequency,2.40000000e+23,3.16227766e+07,flux_density_cgs,4.78684330e-40,1.37412364e+00,8.02462623e-01,jetsimpy returns mJy; values converted to cgs; ratios are assumption-audit diagnostics
fs_synch_common_minimum,jetsimpy,0.5.0,git 53d07610830f2247d8c41364a2b469491fa22eb2,broad-band top-hat on-axis forward-shock synchrotron; uniform medium; E_iso=1e52 erg; Gamma0=300; theta_j=0.1 rad; n=1 cm^-3; epsilon_e=0.1; epsilon_B=1e-3; p=2.3; xi_e=0.1; z=0.1; d_L=1e26 cm; no spreading; no SSC; no reverse shock,observer time and frequency,2.40000000e+23,1.00000000e+08,flux_density_cgs,9.28584550e-41,2.21916281e+00,8.02462623e-01,jetsimpy returns mJy; values converted to cgs; ratios are assumption-audit diagnostics
fs_synch_common_minimum,jetsimpy,0.5.0,git 53d07610830f2247d8c41364a2b469491fa22eb2,broad-band top-hat on-axis forward-shock synchrotron; uniform medium; E_iso=1e52 erg; Gamma0=300; theta_j=0.1 rad; n=1 cm^-3; epsilon_e=0.1; epsilon_B=1e-3; p=2.3; xi_e=0.1; z=0.1; d_L=1e26 cm; no spreading; no SSC; no reverse shock,observer time and frequency,2.40000000e+26,1.00000000e+00,flux_density_cgs,3.04080225e-33,8.38194565e+02,8.02462623e-01,jetsimpy returns mJy; values converted to cgs; ratios are assumption-audit diagnostics
fs_synch_common_minimum,jetsimpy,0.5.0,git 53d07610830f2247d8c41364a2b469491fa22eb2,broad-band top-hat on-axis forward-shock synchrotron; uniform medium; E_iso=1e52 erg; Gamma0=300; theta_j=0.1 rad; n=1 cm^-3; epsilon_e=0.1; epsilon_B=1e-3; p=2.3; xi_e=0.1; z=0.1; d_L=1e26 cm; no spreading; no SSC; no reverse shock,observer time and frequency,2.40000000e+26,3.16227766e+00,flux_density_cgs,7.86595722e-33,2.28843694e+02,8.02462623e-01,jetsimpy returns mJy; values converted to cgs; ratios are assumption-audit diagnostics
fs_synch_common_minimum,jetsimpy,0.5.0,git 53d07610830f2247d8c41364a2b469491fa22eb2,broad-band top-hat on-axis forward-shock synchrotron; uniform medium; E_iso=1e52 erg; Gamma0=300; theta_j=0.1 rad; n=1 cm^-3; epsilon_e=0.1; epsilon_B=1e-3; p=2.3; xi_e=0.1; z=0.1; d_L=1e26 cm; no spreading; no SSC; no reverse shock,observer time and frequency,2.40000000e+26,1.00000000e+01,flux_density_cgs,4.15897468e-33,2.02712860e+01,8.02462623e-01,jetsimpy returns mJy; values converted to cgs; ratios are assumption-audit diagnostics
fs_synch_common_minimum,jetsimpy,0.5.0,git 53d07610830f2247d8c41364a2b469491fa22eb2,broad-band top-hat on-axis forward-shock synchrotron; uniform medium; E_iso=1e52 erg; Gamma0=300; theta_j=0.1 rad; n=1 cm^-3; epsilon_e=0.1; epsilon_B=1e-3; p=2.3; xi_e=0.1; z=0.1; d_L=1e26 cm; no spreading; no SSC; no reverse shock,observer time and frequency,2.40000000e+26,3.16227766e+01,flux_density_cgs,1.35302064e-33,3.60684771e+01,8.02462623e-01,jetsimpy returns mJy; values converted to cgs; ratios are assumption-audit diagnostics
fs_synch_common_minimum,jetsimpy,0.5.0,git 53d07610830f2247d8c41364a2b469491fa22eb2,broad-band top-hat on-axis forward-shock synchrotron; uniform medium; E_iso=1e52 erg; Gamma0=300; theta_j=0.1 rad; n=1 cm^-3; epsilon_e=0.1; epsilon_B=1e-3; p=2.3; xi_e=0.1; z=0.1; d_L=1e26 cm; no spreading; no SSC; no reverse shock,observer time and frequency,2.40000000e+26,1.00000000e+02,flux_density_cgs,3.80807019e-34,3.47497958e+02,8.02462623e-01,jetsimpy returns mJy; values converted to cgs; ratios are assumption-audit diagnostics
fs_synch_common_minimum,jetsimpy,0.5.0,git 53d07610830f2247d8c41364a2b469491fa22eb2,broad-band top-hat on-axis forward-shock synchrotron; uniform medium; E_iso=1e52 erg; Gamma0=300; theta_j=0.1 rad; n=1 cm^-3; epsilon_e=0.1; epsilon_B=1e-3; p=2.3; xi_e=0.1; z=0.1; d_L=1e26 cm; no spreading; no SSC; no reverse shock,observer time and frequency,2.40000000e+26,3.16227766e+02,flux_density_cgs,1.00231700e-34,8.47095745e+02,8.02462623e-01,jetsimpy returns mJy; values converted to cgs; ratios are assumption-audit diagnostics
fs_synch_common_minimum,jetsimpy,0.5.0,git 53d07610830f2247d8c41364a2b469491fa22eb2,broad-band top-hat on-axis forward-shock synchrotron; uniform medium; E_iso=1e52 erg; Gamma0=300; theta_j=0.1 rad; n=1 cm^-3; epsilon_e=0.1; epsilon_B=1e-3; p=2.3; xi_e=0.1; z=0.1; d_L=1e26 cm; no spreading; no SSC; no reverse shock,observer time and frequency,2.40000000e+26,1.00000000e+03,flux_density_cgs,2.53376463e-35,4.19078175e+03,8.02462623e-01,jetsimpy returns mJy; values converted to cgs; ratios are assumption-audit diagnostics
fs_synch_common_minimum,jetsimpy,0.5.0,git 53d07610830f2247d8c41364a2b469491fa22eb2,broad-band top-hat on-axis forward-shock synchrotron; uniform medium; E_iso=1e52 erg; Gamma0=300; theta_j=0.1 rad; n=1 cm^-3; epsilon_e=0.1; epsilon_B=1e-3; p=2.3; xi_e=0.1; z=0.1; d_L=1e26 cm; no spreading; no SSC; no reverse shock,observer time and frequency,2.40000000e+26,3.16227766e+03,flux_density_cgs,6.21955602e-36,2.55040780e+04,8.02462623e-01,jetsimpy returns mJy; values converted to cgs; ratios are assumption-audit diagnostics
fs_synch_common_minimum,jetsimpy,0.5.0,git 53d07610830f2247d8c41364a2b469491fa22eb2,broad-band top-hat on-axis forward-shock synchrotron; uniform medium; E_iso=1e52 erg; Gamma0=300; theta_j=0.1 rad; n=1 cm^-3; epsilon_e=0.1; epsilon_B=1e-3; p=2.3; xi_e=0.1; z=0.1; d_L=1e26 cm; no spreading; no SSC; no reverse shock,observer time and frequency,2.40000000e+26,1.00000000e+04,flux_density_cgs,1.48800316e-36,1.89070442e+05,8.02462623e-01,jetsimpy returns mJy; values converted to cgs; ratios are assumption-audit diagnostics
fs_synch_common_minimum,jetsimpy,0.5.0,git 53d07610830f2247d8c41364a2b469491fa22eb2,broad-band top-hat on-axis forward-shock synchrotron; uniform medium; E_iso=1e52 erg; Gamma0=300; theta_j=0.1 rad; n=1 cm^-3; epsilon_e=0.1; epsilon_B=1e-3; p=2.3; xi_e=0.1; z=0.1; d_L=1e26 cm; no spreading; no SSC; no reverse shock,observer time and frequency,2.40000000e+26,3.16227766e+04,flux_density_cgs,3.20720057e-37,1.61673571e+06,8.02462623e-01,jetsimpy returns mJy; values converted to cgs; ratios are assumption-audit diagnostics
fs_synch_common_minimum,jetsimpy,0.5.0,git 53d07610830f2247d8c41364a2b469491fa22eb2,broad-band top-hat on-axis forward-shock synchrotron; uniform medium; E_iso=1e52 erg; Gamma0=300; theta_j=0.1 rad; n=1 cm^-3; epsilon_e=0.1; epsilon_B=1e-3; p=2.3; xi_e=0.1; z=0.1; d_L=1e26 cm; no spreading; no SSC; no reverse shock,observer time and frequency,2.40000000e+26,1.00000000e+05,flux_density_cgs,2.02739858e-38,1.20823905e+07,8.02462623e-01,jetsimpy returns mJy; values converted to cgs; ratios are assumption-audit diagnostics
fs_synch_common_minimum,jetsimpy,0.5.0,git 53d07610830f2247d8c41364a2b469491fa22eb2,broad-band top-hat on-axis forward-shock synchrotron; uniform medium; E_iso=1e52 erg; Gamma0=300; theta_j=0.1 rad; n=1 cm^-3; epsilon_e=0.1; epsilon_B=1e-3; p=2.3; xi_e=0.1; z=0.1; d_L=1e26 cm; no spreading; no SSC; no reverse shock,observer time and frequency,2.40000000e+26,3.16227766e+05,flux_density_cgs,1.07842774e-39,1.55720537e+08,8.02462623e-01,jetsimpy returns mJy; values converted to cgs; ratios are assumption-audit diagnostics
fs_synch_common_minimum,jetsimpy,0.5.0,git 53d07610830f2247d8c41364a2b469491fa22eb2,broad-band top-hat on-axis forward-shock synchrotron; uniform medium; E_iso=1e52 erg; Gamma0=300; theta_j=0.1 rad; n=1 cm^-3; epsilon_e=0.1; epsilon_B=1e-3; p=2.3; xi_e=0.1; z=0.1; d_L=1e26 cm; no spreading; no SSC; no reverse shock,observer time and frequency,2.40000000e+26,1.00000000e+06,flux_density_cgs,7.89970210e-41,3.03695942e+09,8.02462623e-01,jetsimpy returns mJy; values converted to cgs; ratios are assumption-audit diagnostics
fs_synch_common_minimum,jetsimpy,0.5.0,git 53d07610830f2247d8c41364a2b469491fa22eb2,broad-band top-hat on-axis forward-shock synchrotron; uniform medium; E_iso=1e52 erg; Gamma0=300; theta_j=0.1 rad; n=1 cm^-3; epsilon_e=0.1; epsilon_B=1e-3; p=2.3; xi_e=0.1; z=0.1; d_L=1e26 cm; no spreading; no SSC; no reverse shock,observer time and frequency,2.40000000e+26,3.16227766e+06,flux_density_cgs,7.17731605e-42,7.83978955e+10,8.02462623e-01,jetsimpy returns mJy; values converted to cgs; ratios are assumption-audit diagnostics
fs_synch_common_minimum,jetsimpy,0.5.0,git 53d07610830f2247d8c41364a2b469491fa22eb2,broad-band top-hat on-axis forward-shock synchrotron; uniform medium; E_iso=1e52 erg; Gamma0=300; theta_j=0.1 rad; n=1 cm^-3; epsilon_e=0.1; epsilon_B=1e-3; p=2.3; xi_e=0.1; z=0.1; d_L=1e26 cm; no spreading; no SSC; no reverse shock,observer time and frequency,2.40000000e+26,1.00000000e+07,flux_density_cgs,9.74546035e-43,2.17701426e+12,8.02462623e-01,jetsimpy returns mJy; values converted to cgs; ratios are assumption-audit diagnostics
fs_synch_common_minimum,jetsimpy,0.5.0,git 53d07610830f2247d8c41364a2b469491fa22eb2,broad-band top-hat on-axis forward-shock synchrotron; uniform medium; E_iso=1e52 erg; Gamma0=300; theta_j=0.1 rad; n=1 cm^-3; epsilon_e=0.1; epsilon_B=1e-3; p=2.3; xi_e=0.1; z=0.1; d_L=1e26 cm; no spreading; no SSC; no reverse shock,observer time and frequency,2.40000000e+26,3.16227766e+07,flux_density_cgs,1.69843609e-43,4.79866289e+13,8.02462623e-01,jetsimpy returns mJy; values converted to cgs; ratios are assumption-audit diagnostics
fs_synch_common_minimum,jetsimpy,0.5.0,git 53d07610830f2247d8c41364a2b469491fa22eb2,broad-band top-hat on-axis forward-shock synchrotron; uniform medium; E_iso=1e52 erg; Gamma0=300; theta_j=0.1 rad; n=1 cm^-3; epsilon_e=0.1; epsilon_B=1e-3; p=2.3; xi_e=0.1; z=0.1; d_L=1e26 cm; no spreading; no SSC; no reverse shock,observer time and frequency,2.40000000e+26,1.00000000e+08,flux_density_cgs,3.29474232e-44,5.04773111e+14,8.02462623e-01,jetsimpy returns mJy; values converted to cgs; ratios are assumption-audit diagnostics
fs_synch_common_minimum,VegasAfterglow,2.0.5,PyPI VegasAfterglow==2.0.5,broad-band top-hat on-axis forward-shock synchrotron; uniform medium; E_iso=1e52 erg; Gamma0=300; theta_j=0.1 rad; n=1 cm^-3; epsilon_e=0.1; epsilon_B=1e-3; p=2.3; xi_e=0.1; z=0.1; d_L=1e26 cm; no spreading; no SSC; no reverse shock,observer time and frequency,1.00000000e+08,1.00000000e+00,flux_density_cgs,7.24593632e-33,5.07325428e-03,1.87996650e-02,broad-band broad-time FS synchrotron grid; ratios are assumption-audit diagnostics
fs_synch_common_minimum,VegasAfterglow,2.0.5,PyPI VegasAfterglow==2.0.5,broad-band top-hat on-axis forward-shock synchrotron; uniform medium; E_iso=1e52 erg; Gamma0=300; theta_j=0.1 rad; n=1 cm^-3; epsilon_e=0.1; epsilon_B=1e-3; p=2.3; xi_e=0.1; z=0.1; d_L=1e26 cm; no spreading; no SSC; no reverse shock,observer time and frequency,1.00000000e+08,3.16227766e+00,flux_density_cgs,2.74285737e-31,6.03764892e-03,1.87996650e-02,broad-band broad-time FS synchrotron grid; ratios are assumption-audit diagnostics
fs_synch_common_minimum,VegasAfterglow,2.0.5,PyPI VegasAfterglow==2.0.5,broad-band top-hat on-axis forward-shock synchrotron; uniform medium; E_iso=1e52 erg; Gamma0=300; theta_j=0.1 rad; n=1 cm^-3; epsilon_e=0.1; epsilon_B=1e-3; p=2.3; xi_e=0.1; z=0.1; d_L=1e26 cm; no spreading; no SSC; no reverse shock,observer time and frequency,1.00000000e+08,1.00000000e+01,flux_density_cgs,4.05503003e-30,5.15656186e-03,1.87996650e-02,broad-band broad-time FS synchrotron grid; ratios are assumption-audit diagnostics
fs_synch_common_minimum,VegasAfterglow,2.0.5,PyPI VegasAfterglow==2.0.5,broad-band top-hat on-axis forward-shock synchrotron; uniform medium; E_iso=1e52 erg; Gamma0=300; theta_j=0.1 rad; n=1 cm^-3; epsilon_e=0.1; epsilon_B=1e-3; p=2.3; xi_e=0.1; z=0.1; d_L=1e26 cm; no spreading; no SSC; no reverse shock,observer time and frequency,1.00000000e+08,3.16227766e+01,flux_density_cgs,2.74124322e-29,9.94605269e-03,1.87996650e-02,broad-band broad-time FS synchrotron grid; ratios are assumption-audit diagnostics
fs_synch_common_minimum,VegasAfterglow,2.0.5,PyPI VegasAfterglow==2.0.5,broad-band top-hat on-axis forward-shock synchrotron; uniform medium; E_iso=1e52 erg; Gamma0=300; theta_j=0.1 rad; n=1 cm^-3; epsilon_e=0.1; epsilon_B=1e-3; p=2.3; xi_e=0.1; z=0.1; d_L=1e26 cm; no spreading; no SSC; no reverse shock,observer time and frequency,1.00000000e+08,1.00000000e+02,flux_density_cgs,1.53894940e-28,3.58744881e-02,1.87996650e-02,broad-band broad-time FS synchrotron grid; ratios are assumption-audit diagnostics
fs_synch_common_minimum,VegasAfterglow,2.0.5,PyPI VegasAfterglow==2.0.5,broad-band top-hat on-axis forward-shock synchrotron; uniform medium; E_iso=1e52 erg; Gamma0=300; theta_j=0.1 rad; n=1 cm^-3; epsilon_e=0.1; epsilon_B=1e-3; p=2.3; xi_e=0.1; z=0.1; d_L=1e26 cm; no spreading; no SSC; no reverse shock,observer time and frequency,1.00000000e+08,3.16227766e+02,flux_density_cgs,7.01738094e-28,7.44931876e-02,1.87996650e-02,broad-band broad-time FS synchrotron grid; ratios are assumption-audit diagnostics
fs_synch_common_minimum,VegasAfterglow,2.0.5,PyPI VegasAfterglow==2.0.5,broad-band top-hat on-axis forward-shock synchrotron; uniform medium; E_iso=1e52 erg; Gamma0=300; theta_j=0.1 rad; n=1 cm^-3; epsilon_e=0.1; epsilon_B=1e-3; p=2.3; xi_e=0.1; z=0.1; d_L=1e26 cm; no spreading; no SSC; no reverse shock,observer time and frequency,1.00000000e+08,1.00000000e+03,flux_density_cgs,2.65816582e-27,1.54034895e-01,1.87996650e-02,broad-band broad-time FS synchrotron grid; ratios are assumption-audit diagnostics
fs_synch_common_minimum,VegasAfterglow,2.0.5,PyPI VegasAfterglow==2.0.5,broad-band top-hat on-axis forward-shock synchrotron; uniform medium; E_iso=1e52 erg; Gamma0=300; theta_j=0.1 rad; n=1 cm^-3; epsilon_e=0.1; epsilon_B=1e-3; p=2.3; xi_e=0.1; z=0.1; d_L=1e26 cm; no spreading; no SSC; no reverse shock,observer time and frequency,1.00000000e+08,3.16227766e+03,flux_density_cgs,8.35541506e-27,2.74754185e-01,1.87996650e-02,broad-band broad-time FS synchrotron grid; ratios are assumption-audit diagnostics
fs_synch_common_minimum,VegasAfterglow,2.0.5,PyPI VegasAfterglow==2.0.5,broad-band top-hat on-axis forward-shock synchrotron; uniform medium; E_iso=1e52 erg; Gamma0=300; theta_j=0.1 rad; n=1 cm^-3; epsilon_e=0.1; epsilon_B=1e-3; p=2.3; xi_e=0.1; z=0.1; d_L=1e26 cm; no spreading; no SSC; no reverse shock,observer time and frequency,1.00000000e+08,1.00000000e+04,flux_density_cgs,2.19177970e-26,4.21837379e-01,1.87996650e-02,broad-band broad-time FS synchrotron grid; ratios are assumption-audit diagnostics
fs_synch_common_minimum,VegasAfterglow,2.0.5,PyPI VegasAfterglow==2.0.5,broad-band top-hat on-axis forward-shock synchrotron; uniform medium; E_iso=1e52 erg; Gamma0=300; theta_j=0.1 rad; n=1 cm^-3; epsilon_e=0.1; epsilon_B=1e-3; p=2.3; xi_e=0.1; z=0.1; d_L=1e26 cm; no spreading; no SSC; no reverse shock,observer time and frequency,1.00000000e+08,3.16227766e+04,flux_density_cgs,4.76973355e-26,5.41619908e-01,1.87996650e-02,broad-band broad-time FS synchrotron grid; ratios are assumption-audit diagnostics
fs_synch_common_minimum,VegasAfterglow,2.0.5,PyPI VegasAfterglow==2.0.5,broad-band top-hat on-axis forward-shock synchrotron; uniform medium; E_iso=1e52 erg; Gamma0=300; theta_j=0.1 rad; n=1 cm^-3; epsilon_e=0.1; epsilon_B=1e-3; p=2.3; xi_e=0.1; z=0.1; d_L=1e26 cm; no spreading; no SSC; no reverse shock,observer time and frequency,1.00000000e+08,1.00000000e+05,flux_density_cgs,6.02421817e-26,5.85544470e-01,1.87996650e-02,broad-band broad-time FS synchrotron grid; ratios are assumption-audit diagnostics
fs_synch_common_minimum,VegasAfterglow,2.0.5,PyPI VegasAfterglow==2.0.5,broad-band top-hat on-axis forward-shock synchrotron; uniform medium; E_iso=1e52 erg; Gamma0=300; theta_j=0.1 rad; n=1 cm^-3; epsilon_e=0.1; epsilon_B=1e-3; p=2.3; xi_e=0.1; z=0.1; d_L=1e26 cm; no spreading; no SSC; no reverse shock,observer time and frequency,1.00000000e+08,3.16227766e+05,flux_density_cgs,5.21829264e-26,6.01076744e-01,1.87996650e-02,broad-band broad-time FS synchrotron grid; ratios are assumption-audit diagnostics
fs_synch_common_minimum,VegasAfterglow,2.0.5,PyPI VegasAfterglow==2.0.5,broad-band top-hat on-axis forward-shock synchrotron; uniform medium; E_iso=1e52 erg; Gamma0=300; theta_j=0.1 rad; n=1 cm^-3; epsilon_e=0.1; epsilon_B=1e-3; p=2.3; xi_e=0.1; z=0.1; d_L=1e26 cm; no spreading; no SSC; no reverse shock,observer time and frequency,1.00000000e+08,1.00000000e+06,flux_density_cgs,3.92519592e-26,5.41928473e-01,1.87996650e-02,broad-band broad-time FS synchrotron grid; ratios are assumption-audit diagnostics
fs_synch_common_minimum,VegasAfterglow,2.0.5,PyPI VegasAfterglow==2.0.5,broad-band top-hat on-axis forward-shock synchrotron; uniform medium; E_iso=1e52 erg; Gamma0=300; theta_j=0.1 rad; n=1 cm^-3; epsilon_e=0.1; epsilon_B=1e-3; p=2.3; xi_e=0.1; z=0.1; d_L=1e26 cm; no spreading; no SSC; no reverse shock,observer time and frequency,1.00000000e+08,3.16227766e+06,flux_density_cgs,2.42319284e-26,3.80982440e-01,1.87996650e-02,broad-band broad-time FS synchrotron grid; ratios are assumption-audit diagnostics
fs_synch_common_minimum,VegasAfterglow,2.0.5,PyPI VegasAfterglow==2.0.5,broad-band top-hat on-axis forward-shock synchrotron; uniform medium; E_iso=1e52 erg; Gamma0=300; theta_j=0.1 rad; n=1 cm^-3; epsilon_e=0.1; epsilon_B=1e-3; p=2.3; xi_e=0.1; z=0.1; d_L=1e26 cm; no spreading; no SSC; no reverse shock,observer time and frequency,1.00000000e+08,1.00000000e+07,flux_density_cgs,1.15509232e-26,2.56802016e-01,1.87996650e-02,broad-band broad-time FS synchrotron grid; ratios are assumption-audit diagnostics
fs_synch_common_minimum,VegasAfterglow,2.0.5,PyPI VegasAfterglow==2.0.5,broad-band top-hat on-axis forward-shock synchrotron; uniform medium; E_iso=1e52 erg; Gamma0=300; theta_j=0.1 rad; n=1 cm^-3; epsilon_e=0.1; epsilon_B=1e-3; p=2.3; xi_e=0.1; z=0.1; d_L=1e26 cm; no spreading; no SSC; no reverse shock,observer time and frequency,1.00000000e+08,3.16227766e+07,flux_density_cgs,1.55792981e-26,6.23540784e-01,1.87996650e-02,broad-band broad-time FS synchrotron grid; ratios are assumption-audit diagnostics
fs_synch_common_minimum,VegasAfterglow,2.0.5,PyPI VegasAfterglow==2.0.5,broad-band top-hat on-axis forward-shock synchrotron; uniform medium; E_iso=1e52 erg; Gamma0=300; theta_j=0.1 rad; n=1 cm^-3; epsilon_e=0.1; epsilon_B=1e-3; p=2.3; xi_e=0.1; z=0.1; d_L=1e26 cm; no spreading; no SSC; no reverse shock,observer time and frequency,1.00000000e+08,1.00000000e+08,flux_density_cgs,2.13493227e-26,8.67816337e-01,1.87996650e-02,broad-band broad-time FS synchrotron grid; ratios are assumption-audit diagnostics
fs_synch_common_minimum,VegasAfterglow,2.0.5,PyPI VegasAfterglow==2.0.5,broad-band top-hat on-axis forward-shock synchrotron; uniform medium; E_iso=1e52 erg; Gamma0=300; theta_j=0.1 rad; n=1 cm^-3; epsilon_e=0.1; epsilon_B=1e-3; p=2.3; xi_e=0.1; z=0.1; d_L=1e26 cm; no spreading; no SSC; no reverse shock,observer time and frequency,1.00000000e+09,1.00000000e+00,flux_density_cgs,7.17599083e-31,2.25274754e-01,1.87996650e-02,broad-band broad-time FS synchrotron grid; ratios are assumption-audit diagnostics
fs_synch_common_minimum,VegasAfterglow,2.0.5,PyPI VegasAfterglow==2.0.5,broad-band top-hat on-axis forward-shock synchrotron; uniform medium; E_iso=1e52 erg; Gamma0=300; theta_j=0.1 rad; n=1 cm^-3; epsilon_e=0.1; epsilon_B=1e-3; p=2.3; xi_e=0.1; z=0.1; d_L=1e26 cm; no spreading; no SSC; no reverse shock,observer time and frequency,1.00000000e+09,3.16227766e+00,flux_density_cgs,2.72041451e-29,2.32389038e-01,1.87996650e-02,broad-band broad-time FS synchrotron grid; ratios are assumption-audit diagnostics
fs_synch_common_minimum,VegasAfterglow,2.0.5,PyPI VegasAfterglow==2.0.5,broad-band top-hat on-axis forward-shock synchrotron; uniform medium; E_iso=1e52 erg; Gamma0=300; theta_j=0.1 rad; n=1 cm^-3; epsilon_e=0.1; epsilon_B=1e-3; p=2.3; xi_e=0.1; z=0.1; d_L=1e26 cm; no spreading; no SSC; no reverse shock,observer time and frequency,1.00000000e+09,1.00000000e+01,flux_density_cgs,3.94908779e-28,9.36073421e-02,1.87996650e-02,broad-band broad-time FS synchrotron grid; ratios are assumption-audit diagnostics
fs_synch_common_minimum,VegasAfterglow,2.0.5,PyPI VegasAfterglow==2.0.5,broad-band top-hat on-axis forward-shock synchrotron; uniform medium; E_iso=1e52 erg; Gamma0=300; theta_j=0.1 rad; n=1 cm^-3; epsilon_e=0.1; epsilon_B=1e-3; p=2.3; xi_e=0.1; z=0.1; d_L=1e26 cm; no spreading; no SSC; no reverse shock,observer time and frequency,1.00000000e+09,3.16227766e+01,flux_density_cgs,2.34336383e-27,1.28176046e-01,1.87996650e-02,broad-band broad-time FS synchrotron grid; ratios are assumption-audit diagnostics
fs_synch_common_minimum,VegasAfterglow,2.0.5,PyPI VegasAfterglow==2.0.5,broad-band top-hat on-axis forward-shock synchrotron; uniform medium; E_iso=1e52 erg; Gamma0=300; theta_j=0.1 rad; n=1 cm^-3; epsilon_e=0.1; epsilon_B=1e-3; p=2.3; xi_e=0.1; z=0.1; d_L=1e26 cm; no spreading; no SSC; no reverse shock,observer time and frequency,1.00000000e+09,1.00000000e+02,flux_density_cgs,8.61333855e-27,4.59547567e-01,1.87996650e-02,broad-band broad-time FS synchrotron grid; ratios are assumption-audit diagnostics
fs_synch_common_minimum,VegasAfterglow,2.0.5,PyPI VegasAfterglow==2.0.5,broad-band top-hat on-axis forward-shock synchrotron; uniform medium; E_iso=1e52 erg; Gamma0=300; theta_j=0.1 rad; n=1 cm^-3; epsilon_e=0.1; epsilon_B=1e-3; p=2.3; xi_e=0.1; z=0.1; d_L=1e26 cm; no spreading; no SSC; no reverse shock,observer time and frequency,1.00000000e+09,3.16227766e+02,flux_density_cgs,2.01059210e-26,6.19279342e-01,1.87996650e-02,broad-band broad-time FS synchrotron grid; ratios are assumption-audit diagnostics
fs_synch_common_minimum,VegasAfterglow,2.0.5,PyPI VegasAfterglow==2.0.5,broad-band top-hat on-axis forward-shock synchrotron; uniform medium; E_iso=1e52 erg; Gamma0=300; theta_j=0.1 rad; n=1 cm^-3; epsilon_e=0.1; epsilon_B=1e-3; p=2.3; xi_e=0.1; z=0.1; d_L=1e26 cm; no spreading; no SSC; no reverse shock,observer time and frequency,1.00000000e+09,1.00000000e+03,flux_density_cgs,3.92560152e-26,7.73773124e-01,1.87996650e-02,broad-band broad-time FS synchrotron grid; ratios are assumption-audit diagnostics
fs_synch_common_minimum,VegasAfterglow,2.0.5,PyPI VegasAfterglow==2.0.5,broad-band top-hat on-axis forward-shock synchrotron; uniform medium; E_iso=1e52 erg; Gamma0=300; theta_j=0.1 rad; n=1 cm^-3; epsilon_e=0.1; epsilon_B=1e-3; p=2.3; xi_e=0.1; z=0.1; d_L=1e26 cm; no spreading; no SSC; no reverse shock,observer time and frequency,1.00000000e+09,3.16227766e+03,flux_density_cgs,7.31223011e-26,8.85218613e-01,1.87996650e-02,broad-band broad-time FS synchrotron grid; ratios are assumption-audit diagnostics
fs_synch_common_minimum,VegasAfterglow,2.0.5,PyPI VegasAfterglow==2.0.5,broad-band top-hat on-axis forward-shock synchrotron; uniform medium; E_iso=1e52 erg; Gamma0=300; theta_j=0.1 rad; n=1 cm^-3; epsilon_e=0.1; epsilon_B=1e-3; p=2.3; xi_e=0.1; z=0.1; d_L=1e26 cm; no spreading; no SSC; no reverse shock,observer time and frequency,1.00000000e+09,1.00000000e+04,flux_density_cgs,1.34885520e-25,9.70934326e-01,1.87996650e-02,broad-band broad-time FS synchrotron grid; ratios are assumption-audit diagnostics
fs_synch_common_minimum,VegasAfterglow,2.0.5,PyPI VegasAfterglow==2.0.5,broad-band top-hat on-axis forward-shock synchrotron; uniform medium; E_iso=1e52 erg; Gamma0=300; theta_j=0.1 rad; n=1 cm^-3; epsilon_e=0.1; epsilon_B=1e-3; p=2.3; xi_e=0.1; z=0.1; d_L=1e26 cm; no spreading; no SSC; no reverse shock,observer time and frequency,1.00000000e+09,3.16227766e+04,flux_density_cgs,2.44951926e-25,1.04869928e+00,1.87996650e-02,broad-band broad-time FS synchrotron grid; ratios are assumption-audit diagnostics
fs_synch_common_minimum,VegasAfterglow,2.0.5,PyPI VegasAfterglow==2.0.5,broad-band top-hat on-axis forward-shock synchrotron; uniform medium; E_iso=1e52 erg; Gamma0=300; theta_j=0.1 rad; n=1 cm^-3; epsilon_e=0.1; epsilon_B=1e-3; p=2.3; xi_e=0.1; z=0.1; d_L=1e26 cm; no spreading; no SSC; no reverse shock,observer time and frequency,1.00000000e+09,1.00000000e+05,flux_density_cgs,3.27965215e-25,1.17202793e+00,1.87996650e-02,broad-band broad-time FS synchrotron grid; ratios are assumption-audit diagnostics
fs_synch_common_minimum,VegasAfterglow,2.0.5,PyPI VegasAfterglow==2.0.5,broad-band top-hat on-axis forward-shock synchrotron; uniform medium; E_iso=1e52 erg; Gamma0=300; theta_j=0.1 rad; n=1 cm^-3; epsilon_e=0.1; epsilon_B=1e-3; p=2.3; xi_e=0.1; z=0.1; d_L=1e26 cm; no spreading; no SSC; no reverse shock,observer time and frequency,1.00000000e+09,3.16227766e+05,flux_density_cgs,3.26811359e-25,1.27278170e+00,1.87996650e-02,broad-band broad-time FS synchrotron grid; ratios are assumption-audit diagnostics
fs_synch_common_minimum,VegasAfterglow,2.0.5,PyPI VegasAfterglow==2.0.5,broad-band top-hat on-axis forward-shock synchrotron; uniform medium; E_iso=1e52 erg; Gamma0=300; theta_j=0.1 rad; n=1 cm^-3; epsilon_e=0.1; epsilon_B=1e-3; p=2.3; xi_e=0.1; z=0.1; d_L=1e26 cm; no spreading; no SSC; no reverse shock,observer time and frequency,1.00000000e+09,1.00000000e+06,flux_density_cgs,3.15622305e-25,1.35034271e+00,1.87996650e-02,broad-band broad-time FS synchrotron grid; ratios are assumption-audit diagnostics
fs_synch_common_minimum,VegasAfterglow,2.0.5,PyPI VegasAfterglow==2.0.5,broad-band top-hat on-axis forward-shock synchrotron; uniform medium; E_iso=1e52 erg; Gamma0=300; theta_j=0.1 rad; n=1 cm^-3; epsilon_e=0.1; epsilon_B=1e-3; p=2.3; xi_e=0.1; z=0.1; d_L=1e26 cm; no spreading; no SSC; no reverse shock,observer time and frequency,1.00000000e+09,3.16227766e+06,flux_density_cgs,2.96549011e-25,1.32157021e+00,1.87996650e-02,broad-band broad-time FS synchrotron grid; ratios are assumption-audit diagnostics
fs_synch_common_minimum,VegasAfterglow,2.0.5,PyPI VegasAfterglow==2.0.5,broad-band top-hat on-axis forward-shock synchrotron; uniform medium; E_iso=1e52 erg; Gamma0=300; theta_j=0.1 rad; n=1 cm^-3; epsilon_e=0.1; epsilon_B=1e-3; p=2.3; xi_e=0.1; z=0.1; d_L=1e26 cm; no spreading; no SSC; no reverse shock,observer time and frequency,1.00000000e+09,1.00000000e+07,flux_density_cgs,1.91222537e-25,1.13188376e+00,1.87996650e-02,broad-band broad-time FS synchrotron grid; ratios are assumption-audit diagnostics
fs_synch_common_minimum,VegasAfterglow,2.0.5,PyPI VegasAfterglow==2.0.5,broad-band top-hat on-axis forward-shock synchrotron; uniform medium; E_iso=1e52 erg; Gamma0=300; theta_j=0.1 rad; n=1 cm^-3; epsilon_e=0.1; epsilon_B=1e-3; p=2.3; xi_e=0.1; z=0.1; d_L=1e26 cm; no spreading; no SSC; no reverse shock,observer time and frequency,1.00000000e+09,3.16227766e+07,flux_density_cgs,5.22018041e-26,9.25010303e-01,1.87996650e-02,broad-band broad-time FS synchrotron grid; ratios are assumption-audit diagnostics
fs_synch_common_minimum,VegasAfterglow,2.0.5,PyPI VegasAfterglow==2.0.5,broad-band top-hat on-axis forward-shock synchrotron; uniform medium; E_iso=1e52 erg; Gamma0=300; theta_j=0.1 rad; n=1 cm^-3; epsilon_e=0.1; epsilon_B=1e-3; p=2.3; xi_e=0.1; z=0.1; d_L=1e26 cm; no spreading; no SSC; no reverse shock,observer time and frequency,1.00000000e+09,1.00000000e+08,flux_density_cgs,1.07056497e-26,7.87187194e-01,1.87996650e-02,broad-band broad-time FS synchrotron grid; ratios are assumption-audit diagnostics
fs_synch_common_minimum,VegasAfterglow,2.0.5,PyPI VegasAfterglow==2.0.5,broad-band top-hat on-axis forward-shock synchrotron; uniform medium; E_iso=1e52 erg; Gamma0=300; theta_j=0.1 rad; n=1 cm^-3; epsilon_e=0.1; epsilon_B=1e-3; p=2.3; xi_e=0.1; z=0.1; d_L=1e26 cm; no spreading; no SSC; no reverse shock,observer time and frequency,1.00000000e+10,1.00000000e+00,flux_density_cgs,2.85224152e-29,4.15314540e+00,1.87996650e-02,broad-band broad-time FS synchrotron grid; ratios are assumption-audit diagnostics
fs_synch_common_minimum,VegasAfterglow,2.0.5,PyPI VegasAfterglow==2.0.5,broad-band top-hat on-axis forward-shock synchrotron; uniform medium; E_iso=1e52 erg; Gamma0=300; theta_j=0.1 rad; n=1 cm^-3; epsilon_e=0.1; epsilon_B=1e-3; p=2.3; xi_e=0.1; z=0.1; d_L=1e26 cm; no spreading; no SSC; no reverse shock,observer time and frequency,1.00000000e+10,3.16227766e+00,flux_density_cgs,1.05382163e-27,4.16190530e+00,1.87996650e-02,broad-band broad-time FS synchrotron grid; ratios are assumption-audit diagnostics
fs_synch_common_minimum,VegasAfterglow,2.0.5,PyPI VegasAfterglow==2.0.5,broad-band top-hat on-axis forward-shock synchrotron; uniform medium; E_iso=1e52 erg; Gamma0=300; theta_j=0.1 rad; n=1 cm^-3; epsilon_e=0.1; epsilon_B=1e-3; p=2.3; xi_e=0.1; z=0.1; d_L=1e26 cm; no spreading; no SSC; no reverse shock,observer time and frequency,1.00000000e+10,1.00000000e+01,flux_density_cgs,6.35639846e-27,6.81939099e-01,1.87996650e-02,broad-band broad-time FS synchrotron grid; ratios are assumption-audit diagnostics
fs_synch_common_minimum,VegasAfterglow,2.0.5,PyPI VegasAfterglow==2.0.5,broad-band top-hat on-axis forward-shock synchrotron; uniform medium; E_iso=1e52 erg; Gamma0=300; theta_j=0.1 rad; n=1 cm^-3; epsilon_e=0.1; epsilon_B=1e-3; p=2.3; xi_e=0.1; z=0.1; d_L=1e26 cm; no spreading; no SSC; no reverse shock,observer time and frequency,1.00000000e+10,3.16227766e+01,flux_density_cgs,1.28000547e-26,3.13682279e-01,1.87996650e-02,broad-band broad-time FS synchrotron grid; ratios are assumption-audit diagnostics
fs_synch_common_minimum,VegasAfterglow,2.0.5,PyPI VegasAfterglow==2.0.5,broad-band top-hat on-axis forward-shock synchrotron; uniform medium; E_iso=1e52 erg; Gamma0=300; theta_j=0.1 rad; n=1 cm^-3; epsilon_e=0.1; epsilon_B=1e-3; p=2.3; xi_e=0.1; z=0.1; d_L=1e26 cm; no spreading; no SSC; no reverse shock,observer time and frequency,1.00000000e+10,1.00000000e+02,flux_density_cgs,2.51483655e-26,6.10596106e-01,1.87996650e-02,broad-band broad-time FS synchrotron grid; ratios are assumption-audit diagnostics
fs_synch_common_minimum,VegasAfterglow,2.0.5,PyPI VegasAfterglow==2.0.5,broad-band top-hat on-axis forward-shock synchrotron; uniform medium; E_iso=1e52 erg; Gamma0=300; theta_j=0.1 rad; n=1 cm^-3; epsilon_e=0.1; epsilon_B=1e-3; p=2.3; xi_e=0.1; z=0.1; d_L=1e26 cm; no spreading; no SSC; no reverse shock,observer time and frequency,1.00000000e+10,3.16227766e+02,flux_density_cgs,4.71813857e-26,6.67132814e-01,1.87996650e-02,broad-band broad-time FS synchrotron grid; ratios are assumption-audit diagnostics
fs_synch_common_minimum,VegasAfterglow,2.0.5,PyPI VegasAfterglow==2.0.5,broad-band top-hat on-axis forward-shock synchrotron; uniform medium; E_iso=1e52 erg; Gamma0=300; theta_j=0.1 rad; n=1 cm^-3; epsilon_e=0.1; epsilon_B=1e-3; p=2.3; xi_e=0.1; z=0.1; d_L=1e26 cm; no spreading; no SSC; no reverse shock,observer time and frequency,1.00000000e+10,1.00000000e+03,flux_density_cgs,8.69202373e-26,7.89855895e-01,1.87996650e-02,broad-band broad-time FS synchrotron grid; ratios are assumption-audit diagnostics
fs_synch_common_minimum,VegasAfterglow,2.0.5,PyPI VegasAfterglow==2.0.5,broad-band top-hat on-axis forward-shock synchrotron; uniform medium; E_iso=1e52 erg; Gamma0=300; theta_j=0.1 rad; n=1 cm^-3; epsilon_e=0.1; epsilon_B=1e-3; p=2.3; xi_e=0.1; z=0.1; d_L=1e26 cm; no spreading; no SSC; no reverse shock,observer time and frequency,1.00000000e+10,3.16227766e+03,flux_density_cgs,1.59293182e-25,8.90085562e-01,1.87996650e-02,broad-band broad-time FS synchrotron grid; ratios are assumption-audit diagnostics
fs_synch_common_minimum,VegasAfterglow,2.0.5,PyPI VegasAfterglow==2.0.5,broad-band top-hat on-axis forward-shock synchrotron; uniform medium; E_iso=1e52 erg; Gamma0=300; theta_j=0.1 rad; n=1 cm^-3; epsilon_e=0.1; epsilon_B=1e-3; p=2.3; xi_e=0.1; z=0.1; d_L=1e26 cm; no spreading; no SSC; no reverse shock,observer time and frequency,1.00000000e+10,1.00000000e+04,flux_density_cgs,2.92260168e-25,9.72110943e-01,1.87996650e-02,broad-band broad-time FS synchrotron grid; ratios are assumption-audit diagnostics
fs_synch_common_minimum,VegasAfterglow,2.0.5,PyPI VegasAfterglow==2.0.5,broad-band top-hat on-axis forward-shock synchrotron; uniform medium; E_iso=1e52 erg; Gamma0=300; theta_j=0.1 rad; n=1 cm^-3; epsilon_e=0.1; epsilon_B=1e-3; p=2.3; xi_e=0.1; z=0.1; d_L=1e26 cm; no spreading; no SSC; no reverse shock,observer time and frequency,1.00000000e+10,3.16227766e+04,flux_density_cgs,5.29524015e-25,1.04896687e+00,1.87996650e-02,broad-band broad-time FS synchrotron grid; ratios are assumption-audit diagnostics
fs_synch_common_minimum,VegasAfterglow,2.0.5,PyPI VegasAfterglow==2.0.5,broad-band top-hat on-axis forward-shock synchrotron; uniform medium; E_iso=1e52 erg; Gamma0=300; theta_j=0.1 rad; n=1 cm^-3; epsilon_e=0.1; epsilon_B=1e-3; p=2.3; xi_e=0.1; z=0.1; d_L=1e26 cm; no spreading; no SSC; no reverse shock,observer time and frequency,1.00000000e+10,1.00000000e+05,flux_density_cgs,7.07017369e-25,1.17217029e+00,1.87996650e-02,broad-band broad-time FS synchrotron grid; ratios are assumption-audit diagnostics
fs_synch_common_minimum,VegasAfterglow,2.0.5,PyPI VegasAfterglow==2.0.5,broad-band top-hat on-axis forward-shock synchrotron; uniform medium; E_iso=1e52 erg; Gamma0=300; theta_j=0.1 rad; n=1 cm^-3; epsilon_e=0.1; epsilon_B=1e-3; p=2.3; xi_e=0.1; z=0.1; d_L=1e26 cm; no spreading; no SSC; no reverse shock,observer time and frequency,1.00000000e+10,3.16227766e+05,flux_density_cgs,6.90860978e-25,1.27086721e+00,1.87996650e-02,broad-band broad-time FS synchrotron grid; ratios are assumption-audit diagnostics
fs_synch_common_minimum,VegasAfterglow,2.0.5,PyPI VegasAfterglow==2.0.5,broad-band top-hat on-axis forward-shock synchrotron; uniform medium; E_iso=1e52 erg; Gamma0=300; theta_j=0.1 rad; n=1 cm^-3; epsilon_e=0.1; epsilon_B=1e-3; p=2.3; xi_e=0.1; z=0.1; d_L=1e26 cm; no spreading; no SSC; no reverse shock,observer time and frequency,1.00000000e+10,1.00000000e+06,flux_density_cgs,5.85051440e-25,1.29802601e+00,1.87996650e-02,broad-band broad-time FS synchrotron grid; ratios are assumption-audit diagnostics
fs_synch_common_minimum,VegasAfterglow,2.0.5,PyPI VegasAfterglow==2.0.5,broad-band top-hat on-axis forward-shock synchrotron; uniform medium; E_iso=1e52 erg; Gamma0=300; theta_j=0.1 rad; n=1 cm^-3; epsilon_e=0.1; epsilon_B=1e-3; p=2.3; xi_e=0.1; z=0.1; d_L=1e26 cm; no spreading; no SSC; no reverse shock,observer time and frequency,1.00000000e+10,3.16227766e+06,flux_density_cgs,3.04367024e-25,1.09534346e+00,1.87996650e-02,broad-band broad-time FS synchrotron grid; ratios are assumption-audit diagnostics
fs_synch_common_minimum,VegasAfterglow,2.0.5,PyPI VegasAfterglow==2.0.5,broad-band top-hat on-axis forward-shock synchrotron; uniform medium; E_iso=1e52 erg; Gamma0=300; theta_j=0.1 rad; n=1 cm^-3; epsilon_e=0.1; epsilon_B=1e-3; p=2.3; xi_e=0.1; z=0.1; d_L=1e26 cm; no spreading; no SSC; no reverse shock,observer time and frequency,1.00000000e+10,1.00000000e+07,flux_density_cgs,7.08637307e-26,9.23256218e-01,1.87996650e-02,broad-band broad-time FS synchrotron grid; ratios are assumption-audit diagnostics
fs_synch_common_minimum,VegasAfterglow,2.0.5,PyPI VegasAfterglow==2.0.5,broad-band top-hat on-axis forward-shock synchrotron; uniform medium; E_iso=1e52 erg; Gamma0=300; theta_j=0.1 rad; n=1 cm^-3; epsilon_e=0.1; epsilon_B=1e-3; p=2.3; xi_e=0.1; z=0.1; d_L=1e26 cm; no spreading; no SSC; no reverse shock,observer time and frequency,1.00000000e+10,3.16227766e+07,flux_density_cgs,1.26851146e-26,8.26858393e-01,1.87996650e-02,broad-band broad-time FS synchrotron grid; ratios are assumption-audit diagnostics
fs_synch_common_minimum,VegasAfterglow,2.0.5,PyPI VegasAfterglow==2.0.5,broad-band top-hat on-axis forward-shock synchrotron; uniform medium; E_iso=1e52 erg; Gamma0=300; theta_j=0.1 rad; n=1 cm^-3; epsilon_e=0.1; epsilon_B=1e-3; p=2.3; xi_e=0.1; z=0.1; d_L=1e26 cm; no spreading; no SSC; no reverse shock,observer time and frequency,1.00000000e+10,1.00000000e+08,flux_density_cgs,2.41483890e-27,7.54374033e-01,1.87996650e-02,broad-band broad-time FS synchrotron grid; ratios are assumption-audit diagnostics
fs_synch_common_minimum,VegasAfterglow,2.0.5,PyPI VegasAfterglow==2.0.5,broad-band top-hat on-axis forward-shock synchrotron; uniform medium; E_iso=1e52 erg; Gamma0=300; theta_j=0.1 rad; n=1 cm^-3; epsilon_e=0.1; epsilon_B=1e-3; p=2.3; xi_e=0.1; z=0.1; d_L=1e26 cm; no spreading; no SSC; no reverse shock,observer time and frequency,1.00000000e+12,1.00000000e+00,flux_density_cgs,1.61122066e-28,5.05460092e+00,1.87996650e-02,broad-band broad-time FS synchrotron grid; ratios are assumption-audit diagnostics
fs_synch_common_minimum,VegasAfterglow,2.0.5,PyPI VegasAfterglow==2.0.5,broad-band top-hat on-axis forward-shock synchrotron; uniform medium; E_iso=1e52 erg; Gamma0=300; theta_j=0.1 rad; n=1 cm^-3; epsilon_e=0.1; epsilon_B=1e-3; p=2.3; xi_e=0.1; z=0.1; d_L=1e26 cm; no spreading; no SSC; no reverse shock,observer time and frequency,1.00000000e+12,3.16227766e+00,flux_density_cgs,5.78508392e-27,4.92229145e+00,1.87996650e-02,broad-band broad-time FS synchrotron grid; ratios are assumption-audit diagnostics
fs_synch_common_minimum,VegasAfterglow,2.0.5,PyPI VegasAfterglow==2.0.5,broad-band top-hat on-axis forward-shock synchrotron; uniform medium; E_iso=1e52 erg; Gamma0=300; theta_j=0.1 rad; n=1 cm^-3; epsilon_e=0.1; epsilon_B=1e-3; p=2.3; xi_e=0.1; z=0.1; d_L=1e26 cm; no spreading; no SSC; no reverse shock,observer time and frequency,1.00000000e+12,1.00000000e+01,flux_density_cgs,3.04480461e-26,7.03485912e-01,1.87996650e-02,broad-band broad-time FS synchrotron grid; ratios are assumption-audit diagnostics
fs_synch_common_minimum,VegasAfterglow,2.0.5,PyPI VegasAfterglow==2.0.5,broad-band top-hat on-axis forward-shock synchrotron; uniform medium; E_iso=1e52 erg; Gamma0=300; theta_j=0.1 rad; n=1 cm^-3; epsilon_e=0.1; epsilon_B=1e-3; p=2.3; xi_e=0.1; z=0.1; d_L=1e26 cm; no spreading; no SSC; no reverse shock,observer time and frequency,1.00000000e+12,3.16227766e+01,flux_density_cgs,5.96417774e-26,3.14722015e-01,1.87996650e-02,broad-band broad-time FS synchrotron grid; ratios are assumption-audit diagnostics
fs_synch_common_minimum,VegasAfterglow,2.0.5,PyPI VegasAfterglow==2.0.5,broad-band top-hat on-axis forward-shock synchrotron; uniform medium; E_iso=1e52 erg; Gamma0=300; theta_j=0.1 rad; n=1 cm^-3; epsilon_e=0.1; epsilon_B=1e-3; p=2.3; xi_e=0.1; z=0.1; d_L=1e26 cm; no spreading; no SSC; no reverse shock,observer time and frequency,1.00000000e+12,1.00000000e+02,flux_density_cgs,1.16756313e-25,6.10808836e-01,1.87996650e-02,broad-band broad-time FS synchrotron grid; ratios are assumption-audit diagnostics
fs_synch_common_minimum,VegasAfterglow,2.0.5,PyPI VegasAfterglow==2.0.5,broad-band top-hat on-axis forward-shock synchrotron; uniform medium; E_iso=1e52 erg; Gamma0=300; theta_j=0.1 rad; n=1 cm^-3; epsilon_e=0.1; epsilon_B=1e-3; p=2.3; xi_e=0.1; z=0.1; d_L=1e26 cm; no spreading; no SSC; no reverse shock,observer time and frequency,1.00000000e+12,3.16227766e+02,flux_density_cgs,2.18880803e-25,6.67263398e-01,1.87996650e-02,broad-band broad-time FS synchrotron grid; ratios are assumption-audit diagnostics
fs_synch_common_minimum,VegasAfterglow,2.0.5,PyPI VegasAfterglow==2.0.5,broad-band top-hat on-axis forward-shock synchrotron; uniform medium; E_iso=1e52 erg; Gamma0=300; theta_j=0.1 rad; n=1 cm^-3; epsilon_e=0.1; epsilon_B=1e-3; p=2.3; xi_e=0.1; z=0.1; d_L=1e26 cm; no spreading; no SSC; no reverse shock,observer time and frequency,1.00000000e+12,1.00000000e+03,flux_density_cgs,4.03016593e-25,7.90362255e-01,1.87996650e-02,broad-band broad-time FS synchrotron grid; ratios are assumption-audit diagnostics
fs_synch_common_minimum,VegasAfterglow,2.0.5,PyPI VegasAfterglow==2.0.5,broad-band top-hat on-axis forward-shock synchrotron; uniform medium; E_iso=1e52 erg; Gamma0=300; theta_j=0.1 rad; n=1 cm^-3; epsilon_e=0.1; epsilon_B=1e-3; p=2.3; xi_e=0.1; z=0.1; d_L=1e26 cm; no spreading; no SSC; no reverse shock,observer time and frequency,1.00000000e+12,3.16227766e+03,flux_density_cgs,7.37553304e-25,8.91542136e-01,1.87996650e-02,broad-band broad-time FS synchrotron grid; ratios are assumption-audit diagnostics
fs_synch_common_minimum,VegasAfterglow,2.0.5,PyPI VegasAfterglow==2.0.5,broad-band top-hat on-axis forward-shock synchrotron; uniform medium; E_iso=1e52 erg; Gamma0=300; theta_j=0.1 rad; n=1 cm^-3; epsilon_e=0.1; epsilon_B=1e-3; p=2.3; xi_e=0.1; z=0.1; d_L=1e26 cm; no spreading; no SSC; no reverse shock,observer time and frequency,1.00000000e+12,1.00000000e+04,flux_density_cgs,1.34525396e-24,9.75372430e-01,1.87996650e-02,broad-band broad-time FS synchrotron grid; ratios are assumption-audit diagnostics
fs_synch_common_minimum,VegasAfterglow,2.0.5,PyPI VegasAfterglow==2.0.5,broad-band top-hat on-axis forward-shock synchrotron; uniform medium; E_iso=1e52 erg; Gamma0=300; theta_j=0.1 rad; n=1 cm^-3; epsilon_e=0.1; epsilon_B=1e-3; p=2.3; xi_e=0.1; z=0.1; d_L=1e26 cm; no spreading; no SSC; no reverse shock,observer time and frequency,1.00000000e+12,3.16227766e+04,flux_density_cgs,2.36650788e-24,1.05094103e+00,1.87996650e-02,broad-band broad-time FS synchrotron grid; ratios are assumption-audit diagnostics
fs_synch_common_minimum,VegasAfterglow,2.0.5,PyPI VegasAfterglow==2.0.5,broad-band top-hat on-axis forward-shock synchrotron; uniform medium; E_iso=1e52 erg; Gamma0=300; theta_j=0.1 rad; n=1 cm^-3; epsilon_e=0.1; epsilon_B=1e-3; p=2.3; xi_e=0.1; z=0.1; d_L=1e26 cm; no spreading; no SSC; no reverse shock,observer time and frequency,1.00000000e+12,1.00000000e+05,flux_density_cgs,2.62834927e-24,1.12045414e+00,1.87996650e-02,broad-band broad-time FS synchrotron grid; ratios are assumption-audit diagnostics
fs_synch_common_minimum,VegasAfterglow,2.0.5,PyPI VegasAfterglow==2.0.5,broad-band top-hat on-axis forward-shock synchrotron; uniform medium; E_iso=1e52 erg; Gamma0=300; theta_j=0.1 rad; n=1 cm^-3; epsilon_e=0.1; epsilon_B=1e-3; p=2.3; xi_e=0.1; z=0.1; d_L=1e26 cm; no spreading; no SSC; no reverse shock,observer time and frequency,1.00000000e+12,3.16227766e+05,flux_density_cgs,1.13035364e-24,1.00962091e+00,1.87996650e-02,broad-band broad-time FS synchrotron grid; ratios are assumption-audit diagnostics
fs_synch_common_minimum,VegasAfterglow,2.0.5,PyPI VegasAfterglow==2.0.5,broad-band top-hat on-axis forward-shock synchrotron; uniform medium; E_iso=1e52 erg; Gamma0=300; theta_j=0.1 rad; n=1 cm^-3; epsilon_e=0.1; epsilon_B=1e-3; p=2.3; xi_e=0.1; z=0.1; d_L=1e26 cm; no spreading; no SSC; no reverse shock,observer time and frequency,1.00000000e+12,1.00000000e+06,flux_density_cgs,1.99545813e-25,9.54499382e-01,1.87996650e-02,broad-band broad-time FS synchrotron grid; ratios are assumption-audit diagnostics
fs_synch_common_minimum,VegasAfterglow,2.0.5,PyPI VegasAfterglow==2.0.5,broad-band top-hat on-axis forward-shock synchrotron; uniform medium; E_iso=1e52 erg; Gamma0=300; theta_j=0.1 rad; n=1 cm^-3; epsilon_e=0.1; epsilon_B=1e-3; p=2.3; xi_e=0.1; z=0.1; d_L=1e26 cm; no spreading; no SSC; no reverse shock,observer time and frequency,1.00000000e+12,3.16227766e+06,flux_density_cgs,2.69812604e-26,9.19351955e-01,1.87996650e-02,broad-band broad-time FS synchrotron grid; ratios are assumption-audit diagnostics
fs_synch_common_minimum,VegasAfterglow,2.0.5,PyPI VegasAfterglow==2.0.5,broad-band top-hat on-axis forward-shock synchrotron; uniform medium; E_iso=1e52 erg; Gamma0=300; theta_j=0.1 rad; n=1 cm^-3; epsilon_e=0.1; epsilon_B=1e-3; p=2.3; xi_e=0.1; z=0.1; d_L=1e26 cm; no spreading; no SSC; no reverse shock,observer time and frequency,1.00000000e+12,1.00000000e+07,flux_density_cgs,3.86758978e-27,8.74868889e-01,1.87996650e-02,broad-band broad-time FS synchrotron grid; ratios are assumption-audit diagnostics
fs_synch_common_minimum,VegasAfterglow,2.0.5,PyPI VegasAfterglow==2.0.5,broad-band top-hat on-axis forward-shock synchrotron; uniform medium; E_iso=1e52 erg; Gamma0=300; theta_j=0.1 rad; n=1 cm^-3; epsilon_e=0.1; epsilon_B=1e-3; p=2.3; xi_e=0.1; z=0.1; d_L=1e26 cm; no spreading; no SSC; no reverse shock,observer time and frequency,1.00000000e+12,3.16227766e+07,flux_density_cgs,6.37725372e-28,8.27345075e-01,1.87996650e-02,broad-band broad-time FS synchrotron grid; ratios are assumption-audit diagnostics
fs_synch_common_minimum,VegasAfterglow,2.0.5,PyPI VegasAfterglow==2.0.5,broad-band top-hat on-axis forward-shock synchrotron; uniform medium; E_iso=1e52 erg; Gamma0=300; theta_j=0.1 rad; n=1 cm^-3; epsilon_e=0.1; epsilon_B=1e-3; p=2.3; xi_e=0.1; z=0.1; d_L=1e26 cm; no spreading; no SSC; no reverse shock,observer time and frequency,1.00000000e+12,1.00000000e+08,flux_density_cgs,1.20037043e-28,7.78393462e-01,1.87996650e-02,broad-band broad-time FS synchrotron grid; ratios are assumption-audit diagnostics
fs_synch_common_minimum,VegasAfterglow,2.0.5,PyPI VegasAfterglow==2.0.5,broad-band top-hat on-axis forward-shock synchrotron; uniform medium; E_iso=1e52 erg; Gamma0=300; theta_j=0.1 rad; n=1 cm^-3; epsilon_e=0.1; epsilon_B=1e-3; p=2.3; xi_e=0.1; z=0.1; d_L=1e26 cm; no spreading; no SSC; no reverse shock,observer time and frequency,1.00000000e+14,1.00000000e+00,flux_density_cgs,7.47430540e-28,5.05482026e+00,1.87996650e-02,broad-band broad-time FS synchrotron grid; ratios are assumption-audit diagnostics
fs_synch_common_minimum,VegasAfterglow,2.0.5,PyPI VegasAfterglow==2.0.5,broad-band top-hat on-axis forward-shock synchrotron; uniform medium; E_iso=1e52 erg; Gamma0=300; theta_j=0.1 rad; n=1 cm^-3; epsilon_e=0.1; epsilon_B=1e-3; p=2.3; xi_e=0.1; z=0.1; d_L=1e26 cm; no spreading; no SSC; no reverse shock,observer time and frequency,1.00000000e+14,3.16227766e+00,flux_density_cgs,2.68103343e-26,4.91938693e+00,1.87996650e-02,broad-band broad-time FS synchrotron grid; ratios are assumption-audit diagnostics
fs_synch_common_minimum,VegasAfterglow,2.0.5,PyPI VegasAfterglow==2.0.5,broad-band top-hat on-axis forward-shock synchrotron; uniform medium; E_iso=1e52 erg; Gamma0=300; theta_j=0.1 rad; n=1 cm^-3; epsilon_e=0.1; epsilon_B=1e-3; p=2.3; xi_e=0.1; z=0.1; d_L=1e26 cm; no spreading; no SSC; no reverse shock,observer time and frequency,1.00000000e+14,1.00000000e+01,flux_density_cgs,1.41080043e-25,7.03712381e-01,1.87996650e-02,broad-band broad-time FS synchrotron grid; ratios are assumption-audit diagnostics
fs_synch_common_minimum,VegasAfterglow,2.0.5,PyPI VegasAfterglow==2.0.5,broad-band top-hat on-axis forward-shock synchrotron; uniform medium; E_iso=1e52 erg; Gamma0=300; theta_j=0.1 rad; n=1 cm^-3; epsilon_e=0.1; epsilon_B=1e-3; p=2.3; xi_e=0.1; z=0.1; d_L=1e26 cm; no spreading; no SSC; no reverse shock,observer time and frequency,1.00000000e+14,3.16227766e+01,flux_density_cgs,2.75855704e-25,3.15292757e-01,1.87996650e-02,broad-band broad-time FS synchrotron grid; ratios are assumption-audit diagnostics
fs_synch_common_minimum,VegasAfterglow,2.0.5,PyPI VegasAfterglow==2.0.5,broad-band top-hat on-axis forward-shock synchrotron; uniform medium; E_iso=1e52 erg; Gamma0=300; theta_j=0.1 rad; n=1 cm^-3; epsilon_e=0.1; epsilon_B=1e-3; p=2.3; xi_e=0.1; z=0.1; d_L=1e26 cm; no spreading; no SSC; no reverse shock,observer time and frequency,1.00000000e+14,1.00000000e+02,flux_density_cgs,5.38784068e-25,6.13902941e-01,1.87996650e-02,broad-band broad-time FS synchrotron grid; ratios are assumption-audit diagnostics
fs_synch_common_minimum,VegasAfterglow,2.0.5,PyPI VegasAfterglow==2.0.5,broad-band top-hat on-axis forward-shock synchrotron; uniform medium; E_iso=1e52 erg; Gamma0=300; theta_j=0.1 rad; n=1 cm^-3; epsilon_e=0.1; epsilon_B=1e-3; p=2.3; xi_e=0.1; z=0.1; d_L=1e26 cm; no spreading; no SSC; no reverse shock,observer time and frequency,1.00000000e+14,3.16227766e+02,flux_density_cgs,1.00537791e-24,6.72901760e-01,1.87996650e-02,broad-band broad-time FS synchrotron grid; ratios are assumption-audit diagnostics
fs_synch_common_minimum,VegasAfterglow,2.0.5,PyPI VegasAfterglow==2.0.5,broad-band top-hat on-axis forward-shock synchrotron; uniform medium; E_iso=1e52 erg; Gamma0=300; theta_j=0.1 rad; n=1 cm^-3; epsilon_e=0.1; epsilon_B=1e-3; p=2.3; xi_e=0.1; z=0.1; d_L=1e26 cm; no spreading; no SSC; no reverse shock,observer time and frequency,1.00000000e+14,1.00000000e+03,flux_density_cgs,1.82109172e-24,8.00705241e-01,1.87996650e-02,broad-band broad-time FS synchrotron grid; ratios are assumption-audit diagnostics
fs_synch_common_minimum,VegasAfterglow,2.0.5,PyPI VegasAfterglow==2.0.5,broad-band top-hat on-axis forward-shock synchrotron; uniform medium; E_iso=1e52 erg; Gamma0=300; theta_j=0.1 rad; n=1 cm^-3; epsilon_e=0.1; epsilon_B=1e-3; p=2.3; xi_e=0.1; z=0.1; d_L=1e26 cm; no spreading; no SSC; no reverse shock,observer time and frequency,1.00000000e+14,3.16227766e+03,flux_density_cgs,3.10989403e-24,8.96250696e-01,1.87996650e-02,broad-band broad-time FS synchrotron grid; ratios are assumption-audit diagnostics
fs_synch_common_minimum,VegasAfterglow,2.0.5,PyPI VegasAfterglow==2.0.5,broad-band top-hat on-axis forward-shock synchrotron; uniform medium; E_iso=1e52 erg; Gamma0=300; theta_j=0.1 rad; n=1 cm^-3; epsilon_e=0.1; epsilon_B=1e-3; p=2.3; xi_e=0.1; z=0.1; d_L=1e26 cm; no spreading; no SSC; no reverse shock,observer time and frequency,1.00000000e+14,1.00000000e+04,flux_density_cgs,4.32425127e-24,9.14187499e-01,1.87996650e-02,broad-band broad-time FS synchrotron grid; ratios are assumption-audit diagnostics
fs_synch_common_minimum,VegasAfterglow,2.0.5,PyPI VegasAfterglow==2.0.5,broad-band top-hat on-axis forward-shock synchrotron; uniform medium; E_iso=1e52 erg; Gamma0=300; theta_j=0.1 rad; n=1 cm^-3; epsilon_e=0.1; epsilon_B=1e-3; p=2.3; xi_e=0.1; z=0.1; d_L=1e26 cm; no spreading; no SSC; no reverse shock,observer time and frequency,1.00000000e+14,3.16227766e+04,flux_density_cgs,3.55724062e-24,8.72140255e-01,1.87996650e-02,broad-band broad-time FS synchrotron grid; ratios are assumption-audit diagnostics
fs_synch_common_minimum,VegasAfterglow,2.0.5,PyPI VegasAfterglow==2.0.5,broad-band top-hat on-axis forward-shock synchrotron; uniform medium; E_iso=1e52 erg; Gamma0=300; theta_j=0.1 rad; n=1 cm^-3; epsilon_e=0.1; epsilon_B=1e-3; p=2.3; xi_e=0.1; z=0.1; d_L=1e26 cm; no spreading; no SSC; no reverse shock,observer time and frequency,1.00000000e+14,1.00000000e+05,flux_density_cgs,7.97710224e-25,9.73303206e-01,1.87996650e-02,broad-band broad-time FS synchrotron grid; ratios are assumption-audit diagnostics
fs_synch_common_minimum,VegasAfterglow,2.0.5,PyPI VegasAfterglow==2.0.5,broad-band top-hat on-axis forward-shock synchrotron; uniform medium; E_iso=1e52 erg; Gamma0=300; theta_j=0.1 rad; n=1 cm^-3; epsilon_e=0.1; epsilon_B=1e-3; p=2.3; xi_e=0.1; z=0.1; d_L=1e26 cm; no spreading; no SSC; no reverse shock,observer time and frequency,1.00000000e+14,3.16227766e+05,flux_density_cgs,9.12333778e-26,1.03708366e+00,1.87996650e-02,broad-band broad-time FS synchrotron grid; ratios are assumption-audit diagnostics
fs_synch_common_minimum,VegasAfterglow,2.0.5,PyPI VegasAfterglow==2.0.5,broad-band top-hat on-axis forward-shock synchrotron; uniform medium; E_iso=1e52 erg; Gamma0=300; theta_j=0.1 rad; n=1 cm^-3; epsilon_e=0.1; epsilon_B=1e-3; p=2.3; xi_e=0.1; z=0.1; d_L=1e26 cm; no spreading; no SSC; no reverse shock,observer time and frequency,1.00000000e+14,1.00000000e+06,flux_density_cgs,1.04861719e-26,1.03596308e+00,1.87996650e-02,broad-band broad-time FS synchrotron grid; ratios are assumption-audit diagnostics
fs_synch_common_minimum,VegasAfterglow,2.0.5,PyPI VegasAfterglow==2.0.5,broad-band top-hat on-axis forward-shock synchrotron; uniform medium; E_iso=1e52 erg; Gamma0=300; theta_j=0.1 rad; n=1 cm^-3; epsilon_e=0.1; epsilon_B=1e-3; p=2.3; xi_e=0.1; z=0.1; d_L=1e26 cm; no spreading; no SSC; no reverse shock,observer time and frequency,1.00000000e+14,3.16227766e+06,flux_density_cgs,1.30507199e-27,1.00826587e+00,1.87996650e-02,broad-band broad-time FS synchrotron grid; ratios are assumption-audit diagnostics
fs_synch_common_minimum,VegasAfterglow,2.0.5,PyPI VegasAfterglow==2.0.5,broad-band top-hat on-axis forward-shock synchrotron; uniform medium; E_iso=1e52 erg; Gamma0=300; theta_j=0.1 rad; n=1 cm^-3; epsilon_e=0.1; epsilon_B=1e-3; p=2.3; xi_e=0.1; z=0.1; d_L=1e26 cm; no spreading; no SSC; no reverse shock,observer time and frequency,1.00000000e+14,1.00000000e+07,flux_density_cgs,1.82990869e-28,9.83126934e-01,1.87996650e-02,broad-band broad-time FS synchrotron grid; ratios are assumption-audit diagnostics
fs_synch_common_minimum,VegasAfterglow,2.0.5,PyPI VegasAfterglow==2.0.5,broad-band top-hat on-axis forward-shock synchrotron; uniform medium; E_iso=1e52 erg; Gamma0=300; theta_j=0.1 rad; n=1 cm^-3; epsilon_e=0.1; epsilon_B=1e-3; p=2.3; xi_e=0.1; z=0.1; d_L=1e26 cm; no spreading; no SSC; no reverse shock,observer time and frequency,1.00000000e+14,3.16227766e+07,flux_density_cgs,2.96950747e-29,9.65983074e-01,1.87996650e-02,broad-band broad-time FS synchrotron grid; ratios are assumption-audit diagnostics
fs_synch_common_minimum,VegasAfterglow,2.0.5,PyPI VegasAfterglow==2.0.5,broad-band top-hat on-axis forward-shock synchrotron; uniform medium; E_iso=1e52 erg; Gamma0=300; theta_j=0.1 rad; n=1 cm^-3; epsilon_e=0.1; epsilon_B=1e-3; p=2.3; xi_e=0.1; z=0.1; d_L=1e26 cm; no spreading; no SSC; no reverse shock,observer time and frequency,1.00000000e+14,1.00000000e+08,flux_density_cgs,5.49600414e-30,9.58197076e-01,1.87996650e-02,broad-band broad-time FS synchrotron grid; ratios are assumption-audit diagnostics
fs_synch_common_minimum,VegasAfterglow,2.0.5,PyPI VegasAfterglow==2.0.5,broad-band top-hat on-axis forward-shock synchrotron; uniform medium; E_iso=1e52 erg; Gamma0=300; theta_j=0.1 rad; n=1 cm^-3; epsilon_e=0.1; epsilon_B=1e-3; p=2.3; xi_e=0.1; z=0.1; d_L=1e26 cm; no spreading; no SSC; no reverse shock,observer time and frequency,5.00000000e+14,1.00000000e+00,flux_density_cgs,1.27703111e-27,5.05737076e+00,1.87996650e-02,broad-band broad-time FS synchrotron grid; ratios are assumption-audit diagnostics
fs_synch_common_minimum,VegasAfterglow,2.0.5,PyPI VegasAfterglow==2.0.5,broad-band top-hat on-axis forward-shock synchrotron; uniform medium; E_iso=1e52 erg; Gamma0=300; theta_j=0.1 rad; n=1 cm^-3; epsilon_e=0.1; epsilon_B=1e-3; p=2.3; xi_e=0.1; z=0.1; d_L=1e26 cm; no spreading; no SSC; no reverse shock,observer time and frequency,5.00000000e+14,3.16227766e+00,flux_density_cgs,4.57345579e-26,4.91689859e+00,1.87996650e-02,broad-band broad-time FS synchrotron grid; ratios are assumption-audit diagnostics
fs_synch_common_minimum,VegasAfterglow,2.0.5,PyPI VegasAfterglow==2.0.5,broad-band top-hat on-axis forward-shock synchrotron; uniform medium; E_iso=1e52 erg; Gamma0=300; theta_j=0.1 rad; n=1 cm^-3; epsilon_e=0.1; epsilon_B=1e-3; p=2.3; xi_e=0.1; z=0.1; d_L=1e26 cm; no spreading; no SSC; no reverse shock,observer time and frequency,5.00000000e+14,1.00000000e+01,flux_density_cgs,2.40518595e-25,7.04557103e-01,1.87996650e-02,broad-band broad-time FS synchrotron grid; ratios are assumption-audit diagnostics
fs_synch_common_minimum,VegasAfterglow,2.0.5,PyPI VegasAfterglow==2.0.5,broad-band top-hat on-axis forward-shock synchrotron; uniform medium; E_iso=1e52 erg; Gamma0=300; theta_j=0.1 rad; n=1 cm^-3; epsilon_e=0.1; epsilon_B=1e-3; p=2.3; xi_e=0.1; z=0.1; d_L=1e26 cm; no spreading; no SSC; no reverse shock,observer time and frequency,5.00000000e+14,3.16227766e+01,flux_density_cgs,4.69133397e-25,3.16788292e-01,1.87996650e-02,broad-band broad-time FS synchrotron grid; ratios are assumption-audit diagnostics
fs_synch_common_minimum,VegasAfterglow,2.0.5,PyPI VegasAfterglow==2.0.5,broad-band top-hat on-axis forward-shock synchrotron; uniform medium; E_iso=1e52 erg; Gamma0=300; theta_j=0.1 rad; n=1 cm^-3; epsilon_e=0.1; epsilon_B=1e-3; p=2.3; xi_e=0.1; z=0.1; d_L=1e26 cm; no spreading; no SSC; no reverse shock,observer time and frequency,5.00000000e+14,1.00000000e+02,flux_density_cgs,9.12361121e-25,6.20630783e-01,1.87996650e-02,broad-band broad-time FS synchrotron grid; ratios are assumption-audit diagnostics
fs_synch_common_minimum,VegasAfterglow,2.0.5,PyPI VegasAfterglow==2.0.5,broad-band top-hat on-axis forward-shock synchrotron; uniform medium; E_iso=1e52 erg; Gamma0=300; theta_j=0.1 rad; n=1 cm^-3; epsilon_e=0.1; epsilon_B=1e-3; p=2.3; xi_e=0.1; z=0.1; d_L=1e26 cm; no spreading; no SSC; no reverse shock,observer time and frequency,5.00000000e+14,3.16227766e+02,flux_density_cgs,1.68172176e-24,6.82874597e-01,1.87996650e-02,broad-band broad-time FS synchrotron grid; ratios are assumption-audit diagnostics
fs_synch_common_minimum,VegasAfterglow,2.0.5,PyPI VegasAfterglow==2.0.5,broad-band top-hat on-axis forward-shock synchrotron; uniform medium; E_iso=1e52 erg; Gamma0=300; theta_j=0.1 rad; n=1 cm^-3; epsilon_e=0.1; epsilon_B=1e-3; p=2.3; xi_e=0.1; z=0.1; d_L=1e26 cm; no spreading; no SSC; no reverse shock,observer time and frequency,5.00000000e+14,1.00000000e+03,flux_density_cgs,2.90344310e-24,8.08113799e-01,1.87996650e-02,broad-band broad-time FS synchrotron grid; ratios are assumption-audit diagnostics
fs_synch_common_minimum,VegasAfterglow,2.0.5,PyPI VegasAfterglow==2.0.5,broad-band top-hat on-axis forward-shock synchrotron; uniform medium; E_iso=1e52 erg; Gamma0=300; theta_j=0.1 rad; n=1 cm^-3; epsilon_e=0.1; epsilon_B=1e-3; p=2.3; xi_e=0.1; z=0.1; d_L=1e26 cm; no spreading; no SSC; no reverse shock,observer time and frequency,5.00000000e+14,3.16227766e+03,flux_density_cgs,4.15326616e-24,8.60249090e-01,1.87996650e-02,broad-band broad-time FS synchrotron grid; ratios are assumption-audit diagnostics
fs_synch_common_minimum,VegasAfterglow,2.0.5,PyPI VegasAfterglow==2.0.5,broad-band top-hat on-axis forward-shock synchrotron; uniform medium; E_iso=1e52 erg; Gamma0=300; theta_j=0.1 rad; n=1 cm^-3; epsilon_e=0.1; epsilon_B=1e-3; p=2.3; xi_e=0.1; z=0.1; d_L=1e26 cm; no spreading; no SSC; no reverse shock,observer time and frequency,5.00000000e+14,1.00000000e+04,flux_density_cgs,3.79807883e-24,8.38337263e-01,1.87996650e-02,broad-band broad-time FS synchrotron grid; ratios are assumption-audit diagnostics
fs_synch_common_minimum,VegasAfterglow,2.0.5,PyPI VegasAfterglow==2.0.5,broad-band top-hat on-axis forward-shock synchrotron; uniform medium; E_iso=1e52 erg; Gamma0=300; theta_j=0.1 rad; n=1 cm^-3; epsilon_e=0.1; epsilon_B=1e-3; p=2.3; xi_e=0.1; z=0.1; d_L=1e26 cm; no spreading; no SSC; no reverse shock,observer time and frequency,5.00000000e+14,3.16227766e+04,flux_density_cgs,1.85466307e-24,8.75813828e-01,1.87996650e-02,broad-band broad-time FS synchrotron grid; ratios are assumption-audit diagnostics
fs_synch_common_minimum,VegasAfterglow,2.0.5,PyPI VegasAfterglow==2.0.5,broad-band top-hat on-axis forward-shock synchrotron; uniform medium; E_iso=1e52 erg; Gamma0=300; theta_j=0.1 rad; n=1 cm^-3; epsilon_e=0.1; epsilon_B=1e-3; p=2.3; xi_e=0.1; z=0.1; d_L=1e26 cm; no spreading; no SSC; no reverse shock,observer time and frequency,5.00000000e+14,1.00000000e+05,flux_density_cgs,2.88956308e-25,1.04816699e+00,1.87996650e-02,broad-band broad-time FS synchrotron grid; ratios are assumption-audit diagnostics
fs_synch_common_minimum,VegasAfterglow,2.0.5,PyPI VegasAfterglow==2.0.5,broad-band top-hat on-axis forward-shock synchrotron; uniform medium; E_iso=1e52 erg; Gamma0=300; theta_j=0.1 rad; n=1 cm^-3; epsilon_e=0.1; epsilon_B=1e-3; p=2.3; xi_e=0.1; z=0.1; d_L=1e26 cm; no spreading; no SSC; no reverse shock,observer time and frequency,5.00000000e+14,3.16227766e+05,flux_density_cgs,3.10068077e-26,1.09652236e+00,1.87996650e-02,broad-band broad-time FS synchrotron grid; ratios are assumption-audit diagnostics
fs_synch_common_minimum,VegasAfterglow,2.0.5,PyPI VegasAfterglow==2.0.5,broad-band top-hat on-axis forward-shock synchrotron; uniform medium; E_iso=1e52 erg; Gamma0=300; theta_j=0.1 rad; n=1 cm^-3; epsilon_e=0.1; epsilon_B=1e-3; p=2.3; xi_e=0.1; z=0.1; d_L=1e26 cm; no spreading; no SSC; no reverse shock,observer time and frequency,5.00000000e+14,1.00000000e+06,flux_density_cgs,3.50508410e-27,1.10418067e+00,1.87996650e-02,broad-band broad-time FS synchrotron grid; ratios are assumption-audit diagnostics
fs_synch_common_minimum,VegasAfterglow,2.0.5,PyPI VegasAfterglow==2.0.5,broad-band top-hat on-axis forward-shock synchrotron; uniform medium; E_iso=1e52 erg; Gamma0=300; theta_j=0.1 rad; n=1 cm^-3; epsilon_e=0.1; epsilon_B=1e-3; p=2.3; xi_e=0.1; z=0.1; d_L=1e26 cm; no spreading; no SSC; no reverse shock,observer time and frequency,5.00000000e+14,3.16227766e+06,flux_density_cgs,4.30784572e-28,1.08869892e+00,1.87996650e-02,broad-band broad-time FS synchrotron grid; ratios are assumption-audit diagnostics
fs_synch_common_minimum,VegasAfterglow,2.0.5,PyPI VegasAfterglow==2.0.5,broad-band top-hat on-axis forward-shock synchrotron; uniform medium; E_iso=1e52 erg; Gamma0=300; theta_j=0.1 rad; n=1 cm^-3; epsilon_e=0.1; epsilon_B=1e-3; p=2.3; xi_e=0.1; z=0.1; d_L=1e26 cm; no spreading; no SSC; no reverse shock,observer time and frequency,5.00000000e+14,1.00000000e+07,flux_density_cgs,5.95311019e-29,1.08357618e+00,1.87996650e-02,broad-band broad-time FS synchrotron grid; ratios are assumption-audit diagnostics
fs_synch_common_minimum,VegasAfterglow,2.0.5,PyPI VegasAfterglow==2.0.5,broad-band top-hat on-axis forward-shock synchrotron; uniform medium; E_iso=1e52 erg; Gamma0=300; theta_j=0.1 rad; n=1 cm^-3; epsilon_e=0.1; epsilon_B=1e-3; p=2.3; xi_e=0.1; z=0.1; d_L=1e26 cm; no spreading; no SSC; no reverse shock,observer time and frequency,5.00000000e+14,3.16227766e+07,flux_density_cgs,9.49257648e-30,1.08753466e+00,1.87996650e-02,broad-band broad-time FS synchrotron grid; ratios are assumption-audit diagnostics
fs_synch_common_minimum,VegasAfterglow,2.0.5,PyPI VegasAfterglow==2.0.5,broad-band top-hat on-axis forward-shock synchrotron; uniform medium; E_iso=1e52 erg; Gamma0=300; theta_j=0.1 rad; n=1 cm^-3; epsilon_e=0.1; epsilon_B=1e-3; p=2.3; xi_e=0.1; z=0.1; d_L=1e26 cm; no spreading; no SSC; no reverse shock,observer time and frequency,5.00000000e+14,1.00000000e+08,flux_density_cgs,1.72334676e-30,1.10987010e+00,1.87996650e-02,broad-band broad-time FS synchrotron grid; ratios are assumption-audit diagnostics
fs_synch_common_minimum,VegasAfterglow,2.0.5,PyPI VegasAfterglow==2.0.5,broad-band top-hat on-axis forward-shock synchrotron; uniform medium; E_iso=1e52 erg; Gamma0=300; theta_j=0.1 rad; n=1 cm^-3; epsilon_e=0.1; epsilon_B=1e-3; p=2.3; xi_e=0.1; z=0.1; d_L=1e26 cm; no spreading; no SSC; no reverse shock,observer time and frequency,1.00000000e+17,1.00000000e+00,flux_density_cgs,7.29218380e-27,5.19035480e+00,1.87996650e-02,broad-band broad-time FS synchrotron grid; ratios are assumption-audit diagnostics
fs_synch_common_minimum,VegasAfterglow,2.0.5,PyPI VegasAfterglow==2.0.5,broad-band top-hat on-axis forward-shock synchrotron; uniform medium; E_iso=1e52 erg; Gamma0=300; theta_j=0.1 rad; n=1 cm^-3; epsilon_e=0.1; epsilon_B=1e-3; p=2.3; xi_e=0.1; z=0.1; d_L=1e26 cm; no spreading; no SSC; no reverse shock,observer time and frequency,1.00000000e+17,3.16227766e+00,flux_density_cgs,2.48413272e-25,4.91925934e+00,1.87996650e-02,broad-band broad-time FS synchrotron grid; ratios are assumption-audit diagnostics
fs_synch_common_minimum,VegasAfterglow,2.0.5,PyPI VegasAfterglow==2.0.5,broad-band top-hat on-axis forward-shock synchrotron; uniform medium; E_iso=1e52 erg; Gamma0=300; theta_j=0.1 rad; n=1 cm^-3; epsilon_e=0.1; epsilon_B=1e-3; p=2.3; xi_e=0.1; z=0.1; d_L=1e26 cm; no spreading; no SSC; no reverse shock,observer time and frequency,1.00000000e+17,1.00000000e+01,flux_density_cgs,1.25081300e-24,7.37142869e-01,1.87996650e-02,broad-band broad-time FS synchrotron grid; ratios are assumption-audit diagnostics
fs_synch_common_minimum,VegasAfterglow,2.0.5,PyPI VegasAfterglow==2.0.5,broad-band top-hat on-axis forward-shock synchrotron; uniform medium; E_iso=1e52 erg; Gamma0=300; theta_j=0.1 rad; n=1 cm^-3; epsilon_e=0.1; epsilon_B=1e-3; p=2.3; xi_e=0.1; z=0.1; d_L=1e26 cm; no spreading; no SSC; no reverse shock,observer time and frequency,1.00000000e+17,3.16227766e+01,flux_density_cgs,2.22250825e-24,3.63215184e-01,1.87996650e-02,broad-band broad-time FS synchrotron grid; ratios are assumption-audit diagnostics
fs_synch_common_minimum,VegasAfterglow,2.0.5,PyPI VegasAfterglow==2.0.5,broad-band top-hat on-axis forward-shock synchrotron; uniform medium; E_iso=1e52 erg; Gamma0=300; theta_j=0.1 rad; n=1 cm^-3; epsilon_e=0.1; epsilon_B=1e-3; p=2.3; xi_e=0.1; z=0.1; d_L=1e26 cm; no spreading; no SSC; no reverse shock,observer time and frequency,1.00000000e+17,1.00000000e+02,flux_density_cgs,3.20131895e-24,7.36881580e-01,1.87996650e-02,broad-band broad-time FS synchrotron grid; ratios are assumption-audit diagnostics
fs_synch_common_minimum,VegasAfterglow,2.0.5,PyPI VegasAfterglow==2.0.5,broad-band top-hat on-axis forward-shock synchrotron; uniform medium; E_iso=1e52 erg; Gamma0=300; theta_j=0.1 rad; n=1 cm^-3; epsilon_e=0.1; epsilon_B=1e-3; p=2.3; xi_e=0.1; z=0.1; d_L=1e26 cm; no spreading; no SSC; no reverse shock,observer time and frequency,1.00000000e+17,3.16227766e+02,flux_density_cgs,2.82706216e-24,6.81811450e-01,1.87996650e-02,broad-band broad-time FS synchrotron grid; ratios are assumption-audit diagnostics
fs_synch_common_minimum,VegasAfterglow,2.0.5,PyPI VegasAfterglow==2.0.5,broad-band top-hat on-axis forward-shock synchrotron; uniform medium; E_iso=1e52 erg; Gamma0=300; theta_j=0.1 rad; n=1 cm^-3; epsilon_e=0.1; epsilon_B=1e-3; p=2.3; xi_e=0.1; z=0.1; d_L=1e26 cm; no spreading; no SSC; no reverse shock,observer time and frequency,1.00000000e+17,1.00000000e+03,flux_density_cgs,1.47630796e-24,8.07360916e-01,1.87996650e-02,broad-band broad-time FS synchrotron grid; ratios are assumption-audit diagnostics
fs_synch_common_minimum,VegasAfterglow,2.0.5,PyPI VegasAfterglow==2.0.5,broad-band top-hat on-axis forward-shock synchrotron; uniform medium; E_iso=1e52 erg; Gamma0=300; theta_j=0.1 rad; n=1 cm^-3; epsilon_e=0.1; epsilon_B=1e-3; p=2.3; xi_e=0.1; z=0.1; d_L=1e26 cm; no spreading; no SSC; no reverse shock,observer time and frequency,1.00000000e+17,3.16227766e+03,flux_density_cgs,5.46202126e-25,9.63542115e-01,1.87996650e-02,broad-band broad-time FS synchrotron grid; ratios are assumption-audit diagnostics
fs_synch_common_minimum,VegasAfterglow,2.0.5,PyPI VegasAfterglow==2.0.5,broad-band top-hat on-axis forward-shock synchrotron; uniform medium; E_iso=1e52 erg; Gamma0=300; theta_j=0.1 rad; n=1 cm^-3; epsilon_e=0.1; epsilon_B=1e-3; p=2.3; xi_e=0.1; z=0.1; d_L=1e26 cm; no spreading; no SSC; no reverse shock,observer time and frequency,1.00000000e+17,1.00000000e+04,flux_density_cgs,1.71225709e-25,1.08431777e+00,1.87996650e-02,broad-band broad-time FS synchrotron grid; ratios are assumption-audit diagnostics
fs_synch_common_minimum,VegasAfterglow,2.0.5,PyPI VegasAfterglow==2.0.5,broad-band top-hat on-axis forward-shock synchrotron; uniform medium; E_iso=1e52 erg; Gamma0=300; theta_j=0.1 rad; n=1 cm^-3; epsilon_e=0.1; epsilon_B=1e-3; p=2.3; xi_e=0.1; z=0.1; d_L=1e26 cm; no spreading; no SSC; no reverse shock,observer time and frequency,1.00000000e+17,3.16227766e+04,flux_density_cgs,4.44423362e-26,1.20173447e+00,1.87996650e-02,broad-band broad-time FS synchrotron grid; ratios are assumption-audit diagnostics
fs_synch_common_minimum,VegasAfterglow,2.0.5,PyPI VegasAfterglow==2.0.5,broad-band top-hat on-axis forward-shock synchrotron; uniform medium; E_iso=1e52 erg; Gamma0=300; theta_j=0.1 rad; n=1 cm^-3; epsilon_e=0.1; epsilon_B=1e-3; p=2.3; xi_e=0.1; z=0.1; d_L=1e26 cm; no spreading; no SSC; no reverse shock,observer time and frequency,1.00000000e+17,1.00000000e+05,flux_density_cgs,5.30350620e-27,1.37796965e+00,1.87996650e-02,broad-band broad-time FS synchrotron grid; ratios are assumption-audit diagnostics
fs_synch_common_minimum,VegasAfterglow,2.0.5,PyPI VegasAfterglow==2.0.5,broad-band top-hat on-axis forward-shock synchrotron; uniform medium; E_iso=1e52 erg; Gamma0=300; theta_j=0.1 rad; n=1 cm^-3; epsilon_e=0.1; epsilon_B=1e-3; p=2.3; xi_e=0.1; z=0.1; d_L=1e26 cm; no spreading; no SSC; no reverse shock,observer time and frequency,1.00000000e+17,3.16227766e+05,flux_density_cgs,5.02616306e-28,1.46264240e+00,1.87996650e-02,broad-band broad-time FS synchrotron grid; ratios are assumption-audit diagnostics
fs_synch_common_minimum,VegasAfterglow,2.0.5,PyPI VegasAfterglow==2.0.5,broad-band top-hat on-axis forward-shock synchrotron; uniform medium; E_iso=1e52 erg; Gamma0=300; theta_j=0.1 rad; n=1 cm^-3; epsilon_e=0.1; epsilon_B=1e-3; p=2.3; xi_e=0.1; z=0.1; d_L=1e26 cm; no spreading; no SSC; no reverse shock,observer time and frequency,1.00000000e+17,1.00000000e+06,flux_density_cgs,5.08595937e-29,1.51039255e+00,1.87996650e-02,broad-band broad-time FS synchrotron grid; ratios are assumption-audit diagnostics
fs_synch_common_minimum,VegasAfterglow,2.0.5,PyPI VegasAfterglow==2.0.5,broad-band top-hat on-axis forward-shock synchrotron; uniform medium; E_iso=1e52 erg; Gamma0=300; theta_j=0.1 rad; n=1 cm^-3; epsilon_e=0.1; epsilon_B=1e-3; p=2.3; xi_e=0.1; z=0.1; d_L=1e26 cm; no spreading; no SSC; no reverse shock,observer time and frequency,1.00000000e+17,3.16227766e+06,flux_density_cgs,5.57686036e-30,1.53970206e+00,1.87996650e-02,broad-band broad-time FS synchrotron grid; ratios are assumption-audit diagnostics
fs_synch_common_minimum,VegasAfterglow,2.0.5,PyPI VegasAfterglow==2.0.5,broad-band top-hat on-axis forward-shock synchrotron; uniform medium; E_iso=1e52 erg; Gamma0=300; theta_j=0.1 rad; n=1 cm^-3; epsilon_e=0.1; epsilon_B=1e-3; p=2.3; xi_e=0.1; z=0.1; d_L=1e26 cm; no spreading; no SSC; no reverse shock,observer time and frequency,1.00000000e+17,1.00000000e+07,flux_density_cgs,6.81203142e-31,1.58249582e+00,1.87996650e-02,broad-band broad-time FS synchrotron grid; ratios are assumption-audit diagnostics
fs_synch_common_minimum,VegasAfterglow,2.0.5,PyPI VegasAfterglow==2.0.5,broad-band top-hat on-axis forward-shock synchrotron; uniform medium; E_iso=1e52 erg; Gamma0=300; theta_j=0.1 rad; n=1 cm^-3; epsilon_e=0.1; epsilon_B=1e-3; p=2.3; xi_e=0.1; z=0.1; d_L=1e26 cm; no spreading; no SSC; no reverse shock,observer time and frequency,1.00000000e+17,3.16227766e+07,flux_density_cgs,9.53931355e-32,1.65796960e+00,1.87996650e-02,broad-band broad-time FS synchrotron grid; ratios are assumption-audit diagnostics
fs_synch_common_minimum,VegasAfterglow,2.0.5,PyPI VegasAfterglow==2.0.5,broad-band top-hat on-axis forward-shock synchrotron; uniform medium; E_iso=1e52 erg; Gamma0=300; theta_j=0.1 rad; n=1 cm^-3; epsilon_e=0.1; epsilon_B=1e-3; p=2.3; xi_e=0.1; z=0.1; d_L=1e26 cm; no spreading; no SSC; no reverse shock,observer time and frequency,1.00000000e+17,1.00000000e+08,flux_density_cgs,1.53076499e-32,1.73979991e+00,1.87996650e-02,broad-band broad-time FS synchrotron grid; ratios are assumption-audit diagnostics
fs_synch_common_minimum,VegasAfterglow,2.0.5,PyPI VegasAfterglow==2.0.5,broad-band top-hat on-axis forward-shock synchrotron; uniform medium; E_iso=1e52 erg; Gamma0=300; theta_j=0.1 rad; n=1 cm^-3; epsilon_e=0.1; epsilon_B=1e-3; p=2.3; xi_e=0.1; z=0.1; d_L=1e26 cm; no spreading; no SSC; no reverse shock,observer time and frequency,1.00000000e+18,1.00000000e+00,flux_density_cgs,1.45811040e-26,5.51899114e+00,1.87996650e-02,broad-band broad-time FS synchrotron grid; ratios are assumption-audit diagnostics
fs_synch_common_minimum,VegasAfterglow,2.0.5,PyPI VegasAfterglow==2.0.5,broad-band top-hat on-axis forward-shock synchrotron; uniform medium; E_iso=1e52 erg; Gamma0=300; theta_j=0.1 rad; n=1 cm^-3; epsilon_e=0.1; epsilon_B=1e-3; p=2.3; xi_e=0.1; z=0.1; d_L=1e26 cm; no spreading; no SSC; no reverse shock,observer time and frequency,1.00000000e+18,3.16227766e+00,flux_density_cgs,4.37190175e-25,4.91315141e+00,1.87996650e-02,broad-band broad-time FS synchrotron grid; ratios are assumption-audit diagnostics
fs_synch_common_minimum,VegasAfterglow,2.0.5,PyPI VegasAfterglow==2.0.5,broad-band top-hat on-axis forward-shock synchrotron; uniform medium; E_iso=1e52 erg; Gamma0=300; theta_j=0.1 rad; n=1 cm^-3; epsilon_e=0.1; epsilon_B=1e-3; p=2.3; xi_e=0.1; z=0.1; d_L=1e26 cm; no spreading; no SSC; no reverse shock,observer time and frequency,1.00000000e+18,1.00000000e+01,flux_density_cgs,1.86644425e-24,7.52022467e-01,1.87996650e-02,broad-band broad-time FS synchrotron grid; ratios are assumption-audit diagnostics
fs_synch_common_minimum,VegasAfterglow,2.0.5,PyPI VegasAfterglow==2.0.5,broad-band top-hat on-axis forward-shock synchrotron; uniform medium; E_iso=1e52 erg; Gamma0=300; theta_j=0.1 rad; n=1 cm^-3; epsilon_e=0.1; epsilon_B=1e-3; p=2.3; xi_e=0.1; z=0.1; d_L=1e26 cm; no spreading; no SSC; no reverse shock,observer time and frequency,1.00000000e+18,3.16227766e+01,flux_density_cgs,2.36028552e-24,3.83186605e-01,1.87996650e-02,broad-band broad-time FS synchrotron grid; ratios are assumption-audit diagnostics
fs_synch_common_minimum,VegasAfterglow,2.0.5,PyPI VegasAfterglow==2.0.5,broad-band top-hat on-axis forward-shock synchrotron; uniform medium; E_iso=1e52 erg; Gamma0=300; theta_j=0.1 rad; n=1 cm^-3; epsilon_e=0.1; epsilon_B=1e-3; p=2.3; xi_e=0.1; z=0.1; d_L=1e26 cm; no spreading; no SSC; no reverse shock,observer time and frequency,1.00000000e+18,1.00000000e+02,flux_density_cgs,1.70034964e-24,8.41389518e-01,1.87996650e-02,broad-band broad-time FS synchrotron grid; ratios are assumption-audit diagnostics
fs_synch_common_minimum,VegasAfterglow,2.0.5,PyPI VegasAfterglow==2.0.5,broad-band top-hat on-axis forward-shock synchrotron; uniform medium; E_iso=1e52 erg; Gamma0=300; theta_j=0.1 rad; n=1 cm^-3; epsilon_e=0.1; epsilon_B=1e-3; p=2.3; xi_e=0.1; z=0.1; d_L=1e26 cm; no spreading; no SSC; no reverse shock,observer time and frequency,1.00000000e+18,3.16227766e+02,flux_density_cgs,7.50859918e-25,8.03374559e-01,1.87996650e-02,broad-band broad-time FS synchrotron grid; ratios are assumption-audit diagnostics
fs_synch_common_minimum,VegasAfterglow,2.0.5,PyPI VegasAfterglow==2.0.5,broad-band top-hat on-axis forward-shock synchrotron; uniform medium; E_iso=1e52 erg; Gamma0=300; theta_j=0.1 rad; n=1 cm^-3; epsilon_e=0.1; epsilon_B=1e-3; p=2.3; xi_e=0.1; z=0.1; d_L=1e26 cm; no spreading; no SSC; no reverse shock,observer time and frequency,1.00000000e+18,1.00000000e+03,flux_density_cgs,2.57346288e-25,9.74731281e-01,1.87996650e-02,broad-band broad-time FS synchrotron grid; ratios are assumption-audit diagnostics
fs_synch_common_minimum,VegasAfterglow,2.0.5,PyPI VegasAfterglow==2.0.5,broad-band top-hat on-axis forward-shock synchrotron; uniform medium; E_iso=1e52 erg; Gamma0=300; theta_j=0.1 rad; n=1 cm^-3; epsilon_e=0.1; epsilon_B=1e-3; p=2.3; xi_e=0.1; z=0.1; d_L=1e26 cm; no spreading; no SSC; no reverse shock,observer time and frequency,1.00000000e+18,3.16227766e+03,flux_density_cgs,7.77399036e-26,1.10039489e+00,1.87996650e-02,broad-band broad-time FS synchrotron grid; ratios are assumption-audit diagnostics
fs_synch_common_minimum,VegasAfterglow,2.0.5,PyPI VegasAfterglow==2.0.5,broad-band top-hat on-axis forward-shock synchrotron; uniform medium; E_iso=1e52 erg; Gamma0=300; theta_j=0.1 rad; n=1 cm^-3; epsilon_e=0.1; epsilon_B=1e-3; p=2.3; xi_e=0.1; z=0.1; d_L=1e26 cm; no spreading; no SSC; no reverse shock,observer time and frequency,1.00000000e+18,1.00000000e+04,flux_density_cgs,2.18194594e-26,1.19501497e+00,1.87996650e-02,broad-band broad-time FS synchrotron grid; ratios are assumption-audit diagnostics
fs_synch_common_minimum,VegasAfterglow,2.0.5,PyPI VegasAfterglow==2.0.5,broad-band top-hat on-axis forward-shock synchrotron; uniform medium; E_iso=1e52 erg; Gamma0=300; theta_j=0.1 rad; n=1 cm^-3; epsilon_e=0.1; epsilon_B=1e-3; p=2.3; xi_e=0.1; z=0.1; d_L=1e26 cm; no spreading; no SSC; no reverse shock,observer time and frequency,1.00000000e+18,3.16227766e+04,flux_density_cgs,5.24780898e-27,1.30864945e+00,1.87996650e-02,broad-band broad-time FS synchrotron grid; ratios are assumption-audit diagnostics
fs_synch_common_minimum,VegasAfterglow,2.0.5,PyPI VegasAfterglow==2.0.5,broad-band top-hat on-axis forward-shock synchrotron; uniform medium; E_iso=1e52 erg; Gamma0=300; theta_j=0.1 rad; n=1 cm^-3; epsilon_e=0.1; epsilon_B=1e-3; p=2.3; xi_e=0.1; z=0.1; d_L=1e26 cm; no spreading; no SSC; no reverse shock,observer time and frequency,1.00000000e+18,1.00000000e+05,flux_density_cgs,5.86083096e-28,1.49083642e+00,1.87996650e-02,broad-band broad-time FS synchrotron grid; ratios are assumption-audit diagnostics
fs_synch_common_minimum,VegasAfterglow,2.0.5,PyPI VegasAfterglow==2.0.5,broad-band top-hat on-axis forward-shock synchrotron; uniform medium; E_iso=1e52 erg; Gamma0=300; theta_j=0.1 rad; n=1 cm^-3; epsilon_e=0.1; epsilon_B=1e-3; p=2.3; xi_e=0.1; z=0.1; d_L=1e26 cm; no spreading; no SSC; no reverse shock,observer time and frequency,1.00000000e+18,3.16227766e+05,flux_density_cgs,5.21176759e-29,1.57146092e+00,1.87996650e-02,broad-band broad-time FS synchrotron grid; ratios are assumption-audit diagnostics
fs_synch_common_minimum,VegasAfterglow,2.0.5,PyPI VegasAfterglow==2.0.5,broad-band top-hat on-axis forward-shock synchrotron; uniform medium; E_iso=1e52 erg; Gamma0=300; theta_j=0.1 rad; n=1 cm^-3; epsilon_e=0.1; epsilon_B=1e-3; p=2.3; xi_e=0.1; z=0.1; d_L=1e26 cm; no spreading; no SSC; no reverse shock,observer time and frequency,1.00000000e+18,1.00000000e+06,flux_density_cgs,4.99320882e-30,1.62132753e+00,1.87996650e-02,broad-band broad-time FS synchrotron grid; ratios are assumption-audit diagnostics
fs_synch_common_minimum,VegasAfterglow,2.0.5,PyPI VegasAfterglow==2.0.5,broad-band top-hat on-axis forward-shock synchrotron; uniform medium; E_iso=1e52 erg; Gamma0=300; theta_j=0.1 rad; n=1 cm^-3; epsilon_e=0.1; epsilon_B=1e-3; p=2.3; xi_e=0.1; z=0.1; d_L=1e26 cm; no spreading; no SSC; no reverse shock,observer time and frequency,1.00000000e+18,3.16227766e+06,flux_density_cgs,5.21580575e-31,1.64784297e+00,1.87996650e-02,broad-band broad-time FS synchrotron grid; ratios are assumption-audit diagnostics
fs_synch_common_minimum,VegasAfterglow,2.0.5,PyPI VegasAfterglow==2.0.5,broad-band top-hat on-axis forward-shock synchrotron; uniform medium; E_iso=1e52 erg; Gamma0=300; theta_j=0.1 rad; n=1 cm^-3; epsilon_e=0.1; epsilon_B=1e-3; p=2.3; xi_e=0.1; z=0.1; d_L=1e26 cm; no spreading; no SSC; no reverse shock,observer time and frequency,1.00000000e+18,1.00000000e+07,flux_density_cgs,6.09360169e-32,1.69725944e+00,1.87996650e-02,broad-band broad-time FS synchrotron grid; ratios are assumption-audit diagnostics
fs_synch_common_minimum,VegasAfterglow,2.0.5,PyPI VegasAfterglow==2.0.5,broad-band top-hat on-axis forward-shock synchrotron; uniform medium; E_iso=1e52 erg; Gamma0=300; theta_j=0.1 rad; n=1 cm^-3; epsilon_e=0.1; epsilon_B=1e-3; p=2.3; xi_e=0.1; z=0.1; d_L=1e26 cm; no spreading; no SSC; no reverse shock,observer time and frequency,1.00000000e+18,3.16227766e+07,flux_density_cgs,8.20266868e-33,1.77492456e+00,1.87996650e-02,broad-band broad-time FS synchrotron grid; ratios are assumption-audit diagnostics
fs_synch_common_minimum,VegasAfterglow,2.0.5,PyPI VegasAfterglow==2.0.5,broad-band top-hat on-axis forward-shock synchrotron; uniform medium; E_iso=1e52 erg; Gamma0=300; theta_j=0.1 rad; n=1 cm^-3; epsilon_e=0.1; epsilon_B=1e-3; p=2.3; xi_e=0.1; z=0.1; d_L=1e26 cm; no spreading; no SSC; no reverse shock,observer time and frequency,1.00000000e+18,1.00000000e+08,flux_density_cgs,1.27499974e-33,1.84846729e+00,1.87996650e-02,broad-band broad-time FS synchrotron grid; ratios are assumption-audit diagnostics
fs_synch_common_minimum,VegasAfterglow,2.0.5,PyPI VegasAfterglow==2.0.5,broad-band top-hat on-axis forward-shock synchrotron; uniform medium; E_iso=1e52 erg; Gamma0=300; theta_j=0.1 rad; n=1 cm^-3; epsilon_e=0.1; epsilon_B=1e-3; p=2.3; xi_e=0.1; z=0.1; d_L=1e26 cm; no spreading; no SSC; no reverse shock,observer time and frequency,2.40000000e+22,1.00000000e+00,flux_density_cgs,8.40973862e-29,4.95442014e+00,1.87996650e-02,broad-band broad-time FS synchrotron grid; ratios are assumption-audit diagnostics
fs_synch_common_minimum,VegasAfterglow,2.0.5,PyPI VegasAfterglow==2.0.5,broad-band top-hat on-axis forward-shock synchrotron; uniform medium; E_iso=1e52 erg; Gamma0=300; theta_j=0.1 rad; n=1 cm^-3; epsilon_e=0.1; epsilon_B=1e-3; p=2.3; xi_e=0.1; z=0.1; d_L=1e26 cm; no spreading; no SSC; no reverse shock,observer time and frequency,2.40000000e+22,3.16227766e+00,flux_density_cgs,7.02519051e-28,3.71835883e+00,1.87996650e-02,broad-band broad-time FS synchrotron grid; ratios are assumption-audit diagnostics
fs_synch_common_minimum,VegasAfterglow,2.0.5,PyPI VegasAfterglow==2.0.5,broad-band top-hat on-axis forward-shock synchrotron; uniform medium; E_iso=1e52 erg; Gamma0=300; theta_j=0.1 rad; n=1 cm^-3; epsilon_e=0.1; epsilon_B=1e-3; p=2.3; xi_e=0.1; z=0.1; d_L=1e26 cm; no spreading; no SSC; no reverse shock,observer time and frequency,2.40000000e+22,1.00000000e+01,flux_density_cgs,6.32903417e-28,4.99318457e-01,1.87996650e-02,broad-band broad-time FS synchrotron grid; ratios are assumption-audit diagnostics
fs_synch_common_minimum,VegasAfterglow,2.0.5,PyPI VegasAfterglow==2.0.5,broad-band top-hat on-axis forward-shock synchrotron; uniform medium; E_iso=1e52 erg; Gamma0=300; theta_j=0.1 rad; n=1 cm^-3; epsilon_e=0.1; epsilon_B=1e-3; p=2.3; xi_e=0.1; z=0.1; d_L=1e26 cm; no spreading; no SSC; no reverse shock,observer time and frequency,2.40000000e+22,3.16227766e+01,flux_density_cgs,2.01820060e-28,4.74181063e-01,1.87996650e-02,broad-band broad-time FS synchrotron grid; ratios are assumption-audit diagnostics
fs_synch_common_minimum,VegasAfterglow,2.0.5,PyPI VegasAfterglow==2.0.5,broad-band top-hat on-axis forward-shock synchrotron; uniform medium; E_iso=1e52 erg; Gamma0=300; theta_j=0.1 rad; n=1 cm^-3; epsilon_e=0.1; epsilon_B=1e-3; p=2.3; xi_e=0.1; z=0.1; d_L=1e26 cm; no spreading; no SSC; no reverse shock,observer time and frequency,2.40000000e+22,1.00000000e+02,flux_density_cgs,6.00922425e-29,1.06393593e+00,1.87996650e-02,broad-band broad-time FS synchrotron grid; ratios are assumption-audit diagnostics
fs_synch_common_minimum,VegasAfterglow,2.0.5,PyPI VegasAfterglow==2.0.5,broad-band top-hat on-axis forward-shock synchrotron; uniform medium; E_iso=1e52 erg; Gamma0=300; theta_j=0.1 rad; n=1 cm^-3; epsilon_e=0.1; epsilon_B=1e-3; p=2.3; xi_e=0.1; z=0.1; d_L=1e26 cm; no spreading; no SSC; no reverse shock,observer time and frequency,2.40000000e+22,3.16227766e+02,flux_density_cgs,1.71073876e-29,9.79498669e-01,1.87996650e-02,broad-band broad-time FS synchrotron grid; ratios are assumption-audit diagnostics
fs_synch_common_minimum,VegasAfterglow,2.0.5,PyPI VegasAfterglow==2.0.5,broad-band top-hat on-axis forward-shock synchrotron; uniform medium; E_iso=1e52 erg; Gamma0=300; theta_j=0.1 rad; n=1 cm^-3; epsilon_e=0.1; epsilon_B=1e-3; p=2.3; xi_e=0.1; z=0.1; d_L=1e26 cm; no spreading; no SSC; no reverse shock,observer time and frequency,2.40000000e+22,1.00000000e+03,flux_density_cgs,4.66933839e-30,1.12880680e+00,1.87996650e-02,broad-band broad-time FS synchrotron grid; ratios are assumption-audit diagnostics
fs_synch_common_minimum,VegasAfterglow,2.0.5,PyPI VegasAfterglow==2.0.5,broad-band top-hat on-axis forward-shock synchrotron; uniform medium; E_iso=1e52 erg; Gamma0=300; theta_j=0.1 rad; n=1 cm^-3; epsilon_e=0.1; epsilon_B=1e-3; p=2.3; xi_e=0.1; z=0.1; d_L=1e26 cm; no spreading; no SSC; no reverse shock,observer time and frequency,2.40000000e+22,3.16227766e+03,flux_density_cgs,1.21481805e-30,1.25851360e+00,1.87996650e-02,broad-band broad-time FS synchrotron grid; ratios are assumption-audit diagnostics
fs_synch_common_minimum,VegasAfterglow,2.0.5,PyPI VegasAfterglow==2.0.5,broad-band top-hat on-axis forward-shock synchrotron; uniform medium; E_iso=1e52 erg; Gamma0=300; theta_j=0.1 rad; n=1 cm^-3; epsilon_e=0.1; epsilon_B=1e-3; p=2.3; xi_e=0.1; z=0.1; d_L=1e26 cm; no spreading; no SSC; no reverse shock,observer time and frequency,2.40000000e+22,1.00000000e+04,flux_density_cgs,3.03052680e-31,1.37275452e+00,1.87996650e-02,broad-band broad-time FS synchrotron grid; ratios are assumption-audit diagnostics
fs_synch_common_minimum,VegasAfterglow,2.0.5,PyPI VegasAfterglow==2.0.5,broad-band top-hat on-axis forward-shock synchrotron; uniform medium; E_iso=1e52 erg; Gamma0=300; theta_j=0.1 rad; n=1 cm^-3; epsilon_e=0.1; epsilon_B=1e-3; p=2.3; xi_e=0.1; z=0.1; d_L=1e26 cm; no spreading; no SSC; no reverse shock,observer time and frequency,2.40000000e+22,3.16227766e+04,flux_density_cgs,6.64735173e-32,1.51061220e+00,1.87996650e-02,broad-band broad-time FS synchrotron grid; ratios are assumption-audit diagnostics
fs_synch_common_minimum,VegasAfterglow,2.0.5,PyPI VegasAfterglow==2.0.5,broad-band top-hat on-axis forward-shock synchrotron; uniform medium; E_iso=1e52 erg; Gamma0=300; theta_j=0.1 rad; n=1 cm^-3; epsilon_e=0.1; epsilon_B=1e-3; p=2.3; xi_e=0.1; z=0.1; d_L=1e26 cm; no spreading; no SSC; no reverse shock,observer time and frequency,2.40000000e+22,1.00000000e+05,flux_density_cgs,6.84298545e-33,1.75017397e+00,1.87996650e-02,broad-band broad-time FS synchrotron grid; ratios are assumption-audit diagnostics
fs_synch_common_minimum,VegasAfterglow,2.0.5,PyPI VegasAfterglow==2.0.5,broad-band top-hat on-axis forward-shock synchrotron; uniform medium; E_iso=1e52 erg; Gamma0=300; theta_j=0.1 rad; n=1 cm^-3; epsilon_e=0.1; epsilon_B=1e-3; p=2.3; xi_e=0.1; z=0.1; d_L=1e26 cm; no spreading; no SSC; no reverse shock,observer time and frequency,2.40000000e+22,3.16227766e+05,flux_density_cgs,5.59460246e-34,1.89812360e+00,1.87996650e-02,broad-band broad-time FS synchrotron grid; ratios are assumption-audit diagnostics
fs_synch_common_minimum,VegasAfterglow,2.0.5,PyPI VegasAfterglow==2.0.5,broad-band top-hat on-axis forward-shock synchrotron; uniform medium; E_iso=1e52 erg; Gamma0=300; theta_j=0.1 rad; n=1 cm^-3; epsilon_e=0.1; epsilon_B=1e-3; p=2.3; xi_e=0.1; z=0.1; d_L=1e26 cm; no spreading; no SSC; no reverse shock,observer time and frequency,2.40000000e+22,1.00000000e+06,flux_density_cgs,4.93352848e-35,2.01162512e+00,1.87996650e-02,broad-band broad-time FS synchrotron grid; ratios are assumption-audit diagnostics
fs_synch_common_minimum,VegasAfterglow,2.0.5,PyPI VegasAfterglow==2.0.5,broad-band top-hat on-axis forward-shock synchrotron; uniform medium; E_iso=1e52 erg; Gamma0=300; theta_j=0.1 rad; n=1 cm^-3; epsilon_e=0.1; epsilon_B=1e-3; p=2.3; xi_e=0.1; z=0.1; d_L=1e26 cm; no spreading; no SSC; no reverse shock,observer time and frequency,2.40000000e+22,3.16227766e+06,flux_density_cgs,4.72036883e-36,2.11513857e+00,1.87996650e-02,broad-band broad-time FS synchrotron grid; ratios are assumption-audit diagnostics
fs_synch_common_minimum,VegasAfterglow,2.0.5,PyPI VegasAfterglow==2.0.5,broad-band top-hat on-axis forward-shock synchrotron; uniform medium; E_iso=1e52 erg; Gamma0=300; theta_j=0.1 rad; n=1 cm^-3; epsilon_e=0.1; epsilon_B=1e-3; p=2.3; xi_e=0.1; z=0.1; d_L=1e26 cm; no spreading; no SSC; no reverse shock,observer time and frequency,2.40000000e+22,1.00000000e+07,flux_density_cgs,5.02195932e-37,2.23385683e+00,1.87996650e-02,broad-band broad-time FS synchrotron grid; ratios are assumption-audit diagnostics
fs_synch_common_minimum,VegasAfterglow,2.0.5,PyPI VegasAfterglow==2.0.5,broad-band top-hat on-axis forward-shock synchrotron; uniform medium; E_iso=1e52 erg; Gamma0=300; theta_j=0.1 rad; n=1 cm^-3; epsilon_e=0.1; epsilon_B=1e-3; p=2.3; xi_e=0.1; z=0.1; d_L=1e26 cm; no spreading; no SSC; no reverse shock,observer time and frequency,2.40000000e+22,3.16227766e+07,flux_density_cgs,6.16811935e-38,2.37725021e+00,1.87996650e-02,broad-band broad-time FS synchrotron grid; ratios are assumption-audit diagnostics
fs_synch_common_minimum,VegasAfterglow,2.0.5,PyPI VegasAfterglow==2.0.5,broad-band top-hat on-axis forward-shock synchrotron; uniform medium; E_iso=1e52 erg; Gamma0=300; theta_j=0.1 rad; n=1 cm^-3; epsilon_e=0.1; epsilon_B=1e-3; p=2.3; xi_e=0.1; z=0.1; d_L=1e26 cm; no spreading; no SSC; no reverse shock,observer time and frequency,2.40000000e+22,1.00000000e+08,flux_density_cgs,8.87686762e-39,2.46758980e+00,1.87996650e-02,broad-band broad-time FS synchrotron grid; ratios are assumption-audit diagnostics
fs_synch_common_minimum,VegasAfterglow,2.0.5,PyPI VegasAfterglow==2.0.5,broad-band top-hat on-axis forward-shock synchrotron; uniform medium; E_iso=1e52 erg; Gamma0=300; theta_j=0.1 rad; n=1 cm^-3; epsilon_e=0.1; epsilon_B=1e-3; p=2.3; xi_e=0.1; z=0.1; d_L=1e26 cm; no spreading; no SSC; no reverse shock,observer time and frequency,2.40000000e+23,1.00000000e+00,flux_density_cgs,6.25432652e-30,4.72684987e+00,1.87996650e-02,broad-band broad-time FS synchrotron grid; ratios are assumption-audit diagnostics
fs_synch_common_minimum,VegasAfterglow,2.0.5,PyPI VegasAfterglow==2.0.5,broad-band top-hat on-axis forward-shock synchrotron; uniform medium; E_iso=1e52 erg; Gamma0=300; theta_j=0.1 rad; n=1 cm^-3; epsilon_e=0.1; epsilon_B=1e-3; p=2.3; xi_e=0.1; z=0.1; d_L=1e26 cm; no spreading; no SSC; no reverse shock,observer time and frequency,2.40000000e+23,3.16227766e+00,flux_density_cgs,5.04901219e-29,3.81029318e+00,1.87996650e-02,broad-band broad-time FS synchrotron grid; ratios are assumption-audit diagnostics
fs_synch_common_minimum,VegasAfterglow,2.0.5,PyPI VegasAfterglow==2.0.5,broad-band top-hat on-axis forward-shock synchrotron; uniform medium; E_iso=1e52 erg; Gamma0=300; theta_j=0.1 rad; n=1 cm^-3; epsilon_e=0.1; epsilon_B=1e-3; p=2.3; xi_e=0.1; z=0.1; d_L=1e26 cm; no spreading; no SSC; no reverse shock,observer time and frequency,2.40000000e+23,1.00000000e+01,flux_density_cgs,4.45761472e-29,5.20859158e-01,1.87996650e-02,broad-band broad-time FS synchrotron grid; ratios are assumption-audit diagnostics
fs_synch_common_minimum,VegasAfterglow,2.0.5,PyPI VegasAfterglow==2.0.5,broad-band top-hat on-axis forward-shock synchrotron; uniform medium; E_iso=1e52 erg; Gamma0=300; theta_j=0.1 rad; n=1 cm^-3; epsilon_e=0.1; epsilon_B=1e-3; p=2.3; xi_e=0.1; z=0.1; d_L=1e26 cm; no spreading; no SSC; no reverse shock,observer time and frequency,2.40000000e+23,3.16227766e+01,flux_density_cgs,1.40357257e-29,5.00650698e-01,1.87996650e-02,broad-band broad-time FS synchrotron grid; ratios are assumption-audit diagnostics
fs_synch_common_minimum,VegasAfterglow,2.0.5,PyPI VegasAfterglow==2.0.5,broad-band top-hat on-axis forward-shock synchrotron; uniform medium; E_iso=1e52 erg; Gamma0=300; theta_j=0.1 rad; n=1 cm^-3; epsilon_e=0.1; epsilon_B=1e-3; p=2.3; xi_e=0.1; z=0.1; d_L=1e26 cm; no spreading; no SSC; no reverse shock,observer time and frequency,2.40000000e+23,1.00000000e+02,flux_density_cgs,4.11508501e-30,1.16329652e+00,1.87996650e-02,broad-band broad-time FS synchrotron grid; ratios are assumption-audit diagnostics
fs_synch_common_minimum,VegasAfterglow,2.0.5,PyPI VegasAfterglow==2.0.5,broad-band top-hat on-axis forward-shock synchrotron; uniform medium; E_iso=1e52 erg; Gamma0=300; theta_j=0.1 rad; n=1 cm^-3; epsilon_e=0.1; epsilon_B=1e-3; p=2.3; xi_e=0.1; z=0.1; d_L=1e26 cm; no spreading; no SSC; no reverse shock,observer time and frequency,2.40000000e+23,3.16227766e+02,flux_density_cgs,1.14407342e-30,1.07837999e+00,1.87996650e-02,broad-band broad-time FS synchrotron grid; ratios are assumption-audit diagnostics
fs_synch_common_minimum,VegasAfterglow,2.0.5,PyPI VegasAfterglow==2.0.5,broad-band top-hat on-axis forward-shock synchrotron; uniform medium; E_iso=1e52 erg; Gamma0=300; theta_j=0.1 rad; n=1 cm^-3; epsilon_e=0.1; epsilon_B=1e-3; p=2.3; xi_e=0.1; z=0.1; d_L=1e26 cm; no spreading; no SSC; no reverse shock,observer time and frequency,2.40000000e+23,1.00000000e+03,flux_density_cgs,3.01367562e-31,1.27707618e+00,1.87996650e-02,broad-band broad-time FS synchrotron grid; ratios are assumption-audit diagnostics
fs_synch_common_minimum,VegasAfterglow,2.0.5,PyPI VegasAfterglow==2.0.5,broad-band top-hat on-axis forward-shock synchrotron; uniform medium; E_iso=1e52 erg; Gamma0=300; theta_j=0.1 rad; n=1 cm^-3; epsilon_e=0.1; epsilon_B=1e-3; p=2.3; xi_e=0.1; z=0.1; d_L=1e26 cm; no spreading; no SSC; no reverse shock,observer time and frequency,2.40000000e+23,3.16227766e+03,flux_density_cgs,7.43016200e-32,1.45488629e+00,1.87996650e-02,broad-band broad-time FS synchrotron grid; ratios are assumption-audit diagnostics
fs_synch_common_minimum,VegasAfterglow,2.0.5,PyPI VegasAfterglow==2.0.5,broad-band top-hat on-axis forward-shock synchrotron; uniform medium; E_iso=1e52 erg; Gamma0=300; theta_j=0.1 rad; n=1 cm^-3; epsilon_e=0.1; epsilon_B=1e-3; p=2.3; xi_e=0.1; z=0.1; d_L=1e26 cm; no spreading; no SSC; no reverse shock,observer time and frequency,2.40000000e+23,1.00000000e+04,flux_density_cgs,1.70880742e-32,1.60718727e+00,1.87996650e-02,broad-band broad-time FS synchrotron grid; ratios are assumption-audit diagnostics
fs_synch_common_minimum,VegasAfterglow,2.0.5,PyPI VegasAfterglow==2.0.5,broad-band top-hat on-axis forward-shock synchrotron; uniform medium; E_iso=1e52 erg; Gamma0=300; theta_j=0.1 rad; n=1 cm^-3; epsilon_e=0.1; epsilon_B=1e-3; p=2.3; xi_e=0.1; z=0.1; d_L=1e26 cm; no spreading; no SSC; no reverse shock,observer time and frequency,2.40000000e+23,3.16227766e+04,flux_density_cgs,3.38969010e-33,1.77468046e+00,1.87996650e-02,broad-band broad-time FS synchrotron grid; ratios are assumption-audit diagnostics
fs_synch_common_minimum,VegasAfterglow,2.0.5,PyPI VegasAfterglow==2.0.5,broad-band top-hat on-axis forward-shock synchrotron; uniform medium; E_iso=1e52 erg; Gamma0=300; theta_j=0.1 rad; n=1 cm^-3; epsilon_e=0.1; epsilon_B=1e-3; p=2.3; xi_e=0.1; z=0.1; d_L=1e26 cm; no spreading; no SSC; no reverse shock,observer time and frequency,2.40000000e+23,1.00000000e+05,flux_density_cgs,3.03641132e-34,2.05431524e+00,1.87996650e-02,broad-band broad-time FS synchrotron grid; ratios are assumption-audit diagnostics
fs_synch_common_minimum,VegasAfterglow,2.0.5,PyPI VegasAfterglow==2.0.5,broad-band top-hat on-axis forward-shock synchrotron; uniform medium; E_iso=1e52 erg; Gamma0=300; theta_j=0.1 rad; n=1 cm^-3; epsilon_e=0.1; epsilon_B=1e-3; p=2.3; xi_e=0.1; z=0.1; d_L=1e26 cm; no spreading; no SSC; no reverse shock,observer time and frequency,2.40000000e+23,3.16227766e+05,flux_density_cgs,1.94288669e-35,2.09565430e+00,1.87996650e-02,broad-band broad-time FS synchrotron grid; ratios are assumption-audit diagnostics
fs_synch_common_minimum,VegasAfterglow,2.0.5,PyPI VegasAfterglow==2.0.5,broad-band top-hat on-axis forward-shock synchrotron; uniform medium; E_iso=1e52 erg; Gamma0=300; theta_j=0.1 rad; n=1 cm^-3; epsilon_e=0.1; epsilon_B=1e-3; p=2.3; xi_e=0.1; z=0.1; d_L=1e26 cm; no spreading; no SSC; no reverse shock,observer time and frequency,2.40000000e+23,1.00000000e+06,flux_density_cgs,1.20431216e-36,1.94422631e+00,1.87996650e-02,broad-band broad-time FS synchrotron grid; ratios are assumption-audit diagnostics
fs_synch_common_minimum,VegasAfterglow,2.0.5,PyPI VegasAfterglow==2.0.5,broad-band top-hat on-axis forward-shock synchrotron; uniform medium; E_iso=1e52 erg; Gamma0=300; theta_j=0.1 rad; n=1 cm^-3; epsilon_e=0.1; epsilon_B=1e-3; p=2.3; xi_e=0.1; z=0.1; d_L=1e26 cm; no spreading; no SSC; no reverse shock,observer time and frequency,2.40000000e+23,3.16227766e+06,flux_density_cgs,7.19190258e-38,1.61226350e+00,1.87996650e-02,broad-band broad-time FS synchrotron grid; ratios are assumption-audit diagnostics
fs_synch_common_minimum,VegasAfterglow,2.0.5,PyPI VegasAfterglow==2.0.5,broad-band top-hat on-axis forward-shock synchrotron; uniform medium; E_iso=1e52 erg; Gamma0=300; theta_j=0.1 rad; n=1 cm^-3; epsilon_e=0.1; epsilon_B=1e-3; p=2.3; xi_e=0.1; z=0.1; d_L=1e26 cm; no spreading; no SSC; no reverse shock,observer time and frequency,2.40000000e+23,1.00000000e+07,flux_density_cgs,4.31548347e-39,1.17973223e+00,1.87996650e-02,broad-band broad-time FS synchrotron grid; ratios are assumption-audit diagnostics
fs_synch_common_minimum,VegasAfterglow,2.0.5,PyPI VegasAfterglow==2.0.5,broad-band top-hat on-axis forward-shock synchrotron; uniform medium; E_iso=1e52 erg; Gamma0=300; theta_j=0.1 rad; n=1 cm^-3; epsilon_e=0.1; epsilon_B=1e-3; p=2.3; xi_e=0.1; z=0.1; d_L=1e26 cm; no spreading; no SSC; no reverse shock,observer time and frequency,2.40000000e+23,3.16227766e+07,flux_density_cgs,2.90429490e-40,8.33714416e-01,1.87996650e-02,broad-band broad-time FS synchrotron grid; ratios are assumption-audit diagnostics
fs_synch_common_minimum,VegasAfterglow,2.0.5,PyPI VegasAfterglow==2.0.5,broad-band top-hat on-axis forward-shock synchrotron; uniform medium; E_iso=1e52 erg; Gamma0=300; theta_j=0.1 rad; n=1 cm^-3; epsilon_e=0.1; epsilon_B=1e-3; p=2.3; xi_e=0.1; z=0.1; d_L=1e26 cm; no spreading; no SSC; no reverse shock,observer time and frequency,2.40000000e+23,1.00000000e+08,flux_density_cgs,2.47665029e-41,5.91878274e-01,1.87996650e-02,broad-band broad-time FS synchrotron grid; ratios are assumption-audit diagnostics
fs_synch_common_minimum,VegasAfterglow,2.0.5,PyPI VegasAfterglow==2.0.5,broad-band top-hat on-axis forward-shock synchrotron; uniform medium; E_iso=1e52 erg; Gamma0=300; theta_j=0.1 rad; n=1 cm^-3; epsilon_e=0.1; epsilon_B=1e-3; p=2.3; xi_e=0.1; z=0.1; d_L=1e26 cm; no spreading; no SSC; no reverse shock,observer time and frequency,2.40000000e+26,1.00000000e+00,flux_density_cgs,3.81812178e-37,1.05246203e-01,1.87996650e-02,broad-band broad-time FS synchrotron grid; ratios are assumption-audit diagnostics
fs_synch_common_minimum,VegasAfterglow,2.0.5,PyPI VegasAfterglow==2.0.5,broad-band top-hat on-axis forward-shock synchrotron; uniform medium; E_iso=1e52 erg; Gamma0=300; theta_j=0.1 rad; n=1 cm^-3; epsilon_e=0.1; epsilon_B=1e-3; p=2.3; xi_e=0.1; z=0.1; d_L=1e26 cm; no spreading; no SSC; no reverse shock,observer time and frequency,2.40000000e+26,3.16227766e+00,flux_density_cgs,1.05796934e-36,3.07794212e-02,1.87996650e-02,broad-band broad-time FS synchrotron grid; ratios are assumption-audit diagnostics
fs_synch_common_minimum,VegasAfterglow,2.0.5,PyPI VegasAfterglow==2.0.5,broad-band top-hat on-axis forward-shock synchrotron; uniform medium; E_iso=1e52 erg; Gamma0=300; theta_j=0.1 rad; n=1 cm^-3; epsilon_e=0.1; epsilon_B=1e-3; p=2.3; xi_e=0.1; z=0.1; d_L=1e26 cm; no spreading; no SSC; no reverse shock,observer time and frequency,2.40000000e+26,1.00000000e+01,flux_density_cgs,3.29693549e-39,1.60696151e-05,1.87996650e-02,broad-band broad-time FS synchrotron grid; ratios are assumption-audit diagnostics
fs_synch_common_minimum,VegasAfterglow,2.0.5,PyPI VegasAfterglow==2.0.5,broad-band top-hat on-axis forward-shock synchrotron; uniform medium; E_iso=1e52 erg; Gamma0=300; theta_j=0.1 rad; n=1 cm^-3; epsilon_e=0.1; epsilon_B=1e-3; p=2.3; xi_e=0.1; z=0.1; d_L=1e26 cm; no spreading; no SSC; no reverse shock,observer time and frequency,2.40000000e+26,3.16227766e+01,flux_density_cgs,6.43007153e-44,1.71411198e-09,1.87996650e-02,broad-band broad-time FS synchrotron grid; ratios are assumption-audit diagnostics
fs_synch_common_minimum,VegasAfterglow,2.0.5,PyPI VegasAfterglow==2.0.5,broad-band top-hat on-axis forward-shock synchrotron; uniform medium; E_iso=1e52 erg; Gamma0=300; theta_j=0.1 rad; n=1 cm^-3; epsilon_e=0.1; epsilon_B=1e-3; p=2.3; xi_e=0.1; z=0.1; d_L=1e26 cm; no spreading; no SSC; no reverse shock,observer time and frequency,2.40000000e+26,1.00000000e+02,flux_density_cgs,9.82624849e-51,8.96674986e-15,1.87996650e-02,broad-band broad-time FS synchrotron grid; ratios are assumption-audit diagnostics
fs_synch_common_minimum,VegasAfterglow,2.0.5,PyPI VegasAfterglow==2.0.5,broad-band top-hat on-axis forward-shock synchrotron; uniform medium; E_iso=1e52 erg; Gamma0=300; theta_j=0.1 rad; n=1 cm^-3; epsilon_e=0.1; epsilon_B=1e-3; p=2.3; xi_e=0.1; z=0.1; d_L=1e26 cm; no spreading; no SSC; no reverse shock,observer time and frequency,2.40000000e+26,3.16227766e+02,flux_density_cgs,9.26698209e-61,7.83187467e-24,1.87996650e-02,broad-band broad-time FS synchrotron grid; ratios are assumption-audit diagnostics
fs_synch_common_minimum,VegasAfterglow,2.0.5,PyPI VegasAfterglow==2.0.5,broad-band top-hat on-axis forward-shock synchrotron; uniform medium; E_iso=1e52 erg; Gamma0=300; theta_j=0.1 rad; n=1 cm^-3; epsilon_e=0.1; epsilon_B=1e-3; p=2.3; xi_e=0.1; z=0.1; d_L=1e26 cm; no spreading; no SSC; no reverse shock,observer time and frequency,2.40000000e+26,1.00000000e+03,flux_density_cgs,1.15640058e-75,1.91265691e-37,1.87996650e-02,broad-band broad-time FS synchrotron grid; ratios are assumption-audit diagnostics
fs_synch_common_minimum,VegasAfterglow,2.0.5,PyPI VegasAfterglow==2.0.5,broad-band top-hat on-axis forward-shock synchrotron; uniform medium; E_iso=1e52 erg; Gamma0=300; theta_j=0.1 rad; n=1 cm^-3; epsilon_e=0.1; epsilon_B=1e-3; p=2.3; xi_e=0.1; z=0.1; d_L=1e26 cm; no spreading; no SSC; no reverse shock,observer time and frequency,2.40000000e+26,3.16227766e+03,flux_density_cgs,3.70228875e-98,1.51817044e-58,1.87996650e-02,broad-band broad-time FS synchrotron grid; ratios are assumption-audit diagnostics
fs_synch_common_minimum,VegasAfterglow,2.0.5,PyPI VegasAfterglow==2.0.5,broad-band top-hat on-axis forward-shock synchrotron; uniform medium; E_iso=1e52 erg; Gamma0=300; theta_j=0.1 rad; n=1 cm^-3; epsilon_e=0.1; epsilon_B=1e-3; p=2.3; xi_e=0.1; z=0.1; d_L=1e26 cm; no spreading; no SSC; no reverse shock,observer time and frequency,2.40000000e+26,1.00000000e+04,flux_density_cgs,2.73843763e-132,3.47954647e-91,1.87996650e-02,broad-band broad-time FS synchrotron grid; ratios are assumption-audit diagnostics
fs_synch_common_minimum,VegasAfterglow,2.0.5,PyPI VegasAfterglow==2.0.5,broad-band top-hat on-axis forward-shock synchrotron; uniform medium; E_iso=1e52 erg; Gamma0=300; theta_j=0.1 rad; n=1 cm^-3; epsilon_e=0.1; epsilon_B=1e-3; p=2.3; xi_e=0.1; z=0.1; d_L=1e26 cm; no spreading; no SSC; no reverse shock,observer time and frequency,2.40000000e+26,3.16227766e+04,flux_density_cgs,4.08946907e-184,2.06148338e-141,1.87996650e-02,broad-band broad-time FS synchrotron grid; ratios are assumption-audit diagnostics
fs_synch_common_minimum,VegasAfterglow,2.0.5,PyPI VegasAfterglow==2.0.5,broad-band top-hat on-axis forward-shock synchrotron; uniform medium; E_iso=1e52 erg; Gamma0=300; theta_j=0.1 rad; n=1 cm^-3; epsilon_e=0.1; epsilon_B=1e-3; p=2.3; xi_e=0.1; z=0.1; d_L=1e26 cm; no spreading; no SSC; no reverse shock,observer time and frequency,2.40000000e+26,1.00000000e+05,flux_density_cgs,1.70907012e-262,1.01852950e-217,1.87996650e-02,broad-band broad-time FS synchrotron grid; ratios are assumption-audit diagnostics
fs_synch_common_minimum,VegasAfterglow,2.0.5,PyPI VegasAfterglow==2.0.5,broad-band top-hat on-axis forward-shock synchrotron; uniform medium; E_iso=1e52 erg; Gamma0=300; theta_j=0.1 rad; n=1 cm^-3; epsilon_e=0.1; epsilon_B=1e-3; p=2.3; xi_e=0.1; z=0.1; d_L=1e26 cm; no spreading; no SSC; no reverse shock,observer time and frequency,2.40000000e+26,3.16227766e+05,flux_density_cgs,0.00000000e+00,0.00000000e+00,1.87996650e-02,broad-band broad-time FS synchrotron grid; ratios are assumption-audit diagnostics
fs_synch_common_minimum,VegasAfterglow,2.0.5,PyPI VegasAfterglow==2.0.5,broad-band top-hat on-axis forward-shock synchrotron; uniform medium; E_iso=1e52 erg; Gamma0=300; theta_j=0.1 rad; n=1 cm^-3; epsilon_e=0.1; epsilon_B=1e-3; p=2.3; xi_e=0.1; z=0.1; d_L=1e26 cm; no spreading; no SSC; no reverse shock,observer time and frequency,2.40000000e+26,1.00000000e+06,flux_density_cgs,0.00000000e+00,0.00000000e+00,1.87996650e-02,broad-band broad-time FS synchrotron grid; ratios are assumption-audit diagnostics
fs_synch_common_minimum,VegasAfterglow,2.0.5,PyPI VegasAfterglow==2.0.5,broad-band top-hat on-axis forward-shock synchrotron; uniform medium; E_iso=1e52 erg; Gamma0=300; theta_j=0.1 rad; n=1 cm^-3; epsilon_e=0.1; epsilon_B=1e-3; p=2.3; xi_e=0.1; z=0.1; d_L=1e26 cm; no spreading; no SSC; no reverse shock,observer time and frequency,2.40000000e+26,3.16227766e+06,flux_density_cgs,0.00000000e+00,0.00000000e+00,1.87996650e-02,broad-band broad-time FS synchrotron grid; ratios are assumption-audit diagnostics
fs_synch_common_minimum,VegasAfterglow,2.0.5,PyPI VegasAfterglow==2.0.5,broad-band top-hat on-axis forward-shock synchrotron; uniform medium; E_iso=1e52 erg; Gamma0=300; theta_j=0.1 rad; n=1 cm^-3; epsilon_e=0.1; epsilon_B=1e-3; p=2.3; xi_e=0.1; z=0.1; d_L=1e26 cm; no spreading; no SSC; no reverse shock,observer time and frequency,2.40000000e+26,1.00000000e+07,flux_density_cgs,0.00000000e+00,0.00000000e+00,1.87996650e-02,broad-band broad-time FS synchrotron grid; ratios are assumption-audit diagnostics
fs_synch_common_minimum,VegasAfterglow,2.0.5,PyPI VegasAfterglow==2.0.5,broad-band top-hat on-axis forward-shock synchrotron; uniform medium; E_iso=1e52 erg; Gamma0=300; theta_j=0.1 rad; n=1 cm^-3; epsilon_e=0.1; epsilon_B=1e-3; p=2.3; xi_e=0.1; z=0.1; d_L=1e26 cm; no spreading; no SSC; no reverse shock,observer time and frequency,2.40000000e+26,3.16227766e+07,flux_density_cgs,0.00000000e+00,0.00000000e+00,1.87996650e-02,broad-band broad-time FS synchrotron grid; ratios are assumption-audit diagnostics
fs_synch_common_minimum,VegasAfterglow,2.0.5,PyPI VegasAfterglow==2.0.5,broad-band top-hat on-axis forward-shock synchrotron; uniform medium; E_iso=1e52 erg; Gamma0=300; theta_j=0.1 rad; n=1 cm^-3; epsilon_e=0.1; epsilon_B=1e-3; p=2.3; xi_e=0.1; z=0.1; d_L=1e26 cm; no spreading; no SSC; no reverse shock,observer time and frequency,2.40000000e+26,1.00000000e+08,flux_density_cgs,0.00000000e+00,0.00000000e+00,1.87996650e-02,broad-band broad-time FS synchrotron grid; ratios are assumption-audit diagnostics
fs_synch_common_minimum,PyBlastAfterglowMag,0.0.0,git b0a39d170930908a398de56089fde8cfab16883d,broad-band top-hat on-axis forward-shock synchrotron; uniform medium; E_iso=1e52 erg; Gamma0=300; theta_j=0.1 rad; n=1 cm^-3; epsilon_e=0.1; epsilon_B=1e-3; p=2.3; xi_e=0.1; z=0.1; d_L=1e26 cm; no spreading; no SSC; no reverse shock,observer time and frequency,1.00000000e+08,1.00000000e+00,flux_density_cgs,2.31330704e-28,1.61966574e+02,3.75497766e-01,PyBlastAfterglowMag parfile plus repo-local pba.out; mJy values converted to cgs; ratios are assumption-audit diagnostics
fs_synch_common_minimum,PyBlastAfterglowMag,0.0.0,git b0a39d170930908a398de56089fde8cfab16883d,broad-band top-hat on-axis forward-shock synchrotron; uniform medium; E_iso=1e52 erg; Gamma0=300; theta_j=0.1 rad; n=1 cm^-3; epsilon_e=0.1; epsilon_B=1e-3; p=2.3; xi_e=0.1; z=0.1; d_L=1e26 cm; no spreading; no SSC; no reverse shock,observer time and frequency,1.00000000e+08,3.16227766e+00,flux_density_cgs,5.35111447e-27,1.17790122e+02,3.75497766e-01,PyBlastAfterglowMag parfile plus repo-local pba.out; mJy values converted to cgs; ratios are assumption-audit diagnostics
fs_synch_common_minimum,PyBlastAfterglowMag,0.0.0,git b0a39d170930908a398de56089fde8cfab16883d,broad-band top-hat on-axis forward-shock synchrotron; uniform medium; E_iso=1e52 erg; Gamma0=300; theta_j=0.1 rad; n=1 cm^-3; epsilon_e=0.1; epsilon_B=1e-3; p=2.3; xi_e=0.1; z=0.1; d_L=1e26 cm; no spreading; no SSC; no reverse shock,observer time and frequency,1.00000000e+08,1.00000000e+01,flux_density_cgs,3.27535062e-26,4.16508583e+01,3.75497766e-01,PyBlastAfterglowMag parfile plus repo-local pba.out; mJy values converted to cgs; ratios are assumption-audit diagnostics
fs_synch_common_minimum,PyBlastAfterglowMag,0.0.0,git b0a39d170930908a398de56089fde8cfab16883d,broad-band top-hat on-axis forward-shock synchrotron; uniform medium; E_iso=1e52 erg; Gamma0=300; theta_j=0.1 rad; n=1 cm^-3; epsilon_e=0.1; epsilon_B=1e-3; p=2.3; xi_e=0.1; z=0.1; d_L=1e26 cm; no spreading; no SSC; no reverse shock,observer time and frequency,1.00000000e+08,3.16227766e+01,flux_density_cgs,8.58181386e-26,3.11373950e+01,3.75497766e-01,PyBlastAfterglowMag parfile plus repo-local pba.out; mJy values converted to cgs; ratios are assumption-audit diagnostics
fs_synch_common_minimum,PyBlastAfterglowMag,0.0.0,git b0a39d170930908a398de56089fde8cfab16883d,broad-band top-hat on-axis forward-shock synchrotron; uniform medium; E_iso=1e52 erg; Gamma0=300; theta_j=0.1 rad; n=1 cm^-3; epsilon_e=0.1; epsilon_B=1e-3; p=2.3; xi_e=0.1; z=0.1; d_L=1e26 cm; no spreading; no SSC; no reverse shock,observer time and frequency,1.00000000e+08,1.00000000e+02,flux_density_cgs,1.77663168e-25,4.14151059e+01,3.75497766e-01,PyBlastAfterglowMag parfile plus repo-local pba.out; mJy values converted to cgs; ratios are assumption-audit diagnostics
fs_synch_common_minimum,PyBlastAfterglowMag,0.0.0,git b0a39d170930908a398de56089fde8cfab16883d,broad-band top-hat on-axis forward-shock synchrotron; uniform medium; E_iso=1e52 erg; Gamma0=300; theta_j=0.1 rad; n=1 cm^-3; epsilon_e=0.1; epsilon_B=1e-3; p=2.3; xi_e=0.1; z=0.1; d_L=1e26 cm; no spreading; no SSC; no reverse shock,observer time and frequency,1.00000000e+08,3.16227766e+02,flux_density_cgs,3.39713629e-25,3.60623875e+01,3.75497766e-01,PyBlastAfterglowMag parfile plus repo-local pba.out; mJy values converted to cgs; ratios are assumption-audit diagnostics
fs_synch_common_minimum,PyBlastAfterglowMag,0.0.0,git b0a39d170930908a398de56089fde8cfab16883d,broad-band top-hat on-axis forward-shock synchrotron; uniform medium; E_iso=1e52 erg; Gamma0=300; theta_j=0.1 rad; n=1 cm^-3; epsilon_e=0.1; epsilon_B=1e-3; p=2.3; xi_e=0.1; z=0.1; d_L=1e26 cm; no spreading; no SSC; no reverse shock,observer time and frequency,1.00000000e+08,1.00000000e+03,flux_density_cgs,6.29135757e-25,3.64570410e+01,3.75497766e-01,PyBlastAfterglowMag parfile plus repo-local pba.out; mJy values converted to cgs; ratios are assumption-audit diagnostics
fs_synch_common_minimum,PyBlastAfterglowMag,0.0.0,git b0a39d170930908a398de56089fde8cfab16883d,broad-band top-hat on-axis forward-shock synchrotron; uniform medium; E_iso=1e52 erg; Gamma0=300; theta_j=0.1 rad; n=1 cm^-3; epsilon_e=0.1; epsilon_B=1e-3; p=2.3; xi_e=0.1; z=0.1; d_L=1e26 cm; no spreading; no SSC; no reverse shock,observer time and frequency,1.00000000e+08,3.16227766e+03,flux_density_cgs,1.15079664e-24,3.78420689e+01,3.75497766e-01,PyBlastAfterglowMag parfile plus repo-local pba.out; mJy values converted to cgs; ratios are assumption-audit diagnostics
fs_synch_common_minimum,PyBlastAfterglowMag,0.0.0,git b0a39d170930908a398de56089fde8cfab16883d,broad-band top-hat on-axis forward-shock synchrotron; uniform medium; E_iso=1e52 erg; Gamma0=300; theta_j=0.1 rad; n=1 cm^-3; epsilon_e=0.1; epsilon_B=1e-3; p=2.3; xi_e=0.1; z=0.1; d_L=1e26 cm; no spreading; no SSC; no reverse shock,observer time and frequency,1.00000000e+08,1.00000000e+04,flux_density_cgs,2.10163003e-24,4.04486867e+01,3.75497766e-01,PyBlastAfterglowMag parfile plus repo-local pba.out; mJy values converted to cgs; ratios are assumption-audit diagnostics
fs_synch_common_minimum,PyBlastAfterglowMag,0.0.0,git b0a39d170930908a398de56089fde8cfab16883d,broad-band top-hat on-axis forward-shock synchrotron; uniform medium; E_iso=1e52 erg; Gamma0=300; theta_j=0.1 rad; n=1 cm^-3; epsilon_e=0.1; epsilon_B=1e-3; p=2.3; xi_e=0.1; z=0.1; d_L=1e26 cm; no spreading; no SSC; no reverse shock,observer time and frequency,1.00000000e+08,3.16227766e+04,flux_density_cgs,3.79718823e-24,4.31183989e+01,3.75497766e-01,PyBlastAfterglowMag parfile plus repo-local pba.out; mJy values converted to cgs; ratios are assumption-audit diagnostics
fs_synch_common_minimum,PyBlastAfterglowMag,0.0.0,git b0a39d170930908a398de56089fde8cfab16883d,broad-band top-hat on-axis forward-shock synchrotron; uniform medium; E_iso=1e52 erg; Gamma0=300; theta_j=0.1 rad; n=1 cm^-3; epsilon_e=0.1; epsilon_B=1e-3; p=2.3; xi_e=0.1; z=0.1; d_L=1e26 cm; no spreading; no SSC; no reverse shock,observer time and frequency,1.00000000e+08,1.00000000e+05,flux_density_cgs,5.08676805e-24,4.94425803e+01,3.75497766e-01,PyBlastAfterglowMag parfile plus repo-local pba.out; mJy values converted to cgs; ratios are assumption-audit diagnostics
fs_synch_common_minimum,PyBlastAfterglowMag,0.0.0,git b0a39d170930908a398de56089fde8cfab16883d,broad-band top-hat on-axis forward-shock synchrotron; uniform medium; E_iso=1e52 erg; Gamma0=300; theta_j=0.1 rad; n=1 cm^-3; epsilon_e=0.1; epsilon_B=1e-3; p=2.3; xi_e=0.1; z=0.1; d_L=1e26 cm; no spreading; no SSC; no reverse shock,observer time and frequency,1.00000000e+08,3.16227766e+05,flux_density_cgs,5.05385286e-24,5.82135505e+01,3.75497766e-01,PyBlastAfterglowMag parfile plus repo-local pba.out; mJy values converted to cgs; ratios are assumption-audit diagnostics
fs_synch_common_minimum,PyBlastAfterglowMag,0.0.0,git b0a39d170930908a398de56089fde8cfab16883d,broad-band top-hat on-axis forward-shock synchrotron; uniform medium; E_iso=1e52 erg; Gamma0=300; theta_j=0.1 rad; n=1 cm^-3; epsilon_e=0.1; epsilon_B=1e-3; p=2.3; xi_e=0.1; z=0.1; d_L=1e26 cm; no spreading; no SSC; no reverse shock,observer time and frequency,1.00000000e+08,1.00000000e+06,flux_density_cgs,4.60775350e-24,6.36165141e+01,3.75497766e-01,PyBlastAfterglowMag parfile plus repo-local pba.out; mJy values converted to cgs; ratios are assumption-audit diagnostics
fs_synch_common_minimum,PyBlastAfterglowMag,0.0.0,git b0a39d170930908a398de56089fde8cfab16883d,broad-band top-hat on-axis forward-shock synchrotron; uniform medium; E_iso=1e52 erg; Gamma0=300; theta_j=0.1 rad; n=1 cm^-3; epsilon_e=0.1; epsilon_B=1e-3; p=2.3; xi_e=0.1; z=0.1; d_L=1e26 cm; no spreading; no SSC; no reverse shock,observer time and frequency,1.00000000e+08,3.16227766e+06,flux_density_cgs,2.20587728e-24,3.46815366e+01,3.75497766e-01,PyBlastAfterglowMag parfile plus repo-local pba.out; mJy values converted to cgs; ratios are assumption-audit diagnostics
fs_synch_common_minimum,PyBlastAfterglowMag,0.0.0,git b0a39d170930908a398de56089fde8cfab16883d,broad-band top-hat on-axis forward-shock synchrotron; uniform medium; E_iso=1e52 erg; Gamma0=300; theta_j=0.1 rad; n=1 cm^-3; epsilon_e=0.1; epsilon_B=1e-3; p=2.3; xi_e=0.1; z=0.1; d_L=1e26 cm; no spreading; no SSC; no reverse shock,observer time and frequency,1.00000000e+08,1.00000000e+07,flux_density_cgs,3.89782726e-25,8.66571342e+00,3.75497766e-01,PyBlastAfterglowMag parfile plus repo-local pba.out; mJy values converted to cgs; ratios are assumption-audit diagnostics
fs_synch_common_minimum,PyBlastAfterglowMag,0.0.0,git b0a39d170930908a398de56089fde8cfab16883d,broad-band top-hat on-axis forward-shock synchrotron; uniform medium; E_iso=1e52 erg; Gamma0=300; theta_j=0.1 rad; n=1 cm^-3; epsilon_e=0.1; epsilon_B=1e-3; p=2.3; xi_e=0.1; z=0.1; d_L=1e26 cm; no spreading; no SSC; no reverse shock,observer time and frequency,1.00000000e+08,3.16227766e+07,flux_density_cgs,6.48466054e-26,2.59539955e+00,3.75497766e-01,PyBlastAfterglowMag parfile plus repo-local pba.out; mJy values converted to cgs; ratios are assumption-audit diagnostics
fs_synch_common_minimum,PyBlastAfterglowMag,0.0.0,git b0a39d170930908a398de56089fde8cfab16883d,broad-band top-hat on-axis forward-shock synchrotron; uniform medium; E_iso=1e52 erg; Gamma0=300; theta_j=0.1 rad; n=1 cm^-3; epsilon_e=0.1; epsilon_B=1e-3; p=2.3; xi_e=0.1; z=0.1; d_L=1e26 cm; no spreading; no SSC; no reverse shock,observer time and frequency,1.00000000e+08,1.00000000e+08,flux_density_cgs,1.46105187e-26,5.93894569e-01,3.75497766e-01,PyBlastAfterglowMag parfile plus repo-local pba.out; mJy values converted to cgs; ratios are assumption-audit diagnostics
fs_synch_common_minimum,PyBlastAfterglowMag,0.0.0,git b0a39d170930908a398de56089fde8cfab16883d,broad-band top-hat on-axis forward-shock synchrotron; uniform medium; E_iso=1e52 erg; Gamma0=300; theta_j=0.1 rad; n=1 cm^-3; epsilon_e=0.1; epsilon_B=1e-3; p=2.3; xi_e=0.1; z=0.1; d_L=1e26 cm; no spreading; no SSC; no reverse shock,observer time and frequency,1.00000000e+09,1.00000000e+00,flux_density_cgs,4.98386892e-28,1.56457815e+02,3.75497766e-01,PyBlastAfterglowMag parfile plus repo-local pba.out; mJy values converted to cgs; ratios are assumption-audit diagnostics
fs_synch_common_minimum,PyBlastAfterglowMag,0.0.0,git b0a39d170930908a398de56089fde8cfab16883d,broad-band top-hat on-axis forward-shock synchrotron; uniform medium; E_iso=1e52 erg; Gamma0=300; theta_j=0.1 rad; n=1 cm^-3; epsilon_e=0.1; epsilon_B=1e-3; p=2.3; xi_e=0.1; z=0.1; d_L=1e26 cm; no spreading; no SSC; no reverse shock,observer time and frequency,1.00000000e+09,3.16227766e+00,flux_density_cgs,1.15286266e-26,9.84822881e+01,3.75497766e-01,PyBlastAfterglowMag parfile plus repo-local pba.out; mJy values converted to cgs; ratios are assumption-audit diagnostics
fs_synch_common_minimum,PyBlastAfterglowMag,0.0.0,git b0a39d170930908a398de56089fde8cfab16883d,broad-band top-hat on-axis forward-shock synchrotron; uniform medium; E_iso=1e52 erg; Gamma0=300; theta_j=0.1 rad; n=1 cm^-3; epsilon_e=0.1; epsilon_B=1e-3; p=2.3; xi_e=0.1; z=0.1; d_L=1e26 cm; no spreading; no SSC; no reverse shock,observer time and frequency,1.00000000e+09,1.00000000e+01,flux_density_cgs,7.05652900e-26,1.67264685e+01,3.75497766e-01,PyBlastAfterglowMag parfile plus repo-local pba.out; mJy values converted to cgs; ratios are assumption-audit diagnostics
fs_synch_common_minimum,PyBlastAfterglowMag,0.0.0,git b0a39d170930908a398de56089fde8cfab16883d,broad-band top-hat on-axis forward-shock synchrotron; uniform medium; E_iso=1e52 erg; Gamma0=300; theta_j=0.1 rad; n=1 cm^-3; epsilon_e=0.1; epsilon_B=1e-3; p=2.3; xi_e=0.1; z=0.1; d_L=1e26 cm; no spreading; no SSC; no reverse shock,observer time and frequency,1.00000000e+09,3.16227766e+01,flux_density_cgs,1.84889575e-25,1.01129899e+01,3.75497766e-01,PyBlastAfterglowMag parfile plus repo-local pba.out; mJy values converted to cgs; ratios are assumption-audit diagnostics
fs_synch_common_minimum,PyBlastAfterglowMag,0.0.0,git b0a39d170930908a398de56089fde8cfab16883d,broad-band top-hat on-axis forward-shock synchrotron; uniform medium; E_iso=1e52 erg; Gamma0=300; theta_j=0.1 rad; n=1 cm^-3; epsilon_e=0.1; epsilon_B=1e-3; p=2.3; xi_e=0.1; z=0.1; d_L=1e26 cm; no spreading; no SSC; no reverse shock,observer time and frequency,1.00000000e+09,1.00000000e+02,flux_density_cgs,3.82763692e-25,2.04215964e+01,3.75497766e-01,PyBlastAfterglowMag parfile plus repo-local pba.out; mJy values converted to cgs; ratios are assumption-audit diagnostics
fs_synch_common_minimum,PyBlastAfterglowMag,0.0.0,git b0a39d170930908a398de56089fde8cfab16883d,broad-band top-hat on-axis forward-shock synchrotron; uniform medium; E_iso=1e52 erg; Gamma0=300; theta_j=0.1 rad; n=1 cm^-3; epsilon_e=0.1; epsilon_B=1e-3; p=2.3; xi_e=0.1; z=0.1; d_L=1e26 cm; no spreading; no SSC; no reverse shock,observer time and frequency,1.00000000e+09,3.16227766e+02,flux_density_cgs,7.31890811e-25,2.25428549e+01,3.75497766e-01,PyBlastAfterglowMag parfile plus repo-local pba.out; mJy values converted to cgs; ratios are assumption-audit diagnostics
fs_synch_common_minimum,PyBlastAfterglowMag,0.0.0,git b0a39d170930908a398de56089fde8cfab16883d,broad-band top-hat on-axis forward-shock synchrotron; uniform medium; E_iso=1e52 erg; Gamma0=300; theta_j=0.1 rad; n=1 cm^-3; epsilon_e=0.1; epsilon_B=1e-3; p=2.3; xi_e=0.1; z=0.1; d_L=1e26 cm; no spreading; no SSC; no reverse shock,observer time and frequency,1.00000000e+09,1.00000000e+03,flux_density_cgs,1.35543160e-24,2.67168365e+01,3.75497766e-01,PyBlastAfterglowMag parfile plus repo-local pba.out; mJy values converted to cgs; ratios are assumption-audit diagnostics
fs_synch_common_minimum,PyBlastAfterglowMag,0.0.0,git b0a39d170930908a398de56089fde8cfab16883d,broad-band top-hat on-axis forward-shock synchrotron; uniform medium; E_iso=1e52 erg; Gamma0=300; theta_j=0.1 rad; n=1 cm^-3; epsilon_e=0.1; epsilon_B=1e-3; p=2.3; xi_e=0.1; z=0.1; d_L=1e26 cm; no spreading; no SSC; no reverse shock,observer time and frequency,1.00000000e+09,3.16227766e+03,flux_density_cgs,2.47931012e-24,3.00145295e+01,3.75497766e-01,PyBlastAfterglowMag parfile plus repo-local pba.out; mJy values converted to cgs; ratios are assumption-audit diagnostics
fs_synch_common_minimum,PyBlastAfterglowMag,0.0.0,git b0a39d170930908a398de56089fde8cfab16883d,broad-band top-hat on-axis forward-shock synchrotron; uniform medium; E_iso=1e52 erg; Gamma0=300; theta_j=0.1 rad; n=1 cm^-3; epsilon_e=0.1; epsilon_B=1e-3; p=2.3; xi_e=0.1; z=0.1; d_L=1e26 cm; no spreading; no SSC; no reverse shock,observer time and frequency,1.00000000e+09,1.00000000e+04,flux_density_cgs,4.52769914e-24,3.25913302e+01,3.75497766e-01,PyBlastAfterglowMag parfile plus repo-local pba.out; mJy values converted to cgs; ratios are assumption-audit diagnostics
fs_synch_common_minimum,PyBlastAfterglowMag,0.0.0,git b0a39d170930908a398de56089fde8cfab16883d,broad-band top-hat on-axis forward-shock synchrotron; uniform medium; E_iso=1e52 erg; Gamma0=300; theta_j=0.1 rad; n=1 cm^-3; epsilon_e=0.1; epsilon_B=1e-3; p=2.3; xi_e=0.1; z=0.1; d_L=1e26 cm; no spreading; no SSC; no reverse shock,observer time and frequency,1.00000000e+09,3.16227766e+04,flux_density_cgs,8.17804878e-24,3.50122328e+01,3.75497766e-01,PyBlastAfterglowMag parfile plus repo-local pba.out; mJy values converted to cgs; ratios are assumption-audit diagnostics
fs_synch_common_minimum,PyBlastAfterglowMag,0.0.0,git b0a39d170930908a398de56089fde8cfab16883d,broad-band top-hat on-axis forward-shock synchrotron; uniform medium; E_iso=1e52 erg; Gamma0=300; theta_j=0.1 rad; n=1 cm^-3; epsilon_e=0.1; epsilon_B=1e-3; p=2.3; xi_e=0.1; z=0.1; d_L=1e26 cm; no spreading; no SSC; no reverse shock,observer time and frequency,1.00000000e+09,1.00000000e+05,flux_density_cgs,1.08987297e-23,3.89480808e+01,3.75497766e-01,PyBlastAfterglowMag parfile plus repo-local pba.out; mJy values converted to cgs; ratios are assumption-audit diagnostics
fs_synch_common_minimum,PyBlastAfterglowMag,0.0.0,git b0a39d170930908a398de56089fde8cfab16883d,broad-band top-hat on-axis forward-shock synchrotron; uniform medium; E_iso=1e52 erg; Gamma0=300; theta_j=0.1 rad; n=1 cm^-3; epsilon_e=0.1; epsilon_B=1e-3; p=2.3; xi_e=0.1; z=0.1; d_L=1e26 cm; no spreading; no SSC; no reverse shock,observer time and frequency,1.00000000e+09,3.16227766e+05,flux_density_cgs,9.86643315e-24,3.84252726e+01,3.75497766e-01,PyBlastAfterglowMag parfile plus repo-local pba.out; mJy values converted to cgs; ratios are assumption-audit diagnostics
fs_synch_common_minimum,PyBlastAfterglowMag,0.0.0,git b0a39d170930908a398de56089fde8cfab16883d,broad-band top-hat on-axis forward-shock synchrotron; uniform medium; E_iso=1e52 erg; Gamma0=300; theta_j=0.1 rad; n=1 cm^-3; epsilon_e=0.1; epsilon_B=1e-3; p=2.3; xi_e=0.1; z=0.1; d_L=1e26 cm; no spreading; no SSC; no reverse shock,observer time and frequency,1.00000000e+09,1.00000000e+06,flux_density_cgs,4.02018697e-24,1.71997672e+01,3.75497766e-01,PyBlastAfterglowMag parfile plus repo-local pba.out; mJy values converted to cgs; ratios are assumption-audit diagnostics
fs_synch_common_minimum,PyBlastAfterglowMag,0.0.0,git b0a39d170930908a398de56089fde8cfab16883d,broad-band top-hat on-axis forward-shock synchrotron; uniform medium; E_iso=1e52 erg; Gamma0=300; theta_j=0.1 rad; n=1 cm^-3; epsilon_e=0.1; epsilon_B=1e-3; p=2.3; xi_e=0.1; z=0.1; d_L=1e26 cm; no spreading; no SSC; no reverse shock,observer time and frequency,1.00000000e+09,3.16227766e+06,flux_density_cgs,6.16360882e-25,2.74681131e+00,3.75497766e-01,PyBlastAfterglowMag parfile plus repo-local pba.out; mJy values converted to cgs; ratios are assumption-audit diagnostics
fs_synch_common_minimum,PyBlastAfterglowMag,0.0.0,git b0a39d170930908a398de56089fde8cfab16883d,broad-band top-hat on-axis forward-shock synchrotron; uniform medium; E_iso=1e52 erg; Gamma0=300; theta_j=0.1 rad; n=1 cm^-3; epsilon_e=0.1; epsilon_B=1e-3; p=2.3; xi_e=0.1; z=0.1; d_L=1e26 cm; no spreading; no SSC; no reverse shock,observer time and frequency,1.00000000e+09,1.00000000e+07,flux_density_cgs,8.82589922e-26,5.22422314e-01,3.75497766e-01,PyBlastAfterglowMag parfile plus repo-local pba.out; mJy values converted to cgs; ratios are assumption-audit diagnostics
fs_synch_common_minimum,PyBlastAfterglowMag,0.0.0,git b0a39d170930908a398de56089fde8cfab16883d,broad-band top-hat on-axis forward-shock synchrotron; uniform medium; E_iso=1e52 erg; Gamma0=300; theta_j=0.1 rad; n=1 cm^-3; epsilon_e=0.1; epsilon_B=1e-3; p=2.3; xi_e=0.1; z=0.1; d_L=1e26 cm; no spreading; no SSC; no reverse shock,observer time and frequency,1.00000000e+09,3.16227766e+07,flux_density_cgs,1.45527729e-26,2.57873556e-01,3.75497766e-01,PyBlastAfterglowMag parfile plus repo-local pba.out; mJy values converted to cgs; ratios are assumption-audit diagnostics
fs_synch_common_minimum,PyBlastAfterglowMag,0.0.0,git b0a39d170930908a398de56089fde8cfab16883d,broad-band top-hat on-axis forward-shock synchrotron; uniform medium; E_iso=1e52 erg; Gamma0=300; theta_j=0.1 rad; n=1 cm^-3; epsilon_e=0.1; epsilon_B=1e-3; p=2.3; xi_e=0.1; z=0.1; d_L=1e26 cm; no spreading; no SSC; no reverse shock,observer time and frequency,1.00000000e+09,1.00000000e+08,flux_density_cgs,3.27271918e-27,2.40643278e-01,3.75497766e-01,PyBlastAfterglowMag parfile plus repo-local pba.out; mJy values converted to cgs; ratios are assumption-audit diagnostics
fs_synch_common_minimum,PyBlastAfterglowMag,0.0.0,git b0a39d170930908a398de56089fde8cfab16883d,broad-band top-hat on-axis forward-shock synchrotron; uniform medium; E_iso=1e52 erg; Gamma0=300; theta_j=0.1 rad; n=1 cm^-3; epsilon_e=0.1; epsilon_B=1e-3; p=2.3; xi_e=0.1; z=0.1; d_L=1e26 cm; no spreading; no SSC; no reverse shock,observer time and frequency,1.00000000e+10,1.00000000e+00,flux_density_cgs,1.07374201e-27,1.56347443e+02,3.75497766e-01,PyBlastAfterglowMag parfile plus repo-local pba.out; mJy values converted to cgs; ratios are assumption-audit diagnostics
fs_synch_common_minimum,PyBlastAfterglowMag,0.0.0,git b0a39d170930908a398de56089fde8cfab16883d,broad-band top-hat on-axis forward-shock synchrotron; uniform medium; E_iso=1e52 erg; Gamma0=300; theta_j=0.1 rad; n=1 cm^-3; epsilon_e=0.1; epsilon_B=1e-3; p=2.3; xi_e=0.1; z=0.1; d_L=1e26 cm; no spreading; no SSC; no reverse shock,observer time and frequency,1.00000000e+10,3.16227766e+00,flux_density_cgs,2.48376732e-26,9.80925429e+01,3.75497766e-01,PyBlastAfterglowMag parfile plus repo-local pba.out; mJy values converted to cgs; ratios are assumption-audit diagnostics
fs_synch_common_minimum,PyBlastAfterglowMag,0.0.0,git b0a39d170930908a398de56089fde8cfab16883d,broad-band top-hat on-axis forward-shock synchrotron; uniform medium; E_iso=1e52 erg; Gamma0=300; theta_j=0.1 rad; n=1 cm^-3; epsilon_e=0.1; epsilon_B=1e-3; p=2.3; xi_e=0.1; z=0.1; d_L=1e26 cm; no spreading; no SSC; no reverse shock,observer time and frequency,1.00000000e+10,1.00000000e+01,flux_density_cgs,1.52028309e-25,1.63101870e+01,3.75497766e-01,PyBlastAfterglowMag parfile plus repo-local pba.out; mJy values converted to cgs; ratios are assumption-audit diagnostics
fs_synch_common_minimum,PyBlastAfterglowMag,0.0.0,git b0a39d170930908a398de56089fde8cfab16883d,broad-band top-hat on-axis forward-shock synchrotron; uniform medium; E_iso=1e52 erg; Gamma0=300; theta_j=0.1 rad; n=1 cm^-3; epsilon_e=0.1; epsilon_B=1e-3; p=2.3; xi_e=0.1; z=0.1; d_L=1e26 cm; no spreading; no SSC; no reverse shock,observer time and frequency,1.00000000e+10,3.16227766e+01,flux_density_cgs,3.98332512e-25,9.76166535e+00,3.75497766e-01,PyBlastAfterglowMag parfile plus repo-local pba.out; mJy values converted to cgs; ratios are assumption-audit diagnostics
fs_synch_common_minimum,PyBlastAfterglowMag,0.0.0,git b0a39d170930908a398de56089fde8cfab16883d,broad-band top-hat on-axis forward-shock synchrotron; uniform medium; E_iso=1e52 erg; Gamma0=300; theta_j=0.1 rad; n=1 cm^-3; epsilon_e=0.1; epsilon_B=1e-3; p=2.3; xi_e=0.1; z=0.1; d_L=1e26 cm; no spreading; no SSC; no reverse shock,observer time and frequency,1.00000000e+10,1.00000000e+02,flux_density_cgs,8.24639340e-25,2.00220396e+01,3.75497766e-01,PyBlastAfterglowMag parfile plus repo-local pba.out; mJy values converted to cgs; ratios are assumption-audit diagnostics
fs_synch_common_minimum,PyBlastAfterglowMag,0.0.0,git b0a39d170930908a398de56089fde8cfab16883d,broad-band top-hat on-axis forward-shock synchrotron; uniform medium; E_iso=1e52 erg; Gamma0=300; theta_j=0.1 rad; n=1 cm^-3; epsilon_e=0.1; epsilon_B=1e-3; p=2.3; xi_e=0.1; z=0.1; d_L=1e26 cm; no spreading; no SSC; no reverse shock,observer time and frequency,1.00000000e+10,3.16227766e+02,flux_density_cgs,1.57681020e-24,2.22956959e+01,3.75497766e-01,PyBlastAfterglowMag parfile plus repo-local pba.out; mJy values converted to cgs; ratios are assumption-audit diagnostics
fs_synch_common_minimum,PyBlastAfterglowMag,0.0.0,git b0a39d170930908a398de56089fde8cfab16883d,broad-band top-hat on-axis forward-shock synchrotron; uniform medium; E_iso=1e52 erg; Gamma0=300; theta_j=0.1 rad; n=1 cm^-3; epsilon_e=0.1; epsilon_B=1e-3; p=2.3; xi_e=0.1; z=0.1; d_L=1e26 cm; no spreading; no SSC; no reverse shock,observer time and frequency,1.00000000e+10,1.00000000e+03,flux_density_cgs,2.92017394e-24,2.65360136e+01,3.75497766e-01,PyBlastAfterglowMag parfile plus repo-local pba.out; mJy values converted to cgs; ratios are assumption-audit diagnostics
fs_synch_common_minimum,PyBlastAfterglowMag,0.0.0,git b0a39d170930908a398de56089fde8cfab16883d,broad-band top-hat on-axis forward-shock synchrotron; uniform medium; E_iso=1e52 erg; Gamma0=300; theta_j=0.1 rad; n=1 cm^-3; epsilon_e=0.1; epsilon_B=1e-3; p=2.3; xi_e=0.1; z=0.1; d_L=1e26 cm; no spreading; no SSC; no reverse shock,observer time and frequency,1.00000000e+10,3.16227766e+03,flux_density_cgs,5.34121458e-24,2.98452070e+01,3.75497766e-01,PyBlastAfterglowMag parfile plus repo-local pba.out; mJy values converted to cgs; ratios are assumption-audit diagnostics
fs_synch_common_minimum,PyBlastAfterglowMag,0.0.0,git b0a39d170930908a398de56089fde8cfab16883d,broad-band top-hat on-axis forward-shock synchrotron; uniform medium; E_iso=1e52 erg; Gamma0=300; theta_j=0.1 rad; n=1 cm^-3; epsilon_e=0.1; epsilon_B=1e-3; p=2.3; xi_e=0.1; z=0.1; d_L=1e26 cm; no spreading; no SSC; no reverse shock,observer time and frequency,1.00000000e+10,1.00000000e+04,flux_density_cgs,9.74850636e-24,3.24253208e+01,3.75497766e-01,PyBlastAfterglowMag parfile plus repo-local pba.out; mJy values converted to cgs; ratios are assumption-audit diagnostics
fs_synch_common_minimum,PyBlastAfterglowMag,0.0.0,git b0a39d170930908a398de56089fde8cfab16883d,broad-band top-hat on-axis forward-shock synchrotron; uniform medium; E_iso=1e52 erg; Gamma0=300; theta_j=0.1 rad; n=1 cm^-3; epsilon_e=0.1; epsilon_B=1e-3; p=2.3; xi_e=0.1; z=0.1; d_L=1e26 cm; no spreading; no SSC; no reverse shock,observer time and frequency,1.00000000e+10,3.16227766e+04,flux_density_cgs,1.74866765e-23,3.46404389e+01,3.75497766e-01,PyBlastAfterglowMag parfile plus repo-local pba.out; mJy values converted to cgs; ratios are assumption-audit diagnostics
fs_synch_common_minimum,PyBlastAfterglowMag,0.0.0,git b0a39d170930908a398de56089fde8cfab16883d,broad-band top-hat on-axis forward-shock synchrotron; uniform medium; E_iso=1e52 erg; Gamma0=300; theta_j=0.1 rad; n=1 cm^-3; epsilon_e=0.1; epsilon_B=1e-3; p=2.3; xi_e=0.1; z=0.1; d_L=1e26 cm; no spreading; no SSC; no reverse shock,observer time and frequency,1.00000000e+10,1.00000000e+05,flux_density_cgs,2.09738771e-23,3.47727747e+01,3.75497766e-01,PyBlastAfterglowMag parfile plus repo-local pba.out; mJy values converted to cgs; ratios are assumption-audit diagnostics
fs_synch_common_minimum,PyBlastAfterglowMag,0.0.0,git b0a39d170930908a398de56089fde8cfab16883d,broad-band top-hat on-axis forward-shock synchrotron; uniform medium; E_iso=1e52 erg; Gamma0=300; theta_j=0.1 rad; n=1 cm^-3; epsilon_e=0.1; epsilon_B=1e-3; p=2.3; xi_e=0.1; z=0.1; d_L=1e26 cm; no spreading; no SSC; no reverse shock,observer time and frequency,1.00000000e+10,3.16227766e+05,flux_density_cgs,8.03585013e-24,1.47822771e+01,3.75497766e-01,PyBlastAfterglowMag parfile plus repo-local pba.out; mJy values converted to cgs; ratios are assumption-audit diagnostics
fs_synch_common_minimum,PyBlastAfterglowMag,0.0.0,git b0a39d170930908a398de56089fde8cfab16883d,broad-band top-hat on-axis forward-shock synchrotron; uniform medium; E_iso=1e52 erg; Gamma0=300; theta_j=0.1 rad; n=1 cm^-3; epsilon_e=0.1; epsilon_B=1e-3; p=2.3; xi_e=0.1; z=0.1; d_L=1e26 cm; no spreading; no SSC; no reverse shock,observer time and frequency,1.00000000e+10,1.00000000e+06,flux_density_cgs,1.10292167e-24,2.44700025e+00,3.75497766e-01,PyBlastAfterglowMag parfile plus repo-local pba.out; mJy values converted to cgs; ratios are assumption-audit diagnostics
fs_synch_common_minimum,PyBlastAfterglowMag,0.0.0,git b0a39d170930908a398de56089fde8cfab16883d,broad-band top-hat on-axis forward-shock synchrotron; uniform medium; E_iso=1e52 erg; Gamma0=300; theta_j=0.1 rad; n=1 cm^-3; epsilon_e=0.1; epsilon_B=1e-3; p=2.3; xi_e=0.1; z=0.1; d_L=1e26 cm; no spreading; no SSC; no reverse shock,observer time and frequency,1.00000000e+10,3.16227766e+06,flux_density_cgs,1.39585483e-25,5.02334465e-01,3.75497766e-01,PyBlastAfterglowMag parfile plus repo-local pba.out; mJy values converted to cgs; ratios are assumption-audit diagnostics
fs_synch_common_minimum,PyBlastAfterglowMag,0.0.0,git b0a39d170930908a398de56089fde8cfab16883d,broad-band top-hat on-axis forward-shock synchrotron; uniform medium; E_iso=1e52 erg; Gamma0=300; theta_j=0.1 rad; n=1 cm^-3; epsilon_e=0.1; epsilon_B=1e-3; p=2.3; xi_e=0.1; z=0.1; d_L=1e26 cm; no spreading; no SSC; no reverse shock,observer time and frequency,1.00000000e+10,1.00000000e+07,flux_density_cgs,1.97688039e-26,2.57560122e-01,3.75497766e-01,PyBlastAfterglowMag parfile plus repo-local pba.out; mJy values converted to cgs; ratios are assumption-audit diagnostics
fs_synch_common_minimum,PyBlastAfterglowMag,0.0.0,git b0a39d170930908a398de56089fde8cfab16883d,broad-band top-hat on-axis forward-shock synchrotron; uniform medium; E_iso=1e52 erg; Gamma0=300; theta_j=0.1 rad; n=1 cm^-3; epsilon_e=0.1; epsilon_B=1e-3; p=2.3; xi_e=0.1; z=0.1; d_L=1e26 cm; no spreading; no SSC; no reverse shock,observer time and frequency,1.00000000e+10,3.16227766e+07,flux_density_cgs,3.25901219e-27,2.12433366e-01,3.75497766e-01,PyBlastAfterglowMag parfile plus repo-local pba.out; mJy values converted to cgs; ratios are assumption-audit diagnostics
fs_synch_common_minimum,PyBlastAfterglowMag,0.0.0,git b0a39d170930908a398de56089fde8cfab16883d,broad-band top-hat on-axis forward-shock synchrotron; uniform medium; E_iso=1e52 erg; Gamma0=300; theta_j=0.1 rad; n=1 cm^-3; epsilon_e=0.1; epsilon_B=1e-3; p=2.3; xi_e=0.1; z=0.1; d_L=1e26 cm; no spreading; no SSC; no reverse shock,observer time and frequency,1.00000000e+10,1.00000000e+08,flux_density_cgs,7.32688709e-28,2.28885387e-01,3.75497766e-01,PyBlastAfterglowMag parfile plus repo-local pba.out; mJy values converted to cgs; ratios are assumption-audit diagnostics
fs_synch_common_minimum,PyBlastAfterglowMag,0.0.0,git b0a39d170930908a398de56089fde8cfab16883d,broad-band top-hat on-axis forward-shock synchrotron; uniform medium; E_iso=1e52 erg; Gamma0=300; theta_j=0.1 rad; n=1 cm^-3; epsilon_e=0.1; epsilon_B=1e-3; p=2.3; xi_e=0.1; z=0.1; d_L=1e26 cm; no spreading; no SSC; no reverse shock,observer time and frequency,1.00000000e+12,1.00000000e+00,flux_density_cgs,4.98386882e-27,1.56350204e+02,3.75497766e-01,PyBlastAfterglowMag parfile plus repo-local pba.out; mJy values converted to cgs; ratios are assumption-audit diagnostics
fs_synch_common_minimum,PyBlastAfterglowMag,0.0.0,git b0a39d170930908a398de56089fde8cfab16883d,broad-band top-hat on-axis forward-shock synchrotron; uniform medium; E_iso=1e52 erg; Gamma0=300; theta_j=0.1 rad; n=1 cm^-3; epsilon_e=0.1; epsilon_B=1e-3; p=2.3; xi_e=0.1; z=0.1; d_L=1e26 cm; no spreading; no SSC; no reverse shock,observer time and frequency,1.00000000e+12,3.16227766e+00,flux_density_cgs,1.15286263e-25,9.80923687e+01,3.75497766e-01,PyBlastAfterglowMag parfile plus repo-local pba.out; mJy values converted to cgs; ratios are assumption-audit diagnostics
fs_synch_common_minimum,PyBlastAfterglowMag,0.0.0,git b0a39d170930908a398de56089fde8cfab16883d,broad-band top-hat on-axis forward-shock synchrotron; uniform medium; E_iso=1e52 erg; Gamma0=300; theta_j=0.1 rad; n=1 cm^-3; epsilon_e=0.1; epsilon_B=1e-3; p=2.3; xi_e=0.1; z=0.1; d_L=1e26 cm; no spreading; no SSC; no reverse shock,observer time and frequency,1.00000000e+12,1.00000000e+01,flux_density_cgs,7.05652758e-25,1.63037317e+01,3.75497766e-01,PyBlastAfterglowMag parfile plus repo-local pba.out; mJy values converted to cgs; ratios are assumption-audit diagnostics
fs_synch_common_minimum,PyBlastAfterglowMag,0.0.0,git b0a39d170930908a398de56089fde8cfab16883d,broad-band top-hat on-axis forward-shock synchrotron; uniform medium; E_iso=1e52 erg; Gamma0=300; theta_j=0.1 rad; n=1 cm^-3; epsilon_e=0.1; epsilon_B=1e-3; p=2.3; xi_e=0.1; z=0.1; d_L=1e26 cm; no spreading; no SSC; no reverse shock,observer time and frequency,1.00000000e+12,3.16227766e+01,flux_density_cgs,1.84889163e-24,9.75636419e+00,3.75497766e-01,PyBlastAfterglowMag parfile plus repo-local pba.out; mJy values converted to cgs; ratios are assumption-audit diagnostics
fs_synch_common_minimum,PyBlastAfterglowMag,0.0.0,git b0a39d170930908a398de56089fde8cfab16883d,broad-band top-hat on-axis forward-shock synchrotron; uniform medium; E_iso=1e52 erg; Gamma0=300; theta_j=0.1 rad; n=1 cm^-3; epsilon_e=0.1; epsilon_B=1e-3; p=2.3; xi_e=0.1; z=0.1; d_L=1e26 cm; no spreading; no SSC; no reverse shock,observer time and frequency,1.00000000e+12,1.00000000e+02,flux_density_cgs,3.82754416e-24,2.00237377e+01,3.75497766e-01,PyBlastAfterglowMag parfile plus repo-local pba.out; mJy values converted to cgs; ratios are assumption-audit diagnostics
fs_synch_common_minimum,PyBlastAfterglowMag,0.0.0,git b0a39d170930908a398de56089fde8cfab16883d,broad-band top-hat on-axis forward-shock synchrotron; uniform medium; E_iso=1e52 erg; Gamma0=300; theta_j=0.1 rad; n=1 cm^-3; epsilon_e=0.1; epsilon_B=1e-3; p=2.3; xi_e=0.1; z=0.1; d_L=1e26 cm; no spreading; no SSC; no reverse shock,observer time and frequency,1.00000000e+12,3.16227766e+02,flux_density_cgs,7.31702401e-24,2.23061238e+01,3.75497766e-01,PyBlastAfterglowMag parfile plus repo-local pba.out; mJy values converted to cgs; ratios are assumption-audit diagnostics
fs_synch_common_minimum,PyBlastAfterglowMag,0.0.0,git b0a39d170930908a398de56089fde8cfab16883d,broad-band top-hat on-axis forward-shock synchrotron; uniform medium; E_iso=1e52 erg; Gamma0=300; theta_j=0.1 rad; n=1 cm^-3; epsilon_e=0.1; epsilon_B=1e-3; p=2.3; xi_e=0.1; z=0.1; d_L=1e26 cm; no spreading; no SSC; no reverse shock,observer time and frequency,1.00000000e+12,1.00000000e+03,flux_density_cgs,1.35172465e-23,2.65088873e+01,3.75497766e-01,PyBlastAfterglowMag parfile plus repo-local pba.out; mJy values converted to cgs; ratios are assumption-audit diagnostics
fs_synch_common_minimum,PyBlastAfterglowMag,0.0.0,git b0a39d170930908a398de56089fde8cfab16883d,broad-band top-hat on-axis forward-shock synchrotron; uniform medium; E_iso=1e52 erg; Gamma0=300; theta_j=0.1 rad; n=1 cm^-3; epsilon_e=0.1; epsilon_B=1e-3; p=2.3; xi_e=0.1; z=0.1; d_L=1e26 cm; no spreading; no SSC; no reverse shock,observer time and frequency,1.00000000e+12,3.16227766e+03,flux_density_cgs,2.40854611e-23,2.91141038e+01,3.75497766e-01,PyBlastAfterglowMag parfile plus repo-local pba.out; mJy values converted to cgs; ratios are assumption-audit diagnostics
fs_synch_common_minimum,PyBlastAfterglowMag,0.0.0,git b0a39d170930908a398de56089fde8cfab16883d,broad-band top-hat on-axis forward-shock synchrotron; uniform medium; E_iso=1e52 erg; Gamma0=300; theta_j=0.1 rad; n=1 cm^-3; epsilon_e=0.1; epsilon_B=1e-3; p=2.3; xi_e=0.1; z=0.1; d_L=1e26 cm; no spreading; no SSC; no reverse shock,observer time and frequency,1.00000000e+12,1.00000000e+04,flux_density_cgs,3.51704018e-23,2.55001964e+01,3.75497766e-01,PyBlastAfterglowMag parfile plus repo-local pba.out; mJy values converted to cgs; ratios are assumption-audit diagnostics
fs_synch_common_minimum,PyBlastAfterglowMag,0.0.0,git b0a39d170930908a398de56089fde8cfab16883d,broad-band top-hat on-axis forward-shock synchrotron; uniform medium; E_iso=1e52 erg; Gamma0=300; theta_j=0.1 rad; n=1 cm^-3; epsilon_e=0.1; epsilon_B=1e-3; p=2.3; xi_e=0.1; z=0.1; d_L=1e26 cm; no spreading; no SSC; no reverse shock,observer time and frequency,1.00000000e+12,3.16227766e+04,flux_density_cgs,2.59367349e-23,1.15182286e+01,3.75497766e-01,PyBlastAfterglowMag parfile plus repo-local pba.out; mJy values converted to cgs; ratios are assumption-audit diagnostics
fs_synch_common_minimum,PyBlastAfterglowMag,0.0.0,git b0a39d170930908a398de56089fde8cfab16883d,broad-band top-hat on-axis forward-shock synchrotron; uniform medium; E_iso=1e52 erg; Gamma0=300; theta_j=0.1 rad; n=1 cm^-3; epsilon_e=0.1; epsilon_B=1e-3; p=2.3; xi_e=0.1; z=0.1; d_L=1e26 cm; no spreading; no SSC; no reverse shock,observer time and frequency,1.00000000e+12,1.00000000e+05,flux_density_cgs,4.53363974e-24,1.93267138e+00,3.75497766e-01,PyBlastAfterglowMag parfile plus repo-local pba.out; mJy values converted to cgs; ratios are assumption-audit diagnostics
fs_synch_common_minimum,PyBlastAfterglowMag,0.0.0,git b0a39d170930908a398de56089fde8cfab16883d,broad-band top-hat on-axis forward-shock synchrotron; uniform medium; E_iso=1e52 erg; Gamma0=300; theta_j=0.1 rad; n=1 cm^-3; epsilon_e=0.1; epsilon_B=1e-3; p=2.3; xi_e=0.1; z=0.1; d_L=1e26 cm; no spreading; no SSC; no reverse shock,observer time and frequency,1.00000000e+12,3.16227766e+05,flux_density_cgs,4.87641618e-25,4.35556762e-01,3.75497766e-01,PyBlastAfterglowMag parfile plus repo-local pba.out; mJy values converted to cgs; ratios are assumption-audit diagnostics
fs_synch_common_minimum,PyBlastAfterglowMag,0.0.0,git b0a39d170930908a398de56089fde8cfab16883d,broad-band top-hat on-axis forward-shock synchrotron; uniform medium; E_iso=1e52 erg; Gamma0=300; theta_j=0.1 rad; n=1 cm^-3; epsilon_e=0.1; epsilon_B=1e-3; p=2.3; xi_e=0.1; z=0.1; d_L=1e26 cm; no spreading; no SSC; no reverse shock,observer time and frequency,1.00000000e+12,1.00000000e+06,flux_density_cgs,5.58828961e-26,2.67307989e-01,3.75497766e-01,PyBlastAfterglowMag parfile plus repo-local pba.out; mJy values converted to cgs; ratios are assumption-audit diagnostics
fs_synch_common_minimum,PyBlastAfterglowMag,0.0.0,git b0a39d170930908a398de56089fde8cfab16883d,broad-band top-hat on-axis forward-shock synchrotron; uniform medium; E_iso=1e52 erg; Gamma0=300; theta_j=0.1 rad; n=1 cm^-3; epsilon_e=0.1; epsilon_B=1e-3; p=2.3; xi_e=0.1; z=0.1; d_L=1e26 cm; no spreading; no SSC; no reverse shock,observer time and frequency,1.00000000e+12,3.16227766e+06,flux_density_cgs,6.99958966e-27,2.38502070e-01,3.75497766e-01,PyBlastAfterglowMag parfile plus repo-local pba.out; mJy values converted to cgs; ratios are assumption-audit diagnostics
fs_synch_common_minimum,PyBlastAfterglowMag,0.0.0,git b0a39d170930908a398de56089fde8cfab16883d,broad-band top-hat on-axis forward-shock synchrotron; uniform medium; E_iso=1e52 erg; Gamma0=300; theta_j=0.1 rad; n=1 cm^-3; epsilon_e=0.1; epsilon_B=1e-3; p=2.3; xi_e=0.1; z=0.1; d_L=1e26 cm; no spreading; no SSC; no reverse shock,observer time and frequency,1.00000000e+12,1.00000000e+07,flux_density_cgs,9.90813873e-28,2.24127242e-01,3.75497766e-01,PyBlastAfterglowMag parfile plus repo-local pba.out; mJy values converted to cgs; ratios are assumption-audit diagnostics
fs_synch_common_minimum,PyBlastAfterglowMag,0.0.0,git b0a39d170930908a398de56089fde8cfab16883d,broad-band top-hat on-axis forward-shock synchrotron; uniform medium; E_iso=1e52 erg; Gamma0=300; theta_j=0.1 rad; n=1 cm^-3; epsilon_e=0.1; epsilon_B=1e-3; p=2.3; xi_e=0.1; z=0.1; d_L=1e26 cm; no spreading; no SSC; no reverse shock,observer time and frequency,1.00000000e+12,3.16227766e+07,flux_density_cgs,1.63340162e-28,2.11907327e-01,3.75497766e-01,PyBlastAfterglowMag parfile plus repo-local pba.out; mJy values converted to cgs; ratios are assumption-audit diagnostics
fs_synch_common_minimum,PyBlastAfterglowMag,0.0.0,git b0a39d170930908a398de56089fde8cfab16883d,broad-band top-hat on-axis forward-shock synchrotron; uniform medium; E_iso=1e52 erg; Gamma0=300; theta_j=0.1 rad; n=1 cm^-3; epsilon_e=0.1; epsilon_B=1e-3; p=2.3; xi_e=0.1; z=0.1; d_L=1e26 cm; no spreading; no SSC; no reverse shock,observer time and frequency,1.00000000e+12,1.00000000e+08,flux_density_cgs,3.67214362e-29,2.38124208e-01,3.75497766e-01,PyBlastAfterglowMag parfile plus repo-local pba.out; mJy values converted to cgs; ratios are assumption-audit diagnostics
fs_synch_common_minimum,PyBlastAfterglowMag,0.0.0,git b0a39d170930908a398de56089fde8cfab16883d,broad-band top-hat on-axis forward-shock synchrotron; uniform medium; E_iso=1e52 erg; Gamma0=300; theta_j=0.1 rad; n=1 cm^-3; epsilon_e=0.1; epsilon_B=1e-3; p=2.3; xi_e=0.1; z=0.1; d_L=1e26 cm; no spreading; no SSC; no reverse shock,observer time and frequency,1.00000000e+14,1.00000000e+00,flux_density_cgs,2.31328083e-26,1.56445559e+02,3.75497766e-01,PyBlastAfterglowMag parfile plus repo-local pba.out; mJy values converted to cgs; ratios are assumption-audit diagnostics
fs_synch_common_minimum,PyBlastAfterglowMag,0.0.0,git b0a39d170930908a398de56089fde8cfab16883d,broad-band top-hat on-axis forward-shock synchrotron; uniform medium; E_iso=1e52 erg; Gamma0=300; theta_j=0.1 rad; n=1 cm^-3; epsilon_e=0.1; epsilon_B=1e-3; p=2.3; xi_e=0.1; z=0.1; d_L=1e26 cm; no spreading; no SSC; no reverse shock,observer time and frequency,1.00000000e+14,3.16227766e+00,flux_density_cgs,5.35102597e-25,9.81851508e+01,3.75497766e-01,PyBlastAfterglowMag parfile plus repo-local pba.out; mJy values converted to cgs; ratios are assumption-audit diagnostics
fs_synch_common_minimum,PyBlastAfterglowMag,0.0.0,git b0a39d170930908a398de56089fde8cfab16883d,broad-band top-hat on-axis forward-shock synchrotron; uniform medium; E_iso=1e52 erg; Gamma0=300; theta_j=0.1 rad; n=1 cm^-3; epsilon_e=0.1; epsilon_B=1e-3; p=2.3; xi_e=0.1; z=0.1; d_L=1e26 cm; no spreading; no SSC; no reverse shock,observer time and frequency,1.00000000e+14,1.00000000e+01,flux_density_cgs,3.27501253e-24,1.63358815e+01,3.75497766e-01,PyBlastAfterglowMag parfile plus repo-local pba.out; mJy values converted to cgs; ratios are assumption-audit diagnostics
fs_synch_common_minimum,PyBlastAfterglowMag,0.0.0,git b0a39d170930908a398de56089fde8cfab16883d,broad-band top-hat on-axis forward-shock synchrotron; uniform medium; E_iso=1e52 erg; Gamma0=300; theta_j=0.1 rad; n=1 cm^-3; epsilon_e=0.1; epsilon_B=1e-3; p=2.3; xi_e=0.1; z=0.1; d_L=1e26 cm; no spreading; no SSC; no reverse shock,observer time and frequency,1.00000000e+14,3.16227766e+01,flux_density_cgs,8.57200768e-24,9.79748431e+00,3.75497766e-01,PyBlastAfterglowMag parfile plus repo-local pba.out; mJy values converted to cgs; ratios are assumption-audit diagnostics
fs_synch_common_minimum,PyBlastAfterglowMag,0.0.0,git b0a39d170930908a398de56089fde8cfab16883d,broad-band top-hat on-axis forward-shock synchrotron; uniform medium; E_iso=1e52 erg; Gamma0=300; theta_j=0.1 rad; n=1 cm^-3; epsilon_e=0.1; epsilon_B=1e-3; p=2.3; xi_e=0.1; z=0.1; d_L=1e26 cm; no spreading; no SSC; no reverse shock,observer time and frequency,1.00000000e+14,1.00000000e+02,flux_density_cgs,1.75489940e-23,1.99957268e+01,3.75497766e-01,PyBlastAfterglowMag parfile plus repo-local pba.out; mJy values converted to cgs; ratios are assumption-audit diagnostics
fs_synch_common_minimum,PyBlastAfterglowMag,0.0.0,git b0a39d170930908a398de56089fde8cfab16883d,broad-band top-hat on-axis forward-shock synchrotron; uniform medium; E_iso=1e52 erg; Gamma0=300; theta_j=0.1 rad; n=1 cm^-3; epsilon_e=0.1; epsilon_B=1e-3; p=2.3; xi_e=0.1; z=0.1; d_L=1e26 cm; no spreading; no SSC; no reverse shock,observer time and frequency,1.00000000e+14,3.16227766e+02,flux_density_cgs,3.02307629e-23,2.02335196e+01,3.75497766e-01,PyBlastAfterglowMag parfile plus repo-local pba.out; mJy values converted to cgs; ratios are assumption-audit diagnostics
fs_synch_common_minimum,PyBlastAfterglowMag,0.0.0,git b0a39d170930908a398de56089fde8cfab16883d,broad-band top-hat on-axis forward-shock synchrotron; uniform medium; E_iso=1e52 erg; Gamma0=300; theta_j=0.1 rad; n=1 cm^-3; epsilon_e=0.1; epsilon_B=1e-3; p=2.3; xi_e=0.1; z=0.1; d_L=1e26 cm; no spreading; no SSC; no reverse shock,observer time and frequency,1.00000000e+14,1.00000000e+03,flux_density_cgs,3.20856843e-23,1.41075681e+01,3.75497766e-01,PyBlastAfterglowMag parfile plus repo-local pba.out; mJy values converted to cgs; ratios are assumption-audit diagnostics
fs_synch_common_minimum,PyBlastAfterglowMag,0.0.0,git b0a39d170930908a398de56089fde8cfab16883d,broad-band top-hat on-axis forward-shock synchrotron; uniform medium; E_iso=1e52 erg; Gamma0=300; theta_j=0.1 rad; n=1 cm^-3; epsilon_e=0.1; epsilon_B=1e-3; p=2.3; xi_e=0.1; z=0.1; d_L=1e26 cm; no spreading; no SSC; no reverse shock,observer time and frequency,1.00000000e+14,3.16227766e+03,flux_density_cgs,1.70253972e-23,4.90660581e+00,3.75497766e-01,PyBlastAfterglowMag parfile plus repo-local pba.out; mJy values converted to cgs; ratios are assumption-audit diagnostics
fs_synch_common_minimum,PyBlastAfterglowMag,0.0.0,git b0a39d170930908a398de56089fde8cfab16883d,broad-band top-hat on-axis forward-shock synchrotron; uniform medium; E_iso=1e52 erg; Gamma0=300; theta_j=0.1 rad; n=1 cm^-3; epsilon_e=0.1; epsilon_B=1e-3; p=2.3; xi_e=0.1; z=0.1; d_L=1e26 cm; no spreading; no SSC; no reverse shock,observer time and frequency,1.00000000e+14,1.00000000e+04,flux_density_cgs,6.12415979e-24,1.29470514e+00,3.75497766e-01,PyBlastAfterglowMag parfile plus repo-local pba.out; mJy values converted to cgs; ratios are assumption-audit diagnostics
fs_synch_common_minimum,PyBlastAfterglowMag,0.0.0,git b0a39d170930908a398de56089fde8cfab16883d,broad-band top-hat on-axis forward-shock synchrotron; uniform medium; E_iso=1e52 erg; Gamma0=300; theta_j=0.1 rad; n=1 cm^-3; epsilon_e=0.1; epsilon_B=1e-3; p=2.3; xi_e=0.1; z=0.1; d_L=1e26 cm; no spreading; no SSC; no reverse shock,observer time and frequency,1.00000000e+14,3.16227766e+04,flux_density_cgs,1.74281817e-24,4.27292401e-01,3.75497766e-01,PyBlastAfterglowMag parfile plus repo-local pba.out; mJy values converted to cgs; ratios are assumption-audit diagnostics
fs_synch_common_minimum,PyBlastAfterglowMag,0.0.0,git b0a39d170930908a398de56089fde8cfab16883d,broad-band top-hat on-axis forward-shock synchrotron; uniform medium; E_iso=1e52 erg; Gamma0=300; theta_j=0.1 rad; n=1 cm^-3; epsilon_e=0.1; epsilon_B=1e-3; p=2.3; xi_e=0.1; z=0.1; d_L=1e26 cm; no spreading; no SSC; no reverse shock,observer time and frequency,1.00000000e+14,1.00000000e+05,flux_density_cgs,2.29647083e-25,2.80197289e-01,3.75497766e-01,PyBlastAfterglowMag parfile plus repo-local pba.out; mJy values converted to cgs; ratios are assumption-audit diagnostics
fs_synch_common_minimum,PyBlastAfterglowMag,0.0.0,git b0a39d170930908a398de56089fde8cfab16883d,broad-band top-hat on-axis forward-shock synchrotron; uniform medium; E_iso=1e52 erg; Gamma0=300; theta_j=0.1 rad; n=1 cm^-3; epsilon_e=0.1; epsilon_B=1e-3; p=2.3; xi_e=0.1; z=0.1; d_L=1e26 cm; no spreading; no SSC; no reverse shock,observer time and frequency,1.00000000e+14,3.16227766e+05,flux_density_cgs,2.44498741e-26,2.77930793e-01,3.75497766e-01,PyBlastAfterglowMag parfile plus repo-local pba.out; mJy values converted to cgs; ratios are assumption-audit diagnostics
fs_synch_common_minimum,PyBlastAfterglowMag,0.0.0,git b0a39d170930908a398de56089fde8cfab16883d,broad-band top-hat on-axis forward-shock synchrotron; uniform medium; E_iso=1e52 erg; Gamma0=300; theta_j=0.1 rad; n=1 cm^-3; epsilon_e=0.1; epsilon_B=1e-3; p=2.3; xi_e=0.1; z=0.1; d_L=1e26 cm; no spreading; no SSC; no reverse shock,observer time and frequency,1.00000000e+14,1.00000000e+06,flux_density_cgs,2.80070700e-27,2.76690970e-01,3.75497766e-01,PyBlastAfterglowMag parfile plus repo-local pba.out; mJy values converted to cgs; ratios are assumption-audit diagnostics
fs_synch_common_minimum,PyBlastAfterglowMag,0.0.0,git b0a39d170930908a398de56089fde8cfab16883d,broad-band top-hat on-axis forward-shock synchrotron; uniform medium; E_iso=1e52 erg; Gamma0=300; theta_j=0.1 rad; n=1 cm^-3; epsilon_e=0.1; epsilon_B=1e-3; p=2.3; xi_e=0.1; z=0.1; d_L=1e26 cm; no spreading; no SSC; no reverse shock,observer time and frequency,1.00000000e+14,3.16227766e+06,flux_density_cgs,3.50778483e-28,2.71002653e-01,3.75497766e-01,PyBlastAfterglowMag parfile plus repo-local pba.out; mJy values converted to cgs; ratios are assumption-audit diagnostics
fs_synch_common_minimum,PyBlastAfterglowMag,0.0.0,git b0a39d170930908a398de56089fde8cfab16883d,broad-band top-hat on-axis forward-shock synchrotron; uniform medium; E_iso=1e52 erg; Gamma0=300; theta_j=0.1 rad; n=1 cm^-3; epsilon_e=0.1; epsilon_B=1e-3; p=2.3; xi_e=0.1; z=0.1; d_L=1e26 cm; no spreading; no SSC; no reverse shock,observer time and frequency,1.00000000e+14,1.00000000e+07,flux_density_cgs,4.96491908e-29,2.66742582e-01,3.75497766e-01,PyBlastAfterglowMag parfile plus repo-local pba.out; mJy values converted to cgs; ratios are assumption-audit diagnostics
fs_synch_common_minimum,PyBlastAfterglowMag,0.0.0,git b0a39d170930908a398de56089fde8cfab16883d,broad-band top-hat on-axis forward-shock synchrotron; uniform medium; E_iso=1e52 erg; Gamma0=300; theta_j=0.1 rad; n=1 cm^-3; epsilon_e=0.1; epsilon_B=1e-3; p=2.3; xi_e=0.1; z=0.1; d_L=1e26 cm; no spreading; no SSC; no reverse shock,observer time and frequency,1.00000000e+14,3.16227766e+07,flux_density_cgs,8.18317545e-30,2.66199329e-01,3.75497766e-01,PyBlastAfterglowMag parfile plus repo-local pba.out; mJy values converted to cgs; ratios are assumption-audit diagnostics
fs_synch_common_minimum,PyBlastAfterglowMag,0.0.0,git b0a39d170930908a398de56089fde8cfab16883d,broad-band top-hat on-axis forward-shock synchrotron; uniform medium; E_iso=1e52 erg; Gamma0=300; theta_j=0.1 rad; n=1 cm^-3; epsilon_e=0.1; epsilon_B=1e-3; p=2.3; xi_e=0.1; z=0.1; d_L=1e26 cm; no spreading; no SSC; no reverse shock,observer time and frequency,1.00000000e+14,1.00000000e+08,flux_density_cgs,1.83887472e-30,3.20597353e-01,3.75497766e-01,PyBlastAfterglowMag parfile plus repo-local pba.out; mJy values converted to cgs; ratios are assumption-audit diagnostics
fs_synch_common_minimum,PyBlastAfterglowMag,0.0.0,git b0a39d170930908a398de56089fde8cfab16883d,broad-band top-hat on-axis forward-shock synchrotron; uniform medium; E_iso=1e52 erg; Gamma0=300; theta_j=0.1 rad; n=1 cm^-3; epsilon_e=0.1; epsilon_B=1e-3; p=2.3; xi_e=0.1; z=0.1; d_L=1e26 cm; no spreading; no SSC; no reverse shock,observer time and frequency,5.00000000e+14,1.00000000e+00,flux_density_cgs,3.95530238e-26,1.56640119e+02,3.75497766e-01,PyBlastAfterglowMag parfile plus repo-local pba.out; mJy values converted to cgs; ratios are assumption-audit diagnostics
fs_synch_common_minimum,PyBlastAfterglowMag,0.0.0,git b0a39d170930908a398de56089fde8cfab16883d,broad-band top-hat on-axis forward-shock synchrotron; uniform medium; E_iso=1e52 erg; Gamma0=300; theta_j=0.1 rad; n=1 cm^-3; epsilon_e=0.1; epsilon_B=1e-3; p=2.3; xi_e=0.1; z=0.1; d_L=1e26 cm; no spreading; no SSC; no reverse shock,observer time and frequency,5.00000000e+14,3.16227766e+00,flux_density_cgs,9.14893597e-25,9.83597357e+01,3.75497766e-01,PyBlastAfterglowMag parfile plus repo-local pba.out; mJy values converted to cgs; ratios are assumption-audit diagnostics
fs_synch_common_minimum,PyBlastAfterglowMag,0.0.0,git b0a39d170930908a398de56089fde8cfab16883d,broad-band top-hat on-axis forward-shock synchrotron; uniform medium; E_iso=1e52 erg; Gamma0=300; theta_j=0.1 rad; n=1 cm^-3; epsilon_e=0.1; epsilon_B=1e-3; p=2.3; xi_e=0.1; z=0.1; d_L=1e26 cm; no spreading; no SSC; no reverse shock,observer time and frequency,5.00000000e+14,1.00000000e+01,flux_density_cgs,5.59565230e-24,1.63914835e+01,3.75497766e-01,PyBlastAfterglowMag parfile plus repo-local pba.out; mJy values converted to cgs; ratios are assumption-audit diagnostics
fs_synch_common_minimum,PyBlastAfterglowMag,0.0.0,git b0a39d170930908a398de56089fde8cfab16883d,broad-band top-hat on-axis forward-shock synchrotron; uniform medium; E_iso=1e52 erg; Gamma0=300; theta_j=0.1 rad; n=1 cm^-3; epsilon_e=0.1; epsilon_B=1e-3; p=2.3; xi_e=0.1; z=0.1; d_L=1e26 cm; no spreading; no SSC; no reverse shock,observer time and frequency,5.00000000e+14,3.16227766e+01,flux_density_cgs,1.45280089e-23,9.81022276e+00,3.75497766e-01,PyBlastAfterglowMag parfile plus repo-local pba.out; mJy values converted to cgs; ratios are assumption-audit diagnostics
fs_synch_common_minimum,PyBlastAfterglowMag,0.0.0,git b0a39d170930908a398de56089fde8cfab16883d,broad-band top-hat on-axis forward-shock synchrotron; uniform medium; E_iso=1e52 erg; Gamma0=300; theta_j=0.1 rad; n=1 cm^-3; epsilon_e=0.1; epsilon_B=1e-3; p=2.3; xi_e=0.1; z=0.1; d_L=1e26 cm; no spreading; no SSC; no reverse shock,observer time and frequency,5.00000000e+14,1.00000000e+02,flux_density_cgs,2.75005193e-23,1.87071417e+01,3.75497766e-01,PyBlastAfterglowMag parfile plus repo-local pba.out; mJy values converted to cgs; ratios are assumption-audit diagnostics
fs_synch_common_minimum,PyBlastAfterglowMag,0.0.0,git b0a39d170930908a398de56089fde8cfab16883d,broad-band top-hat on-axis forward-shock synchrotron; uniform medium; E_iso=1e52 erg; Gamma0=300; theta_j=0.1 rad; n=1 cm^-3; epsilon_e=0.1; epsilon_B=1e-3; p=2.3; xi_e=0.1; z=0.1; d_L=1e26 cm; no spreading; no SSC; no reverse shock,observer time and frequency,5.00000000e+14,3.16227766e+02,flux_density_cgs,3.15707690e-23,1.28195262e+01,3.75497766e-01,PyBlastAfterglowMag parfile plus repo-local pba.out; mJy values converted to cgs; ratios are assumption-audit diagnostics
fs_synch_common_minimum,PyBlastAfterglowMag,0.0.0,git b0a39d170930908a398de56089fde8cfab16883d,broad-band top-hat on-axis forward-shock synchrotron; uniform medium; E_iso=1e52 erg; Gamma0=300; theta_j=0.1 rad; n=1 cm^-3; epsilon_e=0.1; epsilon_B=1e-3; p=2.3; xi_e=0.1; z=0.1; d_L=1e26 cm; no spreading; no SSC; no reverse shock,observer time and frequency,5.00000000e+14,1.00000000e+03,flux_density_cgs,1.77483918e-23,4.93990059e+00,3.75497766e-01,PyBlastAfterglowMag parfile plus repo-local pba.out; mJy values converted to cgs; ratios are assumption-audit diagnostics
fs_synch_common_minimum,PyBlastAfterglowMag,0.0.0,git b0a39d170930908a398de56089fde8cfab16883d,broad-band top-hat on-axis forward-shock synchrotron; uniform medium; E_iso=1e52 erg; Gamma0=300; theta_j=0.1 rad; n=1 cm^-3; epsilon_e=0.1; epsilon_B=1e-3; p=2.3; xi_e=0.1; z=0.1; d_L=1e26 cm; no spreading; no SSC; no reverse shock,observer time and frequency,5.00000000e+14,3.16227766e+03,flux_density_cgs,6.63422202e-24,1.37411936e+00,3.75497766e-01,PyBlastAfterglowMag parfile plus repo-local pba.out; mJy values converted to cgs; ratios are assumption-audit diagnostics
fs_synch_common_minimum,PyBlastAfterglowMag,0.0.0,git b0a39d170930908a398de56089fde8cfab16883d,broad-band top-hat on-axis forward-shock synchrotron; uniform medium; E_iso=1e52 erg; Gamma0=300; theta_j=0.1 rad; n=1 cm^-3; epsilon_e=0.1; epsilon_B=1e-3; p=2.3; xi_e=0.1; z=0.1; d_L=1e26 cm; no spreading; no SSC; no reverse shock,observer time and frequency,5.00000000e+14,1.00000000e+04,flux_density_cgs,2.18104776e-24,4.81415392e-01,3.75497766e-01,PyBlastAfterglowMag parfile plus repo-local pba.out; mJy values converted to cgs; ratios are assumption-audit diagnostics
fs_synch_common_minimum,PyBlastAfterglowMag,0.0.0,git b0a39d170930908a398de56089fde8cfab16883d,broad-band top-hat on-axis forward-shock synchrotron; uniform medium; E_iso=1e52 erg; Gamma0=300; theta_j=0.1 rad; n=1 cm^-3; epsilon_e=0.1; epsilon_B=1e-3; p=2.3; xi_e=0.1; z=0.1; d_L=1e26 cm; no spreading; no SSC; no reverse shock,observer time and frequency,5.00000000e+14,3.16227766e+04,flux_density_cgs,6.12689988e-25,2.89326063e-01,3.75497766e-01,PyBlastAfterglowMag parfile plus repo-local pba.out; mJy values converted to cgs; ratios are assumption-audit diagnostics
fs_synch_common_minimum,PyBlastAfterglowMag,0.0.0,git b0a39d170930908a398de56089fde8cfab16883d,broad-band top-hat on-axis forward-shock synchrotron; uniform medium; E_iso=1e52 erg; Gamma0=300; theta_j=0.1 rad; n=1 cm^-3; epsilon_e=0.1; epsilon_B=1e-3; p=2.3; xi_e=0.1; z=0.1; d_L=1e26 cm; no spreading; no SSC; no reverse shock,observer time and frequency,5.00000000e+14,1.00000000e+05,flux_density_cgs,8.06652715e-26,2.92607126e-01,3.75497766e-01,PyBlastAfterglowMag parfile plus repo-local pba.out; mJy values converted to cgs; ratios are assumption-audit diagnostics
fs_synch_common_minimum,PyBlastAfterglowMag,0.0.0,git b0a39d170930908a398de56089fde8cfab16883d,broad-band top-hat on-axis forward-shock synchrotron; uniform medium; E_iso=1e52 erg; Gamma0=300; theta_j=0.1 rad; n=1 cm^-3; epsilon_e=0.1; epsilon_B=1e-3; p=2.3; xi_e=0.1; z=0.1; d_L=1e26 cm; no spreading; no SSC; no reverse shock,observer time and frequency,5.00000000e+14,3.16227766e+05,flux_density_cgs,8.58692561e-27,3.03667376e-01,3.75497766e-01,PyBlastAfterglowMag parfile plus repo-local pba.out; mJy values converted to cgs; ratios are assumption-audit diagnostics
fs_synch_common_minimum,PyBlastAfterglowMag,0.0.0,git b0a39d170930908a398de56089fde8cfab16883d,broad-band top-hat on-axis forward-shock synchrotron; uniform medium; E_iso=1e52 erg; Gamma0=300; theta_j=0.1 rad; n=1 cm^-3; epsilon_e=0.1; epsilon_B=1e-3; p=2.3; xi_e=0.1; z=0.1; d_L=1e26 cm; no spreading; no SSC; no reverse shock,observer time and frequency,5.00000000e+14,1.00000000e+06,flux_density_cgs,9.83379032e-28,3.09786609e-01,3.75497766e-01,PyBlastAfterglowMag parfile plus repo-local pba.out; mJy values converted to cgs; ratios are assumption-audit diagnostics
fs_synch_common_minimum,PyBlastAfterglowMag,0.0.0,git b0a39d170930908a398de56089fde8cfab16883d,broad-band top-hat on-axis forward-shock synchrotron; uniform medium; E_iso=1e52 erg; Gamma0=300; theta_j=0.1 rad; n=1 cm^-3; epsilon_e=0.1; epsilon_B=1e-3; p=2.3; xi_e=0.1; z=0.1; d_L=1e26 cm; no spreading; no SSC; no reverse shock,observer time and frequency,5.00000000e+14,3.16227766e+06,flux_density_cgs,1.23106218e-28,3.11119792e-01,3.75497766e-01,PyBlastAfterglowMag parfile plus repo-local pba.out; mJy values converted to cgs; ratios are assumption-audit diagnostics
fs_synch_common_minimum,PyBlastAfterglowMag,0.0.0,git b0a39d170930908a398de56089fde8cfab16883d,broad-band top-hat on-axis forward-shock synchrotron; uniform medium; E_iso=1e52 erg; Gamma0=300; theta_j=0.1 rad; n=1 cm^-3; epsilon_e=0.1; epsilon_B=1e-3; p=2.3; xi_e=0.1; z=0.1; d_L=1e26 cm; no spreading; no SSC; no reverse shock,observer time and frequency,5.00000000e+14,1.00000000e+07,flux_density_cgs,1.74077198e-29,3.16852702e-01,3.75497766e-01,PyBlastAfterglowMag parfile plus repo-local pba.out; mJy values converted to cgs; ratios are assumption-audit diagnostics
fs_synch_common_minimum,PyBlastAfterglowMag,0.0.0,git b0a39d170930908a398de56089fde8cfab16883d,broad-band top-hat on-axis forward-shock synchrotron; uniform medium; E_iso=1e52 erg; Gamma0=300; theta_j=0.1 rad; n=1 cm^-3; epsilon_e=0.1; epsilon_B=1e-3; p=2.3; xi_e=0.1; z=0.1; d_L=1e26 cm; no spreading; no SSC; no reverse shock,observer time and frequency,5.00000000e+14,3.16227766e+07,flux_density_cgs,2.86295041e-30,3.27999234e-01,3.75497766e-01,PyBlastAfterglowMag parfile plus repo-local pba.out; mJy values converted to cgs; ratios are assumption-audit diagnostics
fs_synch_common_minimum,PyBlastAfterglowMag,0.0.0,git b0a39d170930908a398de56089fde8cfab16883d,broad-band top-hat on-axis forward-shock synchrotron; uniform medium; E_iso=1e52 erg; Gamma0=300; theta_j=0.1 rad; n=1 cm^-3; epsilon_e=0.1; epsilon_B=1e-3; p=2.3; xi_e=0.1; z=0.1; d_L=1e26 cm; no spreading; no SSC; no reverse shock,observer time and frequency,5.00000000e+14,1.00000000e+08,flux_density_cgs,6.40337161e-31,4.12390057e-01,3.75497766e-01,PyBlastAfterglowMag parfile plus repo-local pba.out; mJy values converted to cgs; ratios are assumption-audit diagnostics
fs_synch_common_minimum,PyBlastAfterglowMag,0.0.0,git b0a39d170930908a398de56089fde8cfab16883d,broad-band top-hat on-axis forward-shock synchrotron; uniform medium; E_iso=1e52 erg; Gamma0=300; theta_j=0.1 rad; n=1 cm^-3; epsilon_e=0.1; epsilon_B=1e-3; p=2.3; xi_e=0.1; z=0.1; d_L=1e26 cm; no spreading; no SSC; no reverse shock,observer time and frequency,1.00000000e+17,1.00000000e+00,flux_density_cgs,2.05324024e-25,1.46143400e+02,3.75497766e-01,PyBlastAfterglowMag parfile plus repo-local pba.out; mJy values converted to cgs; ratios are assumption-audit diagnostics
fs_synch_common_minimum,PyBlastAfterglowMag,0.0.0,git b0a39d170930908a398de56089fde8cfab16883d,broad-band top-hat on-axis forward-shock synchrotron; uniform medium; E_iso=1e52 erg; Gamma0=300; theta_j=0.1 rad; n=1 cm^-3; epsilon_e=0.1; epsilon_B=1e-3; p=2.3; xi_e=0.1; z=0.1; d_L=1e26 cm; no spreading; no SSC; no reverse shock,observer time and frequency,1.00000000e+17,3.16227766e+00,flux_density_cgs,4.51564491e-24,8.94220675e+01,3.75497766e-01,PyBlastAfterglowMag parfile plus repo-local pba.out; mJy values converted to cgs; ratios are assumption-audit diagnostics
fs_synch_common_minimum,PyBlastAfterglowMag,0.0.0,git b0a39d170930908a398de56089fde8cfab16883d,broad-band top-hat on-axis forward-shock synchrotron; uniform medium; E_iso=1e52 erg; Gamma0=300; theta_j=0.1 rad; n=1 cm^-3; epsilon_e=0.1; epsilon_B=1e-3; p=2.3; xi_e=0.1; z=0.1; d_L=1e26 cm; no spreading; no SSC; no reverse shock,observer time and frequency,1.00000000e+17,1.00000000e+01,flux_density_cgs,1.64405308e-23,9.68891436e+00,3.75497766e-01,PyBlastAfterglowMag parfile plus repo-local pba.out; mJy values converted to cgs; ratios are assumption-audit diagnostics
fs_synch_common_minimum,PyBlastAfterglowMag,0.0.0,git b0a39d170930908a398de56089fde8cfab16883d,broad-band top-hat on-axis forward-shock synchrotron; uniform medium; E_iso=1e52 erg; Gamma0=300; theta_j=0.1 rad; n=1 cm^-3; epsilon_e=0.1; epsilon_B=1e-3; p=2.3; xi_e=0.1; z=0.1; d_L=1e26 cm; no spreading; no SSC; no reverse shock,observer time and frequency,1.00000000e+17,3.16227766e+01,flux_density_cgs,1.17431645e-23,1.91913603e+00,3.75497766e-01,PyBlastAfterglowMag parfile plus repo-local pba.out; mJy values converted to cgs; ratios are assumption-audit diagnostics
fs_synch_common_minimum,PyBlastAfterglowMag,0.0.0,git b0a39d170930908a398de56089fde8cfab16883d,broad-band top-hat on-axis forward-shock synchrotron; uniform medium; E_iso=1e52 erg; Gamma0=300; theta_j=0.1 rad; n=1 cm^-3; epsilon_e=0.1; epsilon_B=1e-3; p=2.3; xi_e=0.1; z=0.1; d_L=1e26 cm; no spreading; no SSC; no reverse shock,observer time and frequency,1.00000000e+17,1.00000000e+02,flux_density_cgs,4.99926645e-24,1.15073425e+00,3.75497766e-01,PyBlastAfterglowMag parfile plus repo-local pba.out; mJy values converted to cgs; ratios are assumption-audit diagnostics
fs_synch_common_minimum,PyBlastAfterglowMag,0.0.0,git b0a39d170930908a398de56089fde8cfab16883d,broad-band top-hat on-axis forward-shock synchrotron; uniform medium; E_iso=1e52 erg; Gamma0=300; theta_j=0.1 rad; n=1 cm^-3; epsilon_e=0.1; epsilon_B=1e-3; p=2.3; xi_e=0.1; z=0.1; d_L=1e26 cm; no spreading; no SSC; no reverse shock,observer time and frequency,1.00000000e+17,3.16227766e+02,flux_density_cgs,1.83792686e-24,4.43258586e-01,3.75497766e-01,PyBlastAfterglowMag parfile plus repo-local pba.out; mJy values converted to cgs; ratios are assumption-audit diagnostics
fs_synch_common_minimum,PyBlastAfterglowMag,0.0.0,git b0a39d170930908a398de56089fde8cfab16883d,broad-band top-hat on-axis forward-shock synchrotron; uniform medium; E_iso=1e52 erg; Gamma0=300; theta_j=0.1 rad; n=1 cm^-3; epsilon_e=0.1; epsilon_B=1e-3; p=2.3; xi_e=0.1; z=0.1; d_L=1e26 cm; no spreading; no SSC; no reverse shock,observer time and frequency,1.00000000e+17,1.00000000e+03,flux_density_cgs,6.31653864e-25,3.45437847e-01,3.75497766e-01,PyBlastAfterglowMag parfile plus repo-local pba.out; mJy values converted to cgs; ratios are assumption-audit diagnostics
fs_synch_common_minimum,PyBlastAfterglowMag,0.0.0,git b0a39d170930908a398de56089fde8cfab16883d,broad-band top-hat on-axis forward-shock synchrotron; uniform medium; E_iso=1e52 erg; Gamma0=300; theta_j=0.1 rad; n=1 cm^-3; epsilon_e=0.1; epsilon_B=1e-3; p=2.3; xi_e=0.1; z=0.1; d_L=1e26 cm; no spreading; no SSC; no reverse shock,observer time and frequency,1.00000000e+17,3.16227766e+03,flux_density_cgs,2.06263301e-25,3.63864160e-01,3.75497766e-01,PyBlastAfterglowMag parfile plus repo-local pba.out; mJy values converted to cgs; ratios are assumption-audit diagnostics
fs_synch_common_minimum,PyBlastAfterglowMag,0.0.0,git b0a39d170930908a398de56089fde8cfab16883d,broad-band top-hat on-axis forward-shock synchrotron; uniform medium; E_iso=1e52 erg; Gamma0=300; theta_j=0.1 rad; n=1 cm^-3; epsilon_e=0.1; epsilon_B=1e-3; p=2.3; xi_e=0.1; z=0.1; d_L=1e26 cm; no spreading; no SSC; no reverse shock,observer time and frequency,1.00000000e+17,1.00000000e+04,flux_density_cgs,6.37970597e-26,4.04006421e-01,3.75497766e-01,PyBlastAfterglowMag parfile plus repo-local pba.out; mJy values converted to cgs; ratios are assumption-audit diagnostics
fs_synch_common_minimum,PyBlastAfterglowMag,0.0.0,git b0a39d170930908a398de56089fde8cfab16883d,broad-band top-hat on-axis forward-shock synchrotron; uniform medium; E_iso=1e52 erg; Gamma0=300; theta_j=0.1 rad; n=1 cm^-3; epsilon_e=0.1; epsilon_B=1e-3; p=2.3; xi_e=0.1; z=0.1; d_L=1e26 cm; no spreading; no SSC; no reverse shock,observer time and frequency,1.00000000e+17,3.16227766e+04,flux_density_cgs,1.67074575e-26,4.51774802e-01,3.75497766e-01,PyBlastAfterglowMag parfile plus repo-local pba.out; mJy values converted to cgs; ratios are assumption-audit diagnostics
fs_synch_common_minimum,PyBlastAfterglowMag,0.0.0,git b0a39d170930908a398de56089fde8cfab16883d,broad-band top-hat on-axis forward-shock synchrotron; uniform medium; E_iso=1e52 erg; Gamma0=300; theta_j=0.1 rad; n=1 cm^-3; epsilon_e=0.1; epsilon_B=1e-3; p=2.3; xi_e=0.1; z=0.1; d_L=1e26 cm; no spreading; no SSC; no reverse shock,observer time and frequency,1.00000000e+17,1.00000000e+05,flux_density_cgs,1.97333103e-27,5.12715582e-01,3.75497766e-01,PyBlastAfterglowMag parfile plus repo-local pba.out; mJy values converted to cgs; ratios are assumption-audit diagnostics
fs_synch_common_minimum,PyBlastAfterglowMag,0.0.0,git b0a39d170930908a398de56089fde8cfab16883d,broad-band top-hat on-axis forward-shock synchrotron; uniform medium; E_iso=1e52 erg; Gamma0=300; theta_j=0.1 rad; n=1 cm^-3; epsilon_e=0.1; epsilon_B=1e-3; p=2.3; xi_e=0.1; z=0.1; d_L=1e26 cm; no spreading; no SSC; no reverse shock,observer time and frequency,1.00000000e+17,3.16227766e+05,flux_density_cgs,1.79654818e-28,5.22805869e-01,3.75497766e-01,PyBlastAfterglowMag parfile plus repo-local pba.out; mJy values converted to cgs; ratios are assumption-audit diagnostics
fs_synch_common_minimum,PyBlastAfterglowMag,0.0.0,git b0a39d170930908a398de56089fde8cfab16883d,broad-band top-hat on-axis forward-shock synchrotron; uniform medium; E_iso=1e52 erg; Gamma0=300; theta_j=0.1 rad; n=1 cm^-3; epsilon_e=0.1; epsilon_B=1e-3; p=2.3; xi_e=0.1; z=0.1; d_L=1e26 cm; no spreading; no SSC; no reverse shock,observer time and frequency,1.00000000e+17,1.00000000e+06,flux_density_cgs,1.72292577e-29,5.11662413e-01,3.75497766e-01,PyBlastAfterglowMag parfile plus repo-local pba.out; mJy values converted to cgs; ratios are assumption-audit diagnostics
fs_synch_common_minimum,PyBlastAfterglowMag,0.0.0,git b0a39d170930908a398de56089fde8cfab16883d,broad-band top-hat on-axis forward-shock synchrotron; uniform medium; E_iso=1e52 erg; Gamma0=300; theta_j=0.1 rad; n=1 cm^-3; epsilon_e=0.1; epsilon_B=1e-3; p=2.3; xi_e=0.1; z=0.1; d_L=1e26 cm; no spreading; no SSC; no reverse shock,observer time and frequency,1.00000000e+17,3.16227766e+06,flux_density_cgs,1.77809044e-30,4.90908746e-01,3.75497766e-01,PyBlastAfterglowMag parfile plus repo-local pba.out; mJy values converted to cgs; ratios are assumption-audit diagnostics
fs_synch_common_minimum,PyBlastAfterglowMag,0.0.0,git b0a39d170930908a398de56089fde8cfab16883d,broad-band top-hat on-axis forward-shock synchrotron; uniform medium; E_iso=1e52 erg; Gamma0=300; theta_j=0.1 rad; n=1 cm^-3; epsilon_e=0.1; epsilon_B=1e-3; p=2.3; xi_e=0.1; z=0.1; d_L=1e26 cm; no spreading; no SSC; no reverse shock,observer time and frequency,1.00000000e+17,1.00000000e+07,flux_density_cgs,2.03765440e-31,4.73365339e-01,3.75497766e-01,PyBlastAfterglowMag parfile plus repo-local pba.out; mJy values converted to cgs; ratios are assumption-audit diagnostics
fs_synch_common_minimum,PyBlastAfterglowMag,0.0.0,git b0a39d170930908a398de56089fde8cfab16883d,broad-band top-hat on-axis forward-shock synchrotron; uniform medium; E_iso=1e52 erg; Gamma0=300; theta_j=0.1 rad; n=1 cm^-3; epsilon_e=0.1; epsilon_B=1e-3; p=2.3; xi_e=0.1; z=0.1; d_L=1e26 cm; no spreading; no SSC; no reverse shock,observer time and frequency,1.00000000e+17,3.16227766e+07,flux_density_cgs,2.68714238e-32,4.67035740e-01,3.75497766e-01,PyBlastAfterglowMag parfile plus repo-local pba.out; mJy values converted to cgs; ratios are assumption-audit diagnostics
fs_synch_common_minimum,PyBlastAfterglowMag,0.0.0,git b0a39d170930908a398de56089fde8cfab16883d,broad-band top-hat on-axis forward-shock synchrotron; uniform medium; E_iso=1e52 erg; Gamma0=300; theta_j=0.1 rad; n=1 cm^-3; epsilon_e=0.1; epsilon_B=1e-3; p=2.3; xi_e=0.1; z=0.1; d_L=1e26 cm; no spreading; no SSC; no reverse shock,observer time and frequency,1.00000000e+17,1.00000000e+08,flux_density_cgs,4.72097891e-33,5.36565620e-01,3.75497766e-01,PyBlastAfterglowMag parfile plus repo-local pba.out; mJy values converted to cgs; ratios are assumption-audit diagnostics
fs_synch_common_minimum,PyBlastAfterglowMag,0.0.0,git b0a39d170930908a398de56089fde8cfab16883d,broad-band top-hat on-axis forward-shock synchrotron; uniform medium; E_iso=1e52 erg; Gamma0=300; theta_j=0.1 rad; n=1 cm^-3; epsilon_e=0.1; epsilon_B=1e-3; p=2.3; xi_e=0.1; z=0.1; d_L=1e26 cm; no spreading; no SSC; no reverse shock,observer time and frequency,1.00000000e+18,1.00000000e+00,flux_density_cgs,1.58052809e-25,5.98234573e+01,3.75497766e-01,PyBlastAfterglowMag parfile plus repo-local pba.out; mJy values converted to cgs; ratios are assumption-audit diagnostics
fs_synch_common_minimum,PyBlastAfterglowMag,0.0.0,git b0a39d170930908a398de56089fde8cfab16883d,broad-band top-hat on-axis forward-shock synchrotron; uniform medium; E_iso=1e52 erg; Gamma0=300; theta_j=0.1 rad; n=1 cm^-3; epsilon_e=0.1; epsilon_B=1e-3; p=2.3; xi_e=0.1; z=0.1; d_L=1e26 cm; no spreading; no SSC; no reverse shock,observer time and frequency,1.00000000e+18,3.16227766e+00,flux_density_cgs,2.83063110e-24,3.18106856e+01,3.75497766e-01,PyBlastAfterglowMag parfile plus repo-local pba.out; mJy values converted to cgs; ratios are assumption-audit diagnostics
fs_synch_common_minimum,PyBlastAfterglowMag,0.0.0,git b0a39d170930908a398de56089fde8cfab16883d,broad-band top-hat on-axis forward-shock synchrotron; uniform medium; E_iso=1e52 erg; Gamma0=300; theta_j=0.1 rad; n=1 cm^-3; epsilon_e=0.1; epsilon_B=1e-3; p=2.3; xi_e=0.1; z=0.1; d_L=1e26 cm; no spreading; no SSC; no reverse shock,observer time and frequency,1.00000000e+18,1.00000000e+01,flux_density_cgs,5.11997364e-24,2.06292538e+00,3.75497766e-01,PyBlastAfterglowMag parfile plus repo-local pba.out; mJy values converted to cgs; ratios are assumption-audit diagnostics
fs_synch_common_minimum,PyBlastAfterglowMag,0.0.0,git b0a39d170930908a398de56089fde8cfab16883d,broad-band top-hat on-axis forward-shock synchrotron; uniform medium; E_iso=1e52 erg; Gamma0=300; theta_j=0.1 rad; n=1 cm^-3; epsilon_e=0.1; epsilon_B=1e-3; p=2.3; xi_e=0.1; z=0.1; d_L=1e26 cm; no spreading; no SSC; no reverse shock,observer time and frequency,1.00000000e+18,3.16227766e+01,flux_density_cgs,2.62801657e-24,4.26652089e-01,3.75497766e-01,PyBlastAfterglowMag parfile plus repo-local pba.out; mJy values converted to cgs; ratios are assumption-audit diagnostics
fs_synch_common_minimum,PyBlastAfterglowMag,0.0.0,git b0a39d170930908a398de56089fde8cfab16883d,broad-band top-hat on-axis forward-shock synchrotron; uniform medium; E_iso=1e52 erg; Gamma0=300; theta_j=0.1 rad; n=1 cm^-3; epsilon_e=0.1; epsilon_B=1e-3; p=2.3; xi_e=0.1; z=0.1; d_L=1e26 cm; no spreading; no SSC; no reverse shock,observer time and frequency,1.00000000e+18,1.00000000e+02,flux_density_cgs,9.99090120e-25,4.94382998e-01,3.75497766e-01,PyBlastAfterglowMag parfile plus repo-local pba.out; mJy values converted to cgs; ratios are assumption-audit diagnostics
fs_synch_common_minimum,PyBlastAfterglowMag,0.0.0,git b0a39d170930908a398de56089fde8cfab16883d,broad-band top-hat on-axis forward-shock synchrotron; uniform medium; E_iso=1e52 erg; Gamma0=300; theta_j=0.1 rad; n=1 cm^-3; epsilon_e=0.1; epsilon_B=1e-3; p=2.3; xi_e=0.1; z=0.1; d_L=1e26 cm; no spreading; no SSC; no reverse shock,observer time and frequency,1.00000000e+18,3.16227766e+02,flux_density_cgs,3.32188183e-25,3.55421203e-01,3.75497766e-01,PyBlastAfterglowMag parfile plus repo-local pba.out; mJy values converted to cgs; ratios are assumption-audit diagnostics
fs_synch_common_minimum,PyBlastAfterglowMag,0.0.0,git b0a39d170930908a398de56089fde8cfab16883d,broad-band top-hat on-axis forward-shock synchrotron; uniform medium; E_iso=1e52 erg; Gamma0=300; theta_j=0.1 rad; n=1 cm^-3; epsilon_e=0.1; epsilon_B=1e-3; p=2.3; xi_e=0.1; z=0.1; d_L=1e26 cm; no spreading; no SSC; no reverse shock,observer time and frequency,1.00000000e+18,1.00000000e+03,flux_density_cgs,9.97193847e-26,3.77699653e-01,3.75497766e-01,PyBlastAfterglowMag parfile plus repo-local pba.out; mJy values converted to cgs; ratios are assumption-audit diagnostics
fs_synch_common_minimum,PyBlastAfterglowMag,0.0.0,git b0a39d170930908a398de56089fde8cfab16883d,broad-band top-hat on-axis forward-shock synchrotron; uniform medium; E_iso=1e52 erg; Gamma0=300; theta_j=0.1 rad; n=1 cm^-3; epsilon_e=0.1; epsilon_B=1e-3; p=2.3; xi_e=0.1; z=0.1; d_L=1e26 cm; no spreading; no SSC; no reverse shock,observer time and frequency,1.00000000e+18,3.16227766e+03,flux_density_cgs,2.74898916e-26,3.89114663e-01,3.75497766e-01,PyBlastAfterglowMag parfile plus repo-local pba.out; mJy values converted to cgs; ratios are assumption-audit diagnostics
fs_synch_common_minimum,PyBlastAfterglowMag,0.0.0,git b0a39d170930908a398de56089fde8cfab16883d,broad-band top-hat on-axis forward-shock synchrotron; uniform medium; E_iso=1e52 erg; Gamma0=300; theta_j=0.1 rad; n=1 cm^-3; epsilon_e=0.1; epsilon_B=1e-3; p=2.3; xi_e=0.1; z=0.1; d_L=1e26 cm; no spreading; no SSC; no reverse shock,observer time and frequency,1.00000000e+18,1.00000000e+04,flux_density_cgs,7.10117035e-27,3.88919117e-01,3.75497766e-01,PyBlastAfterglowMag parfile plus repo-local pba.out; mJy values converted to cgs; ratios are assumption-audit diagnostics
fs_synch_common_minimum,PyBlastAfterglowMag,0.0.0,git b0a39d170930908a398de56089fde8cfab16883d,broad-band top-hat on-axis forward-shock synchrotron; uniform medium; E_iso=1e52 erg; Gamma0=300; theta_j=0.1 rad; n=1 cm^-3; epsilon_e=0.1; epsilon_B=1e-3; p=2.3; xi_e=0.1; z=0.1; d_L=1e26 cm; no spreading; no SSC; no reverse shock,observer time and frequency,1.00000000e+18,3.16227766e+04,flux_density_cgs,1.60013714e-27,3.99027213e-01,3.75497766e-01,PyBlastAfterglowMag parfile plus repo-local pba.out; mJy values converted to cgs; ratios are assumption-audit diagnostics
fs_synch_common_minimum,PyBlastAfterglowMag,0.0.0,git b0a39d170930908a398de56089fde8cfab16883d,broad-band top-hat on-axis forward-shock synchrotron; uniform medium; E_iso=1e52 erg; Gamma0=300; theta_j=0.1 rad; n=1 cm^-3; epsilon_e=0.1; epsilon_B=1e-3; p=2.3; xi_e=0.1; z=0.1; d_L=1e26 cm; no spreading; no SSC; no reverse shock,observer time and frequency,1.00000000e+18,1.00000000e+05,flux_density_cgs,1.68179480e-28,4.27802980e-01,3.75497766e-01,PyBlastAfterglowMag parfile plus repo-local pba.out; mJy values converted to cgs; ratios are assumption-audit diagnostics
fs_synch_common_minimum,PyBlastAfterglowMag,0.0.0,git b0a39d170930908a398de56089fde8cfab16883d,broad-band top-hat on-axis forward-shock synchrotron; uniform medium; E_iso=1e52 erg; Gamma0=300; theta_j=0.1 rad; n=1 cm^-3; epsilon_e=0.1; epsilon_B=1e-3; p=2.3; xi_e=0.1; z=0.1; d_L=1e26 cm; no spreading; no SSC; no reverse shock,observer time and frequency,1.00000000e+18,3.16227766e+05,flux_density_cgs,1.40919352e-29,4.24902398e-01,3.75497766e-01,PyBlastAfterglowMag parfile plus repo-local pba.out; mJy values converted to cgs; ratios are assumption-audit diagnostics
fs_synch_common_minimum,PyBlastAfterglowMag,0.0.0,git b0a39d170930908a398de56089fde8cfab16883d,broad-band top-hat on-axis forward-shock synchrotron; uniform medium; E_iso=1e52 erg; Gamma0=300; theta_j=0.1 rad; n=1 cm^-3; epsilon_e=0.1; epsilon_B=1e-3; p=2.3; xi_e=0.1; z=0.1; d_L=1e26 cm; no spreading; no SSC; no reverse shock,observer time and frequency,1.00000000e+18,1.00000000e+06,flux_density_cgs,1.28973250e-30,4.18784569e-01,3.75497766e-01,PyBlastAfterglowMag parfile plus repo-local pba.out; mJy values converted to cgs; ratios are assumption-audit diagnostics
fs_synch_common_minimum,PyBlastAfterglowMag,0.0.0,git b0a39d170930908a398de56089fde8cfab16883d,broad-band top-hat on-axis forward-shock synchrotron; uniform medium; E_iso=1e52 erg; Gamma0=300; theta_j=0.1 rad; n=1 cm^-3; epsilon_e=0.1; epsilon_B=1e-3; p=2.3; xi_e=0.1; z=0.1; d_L=1e26 cm; no spreading; no SSC; no reverse shock,observer time and frequency,1.00000000e+18,3.16227766e+06,flux_density_cgs,1.29686400e-31,4.09721588e-01,3.75497766e-01,PyBlastAfterglowMag parfile plus repo-local pba.out; mJy values converted to cgs; ratios are assumption-audit diagnostics
fs_synch_common_minimum,PyBlastAfterglowMag,0.0.0,git b0a39d170930908a398de56089fde8cfab16883d,broad-band top-hat on-axis forward-shock synchrotron; uniform medium; E_iso=1e52 erg; Gamma0=300; theta_j=0.1 rad; n=1 cm^-3; epsilon_e=0.1; epsilon_B=1e-3; p=2.3; xi_e=0.1; z=0.1; d_L=1e26 cm; no spreading; no SSC; no reverse shock,observer time and frequency,1.00000000e+18,1.00000000e+07,flux_density_cgs,1.46484926e-32,4.08006524e-01,3.75497766e-01,PyBlastAfterglowMag parfile plus repo-local pba.out; mJy values converted to cgs; ratios are assumption-audit diagnostics
fs_synch_common_minimum,PyBlastAfterglowMag,0.0.0,git b0a39d170930908a398de56089fde8cfab16883d,broad-band top-hat on-axis forward-shock synchrotron; uniform medium; E_iso=1e52 erg; Gamma0=300; theta_j=0.1 rad; n=1 cm^-3; epsilon_e=0.1; epsilon_B=1e-3; p=2.3; xi_e=0.1; z=0.1; d_L=1e26 cm; no spreading; no SSC; no reverse shock,observer time and frequency,1.00000000e+18,3.16227766e+07,flux_density_cgs,1.91712907e-33,4.14835658e-01,3.75497766e-01,PyBlastAfterglowMag parfile plus repo-local pba.out; mJy values converted to cgs; ratios are assumption-audit diagnostics
fs_synch_common_minimum,PyBlastAfterglowMag,0.0.0,git b0a39d170930908a398de56089fde8cfab16883d,broad-band top-hat on-axis forward-shock synchrotron; uniform medium; E_iso=1e52 erg; Gamma0=300; theta_j=0.1 rad; n=1 cm^-3; epsilon_e=0.1; epsilon_B=1e-3; p=2.3; xi_e=0.1; z=0.1; d_L=1e26 cm; no spreading; no SSC; no reverse shock,observer time and frequency,1.00000000e+18,1.00000000e+08,flux_density_cgs,3.35482985e-34,4.86376037e-01,3.75497766e-01,PyBlastAfterglowMag parfile plus repo-local pba.out; mJy values converted to cgs; ratios are assumption-audit diagnostics
fs_synch_common_minimum,PyBlastAfterglowMag,0.0.0,git b0a39d170930908a398de56089fde8cfab16883d,broad-band top-hat on-axis forward-shock synchrotron; uniform medium; E_iso=1e52 erg; Gamma0=300; theta_j=0.1 rad; n=1 cm^-3; epsilon_e=0.1; epsilon_B=1e-3; p=2.3; xi_e=0.1; z=0.1; d_L=1e26 cm; no spreading; no SSC; no reverse shock,observer time and frequency,2.40000000e+22,1.00000000e+00,flux_density_cgs,1.91174645e-29,1.12626510e+00,3.75497766e-01,PyBlastAfterglowMag parfile plus repo-local pba.out; mJy values converted to cgs; ratios are assumption-audit diagnostics
fs_synch_common_minimum,PyBlastAfterglowMag,0.0.0,git b0a39d170930908a398de56089fde8cfab16883d,broad-band top-hat on-axis forward-shock synchrotron; uniform medium; E_iso=1e52 erg; Gamma0=300; theta_j=0.1 rad; n=1 cm^-3; epsilon_e=0.1; epsilon_B=1e-3; p=2.3; xi_e=0.1; z=0.1; d_L=1e26 cm; no spreading; no SSC; no reverse shock,observer time and frequency,2.40000000e+22,3.16227766e+00,flux_density_cgs,1.16266101e-28,6.15384142e-01,3.75497766e-01,PyBlastAfterglowMag parfile plus repo-local pba.out; mJy values converted to cgs; ratios are assumption-audit diagnostics
fs_synch_common_minimum,PyBlastAfterglowMag,0.0.0,git b0a39d170930908a398de56089fde8cfab16883d,broad-band top-hat on-axis forward-shock synchrotron; uniform medium; E_iso=1e52 erg; Gamma0=300; theta_j=0.1 rad; n=1 cm^-3; epsilon_e=0.1; epsilon_B=1e-3; p=2.3; xi_e=0.1; z=0.1; d_L=1e26 cm; no spreading; no SSC; no reverse shock,observer time and frequency,2.40000000e+22,1.00000000e+01,flux_density_cgs,1.11632050e-28,8.80702198e-02,3.75497766e-01,PyBlastAfterglowMag parfile plus repo-local pba.out; mJy values converted to cgs; ratios are assumption-audit diagnostics
fs_synch_common_minimum,PyBlastAfterglowMag,0.0.0,git b0a39d170930908a398de56089fde8cfab16883d,broad-band top-hat on-axis forward-shock synchrotron; uniform medium; E_iso=1e52 erg; Gamma0=300; theta_j=0.1 rad; n=1 cm^-3; epsilon_e=0.1; epsilon_B=1e-3; p=2.3; xi_e=0.1; z=0.1; d_L=1e26 cm; no spreading; no SSC; no reverse shock,observer time and frequency,2.40000000e+22,3.16227766e+01,flux_density_cgs,4.29559483e-29,1.00926029e-01,3.75497766e-01,PyBlastAfterglowMag parfile plus repo-local pba.out; mJy values converted to cgs; ratios are assumption-audit diagnostics
fs_synch_common_minimum,PyBlastAfterglowMag,0.0.0,git b0a39d170930908a398de56089fde8cfab16883d,broad-band top-hat on-axis forward-shock synchrotron; uniform medium; E_iso=1e52 erg; Gamma0=300; theta_j=0.1 rad; n=1 cm^-3; epsilon_e=0.1; epsilon_B=1e-3; p=2.3; xi_e=0.1; z=0.1; d_L=1e26 cm; no spreading; no SSC; no reverse shock,observer time and frequency,2.40000000e+22,1.00000000e+02,flux_density_cgs,1.34940565e-29,2.38912895e-01,3.75497766e-01,PyBlastAfterglowMag parfile plus repo-local pba.out; mJy values converted to cgs; ratios are assumption-audit diagnostics
fs_synch_common_minimum,PyBlastAfterglowMag,0.0.0,git b0a39d170930908a398de56089fde8cfab16883d,broad-band top-hat on-axis forward-shock synchrotron; uniform medium; E_iso=1e52 erg; Gamma0=300; theta_j=0.1 rad; n=1 cm^-3; epsilon_e=0.1; epsilon_B=1e-3; p=2.3; xi_e=0.1; z=0.1; d_L=1e26 cm; no spreading; no SSC; no reverse shock,observer time and frequency,2.40000000e+22,3.16227766e+02,flux_density_cgs,3.87423000e-30,2.21822480e-01,3.75497766e-01,PyBlastAfterglowMag parfile plus repo-local pba.out; mJy values converted to cgs; ratios are assumption-audit diagnostics
fs_synch_common_minimum,PyBlastAfterglowMag,0.0.0,git b0a39d170930908a398de56089fde8cfab16883d,broad-band top-hat on-axis forward-shock synchrotron; uniform medium; E_iso=1e52 erg; Gamma0=300; theta_j=0.1 rad; n=1 cm^-3; epsilon_e=0.1; epsilon_B=1e-3; p=2.3; xi_e=0.1; z=0.1; d_L=1e26 cm; no spreading; no SSC; no reverse shock,observer time and frequency,2.40000000e+22,1.00000000e+03,flux_density_cgs,1.04617819e-30,2.52912287e-01,3.75497766e-01,PyBlastAfterglowMag parfile plus repo-local pba.out; mJy values converted to cgs; ratios are assumption-audit diagnostics
fs_synch_common_minimum,PyBlastAfterglowMag,0.0.0,git b0a39d170930908a398de56089fde8cfab16883d,broad-band top-hat on-axis forward-shock synchrotron; uniform medium; E_iso=1e52 erg; Gamma0=300; theta_j=0.1 rad; n=1 cm^-3; epsilon_e=0.1; epsilon_B=1e-3; p=2.3; xi_e=0.1; z=0.1; d_L=1e26 cm; no spreading; no SSC; no reverse shock,observer time and frequency,2.40000000e+22,3.16227766e+03,flux_density_cgs,2.70039655e-31,2.79752657e-01,3.75497766e-01,PyBlastAfterglowMag parfile plus repo-local pba.out; mJy values converted to cgs; ratios are assumption-audit diagnostics
fs_synch_common_minimum,PyBlastAfterglowMag,0.0.0,git b0a39d170930908a398de56089fde8cfab16883d,broad-band top-hat on-axis forward-shock synchrotron; uniform medium; E_iso=1e52 erg; Gamma0=300; theta_j=0.1 rad; n=1 cm^-3; epsilon_e=0.1; epsilon_B=1e-3; p=2.3; xi_e=0.1; z=0.1; d_L=1e26 cm; no spreading; no SSC; no reverse shock,observer time and frequency,2.40000000e+22,1.00000000e+04,flux_density_cgs,6.73285062e-32,3.04981665e-01,3.75497766e-01,PyBlastAfterglowMag parfile plus repo-local pba.out; mJy values converted to cgs; ratios are assumption-audit diagnostics
fs_synch_common_minimum,PyBlastAfterglowMag,0.0.0,git b0a39d170930908a398de56089fde8cfab16883d,broad-band top-hat on-axis forward-shock synchrotron; uniform medium; E_iso=1e52 erg; Gamma0=300; theta_j=0.1 rad; n=1 cm^-3; epsilon_e=0.1; epsilon_B=1e-3; p=2.3; xi_e=0.1; z=0.1; d_L=1e26 cm; no spreading; no SSC; no reverse shock,observer time and frequency,2.40000000e+22,3.16227766e+04,flux_density_cgs,1.49211376e-32,3.39083193e-01,3.75497766e-01,PyBlastAfterglowMag parfile plus repo-local pba.out; mJy values converted to cgs; ratios are assumption-audit diagnostics
fs_synch_common_minimum,PyBlastAfterglowMag,0.0.0,git b0a39d170930908a398de56089fde8cfab16883d,broad-band top-hat on-axis forward-shock synchrotron; uniform medium; E_iso=1e52 erg; Gamma0=300; theta_j=0.1 rad; n=1 cm^-3; epsilon_e=0.1; epsilon_B=1e-3; p=2.3; xi_e=0.1; z=0.1; d_L=1e26 cm; no spreading; no SSC; no reverse shock,observer time and frequency,2.40000000e+22,1.00000000e+05,flux_density_cgs,1.55575754e-33,3.97903279e-01,3.75497766e-01,PyBlastAfterglowMag parfile plus repo-local pba.out; mJy values converted to cgs; ratios are assumption-audit diagnostics
fs_synch_common_minimum,PyBlastAfterglowMag,0.0.0,git b0a39d170930908a398de56089fde8cfab16883d,broad-band top-hat on-axis forward-shock synchrotron; uniform medium; E_iso=1e52 erg; Gamma0=300; theta_j=0.1 rad; n=1 cm^-3; epsilon_e=0.1; epsilon_B=1e-3; p=2.3; xi_e=0.1; z=0.1; d_L=1e26 cm; no spreading; no SSC; no reverse shock,observer time and frequency,2.40000000e+22,3.16227766e+05,flux_density_cgs,1.29826779e-34,4.40473248e-01,3.75497766e-01,PyBlastAfterglowMag parfile plus repo-local pba.out; mJy values converted to cgs; ratios are assumption-audit diagnostics
fs_synch_common_minimum,PyBlastAfterglowMag,0.0.0,git b0a39d170930908a398de56089fde8cfab16883d,broad-band top-hat on-axis forward-shock synchrotron; uniform medium; E_iso=1e52 erg; Gamma0=300; theta_j=0.1 rad; n=1 cm^-3; epsilon_e=0.1; epsilon_B=1e-3; p=2.3; xi_e=0.1; z=0.1; d_L=1e26 cm; no spreading; no SSC; no reverse shock,observer time and frequency,2.40000000e+22,1.00000000e+06,flux_density_cgs,1.18599126e-35,4.83582860e-01,3.75497766e-01,PyBlastAfterglowMag parfile plus repo-local pba.out; mJy values converted to cgs; ratios are assumption-audit diagnostics
fs_synch_common_minimum,PyBlastAfterglowMag,0.0.0,git b0a39d170930908a398de56089fde8cfab16883d,broad-band top-hat on-axis forward-shock synchrotron; uniform medium; E_iso=1e52 erg; Gamma0=300; theta_j=0.1 rad; n=1 cm^-3; epsilon_e=0.1; epsilon_B=1e-3; p=2.3; xi_e=0.1; z=0.1; d_L=1e26 cm; no spreading; no SSC; no reverse shock,observer time and frequency,2.40000000e+22,3.16227766e+06,flux_density_cgs,1.19144476e-36,5.33871581e-01,3.75497766e-01,PyBlastAfterglowMag parfile plus repo-local pba.out; mJy values converted to cgs; ratios are assumption-audit diagnostics
fs_synch_common_minimum,PyBlastAfterglowMag,0.0.0,git b0a39d170930908a398de56089fde8cfab16883d,broad-band top-hat on-axis forward-shock synchrotron; uniform medium; E_iso=1e52 erg; Gamma0=300; theta_j=0.1 rad; n=1 cm^-3; epsilon_e=0.1; epsilon_B=1e-3; p=2.3; xi_e=0.1; z=0.1; d_L=1e26 cm; no spreading; no SSC; no reverse shock,observer time and frequency,2.40000000e+22,1.00000000e+07,flux_density_cgs,1.34512470e-37,5.98335393e-01,3.75497766e-01,PyBlastAfterglowMag parfile plus repo-local pba.out; mJy values converted to cgs; ratios are assumption-audit diagnostics
fs_synch_common_minimum,PyBlastAfterglowMag,0.0.0,git b0a39d170930908a398de56089fde8cfab16883d,broad-band top-hat on-axis forward-shock synchrotron; uniform medium; E_iso=1e52 erg; Gamma0=300; theta_j=0.1 rad; n=1 cm^-3; epsilon_e=0.1; epsilon_B=1e-3; p=2.3; xi_e=0.1; z=0.1; d_L=1e26 cm; no spreading; no SSC; no reverse shock,observer time and frequency,2.40000000e+22,3.16227766e+07,flux_density_cgs,1.76000685e-38,6.78322908e-01,3.75497766e-01,PyBlastAfterglowMag parfile plus repo-local pba.out; mJy values converted to cgs; ratios are assumption-audit diagnostics
fs_synch_common_minimum,PyBlastAfterglowMag,0.0.0,git b0a39d170930908a398de56089fde8cfab16883d,broad-band top-hat on-axis forward-shock synchrotron; uniform medium; E_iso=1e52 erg; Gamma0=300; theta_j=0.1 rad; n=1 cm^-3; epsilon_e=0.1; epsilon_B=1e-3; p=2.3; xi_e=0.1; z=0.1; d_L=1e26 cm; no spreading; no SSC; no reverse shock,observer time and frequency,2.40000000e+22,1.00000000e+08,flux_density_cgs,3.07949080e-39,8.56036207e-01,3.75497766e-01,PyBlastAfterglowMag parfile plus repo-local pba.out; mJy values converted to cgs; ratios are assumption-audit diagnostics
fs_synch_common_minimum,PyBlastAfterglowMag,0.0.0,git b0a39d170930908a398de56089fde8cfab16883d,broad-band top-hat on-axis forward-shock synchrotron; uniform medium; E_iso=1e52 erg; Gamma0=300; theta_j=0.1 rad; n=1 cm^-3; epsilon_e=0.1; epsilon_B=1e-3; p=2.3; xi_e=0.1; z=0.1; d_L=1e26 cm; no spreading; no SSC; no reverse shock,observer time and frequency,2.40000000e+23,1.00000000e+00,flux_density_cgs,1.35356459e-30,1.02298730e+00,3.75497766e-01,PyBlastAfterglowMag parfile plus repo-local pba.out; mJy values converted to cgs; ratios are assumption-audit diagnostics
fs_synch_common_minimum,PyBlastAfterglowMag,0.0.0,git b0a39d170930908a398de56089fde8cfab16883d,broad-band top-hat on-axis forward-shock synchrotron; uniform medium; E_iso=1e52 erg; Gamma0=300; theta_j=0.1 rad; n=1 cm^-3; epsilon_e=0.1; epsilon_B=1e-3; p=2.3; xi_e=0.1; z=0.1; d_L=1e26 cm; no spreading; no SSC; no reverse shock,observer time and frequency,2.40000000e+23,3.16227766e+00,flux_density_cgs,8.23105039e-30,6.21165369e-01,3.75497766e-01,PyBlastAfterglowMag parfile plus repo-local pba.out; mJy values converted to cgs; ratios are assumption-audit diagnostics
fs_synch_common_minimum,PyBlastAfterglowMag,0.0.0,git b0a39d170930908a398de56089fde8cfab16883d,broad-band top-hat on-axis forward-shock synchrotron; uniform medium; E_iso=1e52 erg; Gamma0=300; theta_j=0.1 rad; n=1 cm^-3; epsilon_e=0.1; epsilon_B=1e-3; p=2.3; xi_e=0.1; z=0.1; d_L=1e26 cm; no spreading; no SSC; no reverse shock,observer time and frequency,2.40000000e+23,1.00000000e+01,flux_density_cgs,7.90295078e-30,9.23436536e-02,3.75497766e-01,PyBlastAfterglowMag parfile plus repo-local pba.out; mJy values converted to cgs; ratios are assumption-audit diagnostics
fs_synch_common_minimum,PyBlastAfterglowMag,0.0.0,git b0a39d170930908a398de56089fde8cfab16883d,broad-band top-hat on-axis forward-shock synchrotron; uniform medium; E_iso=1e52 erg; Gamma0=300; theta_j=0.1 rad; n=1 cm^-3; epsilon_e=0.1; epsilon_B=1e-3; p=2.3; xi_e=0.1; z=0.1; d_L=1e26 cm; no spreading; no SSC; no reverse shock,observer time and frequency,2.40000000e+23,3.16227766e+01,flux_density_cgs,3.04104928e-30,1.08473440e-01,3.75497766e-01,PyBlastAfterglowMag parfile plus repo-local pba.out; mJy values converted to cgs; ratios are assumption-audit diagnostics
fs_synch_common_minimum,PyBlastAfterglowMag,0.0.0,git b0a39d170930908a398de56089fde8cfab16883d,broad-band top-hat on-axis forward-shock synchrotron; uniform medium; E_iso=1e52 erg; Gamma0=300; theta_j=0.1 rad; n=1 cm^-3; epsilon_e=0.1; epsilon_B=1e-3; p=2.3; xi_e=0.1; z=0.1; d_L=1e26 cm; no spreading; no SSC; no reverse shock,observer time and frequency,2.40000000e+23,1.00000000e+02,flux_density_cgs,9.55306195e-31,2.70056236e-01,3.75497766e-01,PyBlastAfterglowMag parfile plus repo-local pba.out; mJy values converted to cgs; ratios are assumption-audit diagnostics
fs_synch_common_minimum,PyBlastAfterglowMag,0.0.0,git b0a39d170930908a398de56089fde8cfab16883d,broad-band top-hat on-axis forward-shock synchrotron; uniform medium; E_iso=1e52 erg; Gamma0=300; theta_j=0.1 rad; n=1 cm^-3; epsilon_e=0.1; epsilon_B=1e-3; p=2.3; xi_e=0.1; z=0.1; d_L=1e26 cm; no spreading; no SSC; no reverse shock,observer time and frequency,2.40000000e+23,3.16227766e+02,flux_density_cgs,2.74274501e-31,2.58525483e-01,3.75497766e-01,PyBlastAfterglowMag parfile plus repo-local pba.out; mJy values converted to cgs; ratios are assumption-audit diagnostics
fs_synch_common_minimum,PyBlastAfterglowMag,0.0.0,git b0a39d170930908a398de56089fde8cfab16883d,broad-band top-hat on-axis forward-shock synchrotron; uniform medium; E_iso=1e52 erg; Gamma0=300; theta_j=0.1 rad; n=1 cm^-3; epsilon_e=0.1; epsilon_B=1e-3; p=2.3; xi_e=0.1; z=0.1; d_L=1e26 cm; no spreading; no SSC; no reverse shock,observer time and frequency,2.40000000e+23,1.00000000e+03,flux_density_cgs,7.40637464e-32,3.13852777e-01,3.75497766e-01,PyBlastAfterglowMag parfile plus repo-local pba.out; mJy values converted to cgs; ratios are assumption-audit diagnostics
fs_synch_common_minimum,PyBlastAfterglowMag,0.0.0,git b0a39d170930908a398de56089fde8cfab16883d,broad-band top-hat on-axis forward-shock synchrotron; uniform medium; E_iso=1e52 erg; Gamma0=300; theta_j=0.1 rad; n=1 cm^-3; epsilon_e=0.1; epsilon_B=1e-3; p=2.3; xi_e=0.1; z=0.1; d_L=1e26 cm; no spreading; no SSC; no reverse shock,observer time and frequency,2.40000000e+23,3.16227766e+03,flux_density_cgs,1.91173438e-32,3.74333176e-01,3.75497766e-01,PyBlastAfterglowMag parfile plus repo-local pba.out; mJy values converted to cgs; ratios are assumption-audit diagnostics
fs_synch_common_minimum,PyBlastAfterglowMag,0.0.0,git b0a39d170930908a398de56089fde8cfab16883d,broad-band top-hat on-axis forward-shock synchrotron; uniform medium; E_iso=1e52 erg; Gamma0=300; theta_j=0.1 rad; n=1 cm^-3; epsilon_e=0.1; epsilon_B=1e-3; p=2.3; xi_e=0.1; z=0.1; d_L=1e26 cm; no spreading; no SSC; no reverse shock,observer time and frequency,2.40000000e+23,1.00000000e+04,flux_density_cgs,4.76649325e-33,4.48303723e-01,3.75497766e-01,PyBlastAfterglowMag parfile plus repo-local pba.out; mJy values converted to cgs; ratios are assumption-audit diagnostics
fs_synch_common_minimum,PyBlastAfterglowMag,0.0.0,git b0a39d170930908a398de56089fde8cfab16883d,broad-band top-hat on-axis forward-shock synchrotron; uniform medium; E_iso=1e52 erg; Gamma0=300; theta_j=0.1 rad; n=1 cm^-3; epsilon_e=0.1; epsilon_B=1e-3; p=2.3; xi_e=0.1; z=0.1; d_L=1e26 cm; no spreading; no SSC; no reverse shock,observer time and frequency,2.40000000e+23,3.16227766e+04,flux_density_cgs,1.05633565e-33,5.53047090e-01,3.75497766e-01,PyBlastAfterglowMag parfile plus repo-local pba.out; mJy values converted to cgs; ratios are assumption-audit diagnostics
fs_synch_common_minimum,PyBlastAfterglowMag,0.0.0,git b0a39d170930908a398de56089fde8cfab16883d,broad-band top-hat on-axis forward-shock synchrotron; uniform medium; E_iso=1e52 erg; Gamma0=300; theta_j=0.1 rad; n=1 cm^-3; epsilon_e=0.1; epsilon_B=1e-3; p=2.3; xi_e=0.1; z=0.1; d_L=1e26 cm; no spreading; no SSC; no reverse shock,observer time and frequency,2.40000000e+23,1.00000000e+05,flux_density_cgs,1.10139199e-34,7.45158056e-01,3.75497766e-01,PyBlastAfterglowMag parfile plus repo-local pba.out; mJy values converted to cgs; ratios are assumption-audit diagnostics
fs_synch_common_minimum,PyBlastAfterglowMag,0.0.0,git b0a39d170930908a398de56089fde8cfab16883d,broad-band top-hat on-axis forward-shock synchrotron; uniform medium; E_iso=1e52 erg; Gamma0=300; theta_j=0.1 rad; n=1 cm^-3; epsilon_e=0.1; epsilon_B=1e-3; p=2.3; xi_e=0.1; z=0.1; d_L=1e26 cm; no spreading; no SSC; no reverse shock,observer time and frequency,2.40000000e+23,3.16227766e+05,flux_density_cgs,9.19103206e-36,9.91371545e-01,3.75497766e-01,PyBlastAfterglowMag parfile plus repo-local pba.out; mJy values converted to cgs; ratios are assumption-audit diagnostics
fs_synch_common_minimum,PyBlastAfterglowMag,0.0.0,git b0a39d170930908a398de56089fde8cfab16883d,broad-band top-hat on-axis forward-shock synchrotron; uniform medium; E_iso=1e52 erg; Gamma0=300; theta_j=0.1 rad; n=1 cm^-3; epsilon_e=0.1; epsilon_B=1e-3; p=2.3; xi_e=0.1; z=0.1; d_L=1e26 cm; no spreading; no SSC; no reverse shock,observer time and frequency,2.40000000e+23,1.00000000e+06,flux_density_cgs,8.39617515e-37,1.35546789e+00,3.75497766e-01,PyBlastAfterglowMag parfile plus repo-local pba.out; mJy values converted to cgs; ratios are assumption-audit diagnostics
fs_synch_common_minimum,PyBlastAfterglowMag,0.0.0,git b0a39d170930908a398de56089fde8cfab16883d,broad-band top-hat on-axis forward-shock synchrotron; uniform medium; E_iso=1e52 erg; Gamma0=300; theta_j=0.1 rad; n=1 cm^-3; epsilon_e=0.1; epsilon_B=1e-3; p=2.3; xi_e=0.1; z=0.1; d_L=1e26 cm; no spreading; no SSC; no reverse shock,observer time and frequency,2.40000000e+23,3.16227766e+06,flux_density_cgs,8.43478297e-38,1.89088945e+00,3.75497766e-01,PyBlastAfterglowMag parfile plus repo-local pba.out; mJy values converted to cgs; ratios are assumption-audit diagnostics
fs_synch_common_minimum,PyBlastAfterglowMag,0.0.0,git b0a39d170930908a398de56089fde8cfab16883d,broad-band top-hat on-axis forward-shock synchrotron; uniform medium; E_iso=1e52 erg; Gamma0=300; theta_j=0.1 rad; n=1 cm^-3; epsilon_e=0.1; epsilon_B=1e-3; p=2.3; xi_e=0.1; z=0.1; d_L=1e26 cm; no spreading; no SSC; no reverse shock,observer time and frequency,2.40000000e+23,1.00000000e+07,flux_density_cgs,9.52275361e-39,2.60325394e+00,3.75497766e-01,PyBlastAfterglowMag parfile plus repo-local pba.out; mJy values converted to cgs; ratios are assumption-audit diagnostics
fs_synch_common_minimum,PyBlastAfterglowMag,0.0.0,git b0a39d170930908a398de56089fde8cfab16883d,broad-band top-hat on-axis forward-shock synchrotron; uniform medium; E_iso=1e52 erg; Gamma0=300; theta_j=0.1 rad; n=1 cm^-3; epsilon_e=0.1; epsilon_B=1e-3; p=2.3; xi_e=0.1; z=0.1; d_L=1e26 cm; no spreading; no SSC; no reverse shock,observer time and frequency,2.40000000e+23,3.16227766e+07,flux_density_cgs,1.24598943e-39,3.57676952e+00,3.75497766e-01,PyBlastAfterglowMag parfile plus repo-local pba.out; mJy values converted to cgs; ratios are assumption-audit diagnostics
fs_synch_common_minimum,PyBlastAfterglowMag,0.0.0,git b0a39d170930908a398de56089fde8cfab16883d,broad-band top-hat on-axis forward-shock synchrotron; uniform medium; E_iso=1e52 erg; Gamma0=300; theta_j=0.1 rad; n=1 cm^-3; epsilon_e=0.1; epsilon_B=1e-3; p=2.3; xi_e=0.1; z=0.1; d_L=1e26 cm; no spreading; no SSC; no reverse shock,observer time and frequency,2.40000000e+23,1.00000000e+08,flux_density_cgs,2.18011253e-40,5.21010677e+00,3.75497766e-01,PyBlastAfterglowMag parfile plus repo-local pba.out; mJy values converted to cgs; ratios are assumption-audit diagnostics
fs_synch_common_minimum,PyBlastAfterglowMag,0.0.0,git b0a39d170930908a398de56089fde8cfab16883d,broad-band top-hat on-axis forward-shock synchrotron; uniform medium; E_iso=1e52 erg; Gamma0=300; theta_j=0.1 rad; n=1 cm^-3; epsilon_e=0.1; epsilon_B=1e-3; p=2.3; xi_e=0.1; z=0.1; d_L=1e26 cm; no spreading; no SSC; no reverse shock,observer time and frequency,2.40000000e+26,1.00000000e+00,flux_density_cgs,1.81728754e-34,5.00933770e+01,3.75497766e-01,PyBlastAfterglowMag parfile plus repo-local pba.out; mJy values converted to cgs; ratios are assumption-audit diagnostics
fs_synch_common_minimum,PyBlastAfterglowMag,0.0.0,git b0a39d170930908a398de56089fde8cfab16883d,broad-band top-hat on-axis forward-shock synchrotron; uniform medium; E_iso=1e52 erg; Gamma0=300; theta_j=0.1 rad; n=1 cm^-3; epsilon_e=0.1; epsilon_B=1e-3; p=2.3; xi_e=0.1; z=0.1; d_L=1e26 cm; no spreading; no SSC; no reverse shock,observer time and frequency,2.40000000e+26,3.16227766e+00,flux_density_cgs,1.10509210e-33,3.21503601e+01,3.75497766e-01,PyBlastAfterglowMag parfile plus repo-local pba.out; mJy values converted to cgs; ratios are assumption-audit diagnostics
fs_synch_common_minimum,PyBlastAfterglowMag,0.0.0,git b0a39d170930908a398de56089fde8cfab16883d,broad-band top-hat on-axis forward-shock synchrotron; uniform medium; E_iso=1e52 erg; Gamma0=300; theta_j=0.1 rad; n=1 cm^-3; epsilon_e=0.1; epsilon_B=1e-3; p=2.3; xi_e=0.1; z=0.1; d_L=1e26 cm; no spreading; no SSC; no reverse shock,observer time and frequency,2.40000000e+26,1.00000000e+01,flux_density_cgs,1.06104165e-33,5.17163015e+00,3.75497766e-01,PyBlastAfterglowMag parfile plus repo-local pba.out; mJy values converted to cgs; ratios are assumption-audit diagnostics
fs_synch_common_minimum,PyBlastAfterglowMag,0.0.0,git b0a39d170930908a398de56089fde8cfab16883d,broad-band top-hat on-axis forward-shock synchrotron; uniform medium; E_iso=1e52 erg; Gamma0=300; theta_j=0.1 rad; n=1 cm^-3; epsilon_e=0.1; epsilon_B=1e-3; p=2.3; xi_e=0.1; z=0.1; d_L=1e26 cm; no spreading; no SSC; no reverse shock,observer time and frequency,2.40000000e+26,3.16227766e+01,flux_density_cgs,4.08287992e-34,1.08840366e+01,3.75497766e-01,PyBlastAfterglowMag parfile plus repo-local pba.out; mJy values converted to cgs; ratios are assumption-audit diagnostics
fs_synch_common_minimum,PyBlastAfterglowMag,0.0.0,git b0a39d170930908a398de56089fde8cfab16883d,broad-band top-hat on-axis forward-shock synchrotron; uniform medium; E_iso=1e52 erg; Gamma0=300; theta_j=0.1 rad; n=1 cm^-3; epsilon_e=0.1; epsilon_B=1e-3; p=2.3; xi_e=0.1; z=0.1; d_L=1e26 cm; no spreading; no SSC; no reverse shock,observer time and frequency,2.40000000e+26,1.00000000e+02,flux_density_cgs,1.28258377e-34,1.17039660e+02,3.75497766e-01,PyBlastAfterglowMag parfile plus repo-local pba.out; mJy values converted to cgs; ratios are assumption-audit diagnostics
fs_synch_common_minimum,PyBlastAfterglowMag,0.0.0,git b0a39d170930908a398de56089fde8cfab16883d,broad-band top-hat on-axis forward-shock synchrotron; uniform medium; E_iso=1e52 erg; Gamma0=300; theta_j=0.1 rad; n=1 cm^-3; epsilon_e=0.1; epsilon_B=1e-3; p=2.3; xi_e=0.1; z=0.1; d_L=1e26 cm; no spreading; no SSC; no reverse shock,observer time and frequency,2.40000000e+26,3.16227766e+02,flux_density_cgs,3.68237980e-35,3.11211749e+02,3.75497766e-01,PyBlastAfterglowMag parfile plus repo-local pba.out; mJy values converted to cgs; ratios are assumption-audit diagnostics
fs_synch_common_minimum,PyBlastAfterglowMag,0.0.0,git b0a39d170930908a398de56089fde8cfab16883d,broad-band top-hat on-axis forward-shock synchrotron; uniform medium; E_iso=1e52 erg; Gamma0=300; theta_j=0.1 rad; n=1 cm^-3; epsilon_e=0.1; epsilon_B=1e-3; p=2.3; xi_e=0.1; z=0.1; d_L=1e26 cm; no spreading; no SSC; no reverse shock,observer time and frequency,2.40000000e+26,1.00000000e+03,flux_density_cgs,9.94371851e-36,1.64466555e+03,3.75497766e-01,PyBlastAfterglowMag parfile plus repo-local pba.out; mJy values converted to cgs; ratios are assumption-audit diagnostics
fs_synch_common_minimum,PyBlastAfterglowMag,0.0.0,git b0a39d170930908a398de56089fde8cfab16883d,broad-band top-hat on-axis forward-shock synchrotron; uniform medium; E_iso=1e52 erg; Gamma0=300; theta_j=0.1 rad; n=1 cm^-3; epsilon_e=0.1; epsilon_B=1e-3; p=2.3; xi_e=0.1; z=0.1; d_L=1e26 cm; no spreading; no SSC; no reverse shock,observer time and frequency,2.40000000e+26,3.16227766e+03,flux_density_cgs,2.56667391e-36,1.05249718e+04,3.75497766e-01,PyBlastAfterglowMag parfile plus repo-local pba.out; mJy values converted to cgs; ratios are assumption-audit diagnostics
fs_synch_common_minimum,PyBlastAfterglowMag,0.0.0,git b0a39d170930908a398de56089fde8cfab16883d,broad-band top-hat on-axis forward-shock synchrotron; uniform medium; E_iso=1e52 erg; Gamma0=300; theta_j=0.1 rad; n=1 cm^-3; epsilon_e=0.1; epsilon_B=1e-3; p=2.3; xi_e=0.1; z=0.1; d_L=1e26 cm; no spreading; no SSC; no reverse shock,observer time and frequency,2.40000000e+26,1.00000000e+04,flux_density_cgs,6.39944229e-37,8.13133613e+04,3.75497766e-01,PyBlastAfterglowMag parfile plus repo-local pba.out; mJy values converted to cgs; ratios are assumption-audit diagnostics
fs_synch_common_minimum,PyBlastAfterglowMag,0.0.0,git b0a39d170930908a398de56089fde8cfab16883d,broad-band top-hat on-axis forward-shock synchrotron; uniform medium; E_iso=1e52 erg; Gamma0=300; theta_j=0.1 rad; n=1 cm^-3; epsilon_e=0.1; epsilon_B=1e-3; p=2.3; xi_e=0.1; z=0.1; d_L=1e26 cm; no spreading; no SSC; no reverse shock,observer time and frequency,2.40000000e+26,3.16227766e+04,flux_density_cgs,1.41822482e-37,7.14920899e+05,3.75497766e-01,PyBlastAfterglowMag parfile plus repo-local pba.out; mJy values converted to cgs; ratios are assumption-audit diagnostics
fs_synch_common_minimum,PyBlastAfterglowMag,0.0.0,git b0a39d170930908a398de56089fde8cfab16883d,broad-band top-hat on-axis forward-shock synchrotron; uniform medium; E_iso=1e52 erg; Gamma0=300; theta_j=0.1 rad; n=1 cm^-3; epsilon_e=0.1; epsilon_B=1e-3; p=2.3; xi_e=0.1; z=0.1; d_L=1e26 cm; no spreading; no SSC; no reverse shock,observer time and frequency,2.40000000e+26,1.00000000e+05,flux_density_cgs,1.47871698e-38,8.81249308e+06,3.75497766e-01,PyBlastAfterglowMag parfile plus repo-local pba.out; mJy values converted to cgs; ratios are assumption-audit diagnostics
fs_synch_common_minimum,PyBlastAfterglowMag,0.0.0,git b0a39d170930908a398de56089fde8cfab16883d,broad-band top-hat on-axis forward-shock synchrotron; uniform medium; E_iso=1e52 erg; Gamma0=300; theta_j=0.1 rad; n=1 cm^-3; epsilon_e=0.1; epsilon_B=1e-3; p=2.3; xi_e=0.1; z=0.1; d_L=1e26 cm; no spreading; no SSC; no reverse shock,observer time and frequency,2.40000000e+26,3.16227766e+05,flux_density_cgs,1.23397803e-39,1.78181359e+08,3.75497766e-01,PyBlastAfterglowMag parfile plus repo-local pba.out; mJy values converted to cgs; ratios are assumption-audit diagnostics
fs_synch_common_minimum,PyBlastAfterglowMag,0.0.0,git b0a39d170930908a398de56089fde8cfab16883d,broad-band top-hat on-axis forward-shock synchrotron; uniform medium; E_iso=1e52 erg; Gamma0=300; theta_j=0.1 rad; n=1 cm^-3; epsilon_e=0.1; epsilon_B=1e-3; p=2.3; xi_e=0.1; z=0.1; d_L=1e26 cm; no spreading; no SSC; no reverse shock,observer time and frequency,2.40000000e+26,1.00000000e+06,flux_density_cgs,1.12726140e-40,4.33364077e+09,3.75497766e-01,PyBlastAfterglowMag parfile plus repo-local pba.out; mJy values converted to cgs; ratios are assumption-audit diagnostics
fs_synch_common_minimum,PyBlastAfterglowMag,0.0.0,git b0a39d170930908a398de56089fde8cfab16883d,broad-band top-hat on-axis forward-shock synchrotron; uniform medium; E_iso=1e52 erg; Gamma0=300; theta_j=0.1 rad; n=1 cm^-3; epsilon_e=0.1; epsilon_B=1e-3; p=2.3; xi_e=0.1; z=0.1; d_L=1e26 cm; no spreading; no SSC; no reverse shock,observer time and frequency,2.40000000e+26,3.16227766e+06,flux_density_cgs,1.13244484e-41,1.23697064e+11,3.75497766e-01,PyBlastAfterglowMag parfile plus repo-local pba.out; mJy values converted to cgs; ratios are assumption-audit diagnostics
fs_synch_common_minimum,PyBlastAfterglowMag,0.0.0,git b0a39d170930908a398de56089fde8cfab16883d,broad-band top-hat on-axis forward-shock synchrotron; uniform medium; E_iso=1e52 erg; Gamma0=300; theta_j=0.1 rad; n=1 cm^-3; epsilon_e=0.1; epsilon_B=1e-3; p=2.3; xi_e=0.1; z=0.1; d_L=1e26 cm; no spreading; no SSC; no reverse shock,observer time and frequency,2.40000000e+26,1.00000000e+07,flux_density_cgs,1.27851460e-42,2.85604212e+12,3.75497766e-01,PyBlastAfterglowMag parfile plus repo-local pba.out; mJy values converted to cgs; ratios are assumption-audit diagnostics
fs_synch_common_minimum,PyBlastAfterglowMag,0.0.0,git b0a39d170930908a398de56089fde8cfab16883d,broad-band top-hat on-axis forward-shock synchrotron; uniform medium; E_iso=1e52 erg; Gamma0=300; theta_j=0.1 rad; n=1 cm^-3; epsilon_e=0.1; epsilon_B=1e-3; p=2.3; xi_e=0.1; z=0.1; d_L=1e26 cm; no spreading; no SSC; no reverse shock,observer time and frequency,2.40000000e+26,3.16227766e+07,flux_density_cgs,1.67285193e-43,4.72637887e+13,3.75497766e-01,PyBlastAfterglowMag parfile plus repo-local pba.out; mJy values converted to cgs; ratios are assumption-audit diagnostics
fs_synch_common_minimum,PyBlastAfterglowMag,0.0.0,git b0a39d170930908a398de56089fde8cfab16883d,broad-band top-hat on-axis forward-shock synchrotron; uniform medium; E_iso=1e52 erg; Gamma0=300; theta_j=0.1 rad; n=1 cm^-3; epsilon_e=0.1; epsilon_B=1e-3; p=2.3; xi_e=0.1; z=0.1; d_L=1e26 cm; no spreading; no SSC; no reverse shock,observer time and frequency,2.40000000e+26,1.00000000e+08,flux_density_cgs,2.92699551e-44,4.48432225e+14,3.75497766e-01,PyBlastAfterglowMag parfile plus repo-local pba.out; mJy values converted to cgs; ratios are assumption-audit diagnostics
