axis,kind,series,label,x,y,value
0,line,0,"baseline $t=1e+02\,$s",4.136189762796504e-07,5.843531997025897e-22,
0,line,0,"baseline $t=1e+02\,$s",4.861472708956382e-07,9.490858611661463e-22,
0,line,0,"baseline $t=1e+02\,$s",5.713934382920734e-07,1.5416271287571406e-21,
0,line,0,"baseline $t=1e+02\,$s",6.715875638296561e-07,2.5042088031767464e-21,
0,line,0,"baseline $t=1e+02\,$s",7.893507794538307e-07,4.067979392687296e-21,
0,line,0,"baseline $t=1e+02\,$s",9.277638339092464e-07,6.609306580625524e-21,
0,line,0,"baseline $t=1e+02\,$s",1.090447686775643e-06,1.0738517853969093e-20,
0,line,0,"baseline $t=1e+02\,$s",1.281658234708323e-06,1.7449495328411823e-20,
0,line,0,"baseline $t=1e+02\,$s",1.5063976479722919e-06,2.835905754363655e-20,
0,line,0,"baseline $t=1e+02\,$s",1.770545229893428e-06,4.6091962998625986e-20,
0,line,0,"baseline $t=1e+02\,$s",2.0810112225799443e-06,7.493099654798544e-20,
0,line,0,"baseline $t=1e+02\,$s",2.4459175825541275e-06,1.21831418374486e-19,
0,line,0,"baseline $t=1e+02\,$s",2.8748104554816266e-06,1.9810543235596033e-19,
0,line,0,"baseline $t=1e+02\,$s",3.378909908450926e-06,3.222646057606267e-19,
0,line,0,"baseline $t=1e+02\,$s",3.971403452933094e-06,5.24293295821726e-19,
0,line,0,"baseline $t=1e+02\,$s",4.6677910371394276e-06,8.531745440547926e-19,
0,line,0,"baseline $t=1e+02\,$s",5.486290532961935e-06,1.3890799329809636e-18,
0,line,0,"baseline $t=1e+02\,$s",6.4483143252517195e-06,2.261838093929297e-18,
0,line,0,"baseline $t=1e+02\,$s",7.5790294712660705e-06,3.684877406752621e-18,
0,line,0,"baseline $t=1e+02\,$s",8.90801608435509e-06,6.0059508512303415e-18,
0,line,0,"baseline $t=1e+02\,$s",1.0470041165557464e-05,9.791271117740193e-18,
0,line,0,"baseline $t=1e+02\,$s",1.2305968126954065e-05,1.5977377426359e-17,
0,line,0,"baseline $t=1e+02\,$s",1.446382580039706e-05,2.6080778547989622e-17,
0,line,0,"baseline $t=1e+02\,$s",1.7000064897454984e-05,4.258917631480656e-17,
0,line,0,"baseline $t=1e+02\,$s",1.998103479023846e-05,6.964367318141724e-17,
0,line,0,"baseline $t=1e+02\,$s",2.348471924648282e-05,1.1390847075870262e-16,
0,line,0,"baseline $t=1e+02\,$s",2.7602776526647472e-05,1.8648421005848285e-16,
0,line,0,"baseline $t=1e+02\,$s",3.244293721306242e-05,3.05673393964328e-16,
0,line,0,"baseline $t=1e+02\,$s",3.8131822499616793e-05,5.012393156361746e-16,
0,line,0,"baseline $t=1e+02\,$s",4.481825666995547e-05,8.232367647137301e-16,
0,line,0,"baseline $t=1e+02\,$s",5.267716042038626e-05,1.3532222175081536e-15,
0,line,0,"baseline $t=1e+02\,$s",6.191412687890872e-05,2.2255647662356695e-15,
0,line,0,"baseline $t=1e+02\,$s",7.277080003146996e-05,3.668072012526042e-15,
0,line,0,"baseline $t=1e+02\,$s",8.553119625796015e-05,6.047927721534287e-15,
0,line,0,"baseline $t=1e+02\,$s",0.00010052913435270806,9.980336338125758e-15,
0,line,0,"baseline $t=1e+02\,$s",0.00011815696840279235,1.6494360584302556e-14,
0,line,0,"baseline $t=1e+02\,$s",0.00013887585198093757,2.7264987032086132e-14,
0,line,0,"baseline $t=1e+02\,$s",0.00016322780216977445,4.510308008591928e-14,
0,line,0,"baseline $t=1e+02\,$s",0.00019184987901879548,7.464413145149188e-14,
0,line,0,"baseline $t=1e+02\,$s",0.00022549085137618828,1.235410795126125e-13,
0,line,0,"baseline $t=1e+02\,$s",0.00026503078508262616,2.0442942403799808e-13,
0,line,0,"baseline $t=1e+02\,$s",0.00031150406596464975,3.3819023469170817e-13,
0,line,0,"baseline $t=1e+02\,$s",0.0003661264599214663,5.592477715803862e-13,
0,line,0,"baseline $t=1e+02\,$s",0.0004303269180115221,9.239650484026625e-13,
0,line,0,"baseline $t=1e+02\,$s",0.0005057849585769236,1.5260372851419628e-12,
0,line,0,"baseline $t=1e+02\,$s",0.0005944746043421126,2.5190333135483496e-12,
0,line,0,"baseline $t=1e+02\,$s",0.0006987160239047786,4.155764595830667e-12,
0,line,0,"baseline $t=1e+02\,$s",0.0008212362285880728,6.851425930642363e-12,
0,line,0,"baseline $t=1e+02\,$s",0.0009652404125162483,1.1293477599128778e-11,
0,line,0,"baseline $t=1e+02\,$s",0.001134495802208291,1.861024643205523e-11,
0,line,0,"baseline $t=1e+02\,$s",0.001333430209239787,3.063666553891488e-11,
0,line,0,"baseline $t=1e+02\,$s",0.0015672478641633712,5.038695922701164e-11,
0,line,0,"baseline $t=1e+02\,$s",0.0018420655619651898,8.273720847923405e-11,
0,line,0,"baseline $t=1e+02\,$s",0.002165072680695273,1.352484575813801e-10,
0,line,0,"baseline $t=1e+02\,$s",0.0025447192594449017,2.1874388126445597e-10,
0,line,0,"baseline $t=1e+02\,$s",0.002990937055891487,3.515124827677644e-10,
0,line,0,"baseline $t=1e+02\,$s",0.0035153993663946366,5.441872648935055e-10,
0,line,0,"baseline $t=1e+02\,$s",0.004131826405676178,8.191704087057267e-10,
0,line,0,"baseline $t=1e+02\,$s",0.004856344234979996,1.2178163805357732e-09,
0,line,0,"baseline $t=1e+02\,$s",0.005707906628464436,1.689903652160846e-09,
0,line,0,"baseline $t=1e+02\,$s",0.006708790914077871,2.305738408978956e-09,
0,line,0,"baseline $t=1e+02\,$s",0.007885180760380096,3.099855587287677e-09,
0,line,0,"baseline $t=1e+02\,$s",0.009267851155324736,3.9633589947365165e-09,
0,line,0,"baseline $t=1e+02\,$s",0.010892973496413964,5.055243776676493e-09,
0,line,0,"baseline $t=1e+02\,$s",0.012803061853815393,6.340887652663546e-09,
0,line,0,"baseline $t=1e+02\,$s",0.015048085161189995,7.81272795754847e-09,
0,line,0,"baseline $t=1e+02\,$s",0.017686774429738813,9.604845780802875e-09,
0,line,0,"baseline $t=1e+02\,$s",0.020788159182887442,1.1662819124292609e-08,
0,line,0,"baseline $t=1e+02\,$s",0.02443337330556136,1.408902824848271e-08,
0,line,0,"baseline $t=1e+02\,$s",0.028717777550036912,1.699024972795276e-08,
0,line,0,"baseline $t=1e+02\,$s",0.033753454224255186,2.0306666312258994e-08,
0,line,0,"baseline $t=1e+02\,$s",0.039672139324981495,2.424786437308223e-08,
0,line,0,"baseline $t=1e+02\,$s",0.04662866882198256,2.8873928379811153e-08,
0,line,0,"baseline $t=1e+02\,$s",0.054805029249859916,3.421221158888027e-08,
0,line,0,"baseline $t=1e+02\,$s",0.06441511857318971,4.051390658617111e-08,
0,line,0,"baseline $t=1e+02\,$s",0.07571034187174885,4.7793807155177355e-08,
0,line,0,"baseline $t=1e+02\,$s",0.08898618823194768,5.623908613479544e-08,
0,line,0,"baseline $t=1e+02\,$s",0.10458996089946872,6.61214402527229e-08,
0,line,0,"baseline $t=1e+02\,$s",0.12292986291804184,7.737941097192901e-08,
0,line,0,"baseline $t=1e+02\,$s",0.14448567593952816,9.0453175889154e-08,
0,line,0,"baseline $t=1e+02\,$s",0.16982131156870053,1.0557971974570323e-07,
0,line,0,"baseline $t=1e+02\,$s",0.1995995635926132,1.226734283772388e-07,
0,line,0,"baseline $t=1e+02\,$s",0.23459944702078525,1.4247246776144014e-07,
0,line,0,"baseline $t=1e+02\,$s",0.2757365775347569,1.6498755309625705e-07,
0,line,0,"baseline $t=1e+02\,$s",0.3240871244843334,1.904971253762476e-07,
0,line,0,"baseline $t=1e+02\,$s",0.38091596405371647,2.197833408038541e-07,
0,line,0,"baseline $t=1e+02\,$s",0.4477097690994067,2.525784853824074e-07,
0,line,0,"baseline $t=1e+02\,$s",0.5262159013077689,2.8979262790054103e-07,
0,line,0,"baseline $t=1e+02\,$s",0.6184881231118851,3.321667441789152e-07,
0,line,0,"baseline $t=1e+02\,$s",0.7269403252159283,3.789707604445967e-07,
0,line,0,"baseline $t=1e+02\,$s",0.8544096752678368,4.321335533781974e-07,
0,line,0,"baseline $t=1e+02\,$s",1.0042308396833655,4.917454128294205e-07,
0,line,0,"baseline $t=1e+02\,$s",1.1803232203041512,5.576754337507214e-07,
0,line,0,"baseline $t=1e+02\,$s",1.387293488047456,6.321197584498172e-07,
0,line,0,"baseline $t=1e+02\,$s",1.6305560958827374,7.14305771381081e-07,
0,line,0,"baseline $t=1e+02\,$s",1.9164749238190089,8.056195578972397e-07,
0,line,0,"baseline $t=1e+02\,$s",2.252529761411663,9.079716119439345e-07,
0,line,0,"baseline $t=1e+02\,$s",2.6475119830602387,1.0195575986290305e-06,
0,line,0,"baseline $t=1e+02\,$s",3.111754535067633,1.1439308196178513e-06,
0,line,0,"baseline $t=1e+02\,$s",3.6574022510453377,1.2819693317456437e-06,
0,line,0,"baseline $t=1e+02\,$s",4.2987295672602635,1.4319825538980361e-06,
0,line,0,"baseline $t=1e+02\,$s",5.0525139495268885,1.5990466256941974e-06,
0,line,0,"baseline $t=1e+02\,$s",5.93847480069179,1.7820050865903312e-06,
0,line,0,"baseline $t=1e+02\,$s",6.97978933076548,1.9821298055980502e-06,
0,line,0,"baseline $t=1e+02\,$s",8.203698885140035,2.203650145976196e-06,
0,line,0,"baseline $t=1e+02\,$s",9.642221592763594,2.4440031372938417e-06,
0,line,0,"baseline $t=1e+02\,$s",11.332989977528834,2.708037880615213e-06,
0,line,0,"baseline $t=1e+02\,$s",13.32023544523802,2.998896258916548e-06,
0,line,0,"baseline $t=1e+02\,$s",15.655945400850316,3.3124743691582666e-06,
0,line,0,"baseline $t=1e+02\,$s",18.40122326681789,3.6578768336348418e-06,
0,line,0,"baseline $t=1e+02\,$s",21.62788698131826,4.03490438553724e-06,
0,line,0,"baseline $t=1e+02\,$s",25.420347793952185,4.44335689972595e-06,
0,line,0,"baseline $t=1e+02\,$s",29.877818509208026,4.891905453028343e-06,
0,line,0,"baseline $t=1e+02\,$s",35.1169089465233,5.377798871545075e-06,
0,line,0,"baseline $t=1e+02\,$s",41.274676515567904,5.906781777582682e-06,
0,line,0,"baseline $t=1e+02\,$s",48.51221171143108,6.485771179304248e-06,
0,line,0,"baseline $t=1e+02\,$s",57.01885232818259,7.109536167196615e-06,
0,line,0,"baseline $t=1e+02\,$s",67.01713663689895,7.790725285185483e-06,
0,line,0,"baseline $t=1e+02\,$s",78.76862510592494,8.532614452024333e-06,
0,line,0,"baseline $t=1e+02\,$s",92.58074296271438,9.33190901350954e-06,
0,line,0,"baseline $t=1e+02\,$s",108.81482260229686,1.0204765883710875e-05,
0,line,0,"baseline $t=1e+02\,$s",127.89555623611915,1.1148942320738101e-05,
0,line,0,"baseline $t=1e+02\,$s",150.32210606756786,1.2170211385948876e-05,
0,line,0,"baseline $t=1e+02\,$s",176.68116264236485,1.328234245107714e-05,
0,line,0,"baseline $t=1e+02\,$s",207.6622929872086,1.4478546454758296e-05,
0,line,0,"baseline $t=1e+02\,$s",244.07598005224483,1.5775532637944053e-05,
0,line,0,"baseline $t=1e+02\,$s",286.8748253787863,1.718410528041481e-05,
0,line,0,"baseline $t=1e+02\,$s",337.178469665443,1.869021603099939e-05,
0,line,0,"baseline $t=1e+02\,$s",396.302883168002,2.0326010197424883e-05,
0,line,0,"baseline $t=1e+02\,$s",465.7947921855921,2.2088736464029595e-05,
0,line,0,"baseline $t=1e+02\,$s",547.472142248439,2.397548688317844e-05,
0,line,0,"baseline $t=1e+02\,$s",643.4716565458548,2.601957702408757e-05,
0,line,0,"baseline $t=1e+02\,$s",756.3047337483902,2.819903443470185e-05,
0,line,0,"baseline $t=1e+02\,$s",888.9231475410945,3.053549822502397e-05,
0,line,0,"baseline $t=1e+02\,$s",1044.79626660284,3.3057560847198116e-05,
0,line,0,"baseline $t=1e+02\,$s",1228.001815147637,3.570637750680021e-05,
0,line,0,"baseline $t=1e+02\,$s",1443.3325483724664,3.8552542809964884e-05,
0,line,0,"baseline $t=1e+02\,$s",1696.4216334980495,4.1590488360583343e-05,
0,line,0,"baseline $t=1e+02\,$s",1993.8900164382494,4.474642184818707e-05,
0,line,0,"baseline $t=1e+02\,$s",2343.5196292883334,4.813445012669135e-05,
0,line,0,"baseline $t=1e+02\,$s",2754.4569698335245,5.1658782409246054e-05,
0,line,0,"baseline $t=1e+02\,$s",3237.4523788257507,5.531699849271742e-05,
0,line,0,"baseline $t=1e+02\,$s",3805.1412746513693,5.921024470594574e-05,
0,line,0,"baseline $t=1e+02\,$s",4472.374702637946,6.31022630122819e-05,
0,line,0,"baseline $t=1e+02\,$s",5256.607846348221,6.715188145537928e-05,
0,line,0,"baseline $t=1e+02\,$s",6178.356664523548,7.139471970194165e-05,
0,line,0,"baseline $t=1e+02\,$s",7261.734599544229,7.539092970652975e-05,
0,line,0,"baseline $t=1e+02\,$s",8535.083397987082,7.958684213179715e-05,
0,line,0,"baseline $t=1e+02\,$s",10031.714545883691,8.37016560877346e-05,
0,line,0,"baseline $t=1e+02\,$s",11790.780715022454,8.751827959404728e-05,
0,line,0,"baseline $t=1e+02\,$s",13858.300017796111,9.144293668737249e-05,
0,line,0,"baseline $t=1e+02\,$s",16288.359865649785,9.485677010257774e-05,
0,line,0,"baseline $t=1e+02\,$s",19144.53192470997,9.802067907443777e-05,
0,line,0,"baseline $t=1e+02\,$s",22501.535184593857,0.0001011331089007132,
0,line,0,"baseline $t=1e+02\,$s",26447.19064716322,0.00010329291454185147,
0,line,0,"baseline $t=1e+02\,$s",31084.718770935444,0.00010533907405526512,
0,line,0,"baseline $t=1e+02\,$s",36535.43977351612,0.00010698817115613818,
0,line,0,"baseline $t=1e+02\,$s",42941.94743342294,0.00010778077093468079,
0,line,0,"baseline $t=1e+02\,$s",50471.839419639866,0.00010845479848089333,
0,line,0,"baseline $t=1e+02\,$s",59322.10173633708,0.00010843950532591502,
0,line,0,"baseline $t=1e+02\,$s",69724.26198215637,0.00010802204307494905,
0,line,0,"baseline $t=1e+02\,$s",81950.4462361039,0.00010733377925780714,
0,line,0,"baseline $t=1e+02\,$s",96320.49802140985,0.00010611385983460345,
0,line,0,"baseline $t=1e+02\,$s",113210.34558326888,0.0001047331700898809,
0,line,0,"baseline $t=1e+02\,$s",133061.8363729217,0.00010310865978510585,
0,line,0,"baseline $t=1e+02\,$s",156394.2960134453,0.00010123475766119271,
0,line,0,"baseline $t=1e+02\,$s",183818.1141359825,9.928500479476022e-05,
0,line,0,"baseline $t=1e+02\,$s",216050.71249915805,9.722780592438709e-05,
0,line,0,"baseline $t=1e+02\,$s",253935.31312623026,9.512349526140214e-05,
0,line,0,"baseline $t=1e+02\,$s",298462.9974444907,9.299223020097365e-05,
0,line,0,"baseline $t=1e+02\,$s",350798.6335058071,9.086824533916748e-05,
0,line,0,"baseline $t=1e+02\,$s",412311.3495582535,8.876606726031813e-05,
0,line,0,"baseline $t=1e+02\,$s",484610.35117383633,8.669069886062669e-05,
0,line,0,"baseline $t=1e+02\,$s",569587.0189274155,8.465270313078899e-05,
0,line,0,"baseline $t=1e+02\,$s",669464.3879248217,8.265778353741505e-05,
0,line,0,"baseline $t=1e+02\,$s",786855.3035908677,8.07054053649609e-05,
0,line,0,"baseline $t=1e+02\,$s",924830.7751040731,7.87941453943172e-05,
0,line,0,"baseline $t=1e+02\,$s",1087000.3146402042,7.692729394485129e-05,
0,line,0,"baseline $t=1e+02\,$s",1277606.364142627,7.510110245458507e-05,
0,line,0,"baseline $t=1e+02\,$s",1501635.2798738715,7.331560649370028e-05,
0,line,0,"baseline $t=1e+02\,$s",1764947.778164129,7.157111437367905e-05,
0,line,0,"baseline $t=1e+02\,$s",2074432.2548869124,6.986385653698508e-05,
0,line,0,"baseline $t=1e+02\,$s",2438184.9895816143,6.819613490011434e-05,
0,line,0,"baseline $t=1e+02\,$s",2865721.9484591815,6.656656078497037e-05,
0,line,0,"baseline $t=1e+02\,$s",3368227.727170901,6.497029122276126e-05,
0,line,0,"baseline $t=1e+02\,$s",3958848.145816352,6.341147468452235e-05,
0,line,0,"baseline $t=1e+02\,$s",4653034.150632524,6.188661511224003e-05,
0,line,0,"baseline $t=1e+02\,$s",5468946.019016334,6.039499895544861e-05,
0,line,0,"baseline $t=1e+02\,$s",6427928.442100255,5.893794570707108e-05,
0,line,0,"baseline $t=1e+02\,$s",7555068.913295548,5.751030861621415e-05,
0,line,0,"baseline $t=1e+02\,$s",8879854.030545786,5.611468126171288e-05,
0,line,0,"baseline $t=1e+02\,$s",10436940.881510252,5.4750874567674576e-05,
0,line,0,"baseline $t=1e+02\,$s",12267063.691523654,5.3412721246696884e-05,
0,line,0,"baseline $t=1e+02\,$s",14418099.452732118,5.2105823968228205e-05,
0,line,0,"baseline $t=1e+02\,$s",16946320.411828764,5.082636953562905e-05,
0,line,0,"baseline $t=1e+02\,$s",19917866.182144478,4.95710957940604e-05,
0,line,0,"baseline $t=1e+02\,$s",23410473.991326828,4.8345259257341315e-05,
0,line,0,"baseline $t=1e+02\,$s",27515512.328820772,4.714138259048159e-05,
0,line,0,"baseline $t=1e+02\,$s",32340371.19444807,4.596207386050748e-05,
0,line,0,"baseline $t=1e+02\,$s",38011271.47827708,4.4808787064489844e-05,
0,line,0,"baseline $t=1e+02\,$s",44676566.96665627,4.367230297586692e-05,
0,line,0,"baseline $t=1e+02\,$s",52510625.356660485,4.256127897335249e-05,
0,line,0,"baseline $t=1e+02\,$s",61718389.808363676,4.147273251132464e-05,
0,line,0,"baseline $t=1e+02\,$s",72540740.36758682,4.039620545626455e-05,
0,line,0,"baseline $t=1e+02\,$s",85260795.51680958,3.9345282592196595e-05,
0,line,0,"baseline $t=1e+02\,$s",100211318.70618989,3.8308969373351114e-05,
0,line,0,"baseline $t=1e+02\,$s",117783423.62350766,3.7287671854095745e-05,
0,line,0,"baseline $t=1e+02\,$s",138436805.93754652,3.6288121809283785e-05,
0,line,0,"baseline $t=1e+02\,$s",162711769.1828178,3.5294564207411834e-05,
0,line,0,"baseline $t=1e+02\,$s",191243359.38916388,3.431952189311359e-05,
0,line,0,"baseline $t=1e+02\,$s",224777978.2257796,3.336299730053209e-05,
0,line,0,"baseline $t=1e+02\,$s",264192909.26831022,3.240268723104654e-05,
0,line,0,"baseline $t=1e+02\,$s",310519268.20671827,3.1464920715777907e-05,
0,line,0,"baseline $t=1e+02\,$s",364968977.38352764,3.0535680564092865e-05,
0,line,0,"baseline $t=1e+02\,$s",428966470.33093244,2.9604522077272167e-05,
0,line,0,"baseline $t=1e+02\,$s",504185955.7142798,2.869507130475723e-05,
0,line,0,"baseline $t=1e+02\,$s",592595215.5267816,2.7778130613842723e-05,
0,line,0,"baseline $t=1e+02\,$s",696507083.3195499,2.6869752453780575e-05,
0,line,0,"baseline $t=1e+02\,$s",818639949.165067,2.597739719090545e-05,
0,line,0,"baseline $t=1e+02\,$s",962188874.1962961,2.50620082437635e-05,
0,line,0,"baseline $t=1e+02\,$s",1130909175.1158357,2.4166013455351114e-05,
0,line,0,"baseline $t=1e+02\,$s",1329214665.2906115,2.327770774786494e-05,
0,line,0,"baseline $t=1e+02\,$s",1562293122.4717166,2.2359820034282798e-05,
0,line,0,"baseline $t=1e+02\,$s",1836242003.836749,2.1470302253725913e-05,
0,line,0,"baseline $t=1e+02\,$s",2158227958.732784,2.056392853453208e-05,
0,line,0,"baseline $t=1e+02\,$s",2536674312.058723,1.9650156035557023e-05,
0,line,0,"baseline $t=1e+02\,$s",2981481422.9525,1.8758160073831125e-05,
0,line,0,"baseline $t=1e+02\,$s",3504285683.48479,1.7830420723768616e-05,
0,line,0,"baseline $t=1e+02\,$s",4118763932.9027276,1.6922042845317224e-05,
0,line,0,"baseline $t=1e+02\,$s",4840991251.0645485,1.6034618311975695e-05,
0,line,0,"baseline $t=1e+02\,$s",5689861491.131199,1.509198145319459e-05,
0,line,0,"baseline $t=1e+02\,$s",6687581552.876901,1.4196713654702141e-05,
0,line,0,"baseline $t=1e+02\,$s",7860252327.071659,1.3303383678969646e-05,
0,line,0,"baseline $t=1e+02\,$s",9238551508.752373,1.2391429249105772e-05,
0,line,0,"baseline $t=1e+02\,$s",10858536142.142939,1.1537319348825446e-05,
0,line,0,"baseline $t=1e+02\,$s",12762585892.227968,1.0668903069301925e-05,
0,line,0,"baseline $t=1e+02\,$s",15000511719.469324,9.838272518733047e-06,
0,line,0,"baseline $t=1e+02\,$s",17630858961.189373,9.067711035653002e-06,
0,line,0,"baseline $t=1e+02\,$s",20722438908.927334,8.274265107961658e-06,
0,line,0,"baseline $t=1e+02\,$s",24356128948.652027,7.556986629572285e-06,
0,line,0,"baseline $t=1e+02\,$s",28626988356.46236,6.897303769443721e-06,
0,line,0,"baseline $t=1e+02\,$s",33646745100.12341,6.24857555465654e-06,
0,line,0,"baseline $t=1e+02\,$s",39546718702.49716,5.691778573756447e-06,
0,line,0,"baseline $t=1e+02\,$s",46481255630.53951,5.183258272780296e-06,
0,line,0,"baseline $t=1e+02\,$s",54631767081.47816,4.734224064600523e-06,
0,line,0,"baseline $t=1e+02\,$s",64211474796.81882,4.359079273573227e-06,
0,line,0,"baseline $t=1e+02\,$s",75470989057.21391,4.000984994261267e-06,
0,line,0,"baseline $t=1e+02\,$s",88704864781.52556,3.6961681265344084e-06,
0,line,0,"baseline $t=1e+02\,$s",104259307241.13853,3.4464434870605332e-06,
0,line,0,"baseline $t=1e+02\,$s",122541228975.14412,3.214057752441423e-06,
0,line,0,"baseline $t=1e+02\,$s",144028894840.12958,3.0320181570662215e-06,
0,line,0,"baseline $t=1e+02\,$s",169284433674.78238,2.886333772070676e-06,
0,line,0,"baseline $t=1e+02\,$s",198968543891.1475,2.7696381457749897e-06,
0,line,0,"baseline $t=1e+02\,$s",233857777698.67584,2.6792943496723854e-06,
0,line,0,"baseline $t=1e+02\,$s",274864856125.61456,2.5535722496558373e-06,
0,line,0,"baseline $t=1e+02\,$s",323062546289.5716,2.415522958288671e-06,
0,line,0,"baseline $t=1e+02\,$s",379711725559.43,2.2943161287364742e-06,
0,line,0,"baseline $t=1e+02\,$s",446294366782.1083,2.1640346150391438e-06,
0,line,0,"baseline $t=1e+02\,$s",524552307485.35004,2.0441204423986623e-06,
0,line,0,"baseline $t=1e+02\,$s",616532817279.6378,1.923304819690846e-06,
0,line,0,"baseline $t=1e+02\,$s",724642155526.8506,1.773417473445889e-06,
0,line,0,"baseline $t=1e+02\,$s",851708520372.9393,1.6335704156675395e-06,
0,line,0,"baseline $t=1e+02\,$s",1001056035925.0074,1.4703498380913102e-06,
0,line,0,"baseline $t=1e+02\,$s",1176591713116.9387,1.2973054071023204e-06,
0,line,0,"baseline $t=1e+02\,$s",1382907659206.3625,1.1422509833950805e-06,
0,line,0,"baseline $t=1e+02\,$s",1625401209758.095,1.0043955531565073e-06,
0,line,0,"baseline $t=1e+02\,$s",1910416125831.0461,8.833084871123241e-07,
0,line,0,"baseline $t=1e+02\,$s",2245408550162.4854,7.759120031065258e-07,
0,line,0,"baseline $t=1e+02\,$s",2639142063852.4736,6.782216660284358e-07,
0,line,0,"baseline $t=1e+02\,$s",3101916946335.435,5.930673462281392e-07,
0,line,0,"baseline $t=1e+02\,$s",3645839636202.627,5.191514458526196e-07,
0,line,0,"baseline $t=1e+02\,$s",4285139442114.7456,4.5470458038266085e-07,
0,line,0,"baseline $t=1e+02\,$s",5036540789131.663,3.982547912723639e-07,
0,line,0,"baseline $t=1e+02\,$s",5919700738622.483,3.4876922334492193e-07,
0,line,0,"baseline $t=1e+02\,$s",6957723227510.926,3.0499665364767927e-07,
0,line,0,"baseline $t=1e+02\,$s",8177763479629.893,2.653038074627508e-07,
0,line,0,"baseline $t=1e+02\,$s",9611738400909.738,2.2375288188221446e-07,
0,line,0,"baseline $t=1e+02\,$s",11297161542718.53,1.8831668301811922e-07,
0,line,0,"baseline $t=1e+02\,$s",13278124476442.15,1.5991388538838096e-07,
0,line,0,"baseline $t=1e+02\,$s",15606450252588.45,1.385411099712824e-07,
0,line,0,"baseline $t=1e+02\,$s",18343049119522.934,1.1994921104770578e-07,
0,line,0,"baseline $t=1e+02\,$s",21559511968163.637,1.0336557765801965e-07,
0,line,0,"baseline $t=1e+02\,$s",25339983188001.18,8.868116735775381e-08,
0,line,0,"baseline $t=1e+02\,$s",29783361929359.832,7.586844318811471e-08,
0,line,0,"baseline $t=1e+02\,$s",35005889358098.59,6.382787983564138e-08,
0,line,0,"baseline $t=1e+02\,$s",41144189586718.34,5.348241670048313e-08,
0,line,0,"baseline $t=1e+02\,$s",48358843834264.234,4.4977613552062505e-08,
0,line,0,"baseline $t=1e+02\,$s",56838591316953.945,3.840390068659279e-08,
0,line,0,"baseline $t=1e+02\,$s",66805266767082.664,3.276335689427901e-08,
0,line,0,"baseline $t=1e+02\,$s",78519603748340.28,2.7793076079660905e-08,
0,line,0,"baseline $t=1e+02\,$s",92288055585375.66,2.3359948020339437e-08,
0,line,0,"baseline $t=1e+02\,$s",108470812346775.47,1.9494373566614146e-08,
0,line,0,"baseline $t=1e+02\,$s",127491223610023.19,1.5508681565946243e-08,
0,line,0,"baseline $t=1e+02\,$s",149846873513012.1,1.2067509549195239e-08,
0,line,0,"baseline $t=1e+02\,$s",176122597821387.12,9.457239451598046e-09,
0,line,0,"baseline $t=1e+02\,$s",207005783545163.47,7.725670851815907e-09,
0,line,0,"baseline $t=1e+02\,$s",243304351350781.0,6.324020733487312e-09,
0,line,0,"baseline $t=1e+02\,$s",285967891198117.2,5.107317960146964e-09,
0,line,0,"baseline $t=1e+02\,$s",336112504122033.94,3.997513005144941e-09,
0,line,0,"baseline $t=1e+02\,$s",395050000032759.25,3.1123814261715984e-09,
0,line,0,"baseline $t=1e+02\,$s",464322215365186.25,2.3182861196995795e-09,
0,line,0,"baseline $t=1e+02\,$s",545741348345162.06,1.670069884162208e-09,
0,line,0,"baseline $t=1e+02\,$s",641437367064924.9,1.2010454957466606e-09,
0,line,0,"baseline $t=1e+02\,$s",753913730588281.0,8.591336965926608e-10,
0,line,0,"baseline $t=1e+02\,$s",886112880779532.5,6.117581657746108e-10,
0,line,0,"baseline $t=1e+02\,$s",1041493218157350.1,4.2667651187631424e-10,
0,line,0,"baseline $t=1e+02\,$s",1224119575503194.0,2.6663981694256804e-10,
0,line,0,"baseline $t=1e+02\,$s",1438769556062274.0,1.6521389124866189e-10,
0,line,0,"baseline $t=1e+02\,$s",1691058518201297.8,9.161989433619935e-11,
0,line,0,"baseline $t=1e+02\,$s",1987586476188542.8,4.3246425847600507e-11,
0,line,0,"baseline $t=1e+02\,$s",2336110760099276.0,2.0462212608161184e-11,
0,line,0,"baseline $t=1e+02\,$s",2745748951722050.5,9.964768314083096e-12,
0,line,0,"baseline $t=1e+02\,$s",3227217405377798.0,4.922967213879969e-12,
0,line,0,"baseline $t=1e+02\,$s",3793111593483984.5,2.4027881850579062e-12,
0,line,0,"baseline $t=1e+02\,$s",4458235610853832.5,9.997444504644654e-13,
0,line,0,"baseline $t=1e+02\,$s",5239989457739420.0,4.076576880132398e-13,
0,line,0,"baseline $t=1e+02\,$s",6158824233150310.0,1.4765756722589136e-13,
0,line,0,"baseline $t=1e+02\,$s",7238777146548561.0,3.569034312448115e-14,
0,line,0,"baseline $t=1e+02\,$s",8508100344112365.0,8.653595276015649e-15,
0,line,0,"baseline $t=1e+02\,$s",9999999999999992.0,1.9435064643882843e-15,
0,line,1,"decay $t=1e+02\,$s",4.136189762796504e-07,5.843531997025897e-22,
0,line,1,"decay $t=1e+02\,$s",4.861472708956382e-07,9.490858611661463e-22,
0,line,1,"decay $t=1e+02\,$s",5.713934382920734e-07,1.5416271287571406e-21,
0,line,1,"decay $t=1e+02\,$s",6.715875638296561e-07,2.5042088031767464e-21,
0,line,1,"decay $t=1e+02\,$s",7.893507794538307e-07,4.067979392687296e-21,
0,line,1,"decay $t=1e+02\,$s",9.277638339092464e-07,6.609306580625524e-21,
0,line,1,"decay $t=1e+02\,$s",1.090447686775643e-06,1.0738517853969093e-20,
0,line,1,"decay $t=1e+02\,$s",1.281658234708323e-06,1.7449495328411823e-20,
0,line,1,"decay $t=1e+02\,$s",1.5063976479722919e-06,2.835905754363655e-20,
0,line,1,"decay $t=1e+02\,$s",1.770545229893428e-06,4.6091962998625986e-20,
0,line,1,"decay $t=1e+02\,$s",2.0810112225799443e-06,7.493099654798544e-20,
0,line,1,"decay $t=1e+02\,$s",2.4459175825541275e-06,1.21831418374486e-19,
0,line,1,"decay $t=1e+02\,$s",2.8748104554816266e-06,1.9810543235596033e-19,
0,line,1,"decay $t=1e+02\,$s",3.378909908450926e-06,3.222646057606267e-19,
0,line,1,"decay $t=1e+02\,$s",3.971403452933094e-06,5.24293295821726e-19,
0,line,1,"decay $t=1e+02\,$s",4.6677910371394276e-06,8.531745440547926e-19,
0,line,1,"decay $t=1e+02\,$s",5.486290532961935e-06,1.3890799329809636e-18,
0,line,1,"decay $t=1e+02\,$s",6.4483143252517195e-06,2.261838093929297e-18,
0,line,1,"decay $t=1e+02\,$s",7.5790294712660705e-06,3.684877406752621e-18,
0,line,1,"decay $t=1e+02\,$s",8.90801608435509e-06,6.0059508512303415e-18,
0,line,1,"decay $t=1e+02\,$s",1.0470041165557464e-05,9.791271117740193e-18,
0,line,1,"decay $t=1e+02\,$s",1.2305968126954065e-05,1.5977377426359e-17,
0,line,1,"decay $t=1e+02\,$s",1.446382580039706e-05,2.6080778547989622e-17,
0,line,1,"decay $t=1e+02\,$s",1.7000064897454984e-05,4.258917631480656e-17,
0,line,1,"decay $t=1e+02\,$s",1.998103479023846e-05,6.964367318141724e-17,
0,line,1,"decay $t=1e+02\,$s",2.348471924648282e-05,1.1390847075870262e-16,
0,line,1,"decay $t=1e+02\,$s",2.7602776526647472e-05,1.8648421005848285e-16,
0,line,1,"decay $t=1e+02\,$s",3.244293721306242e-05,3.05673393964328e-16,
0,line,1,"decay $t=1e+02\,$s",3.8131822499616793e-05,5.012393156361746e-16,
0,line,1,"decay $t=1e+02\,$s",4.481825666995547e-05,8.232367647137301e-16,
0,line,1,"decay $t=1e+02\,$s",5.267716042038626e-05,1.3532222175081536e-15,
0,line,1,"decay $t=1e+02\,$s",6.191412687890872e-05,2.2255647662356695e-15,
0,line,1,"decay $t=1e+02\,$s",7.277080003146996e-05,3.668072012526042e-15,
0,line,1,"decay $t=1e+02\,$s",8.553119625796015e-05,6.047927721534287e-15,
0,line,1,"decay $t=1e+02\,$s",0.00010052913435270806,9.980336338125758e-15,
0,line,1,"decay $t=1e+02\,$s",0.00011815696840279235,1.6494360584302556e-14,
0,line,1,"decay $t=1e+02\,$s",0.00013887585198093757,2.7264987032086132e-14,
0,line,1,"decay $t=1e+02\,$s",0.00016322780216977445,4.510308008591928e-14,
0,line,1,"decay $t=1e+02\,$s",0.00019184987901879548,7.464413145149188e-14,
0,line,1,"decay $t=1e+02\,$s",0.00022549085137618828,1.235410795126125e-13,
0,line,1,"decay $t=1e+02\,$s",0.00026503078508262616,2.0442942403799808e-13,
0,line,1,"decay $t=1e+02\,$s",0.00031150406596464975,3.3819023469170817e-13,
0,line,1,"decay $t=1e+02\,$s",0.0003661264599214663,5.592477715803862e-13,
0,line,1,"decay $t=1e+02\,$s",0.0004303269180115221,9.239650484026625e-13,
0,line,1,"decay $t=1e+02\,$s",0.0005057849585769236,1.5260372851419628e-12,
0,line,1,"decay $t=1e+02\,$s",0.0005944746043421126,2.5190333135483496e-12,
0,line,1,"decay $t=1e+02\,$s",0.0006987160239047786,4.155764595830667e-12,
0,line,1,"decay $t=1e+02\,$s",0.0008212362285880728,6.851425930642363e-12,
0,line,1,"decay $t=1e+02\,$s",0.0009652404125162483,1.1293477599128778e-11,
0,line,1,"decay $t=1e+02\,$s",0.001134495802208291,1.861024643205523e-11,
0,line,1,"decay $t=1e+02\,$s",0.001333430209239787,3.063666553891488e-11,
0,line,1,"decay $t=1e+02\,$s",0.0015672478641633712,5.038695922701164e-11,
0,line,1,"decay $t=1e+02\,$s",0.0018420655619651898,8.273720847923405e-11,
0,line,1,"decay $t=1e+02\,$s",0.002165072680695273,1.352484575813801e-10,
0,line,1,"decay $t=1e+02\,$s",0.0025447192594449017,2.1874388126445597e-10,
0,line,1,"decay $t=1e+02\,$s",0.002990937055891487,3.515124827677644e-10,
0,line,1,"decay $t=1e+02\,$s",0.0035153993663946366,5.441872648935055e-10,
0,line,1,"decay $t=1e+02\,$s",0.004131826405676178,8.191704087057267e-10,
0,line,1,"decay $t=1e+02\,$s",0.004856344234979996,1.2178163805357732e-09,
0,line,1,"decay $t=1e+02\,$s",0.005707906628464436,1.689903652160846e-09,
0,line,1,"decay $t=1e+02\,$s",0.006708790914077871,2.305738408978956e-09,
0,line,1,"decay $t=1e+02\,$s",0.007885180760380096,3.099855587287677e-09,
0,line,1,"decay $t=1e+02\,$s",0.009267851155324736,3.9633589947365165e-09,
0,line,1,"decay $t=1e+02\,$s",0.010892973496413964,5.055243776676493e-09,
0,line,1,"decay $t=1e+02\,$s",0.012803061853815393,6.340887652663546e-09,
0,line,1,"decay $t=1e+02\,$s",0.015048085161189995,7.81272795754847e-09,
0,line,1,"decay $t=1e+02\,$s",0.017686774429738813,9.604845780802875e-09,
0,line,1,"decay $t=1e+02\,$s",0.020788159182887442,1.1662819124292609e-08,
0,line,1,"decay $t=1e+02\,$s",0.02443337330556136,1.408902824848271e-08,
0,line,1,"decay $t=1e+02\,$s",0.028717777550036912,1.699024972795276e-08,
0,line,1,"decay $t=1e+02\,$s",0.033753454224255186,2.0306666312258994e-08,
0,line,1,"decay $t=1e+02\,$s",0.039672139324981495,2.424786437308223e-08,
0,line,1,"decay $t=1e+02\,$s",0.04662866882198256,2.8873928379811153e-08,
0,line,1,"decay $t=1e+02\,$s",0.054805029249859916,3.421221158888027e-08,
0,line,1,"decay $t=1e+02\,$s",0.06441511857318971,4.051390658617111e-08,
0,line,1,"decay $t=1e+02\,$s",0.07571034187174885,4.7793807155177355e-08,
0,line,1,"decay $t=1e+02\,$s",0.08898618823194768,5.623908613479544e-08,
0,line,1,"decay $t=1e+02\,$s",0.10458996089946872,6.61214402527229e-08,
0,line,1,"decay $t=1e+02\,$s",0.12292986291804184,7.737941097192901e-08,
0,line,1,"decay $t=1e+02\,$s",0.14448567593952816,9.0453175889154e-08,
0,line,1,"decay $t=1e+02\,$s",0.16982131156870053,1.0557971974570323e-07,
0,line,1,"decay $t=1e+02\,$s",0.1995995635926132,1.226734283772388e-07,
0,line,1,"decay $t=1e+02\,$s",0.23459944702078525,1.4247246776144014e-07,
0,line,1,"decay $t=1e+02\,$s",0.2757365775347569,1.6498755309625705e-07,
0,line,1,"decay $t=1e+02\,$s",0.3240871244843334,1.904971253762476e-07,
0,line,1,"decay $t=1e+02\,$s",0.38091596405371647,2.197833408038541e-07,
0,line,1,"decay $t=1e+02\,$s",0.4477097690994067,2.525784853824074e-07,
0,line,1,"decay $t=1e+02\,$s",0.5262159013077689,2.8979262790054103e-07,
0,line,1,"decay $t=1e+02\,$s",0.6184881231118851,3.321667441789152e-07,
0,line,1,"decay $t=1e+02\,$s",0.7269403252159283,3.789707604445967e-07,
0,line,1,"decay $t=1e+02\,$s",0.8544096752678368,4.321335533781974e-07,
0,line,1,"decay $t=1e+02\,$s",1.0042308396833655,4.917454128294205e-07,
0,line,1,"decay $t=1e+02\,$s",1.1803232203041512,5.576754337507214e-07,
0,line,1,"decay $t=1e+02\,$s",1.387293488047456,6.321197584498172e-07,
0,line,1,"decay $t=1e+02\,$s",1.6305560958827374,7.14305771381081e-07,
0,line,1,"decay $t=1e+02\,$s",1.9164749238190089,8.056195578972397e-07,
0,line,1,"decay $t=1e+02\,$s",2.252529761411663,9.079716119439345e-07,
0,line,1,"decay $t=1e+02\,$s",2.6475119830602387,1.0195575986290305e-06,
0,line,1,"decay $t=1e+02\,$s",3.111754535067633,1.1439308196178513e-06,
0,line,1,"decay $t=1e+02\,$s",3.6574022510453377,1.2819693317456437e-06,
0,line,1,"decay $t=1e+02\,$s",4.2987295672602635,1.4319825538980361e-06,
0,line,1,"decay $t=1e+02\,$s",5.0525139495268885,1.5990466256941974e-06,
0,line,1,"decay $t=1e+02\,$s",5.93847480069179,1.7820050865903312e-06,
0,line,1,"decay $t=1e+02\,$s",6.97978933076548,1.9821298055980502e-06,
0,line,1,"decay $t=1e+02\,$s",8.203698885140035,2.203650145976196e-06,
0,line,1,"decay $t=1e+02\,$s",9.642221592763594,2.4440031372938417e-06,
0,line,1,"decay $t=1e+02\,$s",11.332989977528834,2.708037880615213e-06,
0,line,1,"decay $t=1e+02\,$s",13.32023544523802,2.998896258916548e-06,
0,line,1,"decay $t=1e+02\,$s",15.655945400850316,3.3124743691582666e-06,
0,line,1,"decay $t=1e+02\,$s",18.40122326681789,3.6578768336348418e-06,
0,line,1,"decay $t=1e+02\,$s",21.62788698131826,4.03490438553724e-06,
0,line,1,"decay $t=1e+02\,$s",25.420347793952185,4.44335689972595e-06,
0,line,1,"decay $t=1e+02\,$s",29.877818509208026,4.891905453028343e-06,
0,line,1,"decay $t=1e+02\,$s",35.1169089465233,5.377798871545075e-06,
0,line,1,"decay $t=1e+02\,$s",41.274676515567904,5.906781777582682e-06,
0,line,1,"decay $t=1e+02\,$s",48.51221171143108,6.485771179304248e-06,
0,line,1,"decay $t=1e+02\,$s",57.01885232818259,7.109536167196615e-06,
0,line,1,"decay $t=1e+02\,$s",67.01713663689895,7.790725285185483e-06,
0,line,1,"decay $t=1e+02\,$s",78.76862510592494,8.532614452024333e-06,
0,line,1,"decay $t=1e+02\,$s",92.58074296271438,9.33190901350954e-06,
0,line,1,"decay $t=1e+02\,$s",108.81482260229686,1.0204765883710875e-05,
0,line,1,"decay $t=1e+02\,$s",127.89555623611915,1.1148942320738101e-05,
0,line,1,"decay $t=1e+02\,$s",150.32210606756786,1.2170211385948876e-05,
0,line,1,"decay $t=1e+02\,$s",176.68116264236485,1.328234245107714e-05,
0,line,1,"decay $t=1e+02\,$s",207.6622929872086,1.4478546454758296e-05,
0,line,1,"decay $t=1e+02\,$s",244.07598005224483,1.5775532637944053e-05,
0,line,1,"decay $t=1e+02\,$s",286.8748253787863,1.718410528041481e-05,
0,line,1,"decay $t=1e+02\,$s",337.178469665443,1.869021603099939e-05,
0,line,1,"decay $t=1e+02\,$s",396.302883168002,2.0326010197424883e-05,
0,line,1,"decay $t=1e+02\,$s",465.7947921855921,2.2088736464029595e-05,
0,line,1,"decay $t=1e+02\,$s",547.472142248439,2.397548688317844e-05,
0,line,1,"decay $t=1e+02\,$s",643.4716565458548,2.601957702408757e-05,
0,line,1,"decay $t=1e+02\,$s",756.3047337483902,2.819903443470185e-05,
0,line,1,"decay $t=1e+02\,$s",888.9231475410945,3.053549822502397e-05,
0,line,1,"decay $t=1e+02\,$s",1044.79626660284,3.3057560847198116e-05,
0,line,1,"decay $t=1e+02\,$s",1228.001815147637,3.570637750680021e-05,
0,line,1,"decay $t=1e+02\,$s",1443.3325483724664,3.8552542809964884e-05,
0,line,1,"decay $t=1e+02\,$s",1696.4216334980495,4.1590488360583343e-05,
0,line,1,"decay $t=1e+02\,$s",1993.8900164382494,4.474642184818707e-05,
0,line,1,"decay $t=1e+02\,$s",2343.5196292883334,4.813445012669135e-05,
0,line,1,"decay $t=1e+02\,$s",2754.4569698335245,5.1658782409246054e-05,
0,line,1,"decay $t=1e+02\,$s",3237.4523788257507,5.531699849271742e-05,
0,line,1,"decay $t=1e+02\,$s",3805.1412746513693,5.921024470594574e-05,
0,line,1,"decay $t=1e+02\,$s",4472.374702637946,6.31022630122819e-05,
0,line,1,"decay $t=1e+02\,$s",5256.607846348221,6.715188145537928e-05,
0,line,1,"decay $t=1e+02\,$s",6178.356664523548,7.139471970194165e-05,
0,line,1,"decay $t=1e+02\,$s",7261.734599544229,7.539092970652975e-05,
0,line,1,"decay $t=1e+02\,$s",8535.083397987082,7.958684213179715e-05,
0,line,1,"decay $t=1e+02\,$s",10031.714545883691,8.37016560877346e-05,
0,line,1,"decay $t=1e+02\,$s",11790.780715022454,8.751827959404728e-05,
0,line,1,"decay $t=1e+02\,$s",13858.300017796111,9.144293668737249e-05,
0,line,1,"decay $t=1e+02\,$s",16288.359865649785,9.485677010257774e-05,
0,line,1,"decay $t=1e+02\,$s",19144.53192470997,9.802067907443777e-05,
0,line,1,"decay $t=1e+02\,$s",22501.535184593857,0.0001011331089007132,
0,line,1,"decay $t=1e+02\,$s",26447.19064716322,0.00010329291454185147,
0,line,1,"decay $t=1e+02\,$s",31084.718770935444,0.00010533907405526512,
0,line,1,"decay $t=1e+02\,$s",36535.43977351612,0.00010698817115613818,
0,line,1,"decay $t=1e+02\,$s",42941.94743342294,0.00010778077093468079,
0,line,1,"decay $t=1e+02\,$s",50471.839419639866,0.00010845479848089333,
0,line,1,"decay $t=1e+02\,$s",59322.10173633708,0.00010843950532591502,
0,line,1,"decay $t=1e+02\,$s",69724.26198215637,0.00010802204307494905,
0,line,1,"decay $t=1e+02\,$s",81950.4462361039,0.00010733377925780714,
0,line,1,"decay $t=1e+02\,$s",96320.49802140985,0.00010611385983460345,
0,line,1,"decay $t=1e+02\,$s",113210.34558326888,0.0001047331700898809,
0,line,1,"decay $t=1e+02\,$s",133061.8363729217,0.00010310865978510585,
0,line,1,"decay $t=1e+02\,$s",156394.2960134453,0.00010123475766119271,
0,line,1,"decay $t=1e+02\,$s",183818.1141359825,9.928500479476022e-05,
0,line,1,"decay $t=1e+02\,$s",216050.71249915805,9.722780592438709e-05,
0,line,1,"decay $t=1e+02\,$s",253935.31312623026,9.512349526140214e-05,
0,line,1,"decay $t=1e+02\,$s",298462.9974444907,9.299223020097365e-05,
0,line,1,"decay $t=1e+02\,$s",350798.6335058071,9.086824533916748e-05,
0,line,1,"decay $t=1e+02\,$s",412311.3495582535,8.876606726031813e-05,
0,line,1,"decay $t=1e+02\,$s",484610.35117383633,8.669069886062669e-05,
0,line,1,"decay $t=1e+02\,$s",569587.0189274155,8.465270313078899e-05,
0,line,1,"decay $t=1e+02\,$s",669464.3879248217,8.265778353741505e-05,
0,line,1,"decay $t=1e+02\,$s",786855.3035908677,8.07054053649609e-05,
0,line,1,"decay $t=1e+02\,$s",924830.7751040731,7.87941453943172e-05,
0,line,1,"decay $t=1e+02\,$s",1087000.3146402042,7.692729394485129e-05,
0,line,1,"decay $t=1e+02\,$s",1277606.364142627,7.510110245458507e-05,
0,line,1,"decay $t=1e+02\,$s",1501635.2798738715,7.331560649370028e-05,
0,line,1,"decay $t=1e+02\,$s",1764947.778164129,7.157111437367905e-05,
0,line,1,"decay $t=1e+02\,$s",2074432.2548869124,6.986385653698508e-05,
0,line,1,"decay $t=1e+02\,$s",2438184.9895816143,6.819613490011434e-05,
0,line,1,"decay $t=1e+02\,$s",2865721.9484591815,6.656656078497037e-05,
0,line,1,"decay $t=1e+02\,$s",3368227.727170901,6.497029122276126e-05,
0,line,1,"decay $t=1e+02\,$s",3958848.145816352,6.341147468452235e-05,
0,line,1,"decay $t=1e+02\,$s",4653034.150632524,6.188661511224003e-05,
0,line,1,"decay $t=1e+02\,$s",5468946.019016334,6.039499895544861e-05,
0,line,1,"decay $t=1e+02\,$s",6427928.442100255,5.893794570707108e-05,
0,line,1,"decay $t=1e+02\,$s",7555068.913295548,5.751030861621415e-05,
0,line,1,"decay $t=1e+02\,$s",8879854.030545786,5.611468126171288e-05,
0,line,1,"decay $t=1e+02\,$s",10436940.881510252,5.4750874567674576e-05,
0,line,1,"decay $t=1e+02\,$s",12267063.691523654,5.3412721246696884e-05,
0,line,1,"decay $t=1e+02\,$s",14418099.452732118,5.2105823968228205e-05,
0,line,1,"decay $t=1e+02\,$s",16946320.411828764,5.082636953562905e-05,
0,line,1,"decay $t=1e+02\,$s",19917866.182144478,4.95710957940604e-05,
0,line,1,"decay $t=1e+02\,$s",23410473.991326828,4.8345259257341315e-05,
0,line,1,"decay $t=1e+02\,$s",27515512.328820772,4.714138259048159e-05,
0,line,1,"decay $t=1e+02\,$s",32340371.19444807,4.596207386050748e-05,
0,line,1,"decay $t=1e+02\,$s",38011271.47827708,4.4808787064489844e-05,
0,line,1,"decay $t=1e+02\,$s",44676566.96665627,4.367230297586692e-05,
0,line,1,"decay $t=1e+02\,$s",52510625.356660485,4.256127897335249e-05,
0,line,1,"decay $t=1e+02\,$s",61718389.808363676,4.147273251132464e-05,
0,line,1,"decay $t=1e+02\,$s",72540740.36758682,4.039620545626455e-05,
0,line,1,"decay $t=1e+02\,$s",85260795.51680958,3.9345282592196595e-05,
0,line,1,"decay $t=1e+02\,$s",100211318.70618989,3.8308969373351114e-05,
0,line,1,"decay $t=1e+02\,$s",117783423.62350766,3.7287671854095745e-05,
0,line,1,"decay $t=1e+02\,$s",138436805.93754652,3.6288121809283785e-05,
0,line,1,"decay $t=1e+02\,$s",162711769.1828178,3.5294564207411834e-05,
0,line,1,"decay $t=1e+02\,$s",191243359.38916388,3.431952189311359e-05,
0,line,1,"decay $t=1e+02\,$s",224777978.2257796,3.336299730053209e-05,
0,line,1,"decay $t=1e+02\,$s",264192909.26831022,3.240268723104654e-05,
0,line,1,"decay $t=1e+02\,$s",310519268.20671827,3.1464920715777907e-05,
0,line,1,"decay $t=1e+02\,$s",364968977.38352764,3.0535680564092865e-05,
0,line,1,"decay $t=1e+02\,$s",428966470.33093244,2.9604522077272167e-05,
0,line,1,"decay $t=1e+02\,$s",504185955.7142798,2.869507130475723e-05,
0,line,1,"decay $t=1e+02\,$s",592595215.5267816,2.7778130613842723e-05,
0,line,1,"decay $t=1e+02\,$s",696507083.3195499,2.6869752453780575e-05,
0,line,1,"decay $t=1e+02\,$s",818639949.165067,2.597739719090545e-05,
0,line,1,"decay $t=1e+02\,$s",962188874.1962961,2.50620082437635e-05,
0,line,1,"decay $t=1e+02\,$s",1130909175.1158357,2.4166013455351114e-05,
0,line,1,"decay $t=1e+02\,$s",1329214665.2906115,2.327770774786494e-05,
0,line,1,"decay $t=1e+02\,$s",1562293122.4717166,2.2359820034282798e-05,
0,line,1,"decay $t=1e+02\,$s",1836242003.836749,2.1470302253725913e-05,
0,line,1,"decay $t=1e+02\,$s",2158227958.732784,2.056392853453208e-05,
0,line,1,"decay $t=1e+02\,$s",2536674312.058723,1.9650156035557023e-05,
0,line,1,"decay $t=1e+02\,$s",2981481422.9525,1.8758160073831125e-05,
0,line,1,"decay $t=1e+02\,$s",3504285683.48479,1.7830420723768616e-05,
0,line,1,"decay $t=1e+02\,$s",4118763932.9027276,1.6922042845317224e-05,
0,line,1,"decay $t=1e+02\,$s",4840991251.0645485,1.6034618311975695e-05,
0,line,1,"decay $t=1e+02\,$s",5689861491.131199,1.509198145319459e-05,
0,line,1,"decay $t=1e+02\,$s",6687581552.876901,1.4196713654702141e-05,
0,line,1,"decay $t=1e+02\,$s",7860252327.071659,1.3303383678969646e-05,
0,line,1,"decay $t=1e+02\,$s",9238551508.752373,1.2391429249105772e-05,
0,line,1,"decay $t=1e+02\,$s",10858536142.142939,1.1537319348825446e-05,
0,line,1,"decay $t=1e+02\,$s",12762585892.227968,1.0668903069301925e-05,
0,line,1,"decay $t=1e+02\,$s",15000511719.469324,9.838272518733047e-06,
0,line,1,"decay $t=1e+02\,$s",17630858961.189373,9.067711035653002e-06,
0,line,1,"decay $t=1e+02\,$s",20722438908.927334,8.274265107961658e-06,
0,line,1,"decay $t=1e+02\,$s",24356128948.652027,7.556986629572285e-06,
0,line,1,"decay $t=1e+02\,$s",28626988356.46236,6.897303769443721e-06,
0,line,1,"decay $t=1e+02\,$s",33646745100.12341,6.24857555465654e-06,
0,line,1,"decay $t=1e+02\,$s",39546718702.49716,5.691778573756447e-06,
0,line,1,"decay $t=1e+02\,$s",46481255630.53951,5.183258272780296e-06,
0,line,1,"decay $t=1e+02\,$s",54631767081.47816,4.734224064600523e-06,
0,line,1,"decay $t=1e+02\,$s",64211474796.81882,4.359079273573227e-06,
0,line,1,"decay $t=1e+02\,$s",75470989057.21391,4.000984994261267e-06,
0,line,1,"decay $t=1e+02\,$s",88704864781.52556,3.6961681265344084e-06,
0,line,1,"decay $t=1e+02\,$s",104259307241.13853,3.4464434870605332e-06,
0,line,1,"decay $t=1e+02\,$s",122541228975.14412,3.214057752441423e-06,
0,line,1,"decay $t=1e+02\,$s",144028894840.12958,3.0320181570662215e-06,
0,line,1,"decay $t=1e+02\,$s",169284433674.78238,2.886333772070676e-06,
0,line,1,"decay $t=1e+02\,$s",198968543891.1475,2.7696381457749897e-06,
0,line,1,"decay $t=1e+02\,$s",233857777698.67584,2.6792943496723854e-06,
0,line,1,"decay $t=1e+02\,$s",274864856125.61456,2.5535722496558373e-06,
0,line,1,"decay $t=1e+02\,$s",323062546289.5716,2.415522958288671e-06,
0,line,1,"decay $t=1e+02\,$s",379711725559.43,2.2943161287364742e-06,
0,line,1,"decay $t=1e+02\,$s",446294366782.1083,2.1640346150391438e-06,
0,line,1,"decay $t=1e+02\,$s",524552307485.35004,2.0441204423986623e-06,
0,line,1,"decay $t=1e+02\,$s",616532817279.6378,1.923304819690846e-06,
0,line,1,"decay $t=1e+02\,$s",724642155526.8506,1.773417473445889e-06,
0,line,1,"decay $t=1e+02\,$s",851708520372.9393,1.6335704156675395e-06,
0,line,1,"decay $t=1e+02\,$s",1001056035925.0074,1.4703498380913102e-06,
0,line,1,"decay $t=1e+02\,$s",1176591713116.9387,1.2973054071023204e-06,
0,line,1,"decay $t=1e+02\,$s",1382907659206.3625,1.1422509833950805e-06,
0,line,1,"decay $t=1e+02\,$s",1625401209758.095,1.0043955531565073e-06,
0,line,1,"decay $t=1e+02\,$s",1910416125831.0461,8.833084871123241e-07,
0,line,1,"decay $t=1e+02\,$s",2245408550162.4854,7.759120031065258e-07,
0,line,1,"decay $t=1e+02\,$s",2639142063852.4736,6.782216660284358e-07,
0,line,1,"decay $t=1e+02\,$s",3101916946335.435,5.930673462281392e-07,
0,line,1,"decay $t=1e+02\,$s",3645839636202.627,5.191514458526196e-07,
0,line,1,"decay $t=1e+02\,$s",4285139442114.7456,4.5470458038266085e-07,
0,line,1,"decay $t=1e+02\,$s",5036540789131.663,3.982547912723639e-07,
0,line,1,"decay $t=1e+02\,$s",5919700738622.483,3.4876922334492193e-07,
0,line,1,"decay $t=1e+02\,$s",6957723227510.926,3.0499665364767927e-07,
0,line,1,"decay $t=1e+02\,$s",8177763479629.893,2.653038074627508e-07,
0,line,1,"decay $t=1e+02\,$s",9611738400909.738,2.2375288188221446e-07,
0,line,1,"decay $t=1e+02\,$s",11297161542718.53,1.8831668301811922e-07,
0,line,1,"decay $t=1e+02\,$s",13278124476442.15,1.5991388538838096e-07,
0,line,1,"decay $t=1e+02\,$s",15606450252588.45,1.385411099712824e-07,
0,line,1,"decay $t=1e+02\,$s",18343049119522.934,1.1994921104770578e-07,
0,line,1,"decay $t=1e+02\,$s",21559511968163.637,1.0336557765801965e-07,
0,line,1,"decay $t=1e+02\,$s",25339983188001.18,8.868116735775381e-08,
0,line,1,"decay $t=1e+02\,$s",29783361929359.832,7.586844318811471e-08,
0,line,1,"decay $t=1e+02\,$s",35005889358098.59,6.382787983564138e-08,
0,line,1,"decay $t=1e+02\,$s",41144189586718.34,5.348241670048313e-08,
0,line,1,"decay $t=1e+02\,$s",48358843834264.234,4.4977613552062505e-08,
0,line,1,"decay $t=1e+02\,$s",56838591316953.945,3.840390068659279e-08,
0,line,1,"decay $t=1e+02\,$s",66805266767082.664,3.276335689427901e-08,
0,line,1,"decay $t=1e+02\,$s",78519603748340.28,2.7793076079660905e-08,
0,line,1,"decay $t=1e+02\,$s",92288055585375.66,2.3359948020339437e-08,
0,line,1,"decay $t=1e+02\,$s",108470812346775.47,1.9494373566614146e-08,
0,line,1,"decay $t=1e+02\,$s",127491223610023.19,1.5508681565946243e-08,
0,line,1,"decay $t=1e+02\,$s",149846873513012.1,1.2067509549195239e-08,
0,line,1,"decay $t=1e+02\,$s",176122597821387.12,9.457239451598046e-09,
0,line,1,"decay $t=1e+02\,$s",207005783545163.47,7.725670851815907e-09,
0,line,1,"decay $t=1e+02\,$s",243304351350781.0,6.324020733487312e-09,
0,line,1,"decay $t=1e+02\,$s",285967891198117.2,5.107317960146964e-09,
0,line,1,"decay $t=1e+02\,$s",336112504122033.94,3.997513005144941e-09,
0,line,1,"decay $t=1e+02\,$s",395050000032759.25,3.1123814261715984e-09,
0,line,1,"decay $t=1e+02\,$s",464322215365186.25,2.3182861196995795e-09,
0,line,1,"decay $t=1e+02\,$s",545741348345162.06,1.670069884162208e-09,
0,line,1,"decay $t=1e+02\,$s",641437367064924.9,1.2010454957466606e-09,
0,line,1,"decay $t=1e+02\,$s",753913730588281.0,8.591336965926608e-10,
0,line,1,"decay $t=1e+02\,$s",886112880779532.5,6.117581657746108e-10,
0,line,1,"decay $t=1e+02\,$s",1041493218157350.1,4.2667651187631424e-10,
0,line,1,"decay $t=1e+02\,$s",1224119575503194.0,2.6663981694256804e-10,
0,line,1,"decay $t=1e+02\,$s",1438769556062274.0,1.6521389124866189e-10,
0,line,1,"decay $t=1e+02\,$s",1691058518201297.8,9.161989433619935e-11,
0,line,1,"decay $t=1e+02\,$s",1987586476188542.8,4.3246425847600507e-11,
0,line,1,"decay $t=1e+02\,$s",2336110760099276.0,2.0462212608161184e-11,
0,line,1,"decay $t=1e+02\,$s",2745748951722050.5,9.964768314083096e-12,
0,line,1,"decay $t=1e+02\,$s",3227217405377798.0,4.922967213879969e-12,
0,line,1,"decay $t=1e+02\,$s",3793111593483984.5,2.4027881850579062e-12,
0,line,1,"decay $t=1e+02\,$s",4458235610853832.5,9.997444504644654e-13,
0,line,1,"decay $t=1e+02\,$s",5239989457739420.0,4.076576880132398e-13,
0,line,1,"decay $t=1e+02\,$s",6158824233150310.0,1.4765756722589136e-13,
0,line,1,"decay $t=1e+02\,$s",7238777146548561.0,3.569034312448115e-14,
0,line,1,"decay $t=1e+02\,$s",8508100344112365.0,8.653595276015649e-15,
0,line,1,"decay $t=1e+02\,$s",9999999999999992.0,1.9435064643882843e-15,
0,line,2,"baseline $t=1e+04\,$s",4.136189762796504e-07,5.2057885699498036e-20,
0,line,2,"baseline $t=1e+04\,$s",4.861472708956382e-07,8.509332515138694e-20,
0,line,2,"baseline $t=1e+04\,$s",5.713934382920734e-07,1.3932597790968554e-19,
0,line,2,"baseline $t=1e+04\,$s",6.715875638296561e-07,2.282131321495654e-19,
0,line,2,"baseline $t=1e+04\,$s",7.893507794538307e-07,3.740690202257631e-19,
0,line,2,"baseline $t=1e+04\,$s",9.277638339092464e-07,6.143658694503919e-19,
0,line,2,"baseline $t=1e+04\,$s",1.090447686775643e-06,1.0093034834894969e-18,
0,line,2,"baseline $t=1e+04\,$s",1.281658234708323e-06,1.6607301956694389e-18,
0,line,2,"baseline $t=1e+04\,$s",1.5063976479722919e-06,2.7369675006581583e-18,
0,line,2,"baseline $t=1e+04\,$s",1.770545229893428e-06,4.5124914468869266e-18,
0,line,2,"baseline $t=1e+04\,$s",2.0810112225799443e-06,7.457561111946609e-18,
0,line,2,"baseline $t=1e+04\,$s",2.4459175825541275e-06,1.2336360908840036e-17,
0,line,2,"baseline $t=1e+04\,$s",2.8748104554816266e-06,2.0419326938767527e-17,
0,line,2,"baseline $t=1e+04\,$s",3.378909908450926e-06,3.3879624012208005e-17,
0,line,2,"baseline $t=1e+04\,$s",3.971403452933094e-06,5.62310702752151e-17,
0,line,2,"baseline $t=1e+04\,$s",4.6677910371394276e-06,9.34024423877846e-17,
0,line,2,"baseline $t=1e+04\,$s",5.486290532961935e-06,1.5529331020449454e-16,
0,line,2,"baseline $t=1e+04\,$s",6.4483143252517195e-06,2.5824369319633867e-16,
0,line,2,"baseline $t=1e+04\,$s",7.5790294712660705e-06,4.294586650327445e-16,
0,line,2,"baseline $t=1e+04\,$s",8.90801608435509e-06,7.141393349927438e-16,
0,line,2,"baseline $t=1e+04\,$s",1.0470041165557464e-05,1.1874872836573688e-15,
0,line,2,"baseline $t=1e+04\,$s",1.2305968126954065e-05,1.9729421503321535e-15,
0,line,2,"baseline $t=1e+04\,$s",1.446382580039706e-05,3.2773348437692467e-15,
0,line,2,"baseline $t=1e+04\,$s",1.7000064897454984e-05,5.442886144131615e-15,
0,line,2,"baseline $t=1e+04\,$s",1.998103479023846e-05,9.036036095651407e-15,
0,line,2,"baseline $t=1e+04\,$s",2.348471924648282e-05,1.500045819232262e-14,
0,line,2,"baseline $t=1e+04\,$s",2.7602776526647472e-05,2.4906030512501687e-14,
0,line,2,"baseline $t=1e+04\,$s",3.244293721306242e-05,4.136315042405918e-14,
0,line,2,"baseline $t=1e+04\,$s",3.8131822499616793e-05,6.870010344114624e-14,
0,line,2,"baseline $t=1e+04\,$s",4.481825666995547e-05,1.1417982201746293e-13,
0,line,2,"baseline $t=1e+04\,$s",5.267716042038626e-05,1.898142131030353e-13,
0,line,2,"baseline $t=1e+04\,$s",6.191412687890872e-05,3.1559473961594147e-13,
0,line,2,"baseline $t=1e+04\,$s",7.277080003146996e-05,5.251127636701677e-13,
0,line,2,"baseline $t=1e+04\,$s",8.553119625796015e-05,8.73688995193304e-13,
0,line,2,"baseline $t=1e+04\,$s",0.00010052913435270806,1.4539118685817892e-12,
0,line,2,"baseline $t=1e+04\,$s",0.00011815696840279235,2.420111916402437e-12,
0,line,2,"baseline $t=1e+04\,$s",0.00013887585198093757,4.026899208146633e-12,
0,line,2,"baseline $t=1e+04\,$s",0.00016322780216977445,6.6992372276831486e-12,
0,line,2,"baseline $t=1e+04\,$s",0.00019184987901879548,1.1136260713148874e-11,
0,line,2,"baseline $t=1e+04\,$s",0.00022549085137618828,1.8476878232613558e-11,
0,line,2,"baseline $t=1e+04\,$s",0.00026503078508262616,3.0256860227792555e-11,
0,line,2,"baseline $t=1e+04\,$s",0.00031150406596464975,4.92859071358038e-11,
0,line,2,"baseline $t=1e+04\,$s",0.0003661264599214663,7.862368555265119e-11,
0,line,2,"baseline $t=1e+04\,$s",0.0004303269180115221,1.1869047440068475e-10,
0,line,2,"baseline $t=1e+04\,$s",0.0005057849585769236,1.777339776590911e-10,
0,line,2,"baseline $t=1e+04\,$s",0.0005944746043421126,2.5278278473606743e-10,
0,line,2,"baseline $t=1e+04\,$s",0.0006987160239047786,3.4387510905978365e-10,
0,line,2,"baseline $t=1e+04\,$s",0.0008212362285880728,4.641011824472878e-10,
0,line,2,"baseline $t=1e+04\,$s",0.0009652404125162483,5.972775532052865e-10,
0,line,2,"baseline $t=1e+04\,$s",0.001134495802208291,7.580710113595808e-10,
0,line,2,"baseline $t=1e+04\,$s",0.001333430209239787,9.55310191892137e-10,
0,line,2,"baseline $t=1e+04\,$s",0.0015672478641633712,1.1710293907241747e-09,
0,line,2,"baseline $t=1e+04\,$s",0.0018420655619651898,1.4331145217368767e-09,
0,line,2,"baseline $t=1e+04\,$s",0.002165072680695273,1.7401950371067752e-09,
0,line,2,"baseline $t=1e+04\,$s",0.0025447192594449017,2.0921407222123414e-09,
0,line,2,"baseline $t=1e+04\,$s",0.002990937055891487,2.512512744580681e-09,
0,line,2,"baseline $t=1e+04\,$s",0.0035153993663946366,2.9969636196176378e-09,
0,line,2,"baseline $t=1e+04\,$s",0.004131826405676178,3.5627191894973143e-09,
0,line,2,"baseline $t=1e+04\,$s",0.004856344234979996,4.230819682326877e-09,
0,line,2,"baseline $t=1e+04\,$s",0.005707906628464436,4.993663799321827e-09,
0,line,2,"baseline $t=1e+04\,$s",0.006708790914077871,5.888656616764019e-09,
0,line,2,"baseline $t=1e+04\,$s",0.007885180760380096,6.93000811875298e-09,
0,line,2,"baseline $t=1e+04\,$s",0.009267851155324736,8.1194902314423e-09,
0,line,2,"baseline $t=1e+04\,$s",0.010892973496413964,9.508508844261435e-09,
0,line,2,"baseline $t=1e+04\,$s",0.012803061853815393,1.1098360618268564e-08,
0,line,2,"baseline $t=1e+04\,$s",0.015048085161189995,1.2919053207506773e-08,
0,line,2,"baseline $t=1e+04\,$s",0.017686774429738813,1.5028680585489776e-08,
0,line,2,"baseline $t=1e+04\,$s",0.020788159182887442,1.740474196220776e-08,
0,line,2,"baseline $t=1e+04\,$s",0.02443337330556136,2.0129981275521864e-08,
0,line,2,"baseline $t=1e+04\,$s",0.028717777550036912,2.3254288841957453e-08,
0,line,2,"baseline $t=1e+04\,$s",0.033753454224255186,2.6733102741236588e-08,
0,line,2,"baseline $t=1e+04\,$s",0.039672139324981495,3.071982138034363e-08,
0,line,2,"baseline $t=1e+04\,$s",0.04662866882198256,3.52091060070268e-08,
0,line,2,"baseline $t=1e+04\,$s",0.054805029249859916,4.021980197958465e-08,
0,line,2,"baseline $t=1e+04\,$s",0.06441511857318971,4.591923021479159e-08,
0,line,2,"baseline $t=1e+04\,$s",0.07571034187174885,5.222415729141493e-08,
0,line,2,"baseline $t=1e+04\,$s",0.08898618823194768,5.928220212542113e-08,
0,line,2,"baseline $t=1e+04\,$s",0.10458996089946872,6.724329280587739e-08,
0,line,2,"baseline $t=1e+04\,$s",0.12292986291804184,7.590956524143237e-08,
0,line,2,"baseline $t=1e+04\,$s",0.14448567593952816,8.563686047413623e-08,
0,line,2,"baseline $t=1e+04\,$s",0.16982131156870053,9.643430231416016e-08,
0,line,2,"baseline $t=1e+04\,$s",0.1995995635926132,1.0817449935422715e-07,
0,line,2,"baseline $t=1e+04\,$s",0.23459944702078525,1.2129586764245646e-07,
0,line,2,"baseline $t=1e+04\,$s",0.2757365775347569,1.3558873362553547e-07,
0,line,2,"baseline $t=1e+04\,$s",0.3240871244843334,1.5120172108086912e-07,
0,line,2,"baseline $t=1e+04\,$s",0.38091596405371647,1.6852357224107118e-07,
0,line,2,"baseline $t=1e+04\,$s",0.4477097690994067,1.8703875805057436e-07,
0,line,2,"baseline $t=1e+04\,$s",0.5262159013077689,2.0735898136666757e-07,
0,line,2,"baseline $t=1e+04\,$s",0.6184881231118851,2.296389005430566e-07,
0,line,2,"baseline $t=1e+04\,$s",0.7269403252159283,2.531504236744754e-07,
0,line,2,"baseline $t=1e+04\,$s",0.8544096752678368,2.7899023579408316e-07,
0,line,2,"baseline $t=1e+04\,$s",1.0042308396833655,3.066754919284486e-07,
0,line,2,"baseline $t=1e+04\,$s",1.1803232203041512,3.3600547173327577e-07,
0,line,2,"baseline $t=1e+04\,$s",1.387293488047456,3.6799528542911775e-07,
0,line,2,"baseline $t=1e+04\,$s",1.6305560958827374,4.0130378827189276e-07,
0,line,2,"baseline $t=1e+04\,$s",1.9164749238190089,4.3676863523022635e-07,
0,line,2,"baseline $t=1e+04\,$s",2.252529761411663,4.750452022079626e-07,
0,line,2,"baseline $t=1e+04\,$s",2.6475119830602387,5.134678081507657e-07,
0,line,2,"baseline $t=1e+04\,$s",3.111754535067633,5.546789016042033e-07,
0,line,2,"baseline $t=1e+04\,$s",3.6574022510453377,5.976629560792312e-07,
0,line,2,"baseline $t=1e+04\,$s",4.2987295672602635,6.40258597907836e-07,
0,line,2,"baseline $t=1e+04\,$s",5.0525139495268885,6.856608327038873e-07,
0,line,2,"baseline $t=1e+04\,$s",5.93847480069179,7.302564466752461e-07,
0,line,2,"baseline $t=1e+04\,$s",6.97978933076548,7.745494330116538e-07,
0,line,2,"baseline $t=1e+04\,$s",8.203698885140035,8.209757638212904e-07,
0,line,2,"baseline $t=1e+04\,$s",9.642221592763594,8.624876278117439e-07,
0,line,2,"baseline $t=1e+04\,$s",11.332989977528834,9.043914184245882e-07,
0,line,2,"baseline $t=1e+04\,$s",13.32023544523802,9.461201538717869e-07,
0,line,2,"baseline $t=1e+04\,$s",15.655945400850316,9.799141651587975e-07,
0,line,2,"baseline $t=1e+04\,$s",18.40122326681789,1.0145619294580748e-06,
0,line,2,"baseline $t=1e+04\,$s",21.62788698131826,1.044284023481604e-06,
0,line,2,"baseline $t=1e+04\,$s",25.420347793952185,1.0679483883424566e-06,
0,line,2,"baseline $t=1e+04\,$s",29.877818509208026,1.0909890433696123e-06,
0,line,2,"baseline $t=1e+04\,$s",35.1169089465233,1.1057291983238837e-06,
0,line,2,"baseline $t=1e+04\,$s",41.274676515567904,1.1173095736611448e-06,
0,line,2,"baseline $t=1e+04\,$s",48.51221171143108,1.1263135072223429e-06,
0,line,2,"baseline $t=1e+04\,$s",57.01885232818259,1.1275362206685878e-06,
0,line,2,"baseline $t=1e+04\,$s",67.01713663689895,1.1272753233837239e-06,
0,line,2,"baseline $t=1e+04\,$s",78.76862510592494,1.1227555620617813e-06,
0,line,2,"baseline $t=1e+04\,$s",92.58074296271438,1.1144249409665664e-06,
0,line,2,"baseline $t=1e+04\,$s",108.81482260229686,1.1041926771245536e-06,
0,line,2,"baseline $t=1e+04\,$s",127.89555623611915,1.0906960306300502e-06,
0,line,2,"baseline $t=1e+04\,$s",150.32210606756786,1.0756188147979385e-06,
0,line,2,"baseline $t=1e+04\,$s",176.68116264236485,1.0588591702912655e-06,
0,line,2,"baseline $t=1e+04\,$s",207.6622929872086,1.04072056785936e-06,
0,line,2,"baseline $t=1e+04\,$s",244.07598005224483,1.0217935942916211e-06,
0,line,2,"baseline $t=1e+04\,$s",286.8748253787863,1.0021201473916367e-06,
0,line,2,"baseline $t=1e+04\,$s",337.178469665443,9.820766527315272e-07,
0,line,2,"baseline $t=1e+04\,$s",396.302883168002,9.618724434430551e-07,
0,line,2,"baseline $t=1e+04\,$s",465.7947921855921,9.416310777111177e-07,
0,line,2,"baseline $t=1e+04\,$s",547.472142248439,9.214941109758575e-07,
0,line,2,"baseline $t=1e+04\,$s",643.4716565458548,9.015771265436174e-07,
0,line,2,"baseline $t=1e+04\,$s",756.3047337483902,8.819128378250891e-07,
0,line,2,"baseline $t=1e+04\,$s",888.9231475410945,8.625762920777238e-07,
0,line,2,"baseline $t=1e+04\,$s",1044.79626660284,8.435979252460879e-07,
0,line,2,"baseline $t=1e+04\,$s",1228.001815147637,8.249640315339584e-07,
0,line,2,"baseline $t=1e+04\,$s",1443.3325483724664,8.067142643226954e-07,
0,line,2,"baseline $t=1e+04\,$s",1696.4216334980495,7.888431194341226e-07,
0,line,2,"baseline $t=1e+04\,$s",1993.8900164382494,7.71344833632986e-07,
0,line,2,"baseline $t=1e+04\,$s",2343.5196292883334,7.542281249579059e-07,
0,line,2,"baseline $t=1e+04\,$s",2754.4569698335245,7.374770905093477e-07,
0,line,2,"baseline $t=1e+04\,$s",3237.4523788257507,7.210918027586385e-07,
0,line,2,"baseline $t=1e+04\,$s",3805.1412746513693,7.050699699460949e-07,
0,line,2,"baseline $t=1e+04\,$s",4472.374702637946,6.89397533792761e-07,
0,line,2,"baseline $t=1e+04\,$s",5256.607846348221,6.740722325266886e-07,
0,line,2,"baseline $t=1e+04\,$s",6178.356664523548,6.590857566800431e-07,
0,line,2,"baseline $t=1e+04\,$s",7261.734599544229,6.444352468794313e-07,
0,line,2,"baseline $t=1e+04\,$s",8535.083397987082,6.301143629009551e-07,
0,line,2,"baseline $t=1e+04\,$s",10031.714545883691,6.161150015824965e-07,
0,line,2,"baseline $t=1e+04\,$s",11790.780715022454,6.024294552740767e-07,
0,line,2,"baseline $t=1e+04\,$s",13858.300017796111,5.890518157384962e-07,
0,line,2,"baseline $t=1e+04\,$s",16288.359865649785,5.75978777388308e-07,
0,line,2,"baseline $t=1e+04\,$s",19144.53192470997,5.632054544567993e-07,
0,line,2,"baseline $t=1e+04\,$s",22501.535184593857,5.507237910198409e-07,
0,line,2,"baseline $t=1e+04\,$s",26447.19064716322,5.385290532403843e-07,
0,line,2,"baseline $t=1e+04\,$s",31084.718770935444,5.266169612641936e-07,
0,line,2,"baseline $t=1e+04\,$s",36535.43977351612,5.149814902999021e-07,
0,line,2,"baseline $t=1e+04\,$s",42941.94743342294,5.036169959203464e-07,
0,line,2,"baseline $t=1e+04\,$s",50471.839419639866,4.925215172409852e-07,
0,line,2,"baseline $t=1e+04\,$s",59322.10173633708,4.816867589882667e-07,
0,line,2,"baseline $t=1e+04\,$s",69724.26198215637,4.711154906180441e-07,
0,line,2,"baseline $t=1e+04\,$s",81950.4462361039,4.608038622951018e-07,
0,line,2,"baseline $t=1e+04\,$s",96320.49802140985,4.5073456231378245e-07,
0,line,2,"baseline $t=1e+04\,$s",113210.34558326888,4.409182812638247e-07,
0,line,2,"baseline $t=1e+04\,$s",133061.8363729217,4.313481197724645e-07,
0,line,2,"baseline $t=1e+04\,$s",156394.2960134453,4.2201887876266245e-07,
0,line,2,"baseline $t=1e+04\,$s",183818.1141359825,4.129409174764259e-07,
0,line,2,"baseline $t=1e+04\,$s",216050.71249915805,4.040928273366327e-07,
0,line,2,"baseline $t=1e+04\,$s",253935.31312623026,3.954767162547187e-07,
0,line,2,"baseline $t=1e+04\,$s",298462.9974444907,3.871061666586917e-07,
0,line,2,"baseline $t=1e+04\,$s",350798.6335058071,3.789592550703417e-07,
0,line,2,"baseline $t=1e+04\,$s",412311.3495582535,3.710564350668451e-07,
0,line,2,"baseline $t=1e+04\,$s",484610.35117383633,3.633948961475477e-07,
0,line,2,"baseline $t=1e+04\,$s",569587.0189274155,3.5592938397969654e-07,
0,line,2,"baseline $t=1e+04\,$s",669464.3879248217,3.4871471973895326e-07,
0,line,2,"baseline $t=1e+04\,$s",786855.3035908677,3.417323320444515e-07,
0,line,2,"baseline $t=1e+04\,$s",924830.7751040731,3.349749557522061e-07,
0,line,2,"baseline $t=1e+04\,$s",1087000.3146402042,3.2847372178494255e-07,
0,line,2,"baseline $t=1e+04\,$s",1277606.364142627,3.2216628849322073e-07,
0,line,2,"baseline $t=1e+04\,$s",1501635.2798738715,3.160854758410103e-07,
0,line,2,"baseline $t=1e+04\,$s",1764947.778164129,3.1026289450116006e-07,
0,line,2,"baseline $t=1e+04\,$s",2074432.2548869124,3.046457195366437e-07,
0,line,2,"baseline $t=1e+04\,$s",2438184.9895816143,2.9929555429488537e-07,
0,line,2,"baseline $t=1e+04\,$s",2865721.9484591815,2.9418096899797096e-07,
0,line,2,"baseline $t=1e+04\,$s",3368227.727170901,2.8921232451926957e-07,
0,line,2,"baseline $t=1e+04\,$s",3958848.145816352,2.8452016654908416e-07,
0,line,2,"baseline $t=1e+04\,$s",4653034.150632524,2.8005482907691304e-07,
0,line,2,"baseline $t=1e+04\,$s",5468946.019016334,2.7583625432243593e-07,
0,line,2,"baseline $t=1e+04\,$s",6427928.442100255,2.719033380389616e-07,
0,line,2,"baseline $t=1e+04\,$s",7555068.913295548,2.680521975346641e-07,
0,line,2,"baseline $t=1e+04\,$s",8879854.030545786,2.644304997479447e-07,
0,line,2,"baseline $t=1e+04\,$s",10436940.881510252,2.6107659991549254e-07,
0,line,2,"baseline $t=1e+04\,$s",12267063.691523654,2.5791587944460156e-07,
0,line,2,"baseline $t=1e+04\,$s",14418099.452732118,2.550613795012976e-07,
0,line,2,"baseline $t=1e+04\,$s",16946320.411828764,2.5234269309534263e-07,
0,line,2,"baseline $t=1e+04\,$s",19917866.182144478,2.496404070908372e-07,
0,line,2,"baseline $t=1e+04\,$s",23410473.991326828,2.472197385113236e-07,
0,line,2,"baseline $t=1e+04\,$s",27515512.328820772,2.4498067821131956e-07,
0,line,2,"baseline $t=1e+04\,$s",32340371.19444807,2.4300542723572666e-07,
0,line,2,"baseline $t=1e+04\,$s",38011271.47827708,2.4129757711110285e-07,
0,line,2,"baseline $t=1e+04\,$s",44676566.96665627,2.392901452134992e-07,
0,line,2,"baseline $t=1e+04\,$s",52510625.356660485,2.3749902417865765e-07,
0,line,2,"baseline $t=1e+04\,$s",61718389.808363676,2.358964916043431e-07,
0,line,2,"baseline $t=1e+04\,$s",72540740.36758682,2.3442065732414985e-07,
0,line,2,"baseline $t=1e+04\,$s",85260795.51680958,2.3321834248744868e-07,
0,line,2,"baseline $t=1e+04\,$s",100211318.70618989,2.3179063445219022e-07,
0,line,2,"baseline $t=1e+04\,$s",117783423.62350766,2.301856295372645e-07,
0,line,2,"baseline $t=1e+04\,$s",138436805.93754652,2.287819203939546e-07,
0,line,2,"baseline $t=1e+04\,$s",162711769.1828178,2.2728244026141538e-07,
0,line,2,"baseline $t=1e+04\,$s",191243359.38916388,2.2596728993967963e-07,
0,line,2,"baseline $t=1e+04\,$s",224777978.2257796,2.247245159464222e-07,
0,line,2,"baseline $t=1e+04\,$s",264192909.26831022,2.2275770144475656e-07,
0,line,2,"baseline $t=1e+04\,$s",310519268.20671827,2.2098502833461935e-07,
0,line,2,"baseline $t=1e+04\,$s",364968977.38352764,2.190147973170977e-07,
0,line,2,"baseline $t=1e+04\,$s",428966470.33093244,2.1680976011619182e-07,
0,line,2,"baseline $t=1e+04\,$s",504185955.7142798,2.147685777945577e-07,
0,line,2,"baseline $t=1e+04\,$s",592595215.5267816,2.1219117927613013e-07,
0,line,2,"baseline $t=1e+04\,$s",696507083.3195499,2.0949092128050765e-07,
0,line,2,"baseline $t=1e+04\,$s",818639949.165067,2.0676184863666013e-07,
0,line,2,"baseline $t=1e+04\,$s",962188874.1962961,2.0298598972830813e-07,
0,line,2,"baseline $t=1e+04\,$s",1130909175.1158357,1.9937336694387123e-07,
0,line,2,"baseline $t=1e+04\,$s",1329214665.2906115,1.9574603783715274e-07,
0,line,2,"baseline $t=1e+04\,$s",1562293122.4717166,1.91851528865603e-07,
0,line,2,"baseline $t=1e+04\,$s",1836242003.836749,1.880776592207123e-07,
0,line,2,"baseline $t=1e+04\,$s",2158227958.732784,1.8336501023118092e-07,
0,line,2,"baseline $t=1e+04\,$s",2536674312.058723,1.7823749985299767e-07,
0,line,2,"baseline $t=1e+04\,$s",2981481422.9525,1.7338031307647755e-07,
0,line,2,"baseline $t=1e+04\,$s",3504285683.48479,1.6807881272447317e-07,
0,line,2,"baseline $t=1e+04\,$s",4118763932.9027276,1.629287621682795e-07,
0,line,2,"baseline $t=1e+04\,$s",4840991251.0645485,1.5761993399264818e-07,
0,line,2,"baseline $t=1e+04\,$s",5689861491.131199,1.512078279838535e-07,
0,line,2,"baseline $t=1e+04\,$s",6687581552.876901,1.4530333817621549e-07,
0,line,2,"baseline $t=1e+04\,$s",7860252327.071659,1.3977379172008516e-07,
0,line,2,"baseline $t=1e+04\,$s",9238551508.752373,1.3451689531225555e-07,
0,line,2,"baseline $t=1e+04\,$s",10858536142.142939,1.291956502215035e-07,
0,line,2,"baseline $t=1e+04\,$s",12762585892.227968,1.2221802421334054e-07,
0,line,2,"baseline $t=1e+04\,$s",15000511719.469324,1.1505143291034918e-07,
0,line,2,"baseline $t=1e+04\,$s",17630858961.189373,1.0832180556345148e-07,
0,line,2,"baseline $t=1e+04\,$s",20722438908.927334,1.0171911060058604e-07,
0,line,2,"baseline $t=1e+04\,$s",24356128948.652027,9.564203824905669e-08,
0,line,2,"baseline $t=1e+04\,$s",28626988356.46236,9.017553176356532e-08,
0,line,2,"baseline $t=1e+04\,$s",33646745100.12341,8.530843775518908e-08,
0,line,2,"baseline $t=1e+04\,$s",39546718702.49716,8.04450659314125e-08,
0,line,2,"baseline $t=1e+04\,$s",46481255630.53951,7.469220019847241e-08,
0,line,2,"baseline $t=1e+04\,$s",54631767081.47816,6.879922731746906e-08,
0,line,2,"baseline $t=1e+04\,$s",64211474796.81882,6.349973770906607e-08,
0,line,2,"baseline $t=1e+04\,$s",75470989057.21391,5.896551950072836e-08,
0,line,2,"baseline $t=1e+04\,$s",88704864781.52556,5.4868193143361574e-08,
0,line,2,"baseline $t=1e+04\,$s",104259307241.13853,5.118098324799319e-08,
0,line,2,"baseline $t=1e+04\,$s",122541228975.14412,4.8027527023713974e-08,
0,line,2,"baseline $t=1e+04\,$s",144028894840.12958,4.496152490904006e-08,
0,line,2,"baseline $t=1e+04\,$s",169284433674.78238,4.1459139782531834e-08,
0,line,2,"baseline $t=1e+04\,$s",198968543891.1475,3.7669451670956165e-08,
0,line,2,"baseline $t=1e+04\,$s",233857777698.67584,3.4281081482784994e-08,
0,line,2,"baseline $t=1e+04\,$s",274864856125.61456,3.1488745354803374e-08,
0,line,2,"baseline $t=1e+04\,$s",323062546289.5716,2.9021833038026002e-08,
0,line,2,"baseline $t=1e+04\,$s",379711725559.43,2.6739420437763922e-08,
0,line,2,"baseline $t=1e+04\,$s",446294366782.1083,2.4643984236936212e-08,
0,line,2,"baseline $t=1e+04\,$s",524552307485.35004,2.2684128032466724e-08,
0,line,2,"baseline $t=1e+04\,$s",616532817279.6378,2.0684779739217394e-08,
0,line,2,"baseline $t=1e+04\,$s",724642155526.8506,1.8538411591334412e-08,
0,line,2,"baseline $t=1e+04\,$s",851708520372.9393,1.6617264390053538e-08,
0,line,2,"baseline $t=1e+04\,$s",1001056035925.0074,1.497998160022736e-08,
0,line,2,"baseline $t=1e+04\,$s",1176591713116.9387,1.3552181320895895e-08,
0,line,2,"baseline $t=1e+04\,$s",1382907659206.3625,1.2225084791750224e-08,
0,line,2,"baseline $t=1e+04\,$s",1625401209758.095,1.0858794284811967e-08,
0,line,2,"baseline $t=1e+04\,$s",1910416125831.0461,9.614155951329215e-09,
0,line,2,"baseline $t=1e+04\,$s",2245408550162.4854,8.470990756069998e-09,
0,line,2,"baseline $t=1e+04\,$s",2639142063852.4736,7.330084171383111e-09,
0,line,2,"baseline $t=1e+04\,$s",3101916946335.435,6.336588714703782e-09,
0,line,2,"baseline $t=1e+04\,$s",3645839636202.627,5.44633030425672e-09,
0,line,2,"baseline $t=1e+04\,$s",4285139442114.7456,4.655202318315463e-09,
0,line,2,"baseline $t=1e+04\,$s",5036540789131.663,3.97038010111323e-09,
0,line,2,"baseline $t=1e+04\,$s",5919700738622.483,3.3096861908120355e-09,
0,line,2,"baseline $t=1e+04\,$s",6957723227510.926,2.7347684252766886e-09,
0,line,2,"baseline $t=1e+04\,$s",8177763479629.893,2.2555709664435587e-09,
0,line,2,"baseline $t=1e+04\,$s",9611738400909.738,1.8206208682228322e-09,
0,line,2,"baseline $t=1e+04\,$s",11297161542718.53,1.4668283846498215e-09,
0,line,2,"baseline $t=1e+04\,$s",13278124476442.15,1.1734659452648563e-09,
0,line,2,"baseline $t=1e+04\,$s",15606450252588.45,9.256204494578088e-10,
0,line,2,"baseline $t=1e+04\,$s",18343049119522.934,7.279197734343815e-10,
0,line,2,"baseline $t=1e+04\,$s",21559511968163.637,5.580930519031112e-10,
0,line,2,"baseline $t=1e+04\,$s",25339983188001.18,4.2145506768960097e-10,
0,line,2,"baseline $t=1e+04\,$s",29783361929359.832,3.1935507817129136e-10,
0,line,2,"baseline $t=1e+04\,$s",35005889358098.59,2.459792807470666e-10,
0,line,2,"baseline $t=1e+04\,$s",41144189586718.34,1.8972547172363324e-10,
0,line,2,"baseline $t=1e+04\,$s",48358843834264.234,1.4561119029783468e-10,
0,line,2,"baseline $t=1e+04\,$s",56838591316953.945,1.1033979633577497e-10,
0,line,2,"baseline $t=1e+04\,$s",66805266767082.664,8.342331790838196e-11,
0,line,2,"baseline $t=1e+04\,$s",78519603748340.28,6.238179130672482e-11,
0,line,2,"baseline $t=1e+04\,$s",92288055585375.66,4.62259511951377e-11,
0,line,2,"baseline $t=1e+04\,$s",108470812346775.47,3.4282541018372835e-11,
0,line,2,"baseline $t=1e+04\,$s",127491223610023.19,2.5615374756891773e-11,
0,line,2,"baseline $t=1e+04\,$s",149846873513012.1,1.9138259499484264e-11,
0,line,2,"baseline $t=1e+04\,$s",176122597821387.12,1.4154899910895658e-11,
0,line,2,"baseline $t=1e+04\,$s",207005783545163.47,1.000681304234753e-11,
0,line,2,"baseline $t=1e+04\,$s",243304351350781.0,7.015430837644886e-12,
0,line,2,"baseline $t=1e+04\,$s",285967891198117.2,4.6990616547231045e-12,
0,line,2,"baseline $t=1e+04\,$s",336112504122033.94,2.9420477994047966e-12,
0,line,2,"baseline $t=1e+04\,$s",395050000032759.25,1.844471405194149e-12,
0,line,2,"baseline $t=1e+04\,$s",464322215365186.25,1.1466416637214582e-12,
0,line,2,"baseline $t=1e+04\,$s",545741348345162.06,7.070440808053519e-13,
0,line,2,"baseline $t=1e+04\,$s",641437367064924.9,4.325841511101123e-13,
0,line,2,"baseline $t=1e+04\,$s",753913730588281.0,2.435096686703759e-13,
0,line,2,"baseline $t=1e+04\,$s",886112880779532.5,1.3490890325376883e-13,
0,line,2,"baseline $t=1e+04\,$s",1041493218157350.1,7.14083649456697e-14,
0,line,2,"baseline $t=1e+04\,$s",1224119575503194.0,3.209350186154295e-14,
0,line,2,"baseline $t=1e+04\,$s",1438769556062274.0,1.4431933976766147e-14,
0,line,2,"baseline $t=1e+04\,$s",1691058518201297.8,6.267432637148622e-15,
0,line,2,"baseline $t=1e+04\,$s",1987586476188542.8,2.6144288022613487e-15,
0,line,2,"baseline $t=1e+04\,$s",2336110760099276.0,1.0857337058972332e-15,
0,line,2,"baseline $t=1e+04\,$s",2745748951722050.5,3.593347928462164e-16,
0,line,2,"baseline $t=1e+04\,$s",3227217405377798.0,1.0958842570558192e-16,
0,line,2,"baseline $t=1e+04\,$s",3793111593483984.5,3.189374842612288e-17,
0,line,2,"baseline $t=1e+04\,$s",4458235610853832.5,3.316085114731245e-18,
0,line,2,"baseline $t=1e+04\,$s",5239989457739420.0,3.4016124690203063e-19,
0,line,2,"baseline $t=1e+04\,$s",6158824233150310.0,3.5731889240341304e-20,
0,line,2,"baseline $t=1e+04\,$s",7238777146548561.0,3.900027630557631e-21,
0,line,2,"baseline $t=1e+04\,$s",8508100344112365.0,4.292780229446642e-22,
0,line,2,"baseline $t=1e+04\,$s",9999999999999992.0,2.7671809820648097e-23,
0,line,3,"decay $t=1e+04\,$s",4.136189762796504e-07,5.2057885699498036e-20,
0,line,3,"decay $t=1e+04\,$s",4.861472708956382e-07,8.509332515138694e-20,
0,line,3,"decay $t=1e+04\,$s",5.713934382920734e-07,1.3932597790968554e-19,
0,line,3,"decay $t=1e+04\,$s",6.715875638296561e-07,2.282131321495654e-19,
0,line,3,"decay $t=1e+04\,$s",7.893507794538307e-07,3.740690202257631e-19,
0,line,3,"decay $t=1e+04\,$s",9.277638339092464e-07,6.143658694503919e-19,
0,line,3,"decay $t=1e+04\,$s",1.090447686775643e-06,1.0093034834894969e-18,
0,line,3,"decay $t=1e+04\,$s",1.281658234708323e-06,1.6607301956694389e-18,
0,line,3,"decay $t=1e+04\,$s",1.5063976479722919e-06,2.7369675006581583e-18,
0,line,3,"decay $t=1e+04\,$s",1.770545229893428e-06,4.5124914468869266e-18,
0,line,3,"decay $t=1e+04\,$s",2.0810112225799443e-06,7.457561111946609e-18,
0,line,3,"decay $t=1e+04\,$s",2.4459175825541275e-06,1.2336360908840036e-17,
0,line,3,"decay $t=1e+04\,$s",2.8748104554816266e-06,2.0419326938767527e-17,
0,line,3,"decay $t=1e+04\,$s",3.378909908450926e-06,3.3879624012208005e-17,
0,line,3,"decay $t=1e+04\,$s",3.971403452933094e-06,5.62310702752151e-17,
0,line,3,"decay $t=1e+04\,$s",4.6677910371394276e-06,9.34024423877846e-17,
0,line,3,"decay $t=1e+04\,$s",5.486290532961935e-06,1.5529331020449454e-16,
0,line,3,"decay $t=1e+04\,$s",6.4483143252517195e-06,2.5824369319633867e-16,
0,line,3,"decay $t=1e+04\,$s",7.5790294712660705e-06,4.294586650327445e-16,
0,line,3,"decay $t=1e+04\,$s",8.90801608435509e-06,7.141393349927438e-16,
0,line,3,"decay $t=1e+04\,$s",1.0470041165557464e-05,1.1874872836573688e-15,
0,line,3,"decay $t=1e+04\,$s",1.2305968126954065e-05,1.9729421503321535e-15,
0,line,3,"decay $t=1e+04\,$s",1.446382580039706e-05,3.2773348437692467e-15,
0,line,3,"decay $t=1e+04\,$s",1.7000064897454984e-05,5.442886144131615e-15,
0,line,3,"decay $t=1e+04\,$s",1.998103479023846e-05,9.036036095651407e-15,
0,line,3,"decay $t=1e+04\,$s",2.348471924648282e-05,1.500045819232262e-14,
0,line,3,"decay $t=1e+04\,$s",2.7602776526647472e-05,2.4906030512501687e-14,
0,line,3,"decay $t=1e+04\,$s",3.244293721306242e-05,4.136315042405918e-14,
0,line,3,"decay $t=1e+04\,$s",3.8131822499616793e-05,6.870010344114624e-14,
0,line,3,"decay $t=1e+04\,$s",4.481825666995547e-05,1.1417982201746293e-13,
0,line,3,"decay $t=1e+04\,$s",5.267716042038626e-05,1.898142131030353e-13,
0,line,3,"decay $t=1e+04\,$s",6.191412687890872e-05,3.1559473961594147e-13,
0,line,3,"decay $t=1e+04\,$s",7.277080003146996e-05,5.251127636701677e-13,
0,line,3,"decay $t=1e+04\,$s",8.553119625796015e-05,8.73688995193304e-13,
0,line,3,"decay $t=1e+04\,$s",0.00010052913435270806,1.4539118685817892e-12,
0,line,3,"decay $t=1e+04\,$s",0.00011815696840279235,2.420111916402437e-12,
0,line,3,"decay $t=1e+04\,$s",0.00013887585198093757,4.026899208146633e-12,
0,line,3,"decay $t=1e+04\,$s",0.00016322780216977445,6.6992372276831486e-12,
0,line,3,"decay $t=1e+04\,$s",0.00019184987901879548,1.1136260713148874e-11,
0,line,3,"decay $t=1e+04\,$s",0.00022549085137618828,1.8476878232613558e-11,
0,line,3,"decay $t=1e+04\,$s",0.00026503078508262616,3.0256860227792555e-11,
0,line,3,"decay $t=1e+04\,$s",0.00031150406596464975,4.92859071358038e-11,
0,line,3,"decay $t=1e+04\,$s",0.0003661264599214663,7.862368555265119e-11,
0,line,3,"decay $t=1e+04\,$s",0.0004303269180115221,1.1869047440068475e-10,
0,line,3,"decay $t=1e+04\,$s",0.0005057849585769236,1.777339776590911e-10,
0,line,3,"decay $t=1e+04\,$s",0.0005944746043421126,2.5278278473606743e-10,
0,line,3,"decay $t=1e+04\,$s",0.0006987160239047786,3.4387510905978365e-10,
0,line,3,"decay $t=1e+04\,$s",0.0008212362285880728,4.641011824472878e-10,
0,line,3,"decay $t=1e+04\,$s",0.0009652404125162483,5.972775532052865e-10,
0,line,3,"decay $t=1e+04\,$s",0.001134495802208291,7.580710113595808e-10,
0,line,3,"decay $t=1e+04\,$s",0.001333430209239787,9.55310191892137e-10,
0,line,3,"decay $t=1e+04\,$s",0.0015672478641633712,1.1710293907241747e-09,
0,line,3,"decay $t=1e+04\,$s",0.0018420655619651898,1.4331145217368767e-09,
0,line,3,"decay $t=1e+04\,$s",0.002165072680695273,1.7401950371067752e-09,
0,line,3,"decay $t=1e+04\,$s",0.0025447192594449017,2.0921407222123414e-09,
0,line,3,"decay $t=1e+04\,$s",0.002990937055891487,2.512512744580681e-09,
0,line,3,"decay $t=1e+04\,$s",0.0035153993663946366,2.9969636196176378e-09,
0,line,3,"decay $t=1e+04\,$s",0.004131826405676178,3.5627191894973143e-09,
0,line,3,"decay $t=1e+04\,$s",0.004856344234979996,4.230819682326877e-09,
0,line,3,"decay $t=1e+04\,$s",0.005707906628464436,4.993663799321827e-09,
0,line,3,"decay $t=1e+04\,$s",0.006708790914077871,5.888656616764019e-09,
0,line,3,"decay $t=1e+04\,$s",0.007885180760380096,6.93000811875298e-09,
0,line,3,"decay $t=1e+04\,$s",0.009267851155324736,8.1194902314423e-09,
0,line,3,"decay $t=1e+04\,$s",0.010892973496413964,9.508508844261435e-09,
0,line,3,"decay $t=1e+04\,$s",0.012803061853815393,1.1098360618268564e-08,
0,line,3,"decay $t=1e+04\,$s",0.015048085161189995,1.2919053207506773e-08,
0,line,3,"decay $t=1e+04\,$s",0.017686774429738813,1.5028680585489776e-08,
0,line,3,"decay $t=1e+04\,$s",0.020788159182887442,1.740474196220776e-08,
0,line,3,"decay $t=1e+04\,$s",0.02443337330556136,2.0129981275521864e-08,
0,line,3,"decay $t=1e+04\,$s",0.028717777550036912,2.3254288841957453e-08,
0,line,3,"decay $t=1e+04\,$s",0.033753454224255186,2.6733102741236588e-08,
0,line,3,"decay $t=1e+04\,$s",0.039672139324981495,3.071982138034363e-08,
0,line,3,"decay $t=1e+04\,$s",0.04662866882198256,3.52091060070268e-08,
0,line,3,"decay $t=1e+04\,$s",0.054805029249859916,4.021980197958465e-08,
0,line,3,"decay $t=1e+04\,$s",0.06441511857318971,4.591923021479159e-08,
0,line,3,"decay $t=1e+04\,$s",0.07571034187174885,5.222415729141493e-08,
0,line,3,"decay $t=1e+04\,$s",0.08898618823194768,5.928220212542113e-08,
0,line,3,"decay $t=1e+04\,$s",0.10458996089946872,6.724329280587739e-08,
0,line,3,"decay $t=1e+04\,$s",0.12292986291804184,7.590956524143237e-08,
0,line,3,"decay $t=1e+04\,$s",0.14448567593952816,8.563686047413623e-08,
0,line,3,"decay $t=1e+04\,$s",0.16982131156870053,9.643430231416016e-08,
0,line,3,"decay $t=1e+04\,$s",0.1995995635926132,1.0817449935422715e-07,
0,line,3,"decay $t=1e+04\,$s",0.23459944702078525,1.2129586764245646e-07,
0,line,3,"decay $t=1e+04\,$s",0.2757365775347569,1.3558873362553547e-07,
0,line,3,"decay $t=1e+04\,$s",0.3240871244843334,1.5120172108086912e-07,
0,line,3,"decay $t=1e+04\,$s",0.38091596405371647,1.6852357224107118e-07,
0,line,3,"decay $t=1e+04\,$s",0.4477097690994067,1.8703875805057436e-07,
0,line,3,"decay $t=1e+04\,$s",0.5262159013077689,2.0735898136666757e-07,
0,line,3,"decay $t=1e+04\,$s",0.6184881231118851,2.296389005430566e-07,
0,line,3,"decay $t=1e+04\,$s",0.7269403252159283,2.531504236744754e-07,
0,line,3,"decay $t=1e+04\,$s",0.8544096752678368,2.7899023579408316e-07,
0,line,3,"decay $t=1e+04\,$s",1.0042308396833655,3.066754919284486e-07,
0,line,3,"decay $t=1e+04\,$s",1.1803232203041512,3.3600547173327577e-07,
0,line,3,"decay $t=1e+04\,$s",1.387293488047456,3.6799528542911775e-07,
0,line,3,"decay $t=1e+04\,$s",1.6305560958827374,4.0130378827189276e-07,
0,line,3,"decay $t=1e+04\,$s",1.9164749238190089,4.3676863523022635e-07,
0,line,3,"decay $t=1e+04\,$s",2.252529761411663,4.750452022079626e-07,
0,line,3,"decay $t=1e+04\,$s",2.6475119830602387,5.134678081507657e-07,
0,line,3,"decay $t=1e+04\,$s",3.111754535067633,5.546789016042033e-07,
0,line,3,"decay $t=1e+04\,$s",3.6574022510453377,5.976629560792312e-07,
0,line,3,"decay $t=1e+04\,$s",4.2987295672602635,6.40258597907836e-07,
0,line,3,"decay $t=1e+04\,$s",5.0525139495268885,6.856608327038873e-07,
0,line,3,"decay $t=1e+04\,$s",5.93847480069179,7.302564466752461e-07,
0,line,3,"decay $t=1e+04\,$s",6.97978933076548,7.745494330116538e-07,
0,line,3,"decay $t=1e+04\,$s",8.203698885140035,8.209757638212904e-07,
0,line,3,"decay $t=1e+04\,$s",9.642221592763594,8.624876278117439e-07,
0,line,3,"decay $t=1e+04\,$s",11.332989977528834,9.043914184245882e-07,
0,line,3,"decay $t=1e+04\,$s",13.32023544523802,9.461201538717869e-07,
0,line,3,"decay $t=1e+04\,$s",15.655945400850316,9.799141651587975e-07,
0,line,3,"decay $t=1e+04\,$s",18.40122326681789,1.0145619294580748e-06,
0,line,3,"decay $t=1e+04\,$s",21.62788698131826,1.044284023481604e-06,
0,line,3,"decay $t=1e+04\,$s",25.420347793952185,1.0679483883424566e-06,
0,line,3,"decay $t=1e+04\,$s",29.877818509208026,1.0909890433696123e-06,
0,line,3,"decay $t=1e+04\,$s",35.1169089465233,1.1057291983238837e-06,
0,line,3,"decay $t=1e+04\,$s",41.274676515567904,1.1173095736611448e-06,
0,line,3,"decay $t=1e+04\,$s",48.51221171143108,1.1263135072223429e-06,
0,line,3,"decay $t=1e+04\,$s",57.01885232818259,1.1275362206685878e-06,
0,line,3,"decay $t=1e+04\,$s",67.01713663689895,1.1272753233837239e-06,
0,line,3,"decay $t=1e+04\,$s",78.76862510592494,1.1227555620617813e-06,
0,line,3,"decay $t=1e+04\,$s",92.58074296271438,1.1144249409665664e-06,
0,line,3,"decay $t=1e+04\,$s",108.81482260229686,1.1041926771245536e-06,
0,line,3,"decay $t=1e+04\,$s",127.89555623611915,1.0906960306300502e-06,
0,line,3,"decay $t=1e+04\,$s",150.32210606756786,1.0756188147979385e-06,
0,line,3,"decay $t=1e+04\,$s",176.68116264236485,1.0588591702912655e-06,
0,line,3,"decay $t=1e+04\,$s",207.6622929872086,1.04072056785936e-06,
0,line,3,"decay $t=1e+04\,$s",244.07598005224483,1.0217935942916211e-06,
0,line,3,"decay $t=1e+04\,$s",286.8748253787863,1.0021201473916367e-06,
0,line,3,"decay $t=1e+04\,$s",337.178469665443,9.820766527315272e-07,
0,line,3,"decay $t=1e+04\,$s",396.302883168002,9.618724434430551e-07,
0,line,3,"decay $t=1e+04\,$s",465.7947921855921,9.416310777111177e-07,
0,line,3,"decay $t=1e+04\,$s",547.472142248439,9.214941109758575e-07,
0,line,3,"decay $t=1e+04\,$s",643.4716565458548,9.015771265436174e-07,
0,line,3,"decay $t=1e+04\,$s",756.3047337483902,8.819128378250891e-07,
0,line,3,"decay $t=1e+04\,$s",888.9231475410945,8.625762920777238e-07,
0,line,3,"decay $t=1e+04\,$s",1044.79626660284,8.435979252460879e-07,
0,line,3,"decay $t=1e+04\,$s",1228.001815147637,8.249640315339584e-07,
0,line,3,"decay $t=1e+04\,$s",1443.3325483724664,8.067142643226954e-07,
0,line,3,"decay $t=1e+04\,$s",1696.4216334980495,7.888431194341226e-07,
0,line,3,"decay $t=1e+04\,$s",1993.8900164382494,7.71344833632986e-07,
0,line,3,"decay $t=1e+04\,$s",2343.5196292883334,7.542281249579059e-07,
0,line,3,"decay $t=1e+04\,$s",2754.4569698335245,7.374770905093477e-07,
0,line,3,"decay $t=1e+04\,$s",3237.4523788257507,7.210918027586385e-07,
0,line,3,"decay $t=1e+04\,$s",3805.1412746513693,7.050699699460949e-07,
0,line,3,"decay $t=1e+04\,$s",4472.374702637946,6.89397533792761e-07,
0,line,3,"decay $t=1e+04\,$s",5256.607846348221,6.740722325266886e-07,
0,line,3,"decay $t=1e+04\,$s",6178.356664523548,6.590857566800431e-07,
0,line,3,"decay $t=1e+04\,$s",7261.734599544229,6.444352468794313e-07,
0,line,3,"decay $t=1e+04\,$s",8535.083397987082,6.301143629009551e-07,
0,line,3,"decay $t=1e+04\,$s",10031.714545883691,6.161150015824965e-07,
0,line,3,"decay $t=1e+04\,$s",11790.780715022454,6.024294552740767e-07,
0,line,3,"decay $t=1e+04\,$s",13858.300017796111,5.890518157384962e-07,
0,line,3,"decay $t=1e+04\,$s",16288.359865649785,5.75978777388308e-07,
0,line,3,"decay $t=1e+04\,$s",19144.53192470997,5.632054544567993e-07,
0,line,3,"decay $t=1e+04\,$s",22501.535184593857,5.507237910198409e-07,
0,line,3,"decay $t=1e+04\,$s",26447.19064716322,5.385290532403843e-07,
0,line,3,"decay $t=1e+04\,$s",31084.718770935444,5.266169612641936e-07,
0,line,3,"decay $t=1e+04\,$s",36535.43977351612,5.149814902999021e-07,
0,line,3,"decay $t=1e+04\,$s",42941.94743342294,5.036169959203464e-07,
0,line,3,"decay $t=1e+04\,$s",50471.839419639866,4.925215172409852e-07,
0,line,3,"decay $t=1e+04\,$s",59322.10173633708,4.816867589882667e-07,
0,line,3,"decay $t=1e+04\,$s",69724.26198215637,4.711154906180441e-07,
0,line,3,"decay $t=1e+04\,$s",81950.4462361039,4.608038622951018e-07,
0,line,3,"decay $t=1e+04\,$s",96320.49802140985,4.5073456231378245e-07,
0,line,3,"decay $t=1e+04\,$s",113210.34558326888,4.409182812638247e-07,
0,line,3,"decay $t=1e+04\,$s",133061.8363729217,4.313481197724645e-07,
0,line,3,"decay $t=1e+04\,$s",156394.2960134453,4.2201887876266245e-07,
0,line,3,"decay $t=1e+04\,$s",183818.1141359825,4.129409174764259e-07,
0,line,3,"decay $t=1e+04\,$s",216050.71249915805,4.040928273366327e-07,
0,line,3,"decay $t=1e+04\,$s",253935.31312623026,3.954767162547187e-07,
0,line,3,"decay $t=1e+04\,$s",298462.9974444907,3.871061666586917e-07,
0,line,3,"decay $t=1e+04\,$s",350798.6335058071,3.789592550703417e-07,
0,line,3,"decay $t=1e+04\,$s",412311.3495582535,3.710564350668451e-07,
0,line,3,"decay $t=1e+04\,$s",484610.35117383633,3.633948961475477e-07,
0,line,3,"decay $t=1e+04\,$s",569587.0189274155,3.5592938397969654e-07,
0,line,3,"decay $t=1e+04\,$s",669464.3879248217,3.4871471973895326e-07,
0,line,3,"decay $t=1e+04\,$s",786855.3035908677,3.417323320444515e-07,
0,line,3,"decay $t=1e+04\,$s",924830.7751040731,3.349749557522061e-07,
0,line,3,"decay $t=1e+04\,$s",1087000.3146402042,3.2847372178494255e-07,
0,line,3,"decay $t=1e+04\,$s",1277606.364142627,3.2216628849322073e-07,
0,line,3,"decay $t=1e+04\,$s",1501635.2798738715,3.160854758410103e-07,
0,line,3,"decay $t=1e+04\,$s",1764947.778164129,3.1026289450116006e-07,
0,line,3,"decay $t=1e+04\,$s",2074432.2548869124,3.046457195366437e-07,
0,line,3,"decay $t=1e+04\,$s",2438184.9895816143,2.9929555429488537e-07,
0,line,3,"decay $t=1e+04\,$s",2865721.9484591815,2.9418096899797096e-07,
0,line,3,"decay $t=1e+04\,$s",3368227.727170901,2.8921232451926957e-07,
0,line,3,"decay $t=1e+04\,$s",3958848.145816352,2.8452016654908416e-07,
0,line,3,"decay $t=1e+04\,$s",4653034.150632524,2.8005482907691304e-07,
0,line,3,"decay $t=1e+04\,$s",5468946.019016334,2.7583625432243593e-07,
0,line,3,"decay $t=1e+04\,$s",6427928.442100255,2.719033380389616e-07,
0,line,3,"decay $t=1e+04\,$s",7555068.913295548,2.680521975346641e-07,
0,line,3,"decay $t=1e+04\,$s",8879854.030545786,2.644304997479447e-07,
0,line,3,"decay $t=1e+04\,$s",10436940.881510252,2.6107659991549254e-07,
0,line,3,"decay $t=1e+04\,$s",12267063.691523654,2.5791587944460156e-07,
0,line,3,"decay $t=1e+04\,$s",14418099.452732118,2.550613795012976e-07,
0,line,3,"decay $t=1e+04\,$s",16946320.411828764,2.5234269309534263e-07,
0,line,3,"decay $t=1e+04\,$s",19917866.182144478,2.496404070908372e-07,
0,line,3,"decay $t=1e+04\,$s",23410473.991326828,2.472197385113236e-07,
0,line,3,"decay $t=1e+04\,$s",27515512.328820772,2.4498067821131956e-07,
0,line,3,"decay $t=1e+04\,$s",32340371.19444807,2.4300542723572666e-07,
0,line,3,"decay $t=1e+04\,$s",38011271.47827708,2.4129757711110285e-07,
0,line,3,"decay $t=1e+04\,$s",44676566.96665627,2.392901452134992e-07,
0,line,3,"decay $t=1e+04\,$s",52510625.356660485,2.3749902417865765e-07,
0,line,3,"decay $t=1e+04\,$s",61718389.808363676,2.358964916043431e-07,
0,line,3,"decay $t=1e+04\,$s",72540740.36758682,2.3442065732414985e-07,
0,line,3,"decay $t=1e+04\,$s",85260795.51680958,2.3321834248744868e-07,
0,line,3,"decay $t=1e+04\,$s",100211318.70618989,2.3179063445219022e-07,
0,line,3,"decay $t=1e+04\,$s",117783423.62350766,2.301856295372645e-07,
0,line,3,"decay $t=1e+04\,$s",138436805.93754652,2.287819203939546e-07,
0,line,3,"decay $t=1e+04\,$s",162711769.1828178,2.2728244026141538e-07,
0,line,3,"decay $t=1e+04\,$s",191243359.38916388,2.2596728993967963e-07,
0,line,3,"decay $t=1e+04\,$s",224777978.2257796,2.247245159464222e-07,
0,line,3,"decay $t=1e+04\,$s",264192909.26831022,2.2275770144475656e-07,
0,line,3,"decay $t=1e+04\,$s",310519268.20671827,2.2098502833461935e-07,
0,line,3,"decay $t=1e+04\,$s",364968977.38352764,2.190147973170977e-07,
0,line,3,"decay $t=1e+04\,$s",428966470.33093244,2.1680976011619182e-07,
0,line,3,"decay $t=1e+04\,$s",504185955.7142798,2.147685777945577e-07,
0,line,3,"decay $t=1e+04\,$s",592595215.5267816,2.1219117927613013e-07,
0,line,3,"decay $t=1e+04\,$s",696507083.3195499,2.0949092128050765e-07,
0,line,3,"decay $t=1e+04\,$s",818639949.165067,2.0676184863666013e-07,
0,line,3,"decay $t=1e+04\,$s",962188874.1962961,2.0298598972830813e-07,
0,line,3,"decay $t=1e+04\,$s",1130909175.1158357,1.9937336694387123e-07,
0,line,3,"decay $t=1e+04\,$s",1329214665.2906115,1.9574603783715274e-07,
0,line,3,"decay $t=1e+04\,$s",1562293122.4717166,1.91851528865603e-07,
0,line,3,"decay $t=1e+04\,$s",1836242003.836749,1.880776592207123e-07,
0,line,3,"decay $t=1e+04\,$s",2158227958.732784,1.8336501023118092e-07,
0,line,3,"decay $t=1e+04\,$s",2536674312.058723,1.7823749985299767e-07,
0,line,3,"decay $t=1e+04\,$s",2981481422.9525,1.7338031307647755e-07,
0,line,3,"decay $t=1e+04\,$s",3504285683.48479,1.6807881272447317e-07,
0,line,3,"decay $t=1e+04\,$s",4118763932.9027276,1.629287621682795e-07,
0,line,3,"decay $t=1e+04\,$s",4840991251.0645485,1.5761993399264818e-07,
0,line,3,"decay $t=1e+04\,$s",5689861491.131199,1.512078279838535e-07,
0,line,3,"decay $t=1e+04\,$s",6687581552.876901,1.4530333817621549e-07,
0,line,3,"decay $t=1e+04\,$s",7860252327.071659,1.3977379172008516e-07,
0,line,3,"decay $t=1e+04\,$s",9238551508.752373,1.3451689531225555e-07,
0,line,3,"decay $t=1e+04\,$s",10858536142.142939,1.291956502215035e-07,
0,line,3,"decay $t=1e+04\,$s",12762585892.227968,1.2221802421334054e-07,
0,line,3,"decay $t=1e+04\,$s",15000511719.469324,1.1505143291034918e-07,
0,line,3,"decay $t=1e+04\,$s",17630858961.189373,1.0832180556345148e-07,
0,line,3,"decay $t=1e+04\,$s",20722438908.927334,1.0171911060058604e-07,
0,line,3,"decay $t=1e+04\,$s",24356128948.652027,9.564203824905669e-08,
0,line,3,"decay $t=1e+04\,$s",28626988356.46236,9.017553176356532e-08,
0,line,3,"decay $t=1e+04\,$s",33646745100.12341,8.530843775518908e-08,
0,line,3,"decay $t=1e+04\,$s",39546718702.49716,8.04450659314125e-08,
0,line,3,"decay $t=1e+04\,$s",46481255630.53951,7.469220019847241e-08,
0,line,3,"decay $t=1e+04\,$s",54631767081.47816,6.879922731746906e-08,
0,line,3,"decay $t=1e+04\,$s",64211474796.81882,6.349973770906607e-08,
0,line,3,"decay $t=1e+04\,$s",75470989057.21391,5.896551950072836e-08,
0,line,3,"decay $t=1e+04\,$s",88704864781.52556,5.4868193143361574e-08,
0,line,3,"decay $t=1e+04\,$s",104259307241.13853,5.118098324799319e-08,
0,line,3,"decay $t=1e+04\,$s",122541228975.14412,4.8027527023713974e-08,
0,line,3,"decay $t=1e+04\,$s",144028894840.12958,4.496152490904006e-08,
0,line,3,"decay $t=1e+04\,$s",169284433674.78238,4.1459139782531834e-08,
0,line,3,"decay $t=1e+04\,$s",198968543891.1475,3.7669451670956165e-08,
0,line,3,"decay $t=1e+04\,$s",233857777698.67584,3.4281081482784994e-08,
0,line,3,"decay $t=1e+04\,$s",274864856125.61456,3.1488745354803374e-08,
0,line,3,"decay $t=1e+04\,$s",323062546289.5716,2.9021833038026002e-08,
0,line,3,"decay $t=1e+04\,$s",379711725559.43,2.6739420437763922e-08,
0,line,3,"decay $t=1e+04\,$s",446294366782.1083,2.4643984236936212e-08,
0,line,3,"decay $t=1e+04\,$s",524552307485.35004,2.2684128032466724e-08,
0,line,3,"decay $t=1e+04\,$s",616532817279.6378,2.0684779739217394e-08,
0,line,3,"decay $t=1e+04\,$s",724642155526.8506,1.8538411591334412e-08,
0,line,3,"decay $t=1e+04\,$s",851708520372.9393,1.6617264390053538e-08,
0,line,3,"decay $t=1e+04\,$s",1001056035925.0074,1.497998160022736e-08,
0,line,3,"decay $t=1e+04\,$s",1176591713116.9387,1.3552181320895895e-08,
0,line,3,"decay $t=1e+04\,$s",1382907659206.3625,1.2225084791750224e-08,
0,line,3,"decay $t=1e+04\,$s",1625401209758.095,1.0858794284811967e-08,
0,line,3,"decay $t=1e+04\,$s",1910416125831.0461,9.614155951329215e-09,
0,line,3,"decay $t=1e+04\,$s",2245408550162.4854,8.470990756069998e-09,
0,line,3,"decay $t=1e+04\,$s",2639142063852.4736,7.330084171383111e-09,
0,line,3,"decay $t=1e+04\,$s",3101916946335.435,6.336588714703782e-09,
0,line,3,"decay $t=1e+04\,$s",3645839636202.627,5.44633030425672e-09,
0,line,3,"decay $t=1e+04\,$s",4285139442114.7456,4.655202318315463e-09,
0,line,3,"decay $t=1e+04\,$s",5036540789131.663,3.97038010111323e-09,
0,line,3,"decay $t=1e+04\,$s",5919700738622.483,3.3096861908120355e-09,
0,line,3,"decay $t=1e+04\,$s",6957723227510.926,2.7347684252766886e-09,
0,line,3,"decay $t=1e+04\,$s",8177763479629.893,2.2555709664435587e-09,
0,line,3,"decay $t=1e+04\,$s",9611738400909.738,1.8206208682228322e-09,
0,line,3,"decay $t=1e+04\,$s",11297161542718.53,1.4668283846498215e-09,
0,line,3,"decay $t=1e+04\,$s",13278124476442.15,1.1734659452648563e-09,
0,line,3,"decay $t=1e+04\,$s",15606450252588.45,9.256204494578088e-10,
0,line,3,"decay $t=1e+04\,$s",18343049119522.934,7.279197734343815e-10,
0,line,3,"decay $t=1e+04\,$s",21559511968163.637,5.580930519031112e-10,
0,line,3,"decay $t=1e+04\,$s",25339983188001.18,4.2145506768960097e-10,
0,line,3,"decay $t=1e+04\,$s",29783361929359.832,3.1935507817129136e-10,
0,line,3,"decay $t=1e+04\,$s",35005889358098.59,2.459792807470666e-10,
0,line,3,"decay $t=1e+04\,$s",41144189586718.34,1.8972547172363324e-10,
0,line,3,"decay $t=1e+04\,$s",48358843834264.234,1.4561119029783468e-10,
0,line,3,"decay $t=1e+04\,$s",56838591316953.945,1.1033979633577497e-10,
0,line,3,"decay $t=1e+04\,$s",66805266767082.664,8.342331790838196e-11,
0,line,3,"decay $t=1e+04\,$s",78519603748340.28,6.238179130672482e-11,
0,line,3,"decay $t=1e+04\,$s",92288055585375.66,4.62259511951377e-11,
0,line,3,"decay $t=1e+04\,$s",108470812346775.47,3.4282541018372835e-11,
0,line,3,"decay $t=1e+04\,$s",127491223610023.19,2.5615374756891773e-11,
0,line,3,"decay $t=1e+04\,$s",149846873513012.1,1.9138259499484264e-11,
0,line,3,"decay $t=1e+04\,$s",176122597821387.12,1.4154899910895658e-11,
0,line,3,"decay $t=1e+04\,$s",207005783545163.47,1.000681304234753e-11,
0,line,3,"decay $t=1e+04\,$s",243304351350781.0,7.015430837644886e-12,
0,line,3,"decay $t=1e+04\,$s",285967891198117.2,4.6990616547231045e-12,
0,line,3,"decay $t=1e+04\,$s",336112504122033.94,2.9420477994047966e-12,
0,line,3,"decay $t=1e+04\,$s",395050000032759.25,1.844471405194149e-12,
0,line,3,"decay $t=1e+04\,$s",464322215365186.25,1.1466416637214582e-12,
0,line,3,"decay $t=1e+04\,$s",545741348345162.06,7.070440808053519e-13,
0,line,3,"decay $t=1e+04\,$s",641437367064924.9,4.325841511101123e-13,
0,line,3,"decay $t=1e+04\,$s",753913730588281.0,2.435096686703759e-13,
0,line,3,"decay $t=1e+04\,$s",886112880779532.5,1.3490890325376883e-13,
0,line,3,"decay $t=1e+04\,$s",1041493218157350.1,7.14083649456697e-14,
0,line,3,"decay $t=1e+04\,$s",1224119575503194.0,3.209350186154295e-14,
0,line,3,"decay $t=1e+04\,$s",1438769556062274.0,1.4431933976766147e-14,
0,line,3,"decay $t=1e+04\,$s",1691058518201297.8,6.267432637148622e-15,
0,line,3,"decay $t=1e+04\,$s",1987586476188542.8,2.6144288022613487e-15,
0,line,3,"decay $t=1e+04\,$s",2336110760099276.0,1.0857337058972332e-15,
0,line,3,"decay $t=1e+04\,$s",2745748951722050.5,3.593347928462164e-16,
0,line,3,"decay $t=1e+04\,$s",3227217405377798.0,1.0958842570558192e-16,
0,line,3,"decay $t=1e+04\,$s",3793111593483984.5,3.189374842612288e-17,
0,line,3,"decay $t=1e+04\,$s",4458235610853832.5,3.316085114731245e-18,
0,line,3,"decay $t=1e+04\,$s",5239989457739420.0,3.4016124690203063e-19,
0,line,3,"decay $t=1e+04\,$s",6158824233150310.0,3.5731889240341304e-20,
0,line,3,"decay $t=1e+04\,$s",7238777146548561.0,3.900027630557631e-21,
0,line,3,"decay $t=1e+04\,$s",8508100344112365.0,4.292780229446642e-22,
0,line,3,"decay $t=1e+04\,$s",9999999999999992.0,2.7671809820648097e-23,
0,line,4,"baseline $t=1e+06\,$s",4.136189762796504e-07,1.1342827893547355e-18,
0,line,4,"baseline $t=1e+06\,$s",4.861472708956382e-07,1.8816612817598607e-18,
0,line,4,"baseline $t=1e+06\,$s",5.713934382920734e-07,3.12101444541441e-18,
0,line,4,"baseline $t=1e+06\,$s",6.715875638296561e-07,5.176129341998899e-18,
0,line,4,"baseline $t=1e+06\,$s",7.893507794538307e-07,8.584489276169567e-18,
0,line,4,"baseline $t=1e+06\,$s",9.277638339092464e-07,1.4242965986385097e-17,
0,line,4,"baseline $t=1e+06\,$s",1.090447686775643e-06,2.363245314216854e-17,
0,line,4,"baseline $t=1e+06\,$s",1.281658234708323e-06,3.9215685410112945e-17,
0,line,4,"baseline $t=1e+06\,$s",1.5063976479722919e-06,6.510467821324619e-17,
0,line,4,"baseline $t=1e+06\,$s",1.770545229893428e-06,1.0808479041686818e-16,
0,line,4,"baseline $t=1e+06\,$s",2.0810112225799443e-06,1.794819393551786e-16,
0,line,4,"baseline $t=1e+06\,$s",2.4459175825541275e-06,2.981243494872801e-16,
0,line,4,"baseline $t=1e+06\,$s",2.8748104554816266e-06,4.951925999938116e-16,
0,line,4,"baseline $t=1e+06\,$s",3.378909908450926e-06,8.228046189929317e-16,
0,line,4,"baseline $t=1e+06\,$s",3.971403452933094e-06,1.3673124693216799e-15,
0,line,4,"baseline $t=1e+06\,$s",4.6677910371394276e-06,2.272191186569813e-15,
0,line,4,"baseline $t=1e+06\,$s",5.486290532961935e-06,3.777225831202047e-15,
0,line,4,"baseline $t=1e+06\,$s",6.4483143252517195e-06,6.2791530464421235e-15,
0,line,4,"baseline $t=1e+06\,$s",7.5790294712660705e-06,1.0439162297447049e-14,
0,line,4,"baseline $t=1e+06\,$s",8.90801608435509e-06,1.735824618745037e-14,
0,line,4,"baseline $t=1e+06\,$s",1.0470041165557464e-05,2.886330411140093e-14,
0,line,4,"baseline $t=1e+06\,$s",1.2305968126954065e-05,4.799779889019828e-14,
0,line,4,"baseline $t=1e+06\,$s",1.446382580039706e-05,7.98213467598063e-14,
0,line,4,"baseline $t=1e+06\,$s",1.7000064897454984e-05,1.3274457818950925e-13,
0,line,4,"baseline $t=1e+06\,$s",1.998103479023846e-05,2.2027721934821042e-13,
0,line,4,"baseline $t=1e+06\,$s",2.348471924648282e-05,3.654469751354134e-13,
0,line,4,"baseline $t=1e+06\,$s",2.7602776526647472e-05,6.015246193683164e-13,
0,line,4,"baseline $t=1e+06\,$s",3.244293721306242e-05,9.580171222323873e-13,
0,line,4,"baseline $t=1e+06\,$s",3.8131822499616793e-05,1.525785386384717e-12,
0,line,4,"baseline $t=1e+06\,$s",4.481825666995547e-05,2.314532700225385e-12,
0,line,4,"baseline $t=1e+06\,$s",5.267716042038626e-05,3.3312084262258908e-12,
0,line,4,"baseline $t=1e+06\,$s",6.191412687890872e-05,4.7944714722567556e-12,
0,line,4,"baseline $t=1e+06\,$s",7.277080003146996e-05,6.437378535896511e-12,
0,line,4,"baseline $t=1e+06\,$s",8.553119625796015e-05,8.464547178146016e-12,
0,line,4,"baseline $t=1e+06\,$s",0.00010052913435270806,1.1096407508176801e-11,
0,line,4,"baseline $t=1e+06\,$s",0.00011815696840279235,1.3833611610698151e-11,
0,line,4,"baseline $t=1e+06\,$s",0.00013887585198093757,1.7246018537014824e-11,
0,line,4,"baseline $t=1e+06\,$s",0.00016322780216977445,2.1286579930125625e-11,
0,line,4,"baseline $t=1e+06\,$s",0.00019184987901879548,2.578066000304604e-11,
0,line,4,"baseline $t=1e+06\,$s",0.00022549085137618828,3.122354749673232e-11,
0,line,4,"baseline $t=1e+06\,$s",0.00026503078508262616,3.7398238509506634e-11,
0,line,4,"baseline $t=1e+06\,$s",0.00031150406596464975,4.4507303582291095e-11,
0,line,4,"baseline $t=1e+06\,$s",0.0003661264599214663,5.2967749363986274e-11,
0,line,4,"baseline $t=1e+06\,$s",0.0004303269180115221,6.226683678618409e-11,
0,line,4,"baseline $t=1e+06\,$s",0.0005057849585769236,7.312230768401728e-11,
0,line,4,"baseline $t=1e+06\,$s",0.0005944746043421126,8.564147255188773e-11,
0,line,4,"baseline $t=1e+06\,$s",0.0006987160239047786,9.930322495117222e-11,
0,line,4,"baseline $t=1e+06\,$s",0.0008212362285880728,1.1514442173989215e-10,
0,line,4,"baseline $t=1e+06\,$s",0.0009652404125162483,1.3259422014060557e-10,
0,line,4,"baseline $t=1e+06\,$s",0.001134495802208291,1.5163167950679075e-10,
0,line,4,"baseline $t=1e+06\,$s",0.001333430209239787,1.7340271481133307e-10,
0,line,4,"baseline $t=1e+06\,$s",0.0015672478641633712,1.9582702828827632e-10,
0,line,4,"baseline $t=1e+06\,$s",0.0018420655619651898,2.204002512989167e-10,
0,line,4,"baseline $t=1e+06\,$s",0.002165072680695273,2.477149683040617e-10,
0,line,4,"baseline $t=1e+06\,$s",0.0025447192594449017,2.7368939084199163e-10,
0,line,4,"baseline $t=1e+06\,$s",0.002990937055891487,3.0238860546708394e-10,
0,line,4,"baseline $t=1e+06\,$s",0.0035153993663946366,3.3157221443214497e-10,
0,line,4,"baseline $t=1e+06\,$s",0.004131826405676178,3.5875643121494554e-10,
0,line,4,"baseline $t=1e+06\,$s",0.004856344234979996,3.8817168343296384e-10,
0,line,4,"baseline $t=1e+06\,$s",0.005707906628464436,4.1394194172105005e-10,
0,line,4,"baseline $t=1e+06\,$s",0.006708790914077871,4.379915233501255e-10,
0,line,4,"baseline $t=1e+06\,$s",0.007885180760380096,4.634417594730139e-10,
0,line,4,"baseline $t=1e+06\,$s",0.009267851155324736,4.805280992964769e-10,
0,line,4,"baseline $t=1e+06\,$s",0.010892973496413964,4.975784780757417e-10,
0,line,4,"baseline $t=1e+06\,$s",0.012803061853815393,5.13136641597238e-10,
0,line,4,"baseline $t=1e+06\,$s",0.015048085161189995,5.21789616865849e-10,
0,line,4,"baseline $t=1e+06\,$s",0.017686774429738813,5.305905063396031e-10,
0,line,4,"baseline $t=1e+06\,$s",0.020788159182887442,5.360366608691671e-10,
0,line,4,"baseline $t=1e+06\,$s",0.02443337330556136,5.381868519439598e-10,
0,line,4,"baseline $t=1e+06\,$s",0.028717777550036912,5.403462873635609e-10,
0,line,4,"baseline $t=1e+06\,$s",0.033753454224255186,5.393426686824286e-10,
0,line,4,"baseline $t=1e+06\,$s",0.039672139324981495,5.37550208339136e-10,
0,line,4,"baseline $t=1e+06\,$s",0.04662866882198256,5.355672625205917e-10,
0,line,4,"baseline $t=1e+06\,$s",0.054805029249859916,5.315754251095134e-10,
0,line,4,"baseline $t=1e+06\,$s",0.06441511857318971,5.276133577768268e-10,
0,line,4,"baseline $t=1e+06\,$s",0.07571034187174885,5.231373869521518e-10,
0,line,4,"baseline $t=1e+06\,$s",0.08898618823194768,5.178128144065073e-10,
0,line,4,"baseline $t=1e+06\,$s",0.10458996089946872,5.125424576051273e-10,
0,line,4,"baseline $t=1e+06\,$s",0.12292986291804184,5.065782900949874e-10,
0,line,4,"baseline $t=1e+06\,$s",0.14448567593952816,5.003145015561591e-10,
0,line,4,"baseline $t=1e+06\,$s",0.16982131156870053,4.941275752667404e-10,
0,line,4,"baseline $t=1e+06\,$s",0.1995995635926132,4.871520460721436e-10,
0,line,4,"baseline $t=1e+06\,$s",0.23459944702078525,4.802342343553318e-10,
0,line,4,"baseline $t=1e+06\,$s",0.2757365775347569,4.732283259829073e-10,
0,line,4,"baseline $t=1e+06\,$s",0.3240871244843334,4.657534770105889e-10,
0,line,4,"baseline $t=1e+06\,$s",0.38091596405371647,4.5839685186266016e-10,
0,line,4,"baseline $t=1e+06\,$s",0.4477097690994067,4.5082787620229816e-10,
0,line,4,"baseline $t=1e+06\,$s",0.5262159013077689,4.430993589924094e-10,
0,line,4,"baseline $t=1e+06\,$s",0.6184881231118851,4.3550365232158555e-10,
0,line,4,"baseline $t=1e+06\,$s",0.7269403252159283,4.276355725319981e-10,
0,line,4,"baseline $t=1e+06\,$s",0.8544096752678368,4.198230840765436e-10,
0,line,4,"baseline $t=1e+06\,$s",1.0042308396833655,4.121101978449734e-10,
0,line,4,"baseline $t=1e+06\,$s",1.1803232203041512,4.04185062549395e-10,
0,line,4,"baseline $t=1e+06\,$s",1.387293488047456,3.9641332296904e-10,
0,line,4,"baseline $t=1e+06\,$s",1.6305560958827374,3.886713772506117e-10,
0,line,4,"baseline $t=1e+06\,$s",1.9164749238190089,3.809014907989961e-10,
0,line,4,"baseline $t=1e+06\,$s",2.252529761411663,3.7328883353801244e-10,
0,line,4,"baseline $t=1e+06\,$s",2.6475119830602387,3.65660585305747e-10,
0,line,4,"baseline $t=1e+06\,$s",3.111754535067633,3.581141806512488e-10,
0,line,4,"baseline $t=1e+06\,$s",3.6574022510453377,3.507263388129624e-10,
0,line,4,"baseline $t=1e+06\,$s",4.2987295672602635,3.4331822420548854e-10,
0,line,4,"baseline $t=1e+06\,$s",5.0525139495268885,3.3606617756982386e-10,
0,line,4,"baseline $t=1e+06\,$s",5.93847480069179,3.289352710662142e-10,
0,line,4,"baseline $t=1e+06\,$s",6.97978933076548,3.2185637642126576e-10,
0,line,4,"baseline $t=1e+06\,$s",8.203698885140035,3.149384072261843e-10,
0,line,4,"baseline $t=1e+06\,$s",9.642221592763594,3.0811641463543444e-10,
0,line,4,"baseline $t=1e+06\,$s",11.332989977528834,3.0140355702014636e-10,
0,line,4,"baseline $t=1e+06\,$s",13.32023544523802,2.948513978757491e-10,
0,line,4,"baseline $t=1e+06\,$s",15.655945400850316,2.883879887313913e-10,
0,line,4,"baseline $t=1e+06\,$s",18.40122326681789,2.8207122169315646e-10,
0,line,4,"baseline $t=1e+06\,$s",21.62788698131826,2.7590526947189026e-10,
0,line,4,"baseline $t=1e+06\,$s",25.420347793952185,2.69834663700781e-10,
0,line,4,"baseline $t=1e+06\,$s",29.877818509208026,2.6392585385584293e-10,
0,line,4,"baseline $t=1e+06\,$s",35.1169089465233,2.581562292546374e-10,
0,line,4,"baseline $t=1e+06\,$s",41.274676515567904,2.525157751376242e-10,
0,line,4,"baseline $t=1e+06\,$s",48.51221171143108,2.470387550029878e-10,
0,line,4,"baseline $t=1e+06\,$s",57.01885232818259,2.416896598759631e-10,
0,line,4,"baseline $t=1e+06\,$s",67.01713663689895,2.364903962842413e-10,
0,line,4,"baseline $t=1e+06\,$s",78.76862510592494,2.3145918603110383e-10,
0,line,4,"baseline $t=1e+06\,$s",92.58074296271438,2.26548943480758e-10,
0,line,4,"baseline $t=1e+06\,$s",108.81482260229686,2.218085552493707e-10,
0,line,4,"baseline $t=1e+06\,$s",127.89555623611915,2.1722801671235866e-10,
0,line,4,"baseline $t=1e+06\,$s",150.32210606756786,2.1278210210222272e-10,
0,line,4,"baseline $t=1e+06\,$s",176.68116264236485,2.085125665109708e-10,
0,line,4,"baseline $t=1e+06\,$s",207.6622929872086,2.0439167619337393e-10,
0,line,4,"baseline $t=1e+06\,$s",244.07598005224483,2.0042671115705424e-10,
0,line,4,"baseline $t=1e+06\,$s",286.8748253787863,1.9664767886325497e-10,
0,line,4,"baseline $t=1e+06\,$s",337.178469665443,1.9297513747477315e-10,
0,line,4,"baseline $t=1e+06\,$s",396.302883168002,1.8946971650331943e-10,
0,line,4,"baseline $t=1e+06\,$s",465.7947921855921,1.8614131191416176e-10,
0,line,4,"baseline $t=1e+06\,$s",547.472142248439,1.8294331882422683e-10,
0,line,4,"baseline $t=1e+06\,$s",643.4716565458548,1.7993469118211624e-10,
0,line,4,"baseline $t=1e+06\,$s",756.3047337483902,1.770432968944417e-10,
0,line,4,"baseline $t=1e+06\,$s",888.9231475410945,1.7422847828705573e-10,
0,line,4,"baseline $t=1e+06\,$s",1044.79626660284,1.7159078176586017e-10,
0,line,4,"baseline $t=1e+06\,$s",1228.001815147637,1.6908999561141625e-10,
0,line,4,"baseline $t=1e+06\,$s",1443.3325483724664,1.6675169405196646e-10,
0,line,4,"baseline $t=1e+06\,$s",1696.4216334980495,1.6459315181241594e-10,
0,line,4,"baseline $t=1e+06\,$s",1993.8900164382494,1.6232003331988437e-10,
0,line,4,"baseline $t=1e+06\,$s",2343.5196292883334,1.6019753653041367e-10,
0,line,4,"baseline $t=1e+06\,$s",2754.4569698335245,1.582240907830892e-10,
0,line,4,"baseline $t=1e+06\,$s",3237.4523788257507,1.5639102443513992e-10,
0,line,4,"baseline $t=1e+06\,$s",3805.1412746513693,1.547174716041425e-10,
0,line,4,"baseline $t=1e+06\,$s",4472.374702637946,1.5297213266413432e-10,
0,line,4,"baseline $t=1e+06\,$s",5256.607846348221,1.5119218881045594e-10,
0,line,4,"baseline $t=1e+06\,$s",6178.356664523548,1.495370841719998e-10,
0,line,4,"baseline $t=1e+06\,$s",7261.734599544229,1.480287266482354e-10,
0,line,4,"baseline $t=1e+06\,$s",8535.083397987082,1.4665239518657819e-10,
0,line,4,"baseline $t=1e+06\,$s",10031.714545883691,1.4533903484866237e-10,
0,line,4,"baseline $t=1e+06\,$s",11790.780715022454,1.4378314820157117e-10,
0,line,4,"baseline $t=1e+06\,$s",13858.300017796111,1.423255803928376e-10,
0,line,4,"baseline $t=1e+06\,$s",16288.359865649785,1.4097537832354003e-10,
0,line,4,"baseline $t=1e+06\,$s",19144.53192470997,1.3973589073048872e-10,
0,line,4,"baseline $t=1e+06\,$s",22501.535184593857,1.3859612760067272e-10,
0,line,4,"baseline $t=1e+06\,$s",26447.19064716322,1.372919221811032e-10,
0,line,4,"baseline $t=1e+06\,$s",31084.718770935444,1.3597438426174628e-10,
0,line,4,"baseline $t=1e+06\,$s",36535.43977351612,1.3473355779898837e-10,
0,line,4,"baseline $t=1e+06\,$s",42941.94743342294,1.33527317878752e-10,
0,line,4,"baseline $t=1e+06\,$s",50471.839419639866,1.3239604683877986e-10,
0,line,4,"baseline $t=1e+06\,$s",59322.10173633708,1.3126804839188463e-10,
0,line,4,"baseline $t=1e+06\,$s",69724.26198215637,1.3005072333708733e-10,
0,line,4,"baseline $t=1e+06\,$s",81950.4462361039,1.2889681627641381e-10,
0,line,4,"baseline $t=1e+06\,$s",96320.49802140985,1.2773530012164887e-10,
0,line,4,"baseline $t=1e+06\,$s",113210.34558326888,1.2658631290432005e-10,
0,line,4,"baseline $t=1e+06\,$s",133061.8363729217,1.2549463743247616e-10,
0,line,4,"baseline $t=1e+06\,$s",156394.2960134453,1.2432781477684408e-10,
0,line,4,"baseline $t=1e+06\,$s",183818.1141359825,1.2319649534846552e-10,
0,line,4,"baseline $t=1e+06\,$s",216050.71249915805,1.220924113766715e-10,
0,line,4,"baseline $t=1e+06\,$s",253935.31312623026,1.209274906480293e-10,
0,line,4,"baseline $t=1e+06\,$s",298462.9974444907,1.1980892511288197e-10,
0,line,4,"baseline $t=1e+06\,$s",350798.6335058071,1.1866831270062885e-10,
0,line,4,"baseline $t=1e+06\,$s",412311.3495582535,1.1749363259270621e-10,
0,line,4,"baseline $t=1e+06\,$s",484610.35117383633,1.1636066909534318e-10,
0,line,4,"baseline $t=1e+06\,$s",569587.0189274155,1.1520643513338918e-10,
0,line,4,"baseline $t=1e+06\,$s",669464.3879248217,1.1407136652785234e-10,
0,line,4,"baseline $t=1e+06\,$s",786855.3035908677,1.1296716786680069e-10,
0,line,4,"baseline $t=1e+06\,$s",924830.7751040731,1.117269077200551e-10,
0,line,4,"baseline $t=1e+06\,$s",1087000.3146402042,1.1052275369642162e-10,
0,line,4,"baseline $t=1e+06\,$s",1277606.364142627,1.0934453020492309e-10,
0,line,4,"baseline $t=1e+06\,$s",1501635.2798738715,1.0818237034280587e-10,
0,line,4,"baseline $t=1e+06\,$s",1764947.778164129,1.0705483579763428e-10,
0,line,4,"baseline $t=1e+06\,$s",2074432.2548869124,1.0582892303706413e-10,
0,line,4,"baseline $t=1e+06\,$s",2438184.9895816143,1.0455518774194488e-10,
0,line,4,"baseline $t=1e+06\,$s",2865721.9484591815,1.033142469704231e-10,
0,line,4,"baseline $t=1e+06\,$s",3368227.727170901,1.0208508793768697e-10,
0,line,4,"baseline $t=1e+06\,$s",3958848.145816352,1.008868685081579e-10,
0,line,4,"baseline $t=1e+06\,$s",4653034.150632524,9.967873012685664e-11,
0,line,4,"baseline $t=1e+06\,$s",5468946.019016334,9.832985501254644e-11,
0,line,4,"baseline $t=1e+06\,$s",6427928.442100255,9.701415204821272e-11,
0,line,4,"baseline $t=1e+06\,$s",7555068.913295548,9.570292460134092e-11,
0,line,4,"baseline $t=1e+06\,$s",8879854.030545786,9.439595586568315e-11,
0,line,4,"baseline $t=1e+06\,$s",10436940.881510252,9.312267770073043e-11,
0,line,4,"baseline $t=1e+06\,$s",12267063.691523654,9.171382260672556e-11,
0,line,4,"baseline $t=1e+06\,$s",14418099.452732118,9.029163325077092e-11,
0,line,4,"baseline $t=1e+06\,$s",16946320.411828764,8.88992362013083e-11,
0,line,4,"baseline $t=1e+06\,$s",19917866.182144478,8.744851026470938e-11,
0,line,4,"baseline $t=1e+06\,$s",23410473.991326828,8.603728796063828e-11,
0,line,4,"baseline $t=1e+06\,$s",27515512.328820772,8.456168043641374e-11,
0,line,4,"baseline $t=1e+06\,$s",32340371.19444807,8.293824803497653e-11,
0,line,4,"baseline $t=1e+06\,$s",38011271.47827708,8.136049214126042e-11,
0,line,4,"baseline $t=1e+06\,$s",44676566.96665627,7.976081570289228e-11,
0,line,4,"baseline $t=1e+06\,$s",52510625.356660485,7.817369596213426e-11,
0,line,4,"baseline $t=1e+06\,$s",61718389.808363676,7.663683978578127e-11,
0,line,4,"baseline $t=1e+06\,$s",72540740.36758682,7.47836274634476e-11,
0,line,4,"baseline $t=1e+06\,$s",85260795.51680958,7.296530190614479e-11,
0,line,4,"baseline $t=1e+06\,$s",100211318.70618989,7.116812832923718e-11,
0,line,4,"baseline $t=1e+06\,$s",117783423.62350766,6.928918959931344e-11,
0,line,4,"baseline $t=1e+06\,$s",138436805.93754652,6.748540510482867e-11,
0,line,4,"baseline $t=1e+06\,$s",162711769.1828178,6.546664663139611e-11,
0,line,4,"baseline $t=1e+06\,$s",191243359.38916388,6.32590582394538e-11,
0,line,4,"baseline $t=1e+06\,$s",224777978.2257796,6.115109072473787e-11,
0,line,4,"baseline $t=1e+06\,$s",264192909.26831022,5.88827432664061e-11,
0,line,4,"baseline $t=1e+06\,$s",310519268.20671827,5.666737820370619e-11,
0,line,4,"baseline $t=1e+06\,$s",364968977.38352764,5.454718734445046e-11,
0,line,4,"baseline $t=1e+06\,$s",428966470.33093244,5.230500137973901e-11,
0,line,4,"baseline $t=1e+06\,$s",504185955.7142798,5.0203158079575976e-11,
0,line,4,"baseline $t=1e+06\,$s",592595215.5267816,4.804202439481682e-11,
0,line,4,"baseline $t=1e+06\,$s",696507083.3195499,4.5714706449304655e-11,
0,line,4,"baseline $t=1e+06\,$s",818639949.165067,4.355144476659942e-11,
0,line,4,"baseline $t=1e+06\,$s",962188874.1962961,4.1297871013552683e-11,
0,line,4,"baseline $t=1e+06\,$s",1130909175.1158357,3.9098450927342165e-11,
0,line,4,"baseline $t=1e+06\,$s",1329214665.2906115,3.706952074902719e-11,
0,line,4,"baseline $t=1e+06\,$s",1562293122.4717166,3.529218081391673e-11,
0,line,4,"baseline $t=1e+06\,$s",1836242003.836749,3.367533183139637e-11,
0,line,4,"baseline $t=1e+06\,$s",2158227958.732784,3.208953101208244e-11,
0,line,4,"baseline $t=1e+06\,$s",2536674312.058723,3.030875903176549e-11,
0,line,4,"baseline $t=1e+06\,$s",2981481422.9525,2.8678267417868287e-11,
0,line,4,"baseline $t=1e+06\,$s",3504285683.48479,2.7184334118808172e-11,
0,line,4,"baseline $t=1e+06\,$s",4118763932.9027276,2.582039901865976e-11,
0,line,4,"baseline $t=1e+06\,$s",4840991251.0645485,2.456610473522933e-11,
0,line,4,"baseline $t=1e+06\,$s",5689861491.131199,2.3464868798208713e-11,
0,line,4,"baseline $t=1e+06\,$s",6687581552.876901,2.2462922588652865e-11,
0,line,4,"baseline $t=1e+06\,$s",7860252327.071659,2.1506615410567778e-11,
0,line,4,"baseline $t=1e+06\,$s",9238551508.752373,2.0376232680885854e-11,
0,line,4,"baseline $t=1e+06\,$s",10858536142.142939,1.9326138983618315e-11,
0,line,4,"baseline $t=1e+06\,$s",12762585892.227968,1.8373780807968362e-11,
0,line,4,"baseline $t=1e+06\,$s",15000511719.469324,1.752603663113656e-11,
0,line,4,"baseline $t=1e+06\,$s",17630858961.189373,1.6729185955835585e-11,
0,line,4,"baseline $t=1e+06\,$s",20722438908.927334,1.5999344784119518e-11,
0,line,4,"baseline $t=1e+06\,$s",24356128948.652027,1.5319437702588588e-11,
0,line,4,"baseline $t=1e+06\,$s",28626988356.46236,1.4673701351832104e-11,
0,line,4,"baseline $t=1e+06\,$s",33646745100.12341,1.3884785099845939e-11,
0,line,4,"baseline $t=1e+06\,$s",39546718702.49716,1.3134243501597263e-11,
0,line,4,"baseline $t=1e+06\,$s",46481255630.53951,1.2450431880628716e-11,
0,line,4,"baseline $t=1e+06\,$s",54631767081.47816,1.1873577665763887e-11,
0,line,4,"baseline $t=1e+06\,$s",64211474796.81882,1.1324509966741034e-11,
0,line,4,"baseline $t=1e+06\,$s",75470989057.21391,1.0792163872156914e-11,
0,line,4,"baseline $t=1e+06\,$s",88704864781.52556,1.0277616425800551e-11,
0,line,4,"baseline $t=1e+06\,$s",104259307241.13853,9.787878728666326e-12,
0,line,4,"baseline $t=1e+06\,$s",122541228975.14412,9.221099715725025e-12,
0,line,4,"baseline $t=1e+06\,$s",144028894840.12958,8.667233242445468e-12,
0,line,4,"baseline $t=1e+06\,$s",169284433674.78238,8.158693795910792e-12,
0,line,4,"baseline $t=1e+06\,$s",198968543891.1475,7.769252508803875e-12,
0,line,4,"baseline $t=1e+06\,$s",233857777698.67584,7.398418340943461e-12,
0,line,4,"baseline $t=1e+06\,$s",274864856125.61456,7.013560174542129e-12,
0,line,4,"baseline $t=1e+06\,$s",323062546289.5716,6.6040689683256565e-12,
0,line,4,"baseline $t=1e+06\,$s",379711725559.43,6.2184883657320434e-12,
0,line,4,"baseline $t=1e+06\,$s",446294366782.1083,5.808910591723381e-12,
0,line,4,"baseline $t=1e+06\,$s",524552307485.35004,5.406809236734818e-12,
0,line,4,"baseline $t=1e+06\,$s",616532817279.6378,5.0327561077556024e-12,
0,line,4,"baseline $t=1e+06\,$s",724642155526.8506,4.72582243573165e-12,
0,line,4,"baseline $t=1e+06\,$s",851708520372.9393,4.438697807667428e-12,
0,line,4,"baseline $t=1e+06\,$s",1001056035925.0074,4.149356129915617e-12,
0,line,4,"baseline $t=1e+06\,$s",1176591713116.9387,3.828521241854912e-12,
0,line,4,"baseline $t=1e+06\,$s",1382907659206.3625,3.5324946496565753e-12,
0,line,4,"baseline $t=1e+06\,$s",1625401209758.095,3.2265938428695017e-12,
0,line,4,"baseline $t=1e+06\,$s",1910416125831.0461,2.923237178800503e-12,
0,line,4,"baseline $t=1e+06\,$s",2245408550162.4854,2.648404168034449e-12,
0,line,4,"baseline $t=1e+06\,$s",2639142063852.4736,2.4077134287845848e-12,
0,line,4,"baseline $t=1e+06\,$s",3101916946335.435,2.1903177001796276e-12,
0,line,4,"baseline $t=1e+06\,$s",3645839636202.627,1.981251844250343e-12,
0,line,4,"baseline $t=1e+06\,$s",4285139442114.7456,1.7254270292840972e-12,
0,line,4,"baseline $t=1e+06\,$s",5036540789131.663,1.5026381013447764e-12,
0,line,4,"baseline $t=1e+06\,$s",5919700738622.483,1.2907780879986637e-12,
0,line,4,"baseline $t=1e+06\,$s",6957723227510.926,1.0878396733898462e-12,
0,line,4,"baseline $t=1e+06\,$s",8177763479629.893,9.168113916284984e-13,
0,line,4,"baseline $t=1e+06\,$s",9611738400909.738,7.584507765620856e-13,
0,line,4,"baseline $t=1e+06\,$s",11297161542718.53,6.226382202251208e-13,
0,line,4,"baseline $t=1e+06\,$s",13278124476442.15,5.10798157257152e-13,
0,line,4,"baseline $t=1e+06\,$s",15606450252588.45,3.941924111458765e-13,
0,line,4,"baseline $t=1e+06\,$s",18343049119522.934,3.0391854656037673e-13,
0,line,4,"baseline $t=1e+06\,$s",21559511968163.637,2.3190269856565326e-13,
0,line,4,"baseline $t=1e+06\,$s",25339983188001.18,1.7240511490912155e-13,
0,line,4,"baseline $t=1e+06\,$s",29783361929359.832,1.2817252346905508e-13,
0,line,4,"baseline $t=1e+06\,$s",35005889358098.59,9.473184902147454e-14,
0,line,4,"baseline $t=1e+06\,$s",41144189586718.34,6.971074191322673e-14,
0,line,4,"baseline $t=1e+06\,$s",48358843834264.234,5.1298387500745174e-14,
0,line,4,"baseline $t=1e+06\,$s",56838591316953.945,3.594914401747719e-14,
0,line,4,"baseline $t=1e+06\,$s",66805266767082.664,2.499403682694512e-14,
0,line,4,"baseline $t=1e+06\,$s",78519603748340.28,1.7340706858005426e-14,
0,line,4,"baseline $t=1e+06\,$s",92288055585375.66,1.1885957792414264e-14,
0,line,4,"baseline $t=1e+06\,$s",108470812346775.47,8.147080382980898e-15,
0,line,4,"baseline $t=1e+06\,$s",127491223610023.19,5.391144134371931e-15,
0,line,4,"baseline $t=1e+06\,$s",149846873513012.1,3.4091867798971446e-15,
0,line,4,"baseline $t=1e+06\,$s",176122597821387.12,2.1558665453539507e-15,
0,line,4,"baseline $t=1e+06\,$s",207005783545163.47,1.2738736308806629e-15,
0,line,4,"baseline $t=1e+06\,$s",243304351350781.0,7.33620991239724e-16,
0,line,4,"baseline $t=1e+06\,$s",285967891198117.2,4.216647641071542e-16,
0,line,4,"baseline $t=1e+06\,$s",336112504122033.94,2.2031670759442485e-16,
0,line,4,"baseline $t=1e+06\,$s",395050000032759.25,1.1504256314560325e-16,
0,line,4,"baseline $t=1e+06\,$s",464322215365186.25,5.774012884067675e-17,
0,line,4,"baseline $t=1e+06\,$s",545741348345162.06,2.644077154128032e-17,
0,line,4,"baseline $t=1e+06\,$s",641437367064924.9,1.2108121896910193e-17,
0,line,4,"baseline $t=1e+06\,$s",753913730588281.0,4.887809243008502e-18,
0,line,4,"baseline $t=1e+06\,$s",886112880779532.5,1.8077106361619142e-18,
0,line,4,"baseline $t=1e+06\,$s",1041493218157350.1,6.685799523594619e-19,
0,line,4,"baseline $t=1e+06\,$s",1224119575503194.0,2.043692617705892e-19,
0,line,4,"baseline $t=1e+06\,$s",1438769556062274.0,6.085114501163121e-20,
0,line,4,"baseline $t=1e+06\,$s",1691058518201297.8,1.6775666798627587e-20,
0,line,4,"baseline $t=1e+06\,$s",1987586476188542.8,3.147547157643111e-21,
0,line,4,"baseline $t=1e+06\,$s",2336110760099276.0,5.905996669742331e-22,
0,line,4,"baseline $t=1e+06\,$s",2745748951722050.5,8.326601122796729e-23,
0,line,4,"baseline $t=1e+06\,$s",3227217405377798.0,8.33819235850602e-24,
0,line,4,"baseline $t=1e+06\,$s",3793111593483984.5,8.351108230425593e-25,
0,line,4,"baseline $t=1e+06\,$s",4458235610853832.5,5.035474789271197e-26,
0,line,4,"baseline $t=1e+06\,$s",5239989457739420.0,2.5502833487007887e-27,
0,line,4,"baseline $t=1e+06\,$s",6158824233150310.0,1.2235613511890425e-28,
0,line,4,"baseline $t=1e+06\,$s",7238777146548561.0,1.2093515993182256e-30,
0,line,4,"baseline $t=1e+06\,$s",8508100344112365.0,1.1931702951947699e-32,
0,line,4,"baseline $t=1e+06\,$s",9999999999999992.0,2.681235202353563e-35,
0,line,5,"decay $t=1e+06\,$s",4.136189762796504e-07,1.1342827893547355e-18,
0,line,5,"decay $t=1e+06\,$s",4.861472708956382e-07,1.8816612817598607e-18,
0,line,5,"decay $t=1e+06\,$s",5.713934382920734e-07,3.12101444541441e-18,
0,line,5,"decay $t=1e+06\,$s",6.715875638296561e-07,5.176129341998899e-18,
0,line,5,"decay $t=1e+06\,$s",7.893507794538307e-07,8.584489276169567e-18,
0,line,5,"decay $t=1e+06\,$s",9.277638339092464e-07,1.4242965986385097e-17,
0,line,5,"decay $t=1e+06\,$s",1.090447686775643e-06,2.363245314216854e-17,
0,line,5,"decay $t=1e+06\,$s",1.281658234708323e-06,3.9215685410112945e-17,
0,line,5,"decay $t=1e+06\,$s",1.5063976479722919e-06,6.510467821324619e-17,
0,line,5,"decay $t=1e+06\,$s",1.770545229893428e-06,1.0808479041686818e-16,
0,line,5,"decay $t=1e+06\,$s",2.0810112225799443e-06,1.794819393551786e-16,
0,line,5,"decay $t=1e+06\,$s",2.4459175825541275e-06,2.981243494872801e-16,
0,line,5,"decay $t=1e+06\,$s",2.8748104554816266e-06,4.951925999938116e-16,
0,line,5,"decay $t=1e+06\,$s",3.378909908450926e-06,8.228046189929317e-16,
0,line,5,"decay $t=1e+06\,$s",3.971403452933094e-06,1.3673124693216799e-15,
0,line,5,"decay $t=1e+06\,$s",4.6677910371394276e-06,2.272191186569813e-15,
0,line,5,"decay $t=1e+06\,$s",5.486290532961935e-06,3.777225831202047e-15,
0,line,5,"decay $t=1e+06\,$s",6.4483143252517195e-06,6.2791530464421235e-15,
0,line,5,"decay $t=1e+06\,$s",7.5790294712660705e-06,1.0439162297447049e-14,
0,line,5,"decay $t=1e+06\,$s",8.90801608435509e-06,1.735824618745037e-14,
0,line,5,"decay $t=1e+06\,$s",1.0470041165557464e-05,2.886330411140093e-14,
0,line,5,"decay $t=1e+06\,$s",1.2305968126954065e-05,4.799779889019828e-14,
0,line,5,"decay $t=1e+06\,$s",1.446382580039706e-05,7.98213467598063e-14,
0,line,5,"decay $t=1e+06\,$s",1.7000064897454984e-05,1.3274457818950925e-13,
0,line,5,"decay $t=1e+06\,$s",1.998103479023846e-05,2.2027721934821042e-13,
0,line,5,"decay $t=1e+06\,$s",2.348471924648282e-05,3.654469751354134e-13,
0,line,5,"decay $t=1e+06\,$s",2.7602776526647472e-05,6.015246193683164e-13,
0,line,5,"decay $t=1e+06\,$s",3.244293721306242e-05,9.580171222323873e-13,
0,line,5,"decay $t=1e+06\,$s",3.8131822499616793e-05,1.525785386384717e-12,
0,line,5,"decay $t=1e+06\,$s",4.481825666995547e-05,2.314532700225385e-12,
0,line,5,"decay $t=1e+06\,$s",5.267716042038626e-05,3.3312084262258908e-12,
0,line,5,"decay $t=1e+06\,$s",6.191412687890872e-05,4.7944714722567556e-12,
0,line,5,"decay $t=1e+06\,$s",7.277080003146996e-05,6.437378535896511e-12,
0,line,5,"decay $t=1e+06\,$s",8.553119625796015e-05,8.464547178146016e-12,
0,line,5,"decay $t=1e+06\,$s",0.00010052913435270806,1.1096407508176801e-11,
0,line,5,"decay $t=1e+06\,$s",0.00011815696840279235,1.3833611610698151e-11,
0,line,5,"decay $t=1e+06\,$s",0.00013887585198093757,1.7246018537014824e-11,
0,line,5,"decay $t=1e+06\,$s",0.00016322780216977445,2.1286579930125625e-11,
0,line,5,"decay $t=1e+06\,$s",0.00019184987901879548,2.578066000304604e-11,
0,line,5,"decay $t=1e+06\,$s",0.00022549085137618828,3.122354749673232e-11,
0,line,5,"decay $t=1e+06\,$s",0.00026503078508262616,3.7398238509506634e-11,
0,line,5,"decay $t=1e+06\,$s",0.00031150406596464975,4.4507303582291095e-11,
0,line,5,"decay $t=1e+06\,$s",0.0003661264599214663,5.2967749363986274e-11,
0,line,5,"decay $t=1e+06\,$s",0.0004303269180115221,6.226683678618409e-11,
0,line,5,"decay $t=1e+06\,$s",0.0005057849585769236,7.312230768401728e-11,
0,line,5,"decay $t=1e+06\,$s",0.0005944746043421126,8.564147255188773e-11,
0,line,5,"decay $t=1e+06\,$s",0.0006987160239047786,9.930322495117222e-11,
0,line,5,"decay $t=1e+06\,$s",0.0008212362285880728,1.1514442173989215e-10,
0,line,5,"decay $t=1e+06\,$s",0.0009652404125162483,1.3259422014060557e-10,
0,line,5,"decay $t=1e+06\,$s",0.001134495802208291,1.5163167950679075e-10,
0,line,5,"decay $t=1e+06\,$s",0.001333430209239787,1.7340271481133307e-10,
0,line,5,"decay $t=1e+06\,$s",0.0015672478641633712,1.9582702828827632e-10,
0,line,5,"decay $t=1e+06\,$s",0.0018420655619651898,2.204002512989167e-10,
0,line,5,"decay $t=1e+06\,$s",0.002165072680695273,2.477149683040617e-10,
0,line,5,"decay $t=1e+06\,$s",0.0025447192594449017,2.7368939084199163e-10,
0,line,5,"decay $t=1e+06\,$s",0.002990937055891487,3.0238860546708394e-10,
0,line,5,"decay $t=1e+06\,$s",0.0035153993663946366,3.3157221443214497e-10,
0,line,5,"decay $t=1e+06\,$s",0.004131826405676178,3.5875643121494554e-10,
0,line,5,"decay $t=1e+06\,$s",0.004856344234979996,3.8817168343296384e-10,
0,line,5,"decay $t=1e+06\,$s",0.005707906628464436,4.1394194172105005e-10,
0,line,5,"decay $t=1e+06\,$s",0.006708790914077871,4.379915233501255e-10,
0,line,5,"decay $t=1e+06\,$s",0.007885180760380096,4.634417594730139e-10,
0,line,5,"decay $t=1e+06\,$s",0.009267851155324736,4.805280992964769e-10,
0,line,5,"decay $t=1e+06\,$s",0.010892973496413964,4.975784780757417e-10,
0,line,5,"decay $t=1e+06\,$s",0.012803061853815393,5.13136641597238e-10,
0,line,5,"decay $t=1e+06\,$s",0.015048085161189995,5.21789616865849e-10,
0,line,5,"decay $t=1e+06\,$s",0.017686774429738813,5.305905063396031e-10,
0,line,5,"decay $t=1e+06\,$s",0.020788159182887442,5.360366608691671e-10,
0,line,5,"decay $t=1e+06\,$s",0.02443337330556136,5.381868519439598e-10,
0,line,5,"decay $t=1e+06\,$s",0.028717777550036912,5.403462873635609e-10,
0,line,5,"decay $t=1e+06\,$s",0.033753454224255186,5.393426686824286e-10,
0,line,5,"decay $t=1e+06\,$s",0.039672139324981495,5.37550208339136e-10,
0,line,5,"decay $t=1e+06\,$s",0.04662866882198256,5.355672625205917e-10,
0,line,5,"decay $t=1e+06\,$s",0.054805029249859916,5.315754251095134e-10,
0,line,5,"decay $t=1e+06\,$s",0.06441511857318971,5.276133577768268e-10,
0,line,5,"decay $t=1e+06\,$s",0.07571034187174885,5.231373869521518e-10,
0,line,5,"decay $t=1e+06\,$s",0.08898618823194768,5.178128144065073e-10,
0,line,5,"decay $t=1e+06\,$s",0.10458996089946872,5.125424576051273e-10,
0,line,5,"decay $t=1e+06\,$s",0.12292986291804184,5.065782900949874e-10,
0,line,5,"decay $t=1e+06\,$s",0.14448567593952816,5.003145015561591e-10,
0,line,5,"decay $t=1e+06\,$s",0.16982131156870053,4.941275752667404e-10,
0,line,5,"decay $t=1e+06\,$s",0.1995995635926132,4.871520460721436e-10,
0,line,5,"decay $t=1e+06\,$s",0.23459944702078525,4.802342343553318e-10,
0,line,5,"decay $t=1e+06\,$s",0.2757365775347569,4.732283259829073e-10,
0,line,5,"decay $t=1e+06\,$s",0.3240871244843334,4.657534770105889e-10,
0,line,5,"decay $t=1e+06\,$s",0.38091596405371647,4.5839685186266016e-10,
0,line,5,"decay $t=1e+06\,$s",0.4477097690994067,4.5082787620229816e-10,
0,line,5,"decay $t=1e+06\,$s",0.5262159013077689,4.430993589924094e-10,
0,line,5,"decay $t=1e+06\,$s",0.6184881231118851,4.3550365232158555e-10,
0,line,5,"decay $t=1e+06\,$s",0.7269403252159283,4.276355725319981e-10,
0,line,5,"decay $t=1e+06\,$s",0.8544096752678368,4.198230840765436e-10,
0,line,5,"decay $t=1e+06\,$s",1.0042308396833655,4.121101978449734e-10,
0,line,5,"decay $t=1e+06\,$s",1.1803232203041512,4.04185062549395e-10,
0,line,5,"decay $t=1e+06\,$s",1.387293488047456,3.9641332296904e-10,
0,line,5,"decay $t=1e+06\,$s",1.6305560958827374,3.886713772506117e-10,
0,line,5,"decay $t=1e+06\,$s",1.9164749238190089,3.809014907989961e-10,
0,line,5,"decay $t=1e+06\,$s",2.252529761411663,3.7328883353801244e-10,
0,line,5,"decay $t=1e+06\,$s",2.6475119830602387,3.65660585305747e-10,
0,line,5,"decay $t=1e+06\,$s",3.111754535067633,3.581141806512488e-10,
0,line,5,"decay $t=1e+06\,$s",3.6574022510453377,3.507263388129624e-10,
0,line,5,"decay $t=1e+06\,$s",4.2987295672602635,3.4331822420548854e-10,
0,line,5,"decay $t=1e+06\,$s",5.0525139495268885,3.3606617756982386e-10,
0,line,5,"decay $t=1e+06\,$s",5.93847480069179,3.289352710662142e-10,
0,line,5,"decay $t=1e+06\,$s",6.97978933076548,3.2185637642126576e-10,
0,line,5,"decay $t=1e+06\,$s",8.203698885140035,3.149384072261843e-10,
0,line,5,"decay $t=1e+06\,$s",9.642221592763594,3.0811641463543444e-10,
0,line,5,"decay $t=1e+06\,$s",11.332989977528834,3.0140355702014636e-10,
0,line,5,"decay $t=1e+06\,$s",13.32023544523802,2.948513978757491e-10,
0,line,5,"decay $t=1e+06\,$s",15.655945400850316,2.883879887313913e-10,
0,line,5,"decay $t=1e+06\,$s",18.40122326681789,2.8207122169315646e-10,
0,line,5,"decay $t=1e+06\,$s",21.62788698131826,2.7590526947189026e-10,
0,line,5,"decay $t=1e+06\,$s",25.420347793952185,2.69834663700781e-10,
0,line,5,"decay $t=1e+06\,$s",29.877818509208026,2.6392585385584293e-10,
0,line,5,"decay $t=1e+06\,$s",35.1169089465233,2.581562292546374e-10,
0,line,5,"decay $t=1e+06\,$s",41.274676515567904,2.525157751376242e-10,
0,line,5,"decay $t=1e+06\,$s",48.51221171143108,2.470387550029878e-10,
0,line,5,"decay $t=1e+06\,$s",57.01885232818259,2.416896598759631e-10,
0,line,5,"decay $t=1e+06\,$s",67.01713663689895,2.364903962842413e-10,
0,line,5,"decay $t=1e+06\,$s",78.76862510592494,2.3145918603110383e-10,
0,line,5,"decay $t=1e+06\,$s",92.58074296271438,2.26548943480758e-10,
0,line,5,"decay $t=1e+06\,$s",108.81482260229686,2.218085552493707e-10,
0,line,5,"decay $t=1e+06\,$s",127.89555623611915,2.1722801671235866e-10,
0,line,5,"decay $t=1e+06\,$s",150.32210606756786,2.1278210210222272e-10,
0,line,5,"decay $t=1e+06\,$s",176.68116264236485,2.085125665109708e-10,
0,line,5,"decay $t=1e+06\,$s",207.6622929872086,2.0439167619337393e-10,
0,line,5,"decay $t=1e+06\,$s",244.07598005224483,2.0042671115705424e-10,
0,line,5,"decay $t=1e+06\,$s",286.8748253787863,1.9664767886325497e-10,
0,line,5,"decay $t=1e+06\,$s",337.178469665443,1.9297513747477315e-10,
0,line,5,"decay $t=1e+06\,$s",396.302883168002,1.8946971650331943e-10,
0,line,5,"decay $t=1e+06\,$s",465.7947921855921,1.8614131191416176e-10,
0,line,5,"decay $t=1e+06\,$s",547.472142248439,1.8294331882422683e-10,
0,line,5,"decay $t=1e+06\,$s",643.4716565458548,1.7993469118211624e-10,
0,line,5,"decay $t=1e+06\,$s",756.3047337483902,1.770432968944417e-10,
0,line,5,"decay $t=1e+06\,$s",888.9231475410945,1.7422847828705573e-10,
0,line,5,"decay $t=1e+06\,$s",1044.79626660284,1.7159078176586017e-10,
0,line,5,"decay $t=1e+06\,$s",1228.001815147637,1.6908999561141625e-10,
0,line,5,"decay $t=1e+06\,$s",1443.3325483724664,1.6675169405196646e-10,
0,line,5,"decay $t=1e+06\,$s",1696.4216334980495,1.6459315181241594e-10,
0,line,5,"decay $t=1e+06\,$s",1993.8900164382494,1.6232003331988437e-10,
0,line,5,"decay $t=1e+06\,$s",2343.5196292883334,1.6019753653041367e-10,
0,line,5,"decay $t=1e+06\,$s",2754.4569698335245,1.582240907830892e-10,
0,line,5,"decay $t=1e+06\,$s",3237.4523788257507,1.5639102443513992e-10,
0,line,5,"decay $t=1e+06\,$s",3805.1412746513693,1.547174716041425e-10,
0,line,5,"decay $t=1e+06\,$s",4472.374702637946,1.5297213266413432e-10,
0,line,5,"decay $t=1e+06\,$s",5256.607846348221,1.5119218881045594e-10,
0,line,5,"decay $t=1e+06\,$s",6178.356664523548,1.495370841719998e-10,
0,line,5,"decay $t=1e+06\,$s",7261.734599544229,1.480287266482354e-10,
0,line,5,"decay $t=1e+06\,$s",8535.083397987082,1.4665239518657819e-10,
0,line,5,"decay $t=1e+06\,$s",10031.714545883691,1.4533903484866237e-10,
0,line,5,"decay $t=1e+06\,$s",11790.780715022454,1.4378314820157117e-10,
0,line,5,"decay $t=1e+06\,$s",13858.300017796111,1.423255803928376e-10,
0,line,5,"decay $t=1e+06\,$s",16288.359865649785,1.4097537832354003e-10,
0,line,5,"decay $t=1e+06\,$s",19144.53192470997,1.3973589073048872e-10,
0,line,5,"decay $t=1e+06\,$s",22501.535184593857,1.3859612760067272e-10,
0,line,5,"decay $t=1e+06\,$s",26447.19064716322,1.372919221811032e-10,
0,line,5,"decay $t=1e+06\,$s",31084.718770935444,1.3597438426174628e-10,
0,line,5,"decay $t=1e+06\,$s",36535.43977351612,1.3473355779898837e-10,
0,line,5,"decay $t=1e+06\,$s",42941.94743342294,1.33527317878752e-10,
0,line,5,"decay $t=1e+06\,$s",50471.839419639866,1.3239604683877986e-10,
0,line,5,"decay $t=1e+06\,$s",59322.10173633708,1.3126804839188463e-10,
0,line,5,"decay $t=1e+06\,$s",69724.26198215637,1.3005072333708733e-10,
0,line,5,"decay $t=1e+06\,$s",81950.4462361039,1.2889681627641381e-10,
0,line,5,"decay $t=1e+06\,$s",96320.49802140985,1.2773530012164887e-10,
0,line,5,"decay $t=1e+06\,$s",113210.34558326888,1.2658631290432005e-10,
0,line,5,"decay $t=1e+06\,$s",133061.8363729217,1.2549463743247616e-10,
0,line,5,"decay $t=1e+06\,$s",156394.2960134453,1.2432781477684408e-10,
0,line,5,"decay $t=1e+06\,$s",183818.1141359825,1.2319649534846552e-10,
0,line,5,"decay $t=1e+06\,$s",216050.71249915805,1.220924113766715e-10,
0,line,5,"decay $t=1e+06\,$s",253935.31312623026,1.209274906480293e-10,
0,line,5,"decay $t=1e+06\,$s",298462.9974444907,1.1980892511288197e-10,
0,line,5,"decay $t=1e+06\,$s",350798.6335058071,1.1866831270062885e-10,
0,line,5,"decay $t=1e+06\,$s",412311.3495582535,1.1749363259270621e-10,
0,line,5,"decay $t=1e+06\,$s",484610.35117383633,1.1636066909534318e-10,
0,line,5,"decay $t=1e+06\,$s",569587.0189274155,1.1520643513338918e-10,
0,line,5,"decay $t=1e+06\,$s",669464.3879248217,1.1407136652785234e-10,
0,line,5,"decay $t=1e+06\,$s",786855.3035908677,1.1296716786680069e-10,
0,line,5,"decay $t=1e+06\,$s",924830.7751040731,1.117269077200551e-10,
0,line,5,"decay $t=1e+06\,$s",1087000.3146402042,1.1052275369642162e-10,
0,line,5,"decay $t=1e+06\,$s",1277606.364142627,1.0934453020492309e-10,
0,line,5,"decay $t=1e+06\,$s",1501635.2798738715,1.0818237034280587e-10,
0,line,5,"decay $t=1e+06\,$s",1764947.778164129,1.0705483579763428e-10,
0,line,5,"decay $t=1e+06\,$s",2074432.2548869124,1.0582892303706413e-10,
0,line,5,"decay $t=1e+06\,$s",2438184.9895816143,1.0455518774194488e-10,
0,line,5,"decay $t=1e+06\,$s",2865721.9484591815,1.033142469704231e-10,
0,line,5,"decay $t=1e+06\,$s",3368227.727170901,1.0208508793768697e-10,
0,line,5,"decay $t=1e+06\,$s",3958848.145816352,1.008868685081579e-10,
0,line,5,"decay $t=1e+06\,$s",4653034.150632524,9.967873012685664e-11,
0,line,5,"decay $t=1e+06\,$s",5468946.019016334,9.832985501254644e-11,
0,line,5,"decay $t=1e+06\,$s",6427928.442100255,9.701415204821272e-11,
0,line,5,"decay $t=1e+06\,$s",7555068.913295548,9.570292460134092e-11,
0,line,5,"decay $t=1e+06\,$s",8879854.030545786,9.439595586568315e-11,
0,line,5,"decay $t=1e+06\,$s",10436940.881510252,9.312267770073043e-11,
0,line,5,"decay $t=1e+06\,$s",12267063.691523654,9.171382260672556e-11,
0,line,5,"decay $t=1e+06\,$s",14418099.452732118,9.029163325077092e-11,
0,line,5,"decay $t=1e+06\,$s",16946320.411828764,8.88992362013083e-11,
0,line,5,"decay $t=1e+06\,$s",19917866.182144478,8.744851026470938e-11,
0,line,5,"decay $t=1e+06\,$s",23410473.991326828,8.603728796063828e-11,
0,line,5,"decay $t=1e+06\,$s",27515512.328820772,8.456168043641374e-11,
0,line,5,"decay $t=1e+06\,$s",32340371.19444807,8.293824803497653e-11,
0,line,5,"decay $t=1e+06\,$s",38011271.47827708,8.136049214126042e-11,
0,line,5,"decay $t=1e+06\,$s",44676566.96665627,7.976081570289228e-11,
0,line,5,"decay $t=1e+06\,$s",52510625.356660485,7.817369596213426e-11,
0,line,5,"decay $t=1e+06\,$s",61718389.808363676,7.663683978578127e-11,
0,line,5,"decay $t=1e+06\,$s",72540740.36758682,7.47836274634476e-11,
0,line,5,"decay $t=1e+06\,$s",85260795.51680958,7.296530190614479e-11,
0,line,5,"decay $t=1e+06\,$s",100211318.70618989,7.116812832923718e-11,
0,line,5,"decay $t=1e+06\,$s",117783423.62350766,6.928918959931344e-11,
0,line,5,"decay $t=1e+06\,$s",138436805.93754652,6.748540510482867e-11,
0,line,5,"decay $t=1e+06\,$s",162711769.1828178,6.546664663139611e-11,
0,line,5,"decay $t=1e+06\,$s",191243359.38916388,6.32590582394538e-11,
0,line,5,"decay $t=1e+06\,$s",224777978.2257796,6.115109072473787e-11,
0,line,5,"decay $t=1e+06\,$s",264192909.26831022,5.88827432664061e-11,
0,line,5,"decay $t=1e+06\,$s",310519268.20671827,5.666737820370619e-11,
0,line,5,"decay $t=1e+06\,$s",364968977.38352764,5.454718734445046e-11,
0,line,5,"decay $t=1e+06\,$s",428966470.33093244,5.230500137973901e-11,
0,line,5,"decay $t=1e+06\,$s",504185955.7142798,5.0203158079575976e-11,
0,line,5,"decay $t=1e+06\,$s",592595215.5267816,4.804202439481682e-11,
0,line,5,"decay $t=1e+06\,$s",696507083.3195499,4.5714706449304655e-11,
0,line,5,"decay $t=1e+06\,$s",818639949.165067,4.355144476659942e-11,
0,line,5,"decay $t=1e+06\,$s",962188874.1962961,4.1297871013552683e-11,
0,line,5,"decay $t=1e+06\,$s",1130909175.1158357,3.9098450927342165e-11,
0,line,5,"decay $t=1e+06\,$s",1329214665.2906115,3.706952074902719e-11,
0,line,5,"decay $t=1e+06\,$s",1562293122.4717166,3.529218081391673e-11,
0,line,5,"decay $t=1e+06\,$s",1836242003.836749,3.367533183139637e-11,
0,line,5,"decay $t=1e+06\,$s",2158227958.732784,3.208953101208244e-11,
0,line,5,"decay $t=1e+06\,$s",2536674312.058723,3.030875903176549e-11,
0,line,5,"decay $t=1e+06\,$s",2981481422.9525,2.8678267417868287e-11,
0,line,5,"decay $t=1e+06\,$s",3504285683.48479,2.7184334118808172e-11,
0,line,5,"decay $t=1e+06\,$s",4118763932.9027276,2.582039901865976e-11,
0,line,5,"decay $t=1e+06\,$s",4840991251.0645485,2.456610473522933e-11,
0,line,5,"decay $t=1e+06\,$s",5689861491.131199,2.3464868798208713e-11,
0,line,5,"decay $t=1e+06\,$s",6687581552.876901,2.2462922588652865e-11,
0,line,5,"decay $t=1e+06\,$s",7860252327.071659,2.1506615410567778e-11,
0,line,5,"decay $t=1e+06\,$s",9238551508.752373,2.0376232680885854e-11,
0,line,5,"decay $t=1e+06\,$s",10858536142.142939,1.9326138983618315e-11,
0,line,5,"decay $t=1e+06\,$s",12762585892.227968,1.8373780807968362e-11,
0,line,5,"decay $t=1e+06\,$s",15000511719.469324,1.752603663113656e-11,
0,line,5,"decay $t=1e+06\,$s",17630858961.189373,1.6729185955835585e-11,
0,line,5,"decay $t=1e+06\,$s",20722438908.927334,1.5999344784119518e-11,
0,line,5,"decay $t=1e+06\,$s",24356128948.652027,1.5319437702588588e-11,
0,line,5,"decay $t=1e+06\,$s",28626988356.46236,1.4673701351832104e-11,
0,line,5,"decay $t=1e+06\,$s",33646745100.12341,1.3884785099845939e-11,
0,line,5,"decay $t=1e+06\,$s",39546718702.49716,1.3134243501597263e-11,
0,line,5,"decay $t=1e+06\,$s",46481255630.53951,1.2450431880628716e-11,
0,line,5,"decay $t=1e+06\,$s",54631767081.47816,1.1873577665763887e-11,
0,line,5,"decay $t=1e+06\,$s",64211474796.81882,1.1324509966741034e-11,
0,line,5,"decay $t=1e+06\,$s",75470989057.21391,1.0792163872156914e-11,
0,line,5,"decay $t=1e+06\,$s",88704864781.52556,1.0277616425800551e-11,
0,line,5,"decay $t=1e+06\,$s",104259307241.13853,9.787878728666326e-12,
0,line,5,"decay $t=1e+06\,$s",122541228975.14412,9.221099715725025e-12,
0,line,5,"decay $t=1e+06\,$s",144028894840.12958,8.667233242445468e-12,
0,line,5,"decay $t=1e+06\,$s",169284433674.78238,8.158693795910792e-12,
0,line,5,"decay $t=1e+06\,$s",198968543891.1475,7.769252508803875e-12,
0,line,5,"decay $t=1e+06\,$s",233857777698.67584,7.398418340943461e-12,
0,line,5,"decay $t=1e+06\,$s",274864856125.61456,7.013560174542129e-12,
0,line,5,"decay $t=1e+06\,$s",323062546289.5716,6.6040689683256565e-12,
0,line,5,"decay $t=1e+06\,$s",379711725559.43,6.2184883657320434e-12,
0,line,5,"decay $t=1e+06\,$s",446294366782.1083,5.808910591723381e-12,
0,line,5,"decay $t=1e+06\,$s",524552307485.35004,5.406809236734818e-12,
0,line,5,"decay $t=1e+06\,$s",616532817279.6378,5.0327561077556024e-12,
0,line,5,"decay $t=1e+06\,$s",724642155526.8506,4.72582243573165e-12,
0,line,5,"decay $t=1e+06\,$s",851708520372.9393,4.438697807667428e-12,
0,line,5,"decay $t=1e+06\,$s",1001056035925.0074,4.149356129915617e-12,
0,line,5,"decay $t=1e+06\,$s",1176591713116.9387,3.828521241854912e-12,
0,line,5,"decay $t=1e+06\,$s",1382907659206.3625,3.5324946496565753e-12,
0,line,5,"decay $t=1e+06\,$s",1625401209758.095,3.2265938428695017e-12,
0,line,5,"decay $t=1e+06\,$s",1910416125831.0461,2.923237178800503e-12,
0,line,5,"decay $t=1e+06\,$s",2245408550162.4854,2.648404168034449e-12,
0,line,5,"decay $t=1e+06\,$s",2639142063852.4736,2.4077134287845848e-12,
0,line,5,"decay $t=1e+06\,$s",3101916946335.435,2.1903177001796276e-12,
0,line,5,"decay $t=1e+06\,$s",3645839636202.627,1.981251844250343e-12,
0,line,5,"decay $t=1e+06\,$s",4285139442114.7456,1.7254270292840972e-12,
0,line,5,"decay $t=1e+06\,$s",5036540789131.663,1.5026381013447764e-12,
0,line,5,"decay $t=1e+06\,$s",5919700738622.483,1.2907780879986637e-12,
0,line,5,"decay $t=1e+06\,$s",6957723227510.926,1.0878396733898462e-12,
0,line,5,"decay $t=1e+06\,$s",8177763479629.893,9.168113916284984e-13,
0,line,5,"decay $t=1e+06\,$s",9611738400909.738,7.584507765620856e-13,
0,line,5,"decay $t=1e+06\,$s",11297161542718.53,6.226382202251208e-13,
0,line,5,"decay $t=1e+06\,$s",13278124476442.15,5.10798157257152e-13,
0,line,5,"decay $t=1e+06\,$s",15606450252588.45,3.941924111458765e-13,
0,line,5,"decay $t=1e+06\,$s",18343049119522.934,3.0391854656037673e-13,
0,line,5,"decay $t=1e+06\,$s",21559511968163.637,2.3190269856565326e-13,
0,line,5,"decay $t=1e+06\,$s",25339983188001.18,1.7240511490912155e-13,
0,line,5,"decay $t=1e+06\,$s",29783361929359.832,1.2817252346905508e-13,
0,line,5,"decay $t=1e+06\,$s",35005889358098.59,9.473184902147454e-14,
0,line,5,"decay $t=1e+06\,$s",41144189586718.34,6.971074191322673e-14,
0,line,5,"decay $t=1e+06\,$s",48358843834264.234,5.1298387500745174e-14,
0,line,5,"decay $t=1e+06\,$s",56838591316953.945,3.594914401747719e-14,
0,line,5,"decay $t=1e+06\,$s",66805266767082.664,2.499403682694512e-14,
0,line,5,"decay $t=1e+06\,$s",78519603748340.28,1.7340706858005426e-14,
0,line,5,"decay $t=1e+06\,$s",92288055585375.66,1.1885957792414264e-14,
0,line,5,"decay $t=1e+06\,$s",108470812346775.47,8.147080382980898e-15,
0,line,5,"decay $t=1e+06\,$s",127491223610023.19,5.391144134371931e-15,
0,line,5,"decay $t=1e+06\,$s",149846873513012.1,3.4091867798971446e-15,
0,line,5,"decay $t=1e+06\,$s",176122597821387.12,2.1558665453539507e-15,
0,line,5,"decay $t=1e+06\,$s",207005783545163.47,1.2738736308806629e-15,
0,line,5,"decay $t=1e+06\,$s",243304351350781.0,7.33620991239724e-16,
0,line,5,"decay $t=1e+06\,$s",285967891198117.2,4.216647641071542e-16,
0,line,5,"decay $t=1e+06\,$s",336112504122033.94,2.2031670759442485e-16,
0,line,5,"decay $t=1e+06\,$s",395050000032759.25,1.1504256314560325e-16,
0,line,5,"decay $t=1e+06\,$s",464322215365186.25,5.774012884067675e-17,
0,line,5,"decay $t=1e+06\,$s",545741348345162.06,2.644077154128032e-17,
0,line,5,"decay $t=1e+06\,$s",641437367064924.9,1.2108121896910193e-17,
0,line,5,"decay $t=1e+06\,$s",753913730588281.0,4.887809243008502e-18,
0,line,5,"decay $t=1e+06\,$s",886112880779532.5,1.8077106361619142e-18,
0,line,5,"decay $t=1e+06\,$s",1041493218157350.1,6.685799523594619e-19,
0,line,5,"decay $t=1e+06\,$s",1224119575503194.0,2.043692617705892e-19,
0,line,5,"decay $t=1e+06\,$s",1438769556062274.0,6.085114501163121e-20,
0,line,5,"decay $t=1e+06\,$s",1691058518201297.8,1.6775666798627587e-20,
0,line,5,"decay $t=1e+06\,$s",1987586476188542.8,3.147547157643111e-21,
0,line,5,"decay $t=1e+06\,$s",2336110760099276.0,5.905996669742331e-22,
0,line,5,"decay $t=1e+06\,$s",2745748951722050.5,8.326601122796729e-23,
0,line,5,"decay $t=1e+06\,$s",3227217405377798.0,8.33819235850602e-24,
0,line,5,"decay $t=1e+06\,$s",3793111593483984.5,8.351108230425593e-25,
0,line,5,"decay $t=1e+06\,$s",4458235610853832.5,5.035474789271197e-26,
0,line,5,"decay $t=1e+06\,$s",5239989457739420.0,2.5502833487007887e-27,
0,line,5,"decay $t=1e+06\,$s",6158824233150310.0,1.2235613511890425e-28,
0,line,5,"decay $t=1e+06\,$s",7238777146548561.0,1.2093515993182256e-30,
0,line,5,"decay $t=1e+06\,$s",8508100344112365.0,1.1931702951947699e-32,
0,line,5,"decay $t=1e+06\,$s",9999999999999992.0,2.681235202353563e-35,
0,line,6,"baseline $t=1e+08\,$s",4.136189762796504e-07,1.532932077259525e-18,
0,line,6,"baseline $t=1e+08\,$s",4.861472708956382e-07,2.467953763440488e-18,
0,line,6,"baseline $t=1e+08\,$s",5.713934382920734e-07,3.982983098580932e-18,
0,line,6,"baseline $t=1e+08\,$s",6.715875638296561e-07,6.4748803273902386e-18,
0,line,6,"baseline $t=1e+08\,$s",7.893507794538307e-07,1.0525797994108737e-17,
0,line,6,"baseline $t=1e+08\,$s",9.277638339092464e-07,1.7237451815884866e-17,
0,line,6,"baseline $t=1e+08\,$s",1.090447686775643e-06,2.8406576768617555e-17,
0,line,6,"baseline $t=1e+08\,$s",1.281658234708323e-06,4.6812813334709515e-17,
0,line,6,"baseline $t=1e+08\,$s",1.5063976479722919e-06,7.808155413316289e-17,
0,line,6,"baseline $t=1e+08\,$s",1.770545229893428e-06,1.305638463338788e-16,
0,line,6,"baseline $t=1e+08\,$s",2.0810112225799443e-06,2.186148145681775e-16,
0,line,6,"baseline $t=1e+08\,$s",2.4459175825541275e-06,3.6980977234694297e-16,
0,line,6,"baseline $t=1e+08\,$s",2.8748104554816266e-06,6.255718288996329e-16,
0,line,6,"baseline $t=1e+08\,$s",3.378909908450926e-06,1.0614185374974282e-15,
0,line,6,"baseline $t=1e+08\,$s",3.971403452933094e-06,1.8089600853948703e-15,
0,line,6,"baseline $t=1e+08\,$s",4.6677910371394276e-06,3.082984227194494e-15,
0,line,6,"baseline $t=1e+08\,$s",5.486290532961935e-06,5.230403329009559e-15,
0,line,6,"baseline $t=1e+08\,$s",6.4483143252517195e-06,8.85563530221195e-15,
0,line,6,"baseline $t=1e+08\,$s",7.5790294712660705e-06,1.499354288417369e-14,
0,line,6,"baseline $t=1e+08\,$s",8.90801608435509e-06,2.1815876380322846e-14,
0,line,6,"baseline $t=1e+08\,$s",1.0470041165557464e-05,3.164712739424364e-14,
0,line,6,"baseline $t=1e+08\,$s",1.2305968126954065e-05,4.345901448734877e-14,
0,line,6,"baseline $t=1e+08\,$s",1.446382580039706e-05,5.140737985254872e-14,
0,line,6,"baseline $t=1e+08\,$s",1.7000064897454984e-05,6.080945643005735e-14,
0,line,6,"baseline $t=1e+08\,$s",1.998103479023846e-05,6.839221728878533e-14,
0,line,6,"baseline $t=1e+08\,$s",2.348471924648282e-05,7.389500185260596e-14,
0,line,6,"baseline $t=1e+08\,$s",2.7602776526647472e-05,7.984053846525603e-14,
0,line,6,"baseline $t=1e+08\,$s",3.244293721306242e-05,8.402659698686492e-14,
0,line,6,"baseline $t=1e+08\,$s",3.8131822499616793e-05,8.800745618795897e-14,
0,line,6,"baseline $t=1e+08\,$s",4.481825666995547e-05,9.202941985421932e-14,
0,line,6,"baseline $t=1e+08\,$s",5.267716042038626e-05,9.523945941137315e-14,
0,line,6,"baseline $t=1e+08\,$s",6.191412687890872e-05,9.856146735085049e-14,
0,line,6,"baseline $t=1e+08\,$s",7.277080003146996e-05,1.0172894333522973e-13,
0,line,6,"baseline $t=1e+08\,$s",8.553119625796015e-05,1.0461659462878442e-13,
0,line,6,"baseline $t=1e+08\,$s",0.00010052913435270806,1.0758621469658712e-13,
0,line,6,"baseline $t=1e+08\,$s",0.00011815696840279235,1.1028548259652757e-13,
0,line,6,"baseline $t=1e+08\,$s",0.00013887585198093757,1.129042251020769e-13,
0,line,6,"baseline $t=1e+08\,$s",0.00016322780216977445,1.155851515448729e-13,
0,line,6,"baseline $t=1e+08\,$s",0.00019184987901879548,1.1786629277629297e-13,
0,line,6,"baseline $t=1e+08\,$s",0.00022549085137618828,1.2019155404298626e-13,
0,line,6,"baseline $t=1e+08\,$s",0.00026503078508262616,1.2243187879057264e-13,
0,line,6,"baseline $t=1e+08\,$s",0.00031150406596464975,1.2438243181265322e-13,
0,line,6,"baseline $t=1e+08\,$s",0.0003661264599214663,1.2636406717496848e-13,
0,line,6,"baseline $t=1e+08\,$s",0.0004303269180115221,1.2810559697227062e-13,
0,line,6,"baseline $t=1e+08\,$s",0.0005057849585769236,1.2966754851187274e-13,
0,line,6,"baseline $t=1e+08\,$s",0.0005944746043421126,1.3124855973181605e-13,
0,line,6,"baseline $t=1e+08\,$s",0.0006987160239047786,1.32435217747607e-13,
0,line,6,"baseline $t=1e+08\,$s",0.0008212362285880728,1.3356635353650864e-13,
0,line,6,"baseline $t=1e+08\,$s",0.0009652404125162483,1.3463491255048388e-13,
0,line,6,"baseline $t=1e+08\,$s",0.001134495802208291,1.3530312116768767e-13,
0,line,6,"baseline $t=1e+08\,$s",0.001333430209239787,1.3597470173841044e-13,
0,line,6,"baseline $t=1e+08\,$s",0.0015672478641633712,1.3644545383331928e-13,
0,line,6,"baseline $t=1e+08\,$s",0.0018420655619651898,1.3665668697411076e-13,
0,line,6,"baseline $t=1e+08\,$s",0.002165072680695273,1.368683594955671e-13,
0,line,6,"baseline $t=1e+08\,$s",0.0025447192594449017,1.367590769198679e-13,
0,line,6,"baseline $t=1e+08\,$s",0.002990937055891487,1.3652989930364533e-13,
0,line,6,"baseline $t=1e+08\,$s",0.0035153993663946366,1.362948887627624e-13,
0,line,6,"baseline $t=1e+08\,$s",0.004131826405676178,1.3565704037255442e-13,
0,line,6,"baseline $t=1e+08\,$s",0.004856344234979996,1.3502247275581218e-13,
0,line,6,"baseline $t=1e+08\,$s",0.005707906628464436,1.342793784258839e-13,
0,line,6,"baseline $t=1e+08\,$s",0.006708790914077871,1.3328627437540563e-13,
0,line,6,"baseline $t=1e+08\,$s",0.007885180760380096,1.3230099479658209e-13,
0,line,6,"baseline $t=1e+08\,$s",0.009267851155324736,1.3112884829709415e-13,
0,line,6,"baseline $t=1e+08\,$s",0.010892973496413964,1.2983487402411731e-13,
0,line,6,"baseline $t=1e+08\,$s",0.012803061853815393,1.2855434723418986e-13,
0,line,6,"baseline $t=1e+08\,$s",0.015048085161189995,1.2704129157813105e-13,
0,line,6,"baseline $t=1e+08\,$s",0.017686774429738813,1.2551383906019464e-13,
0,line,6,"baseline $t=1e+08\,$s",0.020788159182887442,1.2396489722164594e-13,
0,line,6,"baseline $t=1e+08\,$s",0.02443337330556136,1.2223748491067647e-13,
0,line,6,"baseline $t=1e+08\,$s",0.028717777550036912,1.2053520414754318e-13,
0,line,6,"baseline $t=1e+08\,$s",0.033753454224255186,1.1876634888715955e-13,
0,line,6,"baseline $t=1e+08\,$s",0.039672139324981495,1.1691752824073615e-13,
0,line,6,"baseline $t=1e+08\,$s",0.04662866882198256,1.1509880648079475e-13,
0,line,6,"baseline $t=1e+08\,$s",0.054805029249859916,1.1318922583259345e-13,
0,line,6,"baseline $t=1e+08\,$s",0.06441511857318971,1.1127238887873726e-13,
0,line,6,"baseline $t=1e+08\,$s",0.07571034187174885,1.09385317155369e-13,
0,line,6,"baseline $t=1e+08\,$s",0.08898618823194768,1.0740177354326436e-13,
0,line,6,"baseline $t=1e+08\,$s",0.10458996089946872,1.0545602171381158e-13,
0,line,6,"baseline $t=1e+08\,$s",0.12292986291804184,1.0351418819310803e-13,
0,line,6,"baseline $t=1e+08\,$s",0.14448567593952816,1.0154129884652687e-13,
0,line,6,"baseline $t=1e+08\,$s",0.16982131156870053,9.960856849011244e-14,
0,line,6,"baseline $t=1e+08\,$s",0.1995995635926132,9.766123651939094e-14,
0,line,6,"baseline $t=1e+08\,$s",0.23459944702078525,9.572041694143487e-14,
0,line,6,"baseline $t=1e+08\,$s",0.2757365775347569,9.382070806484836e-14,
0,line,6,"baseline $t=1e+08\,$s",0.3240871244843334,9.190334667701719e-14,
0,line,6,"baseline $t=1e+08\,$s",0.38091596405371647,9.00215953344084e-14,
0,line,6,"baseline $t=1e+08\,$s",0.4477097690994067,8.817150127652067e-14,
0,line,6,"baseline $t=1e+08\,$s",0.5262159013077689,8.631964015325435e-14,
0,line,6,"baseline $t=1e+08\,$s",0.6184881231118851,8.450987432950419e-14,
0,line,6,"baseline $t=1e+08\,$s",0.7269403252159283,8.272110636014468e-14,
0,line,6,"baseline $t=1e+08\,$s",0.8544096752678368,8.095144563785706e-14,
0,line,6,"baseline $t=1e+08\,$s",1.0042308396833655,7.92231386029033e-14,
0,line,6,"baseline $t=1e+08\,$s",1.1803232203041512,7.751360900071857e-14,
0,line,6,"baseline $t=1e+08\,$s",1.387293488047456,7.583834871205333e-14,
0,line,6,"baseline $t=1e+08\,$s",1.6305560958827374,7.420204009646006e-14,
0,line,6,"baseline $t=1e+08\,$s",1.9164749238190089,7.257595749672395e-14,
0,line,6,"baseline $t=1e+08\,$s",2.252529761411663,7.098933686109169e-14,
0,line,6,"baseline $t=1e+08\,$s",2.6475119830602387,6.943624228478883e-14,
0,line,6,"baseline $t=1e+08\,$s",3.111754535067633,6.79116073476613e-14,
0,line,6,"baseline $t=1e+08\,$s",3.6574022510453377,6.642522013879757e-14,
0,line,6,"baseline $t=1e+08\,$s",4.2987295672602635,6.496199593099617e-14,
0,line,6,"baseline $t=1e+08\,$s",5.0525139495268885,6.352687112744361e-14,
0,line,6,"baseline $t=1e+08\,$s",5.93847480069179,6.21276703964099e-14,
0,line,6,"baseline $t=1e+08\,$s",6.97978933076548,6.0755602302167e-14,
0,line,6,"baseline $t=1e+08\,$s",8.203698885140035,5.941795080570661e-14,
0,line,6,"baseline $t=1e+08\,$s",9.642221592763594,5.811201549764513e-14,
0,line,6,"baseline $t=1e+08\,$s",11.332989977528834,5.682871404404876e-14,
0,line,6,"baseline $t=1e+08\,$s",13.32023544523802,5.557837698362837e-14,
0,line,6,"baseline $t=1e+08\,$s",15.655945400850316,5.435638586300043e-14,
0,line,6,"baseline $t=1e+08\,$s",18.40122326681789,5.3162160759238263e-14,
0,line,6,"baseline $t=1e+08\,$s",21.62788698131826,5.1999277208111563e-14,
0,line,6,"baseline $t=1e+08\,$s",25.420347793952185,5.0860566193458345e-14,
0,line,6,"baseline $t=1e+08\,$s",29.877818509208026,4.974993637790293e-14,
0,line,6,"baseline $t=1e+08\,$s",35.1169089465233,4.866799637011193e-14,
0,line,6,"baseline $t=1e+08\,$s",41.274676515567904,4.760597085680013e-14,
0,line,6,"baseline $t=1e+08\,$s",48.51221171143108,4.657196263765319e-14,
0,line,6,"baseline $t=1e+08\,$s",57.01885232818259,4.5562663847376945e-14,
0,line,6,"baseline $t=1e+08\,$s",67.01713663689895,4.457512696445191e-14,
0,line,6,"baseline $t=1e+08\,$s",78.76862510592494,4.361369755967729e-14,
0,line,6,"baseline $t=1e+08\,$s",92.58074296271438,4.267477189845123e-14,
0,line,6,"baseline $t=1e+08\,$s",108.81482260229686,4.17591320519196e-14,
0,line,6,"baseline $t=1e+08\,$s",127.89555623611915,4.086794883284194e-14,
0,line,6,"baseline $t=1e+08\,$s",150.32210606756786,3.999132573797086e-14,
0,line,6,"baseline $t=1e+08\,$s",176.68116264236485,3.913715931319767e-14,
0,line,6,"baseline $t=1e+08\,$s",207.6622929872086,3.83058706916478e-14,
0,line,6,"baseline $t=1e+08\,$s",244.07598005224483,3.74976555832025e-14,
0,line,6,"baseline $t=1e+08\,$s",286.8748253787863,3.6711228881937804e-14,
0,line,6,"baseline $t=1e+08\,$s",337.178469665443,3.593867182241757e-14,
0,line,6,"baseline $t=1e+08\,$s",396.302883168002,3.517942207847249e-14,
0,line,6,"baseline $t=1e+08\,$s",465.7947921855921,3.44401026596643e-14,
0,line,6,"baseline $t=1e+08\,$s",547.472142248439,3.3722379271341887e-14,
0,line,6,"baseline $t=1e+08\,$s",643.4716565458548,3.3024371448502e-14,
0,line,6,"baseline $t=1e+08\,$s",756.3047337483902,3.2343879829636646e-14,
0,line,6,"baseline $t=1e+08\,$s",888.9231475410945,3.166799595076545e-14,
0,line,6,"baseline $t=1e+08\,$s",1044.79626660284,3.100961911063636e-14,
0,line,6,"baseline $t=1e+08\,$s",1228.001815147637,3.036915994081525e-14,
0,line,6,"baseline $t=1e+08\,$s",1443.3325483724664,2.9746860831583854e-14,
0,line,6,"baseline $t=1e+08\,$s",1696.4216334980495,2.914104106704155e-14,
0,line,6,"baseline $t=1e+08\,$s",1993.8900164382494,2.8543969264690654e-14,
0,line,6,"baseline $t=1e+08\,$s",2343.5196292883334,2.7958638576814255e-14,
0,line,6,"baseline $t=1e+08\,$s",2754.4569698335245,2.738839948961362e-14,
0,line,6,"baseline $t=1e+08\,$s",3237.4523788257507,2.6832384978210113e-14,
0,line,6,"baseline $t=1e+08\,$s",3805.1412746513693,2.6290817087932358e-14,
0,line,6,"baseline $t=1e+08\,$s",4472.374702637946,2.576126389963144e-14,
0,line,6,"baseline $t=1e+08\,$s",5256.607846348221,2.5238623750525705e-14,
0,line,6,"baseline $t=1e+08\,$s",6178.356664523548,2.472930343148027e-14,
0,line,6,"baseline $t=1e+08\,$s",7261.734599544229,2.423137597469712e-14,
0,line,6,"baseline $t=1e+08\,$s",8535.083397987082,2.3744715798642154e-14,
0,line,6,"baseline $t=1e+08\,$s",10031.714545883691,2.3270481372108235e-14,
0,line,6,"baseline $t=1e+08\,$s",11790.780715022454,2.280132691656932e-14,
0,line,6,"baseline $t=1e+08\,$s",13858.300017796111,2.23423557525502e-14,
0,line,6,"baseline $t=1e+08\,$s",16288.359865649785,2.1894721218644533e-14,
0,line,6,"baseline $t=1e+08\,$s",19144.53192470997,2.1456941839867262e-14,
0,line,6,"baseline $t=1e+08\,$s",22501.535184593857,2.103015915729953e-14,
0,line,6,"baseline $t=1e+08\,$s",26447.19064716322,2.0610284463710943e-14,
0,line,6,"baseline $t=1e+08\,$s",31084.718770935444,2.0194951601727714e-14,
0,line,6,"baseline $t=1e+08\,$s",36535.43977351612,1.9789858416317393e-14,
0,line,6,"baseline $t=1e+08\,$s",42941.94743342294,1.9394870188926615e-14,
0,line,6,"baseline $t=1e+08\,$s",50471.839419639866,1.9009749050860327e-14,
0,line,6,"baseline $t=1e+08\,$s",59322.10173633708,1.8634218221222684e-14,
0,line,6,"baseline $t=1e+08\,$s",69724.26198215637,1.825629555221962e-14,
0,line,6,"baseline $t=1e+08\,$s",81950.4462361039,1.788719885809508e-14,
0,line,6,"baseline $t=1e+08\,$s",96320.49802140985,1.752682645166878e-14,
0,line,6,"baseline $t=1e+08\,$s",113210.34558326888,1.7174529065286636e-14,
0,line,6,"baseline $t=1e+08\,$s",133061.8363729217,1.683090848027054e-14,
0,line,6,"baseline $t=1e+08\,$s",156394.2960134453,1.6489448529778183e-14,
0,line,6,"baseline $t=1e+08\,$s",183818.1141359825,1.61511070202595e-14,
0,line,6,"baseline $t=1e+08\,$s",216050.71249915805,1.5820989189167795e-14,
0,line,6,"baseline $t=1e+08\,$s",253935.31312623026,1.5495868031004126e-14,
0,line,6,"baseline $t=1e+08\,$s",298462.9974444907,1.5178152191837675e-14,
0,line,6,"baseline $t=1e+08\,$s",350798.6335058071,1.4867049213244005e-14,
0,line,6,"baseline $t=1e+08\,$s",412311.3495582535,1.4554894082502132e-14,
0,line,6,"baseline $t=1e+08\,$s",484610.35117383633,1.4250452237207912e-14,
0,line,6,"baseline $t=1e+08\,$s",569587.0189274155,1.3950001418059798e-14,
0,line,6,"baseline $t=1e+08\,$s",669464.3879248217,1.3652038708721346e-14,
0,line,6,"baseline $t=1e+08\,$s",786855.3035908677,1.3361565826014613e-14,
0,line,6,"baseline $t=1e+08\,$s",924830.7751040731,1.3070753842301028e-14,
0,line,6,"baseline $t=1e+08\,$s",1087000.3146402042,1.2784108839194739e-14,
0,line,6,"baseline $t=1e+08\,$s",1277606.364142627,1.2504811045892678e-14,
0,line,6,"baseline $t=1e+08\,$s",1501635.2798738715,1.2218863491947906e-14,
0,line,6,"baseline $t=1e+08\,$s",1764947.778164129,1.1940263007654973e-14,
0,line,6,"baseline $t=1e+08\,$s",2074432.2548869124,1.166504337505733e-14,
0,line,6,"baseline $t=1e+08\,$s",2438184.9895816143,1.138692558355565e-14,
0,line,6,"baseline $t=1e+08\,$s",2865721.9484591815,1.1116469349810518e-14,
0,line,6,"baseline $t=1e+08\,$s",3368227.727170901,1.0841977310657692e-14,
0,line,6,"baseline $t=1e+08\,$s",3958848.145816352,1.0566551340390884e-14,
0,line,6,"baseline $t=1e+08\,$s",4653034.150632524,1.029910822450741e-14,
0,line,6,"baseline $t=1e+08\,$s",5468946.019016334,1.0021635829896503e-14,
0,line,6,"baseline $t=1e+08\,$s",6427928.442100255,9.749698892383646e-15,
0,line,6,"baseline $t=1e+08\,$s",7555068.913295548,9.482267951801927e-15,
0,line,6,"baseline $t=1e+08\,$s",8879854.030545786,9.199354727294427e-15,
0,line,6,"baseline $t=1e+08\,$s",10436940.881510252,8.92605480821898e-15,
0,line,6,"baseline $t=1e+08\,$s",12267063.691523654,8.64903974189111e-15,
0,line,6,"baseline $t=1e+08\,$s",14418099.452732118,8.365125371026125e-15,
0,line,6,"baseline $t=1e+08\,$s",16946320.411828764,8.091974511486217e-15,
0,line,6,"baseline $t=1e+08\,$s",19917866.182144478,7.79766640097396e-15,
0,line,6,"baseline $t=1e+08\,$s",23410473.991326828,7.503502075823515e-15,
0,line,6,"baseline $t=1e+08\,$s",27515512.328820772,7.221807805350215e-15,
0,line,6,"baseline $t=1e+08\,$s",32340371.19444807,6.919411967018327e-15,
0,line,6,"baseline $t=1e+08\,$s",38011271.47827708,6.63217232434266e-15,
0,line,6,"baseline $t=1e+08\,$s",44676566.96665627,6.341493457819854e-15,
0,line,6,"baseline $t=1e+08\,$s",52510625.356660485,6.024995379751873e-15,
0,line,6,"baseline $t=1e+08\,$s",61718389.808363676,5.726931038418166e-15,
0,line,6,"baseline $t=1e+08\,$s",72540740.36758682,5.4191917649736995e-15,
0,line,6,"baseline $t=1e+08\,$s",85260795.51680958,5.1133888183022935e-15,
0,line,6,"baseline $t=1e+08\,$s",100211318.70618989,4.828849729460789e-15,
0,line,6,"baseline $t=1e+08\,$s",117783423.62350766,4.522222746602386e-15,
0,line,6,"baseline $t=1e+08\,$s",138436805.93754652,4.234929072518375e-15,
0,line,6,"baseline $t=1e+08\,$s",162711769.1828178,3.963200382476293e-15,
0,line,6,"baseline $t=1e+08\,$s",191243359.38916388,3.673939344469957e-15,
0,line,6,"baseline $t=1e+08\,$s",224777978.2257796,3.4131340392281004e-15,
0,line,6,"baseline $t=1e+08\,$s",264192909.26831022,3.157710422442963e-15,
0,line,6,"baseline $t=1e+08\,$s",310519268.20671827,2.90672410939687e-15,
0,line,6,"baseline $t=1e+08\,$s",364968977.38352764,2.6839325616167994e-15,
0,line,6,"baseline $t=1e+08\,$s",428966470.33093244,2.4742968528043896e-15,
0,line,6,"baseline $t=1e+08\,$s",504185955.7142798,2.287612580154333e-15,
0,line,6,"baseline $t=1e+08\,$s",592595215.5267816,2.1241048522793306e-15,
0,line,6,"baseline $t=1e+08\,$s",696507083.3195499,1.9515717965904287e-15,
0,line,6,"baseline $t=1e+08\,$s",818639949.165067,1.80212786106488e-15,
0,line,6,"baseline $t=1e+08\,$s",962188874.1962961,1.669614206079868e-15,
0,line,6,"baseline $t=1e+08\,$s",1130909175.1158357,1.5504349507785711e-15,
0,line,6,"baseline $t=1e+08\,$s",1329214665.2906115,1.4475529175641063e-15,
0,line,6,"baseline $t=1e+08\,$s",1562293122.4717166,1.3564149803578066e-15,
0,line,6,"baseline $t=1e+08\,$s",1836242003.836749,1.2768835538416403e-15,
0,line,6,"baseline $t=1e+08\,$s",2158227958.732784,1.2078179100571444e-15,
0,line,6,"baseline $t=1e+08\,$s",2536674312.058723,1.1350689741716695e-15,
0,line,6,"baseline $t=1e+08\,$s",2981481422.9525,1.0695680971397015e-15,
0,line,6,"baseline $t=1e+08\,$s",3504285683.48479,1.0114542131770735e-15,
0,line,6,"baseline $t=1e+08\,$s",4118763932.9027276,9.608321576827653e-16,
0,line,6,"baseline $t=1e+08\,$s",4840991251.0645485,9.152603462419439e-16,
0,line,6,"baseline $t=1e+08\,$s",5689861491.131199,8.738282347485714e-16,
0,line,6,"baseline $t=1e+08\,$s",6687581552.876901,8.360606555215628e-16,
0,line,6,"baseline $t=1e+08\,$s",7860252327.071659,8.011218367394634e-16,
0,line,6,"baseline $t=1e+08\,$s",9238551508.752373,7.628658167649509e-16,
0,line,6,"baseline $t=1e+08\,$s",10858536142.142939,7.253248156321471e-16,
0,line,6,"baseline $t=1e+08\,$s",12762585892.227968,6.902099254521431e-16,
0,line,6,"baseline $t=1e+08\,$s",15000511719.469324,6.605948046749201e-16,
0,line,6,"baseline $t=1e+08\,$s",17630858961.189373,6.324864051658664e-16,
0,line,6,"baseline $t=1e+08\,$s",20722438908.927334,6.056438900926764e-16,
0,line,6,"baseline $t=1e+08\,$s",24356128948.652027,5.798984590412828e-16,
0,line,6,"baseline $t=1e+08\,$s",28626988356.46236,5.553087594251405e-16,
0,line,6,"baseline $t=1e+08\,$s",33646745100.12341,5.284053022978306e-16,
0,line,6,"baseline $t=1e+08\,$s",39546718702.49716,5.008160866566437e-16,
0,line,6,"baseline $t=1e+08\,$s",46481255630.53951,4.74679313777217e-16,
0,line,6,"baseline $t=1e+08\,$s",54631767081.47816,4.545200166148648e-16,
0,line,6,"baseline $t=1e+08\,$s",64211474796.81882,4.3569743986199695e-16,
0,line,6,"baseline $t=1e+08\,$s",75470989057.21391,4.1701767743834e-16,
0,line,6,"baseline $t=1e+08\,$s",88704864781.52556,3.96564940171333e-16,
0,line,6,"baseline $t=1e+08\,$s",104259307241.13853,3.771157574763101e-16,
0,line,6,"baseline $t=1e+08\,$s",122541228975.14412,3.574959383764807e-16,
0,line,6,"baseline $t=1e+08\,$s",144028894840.12958,3.3774298962256126e-16,
0,line,6,"baseline $t=1e+08\,$s",169284433674.78238,3.1908149386283297e-16,
0,line,6,"baseline $t=1e+08\,$s",198968543891.1475,3.0360008033340815e-16,
0,line,6,"baseline $t=1e+08\,$s",233857777698.67584,2.8949161127376404e-16,
0,line,6,"baseline $t=1e+08\,$s",274864856125.61456,2.7589630335210495e-16,
0,line,6,"baseline $t=1e+08\,$s",323062546289.5716,2.6065501284387264e-16,
0,line,6,"baseline $t=1e+08\,$s",379711725559.43,2.462556943957187e-16,
0,line,6,"baseline $t=1e+08\,$s",446294366782.1083,2.3208714841011495e-16,
0,line,6,"baseline $t=1e+08\,$s",524552307485.35004,2.177228481773262e-16,
0,line,6,"baseline $t=1e+08\,$s",616532817279.6378,2.042475809038432e-16,
0,line,6,"baseline $t=1e+08\,$s",724642155526.8506,1.9306914230979664e-16,
0,line,6,"baseline $t=1e+08\,$s",851708520372.9393,1.8331145644709352e-16,
0,line,6,"baseline $t=1e+08\,$s",1001056035925.0074,1.7404692259262105e-16,
0,line,6,"baseline $t=1e+08\,$s",1176591713116.9387,1.621539295801099e-16,
0,line,6,"baseline $t=1e+08\,$s",1382907659206.3625,1.5082706650873204e-16,
0,line,6,"baseline $t=1e+08\,$s",1625401209758.095,1.4029428616741487e-16,
0,line,6,"baseline $t=1e+08\,$s",1910416125831.0461,1.3050717705924302e-16,
0,line,6,"baseline $t=1e+08\,$s",2245408550162.4854,1.214028292557651e-16,
0,line,6,"baseline $t=1e+08\,$s",2639142063852.4736,1.1306030940245327e-16,
0,line,6,"baseline $t=1e+08\,$s",3101916946335.435,1.0541063526367082e-16,
0,line,6,"baseline $t=1e+08\,$s",3645839636202.627,9.827853906163833e-17,
0,line,6,"baseline $t=1e+08\,$s",4285139442114.7456,8.971826764603097e-17,
0,line,6,"baseline $t=1e+08\,$s",5036540789131.663,8.143278053005561e-17,
0,line,6,"baseline $t=1e+08\,$s",5919700738622.483,7.38904321538849e-17,
0,line,6,"baseline $t=1e+08\,$s",6957723227510.926,6.679492035499278e-17,
0,line,6,"baseline $t=1e+08\,$s",8177763479629.893,6.038077283953031e-17,
0,line,6,"baseline $t=1e+08\,$s",9611738400909.738,5.441302585380411e-17,
0,line,6,"baseline $t=1e+08\,$s",11297161542718.53,4.8766573981267346e-17,
0,line,6,"baseline $t=1e+08\,$s",13278124476442.15,4.3706055958029095e-17,
0,line,6,"baseline $t=1e+08\,$s",15606450252588.45,3.794638289796727e-17,
0,line,6,"baseline $t=1e+08\,$s",18343049119522.934,3.238685178699615e-17,
0,line,6,"baseline $t=1e+08\,$s",21559511968163.637,2.7641848904181275e-17,
0,line,6,"baseline $t=1e+08\,$s",25339983188001.18,2.3254340008902483e-17,
0,line,6,"baseline $t=1e+08\,$s",29783361929359.832,1.954463916898855e-17,
0,line,6,"baseline $t=1e+08\,$s",35005889358098.59,1.6251061957238027e-17,
0,line,6,"baseline $t=1e+08\,$s",41144189586718.34,1.3024796755353906e-17,
0,line,6,"baseline $t=1e+08\,$s",48358843834264.234,1.0439030878736121e-17,
0,line,6,"baseline $t=1e+08\,$s",56838591316953.945,7.990389729777358e-18,
0,line,6,"baseline $t=1e+08\,$s",66805266767082.664,5.856283400482551e-18,
0,line,6,"baseline $t=1e+08\,$s",78519603748340.28,4.292163241563493e-18,
0,line,6,"baseline $t=1e+08\,$s",92288055585375.66,2.959455505021367e-18,
0,line,6,"baseline $t=1e+08\,$s",108470812346775.47,2.0101615911154258e-18,
0,line,6,"baseline $t=1e+08\,$s",127491223610023.19,1.3543281575035556e-18,
0,line,6,"baseline $t=1e+08\,$s",149846873513012.1,8.413508303965715e-19,
0,line,6,"baseline $t=1e+08\,$s",176122597821387.12,5.226733544852458e-19,
0,line,6,"baseline $t=1e+08\,$s",207005783545163.47,3.082077016291479e-19,
0,line,6,"baseline $t=1e+08\,$s",243304351350781.0,1.6687422135921505e-19,
0,line,6,"baseline $t=1e+08\,$s",285967891198117.2,9.035142857069061e-20,
0,line,6,"baseline $t=1e+08\,$s",336112504122033.94,4.5647364925702386e-20,
0,line,6,"baseline $t=1e+08\,$s",395050000032759.25,2.2279930146060068e-20,
0,line,6,"baseline $t=1e+08\,$s",464322215365186.25,1.0874566277815809e-20,
0,line,6,"baseline $t=1e+08\,$s",545741348345162.06,4.464961360559809e-21,
0,line,6,"baseline $t=1e+08\,$s",641437367064924.9,1.8185981610036967e-21,
0,line,6,"baseline $t=1e+08\,$s",753913730588281.0,7.002874268830712e-22,
0,line,6,"baseline $t=1e+08\,$s",886112880779532.5,2.265780128242751e-22,
0,line,6,"baseline $t=1e+08\,$s",1041493218157350.1,7.330932413242288e-23,
0,line,6,"baseline $t=1e+08\,$s",1224119575503194.0,2.0040718630683558e-23,
0,line,6,"baseline $t=1e+08\,$s",1438769556062274.0,4.723922051952559e-24,
0,line,6,"baseline $t=1e+08\,$s",1691058518201297.8,1.1135050153936067e-24,
0,line,6,"baseline $t=1e+08\,$s",1987586476188542.8,1.3327461546834467e-25,
0,line,6,"baseline $t=1e+08\,$s",2336110760099276.0,1.375055888623121e-26,
0,line,6,"baseline $t=1e+08\,$s",2745748951722050.5,1.2747810448817717e-27,
0,line,6,"baseline $t=1e+08\,$s",3227217405377798.0,4.907660129593651e-29,
0,line,6,"baseline $t=1e+08\,$s",3793111593483984.5,1.8893543140273326e-30,
0,line,6,"baseline $t=1e+08\,$s",4458235610853832.5,5.839946897247307e-32,
0,line,6,"baseline $t=1e+08\,$s",5239989457739420.0,1.2927837616400888e-33,
0,line,6,"baseline $t=1e+08\,$s",6158824233150310.0,2.861823780066024e-35,
0,line,6,"baseline $t=1e+08\,$s",7238777146548561.0,7.192904232217706e-36,
0,line,6,"baseline $t=1e+08\,$s",8508100344112365.0,4.283027996170668e-36,
0,line,6,"baseline $t=1e+08\,$s",9999999999999992.0,1.3148928260617123e-37,
0,line,7,"decay $t=1e+08\,$s",4.136189762796504e-07,1.532932077259525e-18,
0,line,7,"decay $t=1e+08\,$s",4.861472708956382e-07,2.467953763440488e-18,
0,line,7,"decay $t=1e+08\,$s",5.713934382920734e-07,3.982983098580932e-18,
0,line,7,"decay $t=1e+08\,$s",6.715875638296561e-07,6.4748803273902386e-18,
0,line,7,"decay $t=1e+08\,$s",7.893507794538307e-07,1.0525797994108737e-17,
0,line,7,"decay $t=1e+08\,$s",9.277638339092464e-07,1.7237451815884866e-17,
0,line,7,"decay $t=1e+08\,$s",1.090447686775643e-06,2.8406576768617555e-17,
0,line,7,"decay $t=1e+08\,$s",1.281658234708323e-06,4.6812813334709515e-17,
0,line,7,"decay $t=1e+08\,$s",1.5063976479722919e-06,7.808155413316289e-17,
0,line,7,"decay $t=1e+08\,$s",1.770545229893428e-06,1.305638463338788e-16,
0,line,7,"decay $t=1e+08\,$s",2.0810112225799443e-06,2.186148145681775e-16,
0,line,7,"decay $t=1e+08\,$s",2.4459175825541275e-06,3.6980977234694297e-16,
0,line,7,"decay $t=1e+08\,$s",2.8748104554816266e-06,6.255718288996329e-16,
0,line,7,"decay $t=1e+08\,$s",3.378909908450926e-06,1.0614185374974282e-15,
0,line,7,"decay $t=1e+08\,$s",3.971403452933094e-06,1.8089600853948703e-15,
0,line,7,"decay $t=1e+08\,$s",4.6677910371394276e-06,3.082984227194494e-15,
0,line,7,"decay $t=1e+08\,$s",5.486290532961935e-06,5.230403329009559e-15,
0,line,7,"decay $t=1e+08\,$s",6.4483143252517195e-06,8.85563530221195e-15,
0,line,7,"decay $t=1e+08\,$s",7.5790294712660705e-06,1.499354288417369e-14,
0,line,7,"decay $t=1e+08\,$s",8.90801608435509e-06,2.1815876380322846e-14,
0,line,7,"decay $t=1e+08\,$s",1.0470041165557464e-05,3.164712739424364e-14,
0,line,7,"decay $t=1e+08\,$s",1.2305968126954065e-05,4.345901448734877e-14,
0,line,7,"decay $t=1e+08\,$s",1.446382580039706e-05,5.140737985254872e-14,
0,line,7,"decay $t=1e+08\,$s",1.7000064897454984e-05,6.080945643005735e-14,
0,line,7,"decay $t=1e+08\,$s",1.998103479023846e-05,6.839221728878533e-14,
0,line,7,"decay $t=1e+08\,$s",2.348471924648282e-05,7.389500185260596e-14,
0,line,7,"decay $t=1e+08\,$s",2.7602776526647472e-05,7.984053846525603e-14,
0,line,7,"decay $t=1e+08\,$s",3.244293721306242e-05,8.402659698686492e-14,
0,line,7,"decay $t=1e+08\,$s",3.8131822499616793e-05,8.800745618795897e-14,
0,line,7,"decay $t=1e+08\,$s",4.481825666995547e-05,9.202941985421932e-14,
0,line,7,"decay $t=1e+08\,$s",5.267716042038626e-05,9.523945941137315e-14,
0,line,7,"decay $t=1e+08\,$s",6.191412687890872e-05,9.856146735085049e-14,
0,line,7,"decay $t=1e+08\,$s",7.277080003146996e-05,1.0172894333522973e-13,
0,line,7,"decay $t=1e+08\,$s",8.553119625796015e-05,1.0461659462878442e-13,
0,line,7,"decay $t=1e+08\,$s",0.00010052913435270806,1.0758621469658712e-13,
0,line,7,"decay $t=1e+08\,$s",0.00011815696840279235,1.1028548259652757e-13,
0,line,7,"decay $t=1e+08\,$s",0.00013887585198093757,1.129042251020769e-13,
0,line,7,"decay $t=1e+08\,$s",0.00016322780216977445,1.155851515448729e-13,
0,line,7,"decay $t=1e+08\,$s",0.00019184987901879548,1.1786629277629297e-13,
0,line,7,"decay $t=1e+08\,$s",0.00022549085137618828,1.2019155404298626e-13,
0,line,7,"decay $t=1e+08\,$s",0.00026503078508262616,1.2243187879057264e-13,
0,line,7,"decay $t=1e+08\,$s",0.00031150406596464975,1.2438243181265322e-13,
0,line,7,"decay $t=1e+08\,$s",0.0003661264599214663,1.2636406717496848e-13,
0,line,7,"decay $t=1e+08\,$s",0.0004303269180115221,1.2810559697227062e-13,
0,line,7,"decay $t=1e+08\,$s",0.0005057849585769236,1.2966754851187274e-13,
0,line,7,"decay $t=1e+08\,$s",0.0005944746043421126,1.3124855973181605e-13,
0,line,7,"decay $t=1e+08\,$s",0.0006987160239047786,1.32435217747607e-13,
0,line,7,"decay $t=1e+08\,$s",0.0008212362285880728,1.3356635353650864e-13,
0,line,7,"decay $t=1e+08\,$s",0.0009652404125162483,1.3463491255048388e-13,
0,line,7,"decay $t=1e+08\,$s",0.001134495802208291,1.3530312116768767e-13,
0,line,7,"decay $t=1e+08\,$s",0.001333430209239787,1.3597470173841044e-13,
0,line,7,"decay $t=1e+08\,$s",0.0015672478641633712,1.3644545383331928e-13,
0,line,7,"decay $t=1e+08\,$s",0.0018420655619651898,1.3665668697411076e-13,
0,line,7,"decay $t=1e+08\,$s",0.002165072680695273,1.368683594955671e-13,
0,line,7,"decay $t=1e+08\,$s",0.0025447192594449017,1.367590769198679e-13,
0,line,7,"decay $t=1e+08\,$s",0.002990937055891487,1.3652989930364533e-13,
0,line,7,"decay $t=1e+08\,$s",0.0035153993663946366,1.362948887627624e-13,
0,line,7,"decay $t=1e+08\,$s",0.004131826405676178,1.3565704037255442e-13,
0,line,7,"decay $t=1e+08\,$s",0.004856344234979996,1.3502247275581218e-13,
0,line,7,"decay $t=1e+08\,$s",0.005707906628464436,1.342793784258839e-13,
0,line,7,"decay $t=1e+08\,$s",0.006708790914077871,1.3328627437540563e-13,
0,line,7,"decay $t=1e+08\,$s",0.007885180760380096,1.3230099479658209e-13,
0,line,7,"decay $t=1e+08\,$s",0.009267851155324736,1.3112884829709415e-13,
0,line,7,"decay $t=1e+08\,$s",0.010892973496413964,1.2983487402411731e-13,
0,line,7,"decay $t=1e+08\,$s",0.012803061853815393,1.2855434723418986e-13,
0,line,7,"decay $t=1e+08\,$s",0.015048085161189995,1.2704129157813105e-13,
0,line,7,"decay $t=1e+08\,$s",0.017686774429738813,1.2551383906019464e-13,
0,line,7,"decay $t=1e+08\,$s",0.020788159182887442,1.2396489722164594e-13,
0,line,7,"decay $t=1e+08\,$s",0.02443337330556136,1.2223748491067647e-13,
0,line,7,"decay $t=1e+08\,$s",0.028717777550036912,1.2053520414754318e-13,
0,line,7,"decay $t=1e+08\,$s",0.033753454224255186,1.1876634888715955e-13,
0,line,7,"decay $t=1e+08\,$s",0.039672139324981495,1.1691752824073615e-13,
0,line,7,"decay $t=1e+08\,$s",0.04662866882198256,1.1509880648079475e-13,
0,line,7,"decay $t=1e+08\,$s",0.054805029249859916,1.1318922583259345e-13,
0,line,7,"decay $t=1e+08\,$s",0.06441511857318971,1.1127238887873726e-13,
0,line,7,"decay $t=1e+08\,$s",0.07571034187174885,1.09385317155369e-13,
0,line,7,"decay $t=1e+08\,$s",0.08898618823194768,1.0740177354326436e-13,
0,line,7,"decay $t=1e+08\,$s",0.10458996089946872,1.0545602171381158e-13,
0,line,7,"decay $t=1e+08\,$s",0.12292986291804184,1.0351418819310803e-13,
0,line,7,"decay $t=1e+08\,$s",0.14448567593952816,1.0154129884652687e-13,
0,line,7,"decay $t=1e+08\,$s",0.16982131156870053,9.960856849011244e-14,
0,line,7,"decay $t=1e+08\,$s",0.1995995635926132,9.766123651939094e-14,
0,line,7,"decay $t=1e+08\,$s",0.23459944702078525,9.572041694143487e-14,
0,line,7,"decay $t=1e+08\,$s",0.2757365775347569,9.382070806484836e-14,
0,line,7,"decay $t=1e+08\,$s",0.3240871244843334,9.190334667701719e-14,
0,line,7,"decay $t=1e+08\,$s",0.38091596405371647,9.00215953344084e-14,
0,line,7,"decay $t=1e+08\,$s",0.4477097690994067,8.817150127652067e-14,
0,line,7,"decay $t=1e+08\,$s",0.5262159013077689,8.631964015325435e-14,
0,line,7,"decay $t=1e+08\,$s",0.6184881231118851,8.450987432950419e-14,
0,line,7,"decay $t=1e+08\,$s",0.7269403252159283,8.272110636014468e-14,
0,line,7,"decay $t=1e+08\,$s",0.8544096752678368,8.095144563785706e-14,
0,line,7,"decay $t=1e+08\,$s",1.0042308396833655,7.92231386029033e-14,
0,line,7,"decay $t=1e+08\,$s",1.1803232203041512,7.751360900071857e-14,
0,line,7,"decay $t=1e+08\,$s",1.387293488047456,7.583834871205333e-14,
0,line,7,"decay $t=1e+08\,$s",1.6305560958827374,7.420204009646006e-14,
0,line,7,"decay $t=1e+08\,$s",1.9164749238190089,7.257595749672395e-14,
0,line,7,"decay $t=1e+08\,$s",2.252529761411663,7.098933686109169e-14,
0,line,7,"decay $t=1e+08\,$s",2.6475119830602387,6.943624228478883e-14,
0,line,7,"decay $t=1e+08\,$s",3.111754535067633,6.79116073476613e-14,
0,line,7,"decay $t=1e+08\,$s",3.6574022510453377,6.642522013879757e-14,
0,line,7,"decay $t=1e+08\,$s",4.2987295672602635,6.496199593099617e-14,
0,line,7,"decay $t=1e+08\,$s",5.0525139495268885,6.352687112744361e-14,
0,line,7,"decay $t=1e+08\,$s",5.93847480069179,6.21276703964099e-14,
0,line,7,"decay $t=1e+08\,$s",6.97978933076548,6.0755602302167e-14,
0,line,7,"decay $t=1e+08\,$s",8.203698885140035,5.941795080570661e-14,
0,line,7,"decay $t=1e+08\,$s",9.642221592763594,5.811201549764513e-14,
0,line,7,"decay $t=1e+08\,$s",11.332989977528834,5.682871404404876e-14,
0,line,7,"decay $t=1e+08\,$s",13.32023544523802,5.557837698362837e-14,
0,line,7,"decay $t=1e+08\,$s",15.655945400850316,5.435638586300043e-14,
0,line,7,"decay $t=1e+08\,$s",18.40122326681789,5.3162160759238263e-14,
0,line,7,"decay $t=1e+08\,$s",21.62788698131826,5.1999277208111563e-14,
0,line,7,"decay $t=1e+08\,$s",25.420347793952185,5.0860566193458345e-14,
0,line,7,"decay $t=1e+08\,$s",29.877818509208026,4.974993637790293e-14,
0,line,7,"decay $t=1e+08\,$s",35.1169089465233,4.866799637011193e-14,
0,line,7,"decay $t=1e+08\,$s",41.274676515567904,4.760597085680013e-14,
0,line,7,"decay $t=1e+08\,$s",48.51221171143108,4.657196263765319e-14,
0,line,7,"decay $t=1e+08\,$s",57.01885232818259,4.5562663847376945e-14,
0,line,7,"decay $t=1e+08\,$s",67.01713663689895,4.457512696445191e-14,
0,line,7,"decay $t=1e+08\,$s",78.76862510592494,4.361369755967729e-14,
0,line,7,"decay $t=1e+08\,$s",92.58074296271438,4.267477189845123e-14,
0,line,7,"decay $t=1e+08\,$s",108.81482260229686,4.17591320519196e-14,
0,line,7,"decay $t=1e+08\,$s",127.89555623611915,4.086794883284194e-14,
0,line,7,"decay $t=1e+08\,$s",150.32210606756786,3.999132573797086e-14,
0,line,7,"decay $t=1e+08\,$s",176.68116264236485,3.913715931319767e-14,
0,line,7,"decay $t=1e+08\,$s",207.6622929872086,3.83058706916478e-14,
0,line,7,"decay $t=1e+08\,$s",244.07598005224483,3.74976555832025e-14,
0,line,7,"decay $t=1e+08\,$s",286.8748253787863,3.6711228881937804e-14,
0,line,7,"decay $t=1e+08\,$s",337.178469665443,3.593867182241757e-14,
0,line,7,"decay $t=1e+08\,$s",396.302883168002,3.517942207847249e-14,
0,line,7,"decay $t=1e+08\,$s",465.7947921855921,3.44401026596643e-14,
0,line,7,"decay $t=1e+08\,$s",547.472142248439,3.3722379271341887e-14,
0,line,7,"decay $t=1e+08\,$s",643.4716565458548,3.3024371448502e-14,
0,line,7,"decay $t=1e+08\,$s",756.3047337483902,3.2343879829636646e-14,
0,line,7,"decay $t=1e+08\,$s",888.9231475410945,3.166799595076545e-14,
0,line,7,"decay $t=1e+08\,$s",1044.79626660284,3.100961911063636e-14,
0,line,7,"decay $t=1e+08\,$s",1228.001815147637,3.036915994081525e-14,
0,line,7,"decay $t=1e+08\,$s",1443.3325483724664,2.9746860831583854e-14,
0,line,7,"decay $t=1e+08\,$s",1696.4216334980495,2.914104106704155e-14,
0,line,7,"decay $t=1e+08\,$s",1993.8900164382494,2.8543969264690654e-14,
0,line,7,"decay $t=1e+08\,$s",2343.5196292883334,2.7958638576814255e-14,
0,line,7,"decay $t=1e+08\,$s",2754.4569698335245,2.738839948961362e-14,
0,line,7,"decay $t=1e+08\,$s",3237.4523788257507,2.6832384978210113e-14,
0,line,7,"decay $t=1e+08\,$s",3805.1412746513693,2.6290817087932358e-14,
0,line,7,"decay $t=1e+08\,$s",4472.374702637946,2.576126389963144e-14,
0,line,7,"decay $t=1e+08\,$s",5256.607846348221,2.5238623750525705e-14,
0,line,7,"decay $t=1e+08\,$s",6178.356664523548,2.472930343148027e-14,
0,line,7,"decay $t=1e+08\,$s",7261.734599544229,2.423137597469712e-14,
0,line,7,"decay $t=1e+08\,$s",8535.083397987082,2.3744715798642154e-14,
0,line,7,"decay $t=1e+08\,$s",10031.714545883691,2.3270481372108235e-14,
0,line,7,"decay $t=1e+08\,$s",11790.780715022454,2.280132691656932e-14,
0,line,7,"decay $t=1e+08\,$s",13858.300017796111,2.23423557525502e-14,
0,line,7,"decay $t=1e+08\,$s",16288.359865649785,2.1894721218644533e-14,
0,line,7,"decay $t=1e+08\,$s",19144.53192470997,2.1456941839867262e-14,
0,line,7,"decay $t=1e+08\,$s",22501.535184593857,2.103015915729953e-14,
0,line,7,"decay $t=1e+08\,$s",26447.19064716322,2.0610284463710943e-14,
0,line,7,"decay $t=1e+08\,$s",31084.718770935444,2.0194951601727714e-14,
0,line,7,"decay $t=1e+08\,$s",36535.43977351612,1.9789858416317393e-14,
0,line,7,"decay $t=1e+08\,$s",42941.94743342294,1.9394870188926615e-14,
0,line,7,"decay $t=1e+08\,$s",50471.839419639866,1.9009749050860327e-14,
0,line,7,"decay $t=1e+08\,$s",59322.10173633708,1.8634218221222684e-14,
0,line,7,"decay $t=1e+08\,$s",69724.26198215637,1.825629555221962e-14,
0,line,7,"decay $t=1e+08\,$s",81950.4462361039,1.788719885809508e-14,
0,line,7,"decay $t=1e+08\,$s",96320.49802140985,1.752682645166878e-14,
0,line,7,"decay $t=1e+08\,$s",113210.34558326888,1.7174529065286636e-14,
0,line,7,"decay $t=1e+08\,$s",133061.8363729217,1.683090848027054e-14,
0,line,7,"decay $t=1e+08\,$s",156394.2960134453,1.6489448529778183e-14,
0,line,7,"decay $t=1e+08\,$s",183818.1141359825,1.61511070202595e-14,
0,line,7,"decay $t=1e+08\,$s",216050.71249915805,1.5820989189167795e-14,
0,line,7,"decay $t=1e+08\,$s",253935.31312623026,1.5495868031004126e-14,
0,line,7,"decay $t=1e+08\,$s",298462.9974444907,1.5178152191837675e-14,
0,line,7,"decay $t=1e+08\,$s",350798.6335058071,1.4867049213244005e-14,
0,line,7,"decay $t=1e+08\,$s",412311.3495582535,1.4554894082502132e-14,
0,line,7,"decay $t=1e+08\,$s",484610.35117383633,1.4250452237207912e-14,
0,line,7,"decay $t=1e+08\,$s",569587.0189274155,1.3950001418059798e-14,
0,line,7,"decay $t=1e+08\,$s",669464.3879248217,1.3652038708721346e-14,
0,line,7,"decay $t=1e+08\,$s",786855.3035908677,1.3361565826014613e-14,
0,line,7,"decay $t=1e+08\,$s",924830.7751040731,1.3070753842301028e-14,
0,line,7,"decay $t=1e+08\,$s",1087000.3146402042,1.2784108839194739e-14,
0,line,7,"decay $t=1e+08\,$s",1277606.364142627,1.2504811045892678e-14,
0,line,7,"decay $t=1e+08\,$s",1501635.2798738715,1.2218863491947906e-14,
0,line,7,"decay $t=1e+08\,$s",1764947.778164129,1.1940263007654973e-14,
0,line,7,"decay $t=1e+08\,$s",2074432.2548869124,1.166504337505733e-14,
0,line,7,"decay $t=1e+08\,$s",2438184.9895816143,1.138692558355565e-14,
0,line,7,"decay $t=1e+08\,$s",2865721.9484591815,1.1116469349810518e-14,
0,line,7,"decay $t=1e+08\,$s",3368227.727170901,1.0841977310657692e-14,
0,line,7,"decay $t=1e+08\,$s",3958848.145816352,1.0566551340390884e-14,
0,line,7,"decay $t=1e+08\,$s",4653034.150632524,1.029910822450741e-14,
0,line,7,"decay $t=1e+08\,$s",5468946.019016334,1.0021635829896503e-14,
0,line,7,"decay $t=1e+08\,$s",6427928.442100255,9.749698892383646e-15,
0,line,7,"decay $t=1e+08\,$s",7555068.913295548,9.482267951801927e-15,
0,line,7,"decay $t=1e+08\,$s",8879854.030545786,9.199354727294427e-15,
0,line,7,"decay $t=1e+08\,$s",10436940.881510252,8.92605480821898e-15,
0,line,7,"decay $t=1e+08\,$s",12267063.691523654,8.64903974189111e-15,
0,line,7,"decay $t=1e+08\,$s",14418099.452732118,8.365125371026125e-15,
0,line,7,"decay $t=1e+08\,$s",16946320.411828764,8.091974511486217e-15,
0,line,7,"decay $t=1e+08\,$s",19917866.182144478,7.79766640097396e-15,
0,line,7,"decay $t=1e+08\,$s",23410473.991326828,7.503502075823515e-15,
0,line,7,"decay $t=1e+08\,$s",27515512.328820772,7.221807805350215e-15,
0,line,7,"decay $t=1e+08\,$s",32340371.19444807,6.919411967018327e-15,
0,line,7,"decay $t=1e+08\,$s",38011271.47827708,6.63217232434266e-15,
0,line,7,"decay $t=1e+08\,$s",44676566.96665627,6.341493457819854e-15,
0,line,7,"decay $t=1e+08\,$s",52510625.356660485,6.024995379751873e-15,
0,line,7,"decay $t=1e+08\,$s",61718389.808363676,5.726931038418166e-15,
0,line,7,"decay $t=1e+08\,$s",72540740.36758682,5.4191917649736995e-15,
0,line,7,"decay $t=1e+08\,$s",85260795.51680958,5.1133888183022935e-15,
0,line,7,"decay $t=1e+08\,$s",100211318.70618989,4.828849729460789e-15,
0,line,7,"decay $t=1e+08\,$s",117783423.62350766,4.522222746602386e-15,
0,line,7,"decay $t=1e+08\,$s",138436805.93754652,4.234929072518375e-15,
0,line,7,"decay $t=1e+08\,$s",162711769.1828178,3.963200382476293e-15,
0,line,7,"decay $t=1e+08\,$s",191243359.38916388,3.673939344469957e-15,
0,line,7,"decay $t=1e+08\,$s",224777978.2257796,3.4131340392281004e-15,
0,line,7,"decay $t=1e+08\,$s",264192909.26831022,3.157710422442963e-15,
0,line,7,"decay $t=1e+08\,$s",310519268.20671827,2.90672410939687e-15,
0,line,7,"decay $t=1e+08\,$s",364968977.38352764,2.6839325616167994e-15,
0,line,7,"decay $t=1e+08\,$s",428966470.33093244,2.4742968528043896e-15,
0,line,7,"decay $t=1e+08\,$s",504185955.7142798,2.287612580154333e-15,
0,line,7,"decay $t=1e+08\,$s",592595215.5267816,2.1241048522793306e-15,
0,line,7,"decay $t=1e+08\,$s",696507083.3195499,1.9515717965904287e-15,
0,line,7,"decay $t=1e+08\,$s",818639949.165067,1.80212786106488e-15,
0,line,7,"decay $t=1e+08\,$s",962188874.1962961,1.669614206079868e-15,
0,line,7,"decay $t=1e+08\,$s",1130909175.1158357,1.5504349507785711e-15,
0,line,7,"decay $t=1e+08\,$s",1329214665.2906115,1.4475529175641063e-15,
0,line,7,"decay $t=1e+08\,$s",1562293122.4717166,1.3564149803578066e-15,
0,line,7,"decay $t=1e+08\,$s",1836242003.836749,1.2768835538416403e-15,
0,line,7,"decay $t=1e+08\,$s",2158227958.732784,1.2078179100571444e-15,
0,line,7,"decay $t=1e+08\,$s",2536674312.058723,1.1350689741716695e-15,
0,line,7,"decay $t=1e+08\,$s",2981481422.9525,1.0695680971397015e-15,
0,line,7,"decay $t=1e+08\,$s",3504285683.48479,1.0114542131770735e-15,
0,line,7,"decay $t=1e+08\,$s",4118763932.9027276,9.608321576827653e-16,
0,line,7,"decay $t=1e+08\,$s",4840991251.0645485,9.152603462419439e-16,
0,line,7,"decay $t=1e+08\,$s",5689861491.131199,8.738282347485714e-16,
0,line,7,"decay $t=1e+08\,$s",6687581552.876901,8.360606555215628e-16,
0,line,7,"decay $t=1e+08\,$s",7860252327.071659,8.011218367394634e-16,
0,line,7,"decay $t=1e+08\,$s",9238551508.752373,7.628658167649509e-16,
0,line,7,"decay $t=1e+08\,$s",10858536142.142939,7.253248156321471e-16,
0,line,7,"decay $t=1e+08\,$s",12762585892.227968,6.902099254521431e-16,
0,line,7,"decay $t=1e+08\,$s",15000511719.469324,6.605948046749201e-16,
0,line,7,"decay $t=1e+08\,$s",17630858961.189373,6.324864051658664e-16,
0,line,7,"decay $t=1e+08\,$s",20722438908.927334,6.056438900926764e-16,
0,line,7,"decay $t=1e+08\,$s",24356128948.652027,5.798984590412828e-16,
0,line,7,"decay $t=1e+08\,$s",28626988356.46236,5.553087594251405e-16,
0,line,7,"decay $t=1e+08\,$s",33646745100.12341,5.284053022978306e-16,
0,line,7,"decay $t=1e+08\,$s",39546718702.49716,5.008160866566437e-16,
0,line,7,"decay $t=1e+08\,$s",46481255630.53951,4.74679313777217e-16,
0,line,7,"decay $t=1e+08\,$s",54631767081.47816,4.545200166148648e-16,
0,line,7,"decay $t=1e+08\,$s",64211474796.81882,4.3569743986199695e-16,
0,line,7,"decay $t=1e+08\,$s",75470989057.21391,4.1701767743834e-16,
0,line,7,"decay $t=1e+08\,$s",88704864781.52556,3.96564940171333e-16,
0,line,7,"decay $t=1e+08\,$s",104259307241.13853,3.771157574763101e-16,
0,line,7,"decay $t=1e+08\,$s",122541228975.14412,3.574959383764807e-16,
0,line,7,"decay $t=1e+08\,$s",144028894840.12958,3.3774298962256126e-16,
0,line,7,"decay $t=1e+08\,$s",169284433674.78238,3.1908149386283297e-16,
0,line,7,"decay $t=1e+08\,$s",198968543891.1475,3.0360008033340815e-16,
0,line,7,"decay $t=1e+08\,$s",233857777698.67584,2.8949161127376404e-16,
0,line,7,"decay $t=1e+08\,$s",274864856125.61456,2.7589630335210495e-16,
0,line,7,"decay $t=1e+08\,$s",323062546289.5716,2.6065501284387264e-16,
0,line,7,"decay $t=1e+08\,$s",379711725559.43,2.462556943957187e-16,
0,line,7,"decay $t=1e+08\,$s",446294366782.1083,2.3208714841011495e-16,
0,line,7,"decay $t=1e+08\,$s",524552307485.35004,2.177228481773262e-16,
0,line,7,"decay $t=1e+08\,$s",616532817279.6378,2.042475809038432e-16,
0,line,7,"decay $t=1e+08\,$s",724642155526.8506,1.9306914230979664e-16,
0,line,7,"decay $t=1e+08\,$s",851708520372.9393,1.8331145644709352e-16,
0,line,7,"decay $t=1e+08\,$s",1001056035925.0074,1.7404692259262105e-16,
0,line,7,"decay $t=1e+08\,$s",1176591713116.9387,1.621539295801099e-16,
0,line,7,"decay $t=1e+08\,$s",1382907659206.3625,1.5082706650873204e-16,
0,line,7,"decay $t=1e+08\,$s",1625401209758.095,1.4029428616741487e-16,
0,line,7,"decay $t=1e+08\,$s",1910416125831.0461,1.3050717705924302e-16,
0,line,7,"decay $t=1e+08\,$s",2245408550162.4854,1.214028292557651e-16,
0,line,7,"decay $t=1e+08\,$s",2639142063852.4736,1.1306030940245327e-16,
0,line,7,"decay $t=1e+08\,$s",3101916946335.435,1.0541063526367082e-16,
0,line,7,"decay $t=1e+08\,$s",3645839636202.627,9.827853906163833e-17,
0,line,7,"decay $t=1e+08\,$s",4285139442114.7456,8.971826764603097e-17,
0,line,7,"decay $t=1e+08\,$s",5036540789131.663,8.143278053005561e-17,
0,line,7,"decay $t=1e+08\,$s",5919700738622.483,7.38904321538849e-17,
0,line,7,"decay $t=1e+08\,$s",6957723227510.926,6.679492035499278e-17,
0,line,7,"decay $t=1e+08\,$s",8177763479629.893,6.038077283953031e-17,
0,line,7,"decay $t=1e+08\,$s",9611738400909.738,5.441302585380411e-17,
0,line,7,"decay $t=1e+08\,$s",11297161542718.53,4.8766573981267346e-17,
0,line,7,"decay $t=1e+08\,$s",13278124476442.15,4.3706055958029095e-17,
0,line,7,"decay $t=1e+08\,$s",15606450252588.45,3.794638289796727e-17,
0,line,7,"decay $t=1e+08\,$s",18343049119522.934,3.238685178699615e-17,
0,line,7,"decay $t=1e+08\,$s",21559511968163.637,2.7641848904181275e-17,
0,line,7,"decay $t=1e+08\,$s",25339983188001.18,2.3254340008902483e-17,
0,line,7,"decay $t=1e+08\,$s",29783361929359.832,1.954463916898855e-17,
0,line,7,"decay $t=1e+08\,$s",35005889358098.59,1.6251061957238027e-17,
0,line,7,"decay $t=1e+08\,$s",41144189586718.34,1.3024796755353906e-17,
0,line,7,"decay $t=1e+08\,$s",48358843834264.234,1.0439030878736121e-17,
0,line,7,"decay $t=1e+08\,$s",56838591316953.945,7.990389729777358e-18,
0,line,7,"decay $t=1e+08\,$s",66805266767082.664,5.856283400482551e-18,
0,line,7,"decay $t=1e+08\,$s",78519603748340.28,4.292163241563493e-18,
0,line,7,"decay $t=1e+08\,$s",92288055585375.66,2.959455505021367e-18,
0,line,7,"decay $t=1e+08\,$s",108470812346775.47,2.0101615911154258e-18,
0,line,7,"decay $t=1e+08\,$s",127491223610023.19,1.3543281575035556e-18,
0,line,7,"decay $t=1e+08\,$s",149846873513012.1,8.413508303965715e-19,
0,line,7,"decay $t=1e+08\,$s",176122597821387.12,5.226733544852458e-19,
0,line,7,"decay $t=1e+08\,$s",207005783545163.47,3.082077016291479e-19,
0,line,7,"decay $t=1e+08\,$s",243304351350781.0,1.6687422135921505e-19,
0,line,7,"decay $t=1e+08\,$s",285967891198117.2,9.035142857069061e-20,
0,line,7,"decay $t=1e+08\,$s",336112504122033.94,4.5647364925702386e-20,
0,line,7,"decay $t=1e+08\,$s",395050000032759.25,2.2279930146060068e-20,
0,line,7,"decay $t=1e+08\,$s",464322215365186.25,1.0874566277815809e-20,
0,line,7,"decay $t=1e+08\,$s",545741348345162.06,4.464961360559809e-21,
0,line,7,"decay $t=1e+08\,$s",641437367064924.9,1.8185981610036967e-21,
0,line,7,"decay $t=1e+08\,$s",753913730588281.0,7.002874268830712e-22,
0,line,7,"decay $t=1e+08\,$s",886112880779532.5,2.265780128242751e-22,
0,line,7,"decay $t=1e+08\,$s",1041493218157350.1,7.330932413242288e-23,
0,line,7,"decay $t=1e+08\,$s",1224119575503194.0,2.0040718630683558e-23,
0,line,7,"decay $t=1e+08\,$s",1438769556062274.0,4.723922051952559e-24,
0,line,7,"decay $t=1e+08\,$s",1691058518201297.8,1.1135050153936067e-24,
0,line,7,"decay $t=1e+08\,$s",1987586476188542.8,1.3327461546834467e-25,
0,line,7,"decay $t=1e+08\,$s",2336110760099276.0,1.375055888623121e-26,
0,line,7,"decay $t=1e+08\,$s",2745748951722050.5,1.2747810448817717e-27,
0,line,7,"decay $t=1e+08\,$s",3227217405377798.0,4.907660129593651e-29,
0,line,7,"decay $t=1e+08\,$s",3793111593483984.5,1.8893543140273326e-30,
0,line,7,"decay $t=1e+08\,$s",4458235610853832.5,5.839946897247307e-32,
0,line,7,"decay $t=1e+08\,$s",5239989457739420.0,1.2927837616400888e-33,
0,line,7,"decay $t=1e+08\,$s",6158824233150310.0,2.861823780066024e-35,
0,line,7,"decay $t=1e+08\,$s",7238777146548561.0,7.192904232217706e-36,
0,line,7,"decay $t=1e+08\,$s",8508100344112365.0,4.283027996170668e-36,
0,line,7,"decay $t=1e+08\,$s",9999999999999992.0,1.3148928260617123e-37,
1,line,0,"baseline $t=1e+02\,$s",4.136189762796504e-07,6.2468528106468765e-22,
1,line,0,"baseline $t=1e+02\,$s",4.861472708956382e-07,1.0145977746069907e-21,
1,line,0,"baseline $t=1e+02\,$s",5.713934382920734e-07,1.648049122404276e-21,
1,line,0,"baseline $t=1e+02\,$s",6.715875638296561e-07,2.677093990647559e-21,
1,line,0,"baseline $t=1e+02\,$s",7.893507794538307e-07,4.348843827379876e-21,
1,line,0,"baseline $t=1e+02\,$s",9.277638339092464e-07,7.065660455437008e-21,
1,line,0,"baseline $t=1e+02\,$s",1.090447686775643e-06,1.1480024015258722e-20,
1,line,0,"baseline $t=1e+02\,$s",1.281658234708323e-06,1.8654463263890216e-20,
1,line,0,"baseline $t=1e+02\,$s",1.5063976479722919e-06,3.0317469131433845e-20,
1,line,0,"baseline $t=1e+02\,$s",1.770545229893428e-06,4.927504059125329e-20,
1,line,0,"baseline $t=1e+02\,$s",2.0810112225799443e-06,8.010565587190861e-20,
1,line,0,"baseline $t=1e+02\,$s",2.4459175825541275e-06,1.3024479448401323e-19,
1,line,0,"baseline $t=1e+02\,$s",2.8748104554816266e-06,2.1178559583176785e-19,
1,line,0,"baseline $t=1e+02\,$s",3.378909908450926e-06,3.4451737805787434e-19,
1,line,0,"baseline $t=1e+02\,$s",3.971403452933094e-06,5.604934866470183e-19,
1,line,0,"baseline $t=1e+02\,$s",4.6677910371394276e-06,9.120752136714952e-19,
1,line,0,"baseline $t=1e+02\,$s",5.486290532961935e-06,1.4849613803427554e-18,
1,line,0,"baseline $t=1e+02\,$s",6.4483143252517195e-06,2.417928932128028e-18,
1,line,0,"baseline $t=1e+02\,$s",7.5790294712660705e-06,3.9391060919046954e-18,
1,line,0,"baseline $t=1e+02\,$s",8.90801608435509e-06,6.4201887097606894e-18,
1,line,0,"baseline $t=1e+02\,$s",1.0470041165557464e-05,1.0466340720981128e-17,
1,line,0,"baseline $t=1e+02\,$s",1.2305968126954065e-05,1.7078454679614703e-17,
1,line,0,"baseline $t=1e+02\,$s",1.446382580039706e-05,2.78771668419569e-17,
1,line,0,"baseline $t=1e+02\,$s",1.7000064897454984e-05,4.552071509175121e-17,
1,line,0,"baseline $t=1e+02\,$s",1.998103479023846e-05,7.443369342922095e-17,
1,line,0,"baseline $t=1e+02\,$s",2.348471924648282e-05,1.2173643403688173e-16,
1,line,0,"baseline $t=1e+02\,$s",2.7602776526647472e-05,1.99287175844995e-16,
1,line,0,"baseline $t=1e+02\,$s",3.244293721306242e-05,3.2663466780799934e-16,
1,line,0,"baseline $t=1e+02\,$s",3.8131822499616793e-05,5.355645955972305e-16,
1,line,0,"baseline $t=1e+02\,$s",4.481825666995547e-05,8.795210001038157e-16,
1,line,0,"baseline $t=1e+02\,$s",5.267716042038626e-05,1.4455805093298167e-15,
1,line,0,"baseline $t=1e+02\,$s",6.191412687890872e-05,2.3771700754837878e-15,
1,line,0,"baseline $t=1e+02\,$s",7.277080003146996e-05,3.9173608622724196e-15,
1,line,0,"baseline $t=1e+02\,$s",8.553119625796015e-05,6.457911354251767e-15,
1,line,0,"baseline $t=1e+02\,$s",0.00010052913435270806,1.0654968862928926e-14,
1,line,0,"baseline $t=1e+02\,$s",0.00011815696840279235,1.7605725461293823e-14,
1,line,0,"baseline $t=1e+02\,$s",0.00013887585198093757,2.9095906961948324e-14,
1,line,0,"baseline $t=1e+02\,$s",0.00016322780216977445,4.812064321296217e-14,
1,line,0,"baseline $t=1e+02\,$s",0.00019184987901879548,7.961817075893621e-14,
1,line,0,"baseline $t=1e+02\,$s",0.00022549085137618828,1.3173908961518186e-13,
1,line,0,"baseline $t=1e+02\,$s",0.00026503078508262616,2.1793569283198521e-13,
1,line,0,"baseline $t=1e+02\,$s",0.00031150406596464975,3.60434591438673e-13,
1,line,0,"baseline $t=1e+02\,$s",0.0003661264599214663,5.958661733429792e-13,
1,line,0,"baseline $t=1e+02\,$s",0.0004303269180115221,9.841760915607469e-13,
1,line,0,"baseline $t=1e+02\,$s",0.0005057849585769236,1.625003025034093e-12,
1,line,0,"baseline $t=1e+02\,$s",0.0005944746043421126,2.6815968467037636e-12,
1,line,0,"baseline $t=1e+02\,$s",0.0006987160239047786,4.422612768315607e-12,
1,line,0,"baseline $t=1e+02\,$s",0.0008212362285880728,7.288956331567618e-12,
1,line,0,"baseline $t=1e+02\,$s",0.0009652404125162483,1.2010232785389185e-11,
1,line,0,"baseline $t=1e+02\,$s",0.001134495802208291,1.9783409000273934e-11,
1,line,0,"baseline $t=1e+02\,$s",0.001333430209239787,3.255106859478987e-11,
1,line,0,"baseline $t=1e+02\,$s",0.0015672478641633712,5.34941437276347e-11,
1,line,0,"baseline $t=1e+02\,$s",0.0018420655619651898,8.775096448898019e-11,
1,line,0,"baseline $t=1e+02\,$s",0.002165072680695273,1.4311603103905793e-10,
1,line,0,"baseline $t=1e+02\,$s",0.0025447192594449017,2.3030111880883554e-10,
1,line,0,"baseline $t=1e+02\,$s",0.002990937055891487,3.6809717367955663e-10,
1,line,0,"baseline $t=1e+02\,$s",0.0035153993663946366,5.649891491080156e-10,
1,line,0,"baseline $t=1e+02\,$s",0.004131826405676178,8.414360126977853e-10,
1,line,0,"baseline $t=1e+02\,$s",0.004856344234979996,1.238032882307495e-09,
1,line,0,"baseline $t=1e+02\,$s",0.005707906628464436,1.7037994155946651e-09,
1,line,0,"baseline $t=1e+02\,$s",0.006708790914077871,2.3070170123958226e-09,
1,line,0,"baseline $t=1e+02\,$s",0.007885180760380096,3.0808915354513242e-09,
1,line,0,"baseline $t=1e+02\,$s",0.009267851155324736,3.927090619802661e-09,
1,line,0,"baseline $t=1e+02\,$s",0.010892973496413964,4.994465320155617e-09,
1,line,0,"baseline $t=1e+02\,$s",0.012803061853815393,6.254482489958229e-09,
1,line,0,"baseline $t=1e+02\,$s",0.015048085161189995,7.704817702073015e-09,
1,line,0,"baseline $t=1e+02\,$s",0.017686774429738813,9.4716487794496e-09,
1,line,0,"baseline $t=1e+02\,$s",0.020788159182887442,1.151067326139434e-08,
1,line,0,"baseline $t=1e+02\,$s",0.02443337330556136,1.3921986272530178e-08,
1,line,0,"baseline $t=1e+02\,$s",0.028717777550036912,1.6810437350836838e-08,
1,line,0,"baseline $t=1e+02\,$s",0.033753454224255186,2.0127946578655173e-08,
1,line,0,"baseline $t=1e+02\,$s",0.039672139324981495,2.4078703372586495e-08,
1,line,0,"baseline $t=1e+02\,$s",0.04662866882198256,2.872810881701716e-08,
1,line,0,"baseline $t=1e+02\,$s",0.054805029249859916,3.411186563249672e-08,
1,line,0,"baseline $t=1e+02\,$s",0.06441511857318971,4.048133569936448e-08,
1,line,0,"baseline $t=1e+02\,$s",0.07571034187174885,4.786105267998341e-08,
1,line,0,"baseline $t=1e+02\,$s",0.08898618823194768,5.644570996757502e-08,
1,line,0,"baseline $t=1e+02\,$s",0.10458996089946872,6.651479229251451e-08,
1,line,0,"baseline $t=1e+02\,$s",0.12292986291804184,7.80188571489433e-08,
1,line,0,"baseline $t=1e+02\,$s",0.14448567593952816,9.141091558249635e-08,
1,line,0,"baseline $t=1e+02\,$s",0.16982131156870053,1.0694296591680065e-07,
1,line,0,"baseline $t=1e+02\,$s",0.1995995635926132,1.245409323183985e-07,
1,line,0,"baseline $t=1e+02\,$s",0.23459944702078525,1.4497063679700653e-07,
1,line,0,"baseline $t=1e+02\,$s",0.2757365775347569,1.6825622390600498e-07,
1,line,0,"baseline $t=1e+02\,$s",0.3240871244843334,1.946977353238687e-07,
1,line,0,"baseline $t=1e+02\,$s",0.38091596405371647,2.251198414275788e-07,
1,line,0,"baseline $t=1e+02\,$s",0.4477097690994067,2.592521751341246e-07,
1,line,0,"baseline $t=1e+02\,$s",0.5262159013077689,2.980596219773988e-07,
1,line,0,"baseline $t=1e+02\,$s",0.6184881231118851,3.4233489251025713e-07,
1,line,0,"baseline $t=1e+02\,$s",0.7269403252159283,3.913025276976516e-07,
1,line,0,"baseline $t=1e+02\,$s",0.8544096752678368,4.4702290594463665e-07,
1,line,0,"baseline $t=1e+02\,$s",1.0042308396833655,5.095926370316201e-07,
1,line,0,"baseline $t=1e+02\,$s",1.1803232203041512,5.788580453557826e-07,
1,line,0,"baseline $t=1e+02\,$s",1.387293488047456,6.571893083272298e-07,
1,line,0,"baseline $t=1e+02\,$s",1.6305560958827374,7.437226743217184e-07,
1,line,0,"baseline $t=1e+02\,$s",1.9164749238190089,8.399420786182575e-07,
1,line,0,"baseline $t=1e+02\,$s",2.252529761411663,9.479224915169894e-07,
1,line,0,"baseline $t=1e+02\,$s",2.6475119830602387,1.0656129051365296e-06,
1,line,0,"baseline $t=1e+02\,$s",3.111754535067633,1.1968934552365888e-06,
1,line,0,"baseline $t=1e+02\,$s",3.6574022510453377,1.3426858543833902e-06,
1,line,0,"baseline $t=1e+02\,$s",4.2987295672602635,1.5009991903775333e-06,
1,line,0,"baseline $t=1e+02\,$s",5.0525139495268885,1.6774319455465124e-06,
1,line,0,"baseline $t=1e+02\,$s",5.93847480069179,1.8705780028976652e-06,
1,line,0,"baseline $t=1e+02\,$s",6.97978933076548,2.081714250933006e-06,
1,line,0,"baseline $t=1e+02\,$s",8.203698885140035,2.3155025092089264e-06,
1,line,0,"baseline $t=1e+02\,$s",9.642221592763594,2.5688462284721813e-06,
1,line,0,"baseline $t=1e+02\,$s",11.332989977528834,2.847045104262964e-06,
1,line,0,"baseline $t=1e+02\,$s",13.32023544523802,3.1534972465083124e-06,
1,line,0,"baseline $t=1e+02\,$s",15.655945400850316,3.4832327100200906e-06,
1,line,0,"baseline $t=1e+02\,$s",18.40122326681789,3.846385282780464e-06,
1,line,0,"baseline $t=1e+02\,$s",21.62788698131826,4.24245426845216e-06,
1,line,0,"baseline $t=1e+02\,$s",25.420347793952185,4.670822776525239e-06,
1,line,0,"baseline $t=1e+02\,$s",29.877818509208026,5.141087289254556e-06,
1,line,0,"baseline $t=1e+02\,$s",35.1169089465233,5.6497061899234885e-06,
1,line,0,"baseline $t=1e+02\,$s",41.274676515567904,6.2027526918561866e-06,
1,line,0,"baseline $t=1e+02\,$s",48.51221171143108,6.807740284663388e-06,
1,line,0,"baseline $t=1e+02\,$s",57.01885232818259,7.458155978438181e-06,
1,line,0,"baseline $t=1e+02\,$s",67.01713663689895,8.167843580086488e-06,
1,line,0,"baseline $t=1e+02\,$s",78.76862510592494,8.94003058842154e-06,
1,line,0,"baseline $t=1e+02\,$s",92.58074296271438,9.770317945125573e-06,
1,line,0,"baseline $t=1e+02\,$s",108.81482260229686,1.0676330965050204e-05,
1,line,0,"baseline $t=1e+02\,$s",127.89555623611915,1.165500772869629e-05,
1,line,0,"baseline $t=1e+02\,$s",150.32210606756786,1.2712011583077386e-05,
1,line,0,"baseline $t=1e+02\,$s",176.68116264236485,1.38620594709539e-05,
1,line,0,"baseline $t=1e+02\,$s",207.6622929872086,1.5097105046804034e-05,
1,line,0,"baseline $t=1e+02\,$s",244.07598005224483,1.6434670432909667e-05,
1,line,0,"baseline $t=1e+02\,$s",286.8748253787863,1.7885967593317822e-05,
1,line,0,"baseline $t=1e+02\,$s",337.178469665443,1.943535479083837e-05,
1,line,0,"baseline $t=1e+02\,$s",396.302883168002,2.1116586119113245e-05,
1,line,0,"baseline $t=1e+02\,$s",465.7947921855921,2.2926390869057543e-05,
1,line,0,"baseline $t=1e+02\,$s",547.472142248439,2.4861139168594734e-05,
1,line,0,"baseline $t=1e+02\,$s",643.4716565458548,2.695533684235404e-05,
1,line,0,"baseline $t=1e+02\,$s",756.3047337483902,2.918587549689298e-05,
1,line,0,"baseline $t=1e+02\,$s",888.9231475410945,3.157462934577944e-05,
1,line,0,"baseline $t=1e+02\,$s",1044.79626660284,3.4150921632789715e-05,
1,line,0,"baseline $t=1e+02\,$s",1228.001815147637,3.685389230617334e-05,
1,line,0,"baseline $t=1e+02\,$s",1443.3325483724664,3.975564589343097e-05,
1,line,0,"baseline $t=1e+02\,$s",1696.4216334980495,4.285035353113712e-05,
1,line,0,"baseline $t=1e+02\,$s",1993.8900164382494,4.606195912261932e-05,
1,line,0,"baseline $t=1e+02\,$s",2343.5196292883334,4.950700634765387e-05,
1,line,0,"baseline $t=1e+02\,$s",2754.4569698335245,5.308746813950421e-05,
1,line,0,"baseline $t=1e+02\,$s",3237.4523788257507,5.68002111012296e-05,
1,line,0,"baseline $t=1e+02\,$s",3805.1412746513693,6.074869934614683e-05,
1,line,0,"baseline $t=1e+02\,$s",4472.374702637946,6.469119475705977e-05,
1,line,0,"baseline $t=1e+02\,$s",5256.607846348221,6.878959489683361e-05,
1,line,0,"baseline $t=1e+02\,$s",6178.356664523548,7.308065744111813e-05,
1,line,0,"baseline $t=1e+02\,$s",7261.734599544229,7.711430552726998e-05,
1,line,0,"baseline $t=1e+02\,$s",8535.083397987082,8.134687513464847e-05,
1,line,0,"baseline $t=1e+02\,$s",10031.714545883691,8.549206983349023e-05,
1,line,0,"baseline $t=1e+02\,$s",11790.780715022454,8.932748934809597e-05,
1,line,0,"baseline $t=1e+02\,$s",13858.300017796111,9.326915050760328e-05,
1,line,0,"baseline $t=1e+02\,$s",16288.359865649785,9.668578403560974e-05,
1,line,0,"baseline $t=1e+02\,$s",19144.53192470997,9.98434099153487e-05,
1,line,0,"baseline $t=1e+02\,$s",22501.535184593857,0.00010294656805442725,
1,line,0,"baseline $t=1e+02\,$s",26447.19064716322,0.00010507629328791363,
1,line,0,"baseline $t=1e+02\,$s",31084.718770935444,0.00010708878198282784,
1,line,0,"baseline $t=1e+02\,$s",36535.43977351612,0.00010869742582316524,
1,line,0,"baseline $t=1e+02\,$s",42941.94743342294,0.00010943419514244578,
1,line,0,"baseline $t=1e+02\,$s",50471.839419639866,0.00011005160081026987,
1,line,0,"baseline $t=1e+02\,$s",59322.10173633708,0.00010997136283381994,
1,line,0,"baseline $t=1e+02\,$s",69724.26198215637,0.00010948452825185012,
1,line,0,"baseline $t=1e+02\,$s",81950.4462361039,0.00010872608204866357,
1,line,0,"baseline $t=1e+02\,$s",96320.49802140985,0.00010743288232452355,
1,line,0,"baseline $t=1e+02\,$s",113210.34558326888,0.00010597985952201856,
1,line,0,"baseline $t=1e+02\,$s",133061.8363729217,0.0001042833231493802,
1,line,0,"baseline $t=1e+02\,$s",156394.2960134453,0.00010233986227844194,
1,line,0,"baseline $t=1e+02\,$s",183818.1141359825,0.00010032236117112666,
1,line,0,"baseline $t=1e+02\,$s",216050.71249915805,9.82001447572294e-05,
1,line,0,"baseline $t=1e+02\,$s",253935.31312623026,9.603461179711588e-05,
1,line,0,"baseline $t=1e+02\,$s",298462.9974444907,9.384430258115858e-05,
1,line,0,"baseline $t=1e+02\,$s",350798.6335058071,9.166542790191487e-05,
1,line,0,"baseline $t=1e+02\,$s",412311.3495582535,8.951137787725465e-05,
1,line,0,"baseline $t=1e+02\,$s",484610.35117383633,8.738649990973745e-05,
1,line,0,"baseline $t=1e+02\,$s",569587.0189274155,8.530324248070361e-05,
1,line,0,"baseline $t=1e+02\,$s",669464.3879248217,8.326516473162656e-05,
1,line,0,"baseline $t=1e+02\,$s",786855.3035908677,8.12721634689256e-05,
1,line,0,"baseline $t=1e+02\,$s",924830.7751040731,7.932356635148403e-05,
1,line,0,"baseline $t=1e+02\,$s",1087000.3146402042,7.742104208724721e-05,
1,line,0,"baseline $t=1e+02\,$s",1277606.364142627,7.556183185980919e-05,
1,line,0,"baseline $t=1e+02\,$s",1501635.2798738715,7.374550343347067e-05,
1,line,0,"baseline $t=1e+02\,$s",1764947.778164129,7.197167950834385e-05,
1,line,0,"baseline $t=1e+02\,$s",2074432.2548869124,7.023761367338782e-05,
1,line,0,"baseline $t=1e+02\,$s",2438184.9895816143,6.85445354080315e-05,
1,line,0,"baseline $t=1e+02\,$s",2865721.9484591815,6.689098172324727e-05,
1,line,0,"baseline $t=1e+02\,$s",3368227.727170901,6.52729337329437e-05,
1,line,0,"baseline $t=1e+02\,$s",3958848.145816352,6.369332259503056e-05,
1,line,0,"baseline $t=1e+02\,$s",4653034.150632524,6.214913969568735e-05,
1,line,0,"baseline $t=1e+02\,$s",5468946.019016334,6.063969381162082e-05,
1,line,0,"baseline $t=1e+02\,$s",6427928.442100255,5.916569182363823e-05,
1,line,0,"baseline $t=1e+02\,$s",7555068.913295548,5.772254508564884e-05,
1,line,0,"baseline $t=1e+02\,$s",8879854.030545786,5.6312394302890955e-05,
1,line,0,"baseline $t=1e+02\,$s",10436940.881510252,5.4934844009968e-05,
1,line,0,"baseline $t=1e+02\,$s",12267063.691523654,5.3584294709421425e-05,
1,line,0,"baseline $t=1e+02\,$s",14418099.452732118,5.2265648196469395e-05,
1,line,0,"baseline $t=1e+02\,$s",16946320.411828764,5.0975242893753625e-05,
1,line,0,"baseline $t=1e+02\,$s",19917866.182144478,4.971002788568364e-05,
1,line,0,"baseline $t=1e+02\,$s",23410473.991326828,4.8474770849329176e-05,
1,line,0,"baseline $t=1e+02\,$s",27515512.328820772,4.7262300982348896e-05,
1,line,0,"baseline $t=1e+02\,$s",32340371.19444807,4.6075077794981606e-05,
1,line,0,"baseline $t=1e+02\,$s",38011271.47827708,4.491435528191265e-05,
1,line,0,"baseline $t=1e+02\,$s",44676566.96665627,4.3771221327925366e-05,
1,line,0,"baseline $t=1e+02\,$s",52510625.356660485,4.265401676764499e-05,
1,line,0,"baseline $t=1e+02\,$s",61718389.808363676,4.1559749843068374e-05,
1,line,0,"baseline $t=1e+02\,$s",72540740.36758682,4.047818599110033e-05,
1,line,0,"baseline $t=1e+02\,$s",85260795.51680958,3.942258579532631e-05,
1,line,0,"baseline $t=1e+02\,$s",100211318.70618989,3.8382084720788774e-05,
1,line,0,"baseline $t=1e+02\,$s",117783423.62350766,3.735709125744072e-05,
1,line,0,"baseline $t=1e+02\,$s",138436805.93754652,3.6354194740988266e-05,
1,line,0,"baseline $t=1e+02\,$s",162711769.1828178,3.535777323770398e-05,
1,line,0,"baseline $t=1e+02\,$s",191243359.38916388,3.438024834204051e-05,
1,line,0,"baseline $t=1e+02\,$s",224777978.2257796,3.342158452008494e-05,
1,line,0,"baseline $t=1e+02\,$s",264192909.26831022,3.245958605684534e-05,
1,line,0,"baseline $t=1e+02\,$s",310519268.20671827,3.1520457059585786e-05,
1,line,0,"baseline $t=1e+02\,$s",364968977.38352764,3.059020905646596e-05,
1,line,0,"baseline $t=1e+02\,$s",428966470.33093244,2.9658416058104635e-05,
1,line,0,"baseline $t=1e+02\,$s",504185955.7142798,2.874865767064077e-05,
1,line,0,"baseline $t=1e+02\,$s",592595215.5267816,2.7831766794307047e-05,
1,line,0,"baseline $t=1e+02\,$s",696507083.3195499,2.6923782089331797e-05,
1,line,0,"baseline $t=1e+02\,$s",818639949.165067,2.6032160525137102e-05,
1,line,0,"baseline $t=1e+02\,$s",962188874.1962961,2.5117784692419607e-05,
1,line,0,"baseline $t=1e+02\,$s",1130909175.1158357,2.422313111428788e-05,
1,line,0,"baseline $t=1e+02\,$s",1329214665.2906115,2.333651725223406e-05,
1,line,0,"baseline $t=1e+02\,$s",1562293122.4717166,2.2420638858394553e-05,
1,line,0,"baseline $t=1e+02\,$s",1836242003.836749,2.1533499227860954e-05,
1,line,0,"baseline $t=1e+02\,$s",2158227958.732784,2.0629773970377614e-05,
1,line,0,"baseline $t=1e+02\,$s",2536674312.058723,1.971888084017574e-05,
1,line,0,"baseline $t=1e+02\,$s",2981481422.9525,1.8830138841058395e-05,
1,line,0,"baseline $t=1e+02\,$s",3504285683.48479,1.790588829057514e-05,
1,line,0,"baseline $t=1e+02\,$s",4118763932.9027276,1.7001317185890788e-05,
1,line,0,"baseline $t=1e+02\,$s",4840991251.0645485,1.6118048635851972e-05,
1,line,0,"baseline $t=1e+02\,$s",5689861491.131199,1.5179463893765635e-05,
1,line,0,"baseline $t=1e+02\,$s",6687581552.876901,1.4288581927143896e-05,
1,line,0,"baseline $t=1e+02\,$s",7860252327.071659,1.3399844202788785e-05,
1,line,0,"baseline $t=1e+02\,$s",9238551508.752373,1.2492500069948161e-05,
1,line,0,"baseline $t=1e+02\,$s",10858536142.142939,1.1643355477802844e-05,
1,line,0,"baseline $t=1e+02\,$s",12762585892.227968,1.0780096610804489e-05,
1,line,0,"baseline $t=1e+02\,$s",15000511719.469324,9.954821212978482e-06,
1,line,0,"baseline $t=1e+02\,$s",17630858961.189373,9.189846572856773e-06,
1,line,0,"baseline $t=1e+02\,$s",20722438908.927334,8.401051918948222e-06,
1,line,0,"baseline $t=1e+02\,$s",24356128948.652027,7.688417293788405e-06,
1,line,0,"baseline $t=1e+02\,$s",28626988356.46236,7.033383185952501e-06,
1,line,0,"baseline $t=1e+02\,$s",33646745100.12341,6.388452728759963e-06,
1,line,0,"baseline $t=1e+02\,$s",39546718702.49716,5.835595934226362e-06,
1,line,0,"baseline $t=1e+02\,$s",46481255630.53951,5.331145973746626e-06,
1,line,0,"baseline $t=1e+02\,$s",54631767081.47816,4.886296516651526e-06,
1,line,0,"baseline $t=1e+02\,$s",64211474796.81882,4.515267855923294e-06,
1,line,0,"baseline $t=1e+02\,$s",75470989057.21391,4.15882204167665e-06,
1,line,0,"baseline $t=1e+02\,$s",88704864781.52556,3.8546173856174415e-06,
1,line,0,"baseline $t=1e+02\,$s",104259307241.13853,3.6053508188639507e-06,
1,line,0,"baseline $t=1e+02\,$s",122541228975.14412,3.3720087043677727e-06,
1,line,0,"baseline $t=1e+02\,$s",144028894840.12958,3.188938351077266e-06,
1,line,0,"baseline $t=1e+02\,$s",169284433674.78238,3.0423069789350475e-06,
1,line,0,"baseline $t=1e+02\,$s",198968543891.1475,2.924800596593742e-06,
1,line,0,"baseline $t=1e+02\,$s",233857777698.67584,2.8333543036409543e-06,
1,line,0,"baseline $t=1e+02\,$s",274864856125.61456,2.702433546931607e-06,
1,line,0,"baseline $t=1e+02\,$s",323062546289.5716,2.5567097503963754e-06,
1,line,0,"baseline $t=1e+02\,$s",379711725559.43,2.428075794677005e-06,
1,line,0,"baseline $t=1e+02\,$s",446294366782.1083,2.2893493194436116e-06,
1,line,0,"baseline $t=1e+02\,$s",524552307485.35004,2.161212731437403e-06,
1,line,0,"baseline $t=1e+02\,$s",616532817279.6378,2.0320802620387303e-06,
1,line,0,"baseline $t=1e+02\,$s",724642155526.8506,1.8722167857150284e-06,
1,line,0,"baseline $t=1e+02\,$s",851708520372.9393,1.723118832408814e-06,
1,line,0,"baseline $t=1e+02\,$s",1001056035925.0074,1.54962011822991e-06,
1,line,0,"baseline $t=1e+02\,$s",1176591713116.9387,1.3658902110705918e-06,
1,line,0,"baseline $t=1e+02\,$s",1382907659206.3625,1.2015054077497977e-06,
1,line,0,"baseline $t=1e+02\,$s",1625401209758.095,1.0557127131569497e-06,
1,line,0,"baseline $t=1e+02\,$s",1910416125831.0461,9.27800775334007e-07,
1,line,0,"baseline $t=1e+02\,$s",2245408550162.4854,8.144690023614825e-07,
1,line,0,"baseline $t=1e+02\,$s",2639142063852.4736,7.115989607173412e-07,
1,line,0,"baseline $t=1e+02\,$s",3101916946335.435,6.219563886679262e-07,
1,line,0,"baseline $t=1e+02\,$s",3645839636202.627,5.441307578046457e-07,
1,line,0,"baseline $t=1e+02\,$s",4285139442114.7456,4.7625764077909044e-07,
1,line,0,"baseline $t=1e+02\,$s",5036540789131.663,4.1685233710255164e-07,
1,line,0,"baseline $t=1e+02\,$s",5919700738622.483,3.6484163176485176e-07,
1,line,0,"baseline $t=1e+02\,$s",6957723227510.926,3.188895038575695e-07,
1,line,0,"baseline $t=1e+02\,$s",8177763479629.893,2.7727963256028317e-07,
1,line,0,"baseline $t=1e+02\,$s",9611738400909.738,2.3382730972926948e-07,
1,line,0,"baseline $t=1e+02\,$s",11297161542718.53,1.967676189789782e-07,
1,line,0,"baseline $t=1e+02\,$s",13278124476442.15,1.670295282285135e-07,
1,line,0,"baseline $t=1e+02\,$s",15606450252588.45,1.445946578641888e-07,
1,line,0,"baseline $t=1e+02\,$s",18343049119522.934,1.2509589469720916e-07,
1,line,0,"baseline $t=1e+02\,$s",21559511968163.637,1.0771764038005299e-07,
1,line,0,"baseline $t=1e+02\,$s",25339983188001.18,9.234067836497852e-08,
1,line,0,"baseline $t=1e+02\,$s",29783361929359.832,7.893895640849055e-08,
1,line,0,"baseline $t=1e+02\,$s",35005889358098.59,6.636256314181261e-08,
1,line,0,"baseline $t=1e+02\,$s",41144189586718.34,5.556425573671027e-08,
1,line,0,"baseline $t=1e+02\,$s",48358843834264.234,4.6689157150348986e-08,
1,line,0,"baseline $t=1e+02\,$s",56838591316953.945,3.9819838539368766e-08,
1,line,0,"baseline $t=1e+02\,$s",66805266767082.664,3.393271716029509e-08,
1,line,0,"baseline $t=1e+02\,$s",78519603748340.28,2.8749899730435084e-08,
1,line,0,"baseline $t=1e+02\,$s",92288055585375.66,2.413125864767159e-08,
1,line,0,"baseline $t=1e+02\,$s",108470812346775.47,2.011203381311258e-08,
1,line,0,"baseline $t=1e+02\,$s",127491223610023.19,1.598266381932568e-08,
1,line,0,"baseline $t=1e+02\,$s",149846873513012.1,1.2423467828175544e-08,
1,line,0,"baseline $t=1e+02\,$s",176122597821387.12,9.725296172525382e-09,
1,line,0,"baseline $t=1e+02\,$s",207005783545163.47,7.932833808933017e-09,
1,line,0,"baseline $t=1e+02\,$s",243304351350781.0,6.483686519934025e-09,
1,line,0,"baseline $t=1e+02\,$s",285967891198117.2,5.227862987443766e-09,
1,line,0,"baseline $t=1e+02\,$s",336112504122033.94,4.084579155405059e-09,
1,line,0,"baseline $t=1e+02\,$s",395050000032759.25,3.174534860907411e-09,
1,line,0,"baseline $t=1e+02\,$s",464322215365186.25,2.360824293176764e-09,
1,line,0,"baseline $t=1e+02\,$s",545741348345162.06,1.6983268138609777e-09,
1,line,0,"baseline $t=1e+02\,$s",641437367064924.9,1.2196028421051116e-09,
1,line,0,"baseline $t=1e+02\,$s",753913730588281.0,8.71117085909021e-10,
1,line,0,"baseline $t=1e+02\,$s",886112880779532.5,6.193637372964918e-10,
1,line,0,"baseline $t=1e+02\,$s",1041493218157350.1,4.312882620828174e-10,
1,line,0,"baseline $t=1e+02\,$s",1224119575503194.0,2.690623160273561e-10,
1,line,0,"baseline $t=1e+02\,$s",1438769556062274.0,1.6642642175836809e-10,
1,line,0,"baseline $t=1e+02\,$s",1691058518201297.8,9.213961910338743e-11,
1,line,0,"baseline $t=1e+02\,$s",1987586476188542.8,4.343454406334039e-11,
1,line,0,"baseline $t=1e+02\,$s",2336110760099276.0,2.05243653070572e-11,
1,line,0,"baseline $t=1e+02\,$s",2745748951722050.5,9.987607685468538e-12,
1,line,0,"baseline $t=1e+02\,$s",3227217405377798.0,4.932241796383702e-12,
1,line,0,"baseline $t=1e+02\,$s",3793111593483984.5,2.4062654522156746e-12,
1,line,0,"baseline $t=1e+02\,$s",4458235610853832.5,1.001321352009338e-12,
1,line,0,"baseline $t=1e+02\,$s",5239989457739420.0,4.083887436078811e-13,
1,line,0,"baseline $t=1e+02\,$s",6158824233150310.0,1.4791234531253992e-13,
1,line,0,"baseline $t=1e+02\,$s",7238777146548561.0,3.571936120070959e-14,
1,line,0,"baseline $t=1e+02\,$s",8508100344112365.0,8.652847792748459e-15,
1,line,0,"baseline $t=1e+02\,$s",9999999999999992.0,1.944210935771009e-15,
1,line,1,"decay $t=1e+02\,$s",4.136189762796504e-07,9.14879255878392e-22,
1,line,1,"decay $t=1e+02\,$s",4.861472708956382e-07,1.4860791453416302e-21,
1,line,1,"decay $t=1e+02\,$s",5.713934382920734e-07,2.4141876761691103e-21,
1,line,1,"decay $t=1e+02\,$s",6.715875638296561e-07,3.922108465861104e-21,
1,line,1,"decay $t=1e+02\,$s",7.893507794538307e-07,6.372153501245514e-21,
1,line,1,"decay $t=1e+02\,$s",9.277638339092464e-07,1.0354629488329683e-20,
1,line,1,"decay $t=1e+02\,$s",1.090447686775643e-06,1.6826513511849734e-20,
1,line,1,"decay $t=1e+02\,$s",1.281658234708323e-06,2.7347074902149504e-20,
1,line,1,"decay $t=1e+02\,$s",1.5063976479722919e-06,4.445386477942275e-20,
1,line,1,"decay $t=1e+02\,$s",1.770545229893428e-06,7.226564852720826e-20,
1,line,1,"decay $t=1e+02\,$s",2.0810112225799443e-06,1.1750933006150005e-19,
1,line,1,"decay $t=1e+02\,$s",2.4459175825541275e-06,1.9110961658968003e-19,
1,line,1,"decay $t=1e+02\,$s",2.8748104554816266e-06,3.108376692874267e-19,
1,line,1,"decay $t=1e+02\,$s",3.378909908450926e-06,5.058183111682999e-19,
1,line,1,"decay $t=1e+02\,$s",3.971403452933094e-06,8.231945903848246e-19,
1,line,1,"decay $t=1e+02\,$s",4.6677910371394276e-06,1.3400507700852987e-18,
1,line,1,"decay $t=1e+02\,$s",5.486290532961935e-06,2.182728427947086e-18,
1,line,1,"decay $t=1e+02\,$s",6.4483143252517195e-06,3.5556789859406264e-18,
1,line,1,"decay $t=1e+02\,$s",7.5790294712660705e-06,5.795706558335674e-18,
1,line,1,"decay $t=1e+02\,$s",8.90801608435509e-06,9.451838911676933e-18,
1,line,1,"decay $t=1e+02\,$s",1.0470041165557464e-05,1.541785941818439e-17,
1,line,1,"decay $t=1e+02\,$s",1.2305968126954065e-05,2.5177042216337106e-17,
1,line,1,"decay $t=1e+02\,$s",1.446382580039706e-05,4.112911365463137e-17,
1,line,1,"decay $t=1e+02\,$s",1.7000064897454984e-05,6.721474351318146e-17,
1,line,1,"decay $t=1e+02\,$s",1.998103479023846e-05,1.1002325143839626e-16,
1,line,1,"decay $t=1e+02\,$s",2.348471924648282e-05,1.8013397310143365e-16,
1,line,1,"decay $t=1e+02\,$s",2.7602776526647472e-05,2.952378934693918e-16,
1,line,1,"decay $t=1e+02\,$s",3.244293721306242e-05,4.845738942652536e-16,
1,line,1,"decay $t=1e+02\,$s",3.8131822499616793e-05,7.956339520656428e-16,
1,line,1,"decay $t=1e+02\,$s",4.481825666995547e-05,1.3087831825938474e-15,
1,line,1,"decay $t=1e+02\,$s",5.267716042038626e-05,2.155011953346312e-15,
1,line,1,"decay $t=1e+02\,$s",6.191412687890872e-05,3.5502833111394796e-15,
1,line,1,"decay $t=1e+02\,$s",7.277080003146996e-05,5.86351438185983e-15,
1,line,1,"decay $t=1e+02\,$s",8.553119625796015e-05,9.687879815985827e-15,
1,line,1,"decay $t=1e+02\,$s",0.00010052913435270806,1.6021503200125992e-14,
1,line,1,"decay $t=1e+02\,$s",0.00011815696840279235,2.654307235265541e-14,
1,line,1,"decay $t=1e+02\,$s",0.00013887585198093757,4.398281786155533e-14,
1,line,1,"decay $t=1e+02\,$s",0.00016322780216977445,7.294263612140244e-14,
1,line,1,"decay $t=1e+02\,$s",0.00019184987901879548,1.210295591712317e-13,
1,line,1,"decay $t=1e+02\,$s",0.00022549085137618828,2.008258833800236e-13,
1,line,1,"decay $t=1e+02\,$s",0.00026503078508262616,3.331463365087724e-13,
1,line,1,"decay $t=1e+02\,$s",0.00031150406596464975,5.525093416095734e-13,
1,line,1,"decay $t=1e+02\,$s",0.0003661264599214663,9.159200665867044e-13,
1,line,1,"decay $t=1e+02\,$s",0.0004303269180115221,1.5165123786511556e-12,
1,line,1,"decay $t=1e+02\,$s",0.0005057849585769236,2.510023112183764e-12,
1,line,1,"decay $t=1e+02\,$s",0.0005944746043421126,4.151608137745896e-12,
1,line,1,"decay $t=1e+02\,$s",0.0006987160239047786,6.861670001450103e-12,
1,line,1,"decay $t=1e+02\,$s",0.0008212362285880728,1.1330520168354441e-11,
1,line,1,"decay $t=1e+02\,$s",0.0009652404125162483,1.8691043118131647e-11,
1,line,1,"decay $t=1e+02\,$s",0.001134495802208291,3.080038465431416e-11,
1,line,1,"decay $t=1e+02\,$s",0.001333430209239787,5.0592478422235364e-11,
1,line,1,"decay $t=1e+02\,$s",0.0015672478641633712,8.165944053248274e-11,
1,line,1,"decay $t=1e+02\,$s",0.0018420655619651898,1.310832474614254e-10,
1,line,1,"decay $t=1e+02\,$s",0.002165072680695273,2.0563124878825247e-10,
1,line,1,"decay $t=1e+02\,$s",0.0025447192594449017,3.0700152805923976e-10,
1,line,1,"decay $t=1e+02\,$s",0.002990937055891487,4.5470733889625565e-10,
1,line,1,"decay $t=1e+02\,$s",0.0035153993663946366,6.422870599464213e-10,
1,line,1,"decay $t=1e+02\,$s",0.004131826405676178,8.780868480031083e-10,
1,line,1,"decay $t=1e+02\,$s",0.004856344234979996,1.1899297670818427e-09,
1,line,1,"decay $t=1e+02\,$s",0.005707906628464436,1.548638579636373e-09,
1,line,1,"decay $t=1e+02\,$s",0.006708790914077871,1.9964747054424932e-09,
1,line,1,"decay $t=1e+02\,$s",0.007885180760380096,2.554081384279914e-09,
1,line,1,"decay $t=1e+02\,$s",0.009267851155324736,3.1964841968804684e-09,
1,line,1,"decay $t=1e+02\,$s",0.010892973496413964,3.994887184792507e-09,
1,line,1,"decay $t=1e+02\,$s",0.012803061853815393,4.955333557126679e-09,
1,line,1,"decay $t=1e+02\,$s",0.015048085161189995,6.1016599115581324e-09,
1,line,1,"decay $t=1e+02\,$s",0.017686774429738813,7.503347709430562e-09,
1,line,1,"decay $t=1e+02\,$s",0.020788159182887442,9.175598982208955e-09,
1,line,1,"decay $t=1e+02\,$s",0.02443337330556136,1.1194769038290668e-08,
1,line,1,"decay $t=1e+02\,$s",0.028717777550036912,1.3643419284600749e-08,
1,line,1,"decay $t=1e+02\,$s",0.033753454224255186,1.655375813019085e-08,
1,line,1,"decay $t=1e+02\,$s",0.039672139324981495,2.0073303071287568e-08,
1,line,1,"decay $t=1e+02\,$s",0.04662866882198256,2.4299252553509047e-08,
1,line,1,"decay $t=1e+02\,$s",0.054805029249859916,2.933065051334943e-08,
1,line,1,"decay $t=1e+02\,$s",0.06441511857318971,3.5386938921989465e-08,
1,line,1,"decay $t=1e+02\,$s",0.07571034187174885,4.258423269957517e-08,
1,line,1,"decay $t=1e+02\,$s",0.08898618823194768,5.116011599879062e-08,
1,line,1,"decay $t=1e+02\,$s",0.10458996089946872,6.141875757539806e-08,
1,line,1,"decay $t=1e+02\,$s",0.12292986291804184,7.348527725644964e-08,
1,line,1,"decay $t=1e+02\,$s",0.14448567593952816,8.784707619134978e-08,
1,line,1,"decay $t=1e+02\,$s",0.16982131156870053,1.0488299844780536e-07,
1,line,1,"decay $t=1e+02\,$s",0.1995995635926132,1.2477140538391905e-07,
1,line,1,"decay $t=1e+02\,$s",0.23459944702078525,1.4836780283192764e-07,
1,line,1,"decay $t=1e+02\,$s",0.2757365775347569,1.7597411415165072e-07,
1,line,1,"decay $t=1e+02\,$s",0.3240871244843334,2.0818716296746935e-07,
1,line,1,"decay $t=1e+02\,$s",0.38091596405371647,2.4610662132890395e-07,
1,line,1,"decay $t=1e+02\,$s",0.4477097690994067,2.898495431003357e-07,
1,line,1,"decay $t=1e+02\,$s",0.5262159013077689,3.4083555519371987e-07,
1,line,1,"decay $t=1e+02\,$s",0.6184881231118851,4.0037781019198614e-07,
1,line,1,"decay $t=1e+02\,$s",0.7269403252159283,4.6805365418601387e-07,
1,line,1,"decay $t=1e+02\,$s",0.8544096752678368,5.468480649034882e-07,
1,line,1,"decay $t=1e+02\,$s",1.0042308396833655,6.37417786530889e-07,
1,line,1,"decay $t=1e+02\,$s",1.1803232203041512,7.400840845549443e-07,
1,line,1,"decay $t=1e+02\,$s",1.387293488047456,8.587787146972561e-07,
1,line,1,"decay $t=1e+02\,$s",1.6305560958827374,9.926678229735053e-07,
1,line,1,"decay $t=1e+02\,$s",1.9164749238190089,1.1446216774717484e-06,
1,line,1,"decay $t=1e+02\,$s",2.252529761411663,1.318712893022808e-06,
1,line,1,"decay $t=1e+02\,$s",2.6475119830602387,1.5114354414787872e-06,
1,line,1,"decay $t=1e+02\,$s",3.111754535067633,1.7304193224157115e-06,
1,line,1,"decay $t=1e+02\,$s",3.6574022510453377,1.9778584524597955e-06,
1,line,1,"decay $t=1e+02\,$s",4.2987295672602635,2.2492018683560838e-06,
1,line,1,"decay $t=1e+02\,$s",5.0525139495268885,2.55678463041455e-06,
1,line,1,"decay $t=1e+02\,$s",5.93847480069179,2.896953295097955e-06,
1,line,1,"decay $t=1e+02\,$s",6.97978933076548,3.271693835166178e-06,
1,line,1,"decay $t=1e+02\,$s",8.203698885140035,3.6925194849172013e-06,
1,line,1,"decay $t=1e+02\,$s",9.642221592763594,4.149153914875526e-06,
1,line,1,"decay $t=1e+02\,$s",11.332989977528834,4.654352810194826e-06,
1,line,1,"decay $t=1e+02\,$s",13.32023544523802,5.216756708555709e-06,
1,line,1,"decay $t=1e+02\,$s",15.655945400850316,5.817173968652567e-06,
1,line,1,"decay $t=1e+02\,$s",18.40122326681789,6.484217663771359e-06,
1,line,1,"decay $t=1e+02\,$s",21.62788698131826,7.213170917314039e-06,
1,line,1,"decay $t=1e+02\,$s",25.420347793952185,7.99586395717281e-06,
1,line,1,"decay $t=1e+02\,$s",29.877818509208026,8.860604767341522e-06,
1,line,1,"decay $t=1e+02\,$s",35.1169089465233,9.789548301121847e-06,
1,line,1,"decay $t=1e+02\,$s",41.274676515567904,1.0795547836121125e-05,
1,line,1,"decay $t=1e+02\,$s",48.51221171143108,1.19001091958951e-05,
1,line,1,"decay $t=1e+02\,$s",57.01885232818259,1.3071312899233376e-05,
1,line,1,"decay $t=1e+02\,$s",67.01713663689895,1.4348778103888617e-05,
1,line,1,"decay $t=1e+02\,$s",78.76862510592494,1.5737328619424108e-05,
1,line,1,"decay $t=1e+02\,$s",92.58074296271438,1.7210097745880752e-05,
1,line,1,"decay $t=1e+02\,$s",108.81482260229686,1.8818228538794343e-05,
1,line,1,"decay $t=1e+02\,$s",127.89555623611915,2.0544160068951914e-05,
1,line,1,"decay $t=1e+02\,$s",150.32210606756786,2.2392539710772817e-05,
1,line,1,"decay $t=1e+02\,$s",176.68116264236485,2.4402282790621748e-05,
1,line,1,"decay $t=1e+02\,$s",207.6622929872086,2.654078700293282e-05,
1,line,1,"decay $t=1e+02\,$s",244.07598005224483,2.8846358498965104e-05,
1,line,1,"decay $t=1e+02\,$s",286.8748253787863,3.134378832712616e-05,
1,line,1,"decay $t=1e+02\,$s",337.178469665443,3.398442344948033e-05,
1,line,1,"decay $t=1e+02\,$s",396.302883168002,3.68437032278153e-05,
1,line,1,"decay $t=1e+02\,$s",465.7947921855921,3.991073518939951e-05,
1,line,1,"decay $t=1e+02\,$s",547.472142248439,4.316909807281925e-05,
1,line,1,"decay $t=1e+02\,$s",643.4716565458548,4.668852187570058e-05,
1,line,1,"decay $t=1e+02\,$s",756.3047337483902,5.042112663147002e-05,
1,line,1,"decay $t=1e+02\,$s",888.9231475410945,5.440210397589548e-05,
1,line,1,"decay $t=1e+02\,$s",1044.79626660284,5.868703158083045e-05,
1,line,1,"decay $t=1e+02\,$s",1228.001815147637,6.31616683240037e-05,
1,line,1,"decay $t=1e+02\,$s",1443.3325483724664,6.795195280351653e-05,
1,line,1,"decay $t=1e+02\,$s",1696.4216334980495,7.304959274525866e-05,
1,line,1,"decay $t=1e+02\,$s",1993.8900164382494,7.83139343608217e-05,
1,line,1,"decay $t=1e+02\,$s",2343.5196292883334,8.394920573682374e-05,
1,line,1,"decay $t=1e+02\,$s",2754.4569698335245,8.978703640353325e-05,
1,line,1,"decay $t=1e+02\,$s",3237.4523788257507,9.581101578683749e-05,
1,line,1,"decay $t=1e+02\,$s",3805.1412746513693,0.00010220836388310867,
1,line,1,"decay $t=1e+02\,$s",4472.374702637946,0.00010855454328464919,
1,line,1,"decay $t=1e+02\,$s",5256.607846348221,0.00011512424487003503,
1,line,1,"decay $t=1e+02\,$s",6178.356664523548,0.00012199553760367497,
1,line,1,"decay $t=1e+02\,$s",7261.734599544229,0.00012836739772023462,
1,line,1,"decay $t=1e+02\,$s",8535.083397987082,0.00013504308983931592,
1,line,1,"decay $t=1e+02\,$s",10031.714545883691,0.00014154124859816283,
1,line,1,"decay $t=1e+02\,$s",11790.780715022454,0.00014745003821952236,
1,line,1,"decay $t=1e+02\,$s",13858.300017796111,0.00015352114205349093,
1,line,1,"decay $t=1e+02\,$s",16288.359865649785,0.00015867170322998267,
1,line,1,"decay $t=1e+02\,$s",19144.53192470997,0.0001633373506724008,
1,line,1,"decay $t=1e+02\,$s",22501.535184593857,0.00016792496520002842,
1,line,1,"decay $t=1e+02\,$s",26447.19064716322,0.00017084353940331282,
1,line,1,"decay $t=1e+02\,$s",31084.718770935444,0.0001735615410552594,
1,line,1,"decay $t=1e+02\,$s",36535.43977351612,0.00017564938135999236,
1,line,1,"decay $t=1e+02\,$s",42941.94743342294,0.0001762789659208319,
1,line,1,"decay $t=1e+02\,$s",50471.839419639866,0.00017675283670513326,
1,line,1,"decay $t=1e+02\,$s",59322.10173633708,0.00017615034781057372,
1,line,1,"decay $t=1e+02\,$s",69724.26198215637,0.00017490000034659777,
1,line,1,"decay $t=1e+02\,$s",81950.4462361039,0.00017329114553253796,
1,line,1,"decay $t=1e+02\,$s",96320.49802140985,0.00017087964307215017,
1,line,1,"decay $t=1e+02\,$s",113210.34558326888,0.00016825533758574833,
1,line,1,"decay $t=1e+02\,$s",133061.8363729217,0.00016531128157284047,
1,line,1,"decay $t=1e+02\,$s",156394.2960134453,0.00016202789012267487,
1,line,1,"decay $t=1e+02\,$s",183818.1141359825,0.00015866845790620806,
1,line,1,"decay $t=1e+02\,$s",216050.71249915805,0.00015518414123648962,
1,line,1,"decay $t=1e+02\,$s",253935.31312623026,0.0001516650595356058,
1,line,1,"decay $t=1e+02\,$s",298462.9974444907,0.0001481335440185574,
1,line,1,"decay $t=1e+02\,$s",350798.6335058071,0.00014463762501840593,
1,line,1,"decay $t=1e+02\,$s",412311.3495582535,0.00014119416017592532,
1,line,1,"decay $t=1e+02\,$s",484610.35117383633,0.00013780641103994053,
1,line,1,"decay $t=1e+02\,$s",569587.0189274155,0.00013449259250728756,
1,line,1,"decay $t=1e+02\,$s",669464.3879248217,0.00013125351773206762,
1,line,1,"decay $t=1e+02\,$s",786855.3035908677,0.0001280889807875904,
1,line,1,"decay $t=1e+02\,$s",924830.7751040731,0.00012499876990057997,
1,line,1,"decay $t=1e+02\,$s",1087000.3146402042,0.0001219826194151114,
1,line,1,"decay $t=1e+02\,$s",1277606.364142627,0.00011903745807888569,
1,line,1,"decay $t=1e+02\,$s",1501635.2798738715,0.00011616193245322163,
1,line,1,"decay $t=1e+02\,$s",1764947.778164129,0.00011335476280954415,
1,line,1,"decay $t=1e+02\,$s",2074432.2548869124,0.00011061274748923515,
1,line,1,"decay $t=1e+02\,$s",2438184.9895816143,0.0001079365347565838,
1,line,1,"decay $t=1e+02\,$s",2865721.9484591815,0.00010532381387387618,
1,line,1,"decay $t=1e+02\,$s",3368227.727170901,0.00010276886601828256,
1,line,1,"decay $t=1e+02\,$s",3958848.145816352,0.00010027538755937395,
1,line,1,"decay $t=1e+02\,$s",4653034.150632524,9.783903397212973e-05,
1,line,1,"decay $t=1e+02\,$s",5468946.019016334,9.545851438186737e-05,
1,line,1,"decay $t=1e+02\,$s",6427928.442100255,9.313485819762891e-05,
1,line,1,"decay $t=1e+02\,$s",7555068.913295548,9.086097494832758e-05,
1,line,1,"decay $t=1e+02\,$s",8879854.030545786,8.86399730326035e-05,
1,line,1,"decay $t=1e+02\,$s",10436940.881510252,8.647150325647255e-05,
1,line,1,"decay $t=1e+02\,$s",12267063.691523654,8.43462625889155e-05,
1,line,1,"decay $t=1e+02\,$s",14418099.452732118,8.227229464355012e-05,
1,line,1,"decay $t=1e+02\,$s",16946320.411828764,8.024403562963234e-05,
1,line,1,"decay $t=1e+02\,$s",19917866.182144478,7.82562237591922e-05,
1,line,1,"decay $t=1e+02\,$s",23410473.991326828,7.631698858092363e-05,
1,line,1,"decay $t=1e+02\,$s",27515512.328820772,7.441462477406156e-05,
1,line,1,"decay $t=1e+02\,$s",32340371.19444807,7.255282691411173e-05,
1,line,1,"decay $t=1e+02\,$s",38011271.47827708,7.073482377005476e-05,
1,line,1,"decay $t=1e+02\,$s",44676566.96665627,6.89451125502377e-05,
1,line,1,"decay $t=1e+02\,$s",52510625.356660485,6.719775872294122e-05,
1,line,1,"decay $t=1e+02\,$s",61718389.808363676,6.548880435323763e-05,
1,line,1,"decay $t=1e+02\,$s",72540740.36758682,6.38003103265222e-05,
1,line,1,"decay $t=1e+02\,$s",85260795.51680958,6.215535271298629e-05,
1,line,1,"decay $t=1e+02\,$s",100211318.70618989,6.0536142775774166e-05,
1,line,1,"decay $t=1e+02\,$s",117783423.62350766,5.894226605538524e-05,
1,line,1,"decay $t=1e+02\,$s",138436805.93754652,5.73870385090052e-05,
1,line,1,"decay $t=1e+02\,$s",162711769.1828178,5.584347742649197e-05,
1,line,1,"decay $t=1e+02\,$s",191243359.38916388,5.433216520661859e-05,
1,line,1,"decay $t=1e+02\,$s",224777978.2257796,5.285545645313396e-05,
1,line,1,"decay $t=1e+02\,$s",264192909.26831022,5.137355035634498e-05,
1,line,1,"decay $t=1e+02\,$s",310519268.20671827,4.993227609895716e-05,
1,line,1,"decay $t=1e+02\,$s",364968977.38352764,4.850956849366039e-05,
1,line,1,"decay $t=1e+02\,$s",428966470.33093244,4.708601849968008e-05,
1,line,1,"decay $t=1e+02\,$s",504185955.7142798,4.570396173563871e-05,
1,line,1,"decay $t=1e+02\,$s",592595215.5267816,4.431391885868095e-05,
1,line,1,"decay $t=1e+02\,$s",696507083.3195499,4.294081314199128e-05,
1,line,1,"decay $t=1e+02\,$s",818639949.165067,4.160270773799597e-05,
1,line,1,"decay $t=1e+02\,$s",962188874.1962961,4.022967183382057e-05,
1,line,1,"decay $t=1e+02\,$s",1130909175.1158357,3.8894537998684127e-05,
1,line,1,"decay $t=1e+02\,$s",1329214665.2906115,3.7581636757935935e-05,
1,line,1,"decay $t=1e+02\,$s",1562293122.4717166,3.6222078954393025e-05,
1,line,1,"decay $t=1e+02\,$s",1836242003.836749,3.4918825420063e-05,
1,line,1,"decay $t=1e+02\,$s",2158227958.732784,3.359593055711128e-05,
1,line,1,"decay $t=1e+02\,$s",2536674312.058723,3.2263500769551666e-05,
1,line,1,"decay $t=1e+02\,$s",2981481422.9525,3.098050075319297e-05,
1,line,1,"decay $t=1e+02\,$s",3504285683.48479,2.9641592218768958e-05,
1,line,1,"decay $t=1e+02\,$s",4118763932.9027276,2.833982489942403e-05,
1,line,1,"decay $t=1e+02\,$s",4840991251.0645485,2.708702021751682e-05,
1,line,1,"decay $t=1e+02\,$s",5689861491.131199,2.573899730886891e-05,
1,line,1,"decay $t=1e+02\,$s",6687581552.876901,2.44788693518741e-05,
1,line,1,"decay $t=1e+02\,$s",7860252327.071659,2.323075202340909e-05,
1,line,1,"decay $t=1e+02\,$s",9238551508.752373,2.194831390675588e-05,
1,line,1,"decay $t=1e+02\,$s",10858536142.142939,2.0773175647567155e-05,
1,line,1,"decay $t=1e+02\,$s",12762585892.227968,1.957604995144169e-05,
1,line,1,"decay $t=1e+02\,$s",15000511719.469324,1.8438773374894926e-05,
1,line,1,"decay $t=1e+02\,$s",17630858961.189373,1.7411602116391566e-05,
1,line,1,"decay $t=1e+02\,$s",20722438908.927334,1.632002736676573e-05,
1,line,1,"decay $t=1e+02\,$s",24356128948.652027,1.5351411390329343e-05,
1,line,1,"decay $t=1e+02\,$s",28626988356.46236,1.447945872745304e-05,
1,line,1,"decay $t=1e+02\,$s",33646745100.12341,1.3592826668574e-05,
1,line,1,"decay $t=1e+02\,$s",39546718702.49716,1.286021027932737e-05,
1,line,1,"decay $t=1e+02\,$s",46481255630.53951,1.220724256823438e-05,
1,line,1,"decay $t=1e+02\,$s",54631767081.47816,1.164826045377375e-05,
1,line,1,"decay $t=1e+02\,$s",64211474796.81882,1.1211980198535935e-05,
1,line,1,"decay $t=1e+02\,$s",75470989057.21391,1.073315522472628e-05,
1,line,1,"decay $t=1e+02\,$s",88704864781.52556,1.0309196653769148e-05,
1,line,1,"decay $t=1e+02\,$s",104259307241.13853,9.972167274795508e-06,
1,line,1,"decay $t=1e+02\,$s",122541228975.14412,9.616767783211716e-06,
1,line,1,"decay $t=1e+02\,$s",144028894840.12958,9.340679987606675e-06,
1,line,1,"decay $t=1e+02\,$s",169284433674.78238,9.124554961100362e-06,
1,line,1,"decay $t=1e+02\,$s",198968543891.1475,8.956987586617555e-06,
1,line,1,"decay $t=1e+02\,$s",233857777698.67584,8.827817900227664e-06,
1,line,1,"decay $t=1e+02\,$s",274864856125.61456,8.521280067213517e-06,
1,line,1,"decay $t=1e+02\,$s",323062546289.5716,8.114255272177664e-06,
1,line,1,"decay $t=1e+02\,$s",379711725559.43,7.740362339653777e-06,
1,line,1,"decay $t=1e+02\,$s",446294366782.1083,7.31279790734627e-06,
1,line,1,"decay $t=1e+02\,$s",524552307485.35004,6.905205710241363e-06,
1,line,1,"decay $t=1e+02\,$s",616532817279.6378,6.490409566580406e-06,
1,line,1,"decay $t=1e+02\,$s",724642155526.8506,5.963069137239022e-06,
1,line,1,"decay $t=1e+02\,$s",851708520372.9393,5.473625672199792e-06,
1,line,1,"decay $t=1e+02\,$s",1001056035925.0074,4.91037345022151e-06,
1,line,1,"decay $t=1e+02\,$s",1176591713116.9387,4.307568457892951e-06,
1,line,1,"decay $t=1e+02\,$s",1382907659206.3625,3.773622861603669e-06,
1,line,1,"decay $t=1e+02\,$s",1625401209758.095,3.3035966104659827e-06,
1,line,1,"decay $t=1e+02\,$s",1910416125831.0461,2.8927769564337282e-06,
1,line,1,"decay $t=1e+02\,$s",2245408550162.4854,2.530662168941843e-06,
1,line,1,"decay $t=1e+02\,$s",2639142063852.4736,2.2008448136097434e-06,
1,line,1,"decay $t=1e+02\,$s",3101916946335.435,1.9142167709981477e-06,
1,line,1,"decay $t=1e+02\,$s",3645839636202.627,1.6651236082221247e-06,
1,line,1,"decay $t=1e+02\,$s",4285139442114.7456,1.4472683614025325e-06,
1,line,1,"decay $t=1e+02\,$s",5036540789131.663,1.2579445662597587e-06,
1,line,1,"decay $t=1e+02\,$s",5919700738622.483,1.092415440464342e-06,
1,line,1,"decay $t=1e+02\,$s",6957723227510.926,9.472422494253662e-07,
1,line,1,"decay $t=1e+02\,$s",8177763479629.893,8.181091670859214e-07,
1,line,1,"decay $t=1e+02\,$s",9611738400909.738,6.831106258115529e-07,
1,line,1,"decay $t=1e+02\,$s",11297161542718.53,5.684278430803819e-07,
1,line,1,"decay $t=1e+02\,$s",13278124476442.15,4.7653283152652187e-07,
1,line,1,"decay $t=1e+02\,$s",15606450252588.45,4.0750231760064637e-07,
1,line,1,"decay $t=1e+02\,$s",18343049119522.934,3.483174834629442e-07,
1,line,1,"decay $t=1e+02\,$s",21559511968163.637,2.9585534967974354e-07,
1,line,1,"decay $t=1e+02\,$s",25339983188001.18,2.496901556094476e-07,
1,line,1,"decay $t=1e+02\,$s",29783361929359.832,2.1026035128157115e-07,
1,line,1,"decay $t=1e+02\,$s",35005889358098.59,1.7373786574193416e-07,
1,line,1,"decay $t=1e+02\,$s",41144189586718.34,1.428131089703275e-07,
1,line,1,"decay $t=1e+02\,$s",48358843834264.234,1.1776688043519016e-07,
1,line,1,"decay $t=1e+02\,$s",56838591316953.945,9.874853674426717e-08,
1,line,1,"decay $t=1e+02\,$s",66805266767082.664,8.275582845123359e-08,
1,line,1,"decay $t=1e+02\,$s",78519603748340.28,6.887825187228598e-08,
1,line,1,"decay $t=1e+02\,$s",92288055585375.66,5.667321086482738e-08,
1,line,1,"decay $t=1e+02\,$s",108470812346775.47,4.6354243178635266e-08,
1,line,1,"decay $t=1e+02\,$s",127491223610023.19,3.605996476071381e-08,
1,line,1,"decay $t=1e+02\,$s",149846873513012.1,2.7364683030232176e-08,
1,line,1,"decay $t=1e+02\,$s",176122597821387.12,2.0904795084632053e-08,
1,line,1,"decay $t=1e+02\,$s",207005783545163.47,1.675466654320133e-08,
1,line,1,"decay $t=1e+02\,$s",243304351350781.0,1.347450988233623e-08,
1,line,1,"decay $t=1e+02\,$s",285967891198117.2,1.0696926103405181e-08,
1,line,1,"decay $t=1e+02\,$s",336112504122033.94,8.232300270088145e-09,
1,line,1,"decay $t=1e+02\,$s",395050000032759.25,6.30665288174764e-09,
1,line,1,"decay $t=1e+02\,$s",464322215365186.25,4.629242725082e-09,
1,line,1,"decay $t=1e+02\,$s",545741348345162.06,3.2876526127855995e-09,
1,line,1,"decay $t=1e+02\,$s",641437367064924.9,2.3320272138148917e-09,
1,line,1,"decay $t=1e+02\,$s",753913730588281.0,1.6574185230748008e-09,
1,line,1,"decay $t=1e+02\,$s",886112880779532.5,1.1758649695497353e-09,
1,line,1,"decay $t=1e+02\,$s",1041493218157350.1,8.183039545400104e-10,
1,line,1,"decay $t=1e+02\,$s",1224119575503194.0,5.103968622053671e-10,
1,line,1,"decay $t=1e+02\,$s",1438769556062274.0,3.1598735145532316e-10,
1,line,1,"decay $t=1e+02\,$s",1691058518201297.8,1.741088653079639e-10,
1,line,1,"decay $t=1e+02\,$s",1987586476188542.8,8.025485402828753e-11,
1,line,1,"decay $t=1e+02\,$s",2336110760099276.0,3.7096691160069506e-11,
1,line,1,"decay $t=1e+02\,$s",2745748951722050.5,1.806026750463336e-11,
1,line,1,"decay $t=1e+02\,$s",3227217405377798.0,9.047688975373317e-12,
1,line,1,"decay $t=1e+02\,$s",3793111593483984.5,4.4873101563640735e-12,
1,line,1,"decay $t=1e+02\,$s",4458235610853832.5,1.9166131671841853e-12,
1,line,1,"decay $t=1e+02\,$s",5239989457739420.0,8.036606319032381e-13,
1,line,1,"decay $t=1e+02\,$s",6158824233150310.0,2.979726812368376e-13,
1,line,1,"decay $t=1e+02\,$s",7238777146548561.0,7.076089630033533e-14,
1,line,1,"decay $t=1e+02\,$s",8508100344112365.0,1.685246980105755e-14,
1,line,1,"decay $t=1e+02\,$s",9999999999999992.0,3.819404077461881e-15,
1,line,2,"baseline $t=1e+04\,$s",4.136189762796504e-07,5.717659777673114e-20,
1,line,2,"baseline $t=1e+04\,$s",4.861472708956382e-07,9.346566372739982e-20,
1,line,2,"baseline $t=1e+04\,$s",5.713934382920734e-07,1.530453820290213e-19,
1,line,2,"baseline $t=1e+04\,$s",6.715875638296561e-07,2.5070382944465676e-19,
1,line,2,"baseline $t=1e+04\,$s",7.893507794538307e-07,4.1096582737979937e-19,
1,line,2,"baseline $t=1e+04\,$s",9.277638339092464e-07,6.750282732732637e-19,
1,line,2,"baseline $t=1e+04\,$s",1.090447686775643e-06,1.1090652745301327e-18,
1,line,2,"baseline $t=1e+04\,$s",1.281658234708323e-06,1.825067492285381e-18,
1,line,2,"baseline $t=1e+04\,$s",1.5063976479722919e-06,3.0081433994378967e-18,
1,line,2,"baseline $t=1e+04\,$s",1.770545229893428e-06,4.960137930969012e-18,
1,line,2,"baseline $t=1e+04\,$s",2.0810112225799443e-06,8.198375365079044e-18,
1,line,2,"baseline $t=1e+04\,$s",2.4459175825541275e-06,1.3563531766863561e-17,
1,line,2,"baseline $t=1e+04\,$s",2.8748104554816266e-06,2.2453352336929974e-17,
1,line,2,"baseline $t=1e+04\,$s",3.378909908450926e-06,3.725925983476005e-17,
1,line,2,"baseline $t=1e+04\,$s",3.971403452933094e-06,6.184817286201406e-17,
1,line,2,"baseline $t=1e+04\,$s",4.6677910371394276e-06,1.0274509452915281e-16,
1,line,2,"baseline $t=1e+04\,$s",5.486290532961935e-06,1.7084566309708721e-16,
1,line,2,"baseline $t=1e+04\,$s",6.4483143252517195e-06,2.841373087919068e-16,
1,line,2,"baseline $t=1e+04\,$s",7.5790294712660705e-06,4.725624003416953e-16,
1,line,2,"baseline $t=1e+04\,$s",8.90801608435509e-06,7.858776586032655e-16,
1,line,2,"baseline $t=1e+04\,$s",1.0470041165557464e-05,1.306875126161165e-15,
1,line,2,"baseline $t=1e+04\,$s",1.2305968126954065e-05,2.1713969817772976e-15,
1,line,2,"baseline $t=1e+04\,$s",1.446382580039706e-05,3.607144120142767e-15,
1,line,2,"baseline $t=1e+04\,$s",1.7000064897454984e-05,5.990815551374963e-15,
1,line,2,"baseline $t=1e+04\,$s",1.998103479023846e-05,9.945723430411004e-15,
1,line,2,"baseline $t=1e+04\,$s",2.348471924648282e-05,1.6510633383674577e-14,
1,line,2,"baseline $t=1e+04\,$s",2.7602776526647472e-05,2.7412932073710197e-14,
1,line,2,"baseline $t=1e+04\,$s",3.244293721306242e-05,4.5524718316784755e-14,
1,line,2,"baseline $t=1e+04\,$s",3.8131822499616793e-05,7.560853593979832e-14,
1,line,2,"baseline $t=1e+04\,$s",4.481825666995547e-05,1.256507542486404e-13,
1,line,2,"baseline $t=1e+04\,$s",5.267716042038626e-05,2.088612335676654e-13,
1,line,2,"baseline $t=1e+04\,$s",6.191412687890872e-05,3.4721846787785395e-13,
1,line,2,"baseline $t=1e+04\,$s",7.277080003146996e-05,5.776198135818435e-13,
1,line,2,"baseline $t=1e+04\,$s",8.553119625796015e-05,9.608391256037327e-13,
1,line,2,"baseline $t=1e+04\,$s",0.00010052913435270806,1.5985027106025889e-12,
1,line,2,"baseline $t=1e+04\,$s",0.00011815696840279235,2.659862226444257e-12,
1,line,2,"baseline $t=1e+04\,$s",0.00013887585198093757,4.423940004211399e-12,
1,line,2,"baseline $t=1e+04\,$s",0.00016322780216977445,7.35368232151691e-12,
1,line,2,"baseline $t=1e+04\,$s",0.00019184987901879548,1.2209234790624347e-11,
1,line,2,"baseline $t=1e+04\,$s",0.00022549085137618828,2.0219712028823646e-11,
1,line,2,"baseline $t=1e+04\,$s",0.00026503078508262616,3.2839368201683594e-11,
1,line,2,"baseline $t=1e+04\,$s",0.00031150406596464975,5.299102907843199e-11,
1,line,2,"baseline $t=1e+04\,$s",0.0003661264599214663,8.353703761309383e-11,
1,line,2,"baseline $t=1e+04\,$s",0.0004303269180115221,1.239571068742763e-10,
1,line,2,"baseline $t=1e+04\,$s",0.0005057849585769236,1.8249511766569684e-10,
1,line,2,"baseline $t=1e+04\,$s",0.0005944746043421126,2.558855491913759e-10,
1,line,2,"baseline $t=1e+04\,$s",0.0006987160239047786,3.4413736962803144e-10,
1,line,2,"baseline $t=1e+04\,$s",0.0008212362285880728,4.595248512186342e-10,
1,line,2,"baseline $t=1e+04\,$s",0.0009652404125162483,5.881671383428577e-10,
1,line,2,"baseline $t=1e+04\,$s",0.001134495802208291,7.435951229422576e-10,
1,line,2,"baseline $t=1e+04\,$s",0.001333430209239787,9.341766319949992e-10,
1,line,2,"baseline $t=1e+04\,$s",0.0015672478641633712,1.1453392137477193e-09,
1,line,2,"baseline $t=1e+04\,$s",0.0018420655619651898,1.4021825321656777e-09,
1,line,2,"baseline $t=1e+04\,$s",0.002165072680695273,1.7046817378988583e-09,
1,line,2,"baseline $t=1e+04\,$s",0.0025447192594449017,2.054084435841478e-09,
1,line,2,"baseline $t=1e+04\,$s",0.002990937055891487,2.472629336589689e-09,
1,line,2,"baseline $t=1e+04\,$s",0.0035153993663946366,2.9580424461433963e-09,
1,line,2,"baseline $t=1e+04\,$s",0.004131826405676178,3.527738700530924e-09,
1,line,2,"baseline $t=1e+04\,$s",0.004856344234979996,4.203000191835248e-09,
1,line,2,"baseline $t=1e+04\,$s",0.005707906628464436,4.978807140456348e-09,
1,line,2,"baseline $t=1e+04\,$s",0.006708790914077871,5.89267719652736e-09,
1,line,2,"baseline $t=1e+04\,$s",0.007885180760380096,6.960691559418095e-09,
1,line,2,"baseline $t=1e+04\,$s",0.009267851155324736,8.187184364281263e-09,
1,line,2,"baseline $t=1e+04\,$s",0.010892973496413964,9.625197546172145e-09,
1,line,2,"baseline $t=1e+04\,$s",0.012803061853815393,1.1279057143934492e-08,
1,line,2,"baseline $t=1e+04\,$s",0.015048085161189995,1.3181955185481385e-08,
1,line,2,"baseline $t=1e+04\,$s",0.017686774429738813,1.539596374289542e-08,
1,line,2,"baseline $t=1e+04\,$s",0.020788159182887442,1.790176272364486e-08,
1,line,2,"baseline $t=1e+04\,$s",0.02443337330556136,2.0788052348459674e-08,
1,line,2,"baseline $t=1e+04\,$s",0.028717777550036912,2.4110800227328518e-08,
1,line,2,"baseline $t=1e+04\,$s",0.033753454224255186,2.782747647314297e-08,
1,line,2,"baseline $t=1e+04\,$s",0.039672139324981495,3.2103745072365104e-08,
1,line,2,"baseline $t=1e+04\,$s",0.04662866882198256,3.6938585806685937e-08,
1,line,2,"baseline $t=1e+04\,$s",0.054805029249859916,4.2356502939525014e-08,
1,line,2,"baseline $t=1e+04\,$s",0.06441511857318971,4.854255886277154e-08,
1,line,2,"baseline $t=1e+04\,$s",0.07571034187174885,5.541039758413632e-08,
1,line,2,"baseline $t=1e+04\,$s",0.08898618823194768,6.312581591603564e-08,
1,line,2,"baseline $t=1e+04\,$s",0.10458996089946872,7.185894200196403e-08,
1,line,2,"baseline $t=1e+04\,$s",0.12292986291804184,8.139271457626891e-08,
1,line,2,"baseline $t=1e+04\,$s",0.14448567593952816,9.212836213321211e-08,
1,line,2,"baseline $t=1e+04\,$s",0.16982131156870053,1.0407971381483092e-07,
1,line,2,"baseline $t=1e+04\,$s",0.1995995635926132,1.1710407481240766e-07,
1,line,2,"baseline $t=1e+04\,$s",0.23459944702078525,1.3170284902291344e-07,
1,line,2,"baseline $t=1e+04\,$s",0.2757365775347569,1.4763687308205063e-07,
1,line,2,"baseline $t=1e+04\,$s",0.3240871244843334,1.6507730396047004e-07,
1,line,2,"baseline $t=1e+04\,$s",0.38091596405371647,1.8447397783979392e-07,
1,line,2,"baseline $t=1e+04\,$s",0.4477097690994067,2.0522725557194887e-07,
1,line,2,"baseline $t=1e+04\,$s",0.5262159013077689,2.2804690942783583e-07,
1,line,2,"baseline $t=1e+04\,$s",0.6184881231118851,2.531122957423613e-07,
1,line,2,"baseline $t=1e+04\,$s",0.7269403252159283,2.79569787456773e-07,
1,line,2,"baseline $t=1e+04\,$s",0.8544096752678368,3.0869867642730824e-07,
1,line,2,"baseline $t=1e+04\,$s",1.0042308396833655,3.3993201704145603e-07,
1,line,2,"baseline $t=1e+04\,$s",1.1803232203041512,3.730313509918649e-07,
1,line,2,"baseline $t=1e+04\,$s",1.387293488047456,4.0918015934516556e-07,
1,line,2,"baseline $t=1e+04\,$s",1.6305560958827374,4.4681172742416205e-07,
1,line,2,"baseline $t=1e+04\,$s",1.9164749238190089,4.868983964407132e-07,
1,line,2,"baseline $t=1e+04\,$s",2.252529761411663,5.302000221594095e-07,
1,line,2,"baseline $t=1e+04\,$s",2.6475119830602387,5.736227591393781e-07,
1,line,2,"baseline $t=1e+04\,$s",3.111754535067633,6.202258518057273e-07,
1,line,2,"baseline $t=1e+04\,$s",3.6574022510453377,6.68834563897978e-07,
1,line,2,"baseline $t=1e+04\,$s",4.2987295672602635,7.169531556048204e-07,
1,line,2,"baseline $t=1e+04\,$s",5.0525139495268885,7.682619882784177e-07,
1,line,2,"baseline $t=1e+04\,$s",5.93847480069179,8.186084155411177e-07,
1,line,2,"baseline $t=1e+04\,$s",6.97978933076548,8.685671365848044e-07,
1,line,2,"baseline $t=1e+04\,$s",8.203698885140035,9.209328262663306e-07,
1,line,2,"baseline $t=1e+04\,$s",9.642221592763594,9.676364504201255e-07,
1,line,2,"baseline $t=1e+04\,$s",11.332989977528834,1.0147465552357672e-06,
1,line,2,"baseline $t=1e+04\,$s",13.32023544523802,1.0616210483725707e-06,
1,line,2,"baseline $t=1e+04\,$s",15.655945400850316,1.0993911179139806e-06,
1,line,2,"baseline $t=1e+04\,$s",18.40122326681789,1.1380972233661592e-06,
1,line,2,"baseline $t=1e+04\,$s",21.62788698131826,1.171154031267718e-06,
1,line,2,"baseline $t=1e+04\,$s",25.420347793952185,1.1972592592274754e-06,
1,line,2,"baseline $t=1e+04\,$s",29.877818509208026,1.2226330870704804e-06,
1,line,2,"baseline $t=1e+04\,$s",35.1169089465233,1.2385210423682569e-06,
1,line,2,"baseline $t=1e+04\,$s",41.274676515567904,1.2507845759887428e-06,
1,line,2,"baseline $t=1e+04\,$s",48.51221171143108,1.2601263737430087e-06,
1,line,2,"baseline $t=1e+04\,$s",57.01885232818259,1.2605771888801959e-06,
1,line,2,"baseline $t=1e+04\,$s",67.01713663689895,1.2593573934555168e-06,
1,line,2,"baseline $t=1e+04\,$s",78.76862510592494,1.2533190008126271e-06,
1,line,2,"baseline $t=1e+04\,$s",92.58074296271438,1.242938572845197e-06,
1,line,2,"baseline $t=1e+04\,$s",108.81482260229686,1.2304469733500484e-06,
1,line,2,"baseline $t=1e+04\,$s",127.89555623611915,1.21426415847665e-06,
1,line,2,"baseline $t=1e+04\,$s",150.32210606756786,1.1963166070491085e-06,
1,line,2,"baseline $t=1e+04\,$s",176.68116264236485,1.1765158725199167e-06,
1,line,2,"baseline $t=1e+04\,$s",207.6622929872086,1.1551600212110244e-06,
1,line,2,"baseline $t=1e+04\,$s",244.07598005224483,1.1329624963586192e-06,
1,line,2,"baseline $t=1e+04\,$s",286.8748253787863,1.1099610373121771e-06,
1,line,2,"baseline $t=1e+04\,$s",337.178469665443,1.0865555173606743e-06,
1,line,2,"baseline $t=1e+04\,$s",396.302883168002,1.06301824047925e-06,
1,line,2,"baseline $t=1e+04\,$s",465.7947921855921,1.0394628791458179e-06,
1,line,2,"baseline $t=1e+04\,$s",547.472142248439,1.01605115601822e-06,
1,line,2,"baseline $t=1e+04\,$s",643.4716565458548,9.929280212400188e-07,
1,line,2,"baseline $t=1e+04\,$s",756.3047337483902,9.701021371552148e-07,
1,line,2,"baseline $t=1e+04\,$s",888.9231475410945,9.476778827829064e-07,
1,line,2,"baseline $t=1e+04\,$s",1044.79626660284,9.256897071939812e-07,
1,line,2,"baseline $t=1e+04\,$s",1228.001815147637,9.040973340069698e-07,
1,line,2,"baseline $t=1e+04\,$s",1443.3325483724664,8.82973890724278e-07,
1,line,2,"baseline $t=1e+04\,$s",1696.4216334980495,8.622990549432334e-07,
1,line,2,"baseline $t=1e+04\,$s",1993.8900164382494,8.420605943197679e-07,
1,line,2,"baseline $t=1e+04\,$s",2343.5196292883334,8.222857791582586e-07,
1,line,2,"baseline $t=1e+04\,$s",2754.4569698335245,8.029378771997366e-07,
1,line,2,"baseline $t=1e+04\,$s",3237.4523788257507,7.84026915570574e-07,
1,line,2,"baseline $t=1e+04\,$s",3805.1412746513693,7.655561385930791e-07,
1,line,2,"baseline $t=1e+04\,$s",4472.374702637946,7.474900073231415e-07,
1,line,2,"baseline $t=1e+04\,$s",5256.607846348221,7.298457217250588e-07,
1,line,2,"baseline $t=1e+04\,$s",6178.356664523548,7.126090805239796e-07,
1,line,2,"baseline $t=1e+04\,$s",7261.734599544229,6.957647619460232e-07,
1,line,2,"baseline $t=1e+04\,$s",8535.083397987082,6.793237399067071e-07,
1,line,2,"baseline $t=1e+04\,$s",10031.714545883691,6.632647978393847e-07,
1,line,2,"baseline $t=1e+04\,$s",11790.780715022454,6.475802748576021e-07,
1,line,2,"baseline $t=1e+04\,$s",13858.300017796111,6.322727317629132e-07,
1,line,2,"baseline $t=1e+04\,$s",16288.359865649785,6.173243162332235e-07,
1,line,2,"baseline $t=1e+04\,$s",19144.53192470997,6.027392072849328e-07,
1,line,2,"baseline $t=1e+04\,$s",22501.535184593857,5.885106516806483e-07,
1,line,2,"baseline $t=1e+04\,$s",26447.19064716322,5.746198021061937e-07,
1,line,2,"baseline $t=1e+04\,$s",31084.718770935444,5.610756387027721e-07,
1,line,2,"baseline $t=1e+04\,$s",36535.43977351612,5.478671122546589e-07,
1,line,2,"baseline $t=1e+04\,$s",42941.94743342294,5.349827964420338e-07,
1,line,2,"baseline $t=1e+04\,$s",50471.839419639866,5.224288016152935e-07,
1,line,2,"baseline $t=1e+04\,$s",59322.10173633708,5.101900890798176e-07,
1,line,2,"baseline $t=1e+04\,$s",69724.26198215637,4.982697212451906e-07,
1,line,2,"baseline $t=1e+04\,$s",81950.4462361039,4.86668026950476e-07,
1,line,2,"baseline $t=1e+04\,$s",96320.49802140985,4.753604500093033e-07,
1,line,2,"baseline $t=1e+04\,$s",113210.34558326888,4.643610172854838e-07,
1,line,2,"baseline $t=1e+04\,$s",133061.8363729217,4.536643498716786e-07,
1,line,2,"baseline $t=1e+04\,$s",156394.2960134453,4.4326012526530844e-07,
1,line,2,"baseline $t=1e+04\,$s",183818.1141359825,4.3316176427937115e-07,
1,line,2,"baseline $t=1e+04\,$s",216050.71249915805,4.2334848474578397e-07,
1,line,2,"baseline $t=1e+04\,$s",253935.31312623026,4.1381844812934454e-07,
1,line,2,"baseline $t=1e+04\,$s",298462.9974444907,4.045878453739763e-07,
1,line,2,"baseline $t=1e+04\,$s",350798.6335058071,3.9563590168831064e-07,
1,line,2,"baseline $t=1e+04\,$s",412311.3495582535,3.8697956388199856e-07,
1,line,2,"baseline $t=1e+04\,$s",484610.35117383633,3.7861902798319784e-07,
1,line,2,"baseline $t=1e+04\,$s",569587.0189274155,3.7050716599939944e-07,
1,line,2,"baseline $t=1e+04\,$s",669464.3879248217,3.6269775915912526e-07,
1,line,2,"baseline $t=1e+04\,$s",786855.3035908677,3.5517674460780864e-07,
1,line,2,"baseline $t=1e+04\,$s",924830.7751040731,3.479349856215889e-07,
1,line,2,"baseline $t=1e+04\,$s",1087000.3146402042,3.410030804070945e-07,
1,line,2,"baseline $t=1e+04\,$s",1277606.364142627,3.343183375613635e-07,
1,line,2,"baseline $t=1e+04\,$s",1501635.2798738715,3.2791093020665054e-07,
1,line,2,"baseline $t=1e+04\,$s",1764947.778164129,3.218174486457468e-07,
1,line,2,"baseline $t=1e+04\,$s",2074432.2548869124,3.159886291317977e-07,
1,line,2,"baseline $t=1e+04\,$s",2438184.9895816143,3.104829297396196e-07,
1,line,2,"baseline $t=1e+04\,$s",2865721.9484591815,3.052686510256368e-07,
1,line,2,"baseline $t=1e+04\,$s",3368227.727170901,3.002426178352406e-07,
1,line,2,"baseline $t=1e+04\,$s",3958848.145816352,2.955503196329243e-07,
1,line,2,"baseline $t=1e+04\,$s",4653034.150632524,2.911463746252168e-07,
1,line,2,"baseline $t=1e+04\,$s",5468946.019016334,2.8705049645872167e-07,
1,line,2,"baseline $t=1e+04\,$s",6427928.442100255,2.8330255066987816e-07,
1,line,2,"baseline $t=1e+04\,$s",7555068.913295548,2.796654511704132e-07,
1,line,2,"baseline $t=1e+04\,$s",8879854.030545786,2.7630672003646035e-07,
1,line,2,"baseline $t=1e+04\,$s",10436940.881510252,2.7327788447184994e-07,
1,line,2,"baseline $t=1e+04\,$s",12267063.691523654,2.705078374177469e-07,
1,line,2,"baseline $t=1e+04\,$s",14418099.452732118,2.6810948772554193e-07,
1,line,2,"baseline $t=1e+04\,$s",16946320.411828764,2.6588265515082834e-07,
1,line,2,"baseline $t=1e+04\,$s",19917866.182144478,2.6367663689832377e-07,
1,line,2,"baseline $t=1e+04\,$s",23410473.991326828,2.6181292866323894e-07,
1,line,2,"baseline $t=1e+04\,$s",27515512.328820772,2.6019450733533997e-07,
1,line,2,"baseline $t=1e+04\,$s",32340371.19444807,2.5890619439193447e-07,
1,line,2,"baseline $t=1e+04\,$s",38011271.47827708,2.579459998868705e-07,
1,line,2,"baseline $t=1e+04\,$s",44676566.96665627,2.566206538515461e-07,
1,line,2,"baseline $t=1e+04\,$s",52510625.356660485,2.5555335910231813e-07,
1,line,2,"baseline $t=1e+04\,$s",61718389.808363676,2.5472769087374216e-07,
1,line,2,"baseline $t=1e+04\,$s",72540740.36758682,2.540858427585109e-07,
1,line,2,"baseline $t=1e+04\,$s",85260795.51680958,2.537733155914888e-07,
1,line,2,"baseline $t=1e+04\,$s",100211318.70618989,2.5318878184762294e-07,
1,line,2,"baseline $t=1e+04\,$s",117783423.62350766,2.5237768275597425e-07,
1,line,2,"baseline $t=1e+04\,$s",138436805.93754652,2.5180777382075767e-07,
1,line,2,"baseline $t=1e+04\,$s",162711769.1828178,2.511601541059465e-07,
1,line,2,"baseline $t=1e+04\,$s",191243359.38916388,2.5073411963573437e-07,
1,line,2,"baseline $t=1e+04\,$s",224777978.2257796,2.503940215086964e-07,
1,line,2,"baseline $t=1e+04\,$s",264192909.26831022,2.4917502400820247e-07,
1,line,2,"baseline $t=1e+04\,$s",310519268.20671827,2.48173606061863e-07,
1,line,2,"baseline $t=1e+04\,$s",364968977.38352764,2.469472434392423e-07,
1,line,2,"baseline $t=1e+04\,$s",428966470.33093244,2.4544756104445897e-07,
1,line,2,"baseline $t=1e+04\,$s",504185955.7142798,2.4412597232707913e-07,
1,line,2,"baseline $t=1e+04\,$s",592595215.5267816,2.421732070583139e-07,
1,line,2,"baseline $t=1e+04\,$s",696507083.3195499,2.40051079177008e-07,
1,line,2,"baseline $t=1e+04\,$s",818639949.165067,2.378676163255045e-07,
1,line,2,"baseline $t=1e+04\,$s",962188874.1962961,2.3442860390638108e-07,
1,line,2,"baseline $t=1e+04\,$s",1130909175.1158357,2.3114268701048245e-07,
1,line,2,"baseline $t=1e+04\,$s",1329214665.2906115,2.2783635301945538e-07,
1,line,2,"baseline $t=1e+04\,$s",1562293122.4717166,2.2423330914125646e-07,
1,line,2,"baseline $t=1e+04\,$s",1836242003.836749,2.2070913213029248e-07,
1,line,2,"baseline $t=1e+04\,$s",2158227958.732784,2.1600048397926822e-07,
1,line,2,"baseline $t=1e+04\,$s",2536674312.058723,2.107196010578693e-07,
1,line,2,"baseline $t=1e+04\,$s",2981481422.9525,2.0570151542910537e-07,
1,line,2,"baseline $t=1e+04\,$s",3504285683.48479,2.0016334893337597e-07,
1,line,2,"baseline $t=1e+04\,$s",4118763932.9027276,1.9472864469729896e-07,
1,line,2,"baseline $t=1e+04\,$s",4840991251.0645485,1.8901398370604396e-07,
1,line,2,"baseline $t=1e+04\,$s",5689861491.131199,1.8188003501659545e-07,
1,line,2,"baseline $t=1e+04\,$s",6687581552.876901,1.7526735725386184e-07,
1,line,2,"baseline $t=1e+04\,$s",7860252327.071659,1.6905976139527352e-07,
1,line,2,"baseline $t=1e+04\,$s",9238551508.752373,1.6312801383534884e-07,
1,line,2,"baseline $t=1e+04\,$s",10858536142.142939,1.5702422794447524e-07,
1,line,2,"baseline $t=1e+04\,$s",12762585892.227968,1.487853506611751e-07,
1,line,2,"baseline $t=1e+04\,$s",15000511719.469324,1.402310795770488e-07,
1,line,2,"baseline $t=1e+04\,$s",17630858961.189373,1.3215554495270144e-07,
1,line,2,"baseline $t=1e+04\,$s",20722438908.927334,1.2419100522623686e-07,
1,line,2,"baseline $t=1e+04\,$s",24356128948.652027,1.1682812126996798e-07,
1,line,2,"baseline $t=1e+04\,$s",28626988356.46236,1.1019421034169058e-07,
1,line,2,"baseline $t=1e+04\,$s",33646745100.12341,1.0428929688462298e-07,
1,line,2,"baseline $t=1e+04\,$s",39546718702.49716,9.835908929446099e-08,
1,line,2,"baseline $t=1e+04\,$s",46481255630.53951,9.128509025407307e-08,
1,line,2,"baseline $t=1e+04\,$s",54631767081.47816,8.40062995327414e-08,
1,line,2,"baseline $t=1e+04\,$s",64211474796.81882,7.745256656871225e-08,
1,line,2,"baseline $t=1e+04\,$s",75470989057.21391,7.184212788960169e-08,
1,line,2,"baseline $t=1e+04\,$s",88704864781.52556,6.676808008369104e-08,
1,line,2,"baseline $t=1e+04\,$s",104259307241.13853,6.220016607462558e-08,
1,line,2,"baseline $t=1e+04\,$s",122541228975.14412,5.8297586382864614e-08,
1,line,2,"baseline $t=1e+04\,$s",144028894840.12958,5.45059041737559e-08,
1,line,2,"baseline $t=1e+04\,$s",169284433674.78238,5.017230013509037e-08,
1,line,2,"baseline $t=1e+04\,$s",198968543891.1475,4.547946542007336e-08,
1,line,2,"baseline $t=1e+04\,$s",233857777698.67584,4.128881024424398e-08,
1,line,2,"baseline $t=1e+04\,$s",274864856125.61456,3.7835618783794976e-08,
1,line,2,"baseline $t=1e+04\,$s",323062546289.5716,3.478935113775909e-08,
1,line,2,"baseline $t=1e+04\,$s",379711725559.43,3.197635600450882e-08,
1,line,2,"baseline $t=1e+04\,$s",446294366782.1083,2.9395585616173933e-08,
1,line,2,"baseline $t=1e+04\,$s",524552307485.35004,2.698898996530274e-08,
1,line,2,"baseline $t=1e+04\,$s",616532817279.6378,2.454179274604448e-08,
1,line,2,"baseline $t=1e+04\,$s",724642155526.8506,2.1920196502499666e-08,
1,line,2,"baseline $t=1e+04\,$s",851708520372.9393,1.9580373659783404e-08,
1,line,2,"baseline $t=1e+04\,$s",1001056035925.0074,1.7585127987547364e-08,
1,line,2,"baseline $t=1e+04\,$s",1176591713116.9387,1.584754804880846e-08,
1,line,2,"baseline $t=1e+04\,$s",1382907659206.3625,1.4239715093407748e-08,
1,line,2,"baseline $t=1e+04\,$s",1625401209758.095,1.258787044543958e-08,
1,line,2,"baseline $t=1e+04\,$s",1910416125831.0461,1.1089875518081836e-08,
1,line,2,"baseline $t=1e+04\,$s",2245408550162.4854,9.720961938655582e-09,
1,line,2,"baseline $t=1e+04\,$s",2639142063852.4736,8.360038378542767e-09,
1,line,2,"baseline $t=1e+04\,$s",3101916946335.435,7.182263368934144e-09,
1,line,2,"baseline $t=1e+04\,$s",3645839636202.627,6.129924651752205e-09,
1,line,2,"baseline $t=1e+04\,$s",4285139442114.7456,5.1976361040556064e-09,
1,line,2,"baseline $t=1e+04\,$s",5036540789131.663,4.3976358771377565e-09,
1,line,2,"baseline $t=1e+04\,$s",5919700738622.483,3.632487873176088e-09,
1,line,2,"baseline $t=1e+04\,$s",6957723227510.926,2.972751723292539e-09,
1,line,2,"baseline $t=1e+04\,$s",8177763479629.893,2.428570726028552e-09,
1,line,2,"baseline $t=1e+04\,$s",9611738400909.738,1.940906495996144e-09,
1,line,2,"baseline $t=1e+04\,$s",11297161542718.53,1.5483516554435441e-09,
1,line,2,"baseline $t=1e+04\,$s",13278124476442.15,1.226804330448059e-09,
1,line,2,"baseline $t=1e+04\,$s",15606450252588.45,9.587450102978116e-10,
1,line,2,"baseline $t=1e+04\,$s",18343049119522.934,7.471121762122501e-10,
1,line,2,"baseline $t=1e+04\,$s",21559511968163.637,5.68483044360799e-10,
1,line,2,"baseline $t=1e+04\,$s",25339983188001.18,4.265200088012501e-10,
1,line,2,"baseline $t=1e+04\,$s",29783361929359.832,3.2118856471983917e-10,
1,line,2,"baseline $t=1e+04\,$s",35005889358098.59,2.4653941874893157e-10,
1,line,2,"baseline $t=1e+04\,$s",41144189586718.34,1.896007492651621e-10,
1,line,2,"baseline $t=1e+04\,$s",48358843834264.234,1.4512423904377353e-10,
1,line,2,"baseline $t=1e+04\,$s",56838591316953.945,1.0975448613716509e-10,
1,line,2,"baseline $t=1e+04\,$s",66805266767082.664,8.282311578759631e-11,
1,line,2,"baseline $t=1e+04\,$s",78519603748340.28,6.184151537870915e-11,
1,line,2,"baseline $t=1e+04\,$s",92288055585375.66,4.577796812275953e-11,
1,line,2,"baseline $t=1e+04\,$s",108470812346775.47,3.3918556078866473e-11,
1,line,2,"baseline $t=1e+04\,$s",127491223610023.19,2.5338506268889666e-11,
1,line,2,"baseline $t=1e+04\,$s",149846873513012.1,1.893225871006013e-11,
1,line,2,"baseline $t=1e+04\,$s",176122597821387.12,1.4002735143181423e-11,
1,line,2,"baseline $t=1e+04\,$s",207005783545163.47,9.897039448909506e-12,
1,line,2,"baseline $t=1e+04\,$s",243304351350781.0,6.936467070893671e-12,
1,line,2,"baseline $t=1e+04\,$s",285967891198117.2,4.643575709221846e-12,
1,line,2,"baseline $t=1e+04\,$s",336112504122033.94,2.904866183268918e-12,
1,line,2,"baseline $t=1e+04\,$s",395050000032759.25,1.819842708380663e-12,
1,line,2,"baseline $t=1e+04\,$s",464322215365186.25,1.1317583720879505e-12,
1,line,2,"baseline $t=1e+04\,$s",545741348345162.06,6.985841386390899e-13,
1,line,2,"baseline $t=1e+04\,$s",641437367064924.9,4.2786602473753434e-13,
1,line,2,"baseline $t=1e+04\,$s",753913730588281.0,2.412671653116011e-13,
1,line,2,"baseline $t=1e+04\,$s",886112880779532.5,1.3390284052534414e-13,
1,line,2,"baseline $t=1e+04\,$s",1041493218157350.1,7.096782835964026e-14,
1,line,2,"baseline $t=1e+04\,$s",1224119575503194.0,3.1886622793401405e-14,
1,line,2,"baseline $t=1e+04\,$s",1438769556062274.0,1.4335807916634738e-14,
1,line,2,"baseline $t=1e+04\,$s",1691058518201297.8,6.2354324569352336e-15,
1,line,2,"baseline $t=1e+04\,$s",1987586476188542.8,2.610451647578164e-15,
1,line,2,"baseline $t=1e+04\,$s",2336110760099276.0,1.0880096709148218e-15,
1,line,2,"baseline $t=1e+04\,$s",2745748951722050.5,3.6199926426670606e-16,
1,line,2,"baseline $t=1e+04\,$s",3227217405377798.0,1.1106175764615668e-16,
1,line,2,"baseline $t=1e+04\,$s",3793111593483984.5,3.2560939971138534e-17,
1,line,2,"baseline $t=1e+04\,$s",4458235610853832.5,3.425138995289817e-18,
1,line,2,"baseline $t=1e+04\,$s",5239989457739420.0,3.546380684487218e-19,
1,line,2,"baseline $t=1e+04\,$s",6158824233150310.0,3.846716196121953e-20,
1,line,2,"baseline $t=1e+04\,$s",7238777146548561.0,4.6314808250210004e-21,
1,line,2,"baseline $t=1e+04\,$s",8508100344112365.0,5.63603776304871e-22,
1,line,2,"baseline $t=1e+04\,$s",9999999999999992.0,3.570460730331283e-23,
1,line,3,"decay $t=1e+04\,$s",4.136189762796504e-07,9.708344020079196e-20,
1,line,3,"decay $t=1e+04\,$s",4.861472708956382e-07,1.5924717795602107e-19,
1,line,3,"decay $t=1e+04\,$s",5.713934382920734e-07,2.6192257082034303e-19,
1,line,3,"decay $t=1e+04\,$s",6.715875638296561e-07,4.310542816205517e-19,
1,line,3,"decay $t=1e+04\,$s",7.893507794538307e-07,7.101575091744575e-19,
1,line,3,"decay $t=1e+04\,$s",9.277638339092464e-07,1.1738297096357709e-18,
1,line,3,"decay $t=1e+04\,$s",1.090447686775643e-06,1.9409619817375295e-18,
1,line,3,"decay $t=1e+04\,$s",1.281658234708323e-06,3.2177524598419028e-18,
1,line,3,"decay $t=1e+04\,$s",1.5063976479722919e-06,5.34881948310591e-18,
1,line,3,"decay $t=1e+04\,$s",1.770545229893428e-06,8.896307347705256e-18,
1,line,3,"decay $t=1e+04\,$s",2.0810112225799443e-06,1.4858154854664795e-17,
1,line,3,"decay $t=1e+04\,$s",2.4459175825541275e-06,2.4855151552646113e-17,
1,line,3,"decay $t=1e+04\,$s",2.8748104554816266e-06,4.161700449723713e-17,
1,line,3,"decay $t=1e+04\,$s",3.378909908450926e-06,6.999472634869142e-17,
1,line,3,"decay $t=1e+04\,$s",3.971403452933094e-06,1.1777974884254454e-16,
1,line,3,"decay $t=1e+04\,$s",4.6677910371394276e-06,1.9846631170476924e-16,
1,line,3,"decay $t=1e+04\,$s",5.486290532961935e-06,3.350581793907679e-16,
1,line,3,"decay $t=1e+04\,$s",6.4483143252517195e-06,5.658251690768028e-16,
1,line,3,"decay $t=1e+04\,$s",7.5790294712660705e-06,9.555793639053811e-16,
1,line,3,"decay $t=1e+04\,$s",8.90801608435509e-06,1.6136280718379289e-15,
1,line,3,"decay $t=1e+04\,$s",1.0470041165557464e-05,2.7247319311842014e-15,
1,line,3,"decay $t=1e+04\,$s",1.2305968126954065e-05,4.592491906436077e-15,
1,line,3,"decay $t=1e+04\,$s",1.446382580039706e-05,7.737919124672412e-15,
1,line,3,"decay $t=1e+04\,$s",1.7000064897454984e-05,1.303129026040224e-14,
1,line,3,"decay $t=1e+04\,$s",1.998103479023846e-05,2.1920786008557437e-14,
1,line,3,"decay $t=1e+04\,$s",2.348471924648282e-05,3.687035304658174e-14,
1,line,3,"decay $t=1e+04\,$s",2.7602776526647472e-05,6.201296143532261e-14,
1,line,3,"decay $t=1e+04\,$s",3.244293721306242e-05,1.0430990958710877e-13,
1,line,3,"decay $t=1e+04\,$s",3.8131822499616793e-05,1.7545632535963683e-13,
1,line,3,"decay $t=1e+04\,$s",4.481825666995547e-05,2.9528104372171614e-13,
1,line,3,"decay $t=1e+04\,$s",5.267716042038626e-05,4.969712602915133e-13,
1,line,3,"decay $t=1e+04\,$s",6.191412687890872e-05,8.360565259178121e-13,
1,line,3,"decay $t=1e+04\,$s",7.277080003146996e-05,1.4003694953146743e-12,
1,line,3,"decay $t=1e+04\,$s",8.553119625796015e-05,2.3429039791848427e-12,
1,line,3,"decay $t=1e+04\,$s",0.00010052913435270806,3.855658187468967e-12,
1,line,3,"decay $t=1e+04\,$s",0.00011815696840279235,6.157281284169617e-12,
1,line,3,"decay $t=1e+04\,$s",0.00013887585198093757,9.77396171419236e-12,
1,line,3,"decay $t=1e+04\,$s",0.00016322780216977445,1.4666613715118525e-11,
1,line,3,"decay $t=1e+04\,$s",0.00019184987901879548,2.1295029030679017e-11,
1,line,3,"decay $t=1e+04\,$s",0.00022549085137618828,3.05669431953088e-11,
1,line,3,"decay $t=1e+04\,$s",0.00026503078508262616,4.131841092033514e-11,
1,line,3,"decay $t=1e+04\,$s",0.00031150406596464975,5.528692987170265e-11,
1,line,3,"decay $t=1e+04\,$s",0.0003661264599214663,7.28937519893096e-11,
1,line,3,"decay $t=1e+04\,$s",0.0004303269180115221,9.339941778993341e-11,
1,line,3,"decay $t=1e+04\,$s",0.0005057849585769236,1.1931805338145366e-10,
1,line,3,"decay $t=1e+04\,$s",0.0005944746043421126,1.5066719239792825e-10,
1,line,3,"decay $t=1e+04\,$s",0.0006987160239047786,1.885861550543225e-10,
1,line,3,"decay $t=1e+04\,$s",0.0008212362285880728,2.356229250443956e-10,
1,line,3,"decay $t=1e+04\,$s",0.0009652404125162483,2.92325782423598e-10,
1,line,3,"decay $t=1e+04\,$s",0.001134495802208291,3.619182285216792e-10,
1,line,3,"decay $t=1e+04\,$s",0.001333430209239787,4.4750777568395476e-10,
1,line,3,"decay $t=1e+04\,$s",0.0015672478641633712,5.512875465003932e-10,
1,line,3,"decay $t=1e+04\,$s",0.0018420655619651898,6.788862661280864e-10,
1,line,3,"decay $t=1e+04\,$s",0.002165072680695273,8.349531394807704e-10,
1,line,3,"decay $t=1e+04\,$s",0.0025447192594449017,1.0253725587446475e-09,
1,line,3,"decay $t=1e+04\,$s",0.002990937055891487,1.2588668632246597e-09,
1,line,3,"decay $t=1e+04\,$s",0.0035153993663946366,1.5435900224167568e-09,
1,line,3,"decay $t=1e+04\,$s",0.004131826405676178,1.8914861510647792e-09,
1,line,3,"decay $t=1e+04\,$s",0.004856344234979996,2.3170904847629585e-09,
1,line,3,"decay $t=1e+04\,$s",0.005707906628464436,2.834600856544199e-09,
1,line,3,"decay $t=1e+04\,$s",0.006708790914077871,3.466779323119312e-09,
1,line,3,"decay $t=1e+04\,$s",0.007885180760380096,4.237433305604558e-09,
1,line,3,"decay $t=1e+04\,$s",0.009267851155324736,5.173263140439276e-09,
1,line,3,"decay $t=1e+04\,$s",0.010892973496413964,6.314494910751956e-09,
1,line,3,"decay $t=1e+04\,$s",0.012803061853815393,7.699310439685945e-09,
1,line,3,"decay $t=1e+04\,$s",0.015048085161189995,9.379747573384024e-09,
1,line,3,"decay $t=1e+04\,$s",0.017686774429738813,1.1423678760795833e-08,
1,line,3,"decay $t=1e+04\,$s",0.020788159182887442,1.3890572319507567e-08,
1,line,3,"decay $t=1e+04\,$s",0.02443337330556136,1.688149942047128e-08,
1,line,3,"decay $t=1e+04\,$s",0.028717777550036912,2.0505250511052697e-08,
1,line,3,"decay $t=1e+04\,$s",0.033753454224255186,2.4856733397359183e-08,
1,line,3,"decay $t=1e+04\,$s",0.039672139324981495,3.012449171613018e-08,
1,line,3,"decay $t=1e+04\,$s",0.04662866882198256,3.646124447220945e-08,
1,line,3,"decay $t=1e+04\,$s",0.054805029249859916,4.4058765672444705e-08,
1,line,3,"decay $t=1e+04\,$s",0.06441511857318971,5.32211200625424e-08,
1,line,3,"decay $t=1e+04\,$s",0.07571034187174885,6.414554822724355e-08,
1,line,3,"decay $t=1e+04\,$s",0.08898618823194768,7.722517129069628e-08,
1,line,3,"decay $t=1e+04\,$s",0.10458996089946872,9.292093214684868e-08,
1,line,3,"decay $t=1e+04\,$s",0.12292986291804184,1.1143994628576349e-07,
1,line,3,"decay $t=1e+04\,$s",0.14448567593952816,1.3358191709866862e-07,
1,line,3,"decay $t=1e+04\,$s",0.16982131156870053,1.5988077766321064e-07,
1,line,3,"decay $t=1e+04\,$s",0.1995995635926132,1.907461813766289e-07,
1,line,3,"decay $t=1e+04\,$s",0.23459944702078525,2.274787168536637e-07,
1,line,3,"decay $t=1e+04\,$s",0.2757365775347569,2.704588684704555e-07,
1,line,3,"decay $t=1e+04\,$s",0.3240871244843334,3.2078632086540784e-07,
1,line,3,"decay $t=1e+04\,$s",0.38091596405371647,3.8024458729408633e-07,
1,line,3,"decay $t=1e+04\,$s",0.4477097690994067,4.485072548840274e-07,
1,line,3,"decay $t=1e+04\,$s",0.5262159013077689,5.283166669201491e-07,
1,line,3,"decay $t=1e+04\,$s",0.6184881231118851,6.21423459977301e-07,
1,line,3,"decay $t=1e+04\,$s",0.7269403252159283,7.264215763593092e-07,
1,line,3,"decay $t=1e+04\,$s",0.8544096752678368,8.487784194914854e-07,
1,line,3,"decay $t=1e+04\,$s",1.0042308396833655,9.87884986072858e-07,
1,line,3,"decay $t=1e+04\,$s",1.1803232203041512,1.1440813972891895e-06,
1,line,3,"decay $t=1e+04\,$s",1.387293488047456,1.324059896671499e-06,
1,line,3,"decay $t=1e+04\,$s",1.6305560958827374,1.521707911442875e-06,
1,line,3,"decay $t=1e+04\,$s",1.9164749238190089,1.7431922515496901e-06,
1,line,3,"decay $t=1e+04\,$s",2.252529761411663,1.9944647900312865e-06,
1,line,3,"decay $t=1e+04\,$s",2.6475119830602387,2.258361176269049e-06,
1,line,3,"decay $t=1e+04\,$s",3.111754535067633,2.5544172190424854e-06,
1,line,3,"decay $t=1e+04\,$s",3.6574022510453377,2.8767046866718494e-06,
1,line,3,"decay $t=1e+04\,$s",4.2987295672602635,3.208532505186559e-06,
1,line,3,"decay $t=1e+04\,$s",5.0525139495268885,3.576092354211651e-06,
1,line,3,"decay $t=1e+04\,$s",5.93847480069179,3.950200297189264e-06,
1,line,3,"decay $t=1e+04\,$s",6.97978933076548,4.333886142767186e-06,
1,line,3,"decay $t=1e+04\,$s",8.203698885140035,4.7490940200502976e-06,
1,line,3,"decay $t=1e+04\,$s",9.642221592763594,5.13203808649542e-06,
1,line,3,"decay $t=1e+04\,$s",11.332989977528834,5.528455608438288e-06,
1,line,3,"decay $t=1e+04\,$s",13.32023544523802,5.9342761371440534e-06,
1,line,3,"decay $t=1e+04\,$s",15.655945400850316,6.272755972012104e-06,
1,line,3,"decay $t=1e+04\,$s",18.40122326681789,6.626200421674258e-06,
1,line,3,"decay $t=1e+04\,$s",21.62788698131826,6.939440609544361e-06,
1,line,3,"decay $t=1e+04\,$s",25.420347793952185,7.195108886836876e-06,
1,line,3,"decay $t=1e+04\,$s",29.877818509208026,7.450228547051221e-06,
1,line,3,"decay $t=1e+04\,$s",35.1169089465233,7.623667558830563e-06,
1,line,3,"decay $t=1e+04\,$s",41.274676515567904,7.764416276083388e-06,
1,line,3,"decay $t=1e+04\,$s",48.51221171143108,7.886660820643301e-06,
1,line,3,"decay $t=1e+04\,$s",57.01885232818259,7.921240008233054e-06,
1,line,3,"decay $t=1e+04\,$s",67.01713663689895,7.944335918932004e-06,
1,line,3,"decay $t=1e+04\,$s",78.76862510592494,7.929266277008474e-06,
1,line,3,"decay $t=1e+04\,$s",92.58074296271438,7.86732729459485e-06,
1,line,3,"decay $t=1e+04\,$s",108.81482260229686,7.793565005365204e-06,
1,line,3,"decay $t=1e+04\,$s",127.89555623611915,7.685771697300932e-06,
1,line,3,"decay $t=1e+04\,$s",150.32210606756786,7.561030171601902e-06,
1,line,3,"decay $t=1e+04\,$s",176.68116264236485,7.426066259318831e-06,
1,line,3,"decay $t=1e+04\,$s",207.6622929872086,7.272485807615601e-06,
1,line,3,"decay $t=1e+04\,$s",244.07598005224483,7.114538091416795e-06,
1,line,3,"decay $t=1e+04\,$s",286.8748253787863,6.951965203359664e-06,
1,line,3,"decay $t=1e+04\,$s",337.178469665443,6.782832133987374e-06,
1,line,3,"decay $t=1e+04\,$s",396.302883168002,6.614970030829737e-06,
1,line,3,"decay $t=1e+04\,$s",465.7947921855921,6.446851619700573e-06,
1,line,3,"decay $t=1e+04\,$s",547.472142248439,6.279174390312572e-06,
1,line,3,"decay $t=1e+04\,$s",643.4716565458548,6.114931853628727e-06,
1,line,3,"decay $t=1e+04\,$s",756.3047337483902,5.952640205982025e-06,
1,line,3,"decay $t=1e+04\,$s",888.9231475410945,5.7937224865309556e-06,
1,line,3,"decay $t=1e+04\,$s",1044.79626660284,5.6388964242641625e-06,
1,line,3,"decay $t=1e+04\,$s",1228.001815147637,5.487242984529371e-06,
1,line,3,"decay $t=1e+04\,$s",1443.3325483724664,5.339667352160784e-06,
1,line,3,"decay $t=1e+04\,$s",1696.4216334980495,5.196195354245384e-06,
1,line,3,"decay $t=1e+04\,$s",1993.8900164382494,5.05662519780312e-06,
1,line,3,"decay $t=1e+04\,$s",2343.5196292883334,4.920945301861098e-06,
1,line,3,"decay $t=1e+04\,$s",2754.4569698335245,4.789404118224459e-06,
1,line,3,"decay $t=1e+04\,$s",3237.4523788257507,4.661679380726354e-06,
1,line,3,"decay $t=1e+04\,$s",3805.1412746513693,4.537571448049224e-06,
1,line,3,"decay $t=1e+04\,$s",4472.374702637946,4.417569162688163e-06,
1,line,3,"decay $t=1e+04\,$s",5256.607846348221,4.300934000233756e-06,
1,line,3,"decay $t=1e+04\,$s",6178.356664523548,4.187717847333279e-06,
1,line,3,"decay $t=1e+04\,$s",7261.734599544229,4.0783164438922705e-06,
1,line,3,"decay $t=1e+04\,$s",8535.083397987082,3.97189436023631e-06,
1,line,3,"decay $t=1e+04\,$s",10031.714545883691,3.868812382515564e-06,
1,line,3,"decay $t=1e+04\,$s",11790.780715022454,3.768912141500561e-06,
1,line,3,"decay $t=1e+04\,$s",13858.300017796111,3.6717221908484722e-06,
1,line,3,"decay $t=1e+04\,$s",16288.359865649785,3.5777285552313103e-06,
1,line,3,"decay $t=1e+04\,$s",19144.53192470997,3.4864129017638093e-06,
1,line,3,"decay $t=1e+04\,$s",22501.535184593857,3.3976091736928615e-06,
1,line,3,"decay $t=1e+04\,$s",26447.19064716322,3.311753289085866e-06,
1,line,3,"decay $t=1e+04\,$s",31084.718770935444,3.2281797554471243e-06,
1,line,3,"decay $t=1e+04\,$s",36535.43977351612,3.147039412303849e-06,
1,line,3,"decay $t=1e+04\,$s",42941.94743342294,3.06837862099302e-06,
1,line,3,"decay $t=1e+04\,$s",50471.839419639866,2.991819398872287e-06,
1,line,3,"decay $t=1e+04\,$s",59322.10173633708,2.9175866466260517e-06,
1,line,3,"decay $t=1e+04\,$s",69724.26198215637,2.8455097259695793e-06,
1,line,3,"decay $t=1e+04\,$s",81950.4462361039,2.775424312793102e-06,
1,line,3,"decay $t=1e+04\,$s",96320.49802140985,2.707514844878752e-06,
1,line,3,"decay $t=1e+04\,$s",113210.34558326888,2.641522836348347e-06,
1,line,3,"decay $t=1e+04\,$s",133061.8363729217,2.577462584179842e-06,
1,line,3,"decay $t=1e+04\,$s",156394.2960134453,2.5154564726489856e-06,
1,line,3,"decay $t=1e+04\,$s",183818.1141359825,2.455315219740846e-06,
1,line,3,"decay $t=1e+04\,$s",216050.71249915805,2.397090765100444e-06,
1,line,3,"decay $t=1e+04\,$s",253935.31312623026,2.340775424207469e-06,
1,line,3,"decay $t=1e+04\,$s",298462.9974444907,2.2863561714770957e-06,
1,line,3,"decay $t=1e+04\,$s",350798.6335058071,2.233928760443881e-06,
1,line,3,"decay $t=1e+04\,$s",412311.3495582535,2.18350767341418e-06,
1,line,3,"decay $t=1e+04\,$s",484610.35117383633,2.1351332541407674e-06,
1,line,3,"decay $t=1e+04\,$s",569587.0189274155,2.0887448720698783e-06,
1,line,3,"decay $t=1e+04\,$s",669464.3879248217,2.044566648925407e-06,
1,line,3,"decay $t=1e+04\,$s",786855.3035908677,2.00269839630432e-06,
1,line,3,"decay $t=1e+04\,$s",924830.7751040731,1.963266490535737e-06,
1,line,3,"decay $t=1e+04\,$s",1087000.3146402042,1.9265026727178003e-06,
1,line,3,"decay $t=1e+04\,$s",1277606.364142627,1.8922134925776852e-06,
1,line,3,"decay $t=1e+04\,$s",1501635.2798738715,1.8607174979566124e-06,
1,line,3,"decay $t=1e+04\,$s",1764947.778164129,1.8324866648650611e-06,
1,line,3,"decay $t=1e+04\,$s",2074432.2548869124,1.8075933073158067e-06,
1,line,3,"decay $t=1e+04\,$s",2438184.9895816143,1.7866267272321159e-06,
1,line,3,"decay $t=1e+04\,$s",2865721.9484591815,1.7696516129346759e-06,
1,line,3,"decay $t=1e+04\,$s",3368227.727170901,1.7559469320754793e-06,
1,line,3,"decay $t=1e+04\,$s",3958848.145816352,1.7472273767803945e-06,
1,line,3,"decay $t=1e+04\,$s",4653034.150632524,1.7436871920297553e-06,
1,line,3,"decay $t=1e+04\,$s",5468946.019016334,1.745966888620041e-06,
1,line,3,"decay $t=1e+04\,$s",6427928.442100255,1.754985101829791e-06,
1,line,3,"decay $t=1e+04\,$s",7555068.913295548,1.7681758347461345e-06,
1,line,3,"decay $t=1e+04\,$s",8879854.030545786,1.7880105221646102e-06,
1,line,3,"decay $t=1e+04\,$s",10436940.881510252,1.8160630264197624e-06,
1,line,3,"decay $t=1e+04\,$s",12267063.691523654,1.8520479310927242e-06,
1,line,3,"decay $t=1e+04\,$s",14418099.452732118,1.8981991254700345e-06,
1,line,3,"decay $t=1e+04\,$s",16946320.411828764,1.952087267167775e-06,
1,line,3,"decay $t=1e+04\,$s",19917866.182144478,2.0110567196216535e-06,
1,line,3,"decay $t=1e+04\,$s",23410473.991326828,2.0817139356118807e-06,
1,line,3,"decay $t=1e+04\,$s",27515512.328820772,2.162992781461491e-06,
1,line,3,"decay $t=1e+04\,$s",32340371.19444807,2.2569353942857315e-06,
1,line,3,"decay $t=1e+04\,$s",38011271.47827708,2.3651650653352345e-06,
1,line,3,"decay $t=1e+04\,$s",44676566.96665627,2.4722444289995955e-06,
1,line,3,"decay $t=1e+04\,$s",52510625.356660485,2.5921941042399426e-06,
1,line,3,"decay $t=1e+04\,$s",61718389.808363676,2.72573859459632e-06,
1,line,3,"decay $t=1e+04\,$s",72540740.36758682,2.8694880888827225e-06,
1,line,3,"decay $t=1e+04\,$s",85260795.51680958,3.030090588932452e-06,
1,line,3,"decay $t=1e+04\,$s",100211318.70618989,3.1928279121047413e-06,
1,line,3,"decay $t=1e+04\,$s",117783423.62350766,3.3567865323862056e-06,
1,line,3,"decay $t=1e+04\,$s",138436805.93754652,3.536164122952256e-06,
1,line,3,"decay $t=1e+04\,$s",162711769.1828178,3.717238829737604e-06,
1,line,3,"decay $t=1e+04\,$s",191243359.38916388,3.910437604467692e-06,
1,line,3,"decay $t=1e+04\,$s",224777978.2257796,4.115725624118675e-06,
1,line,3,"decay $t=1e+04\,$s",264192909.26831022,4.3018914213239236e-06,
1,line,3,"decay $t=1e+04\,$s",310519268.20671827,4.501163409537025e-06,
1,line,3,"decay $t=1e+04\,$s",364968977.38352764,4.69700361270662e-06,
1,line,3,"decay $t=1e+04\,$s",428966470.33093244,4.880151890997419e-06,
1,line,3,"decay $t=1e+04\,$s",504185955.7142798,5.073851408590584e-06,
1,line,3,"decay $t=1e+04\,$s",592595215.5267816,5.2577867414199e-06,
1,line,3,"decay $t=1e+04\,$s",696507083.3195499,5.440542338879954e-06,
1,line,3,"decay $t=1e+04\,$s",818639949.165067,5.624702885220647e-06,
1,line,3,"decay $t=1e+04\,$s",962188874.1962961,5.747031381092584e-06,
1,line,3,"decay $t=1e+04\,$s",1130909175.1158357,5.869349127418054e-06,
1,line,3,"decay $t=1e+04\,$s",1329214665.2906115,5.997176621498222e-06,
1,line,3,"decay $t=1e+04\,$s",1562293122.4717166,6.130852132623108e-06,
1,line,3,"decay $t=1e+04\,$s",1836242003.836749,6.263496151035395e-06,
1,line,3,"decay $t=1e+04\,$s",2158227958.732784,6.3311058115025254e-06,
1,line,3,"decay $t=1e+04\,$s",2536674312.058723,6.34937543173572e-06,
1,line,3,"decay $t=1e+04\,$s",2981481422.9525,6.370455367825406e-06,
1,line,3,"decay $t=1e+04\,$s",3504285683.48479,6.397470818070848e-06,
1,line,3,"decay $t=1e+04\,$s",4118763932.9027276,6.423803583446402e-06,
1,line,3,"decay $t=1e+04\,$s",4840991251.0645485,6.427553675455913e-06,
1,line,3,"decay $t=1e+04\,$s",5689861491.131199,6.338664795331355e-06,
1,line,3,"decay $t=1e+04\,$s",6687581552.876901,6.252277705208589e-06,
1,line,3,"decay $t=1e+04\,$s",7860252327.071659,6.164915308334702e-06,
1,line,3,"decay $t=1e+04\,$s",9238551508.752373,6.0724940193889595e-06,
1,line,3,"decay $t=1e+04\,$s",10858536142.142939,5.96536303740713e-06,
1,line,3,"decay $t=1e+04\,$s",12762585892.227968,5.742709294226059e-06,
1,line,3,"decay $t=1e+04\,$s",15000511719.469324,5.481740770302296e-06,
1,line,3,"decay $t=1e+04\,$s",17630858961.189373,5.227110746914976e-06,
1,line,3,"decay $t=1e+04\,$s",20722438908.927334,4.946501095051441e-06,
1,line,3,"decay $t=1e+04\,$s",24356128948.652027,4.679997663129626e-06,
1,line,3,"decay $t=1e+04\,$s",28626988356.46236,4.43801616346873e-06,
1,line,3,"decay $t=1e+04\,$s",33646745100.12341,4.227092697464985e-06,
1,line,3,"decay $t=1e+04\,$s",39546718702.49716,4.014124450165868e-06,
1,line,3,"decay $t=1e+04\,$s",46481255630.53951,3.7233012618263406e-06,
1,line,3,"decay $t=1e+04\,$s",54631767081.47816,3.3983566864831524e-06,
1,line,3,"decay $t=1e+04\,$s",64211474796.81882,3.1041882040877923e-06,
1,line,3,"decay $t=1e+04\,$s",75470989057.21391,2.850979849200031e-06,
1,line,3,"decay $t=1e+04\,$s",88704864781.52556,2.6219556000395327e-06,
1,line,3,"decay $t=1e+04\,$s",104259307241.13853,2.4152866613975437e-06,
1,line,3,"decay $t=1e+04\,$s",122541228975.14412,2.2401843592840964e-06,
1,line,3,"decay $t=1e+04\,$s",144028894840.12958,2.0739410020894255e-06,
1,line,3,"decay $t=1e+04\,$s",169284433674.78238,1.8815395108978105e-06,
1,line,3,"decay $t=1e+04\,$s",198968543891.1475,1.6658797017774682e-06,
1,line,3,"decay $t=1e+04\,$s",233857777698.67584,1.4755607973470943e-06,
1,line,3,"decay $t=1e+04\,$s",274864856125.61456,1.3154019106715168e-06,
1,line,3,"decay $t=1e+04\,$s",323062546289.5716,1.1754475672938976e-06,
1,line,3,"decay $t=1e+04\,$s",379711725559.43,1.048751677974882e-06,
1,line,3,"decay $t=1e+04\,$s",446294366782.1083,9.270146210971876e-07,
1,line,3,"decay $t=1e+04\,$s",524552307485.35004,8.180444657820431e-07,
1,line,3,"decay $t=1e+04\,$s",616532817279.6378,7.119139967344843e-07,
1,line,3,"decay $t=1e+04\,$s",724642155526.8506,6.01022405974998e-07,
1,line,3,"decay $t=1e+04\,$s",851708520372.9393,5.068429973763428e-07,
1,line,3,"decay $t=1e+04\,$s",1001056035925.0074,4.2359639980614383e-07,
1,line,3,"decay $t=1e+04\,$s",1176591713116.9387,3.51746159377248e-07,
1,line,3,"decay $t=1e+04\,$s",1382907659206.3625,2.909883801004187e-07,
1,line,3,"decay $t=1e+04\,$s",1625401209758.095,2.310770955416221e-07,
1,line,3,"decay $t=1e+04\,$s",1910416125831.0461,1.819911062472046e-07,
1,line,3,"decay $t=1e+04\,$s",2245408550162.4854,1.4247596250023596e-07,
1,line,3,"decay $t=1e+04\,$s",2639142063852.4736,1.0836078291197109e-07,
1,line,3,"decay $t=1e+04\,$s",3101916946335.435,8.235962268818916e-08,
1,line,3,"decay $t=1e+04\,$s",3645839636202.627,6.200016936196114e-08,
1,line,3,"decay $t=1e+04\,$s",4285139442114.7456,4.613892561519734e-08,
1,line,3,"decay $t=1e+04\,$s",5036540789131.663,3.4328497587241534e-08,
1,line,3,"decay $t=1e+04\,$s",5919700738622.483,2.5359527933721778e-08,
1,line,3,"decay $t=1e+04\,$s",6957723227510.926,1.8687730247694064e-08,
1,line,3,"decay $t=1e+04\,$s",8177763479629.893,1.3810420477185465e-08,
1,line,3,"decay $t=1e+04\,$s",9611738400909.738,1.0379532044582557e-08,
1,line,3,"decay $t=1e+04\,$s",11297161542718.53,7.80555805660731e-09,
1,line,3,"decay $t=1e+04\,$s",13278124476442.15,5.866740135184458e-09,
1,line,3,"decay $t=1e+04\,$s",15606450252588.45,4.40548111022427e-09,
1,line,3,"decay $t=1e+04\,$s",18343049119522.934,3.301907770184977e-09,
1,line,3,"decay $t=1e+04\,$s",21559511968163.637,2.440265815314654e-09,
1,line,3,"decay $t=1e+04\,$s",25339983188001.18,1.7905945282185684e-09,
1,line,3,"decay $t=1e+04\,$s",29783361929359.832,1.3213597324997054e-09,
1,line,3,"decay $t=1e+04\,$s",35005889358098.59,1.0159879284968567e-09,
1,line,3,"decay $t=1e+04\,$s",41144189586718.34,7.858577966758156e-10,
1,line,3,"decay $t=1e+04\,$s",48358843834264.234,6.053424572566162e-10,
1,line,3,"decay $t=1e+04\,$s",56838591316953.945,4.604674910801681e-10,
1,line,3,"decay $t=1e+04\,$s",66805266767082.664,3.496339619706379e-10,
1,line,3,"decay $t=1e+04\,$s",78519603748340.28,2.6295064369982147e-10,
1,line,3,"decay $t=1e+04\,$s",92288055585375.66,1.9629162623579344e-10,
1,line,3,"decay $t=1e+04\,$s",108470812346775.47,1.4695773194101978e-10,
1,line,3,"decay $t=1e+04\,$s",127491223610023.19,1.1294291558623502e-10,
1,line,3,"decay $t=1e+04\,$s",149846873513012.1,8.740635376392503e-11,
1,line,3,"decay $t=1e+04\,$s",176122597821387.12,6.705781585311317e-11,
1,line,3,"decay $t=1e+04\,$s",207005783545163.47,4.897778063945228e-11,
1,line,3,"decay $t=1e+04\,$s",243304351350781.0,3.544335899790938e-11,
1,line,3,"decay $t=1e+04\,$s",285967891198117.2,2.400884268104448e-11,
1,line,3,"decay $t=1e+04\,$s",336112504122033.94,1.4593877410774212e-11,
1,line,3,"decay $t=1e+04\,$s",395050000032759.25,8.912911843332427e-12,
1,line,3,"decay $t=1e+04\,$s",464322215365186.25,5.670118313949832e-12,
1,line,3,"decay $t=1e+04\,$s",545741348345162.06,3.692086042279483e-12,
1,line,3,"decay $t=1e+04\,$s",641437367064924.9,2.3921637486201556e-12,
1,line,3,"decay $t=1e+04\,$s",753913730588281.0,1.4487012252706641e-12,
1,line,3,"decay $t=1e+04\,$s",886112880779532.5,8.653299811174186e-13,
1,line,3,"decay $t=1e+04\,$s",1041493218157350.1,4.855113166115995e-13,
1,line,3,"decay $t=1e+04\,$s",1224119575503194.0,2.1180813228541633e-13,
1,line,3,"decay $t=1e+04\,$s",1438769556062274.0,9.258883914499602e-14,
1,line,3,"decay $t=1e+04\,$s",1691058518201297.8,4.129813938000832e-14,
1,line,3,"decay $t=1e+04\,$s",1987586476188542.8,1.886243130883899e-14,
1,line,3,"decay $t=1e+04\,$s",2336110760099276.0,8.596488711052161e-15,
1,line,3,"decay $t=1e+04\,$s",2745748951722050.5,3.296052182992071e-15,
1,line,3,"decay $t=1e+04\,$s",3227217405377798.0,1.1876968089027723e-15,
1,line,3,"decay $t=1e+04\,$s",3793111593483984.5,4.049244618662167e-16,
1,line,3,"decay $t=1e+04\,$s",4458235610853832.5,3.48337103038609e-17,
1,line,3,"decay $t=1e+04\,$s",5239989457739420.0,2.9211415700911696e-18,
1,line,3,"decay $t=1e+04\,$s",6158824233150310.0,2.835676301277049e-19,
1,line,3,"decay $t=1e+04\,$s",7238777146548561.0,3.84823536187971e-20,
1,line,3,"decay $t=1e+04\,$s",8508100344112365.0,5.274055080761135e-21,
1,line,3,"decay $t=1e+04\,$s",9999999999999992.0,3.9392138850831355e-22,
1,line,4,"baseline $t=1e+06\,$s",4.136189762796504e-07,1.2752676288810998e-18,
1,line,4,"baseline $t=1e+06\,$s",4.861472708956382e-07,2.113362849478838e-18,
1,line,4,"baseline $t=1e+06\,$s",5.713934382920734e-07,3.501668665177334e-18,
1,line,4,"baseline $t=1e+06\,$s",6.715875638296561e-07,5.801323187214706e-18,
1,line,4,"baseline $t=1e+06\,$s",7.893507794538307e-07,9.611232272339597e-18,
1,line,4,"baseline $t=1e+06\,$s",9.277638339092464e-07,1.5929001918164184e-17,
1,line,4,"baseline $t=1e+06\,$s",1.090447686775643e-06,2.640085666113087e-17,
1,line,4,"baseline $t=1e+06\,$s",1.281658234708323e-06,4.376092138858483e-17,
1,line,4,"baseline $t=1e+06\,$s",1.5063976479722919e-06,7.256698561809492e-17,
1,line,4,"baseline $t=1e+06\,$s",1.770545229893428e-06,1.2033493040553096e-16,
1,line,4,"baseline $t=1e+06\,$s",2.0810112225799443e-06,1.9959070865811632e-16,
1,line,4,"baseline $t=1e+06\,$s",2.4459175825541275e-06,3.3113144269402025e-16,
1,line,4,"baseline $t=1e+06\,$s",2.8748104554816266e-06,5.493644163614278e-16,
1,line,4,"baseline $t=1e+06\,$s",3.378909908450926e-06,9.117105864765023e-16,
1,line,4,"baseline $t=1e+06\,$s",3.971403452933094e-06,1.5132086078321775e-15,
1,line,4,"baseline $t=1e+06\,$s",4.6677910371394276e-06,2.511575861343552e-15,
1,line,4,"baseline $t=1e+06\,$s",5.486290532961935e-06,4.1700017417454226e-15,
1,line,4,"baseline $t=1e+06\,$s",6.4483143252517195e-06,6.92350817985975e-15,
1,line,4,"baseline $t=1e+06\,$s",7.5790294712660705e-06,1.1496102062757539e-14,
1,line,4,"baseline $t=1e+06\,$s",8.90801608435509e-06,1.9091780802571815e-14,
1,line,4,"baseline $t=1e+06\,$s",1.0470041165557464e-05,3.170606003905284e-14,
1,line,4,"baseline $t=1e+06\,$s",1.2305968126954065e-05,5.265837081295482e-14,
1,line,4,"baseline $t=1e+06\,$s",1.446382580039706e-05,8.746039209129696e-14,
1,line,4,"baseline $t=1e+06\,$s",1.7000064897454984e-05,1.452631425598712e-13,
1,line,4,"baseline $t=1e+06\,$s",1.998103479023846e-05,2.403589200109401e-13,
1,line,4,"baseline $t=1e+06\,$s",2.348471924648282e-05,3.9755216267198177e-13,
1,line,4,"baseline $t=1e+06\,$s",2.7602776526647472e-05,6.513105525282217e-13,
1,line,4,"baseline $t=1e+06\,$s",3.244293721306242e-05,1.0253526847315495e-12,
1,line,4,"baseline $t=1e+06\,$s",3.8131822499616793e-05,1.6142050938605183e-12,
1,line,4,"baseline $t=1e+06\,$s",4.481825666995547e-05,2.419944439787744e-12,
1,line,4,"baseline $t=1e+06\,$s",5.267716042038626e-05,3.4412725272564124e-12,
1,line,4,"baseline $t=1e+06\,$s",6.191412687890872e-05,4.893651568426365e-12,
1,line,4,"baseline $t=1e+06\,$s",7.277080003146996e-05,6.524066409491672e-12,
1,line,4,"baseline $t=1e+06\,$s",8.553119625796015e-05,8.530494295226127e-12,
1,line,4,"baseline $t=1e+06\,$s",0.00010052913435270806,1.1123170836625323e-11,
1,line,4,"baseline $t=1e+06\,$s",0.00011815696840279235,1.3853891240347542e-11,
1,line,4,"baseline $t=1e+06\,$s",0.00013887585198093757,1.7255001825622136e-11,
1,line,4,"baseline $t=1e+06\,$s",0.00016322780216977445,2.12947068497341e-11,
1,line,4,"baseline $t=1e+06\,$s",0.00019184987901879548,2.5826446854799168e-11,
1,line,4,"baseline $t=1e+06\,$s",0.00022549085137618828,3.132259408076122e-11,
1,line,4,"baseline $t=1e+06\,$s",0.00026503078508262616,3.7594802157262656e-11,
1,line,4,"baseline $t=1e+06\,$s",0.00031150406596464975,4.485193762454079e-11,
1,line,4,"baseline $t=1e+06\,$s",0.0003661264599214663,5.350997098191113e-11,
1,line,4,"baseline $t=1e+06\,$s",0.0004303269180115221,6.308992125944198e-11,
1,line,4,"baseline $t=1e+06\,$s",0.0005057849585769236,7.431061719503827e-11,
1,line,4,"baseline $t=1e+06\,$s",0.0005944746043421126,8.729864964211313e-11,
1,line,4,"baseline $t=1e+06\,$s",0.0006987160239047786,1.0155528839887225e-10,
1,line,4,"baseline $t=1e+06\,$s",0.0008212362285880728,1.1814025270838893e-10,
1,line,4,"baseline $t=1e+06\,$s",0.0009652404125162483,1.3649849723058776e-10,
1,line,4,"baseline $t=1e+06\,$s",0.001134495802208291,1.5662982774435586e-10,
1,line,4,"baseline $t=1e+06\,$s",0.001333430209239787,1.797304579361403e-10,
1,line,4,"baseline $t=1e+06\,$s",0.0015672478641633712,2.0367796207658003e-10,
1,line,4,"baseline $t=1e+06\,$s",0.0018420655619651898,2.3003603527449578e-10,
1,line,4,"baseline $t=1e+06\,$s",0.002165072680695273,2.5944684151699186e-10,
1,line,4,"baseline $t=1e+06\,$s",0.0025447192594449017,2.8765176843695963e-10,
1,line,4,"baseline $t=1e+06\,$s",0.002990937055891487,3.18924204882274e-10,
1,line,4,"baseline $t=1e+06\,$s",0.0035153993663946366,3.5091419915662673e-10,
1,line,4,"baseline $t=1e+06\,$s",0.004131826405676178,3.8097985061453446e-10,
1,line,4,"baseline $t=1e+06\,$s",0.004856344234979996,4.136239703191379e-10,
1,line,4,"baseline $t=1e+06\,$s",0.005707906628464436,4.4253816379753256e-10,
1,line,4,"baseline $t=1e+06\,$s",0.006708790914077871,4.697640240435052e-10,
1,line,4,"baseline $t=1e+06\,$s",0.007885180760380096,4.986685944790279e-10,
1,line,4,"baseline $t=1e+06\,$s",0.009267851155324736,5.185769258250954e-10,
1,line,4,"baseline $t=1e+06\,$s",0.010892973496413964,5.385494350969279e-10,
1,line,4,"baseline $t=1e+06\,$s",0.012803061853815393,5.569583569186537e-10,
1,line,4,"baseline $t=1e+06\,$s",0.015048085161189995,5.677557132406398e-10,
1,line,4,"baseline $t=1e+06\,$s",0.017686774429738813,5.787646922716035e-10,
1,line,4,"baseline $t=1e+06\,$s",0.020788159182887442,5.860013146740531e-10,
1,line,4,"baseline $t=1e+06\,$s",0.02443337330556136,5.89508703255846e-10,
1,line,4,"baseline $t=1e+06\,$s",0.028717777550036912,5.930378416922934e-10,
1,line,4,"baseline $t=1e+06\,$s",0.033753454224255186,5.928738954939657e-10,
1,line,4,"baseline $t=1e+06\,$s",0.039672139324981495,5.917834119529695e-10,
1,line,4,"baseline $t=1e+06\,$s",0.04662866882198256,5.904595551985748e-10,
1,line,4,"baseline $t=1e+06\,$s",0.054805029249859916,5.867200788387625e-10,
1,line,4,"baseline $t=1e+06\,$s",0.06441511857318971,5.830043060717413e-10,
1,line,4,"baseline $t=1e+06\,$s",0.07571034187174885,5.786579983399831e-10,
1,line,4,"baseline $t=1e+06\,$s",0.08898618823194768,5.732757930623472e-10,
1,line,4,"baseline $t=1e+06\,$s",0.10458996089946872,5.679436692686454e-10,
1,line,4,"baseline $t=1e+06\,$s",0.12292986291804184,5.617630884970445e-10,
1,line,4,"baseline $t=1e+06\,$s",0.14448567593952816,5.552059819026761e-10,
1,line,4,"baseline $t=1e+06\,$s",0.16982131156870053,5.487246922051327e-10,
1,line,4,"baseline $t=1e+06\,$s",0.1995995635926132,5.412754469468963e-10,
1,line,4,"baseline $t=1e+06\,$s",0.23459944702078525,5.338780815950894e-10,
1,line,4,"baseline $t=1e+06\,$s",0.2757365775347569,5.263564965501156e-10,
1,line,4,"baseline $t=1e+06\,$s",0.3240871244843334,5.182498651998625e-10,
1,line,4,"baseline $t=1e+06\,$s",0.38091596405371647,5.102682359794533e-10,
1,line,4,"baseline $t=1e+06\,$s",0.4477097690994067,5.020102744343147e-10,
1,line,4,"baseline $t=1e+06\,$s",0.5262159013077689,4.935400282697498e-10,
1,line,4,"baseline $t=1e+06\,$s",0.6184881231118851,4.852130079096733e-10,
1,line,4,"baseline $t=1e+06\,$s",0.7269403252159283,4.765352449286283e-10,
1,line,4,"baseline $t=1e+06\,$s",0.8544096752678368,4.679069198363713e-10,
1,line,4,"baseline $t=1e+06\,$s",1.0042308396833655,4.593820119057795e-10,
1,line,4,"baseline $t=1e+06\,$s",1.1803232203041512,4.5057977836807823e-10,
1,line,4,"baseline $t=1e+06\,$s",1.387293488047456,4.4194718124326157e-10,
1,line,4,"baseline $t=1e+06\,$s",1.6305560958827374,4.333325308999024e-10,
1,line,4,"baseline $t=1e+06\,$s",1.9164749238190089,4.246650851254162e-10,
1,line,4,"baseline $t=1e+06\,$s",2.252529761411663,4.161729036113498e-10,
1,line,4,"baseline $t=1e+06\,$s",2.6475119830602387,4.076439075249045e-10,
1,line,4,"baseline $t=1e+06\,$s",3.111754535067633,3.991980937730573e-10,
1,line,4,"baseline $t=1e+06\,$s",3.6574022510453377,3.909299699206388e-10,
1,line,4,"baseline $t=1e+06\,$s",4.2987295672602635,3.8261813890043735e-10,
1,line,4,"baseline $t=1e+06\,$s",5.0525139495268885,3.744813784520205e-10,
1,line,4,"baseline $t=1e+06\,$s",5.93847480069179,3.664764816930895e-10,
1,line,4,"baseline $t=1e+06\,$s",6.97978933076548,3.5851788779847677e-10,
1,line,4,"baseline $t=1e+06\,$s",8.203698885140035,3.5074096999722936e-10,
1,line,4,"baseline $t=1e+06\,$s",9.642221592763594,3.430648027649614e-10,
1,line,4,"baseline $t=1e+06\,$s",11.332989977528834,3.3550591031589644e-10,
1,line,4,"baseline $t=1e+06\,$s",13.32023544523802,3.281285644431956e-10,
1,line,4,"baseline $t=1e+06\,$s",15.655945400850316,3.208425617264177e-10,
1,line,4,"baseline $t=1e+06\,$s",18.40122326681789,3.137208373368996e-10,
1,line,4,"baseline $t=1e+06\,$s",21.62788698131826,3.06768495984703e-10,
1,line,4,"baseline $t=1e+06\,$s",25.420347793952185,2.999160853442446e-10,
1,line,4,"baseline $t=1e+06\,$s",29.877818509208026,2.932466888102709e-10,
1,line,4,"baseline $t=1e+06\,$s",35.1169089465233,2.867319267210792e-10,
1,line,4,"baseline $t=1e+06\,$s",41.274676515567904,2.80359826423048e-10,
1,line,4,"baseline $t=1e+06\,$s",48.51221171143108,2.741728256461311e-10,
1,line,4,"baseline $t=1e+06\,$s",57.01885232818259,2.6812623757120223e-10,
1,line,4,"baseline $t=1e+06\,$s",67.01713663689895,2.6224754423773856e-10,
1,line,4,"baseline $t=1e+06\,$s",78.76862510592494,2.5655907008289656e-10,
1,line,4,"baseline $t=1e+06\,$s",92.58074296271438,2.510050232900499e-10,
1,line,4,"baseline $t=1e+06\,$s",108.81482260229686,2.456440703955162e-10,
1,line,4,"baseline $t=1e+06\,$s",127.89555623611915,2.404637662458514e-10,
1,line,4,"baseline $t=1e+06\,$s",150.32210606756786,2.354338845762401e-10,
1,line,4,"baseline $t=1e+06\,$s",176.68116264236485,2.306049976833269e-10,
1,line,4,"baseline $t=1e+06\,$s",207.6622929872086,2.2594576786845809e-10,
1,line,4,"baseline $t=1e+06\,$s",244.07598005224483,2.2146551223844278e-10,
1,line,4,"baseline $t=1e+06\,$s",286.8748253787863,2.1719887279055014e-10,
1,line,4,"baseline $t=1e+06\,$s",337.178469665443,2.1305375222036784e-10,
1,line,4,"baseline $t=1e+06\,$s",396.302883168002,2.0910129952874754e-10,
1,line,4,"baseline $t=1e+06\,$s",465.7947921855921,2.0535375266413777e-10,
1,line,4,"baseline $t=1e+06\,$s",547.472142248439,2.0175983165338365e-10,
1,line,4,"baseline $t=1e+06\,$s",643.4716565458548,1.9838679628946432e-10,
1,line,4,"baseline $t=1e+06\,$s",756.3047337483902,1.951519174711392e-10,
1,line,4,"baseline $t=1e+06\,$s",888.9231475410945,1.9200848548262188e-10,
1,line,4,"baseline $t=1e+06\,$s",1044.79626660284,1.890732420606245e-10,
1,line,4,"baseline $t=1e+06\,$s",1228.001815147637,1.8630100070132614e-10,
1,line,4,"baseline $t=1e+06\,$s",1443.3325483724664,1.8372211359668731e-10,
1,line,4,"baseline $t=1e+06\,$s",1696.4216334980495,1.813571800463971e-10,
1,line,4,"baseline $t=1e+06\,$s",1993.8900164382494,1.7886237475377974e-10,
1,line,4,"baseline $t=1e+06\,$s",2343.5196292883334,1.765473897820369e-10,
1,line,4,"baseline $t=1e+06\,$s",2754.4569698335245,1.744104277940402e-10,
1,line,4,"baseline $t=1e+06\,$s",3237.4523788257507,1.7244135426444255e-10,
1,line,4,"baseline $t=1e+06\,$s",3805.1412746513693,1.7066466067282342e-10,
1,line,4,"baseline $t=1e+06\,$s",4472.374702637946,1.6880592048188503e-10,
1,line,4,"baseline $t=1e+06\,$s",5256.607846348221,1.6690830922027367e-10,
1,line,4,"baseline $t=1e+06\,$s",6178.356664523548,1.6516145559456405e-10,
1,line,4,"baseline $t=1e+06\,$s",7261.734599544229,1.6358890706924972e-10,
1,line,4,"baseline $t=1e+06\,$s",8535.083397987082,1.6217634686134521e-10,
1,line,4,"baseline $t=1e+06\,$s",10031.714545883691,1.6084118124900818e-10,
1,line,4,"baseline $t=1e+06\,$s",11790.780715022454,1.5921300929353505e-10,
1,line,4,"baseline $t=1e+06\,$s",13858.300017796111,1.5770378646663824e-10,
1,line,4,"baseline $t=1e+06\,$s",16288.359865649785,1.56323838005888e-10,
1,line,4,"baseline $t=1e+06\,$s",19144.53192470997,1.5507743890003876e-10,
1,line,4,"baseline $t=1e+06\,$s",22501.535184593857,1.539527688707988e-10,
1,line,4,"baseline $t=1e+06\,$s",26447.19064716322,1.5262351020665002e-10,
1,line,4,"baseline $t=1e+06\,$s",31084.718770935444,1.5127560459853335e-10,
1,line,4,"baseline $t=1e+06\,$s",36535.43977351612,1.500204151621953e-10,
1,line,4,"baseline $t=1e+06\,$s",42941.94743342294,1.4880710441240142e-10,
1,line,4,"baseline $t=1e+06\,$s",50471.839419639866,1.4768473998988293e-10,
1,line,4,"baseline $t=1e+06\,$s",59322.10173633708,1.4656318400137287e-10,
1,line,4,"baseline $t=1e+06\,$s",69724.26198215637,1.4532555148519308e-10,
1,line,4,"baseline $t=1e+06\,$s",81950.4462361039,1.4416416553243875e-10,
1,line,4,"baseline $t=1e+06\,$s",96320.49802140985,1.4299160239356297e-10,
1,line,4,"baseline $t=1e+06\,$s",113210.34558326888,1.4183258759044234e-10,
1,line,4,"baseline $t=1e+06\,$s",133061.8363729217,1.4074238332369375e-10,
1,line,4,"baseline $t=1e+06\,$s",156394.2960134453,1.3955517260183913e-10,
1,line,4,"baseline $t=1e+06\,$s",183818.1141359825,1.3840935032730528e-10,
1,line,4,"baseline $t=1e+06\,$s",216050.71249915805,1.3729414753771167e-10,
1,line,4,"baseline $t=1e+06\,$s",253935.31312623026,1.360973086348194e-10,
1,line,4,"baseline $t=1e+06\,$s",298462.9974444907,1.3495536366851722e-10,
1,line,4,"baseline $t=1e+06\,$s",350798.6335058071,1.3378552422671897e-10,
1,line,4,"baseline $t=1e+06\,$s",412311.3495582535,1.3257306254562951e-10,
1,line,4,"baseline $t=1e+06\,$s",484610.35117383633,1.3140972167063692e-10,
1,line,4,"baseline $t=1e+06\,$s",569587.0189274155,1.302105771856202e-10,
1,line,4,"baseline $t=1e+06\,$s",669464.3879248217,1.2903018217098408e-10,
1,line,4,"baseline $t=1e+06\,$s",786855.3035908677,1.2788566888589872e-10,
1,line,4,"baseline $t=1e+06\,$s",924830.7751040731,1.265775224680719e-10,
1,line,4,"baseline $t=1e+06\,$s",1087000.3146402042,1.25311234888196e-10,
1,line,4,"baseline $t=1e+06\,$s",1277606.364142627,1.2407179991020765e-10,
1,line,4,"baseline $t=1e+06\,$s",1501635.2798738715,1.228443704511723e-10,
1,line,4,"baseline $t=1e+06\,$s",1764947.778164129,1.216569195884589e-10,
1,line,4,"baseline $t=1e+06\,$s",2074432.2548869124,1.2035018655075494e-10,
1,line,4,"baseline $t=1e+06\,$s",2438184.9895816143,1.1898445380242097e-10,
1,line,4,"baseline $t=1e+06\,$s",2865721.9484591815,1.1765620486783157e-10,
1,line,4,"baseline $t=1e+06\,$s",3368227.727170901,1.1633835724655174e-10,
1,line,4,"baseline $t=1e+06\,$s",3958848.145816352,1.1505545912068437e-10,
1,line,4,"baseline $t=1e+06\,$s",4653034.150632524,1.1375890431351711e-10,
1,line,4,"baseline $t=1e+06\,$s",5468946.019016334,1.1229213488832728e-10,
1,line,4,"baseline $t=1e+06\,$s",6427928.442100255,1.1086287882142404e-10,
1,line,4,"baseline $t=1e+06\,$s",7555068.913295548,1.0943843060249384e-10,
1,line,4,"baseline $t=1e+06\,$s",8879854.030545786,1.0801843179942257e-10,
1,line,4,"baseline $t=1e+06\,$s",10436940.881510252,1.0663635344868242e-10,
1,line,4,"baseline $t=1e+06\,$s",12267063.691523654,1.0509460133698385e-10,
1,line,4,"baseline $t=1e+06\,$s",14418099.452732118,1.0353554338662537e-10,
1,line,4,"baseline $t=1e+06\,$s",16946320.411828764,1.0200975507798815e-10,
1,line,4,"baseline $t=1e+06\,$s",19917866.182144478,1.0041772190305895e-10,
1,line,4,"baseline $t=1e+06\,$s",23410473.991326828,9.886967383553416e-11,
1,line,4,"baseline $t=1e+06\,$s",27515512.328820772,9.72479422324001e-11,
1,line,4,"baseline $t=1e+06\,$s",32340371.19444807,9.545772929496625e-11,
1,line,4,"baseline $t=1e+06\,$s",38011271.47827708,9.371805684055614e-11,
1,line,4,"baseline $t=1e+06\,$s",44676566.96665627,9.195418974644226e-11,
1,line,4,"baseline $t=1e+06\,$s",52510625.356660485,9.020399599914404e-11,
1,line,4,"baseline $t=1e+06\,$s",61718389.808363676,8.850909305375551e-11,
1,line,4,"baseline $t=1e+06\,$s",72540740.36758682,8.645795544403586e-11,
1,line,4,"baseline $t=1e+06\,$s",85260795.51680958,8.444422823740711e-11,
1,line,4,"baseline $t=1e+06\,$s",100211318.70618989,8.245279039706239e-11,
1,line,4,"baseline $t=1e+06\,$s",117783423.62350766,8.036831534958788e-11,
1,line,4,"baseline $t=1e+06\,$s",138436805.93754652,7.836573538504801e-11,
1,line,4,"baseline $t=1e+06\,$s",162711769.1828178,7.611937596841029e-11,
1,line,4,"baseline $t=1e+06\,$s",191243359.38916388,7.365769646939825e-11,
1,line,4,"baseline $t=1e+06\,$s",224777978.2257796,7.130445603775294e-11,
1,line,4,"baseline $t=1e+06\,$s",264192909.26831022,6.877567753571963e-11,
1,line,4,"baseline $t=1e+06\,$s",310519268.20671827,6.630357125616249e-11,
1,line,4,"baseline $t=1e+06\,$s",364968977.38352764,6.393440478037275e-11,
1,line,4,"baseline $t=1e+06\,$s",428966470.33093244,6.143174217394365e-11,
1,line,4,"baseline $t=1e+06\,$s",504185955.7142798,5.908011704811826e-11,
1,line,4,"baseline $t=1e+06\,$s",592595215.5267816,5.665276123678889e-11,
1,line,4,"baseline $t=1e+06\,$s",696507083.3195499,5.402623799024077e-11,
1,line,4,"baseline $t=1e+06\,$s",818639949.165067,5.1577265604175035e-11,
1,line,4,"baseline $t=1e+06\,$s",962188874.1962961,4.901386407460573e-11,
1,line,4,"baseline $t=1e+06\,$s",1130909175.1158357,4.650092424002597e-11,
1,line,4,"baseline $t=1e+06\,$s",1329214665.2906115,4.4173844428680915e-11,
1,line,4,"baseline $t=1e+06\,$s",1562293122.4717166,4.215194621047304e-11,
1,line,4,"baseline $t=1e+06\,$s",1836242003.836749,4.0304171338228695e-11,
1,line,4,"baseline $t=1e+06\,$s",2158227958.732784,3.847687735556082e-11,
1,line,4,"baseline $t=1e+06\,$s",2536674312.058723,3.639917553604187e-11,
1,line,4,"baseline $t=1e+06\,$s",2981481422.9525,3.448731500509703e-11,
1,line,4,"baseline $t=1e+06\,$s",3504285683.48479,3.2731380689566543e-11,
1,line,4,"baseline $t=1e+06\,$s",4118763932.9027276,3.11230631577018e-11,
1,line,4,"baseline $t=1e+06\,$s",4840991251.0645485,2.963630308865997e-11,
1,line,4,"baseline $t=1e+06\,$s",5689861491.131199,2.8330595621143588e-11,
1,line,4,"baseline $t=1e+06\,$s",6687581552.876901,2.713720239244801e-11,
1,line,4,"baseline $t=1e+06\,$s",7860252327.071659,2.599158577829704e-11,
1,line,4,"baseline $t=1e+06\,$s",9238551508.752373,2.4624944694772244e-11,
1,line,4,"baseline $t=1e+06\,$s",10858536142.142939,2.3351400264566183e-11,
1,line,4,"baseline $t=1e+06\,$s",12762585892.227968,2.2194592620259348e-11,
1,line,4,"baseline $t=1e+06\,$s",15000511719.469324,2.116373522763726e-11,
1,line,4,"baseline $t=1e+06\,$s",17630858961.189373,2.019269713133649e-11,
1,line,4,"baseline $t=1e+06\,$s",20722438908.927334,1.930154329288078e-11,
1,line,4,"baseline $t=1e+06\,$s",24356128948.652027,1.8469964379826533e-11,
1,line,4,"baseline $t=1e+06\,$s",28626988356.46236,1.7679491180002247e-11,
1,line,4,"baseline $t=1e+06\,$s",33646745100.12341,1.671214304119542e-11,
1,line,4,"baseline $t=1e+06\,$s",39546718702.49716,1.5792066386200018e-11,
1,line,4,"baseline $t=1e+06\,$s",46481255630.53951,1.49540049403251e-11,
1,line,4,"baseline $t=1e+06\,$s",54631767081.47816,1.4246676152031576e-11,
1,line,4,"baseline $t=1e+06\,$s",64211474796.81882,1.3573867807354532e-11,
1,line,4,"baseline $t=1e+06\,$s",75470989057.21391,1.292201713733926e-11,
1,line,4,"baseline $t=1e+06\,$s",88704864781.52556,1.229248058745804e-11,
1,line,4,"baseline $t=1e+06\,$s",104259307241.13853,1.169389105270085e-11,
1,line,4,"baseline $t=1e+06\,$s",122541228975.14412,1.1001398196370293e-11,
1,line,4,"baseline $t=1e+06\,$s",144028894840.12958,1.0325522776769426e-11,
1,line,4,"baseline $t=1e+06\,$s",169284433674.78238,9.705490827433081e-12,
1,line,4,"baseline $t=1e+06\,$s",198968543891.1475,9.2286339624552e-12,
1,line,4,"baseline $t=1e+06\,$s",233857777698.67584,8.775224360705415e-12,
1,line,4,"baseline $t=1e+06\,$s",274864856125.61456,8.306188134314807e-12,
1,line,4,"baseline $t=1e+06\,$s",323062546289.5716,7.808948635129274e-12,
1,line,4,"baseline $t=1e+06\,$s",379711725559.43,7.341478237899822e-12,
1,line,4,"baseline $t=1e+06\,$s",446294366782.1083,6.843685462229343e-12,
1,line,4,"baseline $t=1e+06\,$s",524552307485.35004,6.355253561369825e-12,
1,line,4,"baseline $t=1e+06\,$s",616532817279.6378,5.901932046078606e-12,
1,line,4,"baseline $t=1e+06\,$s",724642155526.8506,5.5292072988559305e-12,
1,line,4,"baseline $t=1e+06\,$s",851708520372.9393,5.181294759755913e-12,
1,line,4,"baseline $t=1e+06\,$s",1001056035925.0074,4.8316437626184746e-12,
1,line,4,"baseline $t=1e+06\,$s",1176591713116.9387,4.4452238863227945e-12,
1,line,4,"baseline $t=1e+06\,$s",1382907659206.3625,4.089709873741041e-12,
1,line,4,"baseline $t=1e+06\,$s",1625401209758.095,3.721685108670594e-12,
1,line,4,"baseline $t=1e+06\,$s",1910416125831.0461,3.356987771212153e-12,
1,line,4,"baseline $t=1e+06\,$s",2245408550162.4854,3.028031816083482e-12,
1,line,4,"baseline $t=1e+06\,$s",2639142063852.4736,2.7391905589754493e-12,
1,line,4,"baseline $t=1e+06\,$s",3101916946335.435,2.4792419527680712e-12,
1,line,4,"baseline $t=1e+06\,$s",3645839636202.627,2.230681896627598e-12,
1,line,4,"baseline $t=1e+06\,$s",4285139442114.7456,1.929109760007363e-12,
1,line,4,"baseline $t=1e+06\,$s",5036540789131.663,1.6683121551776684e-12,
1,line,4,"baseline $t=1e+06\,$s",5919700738622.483,1.4219975570174507e-12,
1,line,4,"baseline $t=1e+06\,$s",6957723227510.926,1.1878687110410187e-12,
1,line,4,"baseline $t=1e+06\,$s",8177763479629.893,9.922932955933765e-13,
1,line,4,"baseline $t=1e+06\,$s",9611738400909.738,8.131637338321e-13,
1,line,4,"baseline $t=1e+06\,$s",11297161542718.53,6.611017934159958e-13,
1,line,4,"baseline $t=1e+06\,$s",13278124476442.15,5.371180587330312e-13,
1,line,4,"baseline $t=1e+06\,$s",15606450252588.45,4.11093912549559e-13,
1,line,4,"baseline $t=1e+06\,$s",18343049119522.934,3.143498037791921e-13,
1,line,4,"baseline $t=1e+06\,$s",21559511968163.637,2.38170818585493e-13,
1,line,4,"baseline $t=1e+06\,$s",25339983188001.18,1.7633251919923877e-13,
1,line,4,"baseline $t=1e+06\,$s",29783361929359.832,1.3054991674839065e-13,
1,line,4,"baseline $t=1e+06\,$s",35005889358098.59,9.621239933865991e-14,
1,line,4,"baseline $t=1e+06\,$s",41144189586718.34,7.066421600501208e-14,
1,line,4,"baseline $t=1e+06\,$s",48358843834264.234,5.1900117445485514e-14,
1,line,4,"baseline $t=1e+06\,$s",56838591316953.945,3.633124628742145e-14,
1,line,4,"baseline $t=1e+06\,$s",66805266767082.664,2.5235595924523104e-14,
1,line,4,"baseline $t=1e+06\,$s",78519603748340.28,1.7492883539746556e-14,
1,line,4,"baseline $t=1e+06\,$s",92288055585375.66,1.1984727178971596e-14,
1,line,4,"baseline $t=1e+06\,$s",108470812346775.47,8.210986720789053e-15,
1,line,4,"baseline $t=1e+06\,$s",127491223610023.19,5.43082984623882e-15,
1,line,4,"baseline $t=1e+06\,$s",149846873513012.1,3.4325721594804366e-15,
1,line,4,"baseline $t=1e+06\,$s",176122597821387.12,2.1695735373582374e-15,
1,line,4,"baseline $t=1e+06\,$s",207005783545163.47,1.281554783469894e-15,
1,line,4,"baseline $t=1e+06\,$s",243304351350781.0,7.378524767938615e-16,
1,line,4,"baseline $t=1e+06\,$s",285967891198117.2,4.2398839818187683e-16,
1,line,4,"baseline $t=1e+06\,$s",336112504122033.94,2.215356550107449e-16,
1,line,4,"baseline $t=1e+06\,$s",395050000032759.25,1.1568185065698801e-16,
1,line,4,"baseline $t=1e+06\,$s",464322215365186.25,5.804097323513174e-17,
1,line,4,"baseline $t=1e+06\,$s",545741348345162.06,2.6546713903450704e-17,
1,line,4,"baseline $t=1e+06\,$s",641437367064924.9,1.2142080400363232e-17,
1,line,4,"baseline $t=1e+06\,$s",753913730588281.0,4.896814062665479e-18,
1,line,4,"baseline $t=1e+06\,$s",886112880779532.5,1.8096016626411835e-18,
1,line,4,"baseline $t=1e+06\,$s",1041493218157350.1,6.687475672851822e-19,
1,line,4,"baseline $t=1e+06\,$s",1224119575503194.0,2.0547716406473324e-19,
1,line,4,"baseline $t=1e+06\,$s",1438769556062274.0,6.154794239477679e-20,
1,line,4,"baseline $t=1e+06\,$s",1691058518201297.8,1.7248740757982204e-20,
1,line,4,"baseline $t=1e+06\,$s",1987586476188542.8,3.466636315281442e-21,
1,line,4,"baseline $t=1e+06\,$s",2336110760099276.0,6.967584116187851e-22,
1,line,4,"baseline $t=1e+06\,$s",2745748951722050.5,9.863873583537146e-23,
1,line,4,"baseline $t=1e+06\,$s",3227217405377798.0,9.179202809609999e-24,
1,line,4,"baseline $t=1e+06\,$s",3793111593483984.5,8.54356381290298e-25,
1,line,4,"baseline $t=1e+06\,$s",4458235610853832.5,5.069577081619492e-26,
1,line,4,"baseline $t=1e+06\,$s",5239989457739420.0,2.577006252105583e-27,
1,line,4,"baseline $t=1e+06\,$s",6158824233150310.0,1.2412227904938492e-28,
1,line,4,"baseline $t=1e+06\,$s",7238777146548561.0,1.2404270935541437e-30,
1,line,4,"baseline $t=1e+06\,$s",8508100344112365.0,1.2374270072905218e-32,
1,line,4,"baseline $t=1e+06\,$s",9999999999999992.0,2.788162293623094e-35,
1,line,5,"decay $t=1e+06\,$s",4.136189762796504e-07,6.303454583935079e-18,
1,line,5,"decay $t=1e+06\,$s",4.861472708956382e-07,1.042984261748482e-17,
1,line,5,"decay $t=1e+06\,$s",5.713934382920734e-07,1.723222408969077e-17,
1,line,5,"decay $t=1e+06\,$s",6.715875638296561e-07,2.8443075727150024e-17,
1,line,5,"decay $t=1e+06\,$s",7.893507794538307e-07,4.6947444237895945e-17,
1,line,5,"decay $t=1e+06\,$s",9.277638339092464e-07,7.739121442468293e-17,
1,line,5,"decay $t=1e+06\,$s",1.090447686775643e-06,1.275557665056233e-16,
1,line,5,"decay $t=1e+06\,$s",1.281658234708323e-06,2.1019019222996168e-16,
1,line,5,"decay $t=1e+06\,$s",1.5063976479722919e-06,3.459955085874273e-16,
1,line,5,"decay $t=1e+06\,$s",1.770545229893428e-06,5.695457641692646e-16,
1,line,5,"decay $t=1e+06\,$s",2.0810112225799443e-06,9.369812579140033e-16,
1,line,5,"decay $t=1e+06\,$s",2.4459175825541275e-06,1.5404095879426774e-15,
1,line,5,"decay $t=1e+06\,$s",2.8748104554816266e-06,2.532454596024401e-15,
1,line,5,"decay $t=1e+06\,$s",3.378909908450926e-06,4.159368752012614e-15,
1,line,5,"decay $t=1e+06\,$s",3.971403452933094e-06,6.829267008843261e-15,
1,line,5,"decay $t=1e+06\,$s",4.6677910371394276e-06,1.121222894746733e-14,
1,line,5,"decay $t=1e+06\,$s",5.486290532961935e-06,1.8377413694728278e-14,
1,line,5,"decay $t=1e+06\,$s",6.4483143252517195e-06,3.01215122544601e-14,
1,line,5,"decay $t=1e+06\,$s",7.5790294712660705e-06,4.911348045309409e-14,
1,line,5,"decay $t=1e+06\,$s",8.90801608435509e-06,7.92194775321073e-14,
1,line,5,"decay $t=1e+06\,$s",1.0470041165557464e-05,1.2778013370843042e-13,
1,line,5,"decay $t=1e+06\,$s",1.2305968126954065e-05,1.9821636226605423e-13,
1,line,5,"decay $t=1e+06\,$s",1.446382580039706e-05,3.000643293215917e-13,
1,line,5,"decay $t=1e+06\,$s",1.7000064897454984e-05,4.542455635953308e-13,
1,line,5,"decay $t=1e+06\,$s",1.998103479023846e-05,6.389625315845876e-13,
1,line,5,"decay $t=1e+06\,$s",2.348471924648282e-05,8.918335922995973e-13,
1,line,5,"decay $t=1e+06\,$s",2.7602776526647472e-05,1.2308961208900325e-12,
1,line,5,"decay $t=1e+06\,$s",3.244293721306242e-05,1.6209370438827624e-12,
1,line,5,"decay $t=1e+06\,$s",3.8131822499616793e-05,2.13457462849305e-12,
1,line,5,"decay $t=1e+06\,$s",4.481825666995547e-05,2.7664697383258456e-12,
1,line,5,"decay $t=1e+06\,$s",5.267716042038626e-05,3.5242694093390048e-12,
1,line,5,"decay $t=1e+06\,$s",6.191412687890872e-05,4.489648851802727e-12,
1,line,5,"decay $t=1e+06\,$s",7.277080003146996e-05,5.641590255505552e-12,
1,line,5,"decay $t=1e+06\,$s",8.553119625796015e-05,7.0600504666577255e-12,
1,line,5,"decay $t=1e+06\,$s",0.00010052913435270806,8.830010320894629e-12,
1,line,5,"decay $t=1e+06\,$s",0.00011815696840279235,1.0939529092031072e-11,
1,line,5,"decay $t=1e+06\,$s",0.00013887585198093757,1.3553019032126006e-11,
1,line,5,"decay $t=1e+06\,$s",0.00016322780216977445,1.6752051701187413e-11,
1,line,5,"decay $t=1e+06\,$s",0.00019184987901879548,2.061584808615773e-11,
1,line,5,"decay $t=1e+06\,$s",0.00022549085137618828,2.5370816233846717e-11,
1,line,5,"decay $t=1e+06\,$s",0.00026503078508262616,3.1110022905033207e-11,
1,line,5,"decay $t=1e+06\,$s",0.00031150406596464975,3.806830049154366e-11,
1,line,5,"decay $t=1e+06\,$s",0.0003661264599214663,4.658292295343558e-11,
1,line,5,"decay $t=1e+06\,$s",0.0004303269180115221,5.668569891761486e-11,
1,line,5,"decay $t=1e+06\,$s",0.0005057849585769236,6.894744899392904e-11,
1,line,5,"decay $t=1e+06\,$s",0.0005944746043421126,8.373376460526407e-11,
1,line,5,"decay $t=1e+06\,$s",0.0006987160239047786,1.0111264504135092e-10,
1,line,5,"decay $t=1e+06\,$s",0.0008212362285880728,1.2209859773236385e-10,
1,line,5,"decay $t=1e+06\,$s",0.0009652404125162483,1.467748509163402e-10,
1,line,5,"decay $t=1e+06\,$s",0.001134495802208291,1.7563918221746388e-10,
1,line,5,"decay $t=1e+06\,$s",0.001333430209239787,2.1018019592240534e-10,
1,line,5,"decay $t=1e+06\,$s",0.0015672478641633712,2.4927206406301675e-10,
1,line,5,"decay $t=1e+06\,$s",0.0018420655619651898,2.9492041930359624e-10,
1,line,5,"decay $t=1e+06\,$s",0.002165072680695273,3.485634096577639e-10,
1,line,5,"decay $t=1e+06\,$s",0.0025447192594449017,4.066835035528191e-10,
1,line,5,"decay $t=1e+06\,$s",0.002990937055891487,4.744964854790677e-10,
1,line,5,"decay $t=1e+06\,$s",0.0035153993663946366,5.503370969579503e-10,
1,line,5,"decay $t=1e+06\,$s",0.004131826405676178,6.316781012246357e-10,
1,line,5,"decay $t=1e+06\,$s",0.004856344234979996,7.250454650242746e-10,
1,line,5,"decay $t=1e+06\,$s",0.005707906628464436,8.225195158877889e-10,
1,line,5,"decay $t=1e+06\,$s",0.006708790914077871,9.2725203640201e-10,
1,line,5,"decay $t=1e+06\,$s",0.007885180760380096,1.0453272139283898e-09,
1,line,5,"decay $t=1e+06\,$s",0.009267851155324736,1.158559640730165e-09,
1,line,5,"decay $t=1e+06\,$s",0.010892973496413964,1.282629235070863e-09,
1,line,5,"decay $t=1e+06\,$s",0.012803061853815393,1.4147417646579671e-09,
1,line,5,"decay $t=1e+06\,$s",0.015048085161189995,1.540755107050319e-09,
1,line,5,"decay $t=1e+06\,$s",0.017686774429738813,1.6780002617929592e-09,
1,line,5,"decay $t=1e+06\,$s",0.020788159182887442,1.8150547027041524e-09,
1,line,5,"decay $t=1e+06\,$s",0.02443337330556136,1.95064248890768e-09,
1,line,5,"decay $t=1e+06\,$s",0.028717777550036912,2.096363936851596e-09,
1,line,5,"decay $t=1e+06\,$s",0.033753454224255186,2.2351812475862606e-09,
1,line,5,"decay $t=1e+06\,$s",0.039672139324981495,2.378498742211578e-09,
1,line,5,"decay $t=1e+06\,$s",0.04662866882198256,2.5293981327144342e-09,
1,line,5,"decay $t=1e+06\,$s",0.054805029249859916,2.672392387123253e-09,
1,line,5,"decay $t=1e+06\,$s",0.06441511857318971,2.823471444013019e-09,
1,line,5,"decay $t=1e+06\,$s",0.07571034187174885,2.9773443900796487e-09,
1,line,5,"decay $t=1e+06\,$s",0.08898618823194768,3.129619458874421e-09,
1,line,5,"decay $t=1e+06\,$s",0.10458996089946872,3.289682840365831e-09,
1,line,5,"decay $t=1e+06\,$s",0.12292986291804184,3.4492830664569564e-09,
1,line,5,"decay $t=1e+06\,$s",0.14448567593952816,3.61207706808776e-09,
1,line,5,"decay $t=1e+06\,$s",0.16982131156870053,3.782547115257381e-09,
1,line,5,"decay $t=1e+06\,$s",0.1995995635926132,3.9499159649049736e-09,
1,line,5,"decay $t=1e+06\,$s",0.23459944702078525,4.12412246138002e-09,
1,line,5,"decay $t=1e+06\,$s",0.2757365775347569,4.3032789753073585e-09,
1,line,5,"decay $t=1e+06\,$s",0.3240871244843334,4.4813295506524235e-09,
1,line,5,"decay $t=1e+06\,$s",0.38091596405371647,4.666747149245887e-09,
1,line,5,"decay $t=1e+06\,$s",0.4477097690994067,4.853133668638833e-09,
1,line,5,"decay $t=1e+06\,$s",0.5262159013077689,5.040821469645205e-09,
1,line,5,"decay $t=1e+06\,$s",0.6184881231118851,5.235768007192361e-09,
1,line,5,"decay $t=1e+06\,$s",0.7269403252159283,5.4259569653748495e-09,
1,line,5,"decay $t=1e+06\,$s",0.8544096752678368,5.620253641567358e-09,
1,line,5,"decay $t=1e+06\,$s",1.0042308396833655,5.8195903622912424e-09,
1,line,5,"decay $t=1e+06\,$s",1.1803232203041512,6.009606301234746e-09,
1,line,5,"decay $t=1e+06\,$s",1.387293488047456,6.205827049327826e-09,
1,line,5,"decay $t=1e+06\,$s",1.6305560958827374,6.399919224165744e-09,
1,line,5,"decay $t=1e+06\,$s",1.9164749238190089,6.586688405476275e-09,
1,line,5,"decay $t=1e+06\,$s",2.252529761411663,6.778909176960615e-09,
1,line,5,"decay $t=1e+06\,$s",2.6475119830602387,6.959019554275284e-09,
1,line,5,"decay $t=1e+06\,$s",3.111754535067633,7.135544462993431e-09,
1,line,5,"decay $t=1e+06\,$s",3.6574022510453377,7.316445711096825e-09,
1,line,5,"decay $t=1e+06\,$s",4.2987295672602635,7.472662216689161e-09,
1,line,5,"decay $t=1e+06\,$s",5.0525139495268885,7.631265949251523e-09,
1,line,5,"decay $t=1e+06\,$s",5.93847480069179,7.784387616998432e-09,
1,line,5,"decay $t=1e+06\,$s",6.97978933076548,7.915067504676595e-09,
1,line,5,"decay $t=1e+06\,$s",8.203698885140035,8.04794692445374e-09,
1,line,5,"decay $t=1e+06\,$s",9.642221592763594,8.162261567361545e-09,
1,line,5,"decay $t=1e+06\,$s",11.332989977528834,8.260933039940342e-09,
1,line,5,"decay $t=1e+06\,$s",13.32023544523802,8.360807631341026e-09,
1,line,5,"decay $t=1e+06\,$s",15.655945400850316,8.427888829473585e-09,
1,line,5,"decay $t=1e+06\,$s",18.40122326681789,8.488887211796035e-09,
1,line,5,"decay $t=1e+06\,$s",21.62788698131826,8.545047587768503e-09,
1,line,5,"decay $t=1e+06\,$s",25.420347793952185,8.564624444110975e-09,
1,line,5,"decay $t=1e+06\,$s",29.877818509208026,8.584273138827742e-09,
1,line,5,"decay $t=1e+06\,$s",35.1169089465233,8.58659243417976e-09,
1,line,5,"decay $t=1e+06\,$s",41.274676515567904,8.56437594243685e-09,
1,line,5,"decay $t=1e+06\,$s",48.51221171143108,8.542266479742539e-09,
1,line,5,"decay $t=1e+06\,$s",57.01885232818259,8.491927771591272e-09,
1,line,5,"decay $t=1e+06\,$s",67.01713663689895,8.430041262911428e-09,
1,line,5,"decay $t=1e+06\,$s",78.76862510592494,8.368358359395215e-09,
1,line,5,"decay $t=1e+06\,$s",92.58074296271438,8.271289413012381e-09,
1,line,5,"decay $t=1e+06\,$s",108.81482260229686,8.174807448882103e-09,
1,line,5,"decay $t=1e+06\,$s",127.89555623611915,8.07054881888867e-09,
1,line,5,"decay $t=1e+06\,$s",150.32210606756786,7.944741441565935e-09,
1,line,5,"decay $t=1e+06\,$s",176.68116264236485,7.821091114823816e-09,
1,line,5,"decay $t=1e+06\,$s",207.6622929872086,7.684273501089714e-09,
1,line,5,"decay $t=1e+06\,$s",244.07598005224483,7.53866507917832e-09,
1,line,5,"decay $t=1e+06\,$s",286.8748253787863,7.396150295925211e-09,
1,line,5,"decay $t=1e+06\,$s",337.178469665443,7.238783935867225e-09,
1,line,5,"decay $t=1e+06\,$s",396.302883168002,7.082231994391837e-09,
1,line,5,"decay $t=1e+06\,$s",465.7947921855921,6.927289609573457e-09,
1,line,5,"decay $t=1e+06\,$s",547.472142248439,6.763110921755069e-09,
1,line,5,"decay $t=1e+06\,$s",643.4716565458548,6.603503985598242e-09,
1,line,5,"decay $t=1e+06\,$s",756.3047337483902,6.443718544084547e-09,
1,line,5,"decay $t=1e+06\,$s",888.9231475410945,6.2825700841290016e-09,
1,line,5,"decay $t=1e+06\,$s",1044.79626660284,6.126389259112103e-09,
1,line,5,"decay $t=1e+06\,$s",1228.001815147637,5.9704208275906465e-09,
1,line,5,"decay $t=1e+06\,$s",1443.3325483724664,5.8178605802589325e-09,
1,line,5,"decay $t=1e+06\,$s",1696.4216334980495,5.670539273834669e-09,
1,line,5,"decay $t=1e+06\,$s",1993.8900164382494,5.524225306642612e-09,
1,line,5,"decay $t=1e+06\,$s",2343.5196292883334,5.383223576934332e-09,
1,line,5,"decay $t=1e+06\,$s",2754.4569698335245,5.24719023988801e-09,
1,line,5,"decay $t=1e+06\,$s",3237.4523788257507,5.115635318190469e-09,
1,line,5,"decay $t=1e+06\,$s",3805.1412746513693,4.989626706064904e-09,
1,line,5,"decay $t=1e+06\,$s",4472.374702637946,4.868245758549593e-09,
1,line,5,"decay $t=1e+06\,$s",5256.607846348221,4.75158521043891e-09,
1,line,5,"decay $t=1e+06\,$s",6178.356664523548,4.640377493642527e-09,
1,line,5,"decay $t=1e+06\,$s",7261.734599544229,4.535298032152256e-09,
1,line,5,"decay $t=1e+06\,$s",8535.083397987082,4.435906704216402e-09,
1,line,5,"decay $t=1e+06\,$s",10031.714545883691,4.342066680375735e-09,
1,line,5,"decay $t=1e+06\,$s",11790.780715022454,4.2527005448805335e-09,
1,line,5,"decay $t=1e+06\,$s",13858.300017796111,4.168835757396858e-09,
1,line,5,"decay $t=1e+06\,$s",16288.359865649785,4.090979432791857e-09,
1,line,5,"decay $t=1e+06\,$s",19144.53192470997,4.019274134451357e-09,
1,line,5,"decay $t=1e+06\,$s",22501.535184593857,3.953485897814712e-09,
1,line,5,"decay $t=1e+06\,$s",26447.19064716322,3.892312511638067e-09,
1,line,5,"decay $t=1e+06\,$s",31084.718770935444,3.8364006213238145e-09,
1,line,5,"decay $t=1e+06\,$s",36535.43977351612,3.7864443722103075e-09,
1,line,5,"decay $t=1e+06\,$s",42941.94743342294,3.7422470014677e-09,
1,line,5,"decay $t=1e+06\,$s",50471.839419639866,3.7042486134650705e-09,
1,line,5,"decay $t=1e+06\,$s",59322.10173633708,3.6719976919774985e-09,
1,line,5,"decay $t=1e+06\,$s",69724.26198215637,3.644510287942494e-09,
1,line,5,"decay $t=1e+06\,$s",81950.4462361039,3.6235251352767483e-09,
1,line,5,"decay $t=1e+06\,$s",96320.49802140985,3.6079752147451718e-09,
1,line,5,"decay $t=1e+06\,$s",113210.34558326888,3.5982702484595336e-09,
1,line,5,"decay $t=1e+06\,$s",133061.8363729217,3.5955764040160833e-09,
1,line,5,"decay $t=1e+06\,$s",156394.2960134453,3.5976717952701273e-09,
1,line,5,"decay $t=1e+06\,$s",183818.1141359825,3.6067073985670625e-09,
1,line,5,"decay $t=1e+06\,$s",216050.71249915805,3.6226045314277845e-09,
1,line,5,"decay $t=1e+06\,$s",253935.31312623026,3.6426279900036415e-09,
1,line,5,"decay $t=1e+06\,$s",298462.9974444907,3.6703823327192336e-09,
1,line,5,"decay $t=1e+06\,$s",350798.6335058071,3.7044200326173958e-09,
1,line,5,"decay $t=1e+06\,$s",412311.3495582535,3.744506909816573e-09,
1,line,5,"decay $t=1e+06\,$s",484610.35117383633,3.793032996628464e-09,
1,line,5,"decay $t=1e+06\,$s",569587.0189274155,3.846062894954393e-09,
1,line,5,"decay $t=1e+06\,$s",669464.3879248217,3.9063500166561074e-09,
1,line,5,"decay $t=1e+06\,$s",786855.3035908677,3.975404263759529e-09,
1,line,5,"decay $t=1e+06\,$s",924830.7751040731,4.0473996867197325e-09,
1,line,5,"decay $t=1e+06\,$s",1087000.3146402042,4.128614268009073e-09,
1,line,5,"decay $t=1e+06\,$s",1277606.364142627,4.217390459518241e-09,
1,line,5,"decay $t=1e+06\,$s",1501635.2798738715,4.3115620725964685e-09,
1,line,5,"decay $t=1e+06\,$s",1764947.778164129,4.415696895847066e-09,
1,line,5,"decay $t=1e+06\,$s",2074432.2548869124,4.5236894225933366e-09,
1,line,5,"decay $t=1e+06\,$s",2438184.9895816143,4.637720673908559e-09,
1,line,5,"decay $t=1e+06\,$s",2865721.9484591815,4.76210091851416e-09,
1,line,5,"decay $t=1e+06\,$s",3368227.727170901,4.889898778836928e-09,
1,line,5,"decay $t=1e+06\,$s",3958848.145816352,5.0275935967622595e-09,
1,line,5,"decay $t=1e+06\,$s",4653034.150632524,5.173603295100791e-09,
1,line,5,"decay $t=1e+06\,$s",5468946.019016334,5.318976695404184e-09,
1,line,5,"decay $t=1e+06\,$s",6427928.442100255,5.475157316285155e-09,
1,line,5,"decay $t=1e+06\,$s",7555068.913295548,5.636912919688728e-09,
1,line,5,"decay $t=1e+06\,$s",8879854.030545786,5.803685632256609e-09,
1,line,5,"decay $t=1e+06\,$s",10436940.881510252,5.981775387841001e-09,
1,line,5,"decay $t=1e+06\,$s",12267063.691523654,6.157944832012027e-09,
1,line,5,"decay $t=1e+06\,$s",14418099.452732118,6.341162516893184e-09,
1,line,5,"decay $t=1e+06\,$s",16946320.411828764,6.534671569321858e-09,
1,line,5,"decay $t=1e+06\,$s",19917866.182144478,6.72281804456566e-09,
1,line,5,"decay $t=1e+06\,$s",23410473.991326828,6.922012442766277e-09,
1,line,5,"decay $t=1e+06\,$s",27515512.328820772,7.124936470924981e-09,
1,line,5,"decay $t=1e+06\,$s",32340371.19444807,7.324458454280151e-09,
1,line,5,"decay $t=1e+06\,$s",38011271.47827708,7.534844638386995e-09,
1,line,5,"decay $t=1e+06\,$s",44676566.96665627,7.741321936291082e-09,
1,line,5,"decay $t=1e+06\,$s",52510625.356660485,7.949752266298199e-09,
1,line,5,"decay $t=1e+06\,$s",61718389.808363676,8.168816832567702e-09,
1,line,5,"decay $t=1e+06\,$s",72540740.36758682,8.368995019105727e-09,
1,line,5,"decay $t=1e+06\,$s",85260795.51680958,8.576566085760207e-09,
1,line,5,"decay $t=1e+06\,$s",100211318.70618989,8.787404350259522e-09,
1,line,5,"decay $t=1e+06\,$s",117783423.62350766,8.983169812901901e-09,
1,line,5,"decay $t=1e+06\,$s",138436805.93754652,9.188181255215169e-09,
1,line,5,"decay $t=1e+06\,$s",162711769.1828178,9.37724237291719e-09,
1,line,5,"decay $t=1e+06\,$s",191243359.38916388,9.54947107619282e-09,
1,line,5,"decay $t=1e+06\,$s",224777978.2257796,9.729558730992678e-09,
1,line,5,"decay $t=1e+06\,$s",264192909.26831022,9.896113797360918e-09,
1,line,5,"decay $t=1e+06\,$s",310519268.20671827,1.0064841664199984e-08,
1,line,5,"decay $t=1e+06\,$s",364968977.38352764,1.0236839025062187e-08,
1,line,5,"decay $t=1e+06\,$s",428966470.33093244,1.036322636798907e-08,
1,line,5,"decay $t=1e+06\,$s",504185955.7142798,1.0496304175456735e-08,
1,line,5,"decay $t=1e+06\,$s",592595215.5267816,1.0613979097627176e-08,
1,line,5,"decay $t=1e+06\,$s",696507083.3195499,1.0699964093780058e-08,
1,line,5,"decay $t=1e+06\,$s",818639949.165067,1.0791517785827043e-08,
1,line,5,"decay $t=1e+06\,$s",962188874.1962961,1.0835001611422153e-08,
1,line,5,"decay $t=1e+06\,$s",1130909175.1158357,1.0855180840436036e-08,
1,line,5,"decay $t=1e+06\,$s",1329214665.2906115,1.087959106251293e-08,
1,line,5,"decay $t=1e+06\,$s",1562293122.4717166,1.0896312735691772e-08,
1,line,5,"decay $t=1e+06\,$s",1836242003.836749,1.0916539849733237e-08,
1,line,5,"decay $t=1e+06\,$s",2158227958.732784,1.0907113631723643e-08,
1,line,5,"decay $t=1e+06\,$s",2536674312.058723,1.0790903613863131e-08,
1,line,5,"decay $t=1e+06\,$s",2981481422.9525,1.0678760028023091e-08,
1,line,5,"decay $t=1e+06\,$s",3504285683.48479,1.0543389526689421e-08,
1,line,5,"decay $t=1e+06\,$s",4118763932.9027276,1.0387593324380172e-08,
1,line,5,"decay $t=1e+06\,$s",4840991251.0645485,1.0236005540156454e-08,
1,line,5,"decay $t=1e+06\,$s",5689861491.131199,1.0084748848830195e-08,
1,line,5,"decay $t=1e+06\,$s",6687581552.876901,9.936472090748968e-09,
1,line,5,"decay $t=1e+06\,$s",7860252327.071659,9.768182733011344e-09,
1,line,5,"decay $t=1e+06\,$s",9238551508.752373,9.388430238797577e-09,
1,line,5,"decay $t=1e+06\,$s",10858536142.142939,9.024191097990183e-09,
1,line,5,"decay $t=1e+06\,$s",12762585892.227968,8.665839301810225e-09,
1,line,5,"decay $t=1e+06\,$s",15000511719.469324,8.30869604733141e-09,
1,line,5,"decay $t=1e+06\,$s",17630858961.189373,7.966661769075488e-09,
1,line,5,"decay $t=1e+06\,$s",20722438908.927334,7.625893467992313e-09,
1,line,5,"decay $t=1e+06\,$s",24356128948.652027,7.293851121225484e-09,
1,line,5,"decay $t=1e+06\,$s",28626988356.46236,6.976098639696395e-09,
1,line,5,"decay $t=1e+06\,$s",33646745100.12341,6.43325354370677e-09,
1,line,5,"decay $t=1e+06\,$s",39546718702.49716,5.923491319010134e-09,
1,line,5,"decay $t=1e+06\,$s",46481255630.53951,5.455229425311238e-09,
1,line,5,"decay $t=1e+06\,$s",54631767081.47816,5.026988937684431e-09,
1,line,5,"decay $t=1e+06\,$s",64211474796.81882,4.632394130029145e-09,
1,line,5,"decay $t=1e+06\,$s",75470989057.21391,4.240745248471711e-09,
1,line,5,"decay $t=1e+06\,$s",88704864781.52556,3.860218796983605e-09,
1,line,5,"decay $t=1e+06\,$s",104259307241.13853,3.513844848723733e-09,
1,line,5,"decay $t=1e+06\,$s",122541228975.14412,3.1014719226560053e-09,
1,line,5,"decay $t=1e+06\,$s",144028894840.12958,2.7196706876954756e-09,
1,line,5,"decay $t=1e+06\,$s",169284433674.78238,2.3839783570293545e-09,
1,line,5,"decay $t=1e+06\,$s",198968543891.1475,2.0835510438101515e-09,
1,line,5,"decay $t=1e+06\,$s",233857777698.67584,1.8209845153782103e-09,
1,line,5,"decay $t=1e+06\,$s",274864856125.61456,1.5694968107530246e-09,
1,line,5,"decay $t=1e+06\,$s",323062546289.5716,1.3249559175000306e-09,
1,line,5,"decay $t=1e+06\,$s",379711725559.43,1.1185173242925097e-09,
1,line,5,"decay $t=1e+06\,$s",446294366782.1083,9.204502358021848e-10,
1,line,5,"decay $t=1e+06\,$s",524552307485.35004,7.488101065100539e-10,
1,line,5,"decay $t=1e+06\,$s",616532817279.6378,6.091440986996483e-10,
1,line,5,"decay $t=1e+06\,$s",724642155526.8506,4.902656583883923e-10,
1,line,5,"decay $t=1e+06\,$s",851708520372.9393,3.9447286511059035e-10,
1,line,5,"decay $t=1e+06\,$s",1001056035925.0074,3.152091820625697e-10,
1,line,5,"decay $t=1e+06\,$s",1176591713116.9387,2.471296099435007e-10,
1,line,5,"decay $t=1e+06\,$s",1382907659206.3625,1.9375410997501941e-10,
1,line,5,"decay $t=1e+06\,$s",1625401209758.095,1.5098494588661557e-10,
1,line,5,"decay $t=1e+06\,$s",1910416125831.0461,1.1708406763509968e-10,
1,line,5,"decay $t=1e+06\,$s",2245408550162.4854,9.079503521674583e-11,
1,line,5,"decay $t=1e+06\,$s",2639142063852.4736,7.136468495753154e-11,
1,line,5,"decay $t=1e+06\,$s",3101916946335.435,5.623388004097114e-11,
1,line,5,"decay $t=1e+06\,$s",3645839636202.627,4.415914018495255e-11,
1,line,5,"decay $t=1e+06\,$s",4285139442114.7456,3.389707466689728e-11,
1,line,5,"decay $t=1e+06\,$s",5036540789131.663,2.6019798147150084e-11,
1,line,5,"decay $t=1e+06\,$s",5919700738622.483,2.0113194280567684e-11,
1,line,5,"decay $t=1e+06\,$s",6957723227510.926,1.569855163962991e-11,
1,line,5,"decay $t=1e+06\,$s",8177763479629.893,1.2252880365707342e-11,
1,line,5,"decay $t=1e+06\,$s",9611738400909.738,9.544779129577582e-12,
1,line,5,"decay $t=1e+06\,$s",11297161542718.53,7.42913951480458e-12,
1,line,5,"decay $t=1e+06\,$s",13278124476442.15,5.781081584793958e-12,
1,line,5,"decay $t=1e+06\,$s",15606450252588.45,4.405703393427306e-12,
1,line,5,"decay $t=1e+06\,$s",18343049119522.934,3.356465270375729e-12,
1,line,5,"decay $t=1e+06\,$s",21559511968163.637,2.562307610531439e-12,
1,line,5,"decay $t=1e+06\,$s",25339983188001.18,1.9661168478545543e-12,
1,line,5,"decay $t=1e+06\,$s",29783361929359.832,1.5086464609058887e-12,
1,line,5,"decay $t=1e+06\,$s",35005889358098.59,1.148118405877752e-12,
1,line,5,"decay $t=1e+06\,$s",41144189586718.34,8.683726053883018e-13,
1,line,5,"decay $t=1e+06\,$s",48358843834264.234,6.567889844140121e-13,
1,line,5,"decay $t=1e+06\,$s",56838591316953.945,4.76723883687831e-13,
1,line,5,"decay $t=1e+06\,$s",66805266767082.664,3.437303101889513e-13,
1,line,5,"decay $t=1e+06\,$s",78519603748340.28,2.478516628351749e-13,
1,line,5,"decay $t=1e+06\,$s",92288055585375.66,1.7876340003494172e-13,
1,line,5,"decay $t=1e+06\,$s",108470812346775.47,1.2893353281506465e-13,
1,line,5,"decay $t=1e+06\,$s",127491223610023.19,9.013186633565222e-14,
1,line,5,"decay $t=1e+06\,$s",149846873513012.1,6.052294592277804e-14,
1,line,5,"decay $t=1e+06\,$s",176122597821387.12,4.064083744653174e-14,
1,line,5,"decay $t=1e+06\,$s",207005783545163.47,2.5326180267364775e-14,
1,line,5,"decay $t=1e+06\,$s",243304351350781.0,1.5342818113860717e-14,
1,line,5,"decay $t=1e+06\,$s",285967891198117.2,9.280406681633291e-15,
1,line,5,"decay $t=1e+06\,$s",336112504122033.94,5.212625775619647e-15,
1,line,5,"decay $t=1e+06\,$s",395050000032759.25,2.9264539869573305e-15,
1,line,5,"decay $t=1e+06\,$s",464322215365186.25,1.5668415285647401e-15,
1,line,5,"decay $t=1e+06\,$s",545741348345162.06,7.51739193533498e-16,
1,line,5,"decay $t=1e+06\,$s",641437367064924.9,3.6067262645941794e-16,
1,line,5,"decay $t=1e+06\,$s",753913730588281.0,1.4486327622282937e-16,
1,line,5,"decay $t=1e+06\,$s",886112880779532.5,5.1427569413009486e-17,
1,line,5,"decay $t=1e+06\,$s",1041493218157350.1,1.8257896737164426e-17,
1,line,5,"decay $t=1e+06\,$s",1224119575503194.0,6.030068402084533e-18,
1,line,5,"decay $t=1e+06\,$s",1438769556062274.0,1.9720322376066243e-18,
1,line,5,"decay $t=1e+06\,$s",1691058518201297.8,6.053160012434964e-19,
1,line,5,"decay $t=1e+06\,$s",1987586476188542.8,1.355000668265284e-19,
1,line,5,"decay $t=1e+06\,$s",2336110760099276.0,3.033258535546335e-20,
1,line,5,"decay $t=1e+06\,$s",2745748951722050.5,4.334825605330789e-21,
1,line,5,"decay $t=1e+06\,$s",3227217405377798.0,3.620093124553521e-22,
1,line,5,"decay $t=1e+06\,$s",3793111593483984.5,3.023886456236703e-23,
1,line,5,"decay $t=1e+06\,$s",4458235610853832.5,1.8472891369756478e-24,
1,line,5,"decay $t=1e+06\,$s",5239989457739420.0,1.0136919138304345e-25,
1,line,5,"decay $t=1e+06\,$s",6158824233150310.0,5.3013169320489e-27,
1,line,5,"decay $t=1e+06\,$s",7238777146548561.0,6.886882916438504e-29,
1,line,5,"decay $t=1e+06\,$s",8508100344112365.0,8.932792703424298e-31,
1,line,5,"decay $t=1e+06\,$s",9999999999999992.0,2.1714229094723753e-33,
1,line,6,"baseline $t=1e+08\,$s",4.136189762796504e-07,1.5349804214391288e-18,
1,line,6,"baseline $t=1e+08\,$s",4.861472708956382e-07,2.471242993219915e-18,
1,line,6,"baseline $t=1e+08\,$s",5.713934382920734e-07,3.988306199784193e-18,
1,line,6,"baseline $t=1e+08\,$s",6.715875638296561e-07,6.483695319601069e-18,
1,line,6,"baseline $t=1e+08\,$s",7.893507794538307e-07,1.0540390619657216e-17,
1,line,6,"baseline $t=1e+08\,$s",9.277638339092464e-07,1.7262012769452683e-17,
1,line,6,"baseline $t=1e+08\,$s",1.090447686775643e-06,2.844847399525876e-17,
1,line,6,"baseline $t=1e+08\,$s",1.281658234708323e-06,4.688420139944132e-17,
1,line,6,"baseline $t=1e+08\,$s",1.5063976479722919e-06,7.820664379662665e-17,
1,line,6,"baseline $t=1e+08\,$s",1.770545229893428e-06,1.3078381248281805e-16,
1,line,6,"baseline $t=1e+08\,$s",2.0810112225799443e-06,2.1900271848267788e-16,
1,line,6,"baseline $t=1e+08\,$s",2.4459175825541275e-06,3.7051864000350353e-16,
1,line,6,"baseline $t=1e+08\,$s",2.8748104554816266e-06,6.268600919542067e-16,
1,line,6,"baseline $t=1e+08\,$s",3.378909908450926e-06,1.0637938317175497e-15,
1,line,6,"baseline $t=1e+08\,$s",3.971403452933094e-06,1.8134272986852774e-15,
1,line,6,"baseline $t=1e+08\,$s",4.6677910371394276e-06,3.091311952248049e-15,
1,line,6,"baseline $t=1e+08\,$s",5.486290532961935e-06,5.245942286233131e-15,
1,line,6,"baseline $t=1e+08\,$s",6.4483143252517195e-06,8.884482852483755e-15,
1,line,6,"baseline $t=1e+08\,$s",7.5790294712660705e-06,1.5046683943194818e-14,
1,line,6,"baseline $t=1e+08\,$s",8.90801608435509e-06,2.1900616184503692e-14,
1,line,6,"baseline $t=1e+08\,$s",1.0470041165557464e-05,3.178085380220289e-14,
1,line,6,"baseline $t=1e+08\,$s",1.2305968126954065e-05,4.3661839917522854e-14,
1,line,6,"baseline $t=1e+08\,$s",1.446382580039706e-05,5.168402568959265e-14,
1,line,6,"baseline $t=1e+08\,$s",1.7000064897454984e-05,6.118017159733402e-14,
1,line,6,"baseline $t=1e+08\,$s",1.998103479023846e-05,6.8868618250997e-14,
1,line,6,"baseline $t=1e+08\,$s",2.348471924648282e-05,7.448309067859244e-14,
1,line,6,"baseline $t=1e+08\,$s",2.7602776526647472e-05,8.0555281882865e-14,
1,line,6,"baseline $t=1e+08\,$s",3.244293721306242e-05,8.487240950052132e-14,
1,line,6,"baseline $t=1e+08\,$s",3.8131822499616793e-05,8.89934008352386e-14,
1,line,6,"baseline $t=1e+08\,$s",4.481825666995547e-05,9.316563145683539e-14,
1,line,6,"baseline $t=1e+08\,$s",5.267716042038626e-05,9.652738411973543e-14,
1,line,6,"baseline $t=1e+08\,$s",6.191412687890872e-05,1.0001044131492534e-13,
1,line,6,"baseline $t=1e+08\,$s",7.277080003146996e-05,1.0334239901826407e-13,
1,line,6,"baseline $t=1e+08\,$s",8.553119625796015e-05,1.063943122589552e-13,
1,line,6,"baseline $t=1e+08\,$s",0.00010052913435270806,1.09536355423571e-13,
1,line,6,"baseline $t=1e+08\,$s",0.00011815696840279235,1.1240145658670421e-13,
1,line,6,"baseline $t=1e+08\,$s",0.00013887585198093757,1.151867917103724e-13,
1,line,6,"baseline $t=1e+08\,$s",0.00016322780216977445,1.180411496770657e-13,
1,line,6,"baseline $t=1e+08\,$s",0.00019184987901879548,1.2047706670878498e-13,
1,line,6,"baseline $t=1e+08\,$s",0.00022549085137618828,1.22962301217505e-13,
1,line,6,"baseline $t=1e+08\,$s",0.00026503078508262616,1.253601648374068e-13,
1,line,6,"baseline $t=1e+08\,$s",0.00031150406596464975,1.2745314515144106e-13,
1,line,6,"baseline $t=1e+08\,$s",0.0003661264599214663,1.2958107593951433e-13,
1,line,6,"baseline $t=1e+08\,$s",0.0004303269180115221,1.314564034632392e-13,
1,line,6,"baseline $t=1e+08\,$s",0.0005057849585769236,1.331428275802368e-13,
1,line,6,"baseline $t=1e+08\,$s",0.0005944746043421126,1.348509017321887e-13,
1,line,6,"baseline $t=1e+08\,$s",0.0006987160239047786,1.361425828741071e-13,
1,line,6,"baseline $t=1e+08\,$s",0.0008212362285880728,1.373763982577969e-13,
1,line,6,"baseline $t=1e+08\,$s",0.0009652404125162483,1.3854503745597413e-13,
1,line,6,"baseline $t=1e+08\,$s",0.001134495802208291,1.3929121019329776e-13,
1,line,6,"baseline $t=1e+08\,$s",0.001333430209239787,1.4004145728186175e-13,
1,line,6,"baseline $t=1e+08\,$s",0.0015672478641633712,1.4058013540488345e-13,
1,line,6,"baseline $t=1e+08\,$s",0.0018420655619651898,1.4084499972537315e-13,
1,line,6,"baseline $t=1e+08\,$s",0.002165072680695273,1.41110475703306e-13,
1,line,6,"baseline $t=1e+08\,$s",0.0025447192594449017,1.410374856063223e-13,
1,line,6,"baseline $t=1e+08\,$s",0.002990937055891487,1.4083791008959165e-13,
1,line,6,"baseline $t=1e+08\,$s",0.0035153993663946366,1.4063205744981097e-13,
1,line,6,"baseline $t=1e+08\,$s",0.004131826405676178,1.400016393758131e-13,
1,line,6,"baseline $t=1e+08\,$s",0.004856344234979996,1.3937434431327332e-13,
1,line,6,"baseline $t=1e+08\,$s",0.005707906628464436,1.3863254953080098e-13,
1,line,6,"baseline $t=1e+08\,$s",0.006708790914077871,1.3762732908538523e-13,
1,line,6,"baseline $t=1e+08\,$s",0.007885180760380096,1.3662987997455396e-13,
1,line,6,"baseline $t=1e+08\,$s",0.009267851155324736,1.3543570338933224e-13,
1,line,6,"baseline $t=1e+08\,$s",0.010892973496413964,1.3411305210386739e-13,
1,line,6,"baseline $t=1e+08\,$s",0.012803061853815393,1.3280400171962798e-13,
1,line,6,"baseline $t=1e+08\,$s",0.015048085161189995,1.312504043778754e-13,
1,line,6,"baseline $t=1e+08\,$s",0.017686774429738813,1.2968114855204398e-13,
1,line,6,"baseline $t=1e+08\,$s",0.020788159182887442,1.2808884367883394e-13,
1,line,6,"baseline $t=1e+08\,$s",0.02443337330556136,1.2630893275347494e-13,
1,line,6,"baseline $t=1e+08\,$s",0.028717777550036912,1.2455482809617575e-13,
1,line,6,"baseline $t=1e+08\,$s",0.033753454224255186,1.2273047011540624e-13,
1,line,6,"baseline $t=1e+08\,$s",0.039672139324981495,1.2082183382202151e-13,
1,line,6,"baseline $t=1e+08\,$s",0.04662866882198256,1.1894421617367023e-13,
1,line,6,"baseline $t=1e+08\,$s",0.054805029249859916,1.1697095447658073e-13,
1,line,6,"baseline $t=1e+08\,$s",0.06441511857318971,1.149895993342159e-13,
1,line,6,"baseline $t=1e+08\,$s",0.07571034187174885,1.1303892684873677e-13,
1,line,6,"baseline $t=1e+08\,$s",0.08898618823194768,1.1098689024099427e-13,
1,line,6,"baseline $t=1e+08\,$s",0.10458996089946872,1.0897395928325447e-13,
1,line,6,"baseline $t=1e+08\,$s",0.12292986291804184,1.0696466764758757e-13,
1,line,6,"baseline $t=1e+08\,$s",0.14448567593952816,1.0492239902728527e-13,
1,line,6,"baseline $t=1e+08\,$s",0.16982131156870053,1.0292172760827009e-13,
1,line,6,"baseline $t=1e+08\,$s",0.1995995635926132,1.0090542932107253e-13,
1,line,6,"baseline $t=1e+08\,$s",0.23459944702078525,9.889559777674749e-14,
1,line,6,"baseline $t=1e+08\,$s",0.2757365775347569,9.692839683484098e-14,
1,line,6,"baseline $t=1e+08\,$s",0.3240871244843334,9.494232919758556e-14,
1,line,6,"baseline $t=1e+08\,$s",0.38091596405371647,9.299315679897908e-14,
1,line,6,"baseline $t=1e+08\,$s",0.4477097690994067,9.107675070132382e-14,
1,line,6,"baseline $t=1e+08\,$s",0.5262159013077689,8.915815784033613e-14,
1,line,6,"baseline $t=1e+08\,$s",0.6184881231118851,8.72832763177151e-14,
1,line,6,"baseline $t=1e+08\,$s",0.7269403252159283,8.543006087237699e-14,
1,line,6,"baseline $t=1e+08\,$s",0.8544096752678368,8.35965581307232e-14,
1,line,6,"baseline $t=1e+08\,$s",1.0042308396833655,8.180602634447557e-14,
1,line,6,"baseline $t=1e+08\,$s",1.1803232203041512,8.003471991225081e-14,
1,line,6,"baseline $t=1e+08\,$s",1.387293488047456,7.829894453111727e-14,
1,line,6,"baseline $t=1e+08\,$s",1.6305560958827374,7.66036501121595e-14,
1,line,6,"baseline $t=1e+08\,$s",1.9164749238190089,7.49189210168828e-14,
1,line,6,"baseline $t=1e+08\,$s",2.252529761411663,7.327523907775318e-14,
1,line,6,"baseline $t=1e+08\,$s",2.6475119830602387,7.166631472556102e-14,
1,line,6,"baseline $t=1e+08\,$s",3.111754535067633,7.008677274495331e-14,
1,line,6,"baseline $t=1e+08\,$s",3.6574022510453377,6.8547022096388e-14,
1,line,6,"baseline $t=1e+08\,$s",4.2987295672602635,6.703136293128108e-14,
1,line,6,"baseline $t=1e+08\,$s",5.0525139495268885,6.554495268628789e-14,
1,line,6,"baseline $t=1e+08\,$s",5.93847480069179,6.409594077678982e-14,
1,line,6,"baseline $t=1e+08\,$s",6.97978933076548,6.267489568172434e-14,
1,line,6,"baseline $t=1e+08\,$s",8.203698885140035,6.128965927398393e-14,
1,line,6,"baseline $t=1e+08\,$s",9.642221592763594,5.993742871674119e-14,
1,line,6,"baseline $t=1e+08\,$s",11.332989977528834,5.860870202331832e-14,
1,line,6,"baseline $t=1e+08\,$s",13.32023544523802,5.731431364289976e-14,
1,line,6,"baseline $t=1e+08\,$s",15.655945400850316,5.604933140823641e-14,
1,line,6,"baseline $t=1e+08\,$s",18.40122326681789,5.48131498133685e-14,
1,line,6,"baseline $t=1e+08\,$s",21.62788698131826,5.360962223896962e-14,
1,line,6,"baseline $t=1e+08\,$s",25.420347793952185,5.243116792255513e-14,
1,line,6,"baseline $t=1e+08\,$s",29.877818509208026,5.128194764352433e-14,
1,line,6,"baseline $t=1e+08\,$s",35.1169089465233,5.0162615061083046e-14,
1,line,6,"baseline $t=1e+08\,$s",41.274676515567904,4.9063843658719925e-14,
1,line,6,"baseline $t=1e+08\,$s",48.51221171143108,4.7994274679940766e-14,
1,line,6,"baseline $t=1e+08\,$s",57.01885232818259,4.6950417916035834e-14,
1,line,6,"baseline $t=1e+08\,$s",67.01713663689895,4.59291702984526e-14,
1,line,6,"baseline $t=1e+08\,$s",78.76862510592494,4.493514257722211e-14,
1,line,6,"baseline $t=1e+08\,$s",92.58074296271438,4.396438425430785e-14,
1,line,6,"baseline $t=1e+08\,$s",108.81482260229686,4.301779567243325e-14,
1,line,6,"baseline $t=1e+08\,$s",127.89555623611915,4.209670472778593e-14,
1,line,6,"baseline $t=1e+08\,$s",150.32210606756786,4.119073558409234e-14,
1,line,6,"baseline $t=1e+08\,$s",176.68116264236485,4.030817912527725e-14,
1,line,6,"baseline $t=1e+08\,$s",207.6622929872086,3.9449391676036366e-14,
1,line,6,"baseline $t=1e+08\,$s",244.07598005224483,3.861435493540429e-14,
1,line,6,"baseline $t=1e+08\,$s",286.8748253787863,3.7802036143145734e-14,
1,line,6,"baseline $t=1e+08\,$s",337.178469665443,3.700417419403795e-14,
1,line,6,"baseline $t=1e+08\,$s",396.302883168002,3.62201830909995e-14,
1,line,6,"baseline $t=1e+08\,$s",465.7947921855921,3.545697287410845e-14,
1,line,6,"baseline $t=1e+08\,$s",547.472142248439,3.4715974334527475e-14,
1,line,6,"baseline $t=1e+08\,$s",643.4716565458548,3.399545398392761e-14,
1,line,6,"baseline $t=1e+08\,$s",756.3047337483902,3.329319069312736e-14,
1,line,6,"baseline $t=1e+08\,$s",888.9231475410945,3.2595673278169985e-14,
1,line,6,"baseline $t=1e+08\,$s",1044.79626660284,3.191640459631598e-14,
1,line,6,"baseline $t=1e+08\,$s",1228.001815147637,3.1255695579566826e-14,
1,line,6,"baseline $t=1e+08\,$s",1443.3325483724664,3.0613721165856813e-14,
1,line,6,"baseline $t=1e+08\,$s",1696.4216334980495,2.998892378015925e-14,
1,line,6,"baseline $t=1e+08\,$s",1993.8900164382494,2.937312597484295e-14,
1,line,6,"baseline $t=1e+08\,$s",2343.5196292883334,2.876950142485847e-14,
1,line,6,"baseline $t=1e+08\,$s",2754.4569698335245,2.8181600880899682e-14,
1,line,6,"baseline $t=1e+08\,$s",3237.4523788257507,2.7608319327607195e-14,
1,line,6,"baseline $t=1e+08\,$s",3805.1412746513693,2.7050079572891613e-14,
1,line,6,"baseline $t=1e+08\,$s",4472.374702637946,2.6504300219291688e-14,
1,line,6,"baseline $t=1e+08\,$s",5256.607846348221,2.5965538241304158e-14,
1,line,6,"baseline $t=1e+08\,$s",6178.356664523548,2.54406476296022e-14,
1,line,6,"baseline $t=1e+08\,$s",7261.734599544229,2.4927541742096967e-14,
1,line,6,"baseline $t=1e+08\,$s",8535.083397987082,2.4426098152285453e-14,
1,line,6,"baseline $t=1e+08\,$s",10031.714545883691,2.3937592711097526e-14,
1,line,6,"baseline $t=1e+08\,$s",11790.780715022454,2.345418557653836e-14,
1,line,6,"baseline $t=1e+08\,$s",13858.300017796111,2.298133374953879e-14,
1,line,6,"baseline $t=1e+08\,$s",16288.359865649785,2.252026217321523e-14,
1,line,6,"baseline $t=1e+08\,$s",19144.53192470997,2.2069296496166017e-14,
1,line,6,"baseline $t=1e+08\,$s",22501.535184593857,2.162977391631589e-14,
1,line,6,"baseline $t=1e+08\,$s",26447.19064716322,2.119736757918409e-14,
1,line,6,"baseline $t=1e+08\,$s",31084.718770935444,2.076957378754599e-14,
1,line,6,"baseline $t=1e+08\,$s",36535.43977351612,2.0352429171790398e-14,
1,line,6,"baseline $t=1e+08\,$s",42941.94743342294,1.9945669173353367e-14,
1,line,6,"baseline $t=1e+08\,$s",50471.839419639866,1.9549112135853815e-14,
1,line,6,"baseline $t=1e+08\,$s",59322.10173633708,1.916252676445347e-14,
1,line,6,"baseline $t=1e+08\,$s",69724.26198215637,1.877333913121551e-14,
1,line,6,"baseline $t=1e+08\,$s",81950.4462361039,1.8393320183983315e-14,
1,line,6,"baseline $t=1e+08\,$s",96320.49802140985,1.8022329833784583e-14,
1,line,6,"baseline $t=1e+08\,$s",113210.34558326888,1.7659623678093694e-14,
1,line,6,"baseline $t=1e+08\,$s",133061.8363729217,1.730593246412376e-14,
1,line,6,"baseline $t=1e+08\,$s",156394.2960134453,1.6954430214380023e-14,
1,line,6,"baseline $t=1e+08\,$s",183818.1141359825,1.6606118766999783e-14,
1,line,6,"baseline $t=1e+08\,$s",216050.71249915805,1.626634585659841e-14,
1,line,6,"baseline $t=1e+08\,$s",253935.31312623026,1.5931694892305166e-14,
1,line,6,"baseline $t=1e+08\,$s",298462.9974444907,1.5604717772117232e-14,
1,line,6,"baseline $t=1e+08\,$s",350798.6335058071,1.52845938620301e-14,
1,line,6,"baseline $t=1e+08\,$s",412311.3495582535,1.496330493504704e-14,
1,line,6,"baseline $t=1e+08\,$s",484610.35117383633,1.4650017572226548e-14,
1,line,6,"baseline $t=1e+08\,$s",569587.0189274155,1.4340870616415167e-14,
1,line,6,"baseline $t=1e+08\,$s",669464.3879248217,1.403430370157576e-14,
1,line,6,"baseline $t=1e+08\,$s",786855.3035908677,1.373550104324322e-14,
1,line,6,"baseline $t=1e+08\,$s",924830.7751040731,1.3436339921565911e-14,
1,line,6,"baseline $t=1e+08\,$s",1087000.3146402042,1.3141491778773332e-14,
1,line,6,"baseline $t=1e+08\,$s",1277606.364142627,1.285425397071733e-14,
1,line,6,"baseline $t=1e+08\,$s",1501635.2798738715,1.2560190593853716e-14,
1,line,6,"baseline $t=1e+08\,$s",1764947.778164129,1.2273732203794809e-14,
1,line,6,"baseline $t=1e+08\,$s",2074432.2548869124,1.1990801847608841e-14,
1,line,6,"baseline $t=1e+08\,$s",2438184.9895816143,1.1704946760653632e-14,
1,line,6,"baseline $t=1e+08\,$s",2865721.9484591815,1.142701237772313e-14,
1,line,6,"baseline $t=1e+08\,$s",3368227.727170901,1.1144963359860313e-14,
1,line,6,"baseline $t=1e+08\,$s",3958848.145816352,1.0861987323076492e-14,
1,line,6,"baseline $t=1e+08\,$s",4653034.150632524,1.0587253760453849e-14,
1,line,6,"baseline $t=1e+08\,$s",5468946.019016334,1.0302382528304166e-14,
1,line,6,"baseline $t=1e+08\,$s",6427928.442100255,1.0023253194607893e-14,
1,line,6,"baseline $t=1e+08\,$s",7555068.913295548,9.748783735134965e-15,
1,line,6,"baseline $t=1e+08\,$s",8879854.030545786,9.458440779100107e-15,
1,line,6,"baseline $t=1e+08\,$s",10436940.881510252,9.177995563027979e-15,
1,line,6,"baseline $t=1e+08\,$s",12267063.691523654,8.893899547894242e-15,
1,line,6,"baseline $t=1e+08\,$s",14418099.452732118,8.602919733895552e-15,
1,line,6,"baseline $t=1e+08\,$s",16946320.411828764,8.322998391243692e-15,
1,line,6,"baseline $t=1e+08\,$s",19917866.182144478,8.021417822851296e-15,
1,line,6,"baseline $t=1e+08\,$s",23410473.991326828,7.72000027149718e-15,
1,line,6,"baseline $t=1e+08\,$s",27515512.328820772,7.431376195155015e-15,
1,line,6,"baseline $t=1e+08\,$s",32340371.19444807,7.121945908308774e-15,
1,line,6,"baseline $t=1e+08\,$s",38011271.47827708,6.8280322372703506e-15,
1,line,6,"baseline $t=1e+08\,$s",44676566.96665627,6.530585113930891e-15,
1,line,6,"baseline $t=1e+08\,$s",52510625.356660485,6.206664315476002e-15,
1,line,6,"baseline $t=1e+08\,$s",61718389.808363676,5.90159244006367e-15,
1,line,6,"baseline $t=1e+08\,$s",72540740.36758682,5.586825909733081e-15,
1,line,6,"baseline $t=1e+08\,$s",85260795.51680958,5.2741510434929796e-15,
1,line,6,"baseline $t=1e+08\,$s",100211318.70618989,4.983178298490457e-15,
1,line,6,"baseline $t=1e+08\,$s",117783423.62350766,4.6698082218308e-15,
1,line,6,"baseline $t=1e+08\,$s",138436805.93754652,4.3761578341029075e-15,
1,line,6,"baseline $t=1e+08\,$s",162711769.1828178,4.098358026138934e-15,
1,line,6,"baseline $t=1e+08\,$s",191243359.38916388,3.802609036547315e-15,
1,line,6,"baseline $t=1e+08\,$s",224777978.2257796,3.5358375085402535e-15,
1,line,6,"baseline $t=1e+08\,$s",264192909.26831022,3.2744622638259063e-15,
1,line,6,"baseline $t=1e+08\,$s",310519268.20671827,3.0174901416959153e-15,
1,line,6,"baseline $t=1e+08\,$s",364968977.38352764,2.7892196386952182e-15,
1,line,6,"baseline $t=1e+08\,$s",428966470.33093244,2.574668387847989e-15,
1,line,6,"baseline $t=1e+08\,$s",504185955.7142798,2.383558813538908e-15,
1,line,6,"baseline $t=1e+08\,$s",592595215.5267816,2.215992546224905e-15,
1,line,6,"baseline $t=1e+08\,$s",696507083.3195499,2.0386620321784417e-15,
1,line,6,"baseline $t=1e+08\,$s",818639949.165067,1.884829266838138e-15,
1,line,6,"baseline $t=1e+08\,$s",962188874.1962961,1.7482929173011224e-15,
1,line,6,"baseline $t=1e+08\,$s",1130909175.1158357,1.6254449363527532e-15,
1,line,6,"baseline $t=1e+08\,$s",1329214665.2906115,1.5191757181432689e-15,
1,line,6,"baseline $t=1e+08\,$s",1562293122.4717166,1.42497199959381e-15,
1,line,6,"baseline $t=1e+08\,$s",1836242003.836749,1.3426371632539723e-15,
1,line,6,"baseline $t=1e+08\,$s",2158227958.732784,1.2709470078011867e-15,
1,line,6,"baseline $t=1e+08\,$s",2536674312.058723,1.1951768905884033e-15,
1,line,6,"baseline $t=1e+08\,$s",2981481422.9525,1.1267624469561693e-15,
1,line,6,"baseline $t=1e+08\,$s",3504285683.48479,1.0659385274132707e-15,
1,line,6,"baseline $t=1e+08\,$s",4118763932.9027276,1.0129160488016387e-15,
1,line,6,"baseline $t=1e+08\,$s",4840991251.0645485,9.650539755405879e-16,
1,line,6,"baseline $t=1e+08\,$s",5689861491.131199,9.214836124131412e-16,
1,line,6,"baseline $t=1e+08\,$s",6687581552.876901,8.817146550867895e-16,
1,line,6,"baseline $t=1e+08\,$s",7860252327.071659,8.448560816625672e-16,
1,line,6,"baseline $t=1e+08\,$s",9238551508.752373,8.044303498372113e-16,
1,line,6,"baseline $t=1e+08\,$s",10858536142.142939,7.647208929425964e-16,
1,line,6,"baseline $t=1e+08\,$s",12762585892.227968,7.275600878971383e-16,
1,line,6,"baseline $t=1e+08\,$s",15000511719.469324,6.962058290029203e-16,
1,line,6,"baseline $t=1e+08\,$s",17630858961.189373,6.664454780351353e-16,
1,line,6,"baseline $t=1e+08\,$s",20722438908.927334,6.380280582015307e-16,
1,line,6,"baseline $t=1e+08\,$s",24356128948.652027,6.107788109252361e-16,
1,line,6,"baseline $t=1e+08\,$s",28626988356.46236,5.847594857179905e-16,
1,line,6,"baseline $t=1e+08\,$s",33646745100.12341,5.562879965663105e-16,
1,line,6,"baseline $t=1e+08\,$s",39546718702.49716,5.27093593081711e-16,
1,line,6,"baseline $t=1e+08\,$s",46481255630.53951,4.994442870123209e-16,
1,line,6,"baseline $t=1e+08\,$s",54631767081.47816,4.78123986713107e-16,
1,line,6,"baseline $t=1e+08\,$s",64211474796.81882,4.582218460563851e-16,
1,line,6,"baseline $t=1e+08\,$s",75470989057.21391,4.384756087870614e-16,
1,line,6,"baseline $t=1e+08\,$s",88704864781.52556,4.168622498462258e-16,
1,line,6,"baseline $t=1e+08\,$s",104259307241.13853,3.9631470653542197e-16,
1,line,6,"baseline $t=1e+08\,$s",122541228975.14412,3.7558078724340385e-16,
1,line,6,"baseline $t=1e+08\,$s",144028894840.12958,3.547015448714823e-16,
1,line,6,"baseline $t=1e+08\,$s",169284433674.78238,3.349830498530412e-16,
1,line,6,"baseline $t=1e+08\,$s",198968543891.1475,3.1863923451365234e-16,
1,line,6,"baseline $t=1e+08\,$s",233857777698.67584,3.037519612833893e-16,
1,line,6,"baseline $t=1e+08\,$s",274864856125.61456,2.8940933889896807e-16,
1,line,6,"baseline $t=1e+08\,$s",323062546289.5716,2.7332498590233146e-16,
1,line,6,"baseline $t=1e+08\,$s",379711725559.43,2.5813454482270813e-16,
1,line,6,"baseline $t=1e+08\,$s",446294366782.1083,2.431944891073895e-16,
1,line,6,"baseline $t=1e+08\,$s",524552307485.35004,2.280563595185633e-16,
1,line,6,"baseline $t=1e+08\,$s",616532817279.6378,2.1386053323833428e-16,
1,line,6,"baseline $t=1e+08\,$s",724642155526.8506,2.0208718737744374e-16,
1,line,6,"baseline $t=1e+08\,$s",851708520372.9393,1.9181271269700333e-16,
1,line,6,"baseline $t=1e+08\,$s",1001056035925.0074,1.8206061073039767e-16,
1,line,6,"baseline $t=1e+08\,$s",1176591713116.9387,1.695517597894389e-16,
1,line,6,"baseline $t=1e+08\,$s",1382907659206.3625,1.576435182683202e-16,
1,line,6,"baseline $t=1e+08\,$s",1625401209758.095,1.4657400784368362e-16,
1,line,6,"baseline $t=1e+08\,$s",1910416125831.0461,1.3629014383786551e-16,
1,line,6,"baseline $t=1e+08\,$s",2245408550162.4854,1.2672781202595124e-16,
1,line,6,"baseline $t=1e+08\,$s",2639142063852.4736,1.179676609080344e-16,
1,line,6,"baseline $t=1e+08\,$s",3101916946335.435,1.0993689139965331e-16,
1,line,6,"baseline $t=1e+08\,$s",3645839636202.627,1.024528248375513e-16,
1,line,6,"baseline $t=1e+08\,$s",4285139442114.7456,9.348342811499436e-17,
1,line,6,"baseline $t=1e+08\,$s",5036540789131.663,8.480797115375234e-17,
1,line,6,"baseline $t=1e+08\,$s",5919700738622.483,7.691364529763967e-17,
1,line,6,"baseline $t=1e+08\,$s",6957723227510.926,6.948038067334116e-17,
1,line,6,"baseline $t=1e+08\,$s",8177763479629.893,6.276549884283203e-17,
1,line,6,"baseline $t=1e+08\,$s",9611738400909.738,5.652275726586141e-17,
1,line,6,"baseline $t=1e+08\,$s",11297161542718.53,5.0621065972184676e-17,
1,line,6,"baseline $t=1e+08\,$s",13278124476442.15,4.5335586261632235e-17,
1,line,6,"baseline $t=1e+08\,$s",15606450252588.45,3.932581564674504e-17,
1,line,6,"baseline $t=1e+08\,$s",18343049119522.934,3.353075593849367e-17,
1,line,6,"baseline $t=1e+08\,$s",21559511968163.637,2.858965774570078e-17,
1,line,6,"baseline $t=1e+08\,$s",25339983188001.18,2.4018209779207248e-17,
1,line,6,"baseline $t=1e+08\,$s",29783361929359.832,2.01580089725422e-17,
1,line,6,"baseline $t=1e+08\,$s",35005889358098.59,1.6735481424771273e-17,
1,line,6,"baseline $t=1e+08\,$s",41144189586718.34,1.3387628159534123e-17,
1,line,6,"baseline $t=1e+08\,$s",48358843834264.234,1.0709497447666594e-17,
1,line,6,"baseline $t=1e+08\,$s",56838591316953.945,8.180549032384695e-18,
1,line,6,"baseline $t=1e+08\,$s",66805266767082.664,5.982400655753505e-18,
1,line,6,"baseline $t=1e+08\,$s",78519603748340.28,4.374904349902025e-18,
1,line,6,"baseline $t=1e+08\,$s",92288055585375.66,3.009653646085641e-18,
1,line,6,"baseline $t=1e+08\,$s",108470812346775.47,2.039583647143139e-18,
1,line,6,"baseline $t=1e+08\,$s",127491223610023.19,1.3710799318935662e-18,
1,line,6,"baseline $t=1e+08\,$s",149846873513012.1,8.502934699079238e-19,
1,line,6,"baseline $t=1e+08\,$s",176122597821387.12,5.273208286217653e-19,
1,line,6,"baseline $t=1e+08\,$s",207005783545163.47,3.1056886621114156e-19,
1,line,6,"baseline $t=1e+08\,$s",243304351350781.0,1.6808495955075565e-19,
1,line,6,"baseline $t=1e+08\,$s",285967891198117.2,9.097033565019234e-20,
1,line,6,"baseline $t=1e+08\,$s",336112504122033.94,4.59925491015219e-20,
1,line,6,"baseline $t=1e+08\,$s",395050000032759.25,2.2476707855821883e-20,
1,line,6,"baseline $t=1e+08\,$s",464322215365186.25,1.0984440175402894e-20,
1,line,6,"baseline $t=1e+08\,$s",545741348345162.06,4.544043640299777e-21,
1,line,6,"baseline $t=1e+08\,$s",641437367064924.9,1.8652895303796273e-21,
1,line,6,"baseline $t=1e+08\,$s",753913730588281.0,7.2502623667649e-22,
1,line,6,"baseline $t=1e+08\,$s",886112880779532.5,2.37947684206319e-22,
1,line,6,"baseline $t=1e+08\,$s",1041493218157350.1,7.809248766118235e-23,
1,line,6,"baseline $t=1e+08\,$s",1224119575503194.0,2.1224911700292337e-23,
1,line,6,"baseline $t=1e+08\,$s",1438769556062274.0,4.88723683672452e-24,
1,line,6,"baseline $t=1e+08\,$s",1691058518201297.8,1.1253326096013569e-24,
1,line,6,"baseline $t=1e+08\,$s",1987586476188542.8,1.3416647838680642e-25,
1,line,6,"baseline $t=1e+08\,$s",2336110760099276.0,1.3847855488733245e-26,
1,line,6,"baseline $t=1e+08\,$s",2745748951722050.5,1.2840749453079187e-27,
1,line,6,"baseline $t=1e+08\,$s",3227217405377798.0,4.9376720669287624e-29,
1,line,6,"baseline $t=1e+08\,$s",3793111593483984.5,1.8986904389151485e-30,
1,line,6,"baseline $t=1e+08\,$s",4458235610853832.5,5.866784122396464e-32,
1,line,6,"baseline $t=1e+08\,$s",5239989457739420.0,1.2999034975837336e-33,
1,line,6,"baseline $t=1e+08\,$s",6158824233150310.0,2.8801965511599875e-35,
1,line,6,"baseline $t=1e+08\,$s",7238777146548561.0,7.241151754446559e-36,
1,line,6,"baseline $t=1e+08\,$s",8508100344112365.0,4.3117570707266586e-36,
1,line,6,"baseline $t=1e+08\,$s",9999999999999992.0,1.323712652689747e-37,
1,line,7,"decay $t=1e+08\,$s",4.136189762796504e-07,1.5867421259050132e-18,
1,line,7,"decay $t=1e+08\,$s",4.861472708956382e-07,2.5562080664690858e-18,
1,line,7,"decay $t=1e+08\,$s",5.713934382920734e-07,4.129099685084523e-18,
1,line,7,"decay $t=1e+08\,$s",6.715875638296561e-07,6.723573715802346e-18,
1,line,7,"decay $t=1e+08\,$s",7.893507794538307e-07,1.0948256837445955e-17,
1,line,7,"decay $t=1e+08\,$s",9.277638339092464e-07,1.797266944335274e-17,
1,line,7,"decay $t=1e+08\,$s",1.090447686775643e-06,2.9709004591120334e-17,
1,line,7,"decay $t=1e+08\,$s",1.281658234708323e-06,4.910928620775979e-17,
1,line,7,"decay $t=1e+08\,$s",1.5063976479722919e-06,8.227357516604291e-17,
1,line,7,"decay $t=1e+08\,$s",1.770545229893428e-06,1.3821952011773174e-16,
1,line,7,"decay $t=1e+08\,$s",2.0810112225799443e-06,2.3256201805437097e-16,
1,line,7,"decay $t=1e+08\,$s",2.4459175825541275e-06,3.9586512958579793e-16,
1,line,7,"decay $t=1e+08\,$s",2.8748104554816266e-06,6.738383348067433e-16,
1,line,7,"decay $t=1e+08\,$s",3.378909908450926e-06,1.1510561015934005e-15,
1,line,7,"decay $t=1e+08\,$s",3.971403452933094e-06,1.9765004858362884e-15,
1,line,7,"decay $t=1e+08\,$s",4.6677910371394276e-06,3.393886875119328e-15,
1,line,7,"decay $t=1e+08\,$s",5.486290532961935e-06,5.802618404102283e-15,
1,line,7,"decay $t=1e+08\,$s",6.4483143252517195e-06,9.901884042844483e-15,
1,line,7,"decay $t=1e+08\,$s",7.5790294712660705e-06,1.68970800391159e-14,
1,line,7,"decay $t=1e+08\,$s",8.90801608435509e-06,2.4882004729848072e-14,
1,line,7,"decay $t=1e+08\,$s",1.0470041165557464e-05,3.653322137457645e-14,
1,line,7,"decay $t=1e+08\,$s",1.2305968126954065e-05,5.0905320156628924e-14,
1,line,7,"decay $t=1e+08\,$s",1.446382580039706e-05,6.151775378382177e-14,
1,line,7,"decay $t=1e+08\,$s",1.7000064897454984e-05,7.434261123070883e-14,
1,line,7,"decay $t=1e+08\,$s",1.998103479023846e-05,8.565322624623714e-14,
1,line,7,"decay $t=1e+08\,$s",2.348471924648282e-05,9.500794961793396e-14,
1,line,7,"decay $t=1e+08\,$s",2.7602776526647472e-05,1.0538436314700812e-13,
1,line,7,"decay $t=1e+08\,$s",3.244293721306242e-05,1.141350756172684e-13,
1,line,7,"decay $t=1e+08\,$s",3.8131822499616793e-05,1.2307285021130254e-13,
1,line,7,"decay $t=1e+08\,$s",4.481825666995547e-05,1.3254041915035867e-13,
1,line,7,"decay $t=1e+08\,$s",5.267716042038626e-05,1.4155216616665972e-13,
1,line,7,"decay $t=1e+08\,$s",6.191412687890872e-05,1.5117664425599268e-13,
1,line,7,"decay $t=1e+08\,$s",7.277080003146996e-05,1.611797520253912e-13,
1,line,7,"decay $t=1e+08\,$s",8.553119625796015e-05,1.714422893184182e-13,
1,line,7,"decay $t=1e+08\,$s",0.00010052913435270806,1.8235825715613324e-13,
1,line,7,"decay $t=1e+08\,$s",0.00011815696840279235,1.9365336492268465e-13,
1,line,7,"decay $t=1e+08\,$s",0.00013887585198093757,2.0551113367465512e-13,
1,line,7,"decay $t=1e+08\,$s",0.00016322780216977445,2.1809497789422598e-13,
1,line,7,"decay $t=1e+08\,$s",0.00019184987901879548,2.3108067571574135e-13,
1,line,7,"decay $t=1e+08\,$s",0.00022549085137618828,2.448388174203301e-13,
1,line,7,"decay $t=1e+08\,$s",0.00026503078508262616,2.593269192336224e-13,
1,line,7,"decay $t=1e+08\,$s",0.00031150406596464975,2.744370380442753e-13,
1,line,7,"decay $t=1e+08\,$s",0.0003661264599214663,2.9042757912691567e-13,
1,line,7,"decay $t=1e+08\,$s",0.0004303269180115221,3.0718256188517123e-13,
1,line,7,"decay $t=1e+08\,$s",0.0005057849585769236,3.2477319897875483e-13,
1,line,7,"decay $t=1e+08\,$s",0.0005944746043421126,3.4337116718214054e-13,
1,line,7,"decay $t=1e+08\,$s",0.0006987160239047786,3.6280075015179866e-13,
1,line,7,"decay $t=1e+08\,$s",0.0008212362285880728,3.8329055853255345e-13,
1,line,7,"decay $t=1e+08\,$s",0.0009652404125162483,4.0489918086756215e-13,
1,line,7,"decay $t=1e+08\,$s",0.001134495802208291,4.274979445702817e-13,
1,line,7,"decay $t=1e+08\,$s",0.001333430209239787,4.5135806586529526e-13,
1,line,7,"decay $t=1e+08\,$s",0.0015672478641633712,4.764338539623989e-13,
1,line,7,"decay $t=1e+08\,$s",0.0018420655619651898,5.027463853041146e-13,
1,line,7,"decay $t=1e+08\,$s",0.002165072680695273,5.305121978408959e-13,
1,line,7,"decay $t=1e+08\,$s",0.0025447192594449017,5.595948909664746e-13,
1,line,7,"decay $t=1e+08\,$s",0.002990937055891487,5.901864055997982e-13,
1,line,7,"decay $t=1e+08\,$s",0.0035153993663946366,6.224449797407667e-13,
1,line,7,"decay $t=1e+08\,$s",0.004131826405676178,6.561044630628399e-13,
1,line,7,"decay $t=1e+08\,$s",0.004856344234979996,6.915843461955642e-13,
1,line,7,"decay $t=1e+08\,$s",0.005707906628464436,7.288504371168119e-13,
1,line,7,"decay $t=1e+08\,$s",0.006708790914077871,7.678046243915101e-13,
1,line,7,"decay $t=1e+08\,$s",0.007885180760380096,8.088411040775215e-13,
1,line,7,"decay $t=1e+08\,$s",0.009267851155324736,8.517257235701366e-13,
1,line,7,"decay $t=1e+08\,$s",0.010892973496413964,8.966338930239256e-13,
1,line,7,"decay $t=1e+08\,$s",0.012803061853815393,9.439103533284707e-13,
1,line,7,"decay $t=1e+08\,$s",0.015048085161189995,9.930101273562118e-13,
1,line,7,"decay $t=1e+08\,$s",0.017686774429738813,1.0445686706933438e-12,
1,line,7,"decay $t=1e+08\,$s",0.020788159182887442,1.0986426494595192e-12,
1,line,7,"decay $t=1e+08\,$s",0.02443337330556136,1.154675384497027e-12,
1,line,7,"decay $t=1e+08\,$s",0.028717777550036912,1.2135665283451556e-12,
1,line,7,"decay $t=1e+08\,$s",0.033753454224255186,1.274878890965234e-12,
1,line,7,"decay $t=1e+08\,$s",0.039672139324981495,1.3385614156554011e-12,
1,line,7,"decay $t=1e+08\,$s",0.04662866882198256,1.4054257627976465e-12,
1,line,7,"decay $t=1e+08\,$s",0.054805029249859916,1.4743907099850365e-12,
1,line,7,"decay $t=1e+08\,$s",0.06441511857318971,1.546295580927576e-12,
1,line,7,"decay $t=1e+08\,$s",0.07571034187174885,1.6216383060772747e-12,
1,line,7,"decay $t=1e+08\,$s",0.08898618823194768,1.698517583274358e-12,
1,line,7,"decay $t=1e+08\,$s",0.10458996089946872,1.7790425995007868e-12,
1,line,7,"decay $t=1e+08\,$s",0.12292986291804184,1.8625114088416487e-12,
1,line,7,"decay $t=1e+08\,$s",0.14448567593952816,1.9479652623233944e-12,
1,line,7,"decay $t=1e+08\,$s",0.16982131156870053,2.037341354458768e-12,
1,line,7,"decay $t=1e+08\,$s",0.1995995635926132,2.1286503980899592e-12,
1,line,7,"decay $t=1e+08\,$s",0.23459944702078525,2.2226029816897117e-12,
1,line,7,"decay $t=1e+08\,$s",0.2757365775347569,2.32070388111221e-12,
1,line,7,"decay $t=1e+08\,$s",0.3240871244843334,2.4190322254459838e-12,
1,line,7,"decay $t=1e+08\,$s",0.38091596405371647,2.5210424765504537e-12,
1,line,7,"decay $t=1e+08\,$s",0.4477097690994067,2.626315663431458e-12,
1,line,7,"decay $t=1e+08\,$s",0.5262159013077689,2.731248959201845e-12,
1,line,7,"decay $t=1e+08\,$s",0.6184881231118851,2.840377096352738e-12,
1,line,7,"decay $t=1e+08\,$s",0.7269403252159283,2.9504914930051963e-12,
1,line,7,"decay $t=1e+08\,$s",0.8544096752678368,3.060994759941306e-12,
1,line,7,"decay $t=1e+08\,$s",1.0042308396833655,3.1756395904119473e-12,
1,line,7,"decay $t=1e+08\,$s",1.1803232203041512,3.2878353160411432e-12,
1,line,7,"decay $t=1e+08\,$s",1.387293488047456,3.401826464362173e-12,
1,line,7,"decay $t=1e+08\,$s",1.6305560958827374,3.5192344446030168e-12,
1,line,7,"decay $t=1e+08\,$s",1.9164749238190089,3.6302767809545694e-12,
1,line,7,"decay $t=1e+08\,$s",2.252529761411663,3.74482725554674e-12,
1,line,7,"decay $t=1e+08\,$s",2.6475119830602387,3.85862834022355e-12,
1,line,7,"decay $t=1e+08\,$s",3.111754535067633,3.967129776807933e-12,
1,line,7,"decay $t=1e+08\,$s",3.6574022510453377,4.078688672852467e-12,
1,line,7,"decay $t=1e+08\,$s",4.2987295672602635,4.183715865393807e-12,
1,line,7,"decay $t=1e+08\,$s",5.0525139495268885,4.28556617790105e-12,
1,line,7,"decay $t=1e+08\,$s",5.93847480069179,4.389903688873662e-12,
1,line,7,"decay $t=1e+08\,$s",6.97978933076548,4.480250575545357e-12,
1,line,7,"decay $t=1e+08\,$s",8.203698885140035,4.5709107430995285e-12,
1,line,7,"decay $t=1e+08\,$s",9.642221592763594,4.659306219229998e-12,
1,line,7,"decay $t=1e+08\,$s",11.332989977528834,4.733073593820861e-12,
1,line,7,"decay $t=1e+08\,$s",13.32023544523802,4.808022727435768e-12,
1,line,7,"decay $t=1e+08\,$s",15.655945400850316,4.873054364081217e-12,
1,line,7,"decay $t=1e+08\,$s",18.40122326681789,4.927367385046549e-12,
1,line,7,"decay $t=1e+08\,$s",21.62788698131826,4.9823050705502025e-12,
1,line,7,"decay $t=1e+08\,$s",25.420347793952185,5.0189162210625626e-12,
1,line,7,"decay $t=1e+08\,$s",29.877818509208026,5.05044978425209e-12,
1,line,7,"decay $t=1e+08\,$s",35.1169089465233,5.0804767127863066e-12,
1,line,7,"decay $t=1e+08\,$s",41.274676515567904,5.08701094668833e-12,
1,line,7,"decay $t=1e+08\,$s",48.51221171143108,5.093586835827117e-12,
1,line,7,"decay $t=1e+08\,$s",57.01885232818259,5.091093590871886e-12,
1,line,7,"decay $t=1e+08\,$s",67.01713663689895,5.072243691147695e-12,
1,line,7,"decay $t=1e+08\,$s",78.76862510592494,5.053509034275586e-12,
1,line,7,"decay $t=1e+08\,$s",92.58074296271438,5.0189757930406396e-12,
1,line,7,"decay $t=1e+08\,$s",108.81482260229686,4.976047285882142e-12,
1,line,7,"decay $t=1e+08\,$s",127.89555623611915,4.93354870623918e-12,
1,line,7,"decay $t=1e+08\,$s",150.32210606756786,4.870049808518994e-12,
1,line,7,"decay $t=1e+08\,$s",176.68116264236485,4.805927866783612e-12,
1,line,7,"decay $t=1e+08\,$s",207.6622929872086,4.738236145625741e-12,
1,line,7,"decay $t=1e+08\,$s",244.07598005224483,4.656020331471999e-12,
1,line,7,"decay $t=1e+08\,$s",286.8748253787863,4.575337602571882e-12,
1,line,7,"decay $t=1e+08\,$s",337.178469665443,4.487383210269998e-12,
1,line,7,"decay $t=1e+08\,$s",396.302883168002,4.392960425956397e-12,
1,line,7,"decay $t=1e+08\,$s",465.7947921855921,4.3006545107803376e-12,
1,line,7,"decay $t=1e+08\,$s",547.472142248439,4.199753417749201e-12,
1,line,7,"decay $t=1e+08\,$s",643.4716565458548,4.09874176897224e-12,
1,line,7,"decay $t=1e+08\,$s",756.3047337483902,3.999456528072581e-12,
1,line,7,"decay $t=1e+08\,$s",888.9231475410945,3.893645980377768e-12,
1,line,7,"decay $t=1e+08\,$s",1044.79626660284,3.7908304823322325e-12,
1,line,7,"decay $t=1e+08\,$s",1228.001815147637,3.6883721696367794e-12,
1,line,7,"decay $t=1e+08\,$s",1443.3325483724664,3.5847400968279223e-12,
1,line,7,"decay $t=1e+08\,$s",1696.4216334980495,3.4842710370334377e-12,
1,line,7,"decay $t=1e+08\,$s",1993.8900164382494,3.3841696379774447e-12,
1,line,7,"decay $t=1e+08\,$s",2343.5196292883334,3.2858815679906906e-12,
1,line,7,"decay $t=1e+08\,$s",2754.4569698335245,3.190747731609436e-12,
1,line,7,"decay $t=1e+08\,$s",3237.4523788257507,3.096696234635171e-12,
1,line,7,"decay $t=1e+08\,$s",3805.1412746513693,3.0056573810583254e-12,
1,line,7,"decay $t=1e+08\,$s",4472.374702637946,2.917533609918014e-12,
1,line,7,"decay $t=1e+08\,$s",5256.607846348221,2.8319889255521803e-12,
1,line,7,"decay $t=1e+08\,$s",6178.356664523548,2.7493528116694495e-12,
1,line,7,"decay $t=1e+08\,$s",7261.734599544229,2.6697172965110072e-12,
1,line,7,"decay $t=1e+08\,$s",8535.083397987082,2.5929724705283414e-12,
1,line,7,"decay $t=1e+08\,$s",10031.714545883691,2.5188986874982404e-12,
1,line,7,"decay $t=1e+08\,$s",11790.780715022454,2.448146208976562e-12,
1,line,7,"decay $t=1e+08\,$s",13858.300017796111,2.3800419000119868e-12,
1,line,7,"decay $t=1e+08\,$s",16288.359865649785,2.3144861305188355e-12,
1,line,7,"decay $t=1e+08\,$s",19144.53192470997,2.2523236688091258e-12,
1,line,7,"decay $t=1e+08\,$s",22501.535184593857,2.1924155401709887e-12,
1,line,7,"decay $t=1e+08\,$s",26447.19064716322,2.1350955212669326e-12,
1,line,7,"decay $t=1e+08\,$s",31084.718770935444,2.0804695409687957e-12,
1,line,7,"decay $t=1e+08\,$s",36535.43977351612,2.0278903925966507e-12,
1,line,7,"decay $t=1e+08\,$s",42941.94743342294,1.9781063920155477e-12,
1,line,7,"decay $t=1e+08\,$s",50471.839419639866,1.9306252365923328e-12,
1,line,7,"decay $t=1e+08\,$s",59322.10173633708,1.885044718989759e-12,
1,line,7,"decay $t=1e+08\,$s",69724.26198215637,1.8417560298208217e-12,
1,line,7,"decay $t=1e+08\,$s",81950.4462361039,1.8002504191406758e-12,
1,line,7,"decay $t=1e+08\,$s",96320.49802140985,1.7606746296636516e-12,
1,line,7,"decay $t=1e+08\,$s",113210.34558326888,1.723334627763364e-12,
1,line,7,"decay $t=1e+08\,$s",133061.8363729217,1.6876805359876936e-12,
1,line,7,"decay $t=1e+08\,$s",156394.2960134453,1.653697463040376e-12,
1,line,7,"decay $t=1e+08\,$s",183818.1141359825,1.621326731318072e-12,
1,line,7,"decay $t=1e+08\,$s",216050.71249915805,1.5905492657244463e-12,
1,line,7,"decay $t=1e+08\,$s",253935.31312623026,1.5614405751220035e-12,
1,line,7,"decay $t=1e+08\,$s",298462.9974444907,1.5339187004439961e-12,
1,line,7,"decay $t=1e+08\,$s",350798.6335058071,1.5079221113378616e-12,
1,line,7,"decay $t=1e+08\,$s",412311.3495582535,1.4831701175416322e-12,
1,line,7,"decay $t=1e+08\,$s",484610.35117383633,1.4599578807480514e-12,
1,line,7,"decay $t=1e+08\,$s",569587.0189274155,1.4380053379523307e-12,
1,line,7,"decay $t=1e+08\,$s",669464.3879248217,1.4171801882883689e-12,
1,line,7,"decay $t=1e+08\,$s",786855.3035908677,1.3978896616896726e-12,
1,line,7,"decay $t=1e+08\,$s",924830.7751040731,1.3795689162152063e-12,
1,line,7,"decay $t=1e+08\,$s",1087000.3146402042,1.3625514235720103e-12,
1,line,7,"decay $t=1e+08\,$s",1277606.364142627,1.3470925324258125e-12,
1,line,7,"decay $t=1e+08\,$s",1501635.2798738715,1.3316886280828328e-12,
1,line,7,"decay $t=1e+08\,$s",1764947.778164129,1.3178245139049934e-12,
1,line,7,"decay $t=1e+08\,$s",2074432.2548869124,1.3051428226473924e-12,
1,line,7,"decay $t=1e+08\,$s",2438184.9895816143,1.2930437746977078e-12,
1,line,7,"decay $t=1e+08\,$s",2865721.9484591815,1.2825772356391908e-12,
1,line,7,"decay $t=1e+08\,$s",3368227.727170901,1.272387861840779e-12,
1,line,7,"decay $t=1e+08\,$s",3958848.145816352,1.2627957567858507e-12,
1,line,7,"decay $t=1e+08\,$s",4653034.150632524,1.2548720541045115e-12,
1,line,7,"decay $t=1e+08\,$s",5468946.019016334,1.2467271486486153e-12,
1,line,7,"decay $t=1e+08\,$s",6427928.442100255,1.240024229335978e-12,
1,line,7,"decay $t=1e+08\,$s",7555068.913295548,1.2346135784072726e-12,
1,line,7,"decay $t=1e+08\,$s",8879854.030545786,1.2279597902194122e-12,
1,line,7,"decay $t=1e+08\,$s",10436940.881510252,1.223170890848e-12,
1,line,7,"decay $t=1e+08\,$s",12267063.691523654,1.2188416318881079e-12,
1,line,7,"decay $t=1e+08\,$s",14418099.452732118,1.2146366030682068e-12,
1,line,7,"decay $t=1e+08\,$s",16946320.411828764,1.212486945478706e-12,
1,line,7,"decay $t=1e+08\,$s",19917866.182144478,1.2082657467209812e-12,
1,line,7,"decay $t=1e+08\,$s",23410473.991326828,1.2045559461870522e-12,
1,line,7,"decay $t=1e+08\,$s",27515512.328820772,1.2029752911415743e-12,
1,line,7,"decay $t=1e+08\,$s",32340371.19444807,1.2002299029981252e-12,
1,line,7,"decay $t=1e+08\,$s",38011271.47827708,1.2000312108915923e-12,
1,line,7,"decay $t=1e+08\,$s",44676566.96665627,1.199802801684357e-12,
1,line,7,"decay $t=1e+08\,$s",52510625.356660485,1.1960723714577484e-12,
1,line,7,"decay $t=1e+08\,$s",61718389.808363676,1.1949951493987173e-12,
1,line,7,"decay $t=1e+08\,$s",72540740.36758682,1.1937004452840514e-12,
1,line,7,"decay $t=1e+08\,$s",85260795.51680958,1.1934343093816268e-12,
1,line,7,"decay $t=1e+08\,$s",100211318.70618989,1.1962161666345667e-12,
1,line,7,"decay $t=1e+08\,$s",117783423.62350766,1.1957105188295839e-12,
1,line,7,"decay $t=1e+08\,$s",138436805.93754652,1.197697959678628e-12,
1,line,7,"decay $t=1e+08\,$s",162711769.1828178,1.2017955284110522e-12,
1,line,7,"decay $t=1e+08\,$s",191243359.38916388,1.2032313504738841e-12,
1,line,7,"decay $t=1e+08\,$s",224777978.2257796,1.2082692484308863e-12,
1,line,7,"decay $t=1e+08\,$s",264192909.26831022,1.212629747767091e-12,
1,line,7,"decay $t=1e+08\,$s",310519268.20671827,1.2155432085013054e-12,
1,line,7,"decay $t=1e+08\,$s",364968977.38352764,1.2217786039049735e-12,
1,line,7,"decay $t=1e+08\,$s",428966470.33093244,1.2303150323815537e-12,
1,line,7,"decay $t=1e+08\,$s",504185955.7142798,1.2419674591772966e-12,
1,line,7,"decay $t=1e+08\,$s",592595215.5267816,1.2563947232374271e-12,
1,line,7,"decay $t=1e+08\,$s",696507083.3195499,1.260853042252988e-12,
1,line,7,"decay $t=1e+08\,$s",818639949.165067,1.2677681724347505e-12,
1,line,7,"decay $t=1e+08\,$s",962188874.1962961,1.275860727883651e-12,
1,line,7,"decay $t=1e+08\,$s",1130909175.1158357,1.2839535720671143e-12,
1,line,7,"decay $t=1e+08\,$s",1329214665.2906115,1.293788471216566e-12,
1,line,7,"decay $t=1e+08\,$s",1562293122.4717166,1.3036169150656478e-12,
1,line,7,"decay $t=1e+08\,$s",1836242003.836749,1.3138307349106017e-12,
1,line,7,"decay $t=1e+08\,$s",2158227958.732784,1.3251724699104545e-12,
1,line,7,"decay $t=1e+08\,$s",2536674312.058723,1.320965093596408e-12,
1,line,7,"decay $t=1e+08\,$s",2981481422.9525,1.315362639786662e-12,
1,line,7,"decay $t=1e+08\,$s",3504285683.48479,1.3099532087570222e-12,
1,line,7,"decay $t=1e+08\,$s",4118763932.9027276,1.3033215812472624e-12,
1,line,7,"decay $t=1e+08\,$s",4840991251.0645485,1.297082208011254e-12,
1,line,7,"decay $t=1e+08\,$s",5689861491.131199,1.2890231198951406e-12,
1,line,7,"decay $t=1e+08\,$s",6687581552.876901,1.2787933425810445e-12,
1,line,7,"decay $t=1e+08\,$s",7860252327.071659,1.2688008024304088e-12,
1,line,7,"decay $t=1e+08\,$s",9238551508.752373,1.2383945557546987e-12,
1,line,7,"decay $t=1e+08\,$s",10858536142.142939,1.2021696504609376e-12,
1,line,7,"decay $t=1e+08\,$s",12762585892.227968,1.1670700580375478e-12,
1,line,7,"decay $t=1e+08\,$s",15000511719.469324,1.1333830019548643e-12,
1,line,7,"decay $t=1e+08\,$s",17630858961.189373,1.1006956340477525e-12,
1,line,7,"decay $t=1e+08\,$s",20722438908.927334,1.0662461213024972e-12,
1,line,7,"decay $t=1e+08\,$s",24356128948.652027,1.0274702825369788e-12,
1,line,7,"decay $t=1e+08\,$s",28626988356.46236,9.901116914306105e-13,
1,line,7,"decay $t=1e+08\,$s",33646745100.12341,9.377305020839537e-13,
1,line,7,"decay $t=1e+08\,$s",39546718702.49716,8.785340859692862e-13,
1,line,7,"decay $t=1e+08\,$s",46481255630.53951,8.230758618291418e-13,
1,line,7,"decay $t=1e+08\,$s",54631767081.47816,7.746115315026884e-13,
1,line,7,"decay $t=1e+08\,$s",64211474796.81882,7.293553417725904e-13,
1,line,7,"decay $t=1e+08\,$s",75470989057.21391,6.837464734136569e-13,
1,line,7,"decay $t=1e+08\,$s",88704864781.52556,6.292393924354332e-13,
1,line,7,"decay $t=1e+08\,$s",104259307241.13853,5.790775634301774e-13,
1,line,7,"decay $t=1e+08\,$s",122541228975.14412,5.277476110389439e-13,
1,line,7,"decay $t=1e+08\,$s",144028894840.12958,4.759058915503399e-13,
1,line,7,"decay $t=1e+08\,$s",169284433674.78238,4.291566929504077e-13,
1,line,7,"decay $t=1e+08\,$s",198968543891.1475,3.8741654042988746e-13,
1,line,7,"decay $t=1e+08\,$s",233857777698.67584,3.498500432275271e-13,
1,line,7,"decay $t=1e+08\,$s",274864856125.61456,3.155891086084448e-13,
1,line,7,"decay $t=1e+08\,$s",323062546289.5716,2.795915467569113e-13,
1,line,7,"decay $t=1e+08\,$s",379711725559.43,2.477000348634169e-13,
1,line,7,"decay $t=1e+08\,$s",446294366782.1083,2.188377015366975e-13,
1,line,7,"decay $t=1e+08\,$s",524552307485.35004,1.9231771581324821e-13,
1,line,7,"decay $t=1e+08\,$s",616532817279.6378,1.690115718964364e-13,
1,line,7,"decay $t=1e+08\,$s",724642155526.8506,1.4889133705582923e-13,
1,line,7,"decay $t=1e+08\,$s",851708520372.9393,1.3135192118104236e-13,
1,line,7,"decay $t=1e+08\,$s",1001056035925.0074,1.1587865093783186e-13,
1,line,7,"decay $t=1e+08\,$s",1176591713116.9387,9.888000740408559e-14,
1,line,7,"decay $t=1e+08\,$s",1382907659206.3625,8.413271457584383e-14,
1,line,7,"decay $t=1e+08\,$s",1625401209758.095,7.171691685710995e-14,
1,line,7,"decay $t=1e+08\,$s",1910416125831.0461,6.15618878014551e-14,
1,line,7,"decay $t=1e+08\,$s",2245408550162.4854,5.284479911748758e-14,
1,line,7,"decay $t=1e+08\,$s",2639142063852.4736,4.5027274824382185e-14,
1,line,7,"decay $t=1e+08\,$s",3101916946335.435,3.807964403114748e-14,
1,line,7,"decay $t=1e+08\,$s",3645839636202.627,3.220402102710601e-14,
1,line,7,"decay $t=1e+08\,$s",4285139442114.7456,2.6525888302896054e-14,
1,line,7,"decay $t=1e+08\,$s",5036540789131.663,2.169178222515222e-14,
1,line,7,"decay $t=1e+08\,$s",5919700738622.483,1.773257247774584e-14,
1,line,7,"decay $t=1e+08\,$s",6957723227510.926,1.4433445303479495e-14,
1,line,7,"decay $t=1e+08\,$s",8177763479629.893,1.1748117486971888e-14,
1,line,7,"decay $t=1e+08\,$s",9611738400909.738,9.507647293961668e-15,
1,line,7,"decay $t=1e+08\,$s",11297161542718.53,7.616863460734048e-15,
1,line,7,"decay $t=1e+08\,$s",13278124476442.15,6.102099434534611e-15,
1,line,7,"decay $t=1e+08\,$s",15606450252588.45,4.753792835692324e-15,
1,line,7,"decay $t=1e+08\,$s",18343049119522.934,3.648034121808538e-15,
1,line,7,"decay $t=1e+08\,$s",21559511968163.637,2.7994810524516386e-15,
1,line,7,"decay $t=1e+08\,$s",25339983188001.18,2.1668317690973662e-15,
1,line,7,"decay $t=1e+08\,$s",29783361929359.832,1.678104563262202e-15,
1,line,7,"decay $t=1e+08\,$s",35005889358098.59,1.2914000969110073e-15,
1,line,7,"decay $t=1e+08\,$s",41144189586718.34,9.72508660714386e-16,
1,line,7,"decay $t=1e+08\,$s",48358843834264.234,7.323625716207417e-16,
1,line,7,"decay $t=1e+08\,$s",56838591316953.945,5.36751738111515e-16,
1,line,7,"decay $t=1e+08\,$s",66805266767082.664,3.8344276187977894e-16,
1,line,7,"decay $t=1e+08\,$s",78519603748340.28,2.7392245137385927e-16,
1,line,7,"decay $t=1e+08\,$s",92288055585375.66,1.899998869835483e-16,
1,line,7,"decay $t=1e+08\,$s",108470812346775.47,1.308378346591261e-16,
1,line,7,"decay $t=1e+08\,$s",127491223610023.19,8.947803170250667e-17,
1,line,7,"decay $t=1e+08\,$s",149846873513012.1,5.71149124034082e-17,
1,line,7,"decay $t=1e+08\,$s",176122597821387.12,3.6457141293173533e-17,
1,line,7,"decay $t=1e+08\,$s",207005783545163.47,2.199992844538159e-17,
1,line,7,"decay $t=1e+08\,$s",243304351350781.0,1.2109335539985082e-17,
1,line,7,"decay $t=1e+08\,$s",285967891198117.2,6.665294799999403e-18,
1,line,7,"decay $t=1e+08\,$s",336112504122033.94,3.521089230708895e-18,
1,line,7,"decay $t=1e+08\,$s",395050000032759.25,1.8223997621901175e-18,
1,line,7,"decay $t=1e+08\,$s",464322215365186.25,9.432140785177846e-19,
1,line,7,"decay $t=1e+08\,$s",545741348345162.06,4.1198708161500797e-19,
1,line,7,"decay $t=1e+08\,$s",641437367064924.9,1.7853983996262535e-19,
1,line,7,"decay $t=1e+08\,$s",753913730588281.0,7.284022489897871e-20,
1,line,7,"decay $t=1e+08\,$s",886112880779532.5,2.4644276822425125e-20,
1,line,7,"decay $t=1e+08\,$s",1041493218157350.1,8.337980852893587e-21,
1,line,7,"decay $t=1e+08\,$s",1224119575503194.0,2.3997684188485488e-21,
1,line,7,"decay $t=1e+08\,$s",1438769556062274.0,5.99112449251216e-22,
1,line,7,"decay $t=1e+08\,$s",1691058518201297.8,1.4957099248340804e-22,
1,line,7,"decay $t=1e+08\,$s",1987586476188542.8,2.0992632269528364e-23,
1,line,7,"decay $t=1e+08\,$s",2336110760099276.0,2.5971108981922227e-24,
1,line,7,"decay $t=1e+08\,$s",2745748951722050.5,2.764742873140863e-25,
1,line,7,"decay $t=1e+08\,$s",3227217405377798.0,8.563978176684508e-27,
1,line,7,"decay $t=1e+08\,$s",3793111593483984.5,2.6527504746342347e-28,
1,line,7,"decay $t=1e+08\,$s",4458235610853832.5,7.372359526367045e-30,
1,line,7,"decay $t=1e+08\,$s",5239989457739420.0,1.737321593287995e-31,
1,line,7,"decay $t=1e+08\,$s",6158824233150310.0,4.094057485397519e-33,
1,line,7,"decay $t=1e+08\,$s",7238777146548561.0,1.0494720427879727e-33,
1,line,7,"decay $t=1e+08\,$s",8508100344112365.0,6.249100617306652e-34,
1,line,7,"decay $t=1e+08\,$s",9999999999999992.0,1.9184814203879638e-35,
2,line,0,"$t=1e+02\,$s",0.1995995635926132,1.0,
2,line,0,"$t=1e+02\,$s",0.23459944702078525,1.0,
2,line,0,"$t=1e+02\,$s",0.2757365775347569,1.0,
2,line,0,"$t=1e+02\,$s",0.3240871244843334,1.0,
2,line,0,"$t=1e+02\,$s",0.38091596405371647,1.0,
2,line,0,"$t=1e+02\,$s",0.4477097690994067,1.0,
2,line,0,"$t=1e+02\,$s",0.5262159013077689,1.0,
2,line,0,"$t=1e+02\,$s",0.6184881231118851,1.0,
2,line,0,"$t=1e+02\,$s",0.7269403252159283,1.0,
2,line,0,"$t=1e+02\,$s",0.8544096752678368,1.0,
2,line,0,"$t=1e+02\,$s",1.0042308396833655,1.0,
2,line,0,"$t=1e+02\,$s",1.1803232203041512,1.0,
2,line,0,"$t=1e+02\,$s",1.387293488047456,1.0,
2,line,0,"$t=1e+02\,$s",1.6305560958827374,1.0,
2,line,0,"$t=1e+02\,$s",1.9164749238190089,1.0,
2,line,0,"$t=1e+02\,$s",2.252529761411663,1.0,
2,line,0,"$t=1e+02\,$s",2.6475119830602387,1.0,
2,line,0,"$t=1e+02\,$s",3.111754535067633,1.0,
2,line,0,"$t=1e+02\,$s",3.6574022510453377,1.0,
2,line,0,"$t=1e+02\,$s",4.2987295672602635,1.0,
2,line,0,"$t=1e+02\,$s",5.0525139495268885,1.0,
2,line,0,"$t=1e+02\,$s",5.93847480069179,1.0,
2,line,0,"$t=1e+02\,$s",6.97978933076548,1.0,
2,line,0,"$t=1e+02\,$s",8.203698885140035,1.0,
2,line,0,"$t=1e+02\,$s",9.642221592763594,1.0,
2,line,0,"$t=1e+02\,$s",11.332989977528834,1.0,
2,line,0,"$t=1e+02\,$s",13.32023544523802,1.0,
2,line,0,"$t=1e+02\,$s",15.655945400850316,1.0,
2,line,0,"$t=1e+02\,$s",18.40122326681789,1.0,
2,line,0,"$t=1e+02\,$s",21.62788698131826,1.0,
2,line,0,"$t=1e+02\,$s",25.420347793952185,1.0,
2,line,0,"$t=1e+02\,$s",29.877818509208026,1.0,
2,line,0,"$t=1e+02\,$s",35.1169089465233,1.0,
2,line,0,"$t=1e+02\,$s",41.274676515567904,1.0,
2,line,0,"$t=1e+02\,$s",48.51221171143108,1.0,
2,line,0,"$t=1e+02\,$s",57.01885232818259,1.0,
2,line,0,"$t=1e+02\,$s",67.01713663689895,1.0,
2,line,0,"$t=1e+02\,$s",78.76862510592494,1.0,
2,line,0,"$t=1e+02\,$s",92.58074296271438,1.0,
2,line,0,"$t=1e+02\,$s",108.81482260229686,1.0,
2,line,0,"$t=1e+02\,$s",127.89555623611915,1.0,
2,line,0,"$t=1e+02\,$s",150.32210606756786,1.0,
2,line,0,"$t=1e+02\,$s",176.68116264236485,1.0,
2,line,0,"$t=1e+02\,$s",207.6622929872086,1.0,
2,line,0,"$t=1e+02\,$s",244.07598005224483,1.0,
2,line,0,"$t=1e+02\,$s",286.8748253787863,1.0,
2,line,0,"$t=1e+02\,$s",337.178469665443,1.0,
2,line,0,"$t=1e+02\,$s",396.302883168002,1.0,
2,line,0,"$t=1e+02\,$s",465.7947921855921,1.0,
2,line,0,"$t=1e+02\,$s",547.472142248439,1.0,
2,line,0,"$t=1e+02\,$s",643.4716565458548,1.0,
2,line,0,"$t=1e+02\,$s",756.3047337483902,1.0,
2,line,0,"$t=1e+02\,$s",888.9231475410945,1.0,
2,line,0,"$t=1e+02\,$s",1044.79626660284,1.0,
2,line,0,"$t=1e+02\,$s",1228.001815147637,1.0,
2,line,0,"$t=1e+02\,$s",1443.3325483724664,1.0,
2,line,0,"$t=1e+02\,$s",1696.4216334980495,1.0,
2,line,0,"$t=1e+02\,$s",1993.8900164382494,1.0,
2,line,0,"$t=1e+02\,$s",2343.5196292883334,1.0,
2,line,0,"$t=1e+02\,$s",2754.4569698335245,1.0,
2,line,0,"$t=1e+02\,$s",3237.4523788257507,1.0,
2,line,0,"$t=1e+02\,$s",3805.1412746513693,1.0,
2,line,0,"$t=1e+02\,$s",4472.374702637946,1.0,
2,line,0,"$t=1e+02\,$s",5256.607846348221,1.0,
2,line,0,"$t=1e+02\,$s",6178.356664523548,1.0,
2,line,0,"$t=1e+02\,$s",7261.734599544229,1.0,
2,line,0,"$t=1e+02\,$s",8535.083397987082,1.0,
2,line,0,"$t=1e+02\,$s",10031.714545883691,1.0,
2,line,0,"$t=1e+02\,$s",11790.780715022454,1.0,
2,line,0,"$t=1e+02\,$s",13858.300017796111,1.0,
2,line,0,"$t=1e+02\,$s",16288.359865649785,1.0,
2,line,0,"$t=1e+02\,$s",19144.53192470997,1.0,
2,line,0,"$t=1e+02\,$s",22501.535184593857,1.0,
2,line,0,"$t=1e+02\,$s",26447.19064716322,1.0,
2,line,0,"$t=1e+02\,$s",31084.718770935444,1.0,
2,line,0,"$t=1e+02\,$s",36535.43977351612,1.0,
2,line,0,"$t=1e+02\,$s",42941.94743342294,1.0,
2,line,0,"$t=1e+02\,$s",50471.839419639866,1.0,
2,line,0,"$t=1e+02\,$s",59322.10173633708,1.0,
2,line,0,"$t=1e+02\,$s",69724.26198215637,1.0,
2,line,0,"$t=1e+02\,$s",81950.4462361039,1.0,
2,line,0,"$t=1e+02\,$s",96320.49802140985,1.0,
2,line,0,"$t=1e+02\,$s",113210.34558326888,1.0,
2,line,0,"$t=1e+02\,$s",133061.8363729217,1.0,
2,line,0,"$t=1e+02\,$s",156394.2960134453,1.0,
2,line,0,"$t=1e+02\,$s",183818.1141359825,1.0,
2,line,0,"$t=1e+02\,$s",216050.71249915805,1.0,
2,line,0,"$t=1e+02\,$s",253935.31312623026,1.0,
2,line,0,"$t=1e+02\,$s",298462.9974444907,1.0,
2,line,0,"$t=1e+02\,$s",350798.6335058071,1.0,
2,line,0,"$t=1e+02\,$s",412311.3495582535,1.0,
2,line,0,"$t=1e+02\,$s",484610.35117383633,1.0,
2,line,0,"$t=1e+02\,$s",569587.0189274155,1.0,
2,line,0,"$t=1e+02\,$s",669464.3879248217,1.0,
2,line,0,"$t=1e+02\,$s",786855.3035908677,1.0,
2,line,0,"$t=1e+02\,$s",924830.7751040731,1.0,
2,line,0,"$t=1e+02\,$s",1087000.3146402042,1.0,
2,line,0,"$t=1e+02\,$s",1277606.364142627,1.0,
2,line,0,"$t=1e+02\,$s",1501635.2798738715,1.0,
2,line,0,"$t=1e+02\,$s",1764947.778164129,1.0,
2,line,0,"$t=1e+02\,$s",2074432.2548869124,1.0,
2,line,0,"$t=1e+02\,$s",2438184.9895816143,1.0,
2,line,0,"$t=1e+02\,$s",2865721.9484591815,1.0,
2,line,0,"$t=1e+02\,$s",3368227.727170901,1.0,
2,line,0,"$t=1e+02\,$s",3958848.145816352,1.0,
2,line,0,"$t=1e+02\,$s",4653034.150632524,1.0,
2,line,0,"$t=1e+02\,$s",5468946.019016334,1.0,
2,line,0,"$t=1e+02\,$s",6427928.442100255,1.0,
2,line,0,"$t=1e+02\,$s",7555068.913295548,1.0,
2,line,0,"$t=1e+02\,$s",8879854.030545786,1.0,
2,line,0,"$t=1e+02\,$s",10436940.881510252,1.0,
2,line,0,"$t=1e+02\,$s",12267063.691523654,1.0,
2,line,0,"$t=1e+02\,$s",14418099.452732118,1.0,
2,line,0,"$t=1e+02\,$s",16946320.411828764,1.0,
2,line,0,"$t=1e+02\,$s",19917866.182144478,1.0,
2,line,0,"$t=1e+02\,$s",23410473.991326828,1.0,
2,line,0,"$t=1e+02\,$s",27515512.328820772,1.0,
2,line,0,"$t=1e+02\,$s",32340371.19444807,1.0,
2,line,0,"$t=1e+02\,$s",38011271.47827708,1.0,
2,line,0,"$t=1e+02\,$s",44676566.96665627,1.0,
2,line,0,"$t=1e+02\,$s",52510625.356660485,1.0,
2,line,0,"$t=1e+02\,$s",61718389.808363676,1.0,
2,line,0,"$t=1e+02\,$s",72540740.36758682,1.0,
2,line,0,"$t=1e+02\,$s",85260795.51680958,1.0,
2,line,0,"$t=1e+02\,$s",100211318.70618989,1.0,
2,line,0,"$t=1e+02\,$s",117783423.62350766,1.0,
2,line,0,"$t=1e+02\,$s",138436805.93754652,1.0,
2,line,0,"$t=1e+02\,$s",162711769.1828178,1.0,
2,line,0,"$t=1e+02\,$s",191243359.38916388,1.0,
2,line,0,"$t=1e+02\,$s",224777978.2257796,1.0,
2,line,0,"$t=1e+02\,$s",264192909.26831022,1.0,
2,line,0,"$t=1e+02\,$s",310519268.20671827,1.0,
2,line,0,"$t=1e+02\,$s",364968977.38352764,1.0,
2,line,0,"$t=1e+02\,$s",428966470.33093244,1.0,
2,line,0,"$t=1e+02\,$s",504185955.7142798,1.0,
2,line,0,"$t=1e+02\,$s",592595215.5267816,1.0,
2,line,0,"$t=1e+02\,$s",696507083.3195499,1.0,
2,line,0,"$t=1e+02\,$s",818639949.165067,1.0,
2,line,0,"$t=1e+02\,$s",962188874.1962961,1.0,
2,line,0,"$t=1e+02\,$s",1130909175.1158357,1.0,
2,line,0,"$t=1e+02\,$s",1329214665.2906115,1.0,
2,line,0,"$t=1e+02\,$s",1562293122.4717166,1.0,
2,line,0,"$t=1e+02\,$s",1836242003.836749,1.0,
2,line,0,"$t=1e+02\,$s",2158227958.732784,1.0,
2,line,0,"$t=1e+02\,$s",2536674312.058723,1.0,
2,line,0,"$t=1e+02\,$s",2981481422.9525,1.0,
2,line,0,"$t=1e+02\,$s",3504285683.48479,1.0,
2,line,0,"$t=1e+02\,$s",4118763932.9027276,1.0,
2,line,0,"$t=1e+02\,$s",4840991251.0645485,1.0,
2,line,0,"$t=1e+02\,$s",5689861491.131199,1.0,
2,line,0,"$t=1e+02\,$s",6687581552.876901,1.0,
2,line,0,"$t=1e+02\,$s",7860252327.071659,1.0,
2,line,0,"$t=1e+02\,$s",9238551508.752373,1.0,
2,line,0,"$t=1e+02\,$s",10858536142.142939,1.0,
2,line,0,"$t=1e+02\,$s",12762585892.227968,1.0,
2,line,0,"$t=1e+02\,$s",15000511719.469324,1.0,
2,line,0,"$t=1e+02\,$s",17630858961.189373,1.0,
2,line,0,"$t=1e+02\,$s",20722438908.927334,1.0,
2,line,0,"$t=1e+02\,$s",24356128948.652027,1.0,
2,line,0,"$t=1e+02\,$s",28626988356.46236,1.0,
2,line,0,"$t=1e+02\,$s",33646745100.12341,1.0,
2,line,0,"$t=1e+02\,$s",39546718702.49716,1.0,
2,line,0,"$t=1e+02\,$s",46481255630.53951,1.0,
2,line,0,"$t=1e+02\,$s",54631767081.47816,1.0,
2,line,0,"$t=1e+02\,$s",64211474796.81882,1.0,
2,line,0,"$t=1e+02\,$s",75470989057.21391,1.0,
2,line,0,"$t=1e+02\,$s",88704864781.52556,1.0,
2,line,0,"$t=1e+02\,$s",104259307241.13853,1.0,
2,line,0,"$t=1e+02\,$s",122541228975.14412,1.0,
2,line,0,"$t=1e+02\,$s",144028894840.12958,1.0,
2,line,0,"$t=1e+02\,$s",169284433674.78238,1.0,
2,line,0,"$t=1e+02\,$s",198968543891.1475,1.0,
2,line,0,"$t=1e+02\,$s",233857777698.67584,1.0,
2,line,0,"$t=1e+02\,$s",274864856125.61456,1.0,
2,line,0,"$t=1e+02\,$s",323062546289.5716,1.0,
2,line,0,"$t=1e+02\,$s",379711725559.43,1.0,
2,line,0,"$t=1e+02\,$s",446294366782.1083,1.0,
2,line,0,"$t=1e+02\,$s",524552307485.35004,1.0,
2,line,0,"$t=1e+02\,$s",616532817279.6378,1.0,
2,line,0,"$t=1e+02\,$s",724642155526.8506,1.0,
2,line,0,"$t=1e+02\,$s",851708520372.9393,1.0,
2,line,0,"$t=1e+02\,$s",1001056035925.0074,1.0,
2,line,0,"$t=1e+02\,$s",1176591713116.9387,1.0,
2,line,0,"$t=1e+02\,$s",1382907659206.3625,1.0,
2,line,0,"$t=1e+02\,$s",1625401209758.095,1.0,
2,line,0,"$t=1e+02\,$s",1910416125831.0461,1.0,
2,line,0,"$t=1e+02\,$s",2245408550162.4854,1.0,
2,line,0,"$t=1e+02\,$s",2639142063852.4736,1.0,
2,line,0,"$t=1e+02\,$s",3101916946335.435,1.0,
2,line,0,"$t=1e+02\,$s",3645839636202.627,1.0,
2,line,0,"$t=1e+02\,$s",4285139442114.7456,1.0,
2,line,0,"$t=1e+02\,$s",5036540789131.663,1.0,
2,line,0,"$t=1e+02\,$s",5919700738622.483,1.0,
2,line,0,"$t=1e+02\,$s",6957723227510.926,1.0,
2,line,0,"$t=1e+02\,$s",8177763479629.893,1.0,
2,line,0,"$t=1e+02\,$s",9611738400909.738,1.0,
2,line,0,"$t=1e+02\,$s",11297161542718.53,1.0,
2,line,0,"$t=1e+02\,$s",13278124476442.15,1.0,
2,line,0,"$t=1e+02\,$s",15606450252588.45,1.0,
2,line,0,"$t=1e+02\,$s",18343049119522.934,1.0,
2,line,1,"$t=1e+04\,$s",0.0015672478641633712,1.0,
2,line,1,"$t=1e+04\,$s",0.0018420655619651898,1.0,
2,line,1,"$t=1e+04\,$s",0.002165072680695273,1.0,
2,line,1,"$t=1e+04\,$s",0.0025447192594449017,1.0,
2,line,1,"$t=1e+04\,$s",0.002990937055891487,1.0,
2,line,1,"$t=1e+04\,$s",0.0035153993663946366,1.0,
2,line,1,"$t=1e+04\,$s",0.004131826405676178,1.0,
2,line,1,"$t=1e+04\,$s",0.004856344234979996,1.0,
2,line,1,"$t=1e+04\,$s",0.005707906628464436,1.0,
2,line,1,"$t=1e+04\,$s",0.006708790914077871,1.0,
2,line,1,"$t=1e+04\,$s",0.007885180760380096,1.0,
2,line,1,"$t=1e+04\,$s",0.009267851155324736,1.0,
2,line,1,"$t=1e+04\,$s",0.010892973496413964,1.0,
2,line,1,"$t=1e+04\,$s",0.012803061853815393,1.0,
2,line,1,"$t=1e+04\,$s",0.015048085161189995,1.0,
2,line,1,"$t=1e+04\,$s",0.017686774429738813,1.0,
2,line,1,"$t=1e+04\,$s",0.020788159182887442,1.0,
2,line,1,"$t=1e+04\,$s",0.02443337330556136,1.0,
2,line,1,"$t=1e+04\,$s",0.028717777550036912,1.0,
2,line,1,"$t=1e+04\,$s",0.033753454224255186,1.0,
2,line,1,"$t=1e+04\,$s",0.039672139324981495,1.0,
2,line,1,"$t=1e+04\,$s",0.04662866882198256,1.0,
2,line,1,"$t=1e+04\,$s",0.054805029249859916,1.0,
2,line,1,"$t=1e+04\,$s",0.06441511857318971,1.0,
2,line,1,"$t=1e+04\,$s",0.07571034187174885,1.0,
2,line,1,"$t=1e+04\,$s",0.08898618823194768,1.0,
2,line,1,"$t=1e+04\,$s",0.10458996089946872,1.0,
2,line,1,"$t=1e+04\,$s",0.12292986291804184,1.0,
2,line,1,"$t=1e+04\,$s",0.14448567593952816,1.0,
2,line,1,"$t=1e+04\,$s",0.16982131156870053,1.0,
2,line,1,"$t=1e+04\,$s",0.1995995635926132,1.0,
2,line,1,"$t=1e+04\,$s",0.23459944702078525,1.0,
2,line,1,"$t=1e+04\,$s",0.2757365775347569,1.0,
2,line,1,"$t=1e+04\,$s",0.3240871244843334,1.0,
2,line,1,"$t=1e+04\,$s",0.38091596405371647,1.0,
2,line,1,"$t=1e+04\,$s",0.4477097690994067,1.0,
2,line,1,"$t=1e+04\,$s",0.5262159013077689,1.0,
2,line,1,"$t=1e+04\,$s",0.6184881231118851,1.0,
2,line,1,"$t=1e+04\,$s",0.7269403252159283,1.0,
2,line,1,"$t=1e+04\,$s",0.8544096752678368,1.0,
2,line,1,"$t=1e+04\,$s",1.0042308396833655,1.0,
2,line,1,"$t=1e+04\,$s",1.1803232203041512,1.0,
2,line,1,"$t=1e+04\,$s",1.387293488047456,1.0,
2,line,1,"$t=1e+04\,$s",1.6305560958827374,1.0,
2,line,1,"$t=1e+04\,$s",1.9164749238190089,1.0,
2,line,1,"$t=1e+04\,$s",2.252529761411663,1.0,
2,line,1,"$t=1e+04\,$s",2.6475119830602387,1.0,
2,line,1,"$t=1e+04\,$s",3.111754535067633,1.0,
2,line,1,"$t=1e+04\,$s",3.6574022510453377,1.0,
2,line,1,"$t=1e+04\,$s",4.2987295672602635,1.0,
2,line,1,"$t=1e+04\,$s",5.0525139495268885,1.0,
2,line,1,"$t=1e+04\,$s",5.93847480069179,1.0,
2,line,1,"$t=1e+04\,$s",6.97978933076548,1.0,
2,line,1,"$t=1e+04\,$s",8.203698885140035,1.0,
2,line,1,"$t=1e+04\,$s",9.642221592763594,1.0,
2,line,1,"$t=1e+04\,$s",11.332989977528834,1.0,
2,line,1,"$t=1e+04\,$s",13.32023544523802,1.0,
2,line,1,"$t=1e+04\,$s",15.655945400850316,1.0,
2,line,1,"$t=1e+04\,$s",18.40122326681789,1.0,
2,line,1,"$t=1e+04\,$s",21.62788698131826,1.0,
2,line,1,"$t=1e+04\,$s",25.420347793952185,1.0,
2,line,1,"$t=1e+04\,$s",29.877818509208026,1.0,
2,line,1,"$t=1e+04\,$s",35.1169089465233,1.0,
2,line,1,"$t=1e+04\,$s",41.274676515567904,1.0,
2,line,1,"$t=1e+04\,$s",48.51221171143108,1.0,
2,line,1,"$t=1e+04\,$s",57.01885232818259,1.0,
2,line,1,"$t=1e+04\,$s",67.01713663689895,1.0,
2,line,1,"$t=1e+04\,$s",78.76862510592494,1.0,
2,line,1,"$t=1e+04\,$s",92.58074296271438,1.0,
2,line,1,"$t=1e+04\,$s",108.81482260229686,1.0,
2,line,1,"$t=1e+04\,$s",127.89555623611915,1.0,
2,line,1,"$t=1e+04\,$s",150.32210606756786,1.0,
2,line,1,"$t=1e+04\,$s",176.68116264236485,1.0,
2,line,1,"$t=1e+04\,$s",207.6622929872086,1.0,
2,line,1,"$t=1e+04\,$s",244.07598005224483,1.0,
2,line,1,"$t=1e+04\,$s",286.8748253787863,1.0,
2,line,1,"$t=1e+04\,$s",337.178469665443,1.0,
2,line,1,"$t=1e+04\,$s",396.302883168002,1.0,
2,line,1,"$t=1e+04\,$s",465.7947921855921,1.0,
2,line,1,"$t=1e+04\,$s",547.472142248439,1.0,
2,line,1,"$t=1e+04\,$s",643.4716565458548,1.0,
2,line,1,"$t=1e+04\,$s",756.3047337483902,1.0,
2,line,1,"$t=1e+04\,$s",888.9231475410945,1.0,
2,line,1,"$t=1e+04\,$s",1044.79626660284,1.0,
2,line,1,"$t=1e+04\,$s",1228.001815147637,1.0,
2,line,1,"$t=1e+04\,$s",1443.3325483724664,1.0,
2,line,1,"$t=1e+04\,$s",1696.4216334980495,1.0,
2,line,1,"$t=1e+04\,$s",1993.8900164382494,1.0,
2,line,1,"$t=1e+04\,$s",2343.5196292883334,1.0,
2,line,1,"$t=1e+04\,$s",2754.4569698335245,1.0,
2,line,1,"$t=1e+04\,$s",3237.4523788257507,1.0,
2,line,1,"$t=1e+04\,$s",3805.1412746513693,1.0,
2,line,1,"$t=1e+04\,$s",4472.374702637946,1.0,
2,line,1,"$t=1e+04\,$s",5256.607846348221,1.0,
2,line,1,"$t=1e+04\,$s",6178.356664523548,1.0,
2,line,1,"$t=1e+04\,$s",7261.734599544229,1.0,
2,line,1,"$t=1e+04\,$s",8535.083397987082,1.0,
2,line,1,"$t=1e+04\,$s",10031.714545883691,1.0,
2,line,1,"$t=1e+04\,$s",11790.780715022454,1.0,
2,line,1,"$t=1e+04\,$s",13858.300017796111,1.0,
2,line,1,"$t=1e+04\,$s",16288.359865649785,1.0,
2,line,1,"$t=1e+04\,$s",19144.53192470997,1.0,
2,line,1,"$t=1e+04\,$s",22501.535184593857,1.0,
2,line,1,"$t=1e+04\,$s",26447.19064716322,1.0,
2,line,1,"$t=1e+04\,$s",31084.718770935444,1.0,
2,line,1,"$t=1e+04\,$s",36535.43977351612,1.0,
2,line,1,"$t=1e+04\,$s",42941.94743342294,1.0,
2,line,1,"$t=1e+04\,$s",50471.839419639866,1.0,
2,line,1,"$t=1e+04\,$s",59322.10173633708,1.0,
2,line,1,"$t=1e+04\,$s",69724.26198215637,1.0,
2,line,1,"$t=1e+04\,$s",81950.4462361039,1.0,
2,line,1,"$t=1e+04\,$s",96320.49802140985,1.0,
2,line,1,"$t=1e+04\,$s",113210.34558326888,1.0,
2,line,1,"$t=1e+04\,$s",133061.8363729217,1.0,
2,line,1,"$t=1e+04\,$s",156394.2960134453,1.0,
2,line,1,"$t=1e+04\,$s",183818.1141359825,1.0,
2,line,1,"$t=1e+04\,$s",216050.71249915805,1.0,
2,line,1,"$t=1e+04\,$s",253935.31312623026,1.0,
2,line,1,"$t=1e+04\,$s",298462.9974444907,1.0,
2,line,1,"$t=1e+04\,$s",350798.6335058071,1.0,
2,line,1,"$t=1e+04\,$s",412311.3495582535,1.0,
2,line,1,"$t=1e+04\,$s",484610.35117383633,1.0,
2,line,1,"$t=1e+04\,$s",569587.0189274155,1.0,
2,line,1,"$t=1e+04\,$s",669464.3879248217,1.0,
2,line,1,"$t=1e+04\,$s",786855.3035908677,1.0,
2,line,1,"$t=1e+04\,$s",924830.7751040731,1.0,
2,line,1,"$t=1e+04\,$s",1087000.3146402042,1.0,
2,line,1,"$t=1e+04\,$s",1277606.364142627,1.0,
2,line,1,"$t=1e+04\,$s",1501635.2798738715,1.0,
2,line,1,"$t=1e+04\,$s",1764947.778164129,1.0,
2,line,1,"$t=1e+04\,$s",2074432.2548869124,1.0,
2,line,1,"$t=1e+04\,$s",2438184.9895816143,1.0,
2,line,1,"$t=1e+04\,$s",2865721.9484591815,1.0,
2,line,1,"$t=1e+04\,$s",3368227.727170901,1.0,
2,line,1,"$t=1e+04\,$s",3958848.145816352,1.0,
2,line,1,"$t=1e+04\,$s",4653034.150632524,1.0,
2,line,1,"$t=1e+04\,$s",5468946.019016334,1.0,
2,line,1,"$t=1e+04\,$s",6427928.442100255,1.0,
2,line,1,"$t=1e+04\,$s",7555068.913295548,1.0,
2,line,1,"$t=1e+04\,$s",8879854.030545786,1.0,
2,line,1,"$t=1e+04\,$s",10436940.881510252,1.0,
2,line,1,"$t=1e+04\,$s",12267063.691523654,1.0,
2,line,1,"$t=1e+04\,$s",14418099.452732118,1.0,
2,line,1,"$t=1e+04\,$s",16946320.411828764,1.0,
2,line,1,"$t=1e+04\,$s",19917866.182144478,1.0,
2,line,1,"$t=1e+04\,$s",23410473.991326828,1.0,
2,line,1,"$t=1e+04\,$s",27515512.328820772,1.0,
2,line,1,"$t=1e+04\,$s",32340371.19444807,1.0,
2,line,1,"$t=1e+04\,$s",38011271.47827708,1.0,
2,line,1,"$t=1e+04\,$s",44676566.96665627,1.0,
2,line,1,"$t=1e+04\,$s",52510625.356660485,1.0,
2,line,1,"$t=1e+04\,$s",61718389.808363676,1.0,
2,line,1,"$t=1e+04\,$s",72540740.36758682,1.0,
2,line,1,"$t=1e+04\,$s",85260795.51680958,1.0,
2,line,1,"$t=1e+04\,$s",100211318.70618989,1.0,
2,line,1,"$t=1e+04\,$s",117783423.62350766,1.0,
2,line,1,"$t=1e+04\,$s",138436805.93754652,1.0,
2,line,1,"$t=1e+04\,$s",162711769.1828178,1.0,
2,line,1,"$t=1e+04\,$s",191243359.38916388,1.0,
2,line,1,"$t=1e+04\,$s",224777978.2257796,1.0,
2,line,1,"$t=1e+04\,$s",264192909.26831022,1.0,
2,line,1,"$t=1e+04\,$s",310519268.20671827,1.0,
2,line,1,"$t=1e+04\,$s",364968977.38352764,1.0,
2,line,1,"$t=1e+04\,$s",428966470.33093244,1.0,
2,line,1,"$t=1e+04\,$s",504185955.7142798,1.0,
2,line,1,"$t=1e+04\,$s",592595215.5267816,1.0,
2,line,1,"$t=1e+04\,$s",696507083.3195499,1.0,
2,line,1,"$t=1e+04\,$s",818639949.165067,1.0,
2,line,1,"$t=1e+04\,$s",962188874.1962961,1.0,
2,line,1,"$t=1e+04\,$s",1130909175.1158357,1.0,
2,line,1,"$t=1e+04\,$s",1329214665.2906115,1.0,
2,line,1,"$t=1e+04\,$s",1562293122.4717166,1.0,
2,line,1,"$t=1e+04\,$s",1836242003.836749,1.0,
2,line,1,"$t=1e+04\,$s",2158227958.732784,1.0,
2,line,1,"$t=1e+04\,$s",2536674312.058723,1.0,
2,line,1,"$t=1e+04\,$s",2981481422.9525,1.0,
2,line,1,"$t=1e+04\,$s",3504285683.48479,1.0,
2,line,1,"$t=1e+04\,$s",4118763932.9027276,1.0,
2,line,1,"$t=1e+04\,$s",4840991251.0645485,1.0,
2,line,1,"$t=1e+04\,$s",5689861491.131199,1.0,
2,line,1,"$t=1e+04\,$s",6687581552.876901,1.0,
2,line,1,"$t=1e+04\,$s",7860252327.071659,1.0,
2,line,1,"$t=1e+04\,$s",9238551508.752373,1.0,
2,line,1,"$t=1e+04\,$s",10858536142.142939,1.0,
2,line,1,"$t=1e+04\,$s",12762585892.227968,1.0,
2,line,1,"$t=1e+04\,$s",15000511719.469324,1.0,
2,line,1,"$t=1e+04\,$s",17630858961.189373,1.0,
2,line,1,"$t=1e+04\,$s",20722438908.927334,1.0,
2,line,1,"$t=1e+04\,$s",24356128948.652027,1.0,
2,line,1,"$t=1e+04\,$s",28626988356.46236,1.0,
2,line,1,"$t=1e+04\,$s",33646745100.12341,1.0,
2,line,1,"$t=1e+04\,$s",39546718702.49716,1.0,
2,line,1,"$t=1e+04\,$s",46481255630.53951,1.0,
2,line,1,"$t=1e+04\,$s",54631767081.47816,1.0,
2,line,1,"$t=1e+04\,$s",64211474796.81882,1.0,
2,line,1,"$t=1e+04\,$s",75470989057.21391,1.0,
2,line,1,"$t=1e+04\,$s",88704864781.52556,1.0,
2,line,1,"$t=1e+04\,$s",104259307241.13853,1.0,
2,line,1,"$t=1e+04\,$s",122541228975.14412,1.0,
2,line,1,"$t=1e+04\,$s",144028894840.12958,1.0,
2,line,1,"$t=1e+04\,$s",169284433674.78238,1.0,
2,line,1,"$t=1e+04\,$s",198968543891.1475,1.0,
2,line,1,"$t=1e+04\,$s",233857777698.67584,1.0,
2,line,1,"$t=1e+04\,$s",274864856125.61456,1.0,
2,line,1,"$t=1e+04\,$s",323062546289.5716,1.0,
2,line,1,"$t=1e+04\,$s",379711725559.43,1.0,
2,line,1,"$t=1e+04\,$s",446294366782.1083,1.0,
2,line,1,"$t=1e+04\,$s",524552307485.35004,1.0,
2,line,1,"$t=1e+04\,$s",616532817279.6378,1.0,
2,line,1,"$t=1e+04\,$s",724642155526.8506,1.0,
2,line,1,"$t=1e+04\,$s",851708520372.9393,1.0,
2,line,1,"$t=1e+04\,$s",1001056035925.0074,1.0,
2,line,1,"$t=1e+04\,$s",1176591713116.9387,1.0,
2,line,1,"$t=1e+04\,$s",1382907659206.3625,1.0,
2,line,1,"$t=1e+04\,$s",1625401209758.095,1.0,
2,line,1,"$t=1e+04\,$s",1910416125831.0461,1.0,
2,line,1,"$t=1e+04\,$s",2245408550162.4854,1.0,
2,line,1,"$t=1e+04\,$s",2639142063852.4736,1.0,
2,line,1,"$t=1e+04\,$s",3101916946335.435,1.0,
2,line,1,"$t=1e+04\,$s",3645839636202.627,1.0,
2,line,1,"$t=1e+04\,$s",4285139442114.7456,1.0,
2,line,1,"$t=1e+04\,$s",5036540789131.663,1.0,
2,line,1,"$t=1e+04\,$s",5919700738622.483,1.0,
2,line,1,"$t=1e+04\,$s",6957723227510.926,1.0,
2,line,1,"$t=1e+04\,$s",8177763479629.893,1.0,
2,line,1,"$t=1e+04\,$s",9611738400909.738,1.0,
2,line,1,"$t=1e+04\,$s",11297161542718.53,1.0,
2,line,1,"$t=1e+04\,$s",13278124476442.15,1.0,
2,line,2,"$t=1e+06\,$s",2.7602776526647472e-05,1.0,
2,line,2,"$t=1e+06\,$s",3.244293721306242e-05,1.0,
2,line,2,"$t=1e+06\,$s",3.8131822499616793e-05,1.0,
2,line,2,"$t=1e+06\,$s",4.481825666995547e-05,1.0,
2,line,2,"$t=1e+06\,$s",5.267716042038626e-05,1.0,
2,line,2,"$t=1e+06\,$s",6.191412687890872e-05,1.0,
2,line,2,"$t=1e+06\,$s",7.277080003146996e-05,1.0,
2,line,2,"$t=1e+06\,$s",8.553119625796015e-05,1.0,
2,line,2,"$t=1e+06\,$s",0.00010052913435270806,1.0,
2,line,2,"$t=1e+06\,$s",0.00011815696840279235,1.0,
2,line,2,"$t=1e+06\,$s",0.00013887585198093757,1.0,
2,line,2,"$t=1e+06\,$s",0.00016322780216977445,1.0,
2,line,2,"$t=1e+06\,$s",0.00019184987901879548,1.0,
2,line,2,"$t=1e+06\,$s",0.00022549085137618828,1.0,
2,line,2,"$t=1e+06\,$s",0.00026503078508262616,1.0,
2,line,2,"$t=1e+06\,$s",0.00031150406596464975,1.0,
2,line,2,"$t=1e+06\,$s",0.0003661264599214663,1.0,
2,line,2,"$t=1e+06\,$s",0.0004303269180115221,1.0,
2,line,2,"$t=1e+06\,$s",0.0005057849585769236,1.0,
2,line,2,"$t=1e+06\,$s",0.0005944746043421126,1.0,
2,line,2,"$t=1e+06\,$s",0.0006987160239047786,1.0,
2,line,2,"$t=1e+06\,$s",0.0008212362285880728,1.0,
2,line,2,"$t=1e+06\,$s",0.0009652404125162483,1.0,
2,line,2,"$t=1e+06\,$s",0.001134495802208291,1.0,
2,line,2,"$t=1e+06\,$s",0.001333430209239787,1.0,
2,line,2,"$t=1e+06\,$s",0.0015672478641633712,1.0,
2,line,2,"$t=1e+06\,$s",0.0018420655619651898,1.0,
2,line,2,"$t=1e+06\,$s",0.002165072680695273,1.0,
2,line,2,"$t=1e+06\,$s",0.0025447192594449017,1.0,
2,line,2,"$t=1e+06\,$s",0.002990937055891487,1.0,
2,line,2,"$t=1e+06\,$s",0.0035153993663946366,1.0,
2,line,2,"$t=1e+06\,$s",0.004131826405676178,1.0,
2,line,2,"$t=1e+06\,$s",0.004856344234979996,1.0,
2,line,2,"$t=1e+06\,$s",0.005707906628464436,1.0,
2,line,2,"$t=1e+06\,$s",0.006708790914077871,1.0,
2,line,2,"$t=1e+06\,$s",0.007885180760380096,1.0,
2,line,2,"$t=1e+06\,$s",0.009267851155324736,1.0,
2,line,2,"$t=1e+06\,$s",0.010892973496413964,1.0,
2,line,2,"$t=1e+06\,$s",0.012803061853815393,1.0,
2,line,2,"$t=1e+06\,$s",0.015048085161189995,1.0,
2,line,2,"$t=1e+06\,$s",0.017686774429738813,1.0,
2,line,2,"$t=1e+06\,$s",0.020788159182887442,1.0,
2,line,2,"$t=1e+06\,$s",0.02443337330556136,1.0,
2,line,2,"$t=1e+06\,$s",0.028717777550036912,1.0,
2,line,2,"$t=1e+06\,$s",0.033753454224255186,1.0,
2,line,2,"$t=1e+06\,$s",0.039672139324981495,1.0,
2,line,2,"$t=1e+06\,$s",0.04662866882198256,1.0,
2,line,2,"$t=1e+06\,$s",0.054805029249859916,1.0,
2,line,2,"$t=1e+06\,$s",0.06441511857318971,1.0,
2,line,2,"$t=1e+06\,$s",0.07571034187174885,1.0,
2,line,2,"$t=1e+06\,$s",0.08898618823194768,1.0,
2,line,2,"$t=1e+06\,$s",0.10458996089946872,1.0,
2,line,2,"$t=1e+06\,$s",0.12292986291804184,1.0,
2,line,2,"$t=1e+06\,$s",0.14448567593952816,1.0,
2,line,2,"$t=1e+06\,$s",0.16982131156870053,1.0,
2,line,2,"$t=1e+06\,$s",0.1995995635926132,1.0,
2,line,2,"$t=1e+06\,$s",0.23459944702078525,1.0,
2,line,2,"$t=1e+06\,$s",0.2757365775347569,1.0,
2,line,2,"$t=1e+06\,$s",0.3240871244843334,1.0,
2,line,2,"$t=1e+06\,$s",0.38091596405371647,1.0,
2,line,2,"$t=1e+06\,$s",0.4477097690994067,1.0,
2,line,2,"$t=1e+06\,$s",0.5262159013077689,1.0,
2,line,2,"$t=1e+06\,$s",0.6184881231118851,1.0,
2,line,2,"$t=1e+06\,$s",0.7269403252159283,1.0,
2,line,2,"$t=1e+06\,$s",0.8544096752678368,1.0,
2,line,2,"$t=1e+06\,$s",1.0042308396833655,1.0,
2,line,2,"$t=1e+06\,$s",1.1803232203041512,1.0,
2,line,2,"$t=1e+06\,$s",1.387293488047456,1.0,
2,line,2,"$t=1e+06\,$s",1.6305560958827374,1.0,
2,line,2,"$t=1e+06\,$s",1.9164749238190089,1.0,
2,line,2,"$t=1e+06\,$s",2.252529761411663,1.0,
2,line,2,"$t=1e+06\,$s",2.6475119830602387,1.0,
2,line,2,"$t=1e+06\,$s",3.111754535067633,1.0,
2,line,2,"$t=1e+06\,$s",3.6574022510453377,1.0,
2,line,2,"$t=1e+06\,$s",4.2987295672602635,1.0,
2,line,2,"$t=1e+06\,$s",5.0525139495268885,1.0,
2,line,2,"$t=1e+06\,$s",5.93847480069179,1.0,
2,line,2,"$t=1e+06\,$s",6.97978933076548,1.0,
2,line,2,"$t=1e+06\,$s",8.203698885140035,1.0,
2,line,2,"$t=1e+06\,$s",9.642221592763594,1.0,
2,line,2,"$t=1e+06\,$s",11.332989977528834,1.0,
2,line,2,"$t=1e+06\,$s",13.32023544523802,1.0,
2,line,2,"$t=1e+06\,$s",15.655945400850316,1.0,
2,line,2,"$t=1e+06\,$s",18.40122326681789,1.0,
2,line,2,"$t=1e+06\,$s",21.62788698131826,1.0,
2,line,2,"$t=1e+06\,$s",25.420347793952185,1.0,
2,line,2,"$t=1e+06\,$s",29.877818509208026,1.0,
2,line,2,"$t=1e+06\,$s",35.1169089465233,1.0,
2,line,2,"$t=1e+06\,$s",41.274676515567904,1.0,
2,line,2,"$t=1e+06\,$s",48.51221171143108,1.0,
2,line,2,"$t=1e+06\,$s",57.01885232818259,1.0,
2,line,2,"$t=1e+06\,$s",67.01713663689895,1.0,
2,line,2,"$t=1e+06\,$s",78.76862510592494,1.0,
2,line,2,"$t=1e+06\,$s",92.58074296271438,1.0,
2,line,2,"$t=1e+06\,$s",108.81482260229686,1.0,
2,line,2,"$t=1e+06\,$s",127.89555623611915,1.0,
2,line,2,"$t=1e+06\,$s",150.32210606756786,1.0,
2,line,2,"$t=1e+06\,$s",176.68116264236485,1.0,
2,line,2,"$t=1e+06\,$s",207.6622929872086,1.0,
2,line,2,"$t=1e+06\,$s",244.07598005224483,1.0,
2,line,2,"$t=1e+06\,$s",286.8748253787863,1.0,
2,line,2,"$t=1e+06\,$s",337.178469665443,1.0,
2,line,2,"$t=1e+06\,$s",396.302883168002,1.0,
2,line,2,"$t=1e+06\,$s",465.7947921855921,1.0,
2,line,2,"$t=1e+06\,$s",547.472142248439,1.0,
2,line,2,"$t=1e+06\,$s",643.4716565458548,1.0,
2,line,2,"$t=1e+06\,$s",756.3047337483902,1.0,
2,line,2,"$t=1e+06\,$s",888.9231475410945,1.0,
2,line,2,"$t=1e+06\,$s",1044.79626660284,1.0,
2,line,2,"$t=1e+06\,$s",1228.001815147637,1.0,
2,line,2,"$t=1e+06\,$s",1443.3325483724664,1.0,
2,line,2,"$t=1e+06\,$s",1696.4216334980495,1.0,
2,line,2,"$t=1e+06\,$s",1993.8900164382494,1.0,
2,line,2,"$t=1e+06\,$s",2343.5196292883334,1.0,
2,line,2,"$t=1e+06\,$s",2754.4569698335245,1.0,
2,line,2,"$t=1e+06\,$s",3237.4523788257507,1.0,
2,line,2,"$t=1e+06\,$s",3805.1412746513693,1.0,
2,line,2,"$t=1e+06\,$s",4472.374702637946,1.0,
2,line,2,"$t=1e+06\,$s",5256.607846348221,1.0,
2,line,2,"$t=1e+06\,$s",6178.356664523548,1.0,
2,line,2,"$t=1e+06\,$s",7261.734599544229,1.0,
2,line,2,"$t=1e+06\,$s",8535.083397987082,1.0,
2,line,2,"$t=1e+06\,$s",10031.714545883691,1.0,
2,line,2,"$t=1e+06\,$s",11790.780715022454,1.0,
2,line,2,"$t=1e+06\,$s",13858.300017796111,1.0,
2,line,2,"$t=1e+06\,$s",16288.359865649785,1.0,
2,line,2,"$t=1e+06\,$s",19144.53192470997,1.0,
2,line,2,"$t=1e+06\,$s",22501.535184593857,1.0,
2,line,2,"$t=1e+06\,$s",26447.19064716322,1.0,
2,line,2,"$t=1e+06\,$s",31084.718770935444,1.0,
2,line,2,"$t=1e+06\,$s",36535.43977351612,1.0,
2,line,2,"$t=1e+06\,$s",42941.94743342294,1.0,
2,line,2,"$t=1e+06\,$s",50471.839419639866,1.0,
2,line,2,"$t=1e+06\,$s",59322.10173633708,1.0,
2,line,2,"$t=1e+06\,$s",69724.26198215637,1.0,
2,line,2,"$t=1e+06\,$s",81950.4462361039,1.0,
2,line,2,"$t=1e+06\,$s",96320.49802140985,1.0,
2,line,2,"$t=1e+06\,$s",113210.34558326888,1.0,
2,line,2,"$t=1e+06\,$s",133061.8363729217,1.0,
2,line,2,"$t=1e+06\,$s",156394.2960134453,1.0,
2,line,2,"$t=1e+06\,$s",183818.1141359825,1.0,
2,line,2,"$t=1e+06\,$s",216050.71249915805,1.0,
2,line,2,"$t=1e+06\,$s",253935.31312623026,1.0,
2,line,2,"$t=1e+06\,$s",298462.9974444907,1.0,
2,line,2,"$t=1e+06\,$s",350798.6335058071,1.0,
2,line,2,"$t=1e+06\,$s",412311.3495582535,1.0,
2,line,2,"$t=1e+06\,$s",484610.35117383633,1.0,
2,line,2,"$t=1e+06\,$s",569587.0189274155,1.0,
2,line,2,"$t=1e+06\,$s",669464.3879248217,1.0,
2,line,2,"$t=1e+06\,$s",786855.3035908677,1.0,
2,line,2,"$t=1e+06\,$s",924830.7751040731,1.0,
2,line,2,"$t=1e+06\,$s",1087000.3146402042,1.0,
2,line,2,"$t=1e+06\,$s",1277606.364142627,1.0,
2,line,2,"$t=1e+06\,$s",1501635.2798738715,1.0,
2,line,2,"$t=1e+06\,$s",1764947.778164129,1.0,
2,line,2,"$t=1e+06\,$s",2074432.2548869124,1.0,
2,line,2,"$t=1e+06\,$s",2438184.9895816143,1.0,
2,line,2,"$t=1e+06\,$s",2865721.9484591815,1.0,
2,line,2,"$t=1e+06\,$s",3368227.727170901,1.0,
2,line,2,"$t=1e+06\,$s",3958848.145816352,1.0,
2,line,2,"$t=1e+06\,$s",4653034.150632524,1.0,
2,line,2,"$t=1e+06\,$s",5468946.019016334,1.0,
2,line,2,"$t=1e+06\,$s",6427928.442100255,1.0,
2,line,2,"$t=1e+06\,$s",7555068.913295548,1.0,
2,line,2,"$t=1e+06\,$s",8879854.030545786,1.0,
2,line,2,"$t=1e+06\,$s",10436940.881510252,1.0,
2,line,2,"$t=1e+06\,$s",12267063.691523654,1.0,
2,line,2,"$t=1e+06\,$s",14418099.452732118,1.0,
2,line,2,"$t=1e+06\,$s",16946320.411828764,1.0,
2,line,2,"$t=1e+06\,$s",19917866.182144478,1.0,
2,line,2,"$t=1e+06\,$s",23410473.991326828,1.0,
2,line,2,"$t=1e+06\,$s",27515512.328820772,1.0,
2,line,2,"$t=1e+06\,$s",32340371.19444807,1.0,
2,line,2,"$t=1e+06\,$s",38011271.47827708,1.0,
2,line,2,"$t=1e+06\,$s",44676566.96665627,1.0,
2,line,2,"$t=1e+06\,$s",52510625.356660485,1.0,
2,line,2,"$t=1e+06\,$s",61718389.808363676,1.0,
2,line,2,"$t=1e+06\,$s",72540740.36758682,1.0,
2,line,2,"$t=1e+06\,$s",85260795.51680958,1.0,
2,line,2,"$t=1e+06\,$s",100211318.70618989,1.0,
2,line,2,"$t=1e+06\,$s",117783423.62350766,1.0,
2,line,2,"$t=1e+06\,$s",138436805.93754652,1.0,
2,line,2,"$t=1e+06\,$s",162711769.1828178,1.0,
2,line,2,"$t=1e+06\,$s",191243359.38916388,1.0,
2,line,2,"$t=1e+06\,$s",224777978.2257796,1.0,
2,line,2,"$t=1e+06\,$s",264192909.26831022,1.0,
2,line,2,"$t=1e+06\,$s",310519268.20671827,1.0,
2,line,2,"$t=1e+06\,$s",364968977.38352764,1.0,
2,line,2,"$t=1e+06\,$s",428966470.33093244,1.0,
2,line,2,"$t=1e+06\,$s",504185955.7142798,1.0,
2,line,2,"$t=1e+06\,$s",592595215.5267816,1.0,
2,line,2,"$t=1e+06\,$s",696507083.3195499,1.0,
2,line,2,"$t=1e+06\,$s",818639949.165067,1.0,
2,line,2,"$t=1e+06\,$s",962188874.1962961,1.0,
2,line,2,"$t=1e+06\,$s",1130909175.1158357,1.0,
2,line,2,"$t=1e+06\,$s",1329214665.2906115,1.0,
2,line,2,"$t=1e+06\,$s",1562293122.4717166,1.0,
2,line,2,"$t=1e+06\,$s",1836242003.836749,1.0,
2,line,2,"$t=1e+06\,$s",2158227958.732784,1.0,
2,line,2,"$t=1e+06\,$s",2536674312.058723,1.0,
2,line,2,"$t=1e+06\,$s",2981481422.9525,1.0,
2,line,2,"$t=1e+06\,$s",3504285683.48479,1.0,
2,line,2,"$t=1e+06\,$s",4118763932.9027276,1.0,
2,line,2,"$t=1e+06\,$s",4840991251.0645485,1.0,
2,line,2,"$t=1e+06\,$s",5689861491.131199,1.0,
2,line,2,"$t=1e+06\,$s",6687581552.876901,1.0,
2,line,2,"$t=1e+06\,$s",7860252327.071659,1.0,
2,line,2,"$t=1e+06\,$s",9238551508.752373,1.0,
2,line,2,"$t=1e+06\,$s",10858536142.142939,1.0,
2,line,2,"$t=1e+06\,$s",12762585892.227968,1.0,
2,line,2,"$t=1e+06\,$s",15000511719.469324,1.0,
2,line,2,"$t=1e+06\,$s",17630858961.189373,1.0,
2,line,2,"$t=1e+06\,$s",20722438908.927334,1.0,
2,line,2,"$t=1e+06\,$s",24356128948.652027,1.0,
2,line,2,"$t=1e+06\,$s",28626988356.46236,1.0,
2,line,2,"$t=1e+06\,$s",33646745100.12341,1.0,
2,line,2,"$t=1e+06\,$s",39546718702.49716,1.0,
2,line,2,"$t=1e+06\,$s",46481255630.53951,1.0,
2,line,2,"$t=1e+06\,$s",54631767081.47816,1.0,
2,line,2,"$t=1e+06\,$s",64211474796.81882,1.0,
2,line,2,"$t=1e+06\,$s",75470989057.21391,1.0,
2,line,2,"$t=1e+06\,$s",88704864781.52556,1.0,
2,line,2,"$t=1e+06\,$s",104259307241.13853,1.0,
2,line,2,"$t=1e+06\,$s",122541228975.14412,1.0,
2,line,2,"$t=1e+06\,$s",144028894840.12958,1.0,
2,line,2,"$t=1e+06\,$s",169284433674.78238,1.0,
2,line,2,"$t=1e+06\,$s",198968543891.1475,1.0,
2,line,2,"$t=1e+06\,$s",233857777698.67584,1.0,
2,line,2,"$t=1e+06\,$s",274864856125.61456,1.0,
2,line,2,"$t=1e+06\,$s",323062546289.5716,1.0,
2,line,2,"$t=1e+06\,$s",379711725559.43,1.0,
2,line,2,"$t=1e+06\,$s",446294366782.1083,1.0,
2,line,2,"$t=1e+06\,$s",524552307485.35004,1.0,
2,line,2,"$t=1e+06\,$s",616532817279.6378,1.0,
2,line,2,"$t=1e+06\,$s",724642155526.8506,1.0,
2,line,2,"$t=1e+06\,$s",851708520372.9393,1.0,
2,line,2,"$t=1e+06\,$s",1001056035925.0074,1.0,
2,line,2,"$t=1e+06\,$s",1176591713116.9387,1.0,
2,line,2,"$t=1e+06\,$s",1382907659206.3625,1.0,
2,line,2,"$t=1e+06\,$s",1625401209758.095,1.0,
2,line,2,"$t=1e+06\,$s",1910416125831.0461,1.0,
2,line,2,"$t=1e+06\,$s",2245408550162.4854,1.0,
2,line,2,"$t=1e+06\,$s",2639142063852.4736,1.0,
2,line,2,"$t=1e+06\,$s",3101916946335.435,1.0,
2,line,2,"$t=1e+06\,$s",3645839636202.627,1.0,
2,line,2,"$t=1e+06\,$s",4285139442114.7456,1.0,
2,line,2,"$t=1e+06\,$s",5036540789131.663,1.0,
2,line,2,"$t=1e+06\,$s",5919700738622.483,1.0,
2,line,2,"$t=1e+06\,$s",6957723227510.926,1.0,
2,line,2,"$t=1e+06\,$s",8177763479629.893,1.0,
2,line,2,"$t=1e+06\,$s",9611738400909.738,1.0,
2,line,2,"$t=1e+06\,$s",11297161542718.53,1.0,
2,line,3,"$t=1e+08\,$s",2.0810112225799443e-06,1.0,
2,line,3,"$t=1e+08\,$s",2.4459175825541275e-06,1.0,
2,line,3,"$t=1e+08\,$s",2.8748104554816266e-06,1.0,
2,line,3,"$t=1e+08\,$s",3.378909908450926e-06,1.0,
2,line,3,"$t=1e+08\,$s",3.971403452933094e-06,1.0,
2,line,3,"$t=1e+08\,$s",4.6677910371394276e-06,1.0,
2,line,3,"$t=1e+08\,$s",5.486290532961935e-06,1.0,
2,line,3,"$t=1e+08\,$s",6.4483143252517195e-06,1.0,
2,line,3,"$t=1e+08\,$s",7.5790294712660705e-06,1.0,
2,line,3,"$t=1e+08\,$s",8.90801608435509e-06,1.0,
2,line,3,"$t=1e+08\,$s",1.0470041165557464e-05,1.0,
2,line,3,"$t=1e+08\,$s",1.2305968126954065e-05,1.0,
2,line,3,"$t=1e+08\,$s",1.446382580039706e-05,1.0,
2,line,3,"$t=1e+08\,$s",1.7000064897454984e-05,1.0,
2,line,3,"$t=1e+08\,$s",1.998103479023846e-05,1.0,
2,line,3,"$t=1e+08\,$s",2.348471924648282e-05,1.0,
2,line,3,"$t=1e+08\,$s",2.7602776526647472e-05,1.0,
2,line,3,"$t=1e+08\,$s",3.244293721306242e-05,1.0,
2,line,3,"$t=1e+08\,$s",3.8131822499616793e-05,1.0,
2,line,3,"$t=1e+08\,$s",4.481825666995547e-05,1.0,
2,line,3,"$t=1e+08\,$s",5.267716042038626e-05,1.0,
2,line,3,"$t=1e+08\,$s",6.191412687890872e-05,1.0,
2,line,3,"$t=1e+08\,$s",7.277080003146996e-05,1.0,
2,line,3,"$t=1e+08\,$s",8.553119625796015e-05,1.0,
2,line,3,"$t=1e+08\,$s",0.00010052913435270806,1.0,
2,line,3,"$t=1e+08\,$s",0.00011815696840279235,1.0,
2,line,3,"$t=1e+08\,$s",0.00013887585198093757,1.0,
2,line,3,"$t=1e+08\,$s",0.00016322780216977445,1.0,
2,line,3,"$t=1e+08\,$s",0.00019184987901879548,1.0,
2,line,3,"$t=1e+08\,$s",0.00022549085137618828,1.0,
2,line,3,"$t=1e+08\,$s",0.00026503078508262616,1.0,
2,line,3,"$t=1e+08\,$s",0.00031150406596464975,1.0,
2,line,3,"$t=1e+08\,$s",0.0003661264599214663,1.0,
2,line,3,"$t=1e+08\,$s",0.0004303269180115221,1.0,
2,line,3,"$t=1e+08\,$s",0.0005057849585769236,1.0,
2,line,3,"$t=1e+08\,$s",0.0005944746043421126,1.0,
2,line,3,"$t=1e+08\,$s",0.0006987160239047786,1.0,
2,line,3,"$t=1e+08\,$s",0.0008212362285880728,1.0,
2,line,3,"$t=1e+08\,$s",0.0009652404125162483,1.0,
2,line,3,"$t=1e+08\,$s",0.001134495802208291,1.0,
2,line,3,"$t=1e+08\,$s",0.001333430209239787,1.0,
2,line,3,"$t=1e+08\,$s",0.0015672478641633712,1.0,
2,line,3,"$t=1e+08\,$s",0.0018420655619651898,1.0,
2,line,3,"$t=1e+08\,$s",0.002165072680695273,1.0,
2,line,3,"$t=1e+08\,$s",0.0025447192594449017,1.0,
2,line,3,"$t=1e+08\,$s",0.002990937055891487,1.0,
2,line,3,"$t=1e+08\,$s",0.0035153993663946366,1.0,
2,line,3,"$t=1e+08\,$s",0.004131826405676178,1.0,
2,line,3,"$t=1e+08\,$s",0.004856344234979996,1.0,
2,line,3,"$t=1e+08\,$s",0.005707906628464436,1.0,
2,line,3,"$t=1e+08\,$s",0.006708790914077871,1.0,
2,line,3,"$t=1e+08\,$s",0.007885180760380096,1.0,
2,line,3,"$t=1e+08\,$s",0.009267851155324736,1.0,
2,line,3,"$t=1e+08\,$s",0.010892973496413964,1.0,
2,line,3,"$t=1e+08\,$s",0.012803061853815393,1.0,
2,line,3,"$t=1e+08\,$s",0.015048085161189995,1.0,
2,line,3,"$t=1e+08\,$s",0.017686774429738813,1.0,
2,line,3,"$t=1e+08\,$s",0.020788159182887442,1.0,
2,line,3,"$t=1e+08\,$s",0.02443337330556136,1.0,
2,line,3,"$t=1e+08\,$s",0.028717777550036912,1.0,
2,line,3,"$t=1e+08\,$s",0.033753454224255186,1.0,
2,line,3,"$t=1e+08\,$s",0.039672139324981495,1.0,
2,line,3,"$t=1e+08\,$s",0.04662866882198256,1.0,
2,line,3,"$t=1e+08\,$s",0.054805029249859916,1.0,
2,line,3,"$t=1e+08\,$s",0.06441511857318971,1.0,
2,line,3,"$t=1e+08\,$s",0.07571034187174885,1.0,
2,line,3,"$t=1e+08\,$s",0.08898618823194768,1.0,
2,line,3,"$t=1e+08\,$s",0.10458996089946872,1.0,
2,line,3,"$t=1e+08\,$s",0.12292986291804184,1.0,
2,line,3,"$t=1e+08\,$s",0.14448567593952816,1.0,
2,line,3,"$t=1e+08\,$s",0.16982131156870053,1.0,
2,line,3,"$t=1e+08\,$s",0.1995995635926132,1.0,
2,line,3,"$t=1e+08\,$s",0.23459944702078525,1.0,
2,line,3,"$t=1e+08\,$s",0.2757365775347569,1.0,
2,line,3,"$t=1e+08\,$s",0.3240871244843334,1.0,
2,line,3,"$t=1e+08\,$s",0.38091596405371647,1.0,
2,line,3,"$t=1e+08\,$s",0.4477097690994067,1.0,
2,line,3,"$t=1e+08\,$s",0.5262159013077689,1.0,
2,line,3,"$t=1e+08\,$s",0.6184881231118851,1.0,
2,line,3,"$t=1e+08\,$s",0.7269403252159283,1.0,
2,line,3,"$t=1e+08\,$s",0.8544096752678368,1.0,
2,line,3,"$t=1e+08\,$s",1.0042308396833655,1.0,
2,line,3,"$t=1e+08\,$s",1.1803232203041512,1.0,
2,line,3,"$t=1e+08\,$s",1.387293488047456,1.0,
2,line,3,"$t=1e+08\,$s",1.6305560958827374,1.0,
2,line,3,"$t=1e+08\,$s",1.9164749238190089,1.0,
2,line,3,"$t=1e+08\,$s",2.252529761411663,1.0,
2,line,3,"$t=1e+08\,$s",2.6475119830602387,1.0,
2,line,3,"$t=1e+08\,$s",3.111754535067633,1.0,
2,line,3,"$t=1e+08\,$s",3.6574022510453377,1.0,
2,line,3,"$t=1e+08\,$s",4.2987295672602635,1.0,
2,line,3,"$t=1e+08\,$s",5.0525139495268885,1.0,
2,line,3,"$t=1e+08\,$s",5.93847480069179,1.0,
2,line,3,"$t=1e+08\,$s",6.97978933076548,1.0,
2,line,3,"$t=1e+08\,$s",8.203698885140035,1.0,
2,line,3,"$t=1e+08\,$s",9.642221592763594,1.0,
2,line,3,"$t=1e+08\,$s",11.332989977528834,1.0,
2,line,3,"$t=1e+08\,$s",13.32023544523802,1.0,
2,line,3,"$t=1e+08\,$s",15.655945400850316,1.0,
2,line,3,"$t=1e+08\,$s",18.40122326681789,1.0,
2,line,3,"$t=1e+08\,$s",21.62788698131826,1.0,
2,line,3,"$t=1e+08\,$s",25.420347793952185,1.0,
2,line,3,"$t=1e+08\,$s",29.877818509208026,1.0,
2,line,3,"$t=1e+08\,$s",35.1169089465233,1.0,
2,line,3,"$t=1e+08\,$s",41.274676515567904,1.0,
2,line,3,"$t=1e+08\,$s",48.51221171143108,1.0,
2,line,3,"$t=1e+08\,$s",57.01885232818259,1.0,
2,line,3,"$t=1e+08\,$s",67.01713663689895,1.0,
2,line,3,"$t=1e+08\,$s",78.76862510592494,1.0,
2,line,3,"$t=1e+08\,$s",92.58074296271438,1.0,
2,line,3,"$t=1e+08\,$s",108.81482260229686,1.0,
2,line,3,"$t=1e+08\,$s",127.89555623611915,1.0,
2,line,3,"$t=1e+08\,$s",150.32210606756786,1.0,
2,line,3,"$t=1e+08\,$s",176.68116264236485,1.0,
2,line,3,"$t=1e+08\,$s",207.6622929872086,1.0,
2,line,3,"$t=1e+08\,$s",244.07598005224483,1.0,
2,line,3,"$t=1e+08\,$s",286.8748253787863,1.0,
2,line,3,"$t=1e+08\,$s",337.178469665443,1.0,
2,line,3,"$t=1e+08\,$s",396.302883168002,1.0,
2,line,3,"$t=1e+08\,$s",465.7947921855921,1.0,
2,line,3,"$t=1e+08\,$s",547.472142248439,1.0,
2,line,3,"$t=1e+08\,$s",643.4716565458548,1.0,
2,line,3,"$t=1e+08\,$s",756.3047337483902,1.0,
2,line,3,"$t=1e+08\,$s",888.9231475410945,1.0,
2,line,3,"$t=1e+08\,$s",1044.79626660284,1.0,
2,line,3,"$t=1e+08\,$s",1228.001815147637,1.0,
2,line,3,"$t=1e+08\,$s",1443.3325483724664,1.0,
2,line,3,"$t=1e+08\,$s",1696.4216334980495,1.0,
2,line,3,"$t=1e+08\,$s",1993.8900164382494,1.0,
2,line,3,"$t=1e+08\,$s",2343.5196292883334,1.0,
2,line,3,"$t=1e+08\,$s",2754.4569698335245,1.0,
2,line,3,"$t=1e+08\,$s",3237.4523788257507,1.0,
2,line,3,"$t=1e+08\,$s",3805.1412746513693,1.0,
2,line,3,"$t=1e+08\,$s",4472.374702637946,1.0,
2,line,3,"$t=1e+08\,$s",5256.607846348221,1.0,
2,line,3,"$t=1e+08\,$s",6178.356664523548,1.0,
2,line,3,"$t=1e+08\,$s",7261.734599544229,1.0,
2,line,3,"$t=1e+08\,$s",8535.083397987082,1.0,
2,line,3,"$t=1e+08\,$s",10031.714545883691,1.0,
2,line,3,"$t=1e+08\,$s",11790.780715022454,1.0,
2,line,3,"$t=1e+08\,$s",13858.300017796111,1.0,
2,line,3,"$t=1e+08\,$s",16288.359865649785,1.0,
2,line,3,"$t=1e+08\,$s",19144.53192470997,1.0,
2,line,3,"$t=1e+08\,$s",22501.535184593857,1.0,
2,line,3,"$t=1e+08\,$s",26447.19064716322,1.0,
2,line,3,"$t=1e+08\,$s",31084.718770935444,1.0,
2,line,3,"$t=1e+08\,$s",36535.43977351612,1.0,
2,line,3,"$t=1e+08\,$s",42941.94743342294,1.0,
2,line,3,"$t=1e+08\,$s",50471.839419639866,1.0,
2,line,3,"$t=1e+08\,$s",59322.10173633708,1.0,
2,line,3,"$t=1e+08\,$s",69724.26198215637,1.0,
2,line,3,"$t=1e+08\,$s",81950.4462361039,1.0,
2,line,3,"$t=1e+08\,$s",96320.49802140985,1.0,
2,line,3,"$t=1e+08\,$s",113210.34558326888,1.0,
2,line,3,"$t=1e+08\,$s",133061.8363729217,1.0,
2,line,3,"$t=1e+08\,$s",156394.2960134453,1.0,
2,line,3,"$t=1e+08\,$s",183818.1141359825,1.0,
2,line,3,"$t=1e+08\,$s",216050.71249915805,1.0,
2,line,3,"$t=1e+08\,$s",253935.31312623026,1.0,
2,line,3,"$t=1e+08\,$s",298462.9974444907,1.0,
2,line,3,"$t=1e+08\,$s",350798.6335058071,1.0,
2,line,3,"$t=1e+08\,$s",412311.3495582535,1.0,
2,line,3,"$t=1e+08\,$s",484610.35117383633,1.0,
2,line,3,"$t=1e+08\,$s",569587.0189274155,1.0,
2,line,3,"$t=1e+08\,$s",669464.3879248217,1.0,
2,line,3,"$t=1e+08\,$s",786855.3035908677,1.0,
2,line,3,"$t=1e+08\,$s",924830.7751040731,1.0,
2,line,3,"$t=1e+08\,$s",1087000.3146402042,1.0,
2,line,3,"$t=1e+08\,$s",1277606.364142627,1.0,
2,line,3,"$t=1e+08\,$s",1501635.2798738715,1.0,
2,line,3,"$t=1e+08\,$s",1764947.778164129,1.0,
2,line,3,"$t=1e+08\,$s",2074432.2548869124,1.0,
2,line,3,"$t=1e+08\,$s",2438184.9895816143,1.0,
2,line,3,"$t=1e+08\,$s",2865721.9484591815,1.0,
2,line,3,"$t=1e+08\,$s",3368227.727170901,1.0,
2,line,3,"$t=1e+08\,$s",3958848.145816352,1.0,
2,line,3,"$t=1e+08\,$s",4653034.150632524,1.0,
2,line,3,"$t=1e+08\,$s",5468946.019016334,1.0,
2,line,3,"$t=1e+08\,$s",6427928.442100255,1.0,
2,line,3,"$t=1e+08\,$s",7555068.913295548,1.0,
2,line,3,"$t=1e+08\,$s",8879854.030545786,1.0,
2,line,3,"$t=1e+08\,$s",10436940.881510252,1.0,
2,line,3,"$t=1e+08\,$s",12267063.691523654,1.0,
2,line,3,"$t=1e+08\,$s",14418099.452732118,1.0,
2,line,3,"$t=1e+08\,$s",16946320.411828764,1.0,
2,line,3,"$t=1e+08\,$s",19917866.182144478,1.0,
2,line,3,"$t=1e+08\,$s",23410473.991326828,1.0,
2,line,3,"$t=1e+08\,$s",27515512.328820772,1.0,
2,line,3,"$t=1e+08\,$s",32340371.19444807,1.0,
2,line,3,"$t=1e+08\,$s",38011271.47827708,1.0,
2,line,3,"$t=1e+08\,$s",44676566.96665627,1.0,
2,line,3,"$t=1e+08\,$s",52510625.356660485,1.0,
2,line,3,"$t=1e+08\,$s",61718389.808363676,1.0,
2,line,3,"$t=1e+08\,$s",72540740.36758682,1.0,
2,line,3,"$t=1e+08\,$s",85260795.51680958,1.0,
2,line,3,"$t=1e+08\,$s",100211318.70618989,1.0,
2,line,3,"$t=1e+08\,$s",117783423.62350766,1.0,
2,line,3,"$t=1e+08\,$s",138436805.93754652,1.0,
2,line,3,"$t=1e+08\,$s",162711769.1828178,1.0,
2,line,3,"$t=1e+08\,$s",191243359.38916388,1.0,
2,line,3,"$t=1e+08\,$s",224777978.2257796,1.0,
2,line,3,"$t=1e+08\,$s",264192909.26831022,1.0,
2,line,3,"$t=1e+08\,$s",310519268.20671827,1.0,
2,line,3,"$t=1e+08\,$s",364968977.38352764,1.0,
2,line,3,"$t=1e+08\,$s",428966470.33093244,1.0,
2,line,3,"$t=1e+08\,$s",504185955.7142798,1.0,
2,line,3,"$t=1e+08\,$s",592595215.5267816,1.0,
2,line,3,"$t=1e+08\,$s",696507083.3195499,1.0,
2,line,3,"$t=1e+08\,$s",818639949.165067,1.0,
2,line,3,"$t=1e+08\,$s",962188874.1962961,1.0,
2,line,3,"$t=1e+08\,$s",1130909175.1158357,1.0,
2,line,3,"$t=1e+08\,$s",1329214665.2906115,1.0,
2,line,3,"$t=1e+08\,$s",1562293122.4717166,1.0,
2,line,3,"$t=1e+08\,$s",1836242003.836749,1.0,
2,line,3,"$t=1e+08\,$s",2158227958.732784,1.0,
2,line,3,"$t=1e+08\,$s",2536674312.058723,1.0,
2,line,3,"$t=1e+08\,$s",2981481422.9525,1.0,
2,line,3,"$t=1e+08\,$s",3504285683.48479,1.0,
2,line,3,"$t=1e+08\,$s",4118763932.9027276,1.0,
2,line,3,"$t=1e+08\,$s",4840991251.0645485,1.0,
2,line,3,"$t=1e+08\,$s",5689861491.131199,1.0,
2,line,3,"$t=1e+08\,$s",6687581552.876901,1.0,
2,line,3,"$t=1e+08\,$s",7860252327.071659,1.0,
2,line,3,"$t=1e+08\,$s",9238551508.752373,1.0,
2,line,3,"$t=1e+08\,$s",10858536142.142939,1.0,
2,line,3,"$t=1e+08\,$s",12762585892.227968,1.0,
2,line,3,"$t=1e+08\,$s",15000511719.469324,1.0,
2,line,3,"$t=1e+08\,$s",17630858961.189373,1.0,
2,line,3,"$t=1e+08\,$s",20722438908.927334,1.0,
2,line,3,"$t=1e+08\,$s",24356128948.652027,1.0,
2,line,3,"$t=1e+08\,$s",28626988356.46236,1.0,
2,line,3,"$t=1e+08\,$s",33646745100.12341,1.0,
2,line,3,"$t=1e+08\,$s",39546718702.49716,1.0,
2,line,3,"$t=1e+08\,$s",46481255630.53951,1.0,
2,line,3,"$t=1e+08\,$s",54631767081.47816,1.0,
2,line,3,"$t=1e+08\,$s",64211474796.81882,1.0,
2,line,3,"$t=1e+08\,$s",75470989057.21391,1.0,
2,line,3,"$t=1e+08\,$s",88704864781.52556,1.0,
2,line,3,"$t=1e+08\,$s",104259307241.13853,1.0,
2,line,3,"$t=1e+08\,$s",122541228975.14412,1.0,
2,line,3,"$t=1e+08\,$s",144028894840.12958,1.0,
2,line,3,"$t=1e+08\,$s",169284433674.78238,1.0,
2,line,3,"$t=1e+08\,$s",198968543891.1475,1.0,
2,line,3,"$t=1e+08\,$s",233857777698.67584,1.0,
2,line,3,"$t=1e+08\,$s",274864856125.61456,1.0,
2,line,3,"$t=1e+08\,$s",323062546289.5716,1.0,
2,line,3,"$t=1e+08\,$s",379711725559.43,1.0,
2,line,3,"$t=1e+08\,$s",446294366782.1083,1.0,
2,line,3,"$t=1e+08\,$s",524552307485.35004,1.0,
2,line,3,"$t=1e+08\,$s",616532817279.6378,1.0,
2,line,3,"$t=1e+08\,$s",724642155526.8506,1.0,
2,line,3,"$t=1e+08\,$s",851708520372.9393,1.0,
2,line,3,"$t=1e+08\,$s",1001056035925.0074,1.0,
2,line,3,"$t=1e+08\,$s",1176591713116.9387,1.0,
2,line,3,"$t=1e+08\,$s",1382907659206.3625,1.0,
2,line,3,"$t=1e+08\,$s",1625401209758.095,1.0,
2,line,4,_child4,0.0,1.0,
2,line,4,_child4,1.0,1.0,
3,line,0,"$t=1e+02\,$s",0.3240871244843334,1.0692839473513225,
3,line,0,"$t=1e+02\,$s",0.38091596405371647,1.0932249230820315,
3,line,0,"$t=1e+02\,$s",0.4477097690994067,1.118021644178613,
3,line,0,"$t=1e+02\,$s",0.5262159013077689,1.1435146865333026,
3,line,0,"$t=1e+02\,$s",0.6184881231118851,1.1695501070782317,
3,line,0,"$t=1e+02\,$s",0.7269403252159283,1.1961426800382584,
3,line,0,"$t=1e+02\,$s",0.8544096752678368,1.2233110599733223,
3,line,0,"$t=1e+02\,$s",1.0042308396833655,1.2508379050448042,
3,line,0,"$t=1e+02\,$s",1.1803232203041512,1.2785243126405328,
3,line,0,"$t=1e+02\,$s",1.387293488047456,1.306744805211667,
3,line,0,"$t=1e+02\,$s",1.6305560958827374,1.3347284643147757,
3,line,0,"$t=1e+02\,$s",1.9164749238190089,1.362738820460933,
3,line,0,"$t=1e+02\,$s",2.252529761411663,1.3911610968449872,
3,line,0,"$t=1e+02\,$s",2.6475119830602387,1.4183719380586308,
3,line,0,"$t=1e+02\,$s",3.111754535067633,1.4457588642037158,
3,line,0,"$t=1e+02\,$s",3.6574022510453377,1.4730612123474702,
3,line,0,"$t=1e+02\,$s",4.2987295672602635,1.4984697412064303,
3,line,0,"$t=1e+02\,$s",5.0525139495268885,1.5242255503733964,
3,line,0,"$t=1e+02\,$s",5.93847480069179,1.5486941953825812,
3,line,0,"$t=1e+02\,$s",6.97978933076548,1.5716344516063303,
3,line,0,"$t=1e+02\,$s",8.203698885140035,1.594694659250757,
3,line,0,"$t=1e+02\,$s",9.642221592763594,1.6151818932903705,
3,line,0,"$t=1e+02\,$s",11.332989977528834,1.634801220123182,
3,line,0,"$t=1e+02\,$s",13.32023544523802,1.6542766017417414,
3,line,0,"$t=1e+02\,$s",15.655945400850316,1.6700503391342507,
3,line,0,"$t=1e+02\,$s",18.40122326681789,1.6857951523473143,
3,line,0,"$t=1e+02\,$s",21.62788698131826,1.700235396985371,
3,line,0,"$t=1e+02\,$s",25.420347793952185,1.7118748322797994,
3,line,0,"$t=1e+02\,$s",29.877818509208026,1.7234884896549356,
3,line,0,"$t=1e+02\,$s",35.1169089465233,1.7327535224012105,
3,line,0,"$t=1e+02\,$s",41.274676515567904,1.7404446658489192,
3,line,0,"$t=1e+02\,$s",48.51221171143108,1.7480263197912973,
3,line,0,"$t=1e+02\,$s",57.01885232818259,1.7526199421174684,
3,line,0,"$t=1e+02\,$s",67.01713663689895,1.7567400701540712,
3,line,0,"$t=1e+02\,$s",78.76862510592494,1.7603215630834552,
3,line,0,"$t=1e+02\,$s",92.58074296271438,1.761467522606764,
3,line,0,"$t=1e+02\,$s",108.81482260229686,1.7626119497791208,
3,line,0,"$t=1e+02\,$s",127.89555623611915,1.762689527727147,
3,line,0,"$t=1e+02\,$s",150.32210606756786,1.7615260625299023,
3,line,0,"$t=1e+02\,$s",176.68116264236485,1.760364889629386,
3,line,0,"$t=1e+02\,$s",207.6622929872086,1.7580050559793479,
3,line,0,"$t=1e+02\,$s",244.07598005224483,1.7552136878389484,
3,line,0,"$t=1e+02\,$s",286.8748253787863,1.7524234103407503,
3,line,0,"$t=1e+02\,$s",337.178469665443,1.7485877574769175,
3,line,0,"$t=1e+02\,$s",396.302883168002,1.7447755532068216,
3,line,0,"$t=1e+02\,$s",465.7947921855921,1.7408206733169143,
3,line,0,"$t=1e+02\,$s",547.472142248439,1.736408689081779,
3,line,0,"$t=1e+02\,$s",643.4716565458548,1.7320696880456128,
3,line,0,"$t=1e+02\,$s",756.3047337483902,1.7275865730612627,
3,line,0,"$t=1e+02\,$s",888.9231475410945,1.7229688868277204,
3,line,0,"$t=1e+02\,$s",1044.79626660284,1.7184611358916475,
3,line,0,"$t=1e+02\,$s",1228.001815147637,1.7138398245501896,
3,line,0,"$t=1e+02\,$s",1443.3325483724664,1.7092403173543858,
3,line,0,"$t=1e+02\,$s",1696.4216334980495,1.704760561477686,
3,line,0,"$t=1e+02\,$s",1993.8900164382494,1.7001867886762254,
3,line,0,"$t=1e+02\,$s",2343.5196292883334,1.6957035363299056,
3,line,0,"$t=1e+02\,$s",2754.4569698335245,1.6913037963609274,
3,line,0,"$t=1e+02\,$s",3237.4523788257507,1.68680738907964,
3,line,0,"$t=1e+02\,$s",3805.1412746513693,1.6824782255949904,
3,line,0,"$t=1e+02\,$s",4472.374702637946,1.6780420224469976,
3,line,0,"$t=1e+02\,$s",5256.607846348221,1.6735706183862729,
3,line,0,"$t=1e+02\,$s",6178.356664523548,1.6693273141661058,
3,line,0,"$t=1e+02\,$s",7261.734599544229,1.6646379273277638,
3,line,0,"$t=1e+02\,$s",8535.083397987082,1.6600894578407273,
3,line,0,"$t=1e+02\,$s",10031.714545883691,1.6556067583091336,
3,line,0,"$t=1e+02\,$s",11790.780715022454,1.650668112308983,
3,line,0,"$t=1e+02\,$s",13858.300017796111,1.6460012900082748,
3,line,0,"$t=1e+02\,$s",16288.359865649785,1.6411068577728374,
3,line,0,"$t=1e+02\,$s",19144.53192470997,1.6359352190683878,
3,line,0,"$t=1e+02\,$s",22501.535184593857,1.6311856565363836,
3,line,0,"$t=1e+02\,$s",26447.19064716322,1.6258999442928013,
3,line,0,"$t=1e+02\,$s",31084.718770935444,1.620725699196866,
3,line,0,"$t=1e+02\,$s",36535.43977351612,1.6159479401632575,
3,line,0,"$t=1e+02\,$s",42941.94743342294,1.6108216055445665,
3,line,0,"$t=1e+02\,$s",50471.839419639866,1.6060905557371858,
3,line,0,"$t=1e+02\,$s",59322.10173633708,1.6017838032684768,
3,line,0,"$t=1e+02\,$s",69724.26198215637,1.5974859931283691,
3,line,0,"$t=1e+02\,$s",81950.4462361039,1.5938323378099506,
3,line,0,"$t=1e+02\,$s",96320.49802140985,1.5905711489334555,
3,line,0,"$t=1e+02\,$s",113210.34558326888,1.5876161597552534,
3,line,0,"$t=1e+02\,$s",133061.8363729217,1.5852130194972887,
3,line,0,"$t=1e+02\,$s",156394.2960134453,1.583233419660428,
3,line,0,"$t=1e+02\,$s",183818.1141359825,1.5815861593962737,
3,line,0,"$t=1e+02\,$s",216050.71249915805,1.580284241129544,
3,line,0,"$t=1e+02\,$s",253935.31312623026,1.5792749790670848,
3,line,0,"$t=1e+02\,$s",298462.9974444907,1.5785033288563075,
3,line,0,"$t=1e+02\,$s",350798.6335058071,1.5778863234367173,
3,line,0,"$t=1e+02\,$s",412311.3495582535,1.577387853078771,
3,line,0,"$t=1e+02\,$s",484610.35117383633,1.576975976635778,
3,line,0,"$t=1e+02\,$s",569587.0189274155,1.5766410349256188,
3,line,0,"$t=1e+02\,$s",669464.3879248217,1.5763316887093564,
3,line,0,"$t=1e+02\,$s",786855.3035908677,1.5760498468404278,
3,line,0,"$t=1e+02\,$s",924830.7751040731,1.5758087495298478,
3,line,0,"$t=1e+02\,$s",1087000.3146402042,1.575574496629055,
3,line,0,"$t=1e+02\,$s",1277606.364142627,1.575364905124817,
3,line,0,"$t=1e+02\,$s",1501635.2798738715,1.5751730891364357,
3,line,0,"$t=1e+02\,$s",1764947.778164129,1.5749912129868064,
3,line,0,"$t=1e+02\,$s",2074432.2548869124,1.5748363548282815,
3,line,0,"$t=1e+02\,$s",2438184.9895816143,1.5746920467701744,
3,line,0,"$t=1e+02\,$s",2865721.9484591815,1.5745592479063881,
3,line,0,"$t=1e+02\,$s",3368227.727170901,1.5744483990676583,
3,line,0,"$t=1e+02\,$s",3958848.145816352,1.574346940525247,
3,line,0,"$t=1e+02\,$s",4653034.150632524,1.5742620807174095,
3,line,0,"$t=1e+02\,$s",5468946.019016334,1.5741918928286867,
3,line,0,"$t=1e+02\,$s",6427928.442100255,1.5741362152114498,
3,line,0,"$t=1e+02\,$s",7555068.913295548,1.5740985573922261,
3,line,0,"$t=1e+02\,$s",8879854.030545786,1.574075727553515,
3,line,0,"$t=1e+02\,$s",10436940.881510252,1.5740738836135073,
3,line,0,"$t=1e+02\,$s",12267063.691523654,1.5740855234973425,
3,line,0,"$t=1e+02\,$s",14418099.452732118,1.5741179432862693,
3,line,0,"$t=1e+02\,$s",16946320.411828764,1.5741766213234707,
3,line,0,"$t=1e+02\,$s",19917866.182144478,1.5742542719781853,
3,line,0,"$t=1e+02\,$s",23410473.991326828,1.5743651232129496,
3,line,0,"$t=1e+02\,$s",27515512.328820772,1.5745027903286652,
3,line,0,"$t=1e+02\,$s",32340371.19444807,1.5746653155301678,
3,line,0,"$t=1e+02\,$s",38011271.47827708,1.5748823138187227,
3,line,0,"$t=1e+02\,$s",44676566.96665627,1.5751242587844305,
3,line,0,"$t=1e+02\,$s",52510625.356660485,1.5754145521392904,
3,line,0,"$t=1e+02\,$s",61718389.808363676,1.5757747484170748,
3,line,0,"$t=1e+02\,$s",72540740.36758682,1.5761652545533922,
3,line,0,"$t=1e+02\,$s",85260795.51680958,1.57664322263597,
3,line,0,"$t=1e+02\,$s",100211318.70618989,1.5771978832349915,
3,line,0,"$t=1e+02\,$s",117783423.62350766,1.5778066244289088,
3,line,0,"$t=1e+02\,$s",138436805.93754652,1.578553421905479,
3,line,0,"$t=1e+02\,$s",162711769.1828178,1.5793833240307942,
3,line,0,"$t=1e+02\,$s",191243359.38916388,1.580330795347417,
3,line,0,"$t=1e+02\,$s",224777978.2257796,1.5814766777849834,
3,line,0,"$t=1e+02\,$s",264192909.26831022,1.5826927141454075,
3,line,0,"$t=1e+02\,$s",310519268.20671827,1.5841228445566622,
3,line,0,"$t=1e+02\,$s",364968977.38352764,1.585787413355606,
3,line,0,"$t=1e+02\,$s",428966470.33093244,1.5876106939572412,
3,line,0,"$t=1e+02\,$s",504185955.7142798,1.5897772431411066,
3,line,0,"$t=1e+02\,$s",592595215.5267816,1.59220645912229,
3,line,0,"$t=1e+02\,$s",696507083.3195499,1.5949027146154933,
3,line,0,"$t=1e+02\,$s",818639949.165067,1.5981273508905909,
3,line,0,"$t=1e+02\,$s",962188874.1962961,1.6016409220181602,
3,line,0,"$t=1e+02\,$s",1130909175.1158357,1.6056775573386712,
3,line,0,"$t=1e+02\,$s",1329214665.2906115,1.6104218273760689,
3,line,0,"$t=1e+02\,$s",1562293122.4717166,1.6155685474961856,
3,line,0,"$t=1e+02\,$s",1836242003.836749,1.6216047865961118,
3,line,0,"$t=1e+02\,$s",2158227958.732784,1.6285166577855787,
3,line,0,"$t=1e+02\,$s",2536674312.058723,1.636173017680456,
3,line,0,"$t=1e+02\,$s",2981481422.9525,1.6452614085691806,
3,line,0,"$t=1e+02\,$s",3504285683.48479,1.6554103174189336,
3,line,0,"$t=1e+02\,$s",4118763932.9027276,1.6669193680441976,
3,line,0,"$t=1e+02\,$s",4840991251.0645485,1.6805396750861117,
3,line,0,"$t=1e+02\,$s",5689861491.131199,1.6956460049580662,
3,line,0,"$t=1e+02\,$s",6687581552.876901,1.7131769602252693,
3,line,0,"$t=1e+02\,$s",7860252327.071659,1.7336583673543227,
3,line,0,"$t=1e+02\,$s",9238551508.752373,1.7569192542615655,
3,line,0,"$t=1e+02\,$s",10858536142.142939,1.7841227717533497,
3,line,0,"$t=1e+02\,$s",12762585892.227968,1.8159438322492716,
3,line,0,"$t=1e+02\,$s",15000511719.469324,1.8522455582482578,
3,line,0,"$t=1e+02\,$s",17630858961.189373,1.8946564535493613,
3,line,0,"$t=1e+02\,$s",20722438908.927334,1.9426171298806747,
3,line,0,"$t=1e+02\,$s",24356128948.652027,1.9966933119943937,
3,line,0,"$t=1e+02\,$s",28626988356.46236,2.058676222329574,
3,line,0,"$t=1e+02\,$s",33646745100.12341,2.127718126077838,
3,line,0,"$t=1e+02\,$s",39546718702.49716,2.203752697115462,
3,line,0,"$t=1e+02\,$s",46481255630.53951,2.2897970958494254,
3,line,0,"$t=1e+02\,$s",54631767081.47816,2.38386279139606,
3,line,0,"$t=1e+02\,$s",64211474796.81882,2.483126263224373,
3,line,0,"$t=1e+02\,$s",75470989057.21391,2.58081618236282,
3,line,0,"$t=1e+02\,$s",88704864781.52556,2.6745058257235557,
3,line,0,"$t=1e+02\,$s",104259307241.13853,2.765935348820714,
3,line,0,"$t=1e+02\,$s",122541228975.14412,2.8519403792626896,
3,line,0,"$t=1e+02\,$s",144028894840.12958,2.929087664692944,
3,line,0,"$t=1e+02\,$s",169284433674.78238,2.999222308688386,
3,line,0,"$t=1e+02\,$s",198968543891.1475,3.0624267504078637,
3,line,0,"$t=1e+02\,$s",233857777698.67584,3.1156773753581133,
3,line,0,"$t=1e+02\,$s",274864856125.61456,3.1531876433700785,
3,line,0,"$t=1e+02\,$s",323062546289.5716,3.1737099883628495,
3,line,0,"$t=1e+02\,$s",379711725559.43,3.1878586148845653,
3,line,0,"$t=1e+02\,$s",446294366782.1083,3.194269151168038,
3,line,0,"$t=1e+02\,$s",524552307485.35004,3.195060629523857,
3,line,0,"$t=1e+02\,$s",616532817279.6378,3.193973037299598,
3,line,0,"$t=1e+02\,$s",724642155526.8506,3.185031339712957,
3,line,0,"$t=1e+02\,$s",851708520372.9393,3.1765804941891327,
3,line,0,"$t=1e+02\,$s",1001056035925.0074,3.168759486570489,
3,line,0,"$t=1e+02\,$s",1176591713116.9387,3.1536710805743726,
3,line,0,"$t=1e+02\,$s",1382907659206.3625,3.1407456323238545,
3,line,0,"$t=1e+02\,$s",1625401209758.095,3.1292572015989797,
3,line,0,"$t=1e+02\,$s",1910416125831.0461,3.117885901089415,
3,line,0,"$t=1e+02\,$s",2245408550162.4854,3.107131347668735,
3,line,0,"$t=1e+02\,$s",2639142063852.4736,3.0928162281057,
3,line,0,"$t=1e+02\,$s",3101916946335.435,3.0777347188247677,
3,line,0,"$t=1e+02\,$s",3645839636202.627,3.0601534361708307,
3,line,0,"$t=1e+02\,$s",4285139442114.7456,3.0388349445375935,
3,line,0,"$t=1e+02\,$s",5036540789131.663,3.0177222346969503,
3,line,0,"$t=1e+02\,$s",5919700738622.483,2.9942181630423885,
3,line,0,"$t=1e+02\,$s",6957723227510.926,2.970440349922735,
3,line,0,"$t=1e+02\,$s",8177763479629.893,2.9504841719957806,
3,line,0,"$t=1e+02\,$s",9611738400909.738,2.921432174036787,
3,line,0,"$t=1e+02\,$s",11297161542718.53,2.888828182350015,
3,line,0,"$t=1e+02\,$s",13278124476442.15,2.8529855563896236,
3,line,0,"$t=1e+02\,$s",15606450252588.45,2.818239094167606,
3,line,0,"$t=1e+02\,$s",18343049119522.934,2.7844037912358046,
3,line,1,"$t=1e+04\,$s",0.015048085161189995,0.7115596617802862,
3,line,1,"$t=1e+04\,$s",0.017686774429738813,0.7419917941848475,
3,line,1,"$t=1e+04\,$s",0.020788159182887442,0.7759332158481094,
3,line,1,"$t=1e+04\,$s",0.02443337330556136,0.8120770112319898,
3,line,1,"$t=1e+04\,$s",0.028717777550036912,0.8504591435256847,
3,line,1,"$t=1e+04\,$s",0.033753454224255186,0.8932442516427629,
3,line,1,"$t=1e+04\,$s",0.039672139324981495,0.9383482097875657,
3,line,1,"$t=1e+04\,$s",0.04662866882198256,0.9870774334194979,
3,line,1,"$t=1e+04\,$s",0.054805029249859916,1.040188934751061,
3,line,1,"$t=1e+04\,$s",0.06441511857318971,1.0963806051715779,
3,line,1,"$t=1e+04\,$s",0.07571034187174885,1.157644612274142,
3,line,1,"$t=1e+04\,$s",0.08898618823194768,1.223353237816591,
3,line,1,"$t=1e+04\,$s",0.10458996089946872,1.2931018681615016,
3,line,1,"$t=1e+04\,$s",0.12292986291804184,1.3691636513896936,
3,line,1,"$t=1e+04\,$s",0.14448567593952816,1.4499543246575592,
3,line,1,"$t=1e+04\,$s",0.16982131156870053,1.5361377525274122,
3,line,1,"$t=1e+04\,$s",0.1995995635926132,1.6288603251611067,
3,line,1,"$t=1e+04\,$s",0.23459944702078525,1.727211814636503,
3,line,1,"$t=1e+04\,$s",0.2757365775347569,1.8319195118698115,
3,line,1,"$t=1e+04\,$s",0.3240871244843334,1.943249090996933,
3,line,1,"$t=1e+04\,$s",0.38091596405371647,2.0612369925925758,
3,line,1,"$t=1e+04\,$s",0.4477097690994067,2.1854175929706816,
3,line,1,"$t=1e+04\,$s",0.5262159013077689,2.316701718281045,
3,line,1,"$t=1e+04\,$s",0.6184881231118851,2.455129483752292,
3,line,1,"$t=1e+04\,$s",0.7269403252159283,2.598355076088572,
3,line,1,"$t=1e+04\,$s",0.8544096752678368,2.749536957251432,
3,line,1,"$t=1e+04\,$s",1.0042308396833655,2.9061251560554875,
3,line,1,"$t=1e+04\,$s",1.1803232203041512,3.06698456911773,
3,line,1,"$t=1e+04\,$s",1.387293488047456,3.2358848942980716,
3,line,1,"$t=1e+04\,$s",1.6305560958827374,3.40570271110701,
3,line,1,"$t=1e+04\,$s",1.9164749238190089,3.580197150560853,
3,line,1,"$t=1e+04\,$s",2.252529761411663,3.761721438464279,
3,line,1,"$t=1e+04\,$s",2.6475119830602387,3.9370145976378796,
3,line,1,"$t=1e+04\,$s",3.111754535067633,4.118527487375039,
3,line,1,"$t=1e+04\,$s",3.6574022510453377,4.301070611402572,
3,line,1,"$t=1e+04\,$s",4.2987295672602635,4.475233116841291,
3,line,1,"$t=1e+04\,$s",5.0525139495268885,4.654782364314603,
3,line,1,"$t=1e+04\,$s",5.93847480069179,4.825506581896176,
3,line,1,"$t=1e+04\,$s",6.97978933076548,4.9896962021933895,
3,line,1,"$t=1e+04\,$s",8.203698885140035,5.1568299930237,
3,line,1,"$t=1e+04\,$s",9.642221592763594,5.30368413081918,
3,line,1,"$t=1e+04\,$s",11.332989977528834,5.4481146843152395,
3,line,1,"$t=1e+04\,$s",13.32023544523802,5.589825245308671,
3,line,1,"$t=1e+04\,$s",15.655945400850316,5.705663680378126,
3,line,1,"$t=1e+04\,$s",18.40122326681789,5.822174314840952,
3,line,1,"$t=1e+04\,$s",21.62788698131826,5.925301390144855,
3,line,1,"$t=1e+04\,$s",25.420347793952185,6.0096498159299925,
3,line,1,"$t=1e+04\,$s",29.877818509208026,6.093593103146358,
3,line,1,"$t=1e+04\,$s",35.1169089465233,6.155460664804573,
3,line,1,"$t=1e+04\,$s",41.274676515567904,6.207636730686123,
3,line,1,"$t=1e+04\,$s",48.51221171143108,6.258626900425238,
3,line,1,"$t=1e+04\,$s",57.01885232818259,6.283819886721655,
3,line,1,"$t=1e+04\,$s",67.01713663689895,6.3082457451841805,
3,line,1,"$t=1e+04\,$s",78.76862510592494,6.3266145904333175,
3,line,1,"$t=1e+04\,$s",92.58074296271438,6.329618749047137,
3,line,1,"$t=1e+04\,$s",108.81482260229686,6.333930006058068,
3,line,1,"$t=1e+04\,$s",127.89555623611915,6.3295714063923985,
3,line,1,"$t=1e+04\,$s",150.32210606756786,6.3202584725897095,
3,line,1,"$t=1e+04\,$s",176.68116264236485,6.3119133645118914,
3,line,1,"$t=1e+04\,$s",207.6622929872086,6.295652268151915,
3,line,1,"$t=1e+04\,$s",244.07598005224483,6.279588348496236,
3,line,1,"$t=1e+04\,$s",286.8748253787863,6.263251564392004,
3,line,1,"$t=1e+04\,$s",337.178469665443,6.2425085746777,
3,line,1,"$t=1e+04\,$s",396.302883168002,6.222818930978503,
3,line,1,"$t=1e+04\,$s",465.7947921855921,6.202098938827229,
3,line,1,"$t=1e+04\,$s",547.472142248439,6.179978589778773,
3,line,1,"$t=1e+04\,$s",643.4716565458548,6.158484525385929,
3,line,1,"$t=1e+04\,$s",756.3047337483902,6.1360963737673035,
3,line,1,"$t=1e+04\,$s",888.9231475410945,6.1135989261640065,
3,line,1,"$t=1e+04\,$s",1044.79626660284,6.091562194590238,
3,line,1,"$t=1e+04\,$s",1228.001815147637,6.069305569357058,
3,line,1,"$t=1e+04\,$s",1443.3325483724664,6.047367207857991,
3,line,1,"$t=1e+04\,$s",1696.4216334980495,6.025978254826521,
3,line,1,"$t=1e+04\,$s",1993.8900164382494,6.005060956317467,
3,line,1,"$t=1e+04\,$s",2343.5196292883334,5.9844708817638494,
3,line,1,"$t=1e+04\,$s",2754.4569698335245,5.964850151206729,
3,line,1,"$t=1e+04\,$s",3237.4523788257507,5.945815491976862,
3,line,1,"$t=1e+04\,$s",3805.1412746513693,5.927157029121686,
3,line,1,"$t=1e+04\,$s",4472.374702637946,5.909870525905824,
3,line,1,"$t=1e+04\,$s",5256.607846348221,5.8929358249413255,
3,line,1,"$t=1e+04\,$s",6178.356664523548,5.876599052392177,
3,line,1,"$t=1e+04\,$s",7261.734599544229,5.861631210648554,
3,line,1,"$t=1e+04\,$s",8535.083397987082,5.846835796996847,
3,line,1,"$t=1e+04\,$s",10031.714545883691,5.832983139039485,
3,line,1,"$t=1e+04\,$s",11790.780715022454,5.819992189121751,
3,line,1,"$t=1e+04\,$s",13858.300017796111,5.807180993889957,
3,line,1,"$t=1e+04\,$s",16288.359865649785,5.795541275713581,
3,line,1,"$t=1e+04\,$s",19144.53192470997,5.784280928842378,
3,line,1,"$t=1e+04\,$s",22501.535184593857,5.773233099503106,
3,line,1,"$t=1e+04\,$s",26447.19064716322,5.763381764685219,
3,line,1,"$t=1e+04\,$s",31084.718770935444,5.753555372517683,
3,line,1,"$t=1e+04\,$s",36535.43977351612,5.744165586710826,
3,line,1,"$t=1e+04\,$s",42941.94743342294,5.735471572917175,
3,line,1,"$t=1e+04\,$s",50471.839419639866,5.726750496186091,
3,line,1,"$t=1e+04\,$s",59322.10173633708,5.71862666303109,
3,line,1,"$t=1e+04\,$s",69724.26198215637,5.710781941271821,
3,line,1,"$t=1e+04\,$s",81950.4462361039,5.702910729895829,
3,line,1,"$t=1e+04\,$s",96320.49802140985,5.6957091083739995,
3,line,1,"$t=1e+04\,$s",113210.34558326888,5.688511175614832,
3,line,1,"$t=1e+04\,$s",133061.8363729217,5.681430742593927,
3,line,1,"$t=1e+04\,$s",156394.2960134453,5.674899070028884,
3,line,1,"$t=1e+04\,$s",183818.1141359825,5.6683563098548815,
3,line,1,"$t=1e+04\,$s",216050.71249915805,5.662216475251754,
3,line,1,"$t=1e+04\,$s",253935.31312623026,5.656527481529359,
3,line,1,"$t=1e+04\,$s",298462.9974444907,5.6510747854121215,
3,line,1,"$t=1e+04\,$s",350798.6335058071,5.646425794299658,
3,line,1,"$t=1e+04\,$s",412311.3495582535,5.642436648360056,
3,line,1,"$t=1e+04\,$s",484610.35117383633,5.63926558449545,
3,line,1,"$t=1e+04\,$s",569587.0189274155,5.637528943430109,
3,line,1,"$t=1e+04\,$s",669464.3879248217,5.637108576754124,
3,line,1,"$t=1e+04\,$s",786855.3035908677,5.638596633109324,
3,line,1,"$t=1e+04\,$s",924830.7751040731,5.642624546733478,
3,line,1,"$t=1e+04\,$s",1087000.3146402042,5.649516920544861,
3,line,1,"$t=1e+04\,$s",1277606.364142627,5.659915356065005,
3,line,1,"$t=1e+04\,$s",1501635.2798738715,5.674460124839334,
3,line,1,"$t=1e+04\,$s",1764947.778164129,5.694180575280872,
3,line,1,"$t=1e+04\,$s",2074432.2548869124,5.720437828039269,
3,line,1,"$t=1e+04\,$s",2438184.9895816143,5.754347682593807,
3,line,1,"$t=1e+04\,$s",2865721.9484591815,5.7970302780486245,
3,line,1,"$t=1e+04\,$s",3368227.727170901,5.848426664861623,
3,line,1,"$t=1e+04\,$s",3958848.145816352,5.9117763058096635,
3,line,1,"$t=1e+04\,$s",4653034.150632524,5.98903968587741,
3,line,1,"$t=1e+04\,$s",5468946.019016334,6.082438142973614,
3,line,1,"$t=1e+04\,$s",6427928.442100255,6.194738090709283,
3,line,1,"$t=1e+04\,$s",7555068.913295548,6.322467889209176,
3,line,1,"$t=1e+04\,$s",8879854.030545786,6.471107622459097,
3,line,1,"$t=1e+04\,$s",10436940.881510252,6.6454811370103135,
3,line,1,"$t=1e+04\,$s",12267063.691523654,6.84655923012166,
3,line,1,"$t=1e+04\,$s",14418099.452732118,7.079940145248352,
3,line,1,"$t=1e+04\,$s",16946320.411828764,7.341912792545293,
3,line,1,"$t=1e+04\,$s",19917866.182144478,7.626981075297681,
3,line,1,"$t=1e+04\,$s",23410473.991326828,7.951150259235359,
3,line,1,"$t=1e+04\,$s",27515512.328820772,8.312984019581226,
3,line,1,"$t=1e+04\,$s",32340371.19444807,8.71719349776994,
3,line,1,"$t=1e+04\,$s",38011271.47827708,9.169225599049973,
3,line,1,"$t=1e+04\,$s",44676566.96665627,9.633848218739937,
3,line,1,"$t=1e+04\,$s",52510625.356660485,10.143455415125587,
3,line,1,"$t=1e+04\,$s",61718389.808363676,10.70059790220198,
3,line,1,"$t=1e+04\,$s",72540740.36758682,11.293380448630312,
3,line,1,"$t=1e+04\,$s",85260795.51680958,11.940146590550661,
3,line,1,"$t=1e+04\,$s",100211318.70618989,12.610463579015466,
3,line,1,"$t=1e+04\,$s",117783423.62350766,13.300647251095914,
3,line,1,"$t=1e+04\,$s",138436805.93754652,14.04310942945461,
3,line,1,"$t=1e+04\,$s",162711769.1828178,14.800272929318105,
3,line,1,"$t=1e+04\,$s",191243359.38916388,15.595953235837076,
3,line,1,"$t=1e+04\,$s",224777978.2257796,16.436996376032614,
3,line,1,"$t=1e+04\,$s",264192909.26831022,17.26453699943182,
3,line,1,"$t=1e+04\,$s",310519268.20671827,18.137156005280456,
3,line,1,"$t=1e+04\,$s",364968977.38352764,19.020271485080368,
3,line,1,"$t=1e+04\,$s",428966470.33093244,19.882666057999476,
3,line,1,"$t=1e+04\,$s",504185955.7142798,20.783742754714584,
3,line,1,"$t=1e+04\,$s",592595215.5267816,21.710852349384194,
3,line,1,"$t=1e+04\,$s",696507083.3195499,22.6641028131693,
3,line,1,"$t=1e+04\,$s",818639949.165067,23.646358306814033,
3,line,1,"$t=1e+04\,$s",962188874.1962961,24.51506038652031,
3,line,1,"$t=1e+04\,$s",1130909175.1158357,25.392752863307656,
3,line,1,"$t=1e+04\,$s",1329214665.2906115,26.32229906254737,
3,line,1,"$t=1e+04\,$s",1562293122.4717166,27.341397922112275,
3,line,1,"$t=1e+04\,$s",1836242003.836749,28.378962350039192,
3,line,1,"$t=1e+04\,$s",2158227958.732784,29.31060937858911,
3,line,1,"$t=1e+04\,$s",2536674312.058723,30.131869080333015,
3,line,1,"$t=1e+04\,$s",2981481422.9525,30.9694138836861,
3,line,1,"$t=1e+04\,$s",3504285683.48479,31.96124990994348,
3,line,1,"$t=1e+04\,$s",4118763932.9027276,32.98848812629519,
3,line,1,"$t=1e+04\,$s",4840991251.0645485,34.005704495663636,
3,line,1,"$t=1e+04\,$s",5689861491.131199,34.85080039022969,
3,line,1,"$t=1e+04\,$s",6687581552.876901,35.67280184497006,
3,line,1,"$t=1e+04\,$s",7860252327.071659,36.46589382035563,
3,line,1,"$t=1e+04\,$s",9238551508.752373,37.22532921609744,
3,line,1,"$t=1e+04\,$s",10858536142.142939,37.99008035573033,
3,line,1,"$t=1e+04\,$s",12762585892.227968,38.59727633605393,
3,line,1,"$t=1e+04\,$s",15000511719.469324,39.090769227733134,
3,line,1,"$t=1e+04\,$s",17630858961.189373,39.55271607245661,
3,line,1,"$t=1e+04\,$s",20722438908.927334,39.829785466672696,
3,line,1,"$t=1e+04\,$s",24356128948.652027,40.05882840754604,
3,line,1,"$t=1e+04\,$s",28626988356.46236,40.27449490955391,
3,line,1,"$t=1e+04\,$s",33646745100.12341,40.532373155622,
3,line,1,"$t=1e+04\,$s",39546718702.49716,40.81091517784031,
3,line,1,"$t=1e+04\,$s",46481255630.53951,40.78761659174905,
3,line,1,"$t=1e+04\,$s",54631767081.47816,40.45359342555786,
3,line,1,"$t=1e+04\,$s",64211474796.81882,40.07857120311053,
3,line,1,"$t=1e+04\,$s",75470989057.21391,39.68395609858707,
3,line,1,"$t=1e+04\,$s",88704864781.52556,39.26959704027762,
3,line,1,"$t=1e+04\,$s",104259307241.13853,38.83087158480843,
3,line,1,"$t=1e+04\,$s",122541228975.14412,38.42670851880332,
3,line,1,"$t=1e+04\,$s",144028894840.12958,38.049841270003355,
3,line,1,"$t=1e+04\,$s",169284433674.78238,37.5015597417641,
3,line,1,"$t=1e+04\,$s",198968543891.1475,36.62927183489267,
3,line,1,"$t=1e+04\,$s",233857777698.67584,35.73754701621126,
3,line,1,"$t=1e+04\,$s",274864856125.61456,34.76623226880868,
3,line,1,"$t=1e+04\,$s",323062546289.5716,33.78756800146554,
3,line,1,"$t=1e+04\,$s",379711725559.43,32.797723349934024,
3,line,1,"$t=1e+04\,$s",446294366782.1083,31.535844640126133,
3,line,1,"$t=1e+04\,$s",524552307485.35004,30.310303084099388,
3,line,1,"$t=1e+04\,$s",616532817279.6378,29.008231146814932,
3,line,1,"$t=1e+04\,$s",724642155526.8506,27.41865958667207,
3,line,1,"$t=1e+04\,$s",851708520372.9393,25.88525664437956,
3,line,1,"$t=1e+04\,$s",1001056035925.0074,24.08833191922783,
3,line,1,"$t=1e+04\,$s",1176591713116.9387,22.19562031261328,
3,line,1,"$t=1e+04\,$s",1382907659206.3625,20.434986106929294,
3,line,1,"$t=1e+04\,$s",1625401209758.095,18.357123752043243,
3,line,1,"$t=1e+04\,$s",1910416125831.0461,16.41056348653071,
3,line,1,"$t=1e+04\,$s",2245408550162.4854,14.656570347598802,
3,line,1,"$t=1e+04\,$s",2639142063852.4736,12.961756633808587,
3,line,1,"$t=1e+04\,$s",3101916946335.435,11.467084741618354,
3,line,1,"$t=1e+04\,$s",3645839636202.627,10.114344446997196,
3,line,1,"$t=1e+04\,$s",4285139442114.7456,8.876905710885783,
3,line,1,"$t=1e+04\,$s",5036540789131.663,7.806125506140032,
3,line,1,"$t=1e+04\,$s",5919700738622.483,6.981311106635166,
3,line,1,"$t=1e+04\,$s",6957723227510.926,6.2863407331561625,
3,line,1,"$t=1e+04\,$s",8177763479629.893,5.686645370946096,
3,line,1,"$t=1e+04\,$s",9611738400909.738,5.347775416278053,
3,line,2,"$t=1e+06\,$s",0.00011815696840279235,0.7896358432619427,
3,line,2,"$t=1e+06\,$s",0.00013887585198093757,0.785454511630418,
3,line,2,"$t=1e+06\,$s",0.00016322780216977445,0.7866767934115323,
3,line,2,"$t=1e+06\,$s",0.00019184987901879548,0.7982456201607467,
3,line,2,"$t=1e+06\,$s",0.00022549085137618828,0.8099845168772222,
3,line,2,"$t=1e+06\,$s",0.00026503078508262616,0.8275086214018896,
3,line,2,"$t=1e+06\,$s",0.00031150406596464975,0.8487548700842423,
3,line,2,"$t=1e+06\,$s",0.0003661264599214663,0.8705465934411137,
3,line,2,"$t=1e+06\,$s",0.0004303269180115221,0.8984905637226696,
3,line,2,"$t=1e+06\,$s",0.0005057849585769236,0.927827699411608,
3,line,2,"$t=1e+06\,$s",0.0005944746043421126,0.9591644882084254,
3,line,2,"$t=1e+06\,$s",0.0006987160239047786,0.9956413559106565,
3,line,2,"$t=1e+06\,$s",0.0008212362285880728,1.033505472802276,
3,line,2,"$t=1e+06\,$s",0.0009652404125162483,1.0752854712267823,
3,line,2,"$t=1e+06\,$s",0.001134495802208291,1.121364843126395,
3,line,2,"$t=1e+06\,$s",0.001333430209239787,1.1694189083804822,
3,line,2,"$t=1e+06\,$s",0.0015672478641633712,1.2238538795340754,
3,line,2,"$t=1e+06\,$s",0.0018420655619651898,1.282061825451285,
3,line,2,"$t=1e+06\,$s",0.002165072680695273,1.3434868107073703,
3,line,2,"$t=1e+06\,$s",0.0025447192594449017,1.4138049828883492,
3,line,2,"$t=1e+06\,$s",0.002990937055891487,1.4878033031522986,
3,line,2,"$t=1e+06\,$s",0.0035153993663946366,1.5682953219921243,
3,line,2,"$t=1e+06\,$s",0.004131826405676178,1.6580354583207373,
3,line,2,"$t=1e+06\,$s",0.004856344234979996,1.7529096886354403,
3,line,2,"$t=1e+06\,$s",0.005707906628464436,1.8586408657493847,
3,line,2,"$t=1e+06\,$s",0.006708790914077871,1.9738677057912304,
3,line,2,"$t=1e+06\,$s",0.007885180760380096,2.0962363090470344,
3,line,2,"$t=1e+06\,$s",0.009267851155324736,2.234113364930012,
3,line,2,"$t=1e+06\,$s",0.010892973496413964,2.381636951935556,
3,line,2,"$t=1e+06\,$s",0.012803061853815393,2.54012126235965,
3,line,2,"$t=1e+06\,$s",0.015048085161189995,2.7137641614489207,
3,line,2,"$t=1e+06\,$s",0.017686774429738813,2.8992789024619783,
3,line,2,"$t=1e+06\,$s",0.020788159182887442,3.097356025069203,
3,line,2,"$t=1e+06\,$s",0.02443337330556136,3.308929076253355,
3,line,2,"$t=1e+06\,$s",0.028717777550036912,3.5349581248802098,
3,line,2,"$t=1e+06\,$s",0.033753454224255186,3.7700787040454378,
3,line,2,"$t=1e+06\,$s",0.039672139324981495,4.019204820835031,
3,line,2,"$t=1e+06\,$s",0.04662866882198256,4.283778813374921,
3,line,2,"$t=1e+06\,$s",0.054805029249859916,4.554799611447519,
3,line,2,"$t=1e+06\,$s",0.06441511857318971,4.842968421687057,
3,line,2,"$t=1e+06\,$s",0.07571034187174885,5.145257472671013,
3,line,2,"$t=1e+06\,$s",0.08898618823194768,5.459186480134625,
3,line,2,"$t=1e+06\,$s",0.10458996089946872,5.792269583006417,
3,line,2,"$t=1e+06\,$s",0.12292986291804184,6.140102717829428,
3,line,2,"$t=1e+06\,$s",0.14448567593952816,6.505832404235394,
3,line,2,"$t=1e+06\,$s",0.16982131156870053,6.893342269794069,
3,line,2,"$t=1e+06\,$s",0.1995995635926132,7.29742312751255,
3,line,2,"$t=1e+06\,$s",0.23459944702078525,7.724839440979129,
3,line,2,"$t=1e+06\,$s",0.2757365775347569,8.175597724189263,
3,line,2,"$t=1e+06\,$s",0.3240871244843334,8.64704431505101,
3,line,2,"$t=1e+06\,$s",0.38091596405371647,9.14567441237671,
3,line,2,"$t=1e+06\,$s",0.4477097690994067,9.667399086816575,
3,line,2,"$t=1e+06\,$s",0.5262159013077689,10.213602100962898,
3,line,2,"$t=1e+06\,$s",0.6184881231118851,10.79065878663963,
3,line,2,"$t=1e+06\,$s",0.7269403252159283,11.386265807448318,
3,line,2,"$t=1e+06\,$s",0.8544096752678368,12.011477931407343,
3,line,2,"$t=1e+06\,$s",1.0042308396833655,12.668302657625297,
3,line,2,"$t=1e+06\,$s",1.1803232203041512,13.33749668704729,
3,line,2,"$t=1e+06\,$s",1.387293488047456,14.042010703337747,
3,line,2,"$t=1e+06\,$s",1.6305560958827374,14.7690717123753,
3,line,2,"$t=1e+06\,$s",1.9164749238190089,15.510313035344147,
3,line,2,"$t=1e+06\,$s",2.252529761411663,16.288684626357163,
3,line,2,"$t=1e+06\,$s",2.6475119830602387,17.071319908908812,
3,line,2,"$t=1e+06\,$s",3.111754535067633,17.8746957320141,
3,line,2,"$t=1e+06\,$s",3.6574022510453377,18.715489407430464,
3,line,2,"$t=1e+06\,$s",4.2987295672602635,19.530339670157808,
3,line,2,"$t=1e+06\,$s",5.0525139495268885,20.378225429516945,
3,line,2,"$t=1e+06\,$s",5.93847480069179,21.241165547746032,
3,line,2,"$t=1e+06\,$s",6.97978933076548,22.07718993682586,
3,line,2,"$t=1e+06\,$s",8.203698885140035,22.945557014674716,
3,line,2,"$t=1e+06\,$s",9.642221592763594,23.79218591233222,
3,line,2,"$t=1e+06\,$s",11.332989977528834,24.62231747918312,
3,line,2,"$t=1e+06\,$s",13.32023544523802,25.480279796818532,
3,line,2,"$t=1e+06\,$s",15.655945400850316,26.267988835783086,
3,line,2,"$t=1e+06\,$s",18.40122326681789,27.05872929530645,
3,line,2,"$t=1e+06\,$s",21.62788698131826,27.855036288324087,
3,line,2,"$t=1e+06\,$s",25.420347793952185,28.556735909247656,
3,line,2,"$t=1e+06\,$s",29.877818509208026,29.273214213108208,
3,line,2,"$t=1e+06\,$s",35.1169089465233,29.94641208034164,
3,line,2,"$t=1e+06\,$s",41.274676515567904,30.54780013136998,
3,line,2,"$t=1e+06\,$s",48.51221171143108,31.15650305463845,
3,line,2,"$t=1e+06\,$s",57.01885232818259,31.67137930444498,
3,line,2,"$t=1e+06\,$s",67.01713663689895,32.145358262227376,
3,line,2,"$t=1e+06\,$s",78.76862510592494,32.61766717774321,
3,line,2,"$t=1e+06\,$s",92.58074296271438,32.95268478931777,
3,line,2,"$t=1e+06\,$s",108.81482260229686,33.27907502802608,
3,line,2,"$t=1e+06\,$s",127.89555623611915,33.56243206569965,
3,line,2,"$t=1e+06\,$s",150.32210606756786,33.74510621470549,
3,line,2,"$t=1e+06\,$s",176.68116264236485,33.91553172478921,
3,line,2,"$t=1e+06\,$s",207.6622929872086,34.00937124683553,
3,line,2,"$t=1e+06\,$s",244.07598005224483,34.039905369382076,
3,line,2,"$t=1e+06\,$s",286.8748253787863,34.05243407067535,
3,line,2,"$t=1e+06\,$s",337.178469665443,33.97632691481507,
3,line,2,"$t=1e+06\,$s",396.302883168002,33.86986121249888,
3,line,2,"$t=1e+06\,$s",465.7947921855921,33.733445431129994,
3,line,2,"$t=1e+06\,$s",547.472142248439,33.520601530704376,
3,line,2,"$t=1e+06\,$s",643.4716565458548,33.286005465621464,
3,line,2,"$t=1e+06\,$s",756.3047337483902,33.0189865802241,
3,line,2,"$t=1e+06\,$s",888.9231475410945,32.72027310843832,
3,line,2,"$t=1e+06\,$s",1044.79626660284,32.402201349822604,
3,line,2,"$t=1e+06\,$s",1228.001815147637,32.047175297583614,
3,line,2,"$t=1e+06\,$s",1443.3325483724664,31.666632101949833,
3,line,2,"$t=1e+06\,$s",1696.4216334980495,31.267244408983196,
3,line,2,"$t=1e+06\,$s",1993.8900164382494,30.885340274874515,
3,line,2,"$t=1e+06\,$s",2343.5196292883334,30.491663363476455,
3,line,2,"$t=1e+06\,$s",2754.4569698335245,30.08530112708841,
3,line,2,"$t=1e+06\,$s",3237.4523788257507,29.66594260414779,
3,line,2,"$t=1e+06\,$s",3805.1412746513693,29.236437622141242,
3,line,2,"$t=1e+06\,$s",4472.374702637946,28.839306966558773,
3,line,2,"$t=1e+06\,$s",5256.607846348221,28.46823643853529,
3,line,2,"$t=1e+06\,$s",6178.356664523548,28.096007491200965,
3,line,2,"$t=1e+06\,$s",7261.734599544229,27.723750426625163,
3,line,2,"$t=1e+06\,$s",8535.083397987082,27.352365434701387,
3,line,2,"$t=1e+06\,$s",10031.714545883691,26.995988506534985,
3,line,2,"$t=1e+06\,$s",11790.780715022454,26.71076040677046,
3,line,2,"$t=1e+06\,$s",13858.300017796111,26.434595204083845,
3,line,2,"$t=1e+06\,$s",16288.359865649785,26.169901436515193,
3,line,2,"$t=1e+06\,$s",19144.53192470997,25.91785215799274,
3,line,2,"$t=1e+06\,$s",22501.535184593857,25.679862251341394,
3,line,2,"$t=1e+06\,$s",26447.19064716322,25.502706014086115,
3,line,2,"$t=1e+06\,$s",31084.718770935444,25.36033904148091,
3,line,2,"$t=1e+06\,$s",36535.43977351612,25.23952735443756,
3,line,2,"$t=1e+06\,$s",42941.94743342294,25.148308719834382,
3,line,2,"$t=1e+06\,$s",50471.839419639866,25.082135186877316,
3,line,2,"$t=1e+06\,$s",59322.10173633708,25.054025108673283,
3,line,2,"$t=1e+06\,$s",69724.26198215637,25.078248461447096,
3,line,2,"$t=1e+06\,$s",81950.4462361039,25.134714454830384,
3,line,2,"$t=1e+06\,$s",96320.49802140985,25.232077648971025,
3,line,2,"$t=1e+06\,$s",113210.34558326888,25.369841371363446,
3,line,2,"$t=1e+06\,$s",133061.8363729217,25.54721839367043,
3,line,2,"$t=1e+06\,$s",156394.2960134453,25.77956608985424,
3,line,2,"$t=1e+06\,$s",183818.1141359825,26.058264055412838,
3,line,2,"$t=1e+06\,$s",216050.71249915805,26.385717063669702,
3,line,2,"$t=1e+06\,$s",253935.31312623026,26.764878942445925,
3,line,2,"$t=1e+06\,$s",298462.9974444907,27.197009684880506,
3,line,2,"$t=1e+06\,$s",350798.6335058071,27.689244064550053,
3,line,2,"$t=1e+06\,$s",412311.3495582535,28.24485485901613,
3,line,2,"$t=1e+06\,$s",484610.35117383633,28.864173429537104,
3,line,2,"$t=1e+06\,$s",569587.0189274155,29.537254024085016,
3,line,2,"$t=1e+06\,$s",669464.3879248217,30.274699693747745,
3,line,2,"$t=1e+06\,$s",786855.3035908677,31.08561184683201,
3,line,2,"$t=1e+06\,$s",924830.7751040731,31.975658930602425,
3,line,2,"$t=1e+06\,$s",1087000.3146402042,32.94688039498347,
3,line,2,"$t=1e+06\,$s",1277606.364142627,33.991531214751625,
3,line,2,"$t=1e+06\,$s",1501635.2798738715,35.09775870690152,
3,line,2,"$t=1e+06\,$s",1764947.778164129,36.296306948955205,
3,line,2,"$t=1e+06\,$s",2074432.2548869124,37.58772256398268,
3,line,2,"$t=1e+06\,$s",2438184.9895816143,38.97753467532576,
3,line,2,"$t=1e+06\,$s",2865721.9484591815,40.47471124760177,
3,line,2,"$t=1e+06\,$s",3368227.727170901,42.03169869825427,
3,line,2,"$t=1e+06\,$s",3958848.145816352,43.6971321064279,
3,line,2,"$t=1e+06\,$s",4653034.150632524,45.478666714672734,
3,line,2,"$t=1e+06\,$s",5468946.019016334,47.36731295289577,
3,line,2,"$t=1e+06\,$s",6427928.442100255,49.38675032157916,
3,line,2,"$t=1e+06\,$s",7555068.913295548,51.507618380999304,
3,line,2,"$t=1e+06\,$s",8879854.030545786,53.72866033672258,
3,line,2,"$t=1e+06\,$s",10436940.881510252,56.09508572252205,
3,line,2,"$t=1e+06\,$s",12267063.691523654,58.59430221602624,
3,line,2,"$t=1e+06\,$s",14418099.452732118,61.24623785682791,
3,line,2,"$t=1e+06\,$s",16946320.411828764,64.05928103960247,
3,line,2,"$t=1e+06\,$s",19917866.182144478,66.94852180629749,
3,line,2,"$t=1e+06\,$s",23410473.991326828,70.01148253286215,
3,line,2,"$t=1e+06\,$s",27515512.328820772,73.26567850554646,
3,line,2,"$t=1e+06\,$s",32340371.19444807,76.72986261434556,
3,line,2,"$t=1e+06\,$s",38011271.47827708,80.39907027955277,
3,line,2,"$t=1e+06\,$s",44676566.96665627,84.18672338516903,
3,line,2,"$t=1e+06\,$s",52510625.356660485,88.13082145910293,
3,line,2,"$t=1e+06\,$s",61718389.808363676,92.2935322318399,
3,line,2,"$t=1e+06\,$s",72540740.36758682,96.79843776230597,
3,line,2,"$t=1e+06\,$s",85260795.51680958,101.5648584252317,
3,line,2,"$t=1e+06\,$s",100211318.70618989,106.57497833539176,
3,line,2,"$t=1e+06\,$s",117783423.62350766,111.77501698059378,
3,line,2,"$t=1e+06\,$s",138436805.93754652,117.24743231297809,
3,line,2,"$t=1e+06\,$s",162711769.1828178,123.19126705411729,
3,line,2,"$t=1e+06\,$s",191243359.38916388,129.64661581780842,
3,line,2,"$t=1e+06\,$s",224777978.2257796,136.45092146613186,
3,line,2,"$t=1e+06\,$s",264192909.26831022,143.88973183464793,
3,line,2,"$t=1e+06\,$s",310519268.20671827,151.79938988979455,
3,line,2,"$t=1e+06\,$s",364968977.38352764,160.11471539037146,
3,line,2,"$t=1e+06\,$s",428966470.33093244,168.69497756787771,
3,line,2,"$t=1e+06\,$s",504185955.7142798,177.66221023069298,
3,line,2,"$t=1e+06\,$s",592595215.5267816,187.35148765766996,
3,line,2,"$t=1e+06\,$s",696507083.3195499,198.05125235099447,
3,line,2,"$t=1e+06\,$s",818639949.165067,209.23012609170775,
3,line,2,"$t=1e+06\,$s",962188874.1962961,221.05993510182782,
3,line,2,"$t=1e+06\,$s",1130909175.1158357,233.44010937082342,
3,line,2,"$t=1e+06\,$s",1329214665.2906115,246.29033771507326,
3,line,2,"$t=1e+06\,$s",1562293122.4717166,258.5008217956134,
3,line,2,"$t=1e+06\,$s",1836242003.836749,270.8538468170625,
3,line,2,"$t=1e+06\,$s",2158227958.732784,283.47190264251805,
3,line,2,"$t=1e+06\,$s",2536674312.058723,296.4601108389984,
3,line,2,"$t=1e+06\,$s",2981481422.9525,309.6431260724365,
3,line,2,"$t=1e+06\,$s",3504285683.48479,322.11869174373794,
3,line,2,"$t=1e+06\,$s",4118763932.9027276,333.75870722447286,
3,line,2,"$t=1e+06\,$s",4840991251.0645485,345.3873956388696,
3,line,2,"$t=1e+06\,$s",5689861491.131199,355.9667076432301,
3,line,2,"$t=1e+06\,$s",6687581552.876901,366.15683323031783,
3,line,2,"$t=1e+06\,$s",7860252327.071659,375.8209605343808,
3,line,2,"$t=1e+06\,$s",9238551508.752373,381.2569065704621,
3,line,2,"$t=1e+06\,$s",10858536142.142939,386.4518185525536,
3,line,2,"$t=1e+06\,$s",12762585892.227968,390.4482253889174,
3,line,2,"$t=1e+06\,$s",15000511719.469324,392.5911923374124,
3,line,2,"$t=1e+06\,$s",17630858961.189373,394.5318308524642,
3,line,2,"$t=1e+06\,$s",20722438908.927334,395.09242096745,
3,line,2,"$t=1e+06\,$s",24356128948.652027,394.90336696003885,
3,line,2,"$t=1e+06\,$s",28626988356.46236,394.5870708986947,
3,line,2,"$t=1e+06\,$s",33646745100.12341,384.94485882802735,
3,line,2,"$t=1e+06\,$s",39546718702.49716,375.0928582839804,
3,line,2,"$t=1e+06\,$s",46481255630.53951,364.8005632658726,
3,line,2,"$t=1e+06\,$s",54631767081.47816,352.8534574689256,
3,line,2,"$t=1e+06\,$s",64211474796.81882,341.27296624468687,
3,line,2,"$t=1e+06\,$s",75470989057.21391,328.17981924955967,
3,line,2,"$t=1e+06\,$s",88704864781.52556,314.03090446383686,
3,line,2,"$t=1e+06\,$s",104259307241.13853,300.48551272522474,
3,line,2,"$t=1e+06\,$s",122541228975.14412,281.9161589550752,
3,line,2,"$t=1e+06\,$s",144028894840.12958,263.39302585378505,
3,line,2,"$t=1e+06\,$s",169284433674.78238,245.63192108645492,
3,line,2,"$t=1e+06\,$s",198968543891.1475,225.77025508722642,
3,line,2,"$t=1e+06\,$s",233857777698.67584,207.5142971309541,
3,line,2,"$t=1e+06\,$s",274864856125.61456,188.95512422468087,
3,line,2,"$t=1e+06\,$s",323062546289.5716,169.6714858053483,
3,line,2,"$t=1e+06\,$s",379711725559.43,152.35587276118986,
3,line,2,"$t=1e+06\,$s",446294366782.1083,134.49627994772666,
3,line,2,"$t=1e+06\,$s",524552307485.35004,117.82537066053014,
3,line,2,"$t=1e+06\,$s",616532817279.6378,103.2109644678778,
3,line,2,"$t=1e+06\,$s",724642155526.8506,88.66834464496115,
3,line,2,"$t=1e+06\,$s",851708520372.9393,76.1340327854989,
3,line,2,"$t=1e+06\,$s",1001056035925.0074,65.2384980244786,
3,line,2,"$t=1e+06\,$s",1176591713116.9387,55.59441239931174,
3,line,2,"$t=1e+06\,$s",1382907659206.3625,47.376003666926096,
3,line,2,"$t=1e+06\,$s",1625401209758.095,40.56897385941075,
3,line,2,"$t=1e+06\,$s",1910416125831.0461,34.87771645734132,
3,line,2,"$t=1e+06\,$s",2245408550162.4854,29.984835276328763,
3,line,2,"$t=1e+06\,$s",2639142063852.4736,26.053202002939276,
3,line,2,"$t=1e+06\,$s",3101916946335.435,22.68188466970159,
3,line,2,"$t=1e+06\,$s",3645839636202.627,19.796251653681985,
3,line,2,"$t=1e+06\,$s",4285139442114.7456,17.57135616107603,
3,line,2,"$t=1e+06\,$s",5036540789131.663,15.596480590515798,
3,line,2,"$t=1e+06\,$s",5919700738622.483,14.144324075179023,
3,line,2,"$t=1e+06\,$s",6957723227510.926,13.215729561453038,
3,line,2,"$t=1e+06\,$s",8177763479629.893,12.348043083754087,
3,line,3,"$t=1e+08\,$s",5.486290532961935e-06,1.1061155627521926,
3,line,3,"$t=1e+08\,$s",6.4483143252517195e-06,1.1145143963079744,
3,line,3,"$t=1e+08\,$s",7.5790294712660705e-06,1.1229770029666877,
3,line,3,"$t=1e+08\,$s",8.90801608435509e-06,1.1361326329920312,
3,line,3,"$t=1e+08\,$s",1.0470041165557464e-05,1.1495355537630063,
3,line,3,"$t=1e+08\,$s",1.2305968126954065e-05,1.165899564763853,
3,line,3,"$t=1e+08\,$s",1.446382580039706e-05,1.1902662953015537,
3,line,3,"$t=1e+08\,$s",1.7000064897454984e-05,1.215142247720475,
3,line,3,"$t=1e+08\,$s",1.998103479023846e-05,1.2437192500954113,
3,line,3,"$t=1e+08\,$s",2.348471924648282e-05,1.2755640072444077,
3,line,3,"$t=1e+08\,$s",2.7602776526647472e-05,1.3082241248965767,
3,line,3,"$t=1e+08\,$s",3.244293721306242e-05,1.3447842035940707,
3,line,3,"$t=1e+08\,$s",3.8131822499616793e-05,1.3829435559964527,
3,line,3,"$t=1e+08\,$s",4.481825666995547e-05,1.4226321131281767,
3,line,3,"$t=1e+08\,$s",5.267716042038626e-05,1.46644568748568,
3,line,3,"$t=1e+08\,$s",6.191412687890872e-05,1.5116086107444404,
3,line,3,"$t=1e+08\,$s",7.277080003146996e-05,1.5596672184560505,
3,line,3,"$t=1e+08\,$s",8.553119625796015e-05,1.6113858502242249,
3,line,3,"$t=1e+08\,$s",0.00010052913435270806,1.6648194697638423,
3,line,3,"$t=1e+08\,$s",0.00011815696840279235,1.7228723790897171,
3,line,3,"$t=1e+08\,$s",0.00013887585198093757,1.7841553760034898,
3,line,3,"$t=1e+08\,$s",0.00016322780216977445,1.8476182118768352,
3,line,3,"$t=1e+08\,$s",0.00019184987901879548,1.9180469945728795,
3,line,3,"$t=1e+08\,$s",0.00022549085137618828,1.991169773142426,
3,line,3,"$t=1e+08\,$s",0.00026503078508262616,2.0686548998238123,
3,line,3,"$t=1e+08\,$s",0.00031150406596464975,2.153238648745675,
3,line,3,"$t=1e+08\,$s",0.0003661264599214663,2.241280812195764,
3,line,3,"$t=1e+08\,$s",0.0004303269180115221,2.336763777133706,
3,line,3,"$t=1e+08\,$s",0.0005057849585769236,2.4392842249278086,
3,line,3,"$t=1e+08\,$s",0.0005944746043421126,2.5463023440812367,
3,line,3,"$t=1e+08\,$s",0.0006987160239047786,2.6648587274657882,
3,line,3,"$t=1e+08\,$s",0.0008212362285880728,2.7900757582338165,
3,line,3,"$t=1e+08\,$s",0.0009652404125162483,2.9225094474872706,
3,line,3,"$t=1e+08\,$s",0.001134495802208291,3.0690949125722473,
3,line,3,"$t=1e+08\,$s",0.001333430209239787,3.223031769491272,
3,line,3,"$t=1e+08\,$s",0.0015672478641633712,3.3890553070690004,
3,line,3,"$t=1e+08\,$s",0.0018420655619651898,3.569501127369771,
3,line,3,"$t=1e+08\,$s",0.002165072680695273,3.7595521891396104,
3,line,3,"$t=1e+08\,$s",0.0025447192594449017,3.967703256767289,
3,line,3,"$t=1e+08\,$s",0.002990937055891487,4.1905365197790925,
3,line,3,"$t=1e+08\,$s",0.0035153993663946366,4.426053284208731,
3,line,3,"$t=1e+08\,$s",0.004131826405676178,4.686405573449232,
3,line,3,"$t=1e+08\,$s",0.004856344234979996,4.962063495998102,
3,line,3,"$t=1e+08\,$s",0.005707906628464436,5.257426481613383,
3,line,3,"$t=1e+08\,$s",0.006708790914077871,5.5788674349347955,
3,line,3,"$t=1e+08\,$s",0.007885180760380096,5.919943018526845,
3,line,3,"$t=1e+08\,$s",0.009267851155324736,6.288782811735476,
3,line,3,"$t=1e+08\,$s",0.010892973496413964,6.685657204561297,
3,line,3,"$t=1e+08\,$s",0.012803061853815393,7.10754451000074,
3,line,3,"$t=1e+08\,$s",0.015048085161189995,7.5657681365864144,
3,line,3,"$t=1e+08\,$s",0.017686774429738813,8.054899901462045,
3,line,3,"$t=1e+08\,$s",0.020788159182887442,8.577192344824521,
3,line,3,"$t=1e+08\,$s",0.02443337330556136,9.141676359111349,
3,line,3,"$t=1e+08\,$s",0.028717777550036912,9.743231530198837,
3,line,3,"$t=1e+08\,$s",0.033753454224255186,10.387631447727989,
3,line,3,"$t=1e+08\,$s",0.039672139324981495,11.078803998515616,
3,line,3,"$t=1e+08\,$s",0.04662866882198256,11.815839458268293,
3,line,3,"$t=1e+08\,$s",0.054805029249859916,12.604759160790046,
3,line,3,"$t=1e+08\,$s",0.06441511857318971,13.447264708117524,
3,line,3,"$t=1e+08\,$s",0.07571034187174885,14.345839537624705,
3,line,3,"$t=1e+08\,$s",0.08898618823194768,15.303767675499671,
3,line,3,"$t=1e+08\,$s",0.10458996089946872,16.32539196705285,
3,line,3,"$t=1e+08\,$s",0.12292986291804184,17.412398409706597,
3,line,3,"$t=1e+08\,$s",0.14448567593952816,18.56577127841713,
3,line,3,"$t=1e+08\,$s",0.16982131156870053,19.79505593039677,
3,line,3,"$t=1e+08\,$s",0.1995995635926132,21.095499146203263,
3,line,3,"$t=1e+08\,$s",0.23459944702078525,22.474235776471478,
3,line,3,"$t=1e+08\,$s",0.2757365775347569,23.942456048938087,
3,line,3,"$t=1e+08\,$s",0.3240871244843334,25.478964397552417,
3,line,3,"$t=1e+08\,$s",0.38091596405371647,27.109978447125165,
3,line,3,"$t=1e+08\,$s",0.4477097690994067,28.83629074607823,
3,line,3,"$t=1e+08\,$s",0.5262159013077689,30.633752708226076,
3,line,3,"$t=1e+08\,$s",0.6184881231118851,32.54205405871379,
3,line,3,"$t=1e+08\,$s",0.7269403252159283,34.53692368793816,
3,line,3,"$t=1e+08\,$s",0.8544096752678368,36.616277372983575,
3,line,3,"$t=1e+08\,$s",1.0042308396833655,38.81914001102684,
3,line,3,"$t=1e+08\,$s",1.1803232203041512,41.080112726650256,
3,line,3,"$t=1e+08\,$s",1.387293488047456,43.44664522278754,
3,line,3,"$t=1e+08\,$s",1.6305560958827374,45.94081926188005,
3,line,3,"$t=1e+08\,$s",1.9164749238190089,48.45607400214019,
3,line,3,"$t=1e+08\,$s",2.252529761411663,51.10631234615368,
3,line,3,"$t=1e+08\,$s",2.6475119830602387,53.84159008314828,
3,line,3,"$t=1e+08\,$s",3.111754535067633,56.60311669998518,
3,line,3,"$t=1e+08\,$s",3.6574022510453377,59.50205491227881,
3,line,3,"$t=1e+08\,$s",4.2987295672602635,62.41430402784515,
3,line,3,"$t=1e+08\,$s",5.0525139495268885,65.38361845209779,
3,line,3,"$t=1e+08\,$s",5.93847480069179,68.48957415511276,
3,line,3,"$t=1e+08\,$s",6.97978933076548,71.48397339657278,
3,line,3,"$t=1e+08\,$s",8.203698885140035,74.57882450718365,
3,line,3,"$t=1e+08\,$s",9.642221592763594,77.73617118694652,
3,line,3,"$t=1e+08\,$s",11.332989977528834,80.7571816201925,
3,line,3,"$t=1e+08\,$s",13.32023544523802,83.88869065749334,
3,line,3,"$t=1e+08\,$s",15.655945400850316,86.94223894640652,
3,line,3,"$t=1e+08\,$s",18.40122326681789,89.89389228357759,
3,line,3,"$t=1e+08\,$s",21.62788698131826,92.93676885729839,
3,line,3,"$t=1e+08\,$s",25.420347793952185,95.72390659837843,
3,line,3,"$t=1e+08\,$s",29.877818509208026,98.48396982422021,
3,line,3,"$t=1e+08\,$s",35.1169089465233,101.280140730299,
3,line,3,"$t=1e+08\,$s",41.274676515567904,103.68146005993225,
3,line,3,"$t=1e+08\,$s",48.51221171143108,106.12905122110293,
3,line,3,"$t=1e+08\,$s",57.01885232818259,108.43553299092214,
3,line,3,"$t=1e+08\,$s",67.01713663689895,110.43621424440545,
3,line,3,"$t=1e+08\,$s",78.76862510592494,112.46228996805809,
3,line,3,"$t=1e+08\,$s",92.58074296271438,114.16003836216255,
3,line,3,"$t=1e+08\,$s",108.81482260229686,115.67415782466286,
3,line,3,"$t=1e+08\,$s",127.89555623611915,117.19560326969706,
3,line,3,"$t=1e+08\,$s",150.32210606756786,118.23167854277851,
3,line,3,"$t=1e+08\,$s",176.68116264236485,119.22959486328706,
3,line,3,"$t=1e+08\,$s",207.6622929872086,120.10923221672883,
3,line,3,"$t=1e+08\,$s",244.07598005224483,120.57744689146782,
3,line,3,"$t=1e+08\,$s",286.8748253787863,121.03415766405699,
3,line,3,"$t=1e+08\,$s",337.178469665443,121.26694644608492,
3,line,3,"$t=1e+08\,$s",396.302883168002,121.28487630555412,
3,line,3,"$t=1e+08\,$s",465.7947921855921,121.2922074890601,
3,line,3,"$t=1e+08\,$s",547.472142248439,120.9746665117289,
3,line,3,"$t=1e+08\,$s",643.4716565458548,120.56734911997486,
3,line,3,"$t=1e+08\,$s",756.3047337483902,120.12836393293419,
3,line,3,"$t=1e+08\,$s",888.9231475410945,119.45284722759278,
3,line,3,"$t=1e+08\,$s",1044.79626660284,118.77373188738802,
3,line,3,"$t=1e+08\,$s",1228.001815147637,118.00640175315839,
3,line,3,"$t=1e+08\,$s",1443.3325483724664,117.09586291084236,
3,line,3,"$t=1e+08\,$s",1696.4216334980495,116.18526435212192,
3,line,3,"$t=1e+08\,$s",1993.8900164382494,115.21312511565391,
3,line,3,"$t=1e+08\,$s",2343.5196292883334,114.21406021139815,
3,line,3,"$t=1e+08\,$s",2754.4569698335245,113.22095380933423,
3,line,3,"$t=1e+08\,$s",3237.4523788257507,112.16532951133324,
3,line,3,"$t=1e+08\,$s",3805.1412746513693,111.1145485897373,
3,line,3,"$t=1e+08\,$s",4472.374702637946,110.07774533863861,
3,line,3,"$t=1e+08\,$s",5256.607846348221,109.06721436828337,
3,line,3,"$t=1e+08\,$s",6178.356664523548,108.0692933488989,
3,line,3,"$t=1e+08\,$s",7261.734599544229,107.09910043004601,
3,line,3,"$t=1e+08\,$s",8535.083397987082,106.15581966314694,
3,line,3,"$t=1e+08\,$s",10031.714545883691,105.22773605093852,
3,line,3,"$t=1e+08\,$s",11790.780715022454,104.3799283069324,
3,line,3,"$t=1e+08\,$s",13858.300017796111,103.56413278492819,
3,line,3,"$t=1e+08\,$s",16288.359865649785,102.77349849290832,
3,line,3,"$t=1e+08\,$s",19144.53192470997,102.0568856465547,
3,line,3,"$t=1e+08\,$s",22501.535184593857,101.36100121310993,
3,line,3,"$t=1e+08\,$s",26447.19064716322,100.72455993845227,
3,line,3,"$t=1e+08\,$s",31084.718770935444,100.16910131378346,
3,line,3,"$t=1e+08\,$s",36535.43977351612,99.63873970422263,
3,line,3,"$t=1e+08\,$s",42941.94743342294,99.17473185899526,
3,line,3,"$t=1e+08\,$s",50471.839419639866,98.75769411806138,
3,line,3,"$t=1e+08\,$s",59322.10173633708,98.37140697366286,
3,line,3,"$t=1e+08\,$s",69724.26198215637,98.10487185832743,
3,line,3,"$t=1e+08\,$s",81950.4462361039,97.87522867721906,
3,line,3,"$t=1e+08\,$s",96320.49802140985,97.69406319282308,
3,line,3,"$t=1e+08\,$s",113210.34558326888,97.58614674791264,
3,line,3,"$t=1e+08\,$s",133061.8363729217,97.52034682247587,
3,line,3,"$t=1e+08\,$s",156394.2960134453,97.53777874751465,
3,line,3,"$t=1e+08\,$s",183818.1141359825,97.63429697612575,
3,line,3,"$t=1e+08\,$s",216050.71249915805,97.78159641670493,
3,line,3,"$t=1e+08\,$s",253935.31312623026,98.00844076396179,
3,line,3,"$t=1e+08\,$s",298462.9974444907,98.29839429616776,
3,line,3,"$t=1e+08\,$s",350798.6335058071,98.65634147360846,
3,line,3,"$t=1e+08\,$s",412311.3495582535,99.12049002408234,
3,line,3,"$t=1e+08\,$s",484610.35117383633,99.65570850343786,
3,line,3,"$t=1e+08\,$s",569587.0189274155,100.27322443773595,
3,line,3,"$t=1e+08\,$s",669464.3879248217,100.97972927073319,
3,line,3,"$t=1e+08\,$s",786855.3035908677,101.77201816582613,
3,line,3,"$t=1e+08\,$s",924830.7751040731,102.67445779642253,
3,line,3,"$t=1e+08\,$s",1087000.3146402042,103.68316219417787,
3,line,3,"$t=1e+08\,$s",1277606.364142627,104.79741068556453,
3,line,3,"$t=1e+08\,$s",1501635.2798738715,106.02455576864334,
3,line,3,"$t=1e+08\,$s",1764947.778164129,107.3695019594404,
3,line,3,"$t=1e+08\,$s",2074432.2548869124,108.84533321744941,
3,line,3,"$t=1e+08\,$s",2438184.9895816143,110.46985527899156,
3,line,3,"$t=1e+08\,$s",2865721.9484591815,112.24081966862703,
3,line,3,"$t=1e+08\,$s",3368227.727170901,114.16707446732482,
3,line,3,"$t=1e+08\,$s",3958848.145816352,116.25826096326018,
3,line,3,"$t=1e+08\,$s",4653034.150632524,118.52668146972972,
3,line,3,"$t=1e+08\,$s",5468946.019016334,121.01347870004145,
3,line,3,"$t=1e+08\,$s",6427928.442100255,123.71474662568248,
3,line,3,"$t=1e+08\,$s",7555068.913295548,126.64283175732797,
3,line,3,"$t=1e+08\,$s",8879854.030545786,129.8268730436818,
3,line,3,"$t=1e+08\,$s",10436940.881510252,133.27211616612013,
3,line,3,"$t=1e+08\,$s",12267063.691523654,137.0424328861108,
3,line,3,"$t=1e+08\,$s",14418099.452732118,141.18888012897898,
3,line,3,"$t=1e+08\,$s",16946320.411828764,145.67910366945608,
3,line,3,"$t=1e+08\,$s",19917866.182144478,150.62994764826882,
3,line,3,"$t=1e+08\,$s",23410473.991326828,156.03055749031034,
3,line,3,"$t=1e+08\,$s",27515512.328820772,161.8778621281305,
3,line,3,"$t=1e+08\,$s",32340371.19444807,168.5255572634839,
3,line,3,"$t=1e+08\,$s",38011271.47827708,175.75066566635456,
3,line,3,"$t=1e+08\,$s",44676566.96665627,183.72056726203076,
3,line,3,"$t=1e+08\,$s",52510625.356660485,192.70775905753476,
3,line,3,"$t=1e+08\,$s",61718389.808363676,202.48689849986067,
3,line,3,"$t=1e+08\,$s",72540740.36758682,213.66344048853352,
3,line,3,"$t=1e+08\,$s",85260795.51680958,226.27988837256277,
3,line,3,"$t=1e+08\,$s",100211318.70618989,240.05084606282978,
3,line,3,"$t=1e+08\,$s",117783423.62350766,256.05131132361686,
3,line,3,"$t=1e+08\,$s",138436805.93754652,273.6871029525265,
3,line,3,"$t=1e+08\,$s",162711769.1828178,293.2382970804687,
3,line,3,"$t=1e+08\,$s",191243359.38916388,316.4225769490075,
3,line,3,"$t=1e+08\,$s",224777978.2257796,341.7208074501455,
3,line,3,"$t=1e+08\,$s",264192909.26831022,370.3294312362132,
3,line,3,"$t=1e+08\,$s",310519268.20671827,402.83253678440707,
3,line,3,"$t=1e+08\,$s",364968977.38352764,438.0359965042104,
3,line,3,"$t=1e+08\,$s",428966470.33093244,477.8537842731274,
3,line,3,"$t=1e+08\,$s",504185955.7142798,521.0559320469746,
3,line,3,"$t=1e+08\,$s",592595215.5267816,566.9670348746351,
3,line,3,"$t=1e+08\,$s",696507083.3195499,618.4708511521576,
3,line,3,"$t=1e+08\,$s",818639949.165067,672.6169816757316,
3,line,3,"$t=1e+08\,$s",962188874.1962961,729.7751510960902,
3,line,3,"$t=1e+08\,$s",1130909175.1158357,789.908992517524,
3,line,3,"$t=1e+08\,$s",1329214665.2906115,851.6384614136866,
3,line,3,"$t=1e+08\,$s",1562293122.4717166,914.8368637680217,
3,line,3,"$t=1e+08\,$s",1836242003.836749,978.544889764889,
3,line,3,"$t=1e+08\,$s",2158227958.732784,1042.6653997188137,
3,line,3,"$t=1e+08\,$s",2536674312.058723,1105.2465153890962,
3,line,3,"$t=1e+08\,$s",2981481422.9525,1167.3823913283375,
3,line,3,"$t=1e+08\,$s",3504285683.48479,1228.920031566835,
3,line,3,"$t=1e+08\,$s",4118763932.9027276,1286.702469359822,
3,line,3,"$t=1e+08\,$s",4840991251.0645485,1344.0514633232572,
3,line,3,"$t=1e+08\,$s",5689861491.131199,1398.8562601992487,
3,line,3,"$t=1e+08\,$s",6687581552.876901,1450.3482903492961,
3,line,3,"$t=1e+08\,$s",7860252327.071659,1501.795193251818,
3,line,3,"$t=1e+08\,$s",9238551508.752373,1539.4677189955682,
3,line,3,"$t=1e+08\,$s",10858536142.142939,1572.0371465660717,
3,line,3,"$t=1e+08\,$s",12762585892.227968,1604.0875213629736,
3,line,3,"$t=1e+08\,$s",15000511719.469324,1627.9424198129059,
3,line,3,"$t=1e+08\,$s",17630858961.189373,1651.5914209409991,
3,line,3,"$t=1e+08\,$s",20722438908.927334,1671.1586702127563,
3,line,3,"$t=1e+08\,$s",24356128948.652027,1682.2297436620618,
3,line,3,"$t=1e+08\,$s",28626988356.46236,1693.1947503423785,
3,line,3,"$t=1e+08\,$s",33646745100.12341,1685.6924971814929,
3,line,3,"$t=1e+08\,$s",39546718702.49716,1666.7515930763634,
3,line,3,"$t=1e+08\,$s",46481255630.53951,1647.9833351439202,
3,line,3,"$t=1e+08\,$s",54631767081.47816,1620.1059830271292,
3,line,3,"$t=1e+08\,$s",64211474796.81882,1591.7079206276906,
3,line,3,"$t=1e+08\,$s",75470989057.21391,1559.3717408935906,
3,line,3,"$t=1e+08\,$s",88704864781.52556,1509.4659990621606,
3,line,3,"$t=1e+08\,$s",104259307241.13853,1461.155879105436,
3,line,3,"$t=1e+08\,$s",122541228975.14412,1405.1507131458372,
3,line,3,"$t=1e+08\,$s",144028894840.12958,1341.7079751450565,
3,line,3,"$t=1e+08\,$s",169284433674.78238,1281.1295769701808,
3,line,3,"$t=1e+08\,$s",198968543891.1475,1215.8469468495045,
3,line,3,"$t=1e+08\,$s",233857777698.67584,1151.7622528242048,
3,line,3,"$t=1e+08\,$s",274864856125.61456,1090.4593120908792,
3,line,3,"$t=1e+08\,$s",323062546289.5716,1022.9271423316532,
3,line,3,"$t=1e+08\,$s",379711725559.43,959.5772430750876,
3,line,3,"$t=1e+08\,$s",446294366782.1083,899.8464658467793,
3,line,3,"$t=1e+08\,$s",524552307485.35004,843.2902999032306,
3,line,3,"$t=1e+08\,$s",616532817279.6378,790.2887425614126,
3,line,3,"$t=1e+08\,$s",724642155526.8506,736.7678227800797,
3,line,3,"$t=1e+08\,$s",851708520372.9393,684.7925736211876,
3,line,3,"$t=1e+08\,$s",1001056035925.0074,636.483918585934,
3,line,3,"$t=1e+08\,$s",1176591713116.9387,583.1847898652401,
3,line,3,"$t=1e+08\,$s",1382907659206.3625,533.689653085794,
3,line,3,"$t=1e+08\,$s",1625401209758.095,489.2880935178746,
3,line,4,_child4,0.0,1.0,
3,line,4,_child4,1.0,1.0,
