kind,solver,time_s,frequency_hz,value
sed,VegasAfterglow,1000.0,100000000.0,4.8636759210336376e-20
sed,VegasAfterglow,1000.0,120289366.72653936,8.465399371020413e-20
sed,VegasAfterglow,1000.0,144695317.47471872,1.473432897960492e-19
sed,VegasAfterglow,1000.0,174053081.0732948,2.564562961534929e-19
sed,VegasAfterglow,1000.0,209367348.99109644,4.463715079337644e-19
sed,VegasAfterglow,1000.0,251846658.23353347,7.769260151551611e-19
sed,VegasAfterglow,1000.0,302944750.3110693,1.3522685859646271e-18
sed,VegasAfterglow,1000.0,364410321.68048114,2.3536741891712745e-18
sed,VegasAfterglow,1000.0,438346868.2355957,4.096658897664899e-18
sed,VegasAfterglow,1000.0,527284671.86621594,7.130390368396014e-18
sed,VegasAfterglow,1000.0,634267392.6339822,1.2410714830770835e-17
sed,VegasAfterglow,1000.0,762956229.95235,2.1601314419458065e-17
sed,VegasAfterglow,1000.0,917755217.4103613,3.759787525455457e-17
sed,VegasAfterglow,1000.0,1103961939.122698,6.544039860099142e-17
sed,VegasAfterglow,1000.0,1327948825.4727173,1.1390105619059825e-16
sed,VegasAfterglow,1000.0,1597381232.613649,1.9824777642200515e-16
sed,VegasAfterglow,1000.0,1921479768.9195468,3.450540496742186e-16
sed,VegasAfterglow,1000.0,2311335845.8118944,6.005698673500981e-16
sed,VegasAfterglow,1000.0,2780291251.8506303,1.0452908241620328e-15
sed,VegasAfterglow,1000.0,3344394740.004496,1.81931325430625e-15
sed,VegasAfterglow,1000.0,4022951253.587101,3.166459804973057e-15
sed,VegasAfterglow,1000.0,4839182586.6573,5.511071572907257e-15
sed,VegasAfterglow,1000.0,5821022088.231032,9.591642759491186e-15
sed,VegasAfterglow,1000.0,7002070606.945086,1.6693360882770773e-14
sed,VegasAfterglow,1000.0,8422746390.839395,2.9052718810955734e-14
sed,VegasAfterglow,1000.0,10131668294.523115,5.056144434049604e-14
sed,VegasAfterglow,1000.0,12187319630.315475,8.79909715515874e-14
sed,VegasAfterglow,1000.0,14660049604.245642,1.5312184527481377e-13
sed,VegasAfterglow,1000.0,17634480830.743694,2.6644536159033457e-13
sed,VegasAfterglow,1000.0,21212405316.81448,4.635942634338857e-13
sed,VegasAfterglow,1000.0,25516268023.063004,8.065034263136152e-13
sed,VegasAfterglow,1000.0,30693357217.188824,1.4027488790602688e-12
sed,VegasAfterglow,1000.0,36920845023.67115,2.4389724209738884e-12
sed,VegasAfterglow,1000.0,44411850669.06087,4.238411511585041e-12
sed,VegasAfterglow,1000.0,53422733921.34986,7.359247770656454e-12
sed,VegasAfterglow,1000.0,64261868321.99561,1.2760859820321333e-11
sed,VegasAfterglow,1000.0,77300194451.17143,2.2079654714396843e-11
sed,VegasAfterglow,1000.0,92983914383.69725,3.8072424286788424e-11
sed,VegasAfterglow,1000.0,111849761769.69742,6.529076993607982e-11
sed,VegasAfterglow,1000.0,134543370117.91139,1.1100881434314011e-10
sed,VegasAfterglow,1000.0,161841367887.38028,1.862618636805029e-10
sed,VegasAfterglow,1000.0,194677956533.29776,3.064776596243439e-10
sed,VegasAfterglow,1000.0,234176881070.0714,4.906972241164741e-10
sed,VegasAfterglow,1000.0,281689887259.1501,7.584975582784632e-10
sed,VegasAfterglow,1000.0,338842981516.7343,1.1255485678234632e-09
sed,VegasAfterglow,1000.0,407592076663.8045,1.6014601268117334e-09
sed,VegasAfterglow,1000.0,490289927846.4412,2.1930443548089314e-09
sed,VegasAfterglow,1000.0,589766649330.4908,2.9110681941364597e-09
sed,VegasAfterglow,1000.0,709426567643.9775,3.775543125983111e-09
sed,VegasAfterglow,1000.0,853364725608.7649,4.81741847475218e-09
sed,VegasAfterglow,1000.0,1026507024302.4535,6.0781516827854685e-09
sed,VegasAfterglow,1000.0,1234778798936.8647,7.60913630056806e-09
sed,VegasAfterglow,1000.0,1485307597714.7231,9.471839330960707e-09
sed,VegasAfterglow,1000.0,1786667103232.2153,1.1738664085689735e-08
sed,VegasAfterglow,1000.0,2149170543989.437,1.4494312904168131e-08
sed,VegasAfterglow,1000.0,2585223637238.2144,1.7837451798133435e-08
sed,VegasAfterglow,1000.0,3109749141698.6553,2.1882552296753438e-08
sed,VegasAfterglow,1000.0,3740697549333.305,2.6761836825059522e-08
sed,VegasAfterglow,1000.0,4499661393248.21,3.2627279911532334e-08
sed,VegasAfterglow,1000.0,5412614194776.85,3.9652628610955195e-08
sed,VegasAfterglow,1000.0,6510799338247.85,4.803541020985253e-08
sed,VegasAfterglow,1000.0,7831799292814.053,5.799889850240412e-08
sed,VegasAfterglow,1000.0,9420821772619.611,6.979401430943728e-08
sed,VegasAfterglow,1000.0,11332246850720.07,8.370114279116693e-08
sed,VegasAfterglow,1000.0,13631487972619.373,1.0003185915198558e-07
sed,VegasAfterglow,1000.0,16397230557668.22,1.1913056603815742e-07
sed,VegasAfterglow,1000.0,19724124798509.7,1.4137606233378812e-07
sed,VegasAfterglow,1000.0,23726024812479.625,1.6718307991352746e-07
sed,VegasAfterglow,1000.0,28539884996313.336,1.9700382192301524e-07
sed,VegasAfterglow,1000.0,34330446926547.934,2.3132941469982882e-07
sed,VegasAfterglow,1000.0,41295877202335.2,2.7069190699823905e-07
sed,VegasAfterglow,1000.0,49674549170858.35,3.1566601467423686e-07
sed,VegasAfterglow,1000.0,59753200621888.914,3.668713054474267e-07
sed,VegasAfterglow,1000.0,71876746626908.75,4.249747347677335e-07
sed,VegasAfterglow,1000.0,86460083341147.77,4.906935289599894e-07
sed,VegasAfterglow,1000.0,104002286722304.8,5.647984710910243e-07
sed,VegasAfterglow,1000.0,125103692079380.17,6.481175931410456e-07
sed,VegasAfterglow,1000.0,150486438953806.2,7.415402462716808e-07
sed,VegasAfterglow,1000.0,181019184426853.7,8.460214837829718e-07
sed,VegasAfterglow,1000.0,217746830600608.62,9.625866445368331e-07
sed,VegasAfterglow,1000.0,261926283596582.53,1.0923359726838224e-06
sed,VegasAfterglow,1000.0,315069467828688.6,1.236449042552529e-06
sed,VegasAfterglow,1000.0,378995067599805.7,1.3961886945891467e-06
sed,VegasAfterglow,1000.0,455890766740627.8,1.5729040605287937e-06
sed,VegasAfterglow,1000.0,548388116277063.7,1.7680321807741332e-06
sed,VegasAfterglow,1000.0,659652592273280.9,1.9830975872309757e-06
sed,VegasAfterglow,1000.0,793491925840727.0,2.2197091403744388e-06
sed,VegasAfterglow,1000.0,954486412620035.6,2.479552555219137e-06
sed,VegasAfterglow,1000.0,1148145661231499.5,2.7643789509104607e-06
sed,VegasAfterglow,1000.0,1381097144993614.5,3.075985565438456e-06
sed,VegasAfterglow,1000.0,1661313009591127.0,3.416189436040659e-06
sed,VegasAfterglow,1000.0,1998382898582786.8,3.7867913149514106e-06
sed,VegasAfterglow,1000.0,2403842133476685.5,4.189527663591311e-06
sed,VegasAfterglow,1000.0,2891566479464849.5,4.626008414719161e-06
sed,VegasAfterglow,1000.0,3478247006625142.0,5.09763886581155e-06
sed,VegasAfterglow,1000.0,4183961297454212.0,5.60552830303741e-06
sed,VegasAfterglow,1000.0,5032860548791150.0,6.150380768796467e-06
sed,VegasAfterglow,1000.0,6053996082370733.0,6.732382789433522e-06
sed,VegasAfterglow,1000.0,7282313549133226.0,7.351041012151772e-06
sed,VegasAfterglow,1000.0,8759848851293366.0,8.005055917152875e-06
sed,VegasAfterglow,1000.0,1.053716670942278e+16,8.69219388241967e-06
sed,VegasAfterglow,1000.0,1.2675091105684438e+16,9.40916246410252e-06
sed,VegasAfterglow,1000.0,1.5246786823039662e+16,1.0151521878897785e-05
sed,VegasAfterglow,1000.0,1.8340263315579784e+16,1.0913746016385486e-05
sed,VegasAfterglow,1000.0,2.206138659829082e+16,1.1688977779482835e-05
sed,VegasAfterglow,1000.0,2.653750223017776e+16,1.2469313813927798e-05
sed,VegasAfterglow,1000.0,3.1921793377721956e+16,1.3245954599661133e-05
sed,VegasAfterglow,1000.0,3.839852310181596e+16,1.4009431030178554e-05
sed,VegasAfterglow,1000.0,4.618934027151852e+16,1.4749909257414628e-05
sed,VegasAfterglow,1000.0,5.556086490777627e+16,1.545825674006018e-05
sed,VegasAfterglow,1000.0,6.683381254535184e+16,1.612443850700809e-05
sed,VegasAfterglow,1000.0,8.039396987000581e+16,1.673967489352432e-05
sed,VegasAfterglow,1000.0,9.670539724295523e+16,1.7296299739621214e-05
sed,VegasAfterglow,1000.0,1.1632630993393557e+17,1.7788011601786653e-05
sed,VegasAfterglow,1000.0,1.3992818155588197e+17,1.8210455164603606e-05
sed,VegasAfterglow,1000.0,1.6831872346553197e+17,1.8562535483430976e-05
sed,VegasAfterglow,1000.0,2.0246952653888422e+17,1.8840673218039877e-05
sed,VegasAfterglow,1000.0,2.4354931128784736e+17,1.9045071604065147e-05
sed,VegasAfterglow,1000.0,2.929639242149984e+17,1.9177432055655507e-05
sed,VegasAfterglow,1000.0,3.5240444917543885e+17,1.9242330851072575e-05
sed,VegasAfterglow,1000.0,4.2390508022928634e+17,1.9245428262606885e-05
sed,VegasAfterglow,1000.0,5.099127365294392e+17,1.918873752181383e-05
sed,VegasAfterglow,1000.0,6.13370801629227e+17,1.9077691921917674e-05
sed,VegasAfterglow,1000.0,7.378198529652922e+17,1.891805816487079e-05
sed,VegasAfterglow,1000.0,8.875188287146373e+17,1.8715719781739846e-05
sed,VegasAfterglow,1000.0,1.0675907786396411e+18,1.8497142719347705e-05
sed,VegasAfterglow,1000.0,1.2841981868565496e+18,1.8249166920762857e-05
sed,VegasAfterglow,1000.0,1.5447538664834376e+18,1.797451581782089e-05
sed,VegasAfterglow,1000.0,1.858174643476666e+18,1.767785913721069e-05
sed,VegasAfterglow,1000.0,2.2351865113112212e+18,1.736390971002336e-05
sed,VegasAfterglow,1000.0,2.688691699613285e+18,1.7055757098913895e-05
sed,VegasAfterglow,1000.0,3.234210218693835e+18,1.674132917843711e-05
sed,VegasAfterglow,1000.0,3.890410990671853e+18,1.6417864532350272e-05
sed,VegasAfterglow,1000.0,4.679750743738878e+18,1.608790572461617e-05
sed,VegasAfterglow,1000.0,5.629242534023988e+18,1.5765522187399423e-05
sed,VegasAfterglow,1000.0,6.771380195678424e+18,1.5463749933134012e-05
sed,VegasAfterglow,1000.0,8.145250356027911e+18,1.515894995000435e-05
sed,VegasAfterglow,1000.0,9.797870071557206e+18,1.4852491720927108e-05
sed,VegasAfterglow,1000.0,1.1785795861765243e+19,1.4550755209099095e-05
sed,VegasAfterglow,1000.0,1.4177059205800034e+19,1.4280691946803444e-05
sed,VegasAfterglow,1000.0,1.7053494739103482e+19,1.4015259176036774e-05
sed,VegasAfterglow,1000.0,2.0513540826411364e+19,1.3749185674577306e-05
sed,VegasAfterglow,1000.0,2.4675608353280238e+19,1.348487212921972e-05
sed,VegasAfterglow,1000.0,2.9682133024081723e+19,1.3255094739776606e-05
sed,VegasAfterglow,1000.0,3.5704449845597057e+19,1.3034196275611414e-05
sed,VegasAfterglow,1000.0,4.294865661246373e+19,1.2811835841021367e-05
sed,VegasAfterglow,1000.0,5.166266705668838e+19,1.259014501678806e-05
sed,VegasAfterglow,1000.0,6.214469503653066e+19,1.2398811719570603e-05
sed,VegasAfterglow,1000.0,7.475346011358218e+19,1.2211388457846379e-05
sed,VegasAfterglow,1000.0,8.992046377680455e+19,1.2021570273641122e-05
sed,VegasAfterglow,1000.0,1.0816475643468497e+20,1.1833847122555451e-05
sed,VegasAfterglow,1000.0,1.3011070053658575e+20,1.1651710442501094e-05
sed,VegasAfterglow,1000.0,1.5650933771892366e+20,1.1467617441948322e-05
sed,VegasAfterglow,1000.0,1.8826409120999486e+20,1.1281905900554003e-05
sed,VegasAfterglow,1000.0,2.2646168308997633e+20,1.1094887077336314e-05
sed,VegasAfterglow,1000.0,2.7240932446719387e+20,1.0906840818056844e-05
sed,VegasAfterglow,1000.0,3.2767945130563266e+20,1.0718077751572707e-05
sed,VegasAfterglow,1000.0,3.9416353686854605e+20,1.0528869830502913e-05
sed,VegasAfterglow,1000.0,4.741368223661015e+20,1.0339474796747908e-05
sed,VegasAfterglow,1000.0,5.70336181041518e+20,1.015012541742984e-05
sed,VegasAfterglow,1000.0,6.860537803871738e+20,9.961041954090735e-06
sed,VegasAfterglow,1000.0,8.25249747831211e+20,9.77240174128845e-06
sed,VegasAfterglow,1000.0,9.926876955785307e+20,9.584437039621544e-06
sed,VegasAfterglow,1000.0,1.1940977425836865e+21,9.397348525893984e-06
sed,VegasAfterglow,1000.0,1.4363726126498128e+21,9.211313540091216e-06
sed,VegasAfterglow,1000.0,1.7278035195899148e+21,9.02649440851737e-06
sed,VegasAfterglow,1000.0,2.0783639119935753e+21,8.8430285491078e-06
sed,VegasAfterglow,1000.0,2.500050788009991e+21,8.660961998225471e-06
sed,VegasAfterglow,1000.0,3.007295260739063e+21,8.480450728977516e-06
sed,VegasAfterglow,1000.0,3.617456424740264e+21,8.301652126934962e-06
sed,VegasAfterglow,1000.0,4.351415424928593e+21,8.124661817494349e-06
sed,VegasAfterglow,1000.0,5.234290058287535e+21,7.949549383585458e-06
sed,VegasAfterglow,1000.0,6.296294363744258e+21,7.776351444155326e-06
sed,VegasAfterglow,1000.0,7.573772617386789e+21,7.604997781814689e-06
sed,VegasAfterglow,1000.0,9.11044311876265e+21,7.435497975548514e-06
sed,VegasAfterglow,1000.0,1.0958894333541128e+22,7.267977953170656e-06
sed,VegasAfterglow,1000.0,1.3182384594047174e+22,7.102425240724669e-06
sed,VegasAfterglow,1000.0,1.5857006947636297e+22,6.938784384011957e-06
sed,VegasAfterglow,1000.0,1.9074293239095126e+22,6.776958589224767e-06
sed,VegasAfterglow,1000.0,2.2944346544870544e+22,6.616686093191861e-06
sed,VegasAfterglow,1000.0,2.759960915836728e+22,6.457737823710584e-06
sed,VegasAfterglow,1000.0,3.3199395075600096e+22,6.300186651624409e-06
sed,VegasAfterglow,1000.0,3.993534209348141e+22,6.1438347314156436e-06
sed,VegasAfterglow,1000.0,4.803797010432569e+22,5.988402343317345e-06
sed,VegasAfterglow,1000.0,5.778457002677744e+22,5.8335597861515325e-06
sed,VegasAfterglow,1000.0,6.950869335086453e+22,5.6787533261306185e-06
sed,VegasAfterglow,1000.0,8.361156705164745e+22,5.5231552691040065e-06
sed,VegasAfterglow,1000.0,1.0057582451656214e+23,5.366774916479794e-06
sed,VegasAfterglow,1000.0,1.209820223909676e+23,5.20909560088748e-06
sed,VegasAfterglow,1000.0,1.4552850858705558e+23,5.0494380582657025e-06
sed,VegasAfterglow,1000.0,1.7505532138594733e+23,4.88703653473948e-06
sed,VegasAfterglow,1000.0,2.105729375162634e+23,4.720888510165307e-06
sed,VegasAfterglow,1000.0,2.532968530357836e+23,4.549505938478693e-06
sed,VegasAfterglow,1000.0,3.046891804549984e+23,4.372519659565205e-06
sed,VegasAfterglow,1000.0,3.665086856536018e+23,4.189107349233337e-06
sed,VegasAfterglow,1000.0,4.408709769704786e+23,3.998257791700105e-06
sed,VegasAfterglow,1000.0,5.3032090627889366e+23,3.798736870058227e-06
sed,VegasAfterglow,1000.0,6.379196597813281e+23,3.5896071765877203e-06
sed,VegasAfterglow,1000.0,7.67349518975057e+23,3.3697021287138e-06
sed,VegasAfterglow,1000.0,9.230398769542383e+23,3.139264022120036e-06
sed,VegasAfterglow,1000.0,1.1103188226216768e+24,2.898371667774893e-06
sed,VegasAfterglow,1000.0,1.3355954803771882e+24,2.647864097943003e-06
sed,VegasAfterglow,1000.0,1.6065793453739944e+24,2.389595595664078e-06
sed,VegasAfterglow,1000.0,1.9325441205097672e+24,2.1259919525970914e-06
sed,VegasAfterglow,1000.0,2.3246450842721588e+24,1.8602788782418023e-06
sed,VegasAfterglow,1000.0,2.7963008505106185e+24,1.59762570883555e-06
sed,VegasAfterglow,1000.0,3.3636525848480433e+24,1.3451217749324997e-06
sed,VegasAfterglow,1000.0,4.0461163931945993e+24,1.1096749627491837e-06
sed,VegasAfterglow,1000.0,4.867047786392459e+24,8.980531965625364e-07
sed,VegasAfterglow,1000.0,5.854540960529565e+24,7.162199578977461e-07
sed,VegasAfterglow,1000.0,7.042390246166839e+24,5.672194077161766e-07
sed,VegasAfterglow,1000.0,8.4712466295257e+24,4.5213735205415426e-07
sed,VegasAfterglow,1000.0,1.0190008924499732e+25,3.7061530272200773e-07
sed,VegasAfterglow,1000.0,1.2257497204658623e+25,3.1837318018407165e-07
sed,VegasAfterglow,1000.0,1.474446576400706e+25,2.8835770016117877e-07
sed,VegasAfterglow,1000.0,1.7736024494735567e+25,2.7324559436603745e-07
sed,VegasAfterglow,1000.0,2.1334551547181226e+25,2.657503494852511e-07
sed,VegasAfterglow,1000.0,2.566319695005151e+25,2.6053169627388014e-07
sed,VegasAfterglow,1000.0,3.0870097093001393e+25,2.566793642195663e-07
sed,VegasAfterglow,1000.0,3.7133444301039363e+25,2.533720118716222e-07
sed,VegasAfterglow,1000.0,4.4667584993472284e+25,2.499083286788927e-07
sed,VegasAfterglow,1000.0,5.373035512068676e+25,2.4606803111510477e-07
sed,VegasAfterglow,1000.0,6.4631903914594545e+25,2.415181120291451e-07
sed,VegasAfterglow,1000.0,7.77453079221715e+25,2.3555161491458604e-07
sed,VegasAfterglow,1000.0,9.351933855917773e+25,2.2935461146206364e-07
sed,VegasAfterglow,1000.0,1.124938201196837e+26,2.2321676865527727e-07
sed,VegasAfterglow,1000.0,1.3531810382845927e+26,2.1709573738375447e-07
sed,VegasAfterglow,1000.0,1.6277329016161534e+26,2.108783825069772e-07
sed,VegasAfterglow,1000.0,1.9579895993535867e+26,2.0427176959945464e-07
sed,VegasAfterglow,1000.0,2.355253289633944e+26,1.9682477986117282e-07
sed,VegasAfterglow,1000.0,2.8331192669066454e+26,1.8927194235953394e-07
sed,VegasAfterglow,1000.0,3.407941224769592e+26,1.8194618214476953e-07
sed,VegasAfterglow,1000.0,4.0993909176879945e+26,1.7471769760371175e-07
sed,VegasAfterglow,1000.0,4.931131374532179e+26,1.6749925020117344e-07
sed,VegasAfterglow,1000.0,5.93162670287843e+26,1.5986610804755995e-07
sed,VegasAfterglow,1000.0,7.135116197474798e+26,1.5211497848504678e-07
sed,VegasAfterglow,1000.0,8.582786089145135e+26,1.4472578692338962e-07
sed,VegasAfterglow,1000.0,1.0324179034126238e+27,1.3761900083367416e-07
sed,VegasAfterglow,1000.0,1.2418889579864547e+27,1.3079268565187086e-07
sed,VegasAfterglow,1000.0,1.493860363008731e+27,1.2418286179229772e-07
sed,VegasAfterglow,1000.0,1.796955170441977e+27,1.17743444988346e-07
sed,VegasAfterglow,1000.0,2.161545994884469e+27,1.1132067945088856e-07
sed,VegasAfterglow,1000.0,2.600109988749392e+27,1.049019154518624e-07
sed,VegasAfterglow,1000.0,3.12765583966015e+27,9.87702833961321e-08
sed,VegasAfterglow,1000.0,3.762237402912806e+27,9.297028583028264e-08
sed,VegasAfterglow,1000.0,4.5255715467128334e+27,8.741182091510442e-08
sed,VegasAfterglow,1000.0,5.443781354297298e+27,8.206224554378998e-08
sed,VegasAfterglow,1000.0,6.548290117061673e+27,7.690608497647001e-08
sed,VegasAfterglow,1000.0,7.876896713230017e+27,7.190476063450061e-08
sed,VegasAfterglow,1000.0,9.475069174048018e+27,6.717185819167575e-08
sed,VegasAfterglow,1000.0,1.1397500706363858e+28,6.274349164570191e-08
sed,VegasAfterglow,1000.0,1.3709981422337991e+28,5.8622201309428244e-08
sed,VegasAfterglow,1000.0,1.6491649831256495e+28,5.469364770519822e-08
sed,VegasAfterglow,1000.0,1.9837701144776913e+28,5.086246443715695e-08
sed,VegasAfterglow,1000.0,2.38626450801555e+28,4.724647802540426e-08
sed,VegasAfterglow,1000.0,2.8704224651120867e+28,4.387911866527024e-08
sed,VegasAfterglow,1000.0,3.452813005659635e+28,4.0753480655799995e-08
sed,VegasAfterglow,1000.0,4.153366898759547e+28,3.7736363912647555e-08
sed,VegasAfterglow,1000.0,4.996058740347587e+28,3.490266090017637e-08
sed,VegasAfterglow,1000.0,6.009727420050007e+28,3.220876056523761e-08
sed,VegasAfterglow,1000.0,7.2290630555693745e+28,2.962319605050227e-08
sed,VegasAfterglow,1000.0,8.69579416980658e+28,2.72242488540244e-08
sed,VegasAfterglow,1000.0,1.0460115738703708e+29,2.5014812202809852e-08
sed,VegasAfterglow,1000.0,1.2582406980949714e+29,2.2969747532135597e-08
sed,VegasAfterglow,1000.0,1.513529767634035e+29,2.1081035052668965e-08
sed,VegasAfterglow,1000.0,1.820615372704636e+29,1.9316870967587456e-08
sed,VegasAfterglow,1000.0,2.1900067023524398e+29,1.7639109272083634e-08
sed,VegasAfterglow,1000.0,2.6343451935285067e+29,1.6058630155466875e-08
sed,VegasAfterglow,1000.0,3.1688371506864813e+29,1.4614596784436282e-08
sed,VegasAfterglow,1000.0,3.811774141156066e+29,1.329333451114386e-08
sed,VegasAfterglow,1000.0,4.585158975442635e+29,1.20777556649993e-08
sed,VegasAfterglow,1000.0,5.5154586949650035e+29,1.0957118633652798e-08
sed,VegasAfterglow,1000.0,6.634510336237281e+29,9.91440819095679e-09
sed,VegasAfterglow,1000.0,7.98061046886659e+29,8.94012801582487e-09
sed,VegasAfterglow,1000.0,9.599825793911563e+29,8.05715997374586e-09
sed,VegasAfterglow,1000.0,1.1547569654347151e+30,7.260582625180362e-09
sed,VegasAfterglow,1000.0,1.3890498409520274e+30,6.538798618932061e-09
sed,VegasAfterglow,1000.0,1.670879257197189e+30,5.879546161263559e-09
sed,VegasAfterglow,1000.0,2.0098900772476115e+30,5.270996298052242e-09
sed,VegasAfterglow,1000.0,2.417684045820695e+30,4.70800563168851e-09
sed,VegasAfterglow,100000.0,100000000.0,4.408725630776996e-18
sed,VegasAfterglow,100000.0,120289366.72653936,7.673467082525039e-18
sed,VegasAfterglow,100000.0,144695317.47471872,1.3355724423042146e-17
sed,VegasAfterglow,100000.0,174053081.0732948,2.3245549959232197e-17
sed,VegasAfterglow,100000.0,209367348.99109644,4.045833497784855e-17
sed,VegasAfterglow,100000.0,251846658.23353347,7.041600784784031e-17
sed,VegasAfterglow,100000.0,302944750.3110693,1.225543968094116e-16
sed,VegasAfterglow,100000.0,364410321.68048114,2.132943267208041e-16
sed,VegasAfterglow,100000.0,438346868.2355957,3.7121129918388674e-16
sed,VegasAfterglow,100000.0,527284671.86621594,6.460301504298308e-16
sed,VegasAfterglow,100000.0,634267392.6339822,1.1242733243787795e-15
sed,VegasAfterglow,100000.0,762956229.95235,1.9564814332076484e-15
sed,VegasAfterglow,100000.0,917755217.4103613,3.4045565588300665e-15
sed,VegasAfterglow,100000.0,1103961939.122698,5.92408563917776e-15
sed,VegasAfterglow,100000.0,1327948825.4727173,1.0307443203861468e-14
sed,VegasAfterglow,100000.0,1597381232.613649,1.7932427270705525e-14
sed,VegasAfterglow,100000.0,1921479768.9195468,3.119393696338849e-14
sed,VegasAfterglow,100000.0,2311335845.8118944,5.42525775908277e-14
sed,VegasAfterglow,100000.0,2780291251.8506303,9.433047436505689e-14
sed,VegasAfterglow,100000.0,3344394740.004496,1.6394756349583832e-13
sed,VegasAfterglow,100000.0,4022951253.587101,2.847619519344186e-13
sed,VegasAfterglow,100000.0,4839182586.6573,4.941111609982009e-13
sed,VegasAfterglow,100000.0,5821022088.231032,8.560019481737187e-13
sed,VegasAfterglow,100000.0,7002070606.945086,1.4791497091479227e-12
sed,VegasAfterglow,100000.0,8422746390.839395,2.5454266047069316e-12
sed,VegasAfterglow,100000.0,10131668294.523115,4.351646481463828e-12
sed,VegasAfterglow,100000.0,12187319630.315475,7.363231482839239e-12
sed,VegasAfterglow,100000.0,14660049604.245642,1.226529556871213e-11
sed,VegasAfterglow,100000.0,17634480830.743694,1.9973148833027517e-11
sed,VegasAfterglow,100000.0,21212405316.81448,3.1547308679776996e-11
sed,VegasAfterglow,100000.0,25516268023.063004,4.79980897995107e-11
sed,VegasAfterglow,100000.0,30693357217.188824,7.009006861821482e-11
sed,VegasAfterglow,100000.0,36920845023.67115,9.83447666062684e-11
sed,VegasAfterglow,100000.0,44411850669.06087,1.333024809040697e-10
sed,VegasAfterglow,100000.0,53422733921.34986,1.758594823838826e-10
sed,VegasAfterglow,100000.0,64261868321.99561,2.2747456765803802e-10
sed,VegasAfterglow,100000.0,77300194451.17143,2.902214258632217e-10
sed,VegasAfterglow,100000.0,92983914383.69725,3.66780085250422e-10
sed,VegasAfterglow,100000.0,111849761769.69742,4.604436571782747e-10
sed,VegasAfterglow,100000.0,134543370117.91139,5.751642215277009e-10
sed,VegasAfterglow,100000.0,161841367887.38028,7.156332532756312e-10
sed,VegasAfterglow,100000.0,194677956533.29776,8.873857538611427e-10
sed,VegasAfterglow,100000.0,234176881070.0714,1.0969190041805802e-09
sed,VegasAfterglow,100000.0,281689887259.1501,1.3518191724015413e-09
sed,VegasAfterglow,100000.0,338842981516.7343,1.660889996598977e-09
sed,VegasAfterglow,100000.0,407592076663.8045,2.0342774918296668e-09
sed,VegasAfterglow,100000.0,490289927846.4412,2.483583502941842e-09
sed,VegasAfterglow,100000.0,589766649330.4908,3.0219592419732506e-09
sed,VegasAfterglow,100000.0,709426567643.9775,3.6641678988869924e-09
sed,VegasAfterglow,100000.0,853364725608.7649,4.426603121249511e-09
sed,VegasAfterglow,100000.0,1026507024302.4535,5.3272477374737516e-09
sed,VegasAfterglow,100000.0,1234778798936.8647,6.3855546980529694e-09
sed,VegasAfterglow,100000.0,1485307597714.7231,7.622230052616093e-09
sed,VegasAfterglow,100000.0,1786667103232.2153,9.058896209172029e-09
sed,VegasAfterglow,100000.0,2149170543989.437,1.0717613243844471e-08
sed,VegasAfterglow,100000.0,2585223637238.2144,1.2620237777731484e-08
sed,VegasAfterglow,100000.0,3109749141698.6553,1.4787604839757337e-08
sed,VegasAfterglow,100000.0,3740697549333.305,1.7238501266893838e-08
sed,VegasAfterglow,100000.0,4499661393248.21,1.9988498902380558e-08
sed,VegasAfterglow,100000.0,5412614194776.85,2.30485838741527e-08
sed,VegasAfterglow,100000.0,6510799338247.85,2.642368993435598e-08
sed,VegasAfterglow,100000.0,7831799292814.053,3.01112010318485e-08
sed,VegasAfterglow,100000.0,9420821772619.611,3.409953206164364e-08
sed,VegasAfterglow,100000.0,11332246850720.07,3.836693353308725e-08
sed,VegasAfterglow,100000.0,13631487972619.373,4.2880685013678544e-08
sed,VegasAfterglow,100000.0,16397230557668.22,4.759684563061187e-08
sed,VegasAfterglow,100000.0,19724124798509.7,5.246070810318362e-08
sed,VegasAfterglow,100000.0,23726024812479.625,5.7408051506788236e-08
sed,VegasAfterglow,100000.0,28539884996313.336,6.236720865141175e-08
sed,VegasAfterglow,100000.0,34330446926547.934,6.726186511002177e-08
sed,VegasAfterglow,100000.0,41295877202335.2,7.201440377433855e-08
sed,VegasAfterglow,100000.0,49674549170858.35,7.654952064847474e-08
sed,VegasAfterglow,100000.0,59753200621888.914,8.079778334755075e-08
sed,VegasAfterglow,100000.0,71876746626908.75,8.469879692152891e-08
sed,VegasAfterglow,100000.0,86460083341147.77,8.820368607521762e-08
sed,VegasAfterglow,100000.0,104002286722304.8,9.127669136638379e-08
sed,VegasAfterglow,100000.0,125103692079380.17,9.38957925601683e-08
sed,VegasAfterglow,100000.0,150486438953806.2,9.605239258307243e-08
sed,VegasAfterglow,100000.0,181019184426853.7,9.775019930720705e-08
sed,VegasAfterglow,100000.0,217746830600608.62,9.900351278589991e-08
sed,VegasAfterglow,100000.0,261926283596582.53,9.98351561382099e-08
sed,VegasAfterglow,100000.0,315069467828688.6,1.0027428106312778e-07
sed,VegasAfterglow,100000.0,378995067599805.7,1.0035424400450538e-07
sed,VegasAfterglow,100000.0,455890766740627.8,1.0011069347915762e-07
sed,VegasAfterglow,100000.0,548388116277063.7,9.957995734672265e-08
sed,VegasAfterglow,100000.0,659652592273280.9,9.87977648970531e-08
sed,VegasAfterglow,100000.0,793491925840727.0,9.779829979111579e-08
sed,VegasAfterglow,100000.0,954486412620035.6,9.661355228097913e-08
sed,VegasAfterglow,100000.0,1148145661231499.5,9.527293076990534e-08
sed,VegasAfterglow,100000.0,1381097144993614.5,9.380306975446898e-08
sed,VegasAfterglow,100000.0,1661313009591127.0,9.222779788853087e-08
sed,VegasAfterglow,100000.0,1998382898582786.8,9.056821244978448e-08
sed,VegasAfterglow,100000.0,2403842133476685.5,8.884283048326111e-08
sed,VegasAfterglow,100000.0,2891566479464849.5,8.706777906453628e-08
sed,VegasAfterglow,100000.0,3478247006625142.0,8.525701361431987e-08
sed,VegasAfterglow,100000.0,4183961297454212.0,8.342253441012468e-08
sed,VegasAfterglow,100000.0,5032860548791150.0,8.157461320667789e-08
sed,VegasAfterglow,100000.0,6053996082370733.0,7.972199043058493e-08
sed,VegasAfterglow,100000.0,7282313549133226.0,7.78720705741186e-08
sed,VegasAfterglow,100000.0,8759848851293366.0,7.60310857818496e-08
sed,VegasAfterglow,100000.0,1.053716670942278e+16,7.420426910254758e-08
sed,VegasAfterglow,100000.0,1.2675091105684438e+16,7.239597249410878e-08
sed,VegasAfterglow,100000.0,1.5246786823039662e+16,7.060980964982232e-08
sed,VegasAfterglow,100000.0,1.8340263315579784e+16,6.884873636740638e-08
sed,VegasAfterglow,100000.0,2.206138659829082e+16,6.711516792405879e-08
sed,VegasAfterglow,100000.0,2.653750223017776e+16,6.541103424742306e-08
sed,VegasAfterglow,100000.0,3.1921793377721956e+16,6.373786650011127e-08
sed,VegasAfterglow,100000.0,3.839852310181596e+16,6.209685744280892e-08
sed,VegasAfterglow,100000.0,4.618934027151852e+16,6.04889077551842e-08
sed,VegasAfterglow,100000.0,5.556086490777627e+16,5.891470249150534e-08
sed,VegasAfterglow,100000.0,6.683381254535184e+16,5.737469920096946e-08
sed,VegasAfterglow,100000.0,8.039396987000581e+16,5.586909361052215e-08
sed,VegasAfterglow,100000.0,9.670539724295523e+16,5.4397997382529725e-08
sed,VegasAfterglow,100000.0,1.1632630993393557e+17,5.296148035083124e-08
sed,VegasAfterglow,100000.0,1.3992818155588197e+17,5.155943629957592e-08
sed,VegasAfterglow,100000.0,1.6831872346553197e+17,5.019169099349778e-08
sed,VegasAfterglow,100000.0,2.0246952653888422e+17,4.8857920763457206e-08
sed,VegasAfterglow,100000.0,2.4354931128784736e+17,4.7557744618177654e-08
sed,VegasAfterglow,100000.0,2.929639242149984e+17,4.6290666828968e-08
sed,VegasAfterglow,100000.0,3.5240444917543885e+17,4.505663017726005e-08
sed,VegasAfterglow,100000.0,4.2390508022928634e+17,4.385532684601722e-08
sed,VegasAfterglow,100000.0,5.099127365294392e+17,4.268608369824776e-08
sed,VegasAfterglow,100000.0,6.13370801629227e+17,4.154775305615023e-08
sed,VegasAfterglow,100000.0,7.378198529652922e+17,4.044048169958271e-08
sed,VegasAfterglow,100000.0,8.875188287146373e+17,3.936420222837206e-08
sed,VegasAfterglow,100000.0,1.0675907786396411e+18,3.831819100330715e-08
sed,VegasAfterglow,100000.0,1.2841981868565496e+18,3.7301142139556854e-08
sed,VegasAfterglow,100000.0,1.5447538664834376e+18,3.631308050597033e-08
sed,VegasAfterglow,100000.0,1.858174643476666e+18,3.535315317420635e-08
sed,VegasAfterglow,100000.0,2.2351865113112212e+18,3.442124561255644e-08
sed,VegasAfterglow,100000.0,2.688691699613285e+18,3.351699986493517e-08
sed,VegasAfterglow,100000.0,3.234210218693835e+18,3.264033326609094e-08
sed,VegasAfterglow,100000.0,3.890410990671853e+18,3.1789277179383215e-08
sed,VegasAfterglow,100000.0,4.679750743738878e+18,3.0963132240997536e-08
sed,VegasAfterglow,100000.0,5.629242534023988e+18,3.016297659560787e-08
sed,VegasAfterglow,100000.0,6.771380195678424e+18,2.9389461796571135e-08
sed,VegasAfterglow,100000.0,8.145250356027911e+18,2.8637462863982244e-08
sed,VegasAfterglow,100000.0,9.797870071557206e+18,2.7908284421596573e-08
sed,VegasAfterglow,100000.0,1.1785795861765243e+19,2.7201482412146093e-08
sed,VegasAfterglow,100000.0,1.4177059205800034e+19,2.6518513662515268e-08
sed,VegasAfterglow,100000.0,1.7053494739103482e+19,2.5859079111722778e-08
sed,VegasAfterglow,100000.0,2.0513540826411364e+19,2.5222294241595055e-08
sed,VegasAfterglow,100000.0,2.4675608353280238e+19,2.459960044679488e-08
sed,VegasAfterglow,100000.0,2.9682133024081723e+19,2.399714741665273e-08
sed,VegasAfterglow,100000.0,3.5704449845597057e+19,2.3415850951318378e-08
sed,VegasAfterglow,100000.0,4.294865661246373e+19,2.2855486847508746e-08
sed,VegasAfterglow,100000.0,5.166266705668838e+19,2.2315221683798415e-08
sed,VegasAfterglow,100000.0,6.214469503653066e+19,2.179473770518668e-08
sed,VegasAfterglow,100000.0,7.475346011358218e+19,2.1283853520309427e-08
sed,VegasAfterglow,100000.0,8.992046377680455e+19,2.0786897135206807e-08
sed,VegasAfterglow,100000.0,1.0816475643468497e+20,2.0307908240337068e-08
sed,VegasAfterglow,100000.0,1.3011070053658575e+20,1.9846630624310465e-08
sed,VegasAfterglow,100000.0,1.5650933771892366e+20,1.940284015024914e-08
sed,VegasAfterglow,100000.0,1.8826409120999486e+20,1.8976234036701252e-08
sed,VegasAfterglow,100000.0,2.2646168308997633e+20,1.8555478429636746e-08
sed,VegasAfterglow,100000.0,2.7240932446719387e+20,1.8142577963139128e-08
sed,VegasAfterglow,100000.0,3.2767945130563266e+20,1.774446439872743e-08
sed,VegasAfterglow,100000.0,3.9416353686854605e+20,1.736085207813894e-08
sed,VegasAfterglow,100000.0,4.741368223661015e+20,1.699145149604728e-08
sed,VegasAfterglow,100000.0,5.70336181041518e+20,1.663597753968425e-08
sed,VegasAfterglow,100000.0,6.860537803871738e+20,1.6284534273895833e-08
sed,VegasAfterglow,100000.0,8.25249747831211e+20,1.5933014295839196e-08
sed,VegasAfterglow,100000.0,9.926876955785307e+20,1.559292142268845e-08
sed,VegasAfterglow,100000.0,1.1940977425836865e+21,1.5264000441913603e-08
sed,VegasAfterglow,100000.0,1.4363726126498128e+21,1.4945878239784983e-08
sed,VegasAfterglow,100000.0,1.7278035195899148e+21,1.4638169419758421e-08
sed,VegasAfterglow,100000.0,2.0783639119935753e+21,1.4334406723045232e-08
sed,VegasAfterglow,100000.0,2.500050788009991e+21,1.4026710294238428e-08
sed,VegasAfterglow,100000.0,3.007295260739063e+21,1.3726966814183185e-08
sed,VegasAfterglow,100000.0,3.617456424740264e+21,1.3434968486209317e-08
sed,VegasAfterglow,100000.0,4.351415424928593e+21,1.3150171110888534e-08
sed,VegasAfterglow,100000.0,5.234290058287535e+21,1.2871986679019922e-08
sed,VegasAfterglow,100000.0,6.296294363744258e+21,1.2595185616514968e-08
sed,VegasAfterglow,100000.0,7.573772617386789e+21,1.2309319068797193e-08
sed,VegasAfterglow,100000.0,9.11044311876265e+21,1.2026777884313834e-08
sed,VegasAfterglow,100000.0,1.0958894333541128e+22,1.174732357970019e-08
sed,VegasAfterglow,100000.0,1.3182384594047174e+22,1.1470007117058636e-08
sed,VegasAfterglow,100000.0,1.5857006947636297e+22,1.1193780201715594e-08
sed,VegasAfterglow,100000.0,1.9074293239095126e+22,1.092681630421508e-08
sed,VegasAfterglow,100000.0,2.2944346544870544e+22,1.0650283694122889e-08
sed,VegasAfterglow,100000.0,2.759960915836728e+22,1.03677268140412e-08
sed,VegasAfterglow,100000.0,3.3199395075600096e+22,1.0078959491915697e-08
sed,VegasAfterglow,100000.0,3.993534209348141e+22,9.801020295427e-09
sed,VegasAfterglow,100000.0,4.803797010432569e+22,9.539141095321446e-09
sed,VegasAfterglow,100000.0,5.778457002677744e+22,9.259957997899796e-09
sed,VegasAfterglow,100000.0,6.950869335086453e+22,8.94740721990937e-09
sed,VegasAfterglow,100000.0,8.361156705164745e+22,8.617019720706806e-09
sed,VegasAfterglow,100000.0,1.0057582451656214e+23,8.292339943595758e-09
sed,VegasAfterglow,100000.0,1.209820223909676e+23,7.940751047105848e-09
sed,VegasAfterglow,100000.0,1.4552850858705558e+23,7.559447331220813e-09
sed,VegasAfterglow,100000.0,1.7505532138594733e+23,7.148906142461688e-09
sed,VegasAfterglow,100000.0,2.105729375162634e+23,6.703963935133093e-09
sed,VegasAfterglow,100000.0,2.532968530357836e+23,6.2269350559666466e-09
sed,VegasAfterglow,100000.0,3.046891804549984e+23,5.72852620248229e-09
sed,VegasAfterglow,100000.0,3.665086856536018e+23,5.217073690236272e-09
sed,VegasAfterglow,100000.0,4.408709769704786e+23,4.703833646813045e-09
sed,VegasAfterglow,100000.0,5.3032090627889366e+23,4.202599966411129e-09
sed,VegasAfterglow,100000.0,6.379196597813281e+23,3.7167835254265112e-09
sed,VegasAfterglow,100000.0,7.67349518975057e+23,3.2681310636831236e-09
sed,VegasAfterglow,100000.0,9.230398769542383e+23,2.877949453528329e-09
sed,VegasAfterglow,100000.0,1.1103188226216768e+24,2.5557628913280928e-09
sed,VegasAfterglow,100000.0,1.3355954803771882e+24,2.3045209222689984e-09
sed,VegasAfterglow,100000.0,1.6065793453739944e+24,2.1196983270168602e-09
sed,VegasAfterglow,100000.0,1.9325441205097672e+24,1.9817810673826055e-09
sed,VegasAfterglow,100000.0,2.3246450842721588e+24,1.876994279008106e-09
sed,VegasAfterglow,100000.0,2.7963008505106185e+24,1.7988245141928508e-09
sed,VegasAfterglow,100000.0,3.3636525848480433e+24,1.7354885073652814e-09
sed,VegasAfterglow,100000.0,4.0461163931945993e+24,1.6794707403305221e-09
sed,VegasAfterglow,100000.0,4.867047786392459e+24,1.6270042531422972e-09
sed,VegasAfterglow,100000.0,5.854540960529565e+24,1.5721254385391167e-09
sed,VegasAfterglow,100000.0,7.042390246166839e+24,1.5117194800089319e-09
sed,VegasAfterglow,100000.0,8.4712466295257e+24,1.4535311799648948e-09
sed,VegasAfterglow,100000.0,1.0190008924499732e+25,1.3975836821585035e-09
sed,VegasAfterglow,100000.0,1.2257497204658623e+25,1.3437899146119817e-09
sed,VegasAfterglow,100000.0,1.474446576400706e+25,1.2920669229453918e-09
sed,VegasAfterglow,100000.0,1.7736024494735567e+25,1.2401808916305361e-09
sed,VegasAfterglow,100000.0,2.1334551547181226e+25,1.1842336106503868e-09
sed,VegasAfterglow,100000.0,2.566319695005151e+25,1.1305632540654832e-09
sed,VegasAfterglow,100000.0,3.0870097093001393e+25,1.079325423626354e-09
sed,VegasAfterglow,100000.0,3.7133444301039363e+25,1.0304098622951259e-09
sed,VegasAfterglow,100000.0,4.4667584993472284e+25,9.837113108551953e-10
sed,VegasAfterglow,100000.0,5.373035512068676e+25,9.382090584368433e-10
sed,VegasAfterglow,100000.0,6.4631903914594545e+25,8.902053234197152e-10
sed,VegasAfterglow,100000.0,7.77453079221715e+25,8.442898403728834e-10
sed,VegasAfterglow,100000.0,9.351933855917773e+25,8.007427004372658e-10
sed,VegasAfterglow,100000.0,1.124938201196837e+26,7.59441738674753e-10
sed,VegasAfterglow,100000.0,1.3531810382845927e+26,7.202710919533787e-10
sed,VegasAfterglow,100000.0,1.6277329016161534e+26,6.82892758781173e-10
sed,VegasAfterglow,100000.0,1.9579895993535867e+26,6.463157557170684e-10
sed,VegasAfterglow,100000.0,2.355253289633944e+26,6.097475351968843e-10
sed,VegasAfterglow,100000.0,2.8331192669066454e+26,5.74959210694601e-10
sed,VegasAfterglow,100000.0,3.407941224769592e+26,5.421557827929892e-10
sed,VegasAfterglow,100000.0,4.0993909176879945e+26,5.112239949846957e-10
sed,VegasAfterglow,100000.0,4.931131374532179e+26,4.819963624238933e-10
sed,VegasAfterglow,100000.0,5.93162670287843e+26,4.527765931658597e-10
sed,VegasAfterglow,100000.0,7.135116197474798e+26,4.2485558620483664e-10
sed,VegasAfterglow,100000.0,8.582786089145135e+26,3.9865654152538814e-10
sed,VegasAfterglow,100000.0,1.0324179034126238e+27,3.7407325001353814e-10
sed,VegasAfterglow,100000.0,1.2418889579864547e+27,3.510060541296125e-10
sed,VegasAfterglow,100000.0,1.493860363008731e+27,3.2934514508222815e-10
sed,VegasAfterglow,100000.0,1.796955170441977e+27,3.076391772257058e-10
sed,VegasAfterglow,100000.0,2.161545994884469e+27,2.866481075770965e-10
sed,VegasAfterglow,100000.0,2.600109988749392e+27,2.67089249788061e-10
sed,VegasAfterglow,100000.0,3.12765583966015e+27,2.4886499816830355e-10
sed,VegasAfterglow,100000.0,3.762237402912806e+27,2.3188428218264213e-10
sed,VegasAfterglow,100000.0,4.5255715467128334e+27,2.1606224596004404e-10
sed,VegasAfterglow,100000.0,5.443781354297298e+27,2.0048810303818433e-10
sed,VegasAfterglow,100000.0,6.548290117061673e+27,1.8531759378127368e-10
sed,VegasAfterglow,100000.0,7.876896713230017e+27,1.7129251348216278e-10
sed,VegasAfterglow,100000.0,9.475069174048018e+27,1.5832897273390944e-10
sed,VegasAfterglow,100000.0,1.1397500706363858e+28,1.4634661725901772e-10
sed,VegasAfterglow,100000.0,1.3709981422337991e+28,1.3527117586228585e-10
sed,VegasAfterglow,100000.0,1.6491649831256495e+28,1.250250010661712e-10
sed,VegasAfterglow,100000.0,1.9837701144776913e+28,1.1504240838424582e-10
sed,VegasAfterglow,100000.0,2.38626450801555e+28,1.0544131021723768e-10
sed,VegasAfterglow,100000.0,2.8704224651120867e+28,9.663967629005793e-11
sed,VegasAfterglow,100000.0,3.452813005659635e+28,8.857280937252872e-11
sed,VegasAfterglow,100000.0,4.153366898759547e+28,8.117936579134355e-11
sed,VegasAfterglow,100000.0,4.996058740347587e+28,7.421528466370481e-11
sed,VegasAfterglow,100000.0,6.009727420050007e+28,6.738666863440087e-11
sed,VegasAfterglow,100000.0,7.2290630555693745e+28,6.117385678510516e-11
sed,VegasAfterglow,100000.0,8.69579416980658e+28,5.553397956494913e-11
sed,VegasAfterglow,100000.0,1.0460115738703708e+29,5.04141895614719e-11
sed,VegasAfterglow,100000.0,1.2582406980949714e+29,4.576651513333169e-11
sed,VegasAfterglow,100000.0,1.513529767634035e+29,4.1463274677053414e-11
sed,VegasAfterglow,100000.0,1.820615372704636e+29,3.71632955390796e-11
sed,VegasAfterglow,100000.0,2.1900067023524398e+29,3.3264793103682583e-11
sed,VegasAfterglow,100000.0,2.6343451935285067e+29,2.977387808210105e-11
sed,VegasAfterglow,100000.0,3.1688371506864813e+29,2.6644905038624383e-11
sed,VegasAfterglow,100000.0,3.811774141156066e+29,2.382491000247478e-11
sed,VegasAfterglow,100000.0,4.585158975442635e+29,2.119179798733218e-11
sed,VegasAfterglow,100000.0,5.5154586949650035e+29,1.8666863361611246e-11
sed,VegasAfterglow,100000.0,6.634510336237281e+29,1.6419649209795315e-11
sed,VegasAfterglow,100000.0,7.98061046886659e+29,1.4443070938423662e-11
sed,VegasAfterglow,100000.0,9.599825793911563e+29,1.2704484203132036e-11
sed,VegasAfterglow,100000.0,1.1547569654347151e+30,1.1175226993069013e-11
sed,VegasAfterglow,100000.0,1.3890498409520274e+30,9.824470033889015e-12
sed,VegasAfterglow,100000.0,1.670879257197189e+30,8.529579682413712e-12
sed,VegasAfterglow,100000.0,2.0098900772476115e+30,7.38130798430649e-12
sed,VegasAfterglow,100000.0,2.417684045820695e+30,6.387648237373971e-12
sed,VegasAfterglow,10000000.0,100000000.0,2.212156601186555e-18
sed,VegasAfterglow,10000000.0,120289366.72653936,3.741214193403422e-18
sed,VegasAfterglow,10000000.0,144695317.47471872,6.311710931797913e-18
sed,VegasAfterglow,10000000.0,174053081.0732948,1.062372238803079e-17
sed,VegasAfterglow,10000000.0,209367348.99109644,1.7845283086976287e-17
sed,VegasAfterglow,10000000.0,251846658.23353347,2.9929217990910526e-17
sed,VegasAfterglow,10000000.0,302944750.3110693,5.01545590546961e-17
sed,VegasAfterglow,10000000.0,364410321.68048114,8.406591394784733e-17
sed,VegasAfterglow,10000000.0,438346868.2355957,1.411324764730129e-16
sed,VegasAfterglow,10000000.0,527284671.86621594,2.3773365810542787e-16
sed,VegasAfterglow,10000000.0,634267392.6339822,4.026297692600213e-16
sed,VegasAfterglow,10000000.0,762956229.95235,6.871407017963004e-16
sed,VegasAfterglow,10000000.0,917755217.4103613,1.1842961984782826e-15
sed,VegasAfterglow,10000000.0,1103961939.122698,2.0650843397503263e-15
sed,VegasAfterglow,10000000.0,1327948825.4727173,3.64709844246887e-15
sed,VegasAfterglow,10000000.0,1597381232.613649,6.523811003329353e-15
sed,VegasAfterglow,10000000.0,1921479768.9195468,1.180485583867485e-14
sed,VegasAfterglow,10000000.0,2311335845.8118944,2.1552167931059134e-14
sed,VegasAfterglow,10000000.0,2780291251.8506303,3.953954936930895e-14
sed,VegasAfterglow,10000000.0,3344394740.004496,7.248077262905845e-14
sed,VegasAfterglow,10000000.0,4022951253.587101,1.3174618833131832e-13
sed,VegasAfterglow,10000000.0,4839182586.6573,2.3503970935884974e-13
sed,VegasAfterglow,10000000.0,5821022088.231032,4.0618925074772496e-13
sed,VegasAfterglow,10000000.0,7002070606.945086,6.696303346694418e-13
sed,VegasAfterglow,10000000.0,8422746390.839395,1.0376438525424638e-12
sed,VegasAfterglow,10000000.0,10131668294.523115,1.4970250911413223e-12
sed,VegasAfterglow,10000000.0,12187319630.315475,2.0099805400839218e-12
sed,VegasAfterglow,10000000.0,14660049604.245642,2.5330405811682493e-12
sed,VegasAfterglow,10000000.0,17634480830.743694,3.0366875879924555e-12
sed,VegasAfterglow,10000000.0,21212405316.81448,3.5102826838984825e-12
sed,VegasAfterglow,10000000.0,25516268023.063004,3.955580346607609e-12
sed,VegasAfterglow,10000000.0,30693357217.188824,4.378864972814622e-12
sed,VegasAfterglow,10000000.0,36920845023.67115,4.78633537671923e-12
sed,VegasAfterglow,10000000.0,44411850669.06087,5.1824546759030375e-12
sed,VegasAfterglow,10000000.0,53422733921.34986,5.56982095319434e-12
sed,VegasAfterglow,10000000.0,64261868321.99561,5.949556942269755e-12
sed,VegasAfterglow,10000000.0,77300194451.17143,6.321762005342162e-12
sed,VegasAfterglow,10000000.0,92983914383.69725,6.685876666865985e-12
sed,VegasAfterglow,10000000.0,111849761769.69742,7.040938744959943e-12
sed,VegasAfterglow,10000000.0,134543370117.91139,7.385751552521065e-12
sed,VegasAfterglow,10000000.0,161841367887.38028,7.718991360125445e-12
sed,VegasAfterglow,10000000.0,194677956533.29776,8.039276820303035e-12
sed,VegasAfterglow,10000000.0,234176881070.0714,8.345216416844656e-12
sed,VegasAfterglow,10000000.0,281689887259.1501,8.635444196046163e-12
sed,VegasAfterglow,10000000.0,338842981516.7343,8.90864971675921e-12
sed,VegasAfterglow,10000000.0,407592076663.8045,9.16360562910707e-12
sed,VegasAfterglow,10000000.0,490289927846.4412,9.399191221590955e-12
sed,VegasAfterglow,10000000.0,589766649330.4908,9.61442684496058e-12
sed,VegasAfterglow,10000000.0,709426567643.9775,9.808459767266309e-12
sed,VegasAfterglow,10000000.0,853364725608.7649,9.980639471103465e-12
sed,VegasAfterglow,10000000.0,1026507024302.4535,1.0130488017012589e-11
sed,VegasAfterglow,10000000.0,1234778798936.8647,1.0257723156010457e-11
sed,VegasAfterglow,10000000.0,1485307597714.7231,1.0362262627253563e-11
sed,VegasAfterglow,10000000.0,1786667103232.2153,1.0444223272109572e-11
sed,VegasAfterglow,10000000.0,2149170543989.437,1.0503915110282326e-11
sed,VegasAfterglow,10000000.0,2585223637238.2144,1.054183073554203e-11
sed,VegasAfterglow,10000000.0,3109749141698.6553,1.0558630623197939e-11
sed,VegasAfterglow,10000000.0,3740697549333.305,1.0555125317436097e-11
sed,VegasAfterglow,10000000.0,4499661393248.21,1.0532254757822233e-11
sed,VegasAfterglow,10000000.0,5412614194776.85,1.049106691847432e-11
sed,VegasAfterglow,10000000.0,6510799338247.85,1.043269449480037e-11
sed,VegasAfterglow,10000000.0,7831799292814.053,1.0358334138331703e-11
sed,VegasAfterglow,10000000.0,9420821772619.611,1.0269221335365257e-11
sed,VegasAfterglow,10000000.0,11332246850720.07,1.0166616058368066e-11
sed,VegasAfterglow,10000000.0,13631487972619.373,1.005177701578572e-11
sed,VegasAfterglow,10000000.0,16397230557668.22,9.925953385441486e-12
sed,VegasAfterglow,10000000.0,19724124798509.7,9.790360566531782e-12
sed,VegasAfterglow,10000000.0,23726024812479.625,9.646182545324977e-12
sed,VegasAfterglow,10000000.0,28539884996313.336,9.494543687154422e-12
sed,VegasAfterglow,10000000.0,34330446926547.934,9.336526843027465e-12
sed,VegasAfterglow,10000000.0,41295877202335.2,9.173146766366485e-12
sed,VegasAfterglow,10000000.0,49674549170858.35,9.00534225011541e-12
sed,VegasAfterglow,10000000.0,59753200621888.914,8.833998148785834e-12
sed,VegasAfterglow,10000000.0,71876746626908.75,8.659934620821215e-12
sed,VegasAfterglow,10000000.0,86460083341147.77,8.483871712596628e-12
sed,VegasAfterglow,10000000.0,104002286722304.8,8.306518590746224e-12
sed,VegasAfterglow,10000000.0,125103692079380.17,8.128495184978787e-12
sed,VegasAfterglow,10000000.0,150486438953806.2,7.950351538634904e-12
sed,VegasAfterglow,10000000.0,181019184426853.7,7.772564851615689e-12
sed,VegasAfterglow,10000000.0,217746830600608.62,7.595585178113482e-12
sed,VegasAfterglow,10000000.0,261926283596582.53,7.419839446095038e-12
sed,VegasAfterglow,10000000.0,315069467828688.6,7.245655242036678e-12
sed,VegasAfterglow,10000000.0,378995067599805.7,7.073367744682322e-12
sed,VegasAfterglow,10000000.0,455890766740627.8,6.9031768034392056e-12
sed,VegasAfterglow,10000000.0,548388116277063.7,6.7353388750740674e-12
sed,VegasAfterglow,10000000.0,659652592273280.9,6.570034432856631e-12
sed,VegasAfterglow,10000000.0,793491925840727.0,6.407482432884851e-12
sed,VegasAfterglow,10000000.0,954486412620035.6,6.247775928367421e-12
sed,VegasAfterglow,10000000.0,1148145661231499.5,6.091049068350006e-12
sed,VegasAfterglow,10000000.0,1381097144993614.5,5.937358823771032e-12
sed,VegasAfterglow,10000000.0,1661313009591127.0,5.786772937551728e-12
sed,VegasAfterglow,10000000.0,1998382898582786.8,5.639392099710054e-12
sed,VegasAfterglow,10000000.0,2403842133476685.5,5.495236162510333e-12
sed,VegasAfterglow,10000000.0,2891566479464849.5,5.3543203433128005e-12
sed,VegasAfterglow,10000000.0,3478247006625142.0,5.216665385703417e-12
sed,VegasAfterglow,10000000.0,4183961297454212.0,5.0822168646370275e-12
sed,VegasAfterglow,10000000.0,5032860548791150.0,4.950976757295963e-12
sed,VegasAfterglow,10000000.0,6053996082370733.0,4.822804481291654e-12
sed,VegasAfterglow,10000000.0,7282313549133226.0,4.697855818947378e-12
sed,VegasAfterglow,10000000.0,8759848851293366.0,4.5761306728282585e-12
sed,VegasAfterglow,10000000.0,1.053716670942278e+16,4.4575885900935176e-12
sed,VegasAfterglow,10000000.0,1.2675091105684438e+16,4.3422220540136245e-12
sed,VegasAfterglow,10000000.0,1.5246786823039662e+16,4.230002733739546e-12
sed,VegasAfterglow,10000000.0,1.8340263315579784e+16,4.120522616683842e-12
sed,VegasAfterglow,10000000.0,2.206138659829082e+16,4.013870530956382e-12
sed,VegasAfterglow,10000000.0,2.653750223017776e+16,3.910185268699267e-12
sed,VegasAfterglow,10000000.0,3.1921793377721956e+16,3.809428915743712e-12
sed,VegasAfterglow,10000000.0,3.839852310181596e+16,3.711552868152653e-12
sed,VegasAfterglow,10000000.0,4.618934027151852e+16,3.6165193153552494e-12
sed,VegasAfterglow,10000000.0,5.556086490777627e+16,3.5239156170226707e-12
sed,VegasAfterglow,10000000.0,6.683381254535184e+16,3.4335186715755887e-12
sed,VegasAfterglow,10000000.0,8.039396987000581e+16,3.3457384884098536e-12
sed,VegasAfterglow,10000000.0,9.670539724295523e+16,3.2605241637605557e-12
sed,VegasAfterglow,10000000.0,1.1632630993393557e+17,3.1778346369504066e-12
sed,VegasAfterglow,10000000.0,1.3992818155588197e+17,3.097620628908382e-12
sed,VegasAfterglow,10000000.0,1.6831872346553197e+17,3.019600876262301e-12
sed,VegasAfterglow,10000000.0,2.0246952653888422e+17,2.943021114218267e-12
sed,VegasAfterglow,10000000.0,2.4354931128784736e+17,2.8687825492147213e-12
sed,VegasAfterglow,10000000.0,2.929639242149984e+17,2.7967444447289174e-12
sed,VegasAfterglow,10000000.0,3.5240444917543885e+17,2.7268595671701383e-12
sed,VegasAfterglow,10000000.0,4.2390508022928634e+17,2.659081701396955e-12
sed,VegasAfterglow,10000000.0,5.099127365294392e+17,2.593365658452167e-12
sed,VegasAfterglow,10000000.0,6.13370801629227e+17,2.5286740944315557e-12
sed,VegasAfterglow,10000000.0,7.378198529652922e+17,2.4658623841706165e-12
sed,VegasAfterglow,10000000.0,8.875188287146373e+17,2.4049144211776475e-12
sed,VegasAfterglow,10000000.0,1.0675907786396411e+18,2.3457862444224036e-12
sed,VegasAfterglow,10000000.0,1.2841981868565496e+18,2.2884349339692553e-12
sed,VegasAfterglow,10000000.0,1.5447538664834376e+18,2.232818614450518e-12
sed,VegasAfterglow,10000000.0,1.858174643476666e+18,2.1784118831464484e-12
sed,VegasAfterglow,10000000.0,2.2351865113112212e+18,2.1254553692858948e-12
sed,VegasAfterglow,10000000.0,2.688691699613285e+18,2.0740802903041206e-12
sed,VegasAfterglow,10000000.0,3.234210218693835e+18,2.024247626845859e-12
sed,VegasAfterglow,10000000.0,3.890410990671853e+18,1.975919326630626e-12
sed,VegasAfterglow,10000000.0,4.679750743738878e+18,1.9290582879444057e-12
sed,VegasAfterglow,10000000.0,5.629242534023988e+18,1.8830294925589643e-12
sed,VegasAfterglow,10000000.0,6.771380195678424e+18,1.837792400516222e-12
sed,VegasAfterglow,10000000.0,8.145250356027911e+18,1.793872605264661e-12
sed,VegasAfterglow,10000000.0,9.797870071557206e+18,1.7512353564700556e-12
sed,VegasAfterglow,10000000.0,1.1785795861765243e+19,1.7098467051352836e-12
sed,VegasAfterglow,10000000.0,1.4177059205800034e+19,1.6696734718346616e-12
sed,VegasAfterglow,10000000.0,1.7053494739103482e+19,1.6303840055286885e-12
sed,VegasAfterglow,10000000.0,2.0513540826411364e+19,1.5914657353111709e-12
sed,VegasAfterglow,10000000.0,2.4675608353280238e+19,1.5536436650315603e-12
sed,VegasAfterglow,10000000.0,2.9682133024081723e+19,1.516886901727086e-12
sed,VegasAfterglow,10000000.0,3.5704449845597057e+19,1.4811651051405037e-12
sed,VegasAfterglow,10000000.0,4.294865661246373e+19,1.4464484316110886e-12
sed,VegasAfterglow,10000000.0,5.166266705668838e+19,1.412671115590384e-12
sed,VegasAfterglow,10000000.0,6.214469503653066e+19,1.3790924554855437e-12
sed,VegasAfterglow,10000000.0,7.475346011358218e+19,1.3464216952045448e-12
sed,VegasAfterglow,10000000.0,8.992046377680455e+19,1.3146316311647109e-12
sed,VegasAfterglow,10000000.0,1.0816475643468497e+20,1.2836937230188977e-12
sed,VegasAfterglow,10000000.0,1.3011070053658575e+20,1.2535794131943659e-12
sed,VegasAfterglow,10000000.0,1.5650933771892366e+20,1.224259997493567e-12
sed,VegasAfterglow,10000000.0,1.8826409120999486e+20,1.195351954169148e-12
sed,VegasAfterglow,10000000.0,2.2646168308997633e+20,1.167097690986072e-12
sed,VegasAfterglow,10000000.0,2.7240932446719387e+20,1.1395481094973132e-12
sed,VegasAfterglow,10000000.0,3.2767945130563266e+20,1.1126722110634318e-12
sed,VegasAfterglow,10000000.0,3.9416353686854605e+20,1.0864378682128334e-12
sed,VegasAfterglow,10000000.0,4.741368223661015e+20,1.0608115361257895e-12
sed,VegasAfterglow,10000000.0,5.70336181041518e+20,1.0352888331092224e-12
sed,VegasAfterglow,10000000.0,6.860537803871738e+20,1.0099730925383825e-12
sed,VegasAfterglow,10000000.0,8.25249747831211e+20,9.851554089214426e-13
sed,VegasAfterglow,10000000.0,9.926876955785307e+20,9.60792788558953e-13
sed,VegasAfterglow,10000000.0,1.1940977425836865e+21,9.368386771180522e-13
sed,VegasAfterglow,10000000.0,1.4363726126498128e+21,9.132423646287847e-13
sed,VegasAfterglow,10000000.0,1.7278035195899148e+21,8.896940522664725e-13
sed,VegasAfterglow,10000000.0,2.0783639119935753e+21,8.659294268164066e-13
sed,VegasAfterglow,10000000.0,2.500050788009991e+21,8.423474996808399e-13
sed,VegasAfterglow,10000000.0,3.007295260739063e+21,8.188739034073379e-13
sed,VegasAfterglow,10000000.0,3.617456424740264e+21,7.954265384953442e-13
sed,VegasAfterglow,10000000.0,4.351415424928593e+21,7.719149304808922e-13
sed,VegasAfterglow,10000000.0,5.234290058287535e+21,7.481598679892687e-13
sed,VegasAfterglow,10000000.0,6.296294363744258e+21,7.235683696493809e-13
sed,VegasAfterglow,10000000.0,7.573772617386789e+21,6.986011669032514e-13
sed,VegasAfterglow,10000000.0,9.11044311876265e+21,6.731333448156722e-13
sed,VegasAfterglow,10000000.0,1.0958894333541128e+22,6.470343827640445e-13
sed,VegasAfterglow,10000000.0,1.3182384594047174e+22,6.201716646255605e-13
sed,VegasAfterglow,10000000.0,1.5857006947636297e+22,5.92415931399468e-13
sed,VegasAfterglow,10000000.0,1.9074293239095126e+22,5.631272848633209e-13
sed,VegasAfterglow,10000000.0,2.2944346544870544e+22,5.326844966021078e-13
sed,VegasAfterglow,10000000.0,2.759960915836728e+22,5.01093251360194e-13
sed,VegasAfterglow,10000000.0,3.3199395075600096e+22,4.683507831103232e-13
sed,VegasAfterglow,10000000.0,3.993534209348141e+22,4.3453270037397304e-13
sed,VegasAfterglow,10000000.0,4.803797010432569e+22,3.998180085812585e-13
sed,VegasAfterglow,10000000.0,5.778457002677744e+22,3.6395298070424884e-13
sed,VegasAfterglow,10000000.0,6.950869335086453e+22,3.276933337044059e-13
sed,VegasAfterglow,10000000.0,8.361156705164745e+22,2.919454608995774e-13
sed,VegasAfterglow,10000000.0,1.0057582451656214e+23,2.574663311323149e-13
sed,VegasAfterglow,10000000.0,1.209820223909676e+23,2.2511507812970057e-13
sed,VegasAfterglow,10000000.0,1.4552850858705558e+23,1.9577291440382317e-13
sed,VegasAfterglow,10000000.0,1.7505532138594733e+23,1.6991046257917702e-13
sed,VegasAfterglow,10000000.0,2.105729375162634e+23,1.480057316563587e-13
sed,VegasAfterglow,10000000.0,2.532968530357836e+23,1.3068539384681564e-13
sed,VegasAfterglow,10000000.0,3.046891804549984e+23,1.1771699039001584e-13
sed,VegasAfterglow,10000000.0,3.665086856536018e+23,1.0848475929990807e-13
sed,VegasAfterglow,10000000.0,4.408709769704786e+23,1.020756306630581e-13
sed,VegasAfterglow,10000000.0,5.3032090627889366e+23,9.741971671001888e-14
sed,VegasAfterglow,10000000.0,6.379196597813281e+23,9.343752970768777e-14
sed,VegasAfterglow,10000000.0,7.67349518975057e+23,9.003146718490733e-14
sed,VegasAfterglow,10000000.0,9.230398769542383e+23,8.690528392271213e-14
sed,VegasAfterglow,10000000.0,1.1103188226216768e+24,8.393216284416958e-14
sed,VegasAfterglow,10000000.0,1.3355954803771882e+24,8.106999006716635e-14
sed,VegasAfterglow,10000000.0,1.6065793453739944e+24,7.830644024834642e-14
sed,VegasAfterglow,10000000.0,1.9325441205097672e+24,7.534017185109558e-14
sed,VegasAfterglow,10000000.0,2.3246450842721588e+24,7.247633337426264e-14
sed,VegasAfterglow,10000000.0,2.7963008505106185e+24,6.972135562293773e-14
sed,VegasAfterglow,10000000.0,3.3636525848480433e+24,6.707110037598752e-14
sed,VegasAfterglow,10000000.0,4.0461163931945993e+24,6.45215869075959e-14
sed,VegasAfterglow,10000000.0,4.867047786392459e+24,6.206898581049424e-14
sed,VegasAfterglow,10000000.0,5.854540960529565e+24,5.947680637958859e-14
sed,VegasAfterglow,10000000.0,7.042390246166839e+24,5.691250095122833e-14
sed,VegasAfterglow,10000000.0,8.4712466295257e+24,5.4458753989676574e-14
sed,VegasAfterglow,10000000.0,1.0190008924499732e+25,5.211079883238071e-14
sed,VegasAfterglow,10000000.0,1.2257497204658623e+25,4.9864074328677016e-14
sed,VegasAfterglow,10000000.0,1.474446576400706e+25,4.771421597926233e-14
sed,VegasAfterglow,10000000.0,1.7736024494735567e+25,4.554841170182606e-14
sed,VegasAfterglow,10000000.0,2.1334551547181226e+25,4.3379643336145674e-14
sed,VegasAfterglow,10000000.0,2.566319695005151e+25,4.1314139961076576e-14
sed,VegasAfterglow,10000000.0,3.0870097093001393e+25,3.9346984657576904e-14
sed,VegasAfterglow,10000000.0,3.7133444301039363e+25,3.747349462363891e-14
sed,VegasAfterglow,10000000.0,4.4667584993472284e+25,3.5689210026905055e-14
sed,VegasAfterglow,10000000.0,5.373035512068676e+25,3.3951057446543546e-14
sed,VegasAfterglow,10000000.0,6.4631903914594545e+25,3.219993092161547e-14
sed,VegasAfterglow,10000000.0,7.77453079221715e+25,3.053912394431296e-14
sed,VegasAfterglow,10000000.0,9.351933855917773e+25,2.896397801584564e-14
sed,VegasAfterglow,10000000.0,1.124938201196837e+26,2.747007491332911e-14
sed,VegasAfterglow,10000000.0,1.3531810382845927e+26,2.605322429684471e-14
sed,VegasAfterglow,10000000.0,1.6277329016161534e+26,2.470540446336925e-14
sed,VegasAfterglow,10000000.0,1.9579895993535867e+26,2.3338747523331864e-14
sed,VegasAfterglow,10000000.0,2.355253289633944e+26,2.2047691498930485e-14
sed,VegasAfterglow,10000000.0,2.8331192669066454e+26,2.0828054288352842e-14
sed,VegasAfterglow,10000000.0,3.407941224769592e+26,1.9675885135868625e-14
sed,VegasAfterglow,10000000.0,4.0993909176879945e+26,1.8569364216676142e-14
sed,VegasAfterglow,10000000.0,4.931131374532179e+26,1.7524456289369405e-14
sed,VegasAfterglow,10000000.0,5.93162670287843e+26,1.6538345894637705e-14
sed,VegasAfterglow,10000000.0,7.135116197474798e+26,1.5499147524223396e-14
sed,VegasAfterglow,10000000.0,8.582786089145135e+26,1.4517256096636e-14
sed,VegasAfterglow,10000000.0,1.0324179034126238e+27,1.3597568786280711e-14
sed,VegasAfterglow,10000000.0,1.2418889579864547e+27,1.2736144880214757e-14
sed,VegasAfterglow,10000000.0,1.493860363008731e+27,1.1929293314866283e-14
sed,VegasAfterglow,10000000.0,1.796955170441977e+27,1.1112413095941893e-14
sed,VegasAfterglow,10000000.0,2.161545994884469e+27,1.0310350553573045e-14
sed,VegasAfterglow,10000000.0,2.600109988749392e+27,9.566178618216323e-15
sed,VegasAfterglow,10000000.0,3.12765583966015e+27,8.87571890939015e-15
sed,VegasAfterglow,10000000.0,3.762237402912806e+27,8.23509463032113e-15
sed,VegasAfterglow,10000000.0,4.5255715467128334e+27,7.640708800482639e-15
sed,VegasAfterglow,10000000.0,5.443781354297298e+27,7.06148333956511e-15
sed,VegasAfterglow,10000000.0,6.548290117061673e+27,6.478538415940645e-15
sed,VegasAfterglow,10000000.0,7.876896713230017e+27,5.943717204027844e-15
sed,VegasAfterglow,10000000.0,9.475069174048018e+27,5.453046958605098e-15
sed,VegasAfterglow,10000000.0,1.1397500706363858e+28,5.002882895538253e-15
sed,VegasAfterglow,10000000.0,1.3709981422337991e+28,4.589881117686362e-15
sed,VegasAfterglow,10000000.0,1.6491649831256495e+28,4.206011222329877e-15
sed,VegasAfterglow,10000000.0,1.9837701144776913e+28,3.819797230283809e-15
sed,VegasAfterglow,10000000.0,2.38626450801555e+28,3.4690470697481893e-15
sed,VegasAfterglow,10000000.0,2.8704224651120867e+28,3.1505042984715416e-15
sed,VegasAfterglow,10000000.0,3.452813005659635e+28,2.855584997258183e-15
sed,VegasAfterglow,10000000.0,4.153366898759547e+28,2.5819258102396316e-15
sed,VegasAfterglow,10000000.0,4.996058740347587e+28,2.3344082590995657e-15
sed,VegasAfterglow,10000000.0,6.009727420050007e+28,2.0810141894985214e-15
sed,VegasAfterglow,10000000.0,7.2290630555693745e+28,1.8516574851565876e-15
sed,VegasAfterglow,10000000.0,8.69579416980658e+28,1.6475790798268934e-15
sed,VegasAfterglow,10000000.0,1.0460115738703708e+29,1.465992953296103e-15
sed,VegasAfterglow,10000000.0,1.2582406980949714e+29,1.3044201435428416e-15
sed,VegasAfterglow,10000000.0,1.513529767634035e+29,1.1606549046519488e-15
sed,VegasAfterglow,10000000.0,1.820615372704636e+29,1.0211114202308103e-15
sed,VegasAfterglow,10000000.0,2.1900067023524398e+29,8.930057142021795e-16
sed,VegasAfterglow,10000000.0,2.6343451935285067e+29,7.809717823278945e-16
sed,VegasAfterglow,10000000.0,3.1688371506864813e+29,6.829933059296993e-16
sed,VegasAfterglow,10000000.0,3.811774141156066e+29,5.973069278895775e-16
sed,VegasAfterglow,10000000.0,4.585158975442635e+29,5.223705168172154e-16
sed,VegasAfterglow,10000000.0,5.5154586949650035e+29,4.537437221552948e-16
sed,VegasAfterglow,10000000.0,6.634510336237281e+29,3.9051416580809476e-16
sed,VegasAfterglow,10000000.0,7.98061046886659e+29,3.360956995362515e-16
sed,VegasAfterglow,10000000.0,9.599825793911563e+29,2.8926049077192924e-16
sed,VegasAfterglow,10000000.0,1.1547569654347151e+30,2.4895180641466136e-16
sed,VegasAfterglow,10000000.0,1.3890498409520274e+30,2.1426016998129347e-16
sed,VegasAfterglow,10000000.0,1.670879257197189e+30,1.8387319434583506e-16
sed,VegasAfterglow,10000000.0,2.0098900772476115e+30,1.5590446755541954e-16
sed,VegasAfterglow,10000000.0,2.417684045820695e+30,1.3219002961176408e-16
lightcurve,VegasAfterglow,100.0,100000000000000.0,5.5115818671665006e-21
lightcurve,VegasAfterglow,300.0,100000000000000.0,5.743742621322577e-21
lightcurve,VegasAfterglow,1000.0,100000000000000.0,5.483284865670568e-21
lightcurve,VegasAfterglow,10000.0,100000000000000.0,4.137353456541266e-21
lightcurve,VegasAfterglow,100000.0,100000000000000.0,9.073192145778746e-22
lightcurve,VegasAfterglow,1000000.0,100000000000000.0,7.229338636371304e-24
lightcurve,VegasAfterglow,10000000.0,100000000000000.0,8.344182723417806e-26
sed,fullhide_1d,1000.0,100000000.0,5.490182896646457e-21
sed,fullhide_1d,1000.0,120289366.72653936,9.572306891191614e-21
sed,fullhide_1d,1000.0,144695317.47471872,1.669179804195703e-20
sed,fullhide_1d,1000.0,174053081.0732948,2.913482667722482e-20
sed,fullhide_1d,1000.0,209367348.99109644,5.0863360035835247e-20
sed,fullhide_1d,1000.0,251846658.23353347,8.880365563147154e-20
sed,fullhide_1d,1000.0,302944750.3110693,1.5506836629733395e-19
sed,fullhide_1d,1000.0,364410321.68048114,2.710594279460574e-19
sed,fullhide_1d,1000.0,438346868.2355957,4.743503381806578e-19
sed,fullhide_1d,1000.0,527284671.86621594,8.301996511328006e-19
sed,fullhide_1d,1000.0,634267392.6339822,1.4532781436614674e-18
sed,fullhide_1d,1000.0,762956229.95235,2.54521527603535e-18
sed,fullhide_1d,1000.0,917755217.4103613,4.4717655526537624e-18
sed,fullhide_1d,1000.0,1103961939.122698,7.858636263871116e-18
sed,fullhide_1d,1000.0,1327948825.4727173,1.3813625088364463e-17
sed,fullhide_1d,1000.0,1597381232.613649,2.429225378837895e-17
sed,fullhide_1d,1000.0,1921479768.9195468,4.2857733175548244e-17
sed,fullhide_1d,1000.0,2311335845.8118944,7.579644343101676e-17
sed,fullhide_1d,1000.0,2780291251.8506303,1.3408811937617853e-16
sed,fullhide_1d,1000.0,3344394740.004496,2.3731069932620666e-16
sed,fullhide_1d,1000.0,4022951253.587101,4.205599377946987e-16
sed,fullhide_1d,1000.0,4839182586.6573,7.493233273528504e-16
sed,fullhide_1d,1000.0,5821022088.231032,1.3353374007161975e-15
sed,fullhide_1d,1000.0,7002070606.945086,2.3804548726042608e-15
sed,fullhide_1d,1000.0,8422746390.839395,4.246046736343794e-15
sed,fullhide_1d,1000.0,10131668294.523115,7.59019728988881e-15
sed,fullhide_1d,1000.0,12187319630.315475,1.358074742014783e-14
sed,fullhide_1d,1000.0,14660049604.245642,2.4300633909735144e-14
sed,fullhide_1d,1000.0,17634480830.743694,4.3483567444132776e-14
sed,fullhide_1d,1000.0,21212405316.81448,7.779650471059273e-14
sed,fullhide_1d,1000.0,25516268023.063004,1.3908357763222795e-13
sed,fullhide_1d,1000.0,30693357217.188824,2.4861701188111436e-13
sed,fullhide_1d,1000.0,36920845023.67115,4.4432695937957736e-13
sed,fullhide_1d,1000.0,44411850669.06087,7.939222240530339e-13
sed,fullhide_1d,1000.0,53422733921.34986,1.419092325415641e-12
sed,fullhide_1d,1000.0,64261868321.99561,2.5362749638761714e-12
sed,fullhide_1d,1000.0,77300194451.17143,4.531187275143812e-12
sed,fullhide_1d,1000.0,92983914383.69725,8.090838562716137e-12
sed,fullhide_1d,1000.0,111849761769.69742,1.4425991101656547e-11
sed,fullhide_1d,1000.0,134543370117.91139,2.5654240410270903e-11
sed,fullhide_1d,1000.0,161841367887.38028,4.552088598800321e-11
sed,fullhide_1d,1000.0,194677956533.29776,8.04276936723456e-11
sed,fullhide_1d,1000.0,234176881070.0714,1.406180775176723e-10
sed,fullhide_1d,1000.0,281689887259.1501,2.2455964739491764e-10
sed,fullhide_1d,1000.0,338842981516.7343,3.519050053554246e-10
sed,fullhide_1d,1000.0,407592076663.8045,5.488327696385438e-10
sed,fullhide_1d,1000.0,490289927846.4412,8.464134880002642e-10
sed,fullhide_1d,1000.0,589766649330.4908,1.2126949814080948e-09
sed,fullhide_1d,1000.0,709426567643.9775,1.5995471187890873e-09
sed,fullhide_1d,1000.0,853364725608.7649,2.1069092517869114e-09
sed,fullhide_1d,1000.0,1026507024302.4535,2.7673851255950704e-09
sed,fullhide_1d,1000.0,1234778798936.8647,3.604917362588305e-09
sed,fullhide_1d,1000.0,1485307597714.7231,4.480334861397804e-09
sed,fullhide_1d,1000.0,1786667103232.2153,5.549656908866226e-09
sed,fullhide_1d,1000.0,2149170543989.437,6.869793065501541e-09
sed,fullhide_1d,1000.0,2585223637238.2144,8.490557025749955e-09
sed,fullhide_1d,1000.0,3109749141698.6553,1.0376968653780354e-08
sed,fullhide_1d,1000.0,3740697549333.305,1.2575943119420612e-08
sed,fullhide_1d,1000.0,4499661393248.21,1.5236654210131574e-08
sed,fullhide_1d,1000.0,5412614194776.85,1.844946521143821e-08
sed,fullhide_1d,1000.0,6510799338247.85,2.228792455616151e-08
sed,fullhide_1d,1000.0,7831799292814.053,2.663264897369428e-08
sed,fullhide_1d,1000.0,9420821772619.611,3.1818102760927615e-08
sed,fullhide_1d,1000.0,11332246850720.07,3.7999153483531776e-08
sed,fullhide_1d,1000.0,13631487972619.373,4.5336642239561295e-08
sed,fullhide_1d,1000.0,16397230557668.22,5.3679981502484176e-08
sed,fullhide_1d,1000.0,19724124798509.7,6.329974702238163e-08
sed,fullhide_1d,1000.0,23726024812479.625,7.46257090379071e-08
sed,fullhide_1d,1000.0,28539884996313.336,8.79283165134847e-08
sed,fullhide_1d,1000.0,34330446926547.934,1.0327297973825993e-07
sed,fullhide_1d,1000.0,41295877202335.2,1.2023489963607025e-07
sed,fullhide_1d,1000.0,49674549170858.35,1.3996363151207745e-07
sed,fullhide_1d,1000.0,59753200621888.914,1.6286905757048299e-07
sed,fullhide_1d,1000.0,71876746626908.75,1.8932746375373923e-07
sed,fullhide_1d,1000.0,86460083341147.77,2.1835152557783962e-07
sed,fullhide_1d,1000.0,104002286722304.8,2.511349432260517e-07
sed,fullhide_1d,1000.0,125103692079380.17,2.887831127242375e-07
sed,fullhide_1d,1000.0,150486438953806.2,3.3188284038684324e-07
sed,fullhide_1d,1000.0,181019184426853.7,3.800375094676795e-07
sed,fullhide_1d,1000.0,217746830600608.62,4.3234854920222335e-07
sed,fullhide_1d,1000.0,261926283596582.53,4.917989949144439e-07
sed,fullhide_1d,1000.0,315069467828688.6,5.592548243160277e-07
sed,fullhide_1d,1000.0,378995067599805.7,6.353670339476581e-07
sed,fullhide_1d,1000.0,455890766740627.8,7.169475564272437e-07
sed,fullhide_1d,1000.0,548388116277063.7,8.07856587135741e-07
sed,fullhide_1d,1000.0,659652592273280.9,9.101498002848104e-07
sed,fullhide_1d,1000.0,793491925840727.0,1.0249326309706493e-06
sed,fullhide_1d,1000.0,954486412620035.6,1.150302642970901e-06
sed,fullhide_1d,1000.0,1148145661231499.5,1.2856493051570436e-06
sed,fullhide_1d,1000.0,1381097144993614.5,1.436789223795684e-06
sed,fullhide_1d,1000.0,1661313009591127.0,1.6053439120429881e-06
sed,fullhide_1d,1000.0,1998382898582786.8,1.7923062001529356e-06
sed,fullhide_1d,1000.0,2403842133476685.5,1.989399293101034e-06
sed,fullhide_1d,1000.0,2891566479464849.5,2.206933548484382e-06
sed,fullhide_1d,1000.0,3478247006625142.0,2.4479703283852035e-06
sed,fullhide_1d,1000.0,4183961297454212.0,2.7144221843003717e-06
sed,fullhide_1d,1000.0,5032860548791150.0,2.9985027809885443e-06
sed,fullhide_1d,1000.0,6053996082370733.0,3.3010864953916814e-06
sed,fullhide_1d,1000.0,7282313549133226.0,3.6339718194102238e-06
sed,fullhide_1d,1000.0,8759848851293366.0,3.9996854767207745e-06
sed,fullhide_1d,1000.0,1.053716670942278e+16,4.397713053473621e-06
sed,fullhide_1d,1000.0,1.2675091105684438e+16,4.796320986692055e-06
sed,fullhide_1d,1000.0,1.5246786823039662e+16,5.230545450841103e-06
sed,fullhide_1d,1000.0,1.8340263315579784e+16,5.703521665109502e-06
sed,fullhide_1d,1000.0,2.206138659829082e+16,6.216274478657408e-06
sed,fullhide_1d,1000.0,2.653750223017776e+16,6.721223509638523e-06
sed,fullhide_1d,1000.0,3.1921793377721956e+16,7.230951568070844e-06
sed,fullhide_1d,1000.0,3.839852310181596e+16,7.779482809585888e-06
sed,fullhide_1d,1000.0,4.618934027151852e+16,8.36739390319301e-06
sed,fullhide_1d,1000.0,5.556086490777627e+16,8.964504512354756e-06
sed,fullhide_1d,1000.0,6.683381254535184e+16,9.454207454619877e-06
sed,fullhide_1d,1000.0,8.039396987000581e+16,9.973180026255587e-06
sed,fullhide_1d,1000.0,9.670539724295523e+16,1.0519873192141843e-05
sed,fullhide_1d,1000.0,1.1632630993393557e+17,1.108103994400883e-05
sed,fullhide_1d,1000.0,1.3992818155588197e+17,1.147181457242396e-05
sed,fullhide_1d,1000.0,1.6831872346553197e+17,1.1803095458552835e-05
sed,fullhide_1d,1000.0,2.0246952653888422e+17,1.2146346562628052e-05
sed,fullhide_1d,1000.0,2.4354931128784736e+17,1.2486235160161816e-05
sed,fullhide_1d,1000.0,2.929639242149984e+17,1.27189337536254e-05
sed,fullhide_1d,1000.0,3.5240444917543885e+17,1.2772272516322152e-05
sed,fullhide_1d,1000.0,4.2390508022928634e+17,1.2827307965030933e-05
sed,fullhide_1d,1000.0,5.099127365294392e+17,1.2870053679933322e-05
sed,fullhide_1d,1000.0,6.13370801629227e+17,1.2858230478211023e-05
sed,fullhide_1d,1000.0,7.378198529652922e+17,1.2721674017670201e-05
sed,fullhide_1d,1000.0,8.875188287146373e+17,1.2567094166897257e-05
sed,fullhide_1d,1000.0,1.0675907786396411e+18,1.240148304785665e-05
sed,fullhide_1d,1000.0,1.2841981868565496e+18,1.2204459351641707e-05
sed,fullhide_1d,1000.0,1.5447538664834376e+18,1.1966045587093886e-05
sed,fullhide_1d,1000.0,1.858174643476666e+18,1.1716941515075418e-05
sed,fullhide_1d,1000.0,2.2351865113112212e+18,1.1463457144006764e-05
sed,fullhide_1d,1000.0,2.688691699613285e+18,1.1202138574618428e-05
sed,fullhide_1d,1000.0,3.234210218693835e+18,1.0934770976621543e-05
sed,fullhide_1d,1000.0,3.890410990671853e+18,1.0667779944122534e-05
sed,fullhide_1d,1000.0,4.679750743738878e+18,1.0403506855212681e-05
sed,fullhide_1d,1000.0,5.629242534023988e+18,1.0142899148318042e-05
sed,fullhide_1d,1000.0,6.771380195678424e+18,9.886722097212221e-06
sed,fullhide_1d,1000.0,8.145250356027911e+18,9.635168490842635e-06
sed,fullhide_1d,1000.0,9.797870071557206e+18,9.389469818681407e-06
sed,fullhide_1d,1000.0,1.1785795861765243e+19,9.149704115644974e-06
sed,fullhide_1d,1000.0,1.4177059205800034e+19,8.915892288335769e-06
sed,fullhide_1d,1000.0,1.7053494739103482e+19,8.687206876540628e-06
sed,fullhide_1d,1000.0,2.0513540826411364e+19,8.46234533158815e-06
sed,fullhide_1d,1000.0,2.4675608353280238e+19,8.243237048805575e-06
sed,fullhide_1d,1000.0,2.9682133024081723e+19,8.029822823468491e-06
sed,fullhide_1d,1000.0,3.5704449845597057e+19,7.822035670866682e-06
sed,fullhide_1d,1000.0,4.294865661246373e+19,7.618173881993841e-06
sed,fullhide_1d,1000.0,5.166266705668838e+19,7.418539059735934e-06
sed,fullhide_1d,1000.0,6.214469503653066e+19,7.224038250870848e-06
sed,fullhide_1d,1000.0,7.475346011358218e+19,7.034496109788766e-06
sed,fullhide_1d,1000.0,8.992046377680455e+19,6.849855520206918e-06
sed,fullhide_1d,1000.0,1.0816475643468497e+20,6.669380755352968e-06
sed,fullhide_1d,1000.0,1.3011070053658575e+20,6.493761970291222e-06
sed,fullhide_1d,1000.0,1.5650933771892366e+20,6.322731212082412e-06
sed,fullhide_1d,1000.0,1.8826409120999486e+20,6.1558703688939635e-06
sed,fullhide_1d,1000.0,2.2646168308997633e+20,5.992817007297892e-06
sed,fullhide_1d,1000.0,2.7240932446719387e+20,5.834137808720334e-06
sed,fullhide_1d,1000.0,3.2767945130563266e+20,5.679852420206216e-06
sed,fullhide_1d,1000.0,3.9416353686854605e+20,5.52973754253647e-06
sed,fullhide_1d,1000.0,4.741368223661015e+20,5.382890453810442e-06
sed,fullhide_1d,1000.0,5.70336181041518e+20,5.239070426413159e-06
sed,fullhide_1d,1000.0,6.860537803871738e+20,5.099405521162658e-06
sed,fullhide_1d,1000.0,8.25249747831211e+20,4.963815727974735e-06
sed,fullhide_1d,1000.0,9.926876955785307e+20,4.832123025744067e-06
sed,fullhide_1d,1000.0,1.1940977425836865e+21,4.702011469036056e-06
sed,fullhide_1d,1000.0,1.4363726126498128e+21,4.575126912278638e-06
sed,fullhide_1d,1000.0,1.7278035195899148e+21,4.4519733514540074e-06
sed,fullhide_1d,1000.0,2.0783639119935753e+21,4.332356969629359e-06
sed,fullhide_1d,1000.0,2.500050788009991e+21,4.215797095645281e-06
sed,fullhide_1d,1000.0,3.007295260739063e+21,4.102165220733638e-06
sed,fullhide_1d,1000.0,3.617456424740264e+21,3.9923710774172595e-06
sed,fullhide_1d,1000.0,4.351415424928593e+21,3.886153170309113e-06
sed,fullhide_1d,1000.0,5.234290058287535e+21,3.782868013008221e-06
sed,fullhide_1d,1000.0,6.296294363744258e+21,3.6797250923485634e-06
sed,fullhide_1d,1000.0,7.573772617386789e+21,3.57985138511558e-06
sed,fullhide_1d,1000.0,9.11044311876265e+21,3.483522183974135e-06
sed,fullhide_1d,1000.0,1.0958894333541128e+22,3.3903183773000314e-06
sed,fullhide_1d,1000.0,1.3182384594047174e+22,3.2984734723323352e-06
sed,fullhide_1d,1000.0,1.5857006947636297e+22,3.209199851863479e-06
sed,fullhide_1d,1000.0,1.9074293239095126e+22,3.1240172468188447e-06
sed,fullhide_1d,1000.0,2.2944346544870544e+22,3.04262881386183e-06
sed,fullhide_1d,1000.0,2.759960915836728e+22,2.9636202222927674e-06
sed,fullhide_1d,1000.0,3.3199395075600096e+22,2.87877761988059e-06
sed,fullhide_1d,1000.0,3.993534209348141e+22,2.7976525891296445e-06
sed,fullhide_1d,1000.0,4.803797010432569e+22,2.72023486194961e-06
sed,fullhide_1d,1000.0,5.778457002677744e+22,2.6458124829874815e-06
sed,fullhide_1d,1000.0,6.950869335086453e+22,2.571062894419025e-06
sed,fullhide_1d,1000.0,8.361156705164745e+22,2.499178928907504e-06
sed,fullhide_1d,1000.0,1.0057582451656214e+23,2.432425605525623e-06
sed,fullhide_1d,1000.0,1.209820223909676e+23,2.3699183455343473e-06
sed,fullhide_1d,1000.0,1.4552850858705558e+23,2.307009655011176e-06
sed,fullhide_1d,1000.0,1.7505532138594733e+23,2.230575431810645e-06
sed,fullhide_1d,1000.0,2.105729375162634e+23,2.1599040787967747e-06
sed,fullhide_1d,1000.0,2.532968530357836e+23,2.0940121884841004e-06
sed,fullhide_1d,1000.0,3.046891804549984e+23,2.031137200229288e-06
sed,fullhide_1d,1000.0,3.665086856536018e+23,1.9630008513048047e-06
sed,fullhide_1d,1000.0,4.408709769704786e+23,1.8990332818527132e-06
sed,fullhide_1d,1000.0,5.3032090627889366e+23,1.8430014076905037e-06
sed,fullhide_1d,1000.0,6.379196597813281e+23,1.7928618252702968e-06
sed,fullhide_1d,1000.0,7.67349518975057e+23,1.7368404511045664e-06
sed,fullhide_1d,1000.0,9.230398769542383e+23,1.6609784827739411e-06
sed,fullhide_1d,1000.0,1.1103188226216768e+24,1.5952351005176894e-06
sed,fullhide_1d,1000.0,1.3355954803771882e+24,1.537802049022776e-06
sed,fullhide_1d,1000.0,1.6065793453739944e+24,1.4854605042737033e-06
sed,fullhide_1d,1000.0,1.9325441205097672e+24,1.421213165563736e-06
sed,fullhide_1d,1000.0,2.3246450842721588e+24,1.364064270041588e-06
sed,fullhide_1d,1000.0,2.7963008505106185e+24,1.3182592461801649e-06
sed,fullhide_1d,1000.0,3.3636525848480433e+24,1.2805099781259543e-06
sed,fullhide_1d,1000.0,4.0461163931945993e+24,1.2371200996553766e-06
sed,fullhide_1d,1000.0,4.867047786392459e+24,1.1834124974541072e-06
sed,fullhide_1d,1000.0,5.854540960529565e+24,1.1403802768392463e-06
sed,fullhide_1d,1000.0,7.042390246166839e+24,1.1052090146518229e-06
sed,fullhide_1d,1000.0,8.4712466295257e+24,1.0729881850077096e-06
sed,fullhide_1d,1000.0,1.0190008924499732e+25,1.014715995279667e-06
sed,fullhide_1d,1000.0,1.2257497204658623e+25,9.600447855806267e-07
sed,fullhide_1d,1000.0,1.474446576400706e+25,9.120904488276624e-07
sed,fullhide_1d,1000.0,1.7736024494735567e+25,8.679133164887149e-07
sed,fullhide_1d,1000.0,2.1334551547181226e+25,8.153103517958617e-07
sed,fullhide_1d,1000.0,2.566319695005151e+25,7.572944053533222e-07
sed,fullhide_1d,1000.0,3.0870097093001393e+25,7.043548884429312e-07
sed,fullhide_1d,1000.0,3.7133444301039363e+25,6.540866068911894e-07
sed,fullhide_1d,1000.0,4.4667584993472284e+25,6.012810649237369e-07
sed,fullhide_1d,1000.0,5.373035512068676e+25,5.315802783776176e-07
sed,fullhide_1d,1000.0,6.4631903914594545e+25,4.6952779870191535e-07
sed,fullhide_1d,1000.0,7.77453079221715e+25,4.1502865172553587e-07
sed,fullhide_1d,1000.0,9.351933855917773e+25,3.672587231809133e-07
sed,fullhide_1d,1000.0,1.124938201196837e+26,3.275892600081689e-07
sed,fullhide_1d,1000.0,1.3531810382845927e+26,2.9386481054992486e-07
sed,fullhide_1d,1000.0,1.6277329016161534e+26,2.6357933916652357e-07
sed,fullhide_1d,1000.0,1.9579895993535867e+26,2.3607628149961242e-07
sed,fullhide_1d,1000.0,2.355253289633944e+26,2.0958175107483631e-07
sed,fullhide_1d,1000.0,2.8331192669066454e+26,1.7911520392679788e-07
sed,fullhide_1d,1000.0,3.407941224769592e+26,1.531072783696149e-07
sed,fullhide_1d,1000.0,4.0993909176879945e+26,1.3093516437885456e-07
sed,fullhide_1d,1000.0,4.931131374532179e+26,1.121082114121217e-07
sed,fullhide_1d,1000.0,5.93162670287843e+26,9.666885357032756e-08
sed,fullhide_1d,1000.0,7.135116197474798e+26,8.360716426270056e-08
sed,fullhide_1d,1000.0,8.582786089145135e+26,7.227707828070253e-08
sed,fullhide_1d,1000.0,1.0324179034126238e+27,6.238195961834725e-08
sed,fullhide_1d,1000.0,1.2418889579864547e+27,5.3085134143206515e-08
sed,fullhide_1d,1000.0,1.493860363008731e+27,4.336544670306456e-08
sed,fullhide_1d,1000.0,1.796955170441977e+27,3.542659052618387e-08
sed,fullhide_1d,1000.0,2.161545994884469e+27,2.8942922333848962e-08
sed,fullhide_1d,1000.0,2.600109988749392e+27,2.3649226504948115e-08
sed,fullhide_1d,1000.0,3.12765583966015e+27,1.930643072939795e-08
sed,fullhide_1d,1000.0,3.762237402912806e+27,1.5751741445241163e-08
sed,fullhide_1d,1000.0,4.5255715467128334e+27,1.2845208543436113e-08
sed,fullhide_1d,1000.0,5.443781354297298e+27,1.0453731611732962e-08
sed,fullhide_1d,1000.0,6.548290117061673e+27,8.36673517716685e-09
sed,fullhide_1d,1000.0,7.876896713230017e+27,6.5031035672696836e-09
sed,fullhide_1d,1000.0,9.475069174048018e+27,5.053899366293679e-09
sed,fullhide_1d,1000.0,1.1397500706363858e+28,3.9252498240603115e-09
sed,fullhide_1d,1000.0,1.3709981422337991e+28,3.041648029228994e-09
sed,fullhide_1d,1000.0,1.6491649831256495e+28,2.3354561883024268e-09
sed,fullhide_1d,1000.0,1.9837701144776913e+28,1.789983770046861e-09
sed,fullhide_1d,1000.0,2.38626450801555e+28,1.3703009548969707e-09
sed,fullhide_1d,1000.0,2.8704224651120867e+28,1.0449255697278573e-09
sed,fullhide_1d,1000.0,3.452813005659635e+28,7.778746607979005e-10
sed,fullhide_1d,1000.0,4.153366898759547e+28,5.648804090914419e-10
sed,fullhide_1d,1000.0,4.996058740347587e+28,4.0959819043387217e-10
sed,fullhide_1d,1000.0,6.009727420050007e+28,2.957494114846947e-10
sed,fullhide_1d,1000.0,7.2290630555693745e+28,2.1012844917389289e-10
sed,fullhide_1d,1000.0,8.69579416980658e+28,1.379893135975424e-10
sed,fullhide_1d,1000.0,1.0460115738703708e+29,9.01084144176175e-11
sed,fullhide_1d,1000.0,1.2582406980949714e+29,5.876161220365483e-11
sed,fullhide_1d,1000.0,1.513529767634035e+29,3.804560223439053e-11
sed,fullhide_1d,1000.0,1.820615372704636e+29,2.240344239677551e-11
sed,fullhide_1d,1000.0,2.1900067023524398e+29,1.2207042828467912e-11
sed,fullhide_1d,1000.0,2.6343451935285067e+29,6.648688855831981e-12
sed,fullhide_1d,1000.0,3.1688371506864813e+29,3.6064931182634565e-12
sed,fullhide_1d,1000.0,3.811774141156066e+29,1.8700075753701805e-12
sed,fullhide_1d,1000.0,4.585158975442635e+29,6.82211725920321e-13
sed,fullhide_1d,1000.0,5.5154586949650035e+29,2.4875391905530327e-13
sed,fullhide_1d,1000.0,6.634510336237281e+29,9.086986958472526e-14
sed,fullhide_1d,1000.0,7.98061046886659e+29,3.305513752075174e-14
sed,fullhide_1d,1000.0,9.599825793911563e+29,8.834084171665488e-15
sed,fullhide_1d,1000.0,1.1547569654347151e+30,1.9369749714064466e-15
sed,fullhide_1d,1000.0,1.3890498409520274e+30,4.2723700816954556e-16
sed,fullhide_1d,1000.0,1.670879257197189e+30,9.472088033749623e-17
sed,fullhide_1d,1000.0,2.0098900772476115e+30,1.657138818616668e-17
sed,fullhide_1d,1000.0,2.417684045820695e+30,6.533282923830231e-19
sed,fullhide_1d,100000.0,100000000.0,3.3355366347159913e-19
sed,fullhide_1d,100000.0,120289366.72653936,5.932023074241855e-19
sed,fullhide_1d,100000.0,144695317.47471872,1.0578187173402743e-18
sed,fullhide_1d,100000.0,174053081.0732948,1.8964646004609223e-18
sed,fullhide_1d,100000.0,209367348.99109644,3.3999975393657273e-18
sed,fullhide_1d,100000.0,251846658.23353347,6.095549096786809e-18
sed,fullhide_1d,100000.0,302944750.3110693,1.0928169992384826e-17
sed,fullhide_1d,100000.0,364410321.68048114,1.9621098697030158e-17
sed,fullhide_1d,100000.0,438346868.2355957,3.523640314726568e-17
sed,fullhide_1d,100000.0,527284671.86621594,6.32790337343408e-17
sed,fullhide_1d,100000.0,634267392.6339822,1.1363918972684523e-16
sed,fullhide_1d,100000.0,762956229.95235,2.0389092317135865e-16
sed,fullhide_1d,100000.0,917755217.4103613,3.65392608250501e-16
sed,fullhide_1d,100000.0,1103961939.122698,6.548195378548889e-16
sed,fullhide_1d,100000.0,1327948825.4727173,1.1735011153504136e-15
sed,fullhide_1d,100000.0,1597381232.613649,2.103070194837493e-15
sed,fullhide_1d,100000.0,1921479768.9195468,3.77193277077404e-15
sed,fullhide_1d,100000.0,2311335845.8118944,6.76521794013272e-15
sed,fullhide_1d,100000.0,2780291251.8506303,1.2133878815618813e-14
sed,fullhide_1d,100000.0,3344394740.004496,2.1762938134676178e-14
sed,fullhide_1d,100000.0,4022951253.587101,3.9070451751212795e-14
sed,fullhide_1d,100000.0,4839182586.6573,7.019726265078333e-14
sed,fullhide_1d,100000.0,5821022088.231032,1.261223138374276e-13
sed,fullhide_1d,100000.0,7002070606.945086,2.266019749208636e-13
sed,fullhide_1d,100000.0,8422746390.839395,4.0718138003193957e-13
sed,fullhide_1d,100000.0,10131668294.523115,7.3250767494342e-13
sed,fullhide_1d,100000.0,12187319630.315475,1.3177604195797206e-12
sed,fullhide_1d,100000.0,14660049604.245642,2.370613473084465e-12
sed,fullhide_1d,100000.0,17634480830.743694,4.26466623563631e-12
sed,fullhide_1d,100000.0,21212405316.81448,7.289879225456816e-12
sed,fullhide_1d,100000.0,25516268023.063004,1.2133892671902112e-11
sed,fullhide_1d,100000.0,30693357217.188824,2.0198158976829326e-11
sed,fullhide_1d,100000.0,36920845023.67115,3.362446029791101e-11
sed,fullhide_1d,100000.0,44411850669.06087,5.373424675849165e-11
sed,fullhide_1d,100000.0,53422733921.34986,7.332788644013842e-11
sed,fullhide_1d,100000.0,64261868321.99561,1.0007068804296854e-10
sed,fullhide_1d,100000.0,77300194451.17143,1.3657284959575017e-10
sed,fullhide_1d,100000.0,92983914383.69725,1.8639818208182046e-10
sed,fullhide_1d,100000.0,111849761769.69742,2.38240015391131e-10
sed,fullhide_1d,100000.0,134543370117.91139,2.981504218528864e-10
sed,fullhide_1d,100000.0,161841367887.38028,3.7312785058460475e-10
sed,fullhide_1d,100000.0,194677956533.29776,4.669618749091137e-10
sed,fullhide_1d,100000.0,234176881070.0714,5.793885238260914e-10
sed,fullhide_1d,100000.0,281689887259.1501,7.052541582087886e-10
sed,fullhide_1d,100000.0,338842981516.7343,8.584632179806176e-10
sed,fullhide_1d,100000.0,407592076663.8045,1.0449559862686023e-09
sed,fullhide_1d,100000.0,490289927846.4412,1.2719632813959466e-09
sed,fullhide_1d,100000.0,589766649330.4908,1.5271484086399192e-09
sed,fullhide_1d,100000.0,709426567643.9775,1.8295644868629618e-09
sed,fullhide_1d,100000.0,853364725608.7649,2.191868700536974e-09
sed,fullhide_1d,100000.0,1026507024302.4535,2.625921167080836e-09
sed,fullhide_1d,100000.0,1234778798936.8647,3.125999657707517e-09
sed,fullhide_1d,100000.0,1485307597714.7231,3.6884624316753813e-09
sed,fullhide_1d,100000.0,1786667103232.2153,4.3521385095585494e-09
sed,fullhide_1d,100000.0,2149170543989.437,5.135242521099122e-09
sed,fullhide_1d,100000.0,2585223637238.2144,6.05811599045533e-09
sed,fullhide_1d,100000.0,3109749141698.6553,7.033072083731862e-09
sed,fullhide_1d,100000.0,3740697549333.305,8.159411561482369e-09
sed,fullhide_1d,100000.0,4499661393248.21,9.466192881412979e-09
sed,fullhide_1d,100000.0,5412614194776.85,1.0982332729893886e-08
sed,fullhide_1d,100000.0,6510799338247.85,1.2609745765121983e-08
sed,fullhide_1d,100000.0,7831799292814.053,1.4342716620829575e-08
sed,fullhide_1d,100000.0,9420821772619.611,1.6314160407569352e-08
sed,fullhide_1d,100000.0,11332246850720.07,1.8556935468408476e-08
sed,fullhide_1d,100000.0,13631487972619.373,2.1068668101730194e-08
sed,fullhide_1d,100000.0,16397230557668.22,2.3387812740741873e-08
sed,fullhide_1d,100000.0,19724124798509.7,2.5963652212790183e-08
sed,fullhide_1d,100000.0,23726024812479.625,2.8824752777772316e-08
sed,fullhide_1d,100000.0,28539884996313.336,3.20028764437963e-08
sed,fullhide_1d,100000.0,34330446926547.934,3.484266505648992e-08
sed,fullhide_1d,100000.0,41295877202335.2,3.750218999641293e-08
sed,fullhide_1d,100000.0,49674549170858.35,4.037011781521741e-08
sed,fullhide_1d,100000.0,59753200621888.914,4.346317975918708e-08
sed,fullhide_1d,100000.0,71876746626908.75,4.648418936376907e-08
sed,fullhide_1d,100000.0,86460083341147.77,4.820459557692962e-08
sed,fullhide_1d,100000.0,104002286722304.8,4.999959943919206e-08
sed,fullhide_1d,100000.0,125103692079380.17,5.1872790258738195e-08
sed,fullhide_1d,100000.0,150486438953806.2,5.3827941857404424e-08
sed,fullhide_1d,100000.0,181019184426853.7,5.447668804269628e-08
sed,fullhide_1d,100000.0,217746830600608.62,5.462186628314788e-08
sed,fullhide_1d,100000.0,261926283596582.53,5.4774804930969634e-08
sed,fullhide_1d,100000.0,315069467828688.6,5.493559342439315e-08
sed,fullhide_1d,100000.0,378995067599805.7,5.4803309162675146e-08
sed,fullhide_1d,100000.0,455890766740627.8,5.3907643426383254e-08
sed,fullhide_1d,100000.0,548388116277063.7,5.3027344534864863e-08
sed,fullhide_1d,100000.0,659652592273280.9,5.21621403069258e-08
sed,fullhide_1d,100000.0,793491925840727.0,5.131176375556578e-08
sed,fullhide_1d,100000.0,954486412620035.6,5.023300025605714e-08
sed,fullhide_1d,100000.0,1148145661231499.5,4.913133004985656e-08
sed,fullhide_1d,100000.0,1381097144993614.5,4.8053833270642595e-08
sed,fullhide_1d,100000.0,1661313009591127.0,4.6999982515872835e-08
sed,fullhide_1d,100000.0,1998382898582786.8,4.593849834129478e-08
sed,fullhide_1d,100000.0,2403842133476685.5,4.485366286402602e-08
sed,fullhide_1d,100000.0,2891566479464849.5,4.379447099999234e-08
sed,fullhide_1d,100000.0,3478247006625142.0,4.276032315688574e-08
sed,fullhide_1d,100000.0,4183961297454212.0,4.1750426319601516e-08
sed,fullhide_1d,100000.0,5032860548791150.0,4.0722316540892185e-08
sed,fullhide_1d,100000.0,6053996082370733.0,3.971681632308608e-08
sed,fullhide_1d,100000.0,7282313549133226.0,3.873622193055798e-08
sed,fullhide_1d,100000.0,8759848851293366.0,3.777993662590025e-08
sed,fullhide_1d,100000.0,1.053716670942278e+16,3.683993848382235e-08
sed,fullhide_1d,100000.0,1.2675091105684438e+16,3.591631224947752e-08
sed,fullhide_1d,100000.0,1.5246786823039662e+16,3.501600183954504e-08
sed,fullhide_1d,100000.0,1.8340263315579784e+16,3.413845505624035e-08
sed,fullhide_1d,100000.0,2.206138659829082e+16,3.328274962915582e-08
sed,fullhide_1d,100000.0,2.653750223017776e+16,3.244161033503003e-08
sed,fullhide_1d,100000.0,3.1921793377721956e+16,3.162207961728681e-08
sed,fullhide_1d,100000.0,3.839852310181596e+16,3.082369153114753e-08
sed,fullhide_1d,100000.0,4.618934027151852e+16,3.004600151181695e-08
sed,fullhide_1d,100000.0,5.556086490777627e+16,2.9280151184314462e-08
sed,fullhide_1d,100000.0,6.683381254535184e+16,2.852886174662598e-08
sed,fullhide_1d,100000.0,8.039396987000581e+16,2.7797617493558633e-08
sed,fullhide_1d,100000.0,9.670539724295523e+16,2.708603665001501e-08
sed,fullhide_1d,100000.0,1.1632630993393557e+17,2.639247205017068e-08
sed,fullhide_1d,100000.0,1.3992818155588197e+17,2.57109365164672e-08
sed,fullhide_1d,100000.0,1.6831872346553197e+17,2.504859381563574e-08
sed,fullhide_1d,100000.0,2.0246952653888422e+17,2.4405223587023417e-08
sed,fullhide_1d,100000.0,2.4354931128784736e+17,2.378066698858203e-08
sed,fullhide_1d,100000.0,2.929639242149984e+17,2.3175461445604647e-08
sed,fullhide_1d,100000.0,3.5240444917543885e+17,2.258855221400622e-08
sed,fullhide_1d,100000.0,4.2390508022928634e+17,2.2019302652484376e-08
sed,fullhide_1d,100000.0,5.099127365294392e+17,2.146765575728145e-08
sed,fullhide_1d,100000.0,6.13370801629227e+17,2.0934575536027538e-08
sed,fullhide_1d,100000.0,7.378198529652922e+17,2.0421932506068706e-08
sed,fullhide_1d,100000.0,8.875188287146373e+17,1.9927181290018643e-08
sed,fullhide_1d,100000.0,1.0675907786396411e+18,1.9450649576165364e-08
sed,fullhide_1d,100000.0,1.2841981868565496e+18,1.899279024649922e-08
sed,fullhide_1d,100000.0,1.5447538664834376e+18,1.854386045814564e-08
sed,fullhide_1d,100000.0,1.858174643476666e+18,1.8110293030279968e-08
sed,fullhide_1d,100000.0,2.2351865113112212e+18,1.769461031585241e-08
sed,fullhide_1d,100000.0,2.688691699613285e+18,1.7297244731298486e-08
sed,fullhide_1d,100000.0,3.234210218693835e+18,1.6918585439204904e-08
sed,fullhide_1d,100000.0,3.890410990671853e+18,1.655965843933807e-08
sed,fullhide_1d,100000.0,4.679750743738878e+18,1.6222013200247008e-08
sed,fullhide_1d,100000.0,5.629242534023988e+18,1.590677332829663e-08
sed,fullhide_1d,100000.0,6.771380195678424e+18,1.5615195449264032e-08
sed,fullhide_1d,100000.0,8.145250356027911e+18,1.532270085521337e-08
sed,fullhide_1d,100000.0,9.797870071557206e+18,1.5047664764574276e-08
sed,fullhide_1d,100000.0,1.1785795861765243e+19,1.4792668770740065e-08
sed,fullhide_1d,100000.0,1.4177059205800034e+19,1.4558548328750866e-08
sed,fullhide_1d,100000.0,1.7053494739103482e+19,1.43509617589382e-08
sed,fullhide_1d,100000.0,2.0513540826411364e+19,1.4172478088304531e-08
sed,fullhide_1d,100000.0,2.4675608353280238e+19,1.401980144538463e-08
sed,fullhide_1d,100000.0,2.9682133024081723e+19,1.389462045730503e-08
sed,fullhide_1d,100000.0,3.5704449845597057e+19,1.379584253798275e-08
sed,fullhide_1d,100000.0,4.294865661246373e+19,1.3644390224852097e-08
sed,fullhide_1d,100000.0,5.166266705668838e+19,1.3511091421435195e-08
sed,fullhide_1d,100000.0,6.214469503653066e+19,1.3397154938332018e-08
sed,fullhide_1d,100000.0,7.475346011358218e+19,1.3303231258202644e-08
sed,fullhide_1d,100000.0,8.992046377680455e+19,1.3236786449344747e-08
sed,fullhide_1d,100000.0,1.0816475643468497e+20,1.3198309915994278e-08
sed,fullhide_1d,100000.0,1.3011070053658575e+20,1.3184837623328635e-08
sed,fullhide_1d,100000.0,1.5650933771892366e+20,1.3197585672848462e-08
sed,fullhide_1d,100000.0,1.8826409120999486e+20,1.3217215683977574e-08
sed,fullhide_1d,100000.0,2.2646168308997633e+20,1.3121954958790023e-08
sed,fullhide_1d,100000.0,2.7240932446719387e+20,1.3038875413798385e-08
sed,fullhide_1d,100000.0,3.2767945130563266e+20,1.2968037527444891e-08
sed,fullhide_1d,100000.0,3.9416353686854605e+20,1.2909516037375108e-08
sed,fullhide_1d,100000.0,4.741368223661015e+20,1.289847828964552e-08
sed,fullhide_1d,100000.0,5.70336181041518e+20,1.2919377454356886e-08
sed,fullhide_1d,100000.0,6.860537803871738e+20,1.2957801612820714e-08
sed,fullhide_1d,100000.0,8.25249747831211e+20,1.3014186512974131e-08
sed,fullhide_1d,100000.0,9.926876955785307e+20,1.3034424075315831e-08
sed,fullhide_1d,100000.0,1.1940977425836865e+21,1.2891174468130498e-08
sed,fullhide_1d,100000.0,1.4363726126498128e+21,1.2754371933018223e-08
sed,fullhide_1d,100000.0,1.7278035195899148e+21,1.2623866504594378e-08
sed,fullhide_1d,100000.0,2.0783639119935753e+21,1.2499512897220107e-08
sed,fullhide_1d,100000.0,2.500050788009991e+21,1.2476941672782204e-08
sed,fullhide_1d,100000.0,3.007295260739063e+21,1.249116217075278e-08
sed,fullhide_1d,100000.0,3.617456424740264e+21,1.2517795389344636e-08
sed,fullhide_1d,100000.0,4.351415424928593e+21,1.255689289792648e-08
sed,fullhide_1d,100000.0,5.234290058287535e+21,1.2510148330956234e-08
sed,fullhide_1d,100000.0,6.296294363744258e+21,1.2284053192277758e-08
sed,fullhide_1d,100000.0,7.573772617386789e+21,1.206442227816935e-08
sed,fullhide_1d,100000.0,9.11044311876265e+21,1.185104689612903e-08
sed,fullhide_1d,100000.0,1.0958894333541128e+22,1.16437973869087e-08
sed,fullhide_1d,100000.0,1.3182384594047174e+22,1.1577219175570657e-08
sed,fullhide_1d,100000.0,1.5857006947636297e+22,1.1535938000566615e-08
sed,fullhide_1d,100000.0,1.9074293239095126e+22,1.1504445737985664e-08
sed,fullhide_1d,100000.0,2.2944346544870544e+22,1.1482527420692189e-08
sed,fullhide_1d,100000.0,2.759960915836728e+22,1.1329440728216512e-08
sed,fullhide_1d,100000.0,3.3199395075600096e+22,1.1015157374741354e-08
sed,fullhide_1d,100000.0,3.993534209348141e+22,1.0712272337722296e-08
sed,fullhide_1d,100000.0,4.803797010432569e+22,1.0420294644955201e-08
sed,fullhide_1d,100000.0,5.778457002677744e+22,1.0140974531999014e-08
sed,fullhide_1d,100000.0,6.950869335086453e+22,9.972008517172161e-09
sed,fullhide_1d,100000.0,8.361156705164745e+22,9.81907381293547e-09
sed,fullhide_1d,100000.0,1.0057582451656214e+23,9.679322098522136e-09
sed,fullhide_1d,100000.0,1.209820223909676e+23,9.551910621285713e-09
sed,fullhide_1d,100000.0,1.4552850858705558e+23,9.259242114884132e-09
sed,fullhide_1d,100000.0,1.7505532138594733e+23,8.847960136600312e-09
sed,fullhide_1d,100000.0,2.105729375162634e+23,8.461673848528028e-09
sed,fullhide_1d,100000.0,2.532968530357836e+23,8.098458572154271e-09
sed,fullhide_1d,100000.0,3.046891804549984e+23,7.753210940777156e-09
sed,fullhide_1d,100000.0,3.665086856536018e+23,7.406110555951284e-09
sed,fullhide_1d,100000.0,4.408709769704786e+23,7.088392248278679e-09
sed,fullhide_1d,100000.0,5.3032090627889366e+23,6.796608062001248e-09
sed,fullhide_1d,100000.0,6.379196597813281e+23,6.527750052282267e-09
sed,fullhide_1d,100000.0,7.67349518975057e+23,6.155547719450034e-09
sed,fullhide_1d,100000.0,9.230398769542383e+23,5.757138803898489e-09
sed,fullhide_1d,100000.0,1.1103188226216768e+24,5.394979301211157e-09
sed,fullhide_1d,100000.0,1.3355954803771882e+24,5.0643507514768086e-09
sed,fullhide_1d,100000.0,1.6065793453739944e+24,4.756840186462763e-09
sed,fullhide_1d,100000.0,1.9325441205097672e+24,4.46199846923626e-09
sed,fullhide_1d,100000.0,2.3246450842721588e+24,4.194960359046967e-09
sed,fullhide_1d,100000.0,2.7963008505106185e+24,3.9513794837482455e-09
sed,fullhide_1d,100000.0,3.3636525848480433e+24,3.727794381236924e-09
sed,fullhide_1d,100000.0,4.0461163931945993e+24,3.5034660623568257e-09
sed,fullhide_1d,100000.0,4.867047786392459e+24,3.2930286175546124e-09
sed,fullhide_1d,100000.0,5.854540960529565e+24,3.0994633146984178e-09
sed,fullhide_1d,100000.0,7.042390246166839e+24,2.920351172451015e-09
sed,fullhide_1d,100000.0,8.4712466295257e+24,2.742022048512841e-09
sed,fullhide_1d,100000.0,1.0190008924499732e+25,2.5532141017184472e-09
sed,fullhide_1d,100000.0,1.2257497204658623e+25,2.3791918336089696e-09
sed,fullhide_1d,100000.0,1.474446576400706e+25,2.2182064866481556e-09
sed,fullhide_1d,100000.0,1.7736024494735567e+25,2.068889474394632e-09
sed,fullhide_1d,100000.0,2.1334551547181226e+25,1.945403789156887e-09
sed,fullhide_1d,100000.0,2.566319695005151e+25,1.8319911320216206e-09
sed,fullhide_1d,100000.0,3.0870097093001393e+25,1.7255280449492368e-09
sed,fullhide_1d,100000.0,3.7133444301039363e+25,1.6254460507388993e-09
sed,fullhide_1d,100000.0,4.4667584993472284e+25,1.5122983033480345e-09
sed,fullhide_1d,100000.0,5.373035512068676e+25,1.3835487207485028e-09
sed,fullhide_1d,100000.0,6.4631903914594545e+25,1.2658136312545654e-09
sed,fullhide_1d,100000.0,7.77453079221715e+25,1.1581279646057659e-09
sed,fullhide_1d,100000.0,9.351933855917773e+25,1.059842178403962e-09
sed,fullhide_1d,100000.0,1.124938201196837e+26,9.858249217617715e-10
sed,fullhide_1d,100000.0,1.3531810382845927e+26,9.175266348426863e-10
sed,fullhide_1d,100000.0,1.6277329016161534e+26,8.53968515221854e-10
sed,fullhide_1d,100000.0,1.9579895993535867e+26,7.94820011424021e-10
sed,fullhide_1d,100000.0,2.355253289633944e+26,7.201821083609088e-10
sed,fullhide_1d,100000.0,2.8331192669066454e+26,6.372789740495706e-10
sed,fullhide_1d,100000.0,3.407941224769592e+26,5.639329035153711e-10
sed,fullhide_1d,100000.0,4.0993909176879945e+26,4.990405527812637e-10
sed,fullhide_1d,100000.0,4.931131374532179e+26,4.411434403560732e-10
sed,fullhide_1d,100000.0,5.93162670287843e+26,3.8517769559182997e-10
sed,fullhide_1d,100000.0,7.135116197474798e+26,3.363381630694783e-10
sed,fullhide_1d,100000.0,8.582786089145135e+26,2.937141357437681e-10
sed,fullhide_1d,100000.0,1.0324179034126238e+27,2.5651171267827847e-10
sed,fullhide_1d,100000.0,1.2418889579864547e+27,2.1040745956317828e-10
sed,fullhide_1d,100000.0,1.493860363008731e+27,1.6656367323944453e-10
sed,fullhide_1d,100000.0,1.796955170441977e+27,1.3187638112099014e-10
sed,fullhide_1d,100000.0,2.161545994884469e+27,1.0442901854763244e-10
sed,fullhide_1d,100000.0,2.600109988749392e+27,8.176857299964289e-11
sed,fullhide_1d,100000.0,3.12765583966015e+27,6.102973856756141e-11
sed,fullhide_1d,100000.0,3.762237402912806e+27,4.555442444720014e-11
sed,fullhide_1d,100000.0,4.5255715467128334e+27,3.400584704245084e-11
sed,fullhide_1d,100000.0,5.443781354297298e+27,2.5386955451222645e-11
sed,fullhide_1d,100000.0,6.548290117061673e+27,1.7918401415478823e-11
sed,fullhide_1d,100000.0,7.876896713230017e+27,1.2408382868581104e-11
sed,fullhide_1d,100000.0,9.475069174048018e+27,8.592778226575905e-12
sed,fullhide_1d,100000.0,1.1397500706363858e+28,5.950514524211478e-12
sed,fullhide_1d,100000.0,1.3709981422337991e+28,4.123634186183842e-12
sed,fullhide_1d,100000.0,1.6491649831256495e+28,2.863382434722642e-12
sed,fullhide_1d,100000.0,1.9837701144776913e+28,1.988295264497494e-12
sed,fullhide_1d,100000.0,2.38626450801555e+28,1.380653504578855e-12
sed,fullhide_1d,100000.0,2.8704224651120867e+28,9.587178734548807e-13
sed,fullhide_1d,100000.0,3.452813005659635e+28,6.077580460292907e-13
sed,fullhide_1d,100000.0,4.153366898759547e+28,3.7920605511424856e-13
sed,fullhide_1d,100000.0,4.996058740347587e+28,2.366042663915866e-13
sed,fullhide_1d,100000.0,6.009727420050007e+28,1.4762932777634066e-13
sed,fullhide_1d,100000.0,7.2290630555693745e+28,8.645317106441457e-14
sed,fullhide_1d,100000.0,8.69579416980658e+28,4.607819607947204e-14
sed,fullhide_1d,100000.0,1.0460115738703708e+29,2.456429861298408e-14
sed,fullhide_1d,100000.0,1.2582406980949714e+29,1.3098066113383196e-14
sed,fullhide_1d,100000.0,1.513529767634035e+29,6.972677312473301e-15
sed,fullhide_1d,100000.0,1.820615372704636e+29,2.9502992072899847e-15
sed,fullhide_1d,100000.0,2.1900067023524398e+29,1.2334976591685142e-15
sed,fullhide_1d,100000.0,2.6343451935285067e+29,5.158924852828949e-16
sed,fullhide_1d,100000.0,3.1688371506864813e+29,2.1583771407542826e-16
sed,fullhide_1d,100000.0,3.811774141156066e+29,6.189575825464954e-17
sed,fullhide_1d,100000.0,4.585158975442635e+29,1.236846120972575e-17
sed,fullhide_1d,100000.0,5.5154586949650035e+29,2.4814977335555614e-18
sed,fullhide_1d,100000.0,6.634510336237281e+29,4.998053799376975e-19
sed,fullhide_1d,100000.0,7.98061046886659e+29,9.346118375117952e-20
sed,fullhide_1d,100000.0,9.599825793911563e+29,5.9293219764547564e-21
sed,fullhide_1d,100000.0,1.1547569654347151e+30,3.8201106496968896e-22
sed,fullhide_1d,100000.0,1.3890498409520274e+30,2.4957713731203284e-23
sed,fullhide_1d,100000.0,1.670879257197189e+30,1.6510565081993991e-24
sed,fullhide_1d,100000.0,2.0098900772476115e+30,1.237217196965585e-26
sed,fullhide_1d,100000.0,2.417684045820695e+30,2.7227084679978473e-29
sed,fullhide_1d,10000000.0,100000000.0,2.5534703006304994e-18
sed,fullhide_1d,10000000.0,120289366.72653936,4.4978376254033356e-18
sed,fullhide_1d,10000000.0,144695317.47471872,7.921907806547548e-18
sed,fullhide_1d,10000000.0,174053081.0732948,1.3919211721927134e-17
sed,fullhide_1d,10000000.0,209367348.99109644,2.4456792763727367e-17
sed,fullhide_1d,10000000.0,251846658.23353347,4.297188175129088e-17
sed,fullhide_1d,10000000.0,302944750.3110693,7.55038758953054e-17
sed,fullhide_1d,10000000.0,364410321.68048114,1.3237599694215398e-16
sed,fullhide_1d,10000000.0,438346868.2355957,2.317443249062801e-16
sed,fullhide_1d,10000000.0,527284671.86621594,4.05703710540078e-16
sed,fullhide_1d,10000000.0,634267392.6339822,7.102461039225662e-16
sed,fullhide_1d,10000000.0,762956229.95235,1.242486178505971e-15
sed,fullhide_1d,10000000.0,917755217.4103613,2.1645333267005675e-15
sed,fullhide_1d,10000000.0,1103961939.122698,3.770830392157407e-15
sed,fullhide_1d,10000000.0,1327948825.4727173,6.569158367440425e-15
sed,fullhide_1d,10000000.0,1597381232.613649,1.1444121927085475e-14
sed,fullhide_1d,10000000.0,1921479768.9195468,1.9809215362907472e-14
sed,fullhide_1d,10000000.0,2311335845.8118944,3.419550239701928e-14
sed,fullhide_1d,10000000.0,2780291251.8506303,5.902971822971692e-14
sed,fullhide_1d,10000000.0,3344394740.004496,1.0189959032037989e-13
sed,fullhide_1d,10000000.0,4022951253.587101,1.7025112991389417e-13
sed,fullhide_1d,10000000.0,4839182586.6573,2.585710596399144e-13
sed,fullhide_1d,10000000.0,5821022088.231032,3.9270807622576287e-13
sed,fullhide_1d,10000000.0,7002070606.945086,5.96430378713555e-13
sed,fullhide_1d,10000000.0,8422746390.839395,9.058362242927781e-13
sed,fullhide_1d,10000000.0,10131668294.523115,1.1657652553247014e-12
sed,fullhide_1d,10000000.0,12187319630.315475,1.44240032888855e-12
sed,fullhide_1d,10000000.0,14660049604.245642,1.7846808951668198e-12
sed,fullhide_1d,10000000.0,17634480830.743694,2.208184682245211e-12
sed,fullhide_1d,10000000.0,21212405316.81448,2.6341018967660426e-12
sed,fullhide_1d,10000000.0,25516268023.063004,2.945290208475336e-12
sed,fullhide_1d,10000000.0,30693357217.188824,3.2932430027362435e-12
sed,fullhide_1d,10000000.0,36920845023.67115,3.682303862477749e-12
sed,fullhide_1d,10000000.0,44411850669.06087,4.117329565456358e-12
sed,fullhide_1d,10000000.0,53422733921.34986,4.396911953253288e-12
sed,fullhide_1d,10000000.0,64261868321.99561,4.675212482262234e-12
sed,fullhide_1d,10000000.0,77300194451.17143,4.971129072564993e-12
sed,fullhide_1d,10000000.0,92983914383.69725,5.285776871501502e-12
sed,fullhide_1d,10000000.0,111849761769.69742,5.546610478924589e-12
sed,fullhide_1d,10000000.0,134543370117.91139,5.7332364997638956e-12
sed,fullhide_1d,10000000.0,161841367887.38028,5.926142242184919e-12
sed,fullhide_1d,10000000.0,194677956533.29776,6.12553902399222e-12
sed,fullhide_1d,10000000.0,234176881070.0714,6.329660109260134e-12
sed,fullhide_1d,10000000.0,281689887259.1501,6.440517691971291e-12
sed,fullhide_1d,10000000.0,338842981516.7343,6.553316897162188e-12
sed,fullhide_1d,10000000.0,407592076663.8045,6.668091740726714e-12
sed,fullhide_1d,10000000.0,490289927846.4412,6.784876837897324e-12
sed,fullhide_1d,10000000.0,589766649330.4908,6.8639333555101765e-12
sed,fullhide_1d,10000000.0,709426567643.9775,6.914067530032049e-12
sed,fullhide_1d,10000000.0,853364725608.7649,6.964568004040204e-12
sed,fullhide_1d,10000000.0,1026507024302.4535,7.015437499816326e-12
sed,fullhide_1d,10000000.0,1234778798936.8647,7.059867625725646e-12
sed,fullhide_1d,10000000.0,1485307597714.7231,7.057179607460559e-12
sed,fullhide_1d,10000000.0,1786667103232.2153,7.054493057394495e-12
sed,fullhide_1d,10000000.0,2149170543989.437,7.05180814672549e-12
sed,fullhide_1d,10000000.0,2585223637238.2144,7.049125113292299e-12
sed,fullhide_1d,10000000.0,3109749141698.6553,7.016937702299634e-12
sed,fullhide_1d,10000000.0,3740697549333.305,6.9710495392761846e-12
sed,fullhide_1d,10000000.0,4499661393248.21,6.925463661410454e-12
sed,fullhide_1d,10000000.0,5412614194776.85,6.880178900492209e-12
sed,fullhide_1d,10000000.0,6510799338247.85,6.826904642194968e-12
sed,fullhide_1d,10000000.0,7831799292814.053,6.746871092885108e-12
sed,fullhide_1d,10000000.0,9420821772619.611,6.667783283648892e-12
sed,fullhide_1d,10000000.0,11332246850720.07,6.589632748697889e-12
sed,fullhide_1d,10000000.0,13631487972619.373,6.5124120711839574e-12
sed,fullhide_1d,10000000.0,16397230557668.22,6.412937730948632e-12
sed,fullhide_1d,10000000.0,19724124798509.7,6.3087640024211255e-12
sed,fullhide_1d,10000000.0,23726024812479.625,6.206312969675965e-12
sed,fullhide_1d,10000000.0,28539884996313.336,6.10556635124597e-12
sed,fullhide_1d,10000000.0,34330446926547.934,5.9995886958453686e-12
sed,fullhide_1d,10000000.0,41295877202335.2,5.882210320818037e-12
sed,fullhide_1d,10000000.0,49674549170858.35,5.767211114719454e-12
sed,fullhide_1d,10000000.0,59753200621888.914,5.654568245175759e-12
sed,fullhide_1d,10000000.0,71876746626908.75,5.544266621106659e-12
sed,fullhide_1d,10000000.0,86460083341147.77,5.426124358130375e-12
sed,fullhide_1d,10000000.0,104002286722304.8,5.309449861743222e-12
sed,fullhide_1d,10000000.0,125103692079380.17,5.19549205456223e-12
sed,fullhide_1d,10000000.0,150486438953806.2,5.084239724266679e-12
sed,fullhide_1d,10000000.0,181019184426853.7,4.972139176446375e-12
sed,fullhide_1d,10000000.0,217746830600608.62,4.8585169536807995e-12
sed,fullhide_1d,10000000.0,261926283596582.53,4.747915843300128e-12
sed,fullhide_1d,10000000.0,315069467828688.6,4.640352802737166e-12
sed,fullhide_1d,10000000.0,378995067599805.7,4.5358639618963176e-12
sed,fullhide_1d,10000000.0,455890766740627.8,4.4268056174172794e-12
sed,fullhide_1d,10000000.0,548388116277063.7,4.320871834899565e-12
sed,fullhide_1d,10000000.0,659652592273280.9,4.218082923491927e-12
sed,fullhide_1d,10000000.0,793491925840727.0,4.1184460981047845e-12
sed,fullhide_1d,10000000.0,954486412620035.6,4.0197225777513926e-12
sed,fullhide_1d,10000000.0,1148145661231499.5,3.922412975611968e-12
sed,fullhide_1d,10000000.0,1381097144993614.5,3.828408184279981e-12
sed,fullhide_1d,10000000.0,1661313009591127.0,3.7377429231729445e-12
sed,fullhide_1d,10000000.0,1998382898582786.8,3.650108726214458e-12
sed,fullhide_1d,10000000.0,2403842133476685.5,3.5624582730700095e-12
sed,fullhide_1d,10000000.0,2891566479464849.5,3.477667312235847e-12
sed,fullhide_1d,10000000.0,3478247006625142.0,3.3957168765987194e-12
sed,fullhide_1d,10000000.0,4183961297454212.0,3.3165935119030346e-12
sed,fullhide_1d,10000000.0,5032860548791150.0,3.2401046278267913e-12
sed,fullhide_1d,10000000.0,6053996082370733.0,3.1664363974341733e-12
sed,fullhide_1d,10000000.0,7282313549133226.0,3.0957211248454734e-12
sed,fullhide_1d,10000000.0,8759848851293366.0,3.0279826810964816e-12
sed,fullhide_1d,10000000.0,1.053716670942278e+16,2.9618826354792234e-12
sed,fullhide_1d,10000000.0,1.2675091105684438e+16,2.8932316991689496e-12
sed,fullhide_1d,10000000.0,1.5246786823039662e+16,2.826951466076303e-12
sed,fullhide_1d,10000000.0,1.8340263315579784e+16,2.7630086463929497e-12
sed,fullhide_1d,10000000.0,2.206138659829082e+16,2.7013724496741753e-12
sed,fullhide_1d,10000000.0,2.653750223017776e+16,2.6436056278402795e-12
sed,fullhide_1d,10000000.0,3.1921793377721956e+16,2.588939149455713e-12
sed,fullhide_1d,10000000.0,3.839852310181596e+16,2.536929636763906e-12
sed,fullhide_1d,10000000.0,4.618934027151852e+16,2.4875922100108467e-12
sed,fullhide_1d,10000000.0,5.556086490777627e+16,2.4383071425108403e-12
sed,fullhide_1d,10000000.0,6.683381254535184e+16,2.3853772518399753e-12
sed,fullhide_1d,10000000.0,8.039396987000581e+16,2.334211366525347e-12
sed,fullhide_1d,10000000.0,9.670539724295523e+16,2.284772917920371e-12
sed,fullhide_1d,10000000.0,1.1632630993393557e+17,2.2370266184033936e-12
sed,fullhide_1d,10000000.0,1.3992818155588197e+17,2.1960749693471543e-12
sed,fullhide_1d,10000000.0,1.6831872346553197e+17,2.157965515442604e-12
sed,fullhide_1d,10000000.0,2.0246952653888422e+17,2.1219432617246583e-12
sed,fullhide_1d,10000000.0,2.4354931128784736e+17,2.088010114553231e-12
sed,fullhide_1d,10000000.0,2.929639242149984e+17,2.050836423784146e-12
sed,fullhide_1d,10000000.0,3.5240444917543885e+17,2.0078748220071987e-12
sed,fullhide_1d,10000000.0,4.2390508022928634e+17,1.9662259345854076e-12
sed,fullhide_1d,10000000.0,5.099127365294392e+17,1.92585649530746e-12
sed,fullhide_1d,10000000.0,6.13370801629227e+17,1.886734158796974e-12
sed,fullhide_1d,10000000.0,7.378198529652922e+17,1.857461391260132e-12
sed,fullhide_1d,10000000.0,8.875188287146373e+17,1.830115861143995e-12
sed,fullhide_1d,10000000.0,1.0675907786396411e+18,1.8044619865483656e-12
sed,fullhide_1d,10000000.0,1.2841981868565496e+18,1.780493313419659e-12
sed,fullhide_1d,10000000.0,1.5447538664834376e+18,1.7502045975422034e-12
sed,fullhide_1d,10000000.0,1.858174643476666e+18,1.7138877068427847e-12
sed,fullhide_1d,10000000.0,2.2351865113112212e+18,1.6785526097473877e-12
sed,fullhide_1d,10000000.0,2.688691699613285e+18,1.6441729732518509e-12
sed,fullhide_1d,10000000.0,3.234210218693835e+18,1.6116590356464317e-12
sed,fullhide_1d,10000000.0,3.890410990671853e+18,1.5910678603221439e-12
sed,fullhide_1d,10000000.0,4.679750743738878e+18,1.5717255495585914e-12
sed,fullhide_1d,10000000.0,5.629242534023988e+18,1.5536204988387995e-12
sed,fullhide_1d,10000000.0,6.771380195678424e+18,1.5367420905929925e-12
sed,fullhide_1d,10000000.0,8.145250356027911e+18,1.5097931361914037e-12
sed,fullhide_1d,10000000.0,9.797870071557206e+18,1.4771915765419452e-12
sed,fullhide_1d,10000000.0,1.1785795861765243e+19,1.4454051437156369e-12
sed,fullhide_1d,10000000.0,1.4177059205800034e+19,1.4144123063650683e-12
sed,fullhide_1d,10000000.0,1.7053494739103482e+19,1.3866816278657095e-12
sed,fullhide_1d,10000000.0,2.0513540826411364e+19,1.3707727781653084e-12
sed,fullhide_1d,10000000.0,2.4675608353280238e+19,1.355839303582615e-12
sed,fullhide_1d,10000000.0,2.9682133024081723e+19,1.3418674076562546e-12
sed,fullhide_1d,10000000.0,3.5704449845597057e+19,1.3288439885601248e-12
sed,fullhide_1d,10000000.0,4.294865661246373e+19,1.3029568086058973e-12
sed,fullhide_1d,10000000.0,5.166266705668838e+19,1.272962528526285e-12
sed,fullhide_1d,10000000.0,6.214469503653066e+19,1.2437062329257752e-12
sed,fullhide_1d,10000000.0,7.475346011358218e+19,1.2151689117002825e-12
sed,fullhide_1d,10000000.0,8.992046377680455e+19,1.1915291349109836e-12
sed,fullhide_1d,10000000.0,1.0816475643468497e+20,1.1788119445449228e-12
sed,fullhide_1d,10000000.0,1.3011070053658575e+20,1.166823341553911e-12
sed,fullhide_1d,10000000.0,1.5650933771892366e+20,1.1555497011481967e-12
sed,fullhide_1d,10000000.0,1.8826409120999486e+20,1.144977901746144e-12
sed,fullhide_1d,10000000.0,2.2646168308997633e+20,1.118779359004219e-12
sed,fullhide_1d,10000000.0,2.7240932446719387e+20,1.0903356725124198e-12
sed,fullhide_1d,10000000.0,3.2767945130563266e+20,1.0626381295257274e-12
sed,fullhide_1d,10000000.0,3.9416353686854605e+20,1.0356666232654956e-12
sed,fullhide_1d,10000000.0,4.741368223661015e+20,1.0147931446288097e-12
sed,fullhide_1d,10000000.0,5.70336181041518e+20,1.0027614964157706e-12
sed,fullhide_1d,10000000.0,6.860537803871738e+20,9.91373013160382e-13
sed,fullhide_1d,10000000.0,8.25249747831211e+20,9.806110651123842e-13
sed,fullhide_1d,10000000.0,9.926876955785307e+20,9.704595921378913e-13
sed,fullhide_1d,10000000.0,1.1940977425836865e+21,9.426901103658227e-13
sed,fullhide_1d,10000000.0,1.4363726126498128e+21,9.148369640369792e-13
sed,fullhide_1d,10000000.0,1.7278035195899148e+21,8.878298418923103e-13
sed,fullhide_1d,10000000.0,2.0783639119935753e+21,8.616423914151622e-13
sed,fullhide_1d,10000000.0,2.500050788009991e+21,8.416852537153886e-13
sed,fullhide_1d,10000000.0,3.007295260739063e+21,8.278149366901891e-13
sed,fullhide_1d,10000000.0,3.617456424740264e+21,8.146279915136289e-13
sed,fullhide_1d,10000000.0,4.351415424928593e+21,8.020982178747439e-13
sed,fullhide_1d,10000000.0,5.234290058287535e+21,7.890874486132468e-13
sed,fullhide_1d,10000000.0,6.296294363744258e+21,7.584413962619441e-13
sed,fullhide_1d,10000000.0,7.573772617386789e+21,7.290614657688615e-13
sed,fullhide_1d,10000000.0,9.11044311876265e+21,7.008924516862682e-13
sed,fullhide_1d,10000000.0,1.0958894333541128e+22,6.738816595244903e-13
sed,fullhide_1d,10000000.0,1.3182384594047174e+22,6.504872477443048e-13
sed,fullhide_1d,10000000.0,1.5857006947636297e+22,6.29955998039729e-13
sed,fullhide_1d,10000000.0,1.9074293239095126e+22,6.106471249897332e-13
sed,fullhide_1d,10000000.0,2.2944346544870544e+22,5.924804627640948e-13
sed,fullhide_1d,10000000.0,2.759960915836728e+22,5.724151764310207e-13
sed,fullhide_1d,10000000.0,3.3199395075600096e+22,5.389219808953903e-13
sed,fullhide_1d,10000000.0,3.993534209348141e+22,5.077670567240032e-13
sed,fullhide_1d,10000000.0,4.803797010432569e+22,4.787637712563054e-13
sed,fullhide_1d,10000000.0,5.778457002677744e+22,4.517415996068089e-13
sed,fullhide_1d,10000000.0,6.950869335086453e+22,4.262380274629107e-13
sed,fullhide_1d,10000000.0,8.361156705164745e+22,4.0306937000198663e-13
sed,fullhide_1d,10000000.0,1.0057582451656214e+23,3.8218336521244566e-13
sed,fullhide_1d,10000000.0,1.209820223909676e+23,3.6329865348009667e-13
sed,fullhide_1d,10000000.0,1.4552850858705558e+23,3.4332593323635826e-13
sed,fullhide_1d,10000000.0,1.7505532138594733e+23,3.1820767253121013e-13
sed,fullhide_1d,10000000.0,2.105729375162634e+23,2.9589408176817286e-13
sed,fullhide_1d,10000000.0,2.532968530357836e+23,2.759628601629244e-13
sed,fullhide_1d,10000000.0,3.046891804549984e+23,2.580633635716431e-13
sed,fullhide_1d,10000000.0,3.665086856536018e+23,2.4247095808797697e-13
sed,fullhide_1d,10000000.0,4.408709769704786e+23,2.2889833241680087e-13
sed,fullhide_1d,10000000.0,5.3032090627889366e+23,2.168907864385057e-13
sed,fullhide_1d,10000000.0,6.379196597813281e+23,2.0614911982832922e-13
sed,fullhide_1d,10000000.0,7.67349518975057e+23,1.952533158125698e-13
sed,fullhide_1d,10000000.0,9.230398769542383e+23,1.835849456374125e-13
sed,fullhide_1d,10000000.0,1.1103188226216768e+24,1.7304579706678355e-13
sed,fullhide_1d,10000000.0,1.3355954803771882e+24,1.6342710790400778e-13
sed,fullhide_1d,10000000.0,1.6065793453739944e+24,1.545728590543133e-13
sed,fullhide_1d,10000000.0,1.9325441205097672e+24,1.4654403307169605e-13
sed,fullhide_1d,10000000.0,2.3246450842721588e+24,1.3915214305457056e-13
sed,fullhide_1d,10000000.0,2.7963008505106185e+24,1.3227163456158162e-13
sed,fullhide_1d,10000000.0,3.3636525848480433e+24,1.2582213171877733e-13
sed,fullhide_1d,10000000.0,4.0461163931945993e+24,1.1951947812752557e-13
sed,fullhide_1d,10000000.0,4.867047786392459e+24,1.1335577612456435e-13
sed,fullhide_1d,10000000.0,5.854540960529565e+24,1.0754766578648413e-13
sed,fullhide_1d,10000000.0,7.042390246166839e+24,1.0205878005404722e-13
sed,fullhide_1d,10000000.0,8.4712466295257e+24,9.684146369814072e-14
sed,fullhide_1d,10000000.0,1.0190008924499732e+25,9.132300272019962e-14
sed,fullhide_1d,10000000.0,1.2257497204658623e+25,8.612466460385092e-14
sed,fullhide_1d,10000000.0,1.474446576400706e+25,8.122504826334201e-14
sed,fullhide_1d,10000000.0,1.7736024494735567e+25,7.660557519715975e-14
sed,fullhide_1d,10000000.0,2.1334551547181226e+25,7.245356697625188e-14
sed,fullhide_1d,10000000.0,2.566319695005151e+25,6.866367582101194e-14
sed,fullhide_1d,10000000.0,3.0870097093001393e+25,6.507226897082644e-14
sed,fullhide_1d,10000000.0,3.7133444301039363e+25,6.166879983178938e-14
sed,fullhide_1d,10000000.0,4.4667584993472284e+25,5.830300263421762e-14
sed,fullhide_1d,10000000.0,5.373035512068676e+25,5.4307371688242155e-14
sed,fullhide_1d,10000000.0,6.4631903914594545e+25,5.0585575700221695e-14
sed,fullhide_1d,10000000.0,7.77453079221715e+25,4.7118843877435216e-14
sed,fullhide_1d,10000000.0,9.351933855917773e+25,4.388969481013941e-14
sed,fullhide_1d,10000000.0,1.124938201196837e+26,4.1104391948009624e-14
sed,fullhide_1d,10000000.0,1.3531810382845927e+26,3.858889185048511e-14
sed,fullhide_1d,10000000.0,1.6277329016161534e+26,3.622733503929546e-14
sed,fullhide_1d,10000000.0,1.9579895993535867e+26,3.401030049169582e-14
sed,fullhide_1d,10000000.0,2.355253289633944e+26,3.1678493715641724e-14
sed,fullhide_1d,10000000.0,2.8331192669066454e+26,2.879978317006444e-14
sed,fullhide_1d,10000000.0,3.407941224769592e+26,2.6182669356252766e-14
sed,fullhide_1d,10000000.0,4.0993909176879945e+26,2.380338017857695e-14
sed,fullhide_1d,10000000.0,4.931131374532179e+26,2.164030378868081e-14
sed,fullhide_1d,10000000.0,5.93162670287843e+26,1.9606309678591252e-14
sed,fullhide_1d,10000000.0,7.135116197474798e+26,1.7748061419674793e-14
sed,fullhide_1d,10000000.0,8.582786089145135e+26,1.6065935322196786e-14
sed,fullhide_1d,10000000.0,1.0324179034126238e+27,1.4543238682866283e-14
sed,fullhide_1d,10000000.0,1.2418889579864547e+27,1.2820388205305185e-14
sed,fullhide_1d,10000000.0,1.493860363008731e+27,1.0761254476089988e-14
sed,fullhide_1d,10000000.0,1.796955170441977e+27,9.032848582474739e-15
sed,fullhide_1d,10000000.0,2.161545994884469e+27,7.582050316792597e-15
sed,fullhide_1d,10000000.0,2.600109988749392e+27,6.364271486148318e-15
sed,fullhide_1d,10000000.0,3.12765583966015e+27,5.055778318474769e-15
sed,fullhide_1d,10000000.0,3.762237402912806e+27,3.99292134893855e-15
sed,fullhide_1d,10000000.0,4.5255715467128334e+27,3.1535060648943267e-15
sed,fullhide_1d,10000000.0,5.443781354297298e+27,2.490558617604503e-15
sed,fullhide_1d,10000000.0,6.548290117061673e+27,1.854704643101706e-15
sed,fullhide_1d,10000000.0,7.876896713230017e+27,1.2880688459355558e-15
sed,fullhide_1d,10000000.0,9.475069174048018e+27,8.9454761740546e-16
sed,fullhide_1d,10000000.0,1.1397500706363858e+28,6.21252172507962e-16
sed,fullhide_1d,10000000.0,1.3709981422337991e+28,4.3110463940300954e-16
sed,fullhide_1d,10000000.0,1.6491649831256495e+28,2.764645046199361e-16
sed,fullhide_1d,10000000.0,1.9837701144776913e+28,1.77294842156275e-16
sed,fullhide_1d,10000000.0,2.38626450801555e+28,1.1369800924741754e-16
sed,fullhide_1d,10000000.0,2.8704224651120867e+28,7.291378744915788e-17
sed,fullhide_1d,10000000.0,3.452813005659635e+28,4.174215178483971e-17
sed,fullhide_1d,10000000.0,4.153366898759547e+28,2.1882313830670435e-17
sed,fullhide_1d,10000000.0,4.996058740347587e+28,1.1471276686725045e-17
sed,fullhide_1d,10000000.0,6.009727420050007e+28,6.0135423146365495e-18
sed,fullhide_1d,10000000.0,7.2290630555693745e+28,3.075387475653365e-18
sed,fullhide_1d,10000000.0,8.69579416980658e+28,1.3025933091815145e-18
sed,fullhide_1d,10000000.0,1.0460115738703708e+29,5.517191746238217e-19
sed,fullhide_1d,10000000.0,1.2582406980949714e+29,2.336832293394945e-19
sed,fullhide_1d,10000000.0,1.513529767634035e+29,9.897767467990556e-20
sed,fullhide_1d,10000000.0,1.820615372704636e+29,3.0190213550928065e-20
sed,fullhide_1d,10000000.0,2.1900067023524398e+29,7.828335101596515e-21
sed,fullhide_1d,10000000.0,2.6343451935285067e+29,2.0298932998816938e-21
sed,fullhide_1d,10000000.0,3.1688371506864813e+29,5.26353592642502e-22
sed,fullhide_1d,10000000.0,3.811774141156066e+29,1.0497960259814555e-22
sed,fullhide_1d,10000000.0,4.585158975442635e+29,8.348439572066458e-24
sed,fullhide_1d,10000000.0,5.5154586949650035e+29,6.639075984958916e-25
sed,fullhide_1d,10000000.0,6.634510336237281e+29,5.279732482572043e-26
sed,fullhide_1d,10000000.0,7.98061046886659e+29,4.198731892765721e-27
sed,fullhide_1d,10000000.0,9.599825793911563e+29,2.2635800970815933e-27
sed,fullhide_1d,10000000.0,1.1547569654347151e+30,1.9813227019640304e-27
sed,fullhide_1d,10000000.0,1.3890498409520274e+30,1.4913466542365077e-27
sed,fullhide_1d,10000000.0,1.670879257197189e+30,7.20981718351677e-28
sed,fullhide_1d,10000000.0,2.0098900772476115e+30,0.0
sed,fullhide_1d,10000000.0,2.417684045820695e+30,0.0
lightcurve,fullhide_1d,100.0,100000000000000.0,2.4251062442871406e-21
lightcurve,fullhide_1d,300.0,100000000000000.0,2.5768632135150382e-21
lightcurve,fullhide_1d,1000.0,100000000000000.0,2.4410915245265813e-21
lightcurve,fullhide_1d,10000.0,100000000000000.0,1.8374377356982246e-21
lightcurve,fullhide_1d,100000.0,100000000000000.0,5.054343356849191e-22
lightcurve,fullhide_1d,1000000.0,100000000000000.0,4.815791180144134e-24
lightcurve,fullhide_1d,10000000.0,100000000000000.0,5.337264056389828e-26
sed,fullhide_2d,1000.0,100000000.0,5.9694659353446264e-21
sed,fullhide_2d,1000.0,120289366.72653936,1.0408065260302736e-20
sed,fullhide_2d,1000.0,144695317.47471872,1.814934841937177e-20
sed,fullhide_2d,1000.0,174053081.0732948,3.167954093643356e-20
sed,fullhide_2d,1000.0,209367348.99109644,5.530702584302195e-20
sed,fullhide_2d,1000.0,251846658.23353347,9.656382596053993e-20
sed,fullhide_2d,1000.0,302944750.3110693,1.6862216922999782e-19
sed,fullhide_2d,1000.0,364410321.68048114,2.9475881416523423e-19
sed,fullhide_2d,1000.0,438346868.2355957,5.158416698959395e-19
sed,fullhide_2d,1000.0,527284671.86621594,9.028460695955734e-19
sed,fullhide_2d,1000.0,634267392.6339822,1.5804938930581463e-18
sed,fullhide_2d,1000.0,762956229.95235,2.768093499763723e-18
sed,fullhide_2d,1000.0,917755217.4103613,4.863611938487959e-18
sed,fullhide_2d,1000.0,1103961939.122698,8.547725160093191e-18
sed,fullhide_2d,1000.0,1327948825.4727173,1.5025634771560622e-17
sed,fullhide_2d,1000.0,1597381232.613649,2.64248427206505e-17
sed,fullhide_2d,1000.0,1921479768.9195468,4.662281177377875e-17
sed,fullhide_2d,1000.0,2311335845.8118944,8.246098666137175e-17
sed,fullhide_2d,1000.0,2780291251.8506303,1.4588781485469938e-16
sed,fullhide_2d,1000.0,3344394740.004496,2.5821012636455925e-16
sed,fullhide_2d,1000.0,4022951253.587101,4.576237037771655e-16
sed,fullhide_2d,1000.0,4839182586.6573,8.154135146153502e-16
sed,fullhide_2d,1000.0,5821022088.231032,1.4531973549685246e-15
sed,fullhide_2d,1000.0,7002070606.945086,2.5906817146005952e-15
sed,fullhide_2d,1000.0,8422746390.839395,4.621192089363557e-15
sed,fullhide_2d,1000.0,10131668294.523115,8.260866002705542e-15
sed,fullhide_2d,1000.0,12187319630.315475,1.4780684169334835e-14
sed,fullhide_2d,1000.0,14660049604.245642,2.6447617028537895e-14
sed,fullhide_2d,1000.0,17634480830.743694,4.732509209730483e-14
sed,fullhide_2d,1000.0,21212405316.81448,8.466790818296534e-14
sed,fullhide_2d,1000.0,25516268023.063004,1.5136021971991372e-13
sed,fullhide_2d,1000.0,30693357217.188824,2.7054678281794095e-13
sed,fullhide_2d,1000.0,36920845023.67115,4.834888906529458e-13
sed,fullhide_2d,1000.0,44411850669.06087,8.638299822811169e-13
sed,fullhide_2d,1000.0,53422733921.34986,1.543849491292562e-12
sed,fullhide_2d,1000.0,64261868321.99561,2.7587758279992685e-12
sed,fullhide_2d,1000.0,77300194451.17143,4.9276311417102055e-12
sed,fullhide_2d,1000.0,92983914383.69725,8.795932384240593e-12
sed,fullhide_2d,1000.0,111849761769.69742,1.566278452327953e-11
sed,fullhide_2d,1000.0,134543370117.91139,2.7763290758541132e-11
sed,fullhide_2d,1000.0,161841367887.38028,4.9093348290324836e-11
sed,fullhide_2d,1000.0,194677956533.29776,8.640617295682244e-11
sed,fullhide_2d,1000.0,234176881070.0714,1.503131863590275e-10
sed,fullhide_2d,1000.0,281689887259.1501,2.365020126361392e-10
sed,fullhide_2d,1000.0,338842981516.7343,3.645922197434686e-10
sed,fullhide_2d,1000.0,407592076663.8045,5.595087338261605e-10
sed,fullhide_2d,1000.0,490289927846.4412,8.494913381045211e-10
sed,fullhide_2d,1000.0,589766649330.4908,1.2040847961036475e-09
sed,fullhide_2d,1000.0,709426567643.9775,1.5808595582607892e-09
sed,fullhide_2d,1000.0,853364725608.7649,2.072926903931774e-09
sed,fullhide_2d,1000.0,1026507024302.4535,2.7111904433554254e-09
sed,fullhide_2d,1000.0,1234778798936.8647,3.5195518569354025e-09
sed,fullhide_2d,1000.0,1485307597714.7231,4.381552622769977e-09
sed,fullhide_2d,1000.0,1786667103232.2153,5.43830847207073e-09
sed,fullhide_2d,1000.0,2149170543989.437,6.745887957729952e-09
sed,fullhide_2d,1000.0,2585223637238.2144,8.355599133148888e-09
sed,fullhide_2d,1000.0,3109749141698.6553,1.0243062447730554e-08
sed,fullhide_2d,1000.0,3740697549333.305,1.2459435636861847e-08
sed,fullhide_2d,1000.0,4499661393248.21,1.5151255918705844e-08
sed,fullhide_2d,1000.0,5412614194776.85,1.841414734609308e-08
sed,fullhide_2d,1000.0,6510799338247.85,2.2329594974983827e-08
sed,fullhide_2d,1000.0,7831799292814.053,2.6793333076150347e-08
sed,fullhide_2d,1000.0,9420821772619.611,3.214313873917655e-08
sed,fullhide_2d,1000.0,11332246850720.07,3.8546948431217344e-08
sed,fullhide_2d,1000.0,13631487972619.373,4.618175016619502e-08
sed,fullhide_2d,1000.0,16397230557668.22,5.491015143026546e-08
sed,fullhide_2d,1000.0,19724124798509.7,6.502290532551833e-08
sed,fullhide_2d,1000.0,23726024812479.625,7.697952950693527e-08
sed,fullhide_2d,1000.0,28539884996313.336,9.108243355339569e-08
sed,fullhide_2d,1000.0,34330446926547.934,1.0742044814129514e-07
sed,fullhide_2d,1000.0,41295877202335.2,1.2555700064425902e-07
sed,fullhide_2d,1000.0,49674549170858.35,1.4673499308143915e-07
sed,fullhide_2d,1000.0,59753200621888.914,1.7141941706914998e-07
sed,fullhide_2d,1000.0,71876746626908.75,2.0004271210404598e-07
sed,fullhide_2d,1000.0,86460083341147.77,2.315249302799224e-07
sed,fullhide_2d,1000.0,104002286722304.8,2.6719265520716456e-07
sed,fullhide_2d,1000.0,125103692079380.17,3.0829105405522186e-07
sed,fullhide_2d,1000.0,150486438953806.2,3.5549431718838336e-07
sed,fullhide_2d,1000.0,181019184426853.7,4.083483972006261e-07
sed,fullhide_2d,1000.0,217746830600608.62,4.657984385086307e-07
sed,fullhide_2d,1000.0,261926283596582.53,5.312611865561485e-07
sed,fullhide_2d,1000.0,315069467828688.6,6.057287924283129e-07
sed,fullhide_2d,1000.0,378995067599805.7,6.899395896360675e-07
sed,fullhide_2d,1000.0,455890766740627.8,7.800638166303696e-07
sed,fullhide_2d,1000.0,548388116277063.7,8.805992134888936e-07
sed,fullhide_2d,1000.0,659652592273280.9,9.939237945637003e-07
sed,fullhide_2d,1000.0,793491925840727.0,1.1212834892231221e-06
sed,fullhide_2d,1000.0,954486412620035.6,1.260284936517557e-06
sed,fullhide_2d,1000.0,1148145661231499.5,1.410047065698367e-06
sed,fullhide_2d,1000.0,1381097144993614.5,1.5774494031590168e-06
sed,fullhide_2d,1000.0,1661313009591127.0,1.7643034818256672e-06
sed,fullhide_2d,1000.0,1998382898582786.8,1.971642680378588e-06
sed,fullhide_2d,1000.0,2403842133476685.5,2.1893051181657153e-06
sed,fullhide_2d,1000.0,2891566479464849.5,2.429511711476338e-06
sed,fullhide_2d,1000.0,3478247006625142.0,2.6957340905717545e-06
sed,fullhide_2d,1000.0,4183961297454212.0,2.9900371330231732e-06
sed,fullhide_2d,1000.0,5032860548791150.0,3.302974999202409e-06
sed,fullhide_2d,1000.0,6053996082370733.0,3.635383425501178e-06
sed,fullhide_2d,1000.0,7282313549133226.0,4.000969443004724e-06
sed,fullhide_2d,1000.0,8759848851293366.0,4.402451902818163e-06
sed,fullhide_2d,1000.0,1.053716670942278e+16,4.839006982819361e-06
sed,fullhide_2d,1000.0,1.2675091105684438e+16,5.2739410952700495e-06
sed,fullhide_2d,1000.0,1.5246786823039662e+16,5.7473613250226645e-06
sed,fullhide_2d,1000.0,1.8340263315579784e+16,6.262637932384389e-06
sed,fullhide_2d,1000.0,2.206138659829082e+16,6.820748782101597e-06
sed,fullhide_2d,1000.0,2.653750223017776e+16,7.367974469693637e-06
sed,fullhide_2d,1000.0,3.1921793377721956e+16,7.91832851801597e-06
sed,fullhide_2d,1000.0,3.839852310181596e+16,8.509942388080657e-06
sed,fullhide_2d,1000.0,4.618934027151852e+16,9.143340336313707e-06
sed,fullhide_2d,1000.0,5.556086490777627e+16,9.78503703075319e-06
sed,fullhide_2d,1000.0,6.683381254535184e+16,1.0305123820123383e-05
sed,fullhide_2d,1000.0,8.039396987000581e+16,1.0855588873359851e-05
sed,fullhide_2d,1000.0,9.670539724295523e+16,1.1434733915517583e-05
sed,fullhide_2d,1000.0,1.1632630993393557e+17,1.2028267451091432e-05
sed,fullhide_2d,1000.0,1.3992818155588197e+17,1.2432341961688782e-05
sed,fullhide_2d,1000.0,1.6831872346553197e+17,1.2769086555612718e-05
sed,fullhide_2d,1000.0,2.0246952653888422e+17,1.3117744639894288e-05
sed,fullhide_2d,1000.0,2.4354931128784736e+17,1.3462093872060437e-05
sed,fullhide_2d,1000.0,2.929639242149984e+17,1.3689328829883423e-05
sed,fullhide_2d,1000.0,3.5240444917543885e+17,1.3719220882943985e-05
sed,fullhide_2d,1000.0,4.2390508022928634e+17,1.3751063772665958e-05
sed,fullhide_2d,1000.0,5.099127365294392e+17,1.3770248167856165e-05
sed,fullhide_2d,1000.0,6.13370801629227e+17,1.3731880071548773e-05
sed,fullhide_2d,1000.0,7.378198529652922e+17,1.3558682183505179e-05
sed,fullhide_2d,1000.0,8.875188287146373e+17,1.3366803426101678e-05
sed,fullhide_2d,1000.0,1.0675907786396411e+18,1.3164511214871736e-05
sed,fullhide_2d,1000.0,1.2841981868565496e+18,1.2930464269664347e-05
sed,fullhide_2d,1000.0,1.5447538664834376e+18,1.2653868241647346e-05
sed,fullhide_2d,1000.0,1.858174643476666e+18,1.2367056034414561e-05
sed,fullhide_2d,1000.0,2.2351865113112212e+18,1.207702662654545e-05
sed,fullhide_2d,1000.0,2.688691699613285e+18,1.1780181180699344e-05
sed,fullhide_2d,1000.0,3.234210218693835e+18,1.147847344692222e-05
sed,fullhide_2d,1000.0,3.890410990671853e+18,1.1178924687335352e-05
sed,fullhide_2d,1000.0,4.679750743738878e+18,1.0883406613632717e-05
sed,fullhide_2d,1000.0,5.629242534023988e+18,1.0592848785122409e-05
sed,fullhide_2d,1000.0,6.771380195678424e+18,1.0308115345965464e-05
sed,fullhide_2d,1000.0,8.145250356027911e+18,1.002987129090004e-05
sed,fullhide_2d,1000.0,9.797870071557206e+18,9.759043021646774e-06
sed,fullhide_2d,1000.0,1.1785795861765243e+19,9.495249371400977e-06
sed,fullhide_2d,1000.0,1.4177059205800034e+19,9.238541871752718e-06
sed,fullhide_2d,1000.0,1.7053494739103482e+19,8.988255762217961e-06
sed,fullhide_2d,1000.0,2.0513540826411364e+19,8.743599487060319e-06
sed,fullhide_2d,1000.0,2.4675608353280238e+19,8.505585299751065e-06
sed,fullhide_2d,1000.0,2.9682133024081723e+19,8.27414464595617e-06
sed,fullhide_2d,1000.0,3.5704449845597057e+19,8.049284767797959e-06
sed,fullhide_2d,1000.0,4.294865661246373e+19,7.829814195168679e-06
sed,fullhide_2d,1000.0,5.166266705668838e+19,7.615606406974335e-06
sed,fullhide_2d,1000.0,6.214469503653066e+19,7.407206973894802e-06
sed,fullhide_2d,1000.0,7.475346011358218e+19,7.204461285498556e-06
sed,fullhide_2d,1000.0,8.992046377680455e+19,7.007526156667954e-06
sed,fullhide_2d,1000.0,1.0816475643468497e+20,6.816093946162179e-06
sed,fullhide_2d,1000.0,1.3011070053658575e+20,6.630032284813519e-06
sed,fullhide_2d,1000.0,1.5650933771892366e+20,6.449083614007486e-06
sed,fullhide_2d,1000.0,1.8826409120999486e+20,6.272878047425148e-06
sed,fullhide_2d,1000.0,2.2646168308997633e+20,6.101513276998434e-06
sed,fullhide_2d,1000.0,2.7240932446719387e+20,5.9351432361282195e-06
sed,fullhide_2d,1000.0,3.2767945130563266e+20,5.7735606070339135e-06
sed,fullhide_2d,1000.0,3.9416353686854605e+20,5.616565868062098e-06
sed,fullhide_2d,1000.0,4.741368223661015e+20,5.463441558254875e-06
sed,fullhide_2d,1000.0,5.70336181041518e+20,5.3141312790429515e-06
sed,fullhide_2d,1000.0,6.860537803871738e+20,5.169298690867344e-06
sed,fullhide_2d,1000.0,8.25249747831211e+20,5.028875053071913e-06
sed,fullhide_2d,1000.0,9.926876955785307e+20,4.892726478678875e-06
sed,fullhide_2d,1000.0,1.1940977425836865e+21,4.7587628534026065e-06
sed,fullhide_2d,1000.0,1.4363726126498128e+21,4.628359502397234e-06
sed,fullhide_2d,1000.0,1.7278035195899148e+21,4.501954542667618e-06
sed,fullhide_2d,1000.0,2.0783639119935753e+21,4.379376370587567e-06
sed,fullhide_2d,1000.0,2.500050788009991e+21,4.260316646517575e-06
sed,fullhide_2d,1000.0,3.007295260739063e+21,4.1447227001189345e-06
sed,fullhide_2d,1000.0,3.617456424740264e+21,4.033244883457717e-06
sed,fullhide_2d,1000.0,4.351415424928593e+21,3.925638369274216e-06
sed,fullhide_2d,1000.0,5.234290058287535e+21,3.821280948569892e-06
sed,fullhide_2d,1000.0,6.296294363744258e+21,3.7173056881710124e-06
sed,fullhide_2d,1000.0,7.573772617386789e+21,3.6168337532726864e-06
sed,fullhide_2d,1000.0,9.11044311876265e+21,3.5201628516394673e-06
sed,fullhide_2d,1000.0,1.0958894333541128e+22,3.4269022540855356e-06
sed,fullhide_2d,1000.0,1.3182384594047174e+22,3.3354843276473255e-06
sed,fullhide_2d,1000.0,1.5857006947636297e+22,3.2471674837288917e-06
sed,fullhide_2d,1000.0,1.9074293239095126e+22,3.1633019646940107e-06
sed,fullhide_2d,1000.0,2.2944346544870544e+22,3.0836142573114917e-06
sed,fullhide_2d,1000.0,2.759960915836728e+22,3.0066648104508197e-06
sed,fullhide_2d,1000.0,3.3199395075600096e+22,2.9235515014986474e-06
sed,fullhide_2d,1000.0,3.993534209348141e+22,2.8444265887012168e-06
sed,fullhide_2d,1000.0,4.803797010432569e+22,2.7693319443432615e-06
sed,fullhide_2d,1000.0,5.778457002677744e+22,2.6975996633877932e-06
sed,fullhide_2d,1000.0,6.950869335086453e+22,2.6262631058994766e-06
sed,fullhide_2d,1000.0,8.361156705164745e+22,2.5585070137929597e-06
sed,fullhide_2d,1000.0,1.0057582451656214e+23,2.4963970456860307e-06
sed,fullhide_2d,1000.0,1.209820223909676e+23,2.439062583748647e-06
sed,fullhide_2d,1000.0,1.4552850858705558e+23,2.3815888274897443e-06
sed,fullhide_2d,1000.0,1.7505532138594733e+23,2.3092913995152293e-06
sed,fullhide_2d,1000.0,2.105729375162634e+23,2.2431036796841676e-06
sed,fullhide_2d,1000.0,2.532968530357836e+23,2.1820683757383654e-06
sed,fullhide_2d,1000.0,3.046891804549984e+23,2.12447857474682e-06
sed,fullhide_2d,1000.0,3.665086856536018e+23,2.0625388143159057e-06
sed,fullhide_2d,1000.0,4.408709769704786e+23,2.005513813649294e-06
sed,fullhide_2d,1000.0,5.3032090627889366e+23,1.9569746782513857e-06
sed,fullhide_2d,1000.0,6.379196597813281e+23,1.914837413154727e-06
sed,fullhide_2d,1000.0,7.67349518975057e+23,1.8663615077392409e-06
sed,fullhide_2d,1000.0,9.230398769542383e+23,1.7954695073554568e-06
sed,fullhide_2d,1000.0,1.1103188226216768e+24,1.7349330498630358e-06
sed,fullhide_2d,1000.0,1.3355954803771882e+24,1.6829365620582152e-06
sed,fullhide_2d,1000.0,1.6065793453739944e+24,1.6362165184594983e-06
sed,fullhide_2d,1000.0,1.9325441205097672e+24,1.5766761884543835e-06
sed,fullhide_2d,1000.0,2.3246450842721588e+24,1.5240216403872013e-06
sed,fullhide_2d,1000.0,2.7963008505106185e+24,1.4828403728375584e-06
sed,fullhide_2d,1000.0,3.3636525848480433e+24,1.4497146157961259e-06
sed,fullhide_2d,1000.0,4.0461163931945993e+24,1.409322988068915e-06
sed,fullhide_2d,1000.0,4.867047786392459e+24,1.3557177408531006e-06
sed,fullhide_2d,1000.0,5.854540960529565e+24,1.312768095580033e-06
sed,fullhide_2d,1000.0,7.042390246166839e+24,1.2775615329225615e-06
sed,fullhide_2d,1000.0,8.4712466295257e+24,1.2447354526587993e-06
sed,fullhide_2d,1000.0,1.0190008924499732e+25,1.1798723604999237e-06
sed,fullhide_2d,1000.0,1.2257497204658623e+25,1.1179472320936676e-06
sed,fullhide_2d,1000.0,1.474446576400706e+25,1.0630207057200895e-06
sed,fullhide_2d,1000.0,1.7736024494735567e+25,1.0119444627182635e-06
sed,fullhide_2d,1000.0,2.1334551547181226e+25,9.505384781374334e-07
sed,fullhide_2d,1000.0,2.566319695005151e+25,8.822468876435383e-07
sed,fullhide_2d,1000.0,3.0870097093001393e+25,8.197054950889122e-07
sed,fullhide_2d,1000.0,3.7133444301039363e+25,7.602965220830478e-07
sed,fullhide_2d,1000.0,4.4667584993472284e+25,6.981036899504054e-07
sed,fullhide_2d,1000.0,5.373035512068676e+25,6.158926826100923e-07
sed,fullhide_2d,1000.0,6.4631903914594545e+25,5.427457168306219e-07
sed,fullhide_2d,1000.0,7.77453079221715e+25,4.785913754043749e-07
sed,fullhide_2d,1000.0,9.351933855917773e+25,4.224516687176158e-07
sed,fullhide_2d,1000.0,1.124938201196837e+26,3.7587245274865716e-07
sed,fullhide_2d,1000.0,1.3531810382845927e+26,3.363149831217223e-07
sed,fullhide_2d,1000.0,1.6277329016161534e+26,3.008736174196633e-07
sed,fullhide_2d,1000.0,1.9579895993535867e+26,2.687893839558026e-07
sed,fullhide_2d,1000.0,2.355253289633944e+26,2.380236388276476e-07
sed,fullhide_2d,1000.0,2.8331192669066454e+26,2.0270140641881663e-07
sed,fullhide_2d,1000.0,3.407941224769592e+26,1.7264959058490446e-07
sed,fullhide_2d,1000.0,4.0993909176879945e+26,1.4711608259505379e-07
sed,fullhide_2d,1000.0,4.931131374532179e+26,1.2550461982002406e-07
sed,fullhide_2d,1000.0,5.93162670287843e+26,1.0779435825201138e-07
sed,fullhide_2d,1000.0,7.135116197474798e+26,9.284701069490275e-08
sed,fullhide_2d,1000.0,8.582786089145135e+26,7.993575028752489e-08
sed,fullhide_2d,1000.0,1.0324179034126238e+27,6.870996425873742e-08
sed,fullhide_2d,1000.0,1.2418889579864547e+27,5.8216075800574736e-08
sed,fullhide_2d,1000.0,1.493860363008731e+27,4.729151345917741e-08
sed,fullhide_2d,1000.0,1.796955170441977e+27,3.8418803486150214e-08
sed,fullhide_2d,1000.0,2.161545994884469e+27,3.1213037138671335e-08
sed,fullhide_2d,1000.0,2.600109988749392e+27,2.536209514346318e-08
sed,fullhide_2d,1000.0,3.12765583966015e+27,2.0583918669051335e-08
sed,fullhide_2d,1000.0,3.762237402912806e+27,1.669475981033704e-08
sed,fullhide_2d,1000.0,4.5255715467128334e+27,1.3533924625449505e-08
sed,fullhide_2d,1000.0,5.443781354297298e+27,1.0949041983700108e-08
sed,fullhide_2d,1000.0,6.548290117061673e+27,8.711429803540517e-09
sed,fullhide_2d,1000.0,7.876896713230017e+27,6.732957522532596e-09
sed,fullhide_2d,1000.0,9.475069174048018e+27,5.203230263524101e-09
sed,fullhide_2d,1000.0,1.1397500706363858e+28,4.0186871969871566e-09
sed,fullhide_2d,1000.0,1.3709981422337991e+28,3.0968651115337957e-09
sed,fullhide_2d,1000.0,1.6491649831256495e+28,2.36795191786204e-09
sed,fullhide_2d,1000.0,1.9837701144776913e+28,1.8078283545851397e-09
sed,fullhide_2d,1000.0,2.38626450801555e+28,1.3785666527763268e-09
sed,fullhide_2d,1000.0,2.8704224651120867e+28,1.047146188242805e-09
sed,fullhide_2d,1000.0,3.452813005659635e+28,7.772163118894154e-10
sed,fullhide_2d,1000.0,4.153366898759547e+28,5.634345484279326e-10
sed,fullhide_2d,1000.0,4.996058740347587e+28,4.078448042711622e-10
sed,fullhide_2d,1000.0,6.009727420050007e+28,2.939725648422818e-10
sed,fullhide_2d,1000.0,7.2290630555693745e+28,2.08520087583292e-10
sed,fullhide_2d,1000.0,8.69579416980658e+28,1.3682695771579503e-10
sed,fullhide_2d,1000.0,1.0460115738703708e+29,8.928753979362485e-11
sed,fullhide_2d,1000.0,1.2582406980949714e+29,5.818729968768979e-11
sed,fullhide_2d,1000.0,1.513529767634035e+29,3.765127532754224e-11
sed,fullhide_2d,1000.0,1.820615372704636e+29,2.218441245100143e-11
sed,fullhide_2d,1000.0,2.1900067023524398e+29,1.2107579584281963e-11
sed,fullhide_2d,1000.0,2.6343451935285067e+29,6.605398096582589e-12
sed,fullhide_2d,1000.0,3.1688371506864813e+29,3.5888726748841262e-12
sed,fullhide_2d,1000.0,3.811774141156066e+29,1.863510027923044e-12
sed,fullhide_2d,1000.0,4.585158975442635e+29,6.795025533875651e-13
sed,fullhide_2d,1000.0,5.5154586949650035e+29,2.476382657373946e-13
sed,fullhide_2d,1000.0,6.634510336237281e+29,9.04156026792299e-14
sed,fullhide_2d,1000.0,7.98061046886659e+29,3.287339690704542e-14
sed,fullhide_2d,1000.0,9.599825793911563e+29,8.795891936286228e-15
sed,fullhide_2d,1000.0,1.1547569654347151e+30,1.9331713665672138e-15
sed,fullhide_2d,1000.0,1.3890498409520274e+30,4.2741894602163e-16
sed,fullhide_2d,1000.0,1.670879257197189e+30,9.499012224081292e-17
sed,fullhide_2d,1000.0,2.0098900772476115e+30,1.69159740355332e-17
sed,fullhide_2d,1000.0,2.417684045820695e+30,7.506566264684555e-19
sed,fullhide_2d,100000.0,100000000.0,3.757659303313847e-19
sed,fullhide_2d,100000.0,120289366.72653936,6.681896438660871e-19
sed,fullhide_2d,100000.0,144695317.47471872,1.1913291835687075e-18
sed,fullhide_2d,100000.0,174053081.0732948,2.135240762603123e-18
sed,fullhide_2d,100000.0,209367348.99109644,3.8270331727208015e-18
sed,fullhide_2d,100000.0,251846658.23353347,6.859270114447976e-18
sed,fullhide_2d,100000.0,302944750.3110693,1.2294019120572955e-17
sed,fullhide_2d,100000.0,364410321.68048114,2.2064646396132668e-17
sed,fullhide_2d,100000.0,438346868.2355957,3.96082464292592e-17
sed,fullhide_2d,100000.0,527284671.86621594,7.110076900808348e-17
sed,fullhide_2d,100000.0,634267392.6339822,1.2763301244279806e-16
sed,fullhide_2d,100000.0,762956229.95235,2.2889610898902366e-16
sed,fullhide_2d,100000.0,917755217.4103613,4.1000302322336174e-16
sed,fullhide_2d,100000.0,1103961939.122698,7.344051674226846e-16
sed,fullhide_2d,100000.0,1327948825.4727173,1.3154804702828953e-15
sed,fullhide_2d,100000.0,1597381232.613649,2.356354777845081e-15
sed,fullhide_2d,100000.0,1921479768.9195468,4.223744186613692e-15
sed,fullhide_2d,100000.0,2311335845.8118944,7.571138567552365e-15
sed,fullhide_2d,100000.0,2780291251.8506303,1.3571404247399902e-14
sed,fullhide_2d,100000.0,3344394740.004496,2.4326990383643876e-14
sed,fullhide_2d,100000.0,4022951253.587101,4.3645687163039206e-14
sed,fullhide_2d,100000.0,4839182586.6573,7.836380131730342e-14
sed,fullhide_2d,100000.0,5821022088.231032,1.4069856130083482e-13
sed,fullhide_2d,100000.0,7002070606.945086,2.526177256426319e-13
sed,fullhide_2d,100000.0,8422746390.839395,4.5357666180646077e-13
sed,fullhide_2d,100000.0,10131668294.523115,8.147288396398281e-13
sed,fullhide_2d,100000.0,12187319630.315475,1.463442151646923e-12
sed,fullhide_2d,100000.0,14660049604.245642,2.628682361861689e-12
sed,fullhide_2d,100000.0,17634480830.743694,4.7217255836424075e-12
sed,fullhide_2d,100000.0,21212405316.81448,7.972339067476931e-12
sed,fullhide_2d,100000.0,25516268023.063004,1.3032763963250356e-11
sed,fullhide_2d,100000.0,30693357217.188824,2.1306996641077463e-11
sed,fullhide_2d,100000.0,36920845023.67115,3.4837179104754055e-11
sed,fullhide_2d,100000.0,44411850669.06087,5.478291209199234e-11
sed,fullhide_2d,100000.0,53422733921.34986,7.408998591187362e-11
sed,fullhide_2d,100000.0,64261868321.99561,1.0020486057199187e-10
sed,fullhide_2d,100000.0,77300194451.17143,1.3552923137550856e-10
sed,fullhide_2d,100000.0,92983914383.69725,1.8331251118262976e-10
sed,fullhide_2d,100000.0,111849761769.69742,2.3401936089239773e-10
sed,fullhide_2d,100000.0,134543370117.91139,2.932612341935823e-10
sed,fullhide_2d,100000.0,161841367887.38028,3.675011381923271e-10
sed,fullhide_2d,100000.0,194677956533.29776,4.605363144768681e-10
sed,fullhide_2d,100000.0,234176881070.0714,5.726483849133616e-10
sed,fullhide_2d,100000.0,281689887259.1501,6.998306787535248e-10
sed,fullhide_2d,100000.0,338842981516.7343,8.552600035197122e-10
sed,fullhide_2d,100000.0,407592076663.8045,1.0452100989823325e-09
sed,fullhide_2d,100000.0,490289927846.4412,1.2773481432130395e-09
sed,fullhide_2d,100000.0,589766649330.4908,1.5406926064391312e-09
sed,fullhide_2d,100000.0,709426567643.9775,1.8544972616231024e-09
sed,fullhide_2d,100000.0,853364725608.7649,2.232218693669711e-09
sed,fullhide_2d,100000.0,1026507024302.4535,2.686876047226473e-09
sed,fullhide_2d,100000.0,1234778798936.8647,3.2139221669953557e-09
sed,fullhide_2d,100000.0,1485307597714.7231,3.81087736747033e-09
sed,fullhide_2d,100000.0,1786667103232.2153,4.518721084667328e-09
sed,fullhide_2d,100000.0,2149170543989.437,5.358053442305861e-09
sed,fullhide_2d,100000.0,2585223637238.2144,6.352083774781513e-09
sed,fullhide_2d,100000.0,3109749141698.6553,7.40981138953514e-09
sed,fullhide_2d,100000.0,3740697549333.305,8.637789717729053e-09
sed,fullhide_2d,100000.0,4499661393248.21,1.0069338323728775e-08
sed,fullhide_2d,100000.0,5412614194776.85,1.1738215292859557e-08
sed,fullhide_2d,100000.0,6510799338247.85,1.353950788007796e-08
sed,fullhide_2d,100000.0,7831799292814.053,1.5467963432829635e-08
sed,fullhide_2d,100000.0,9420821772619.611,1.767143548282256e-08
sed,fullhide_2d,100000.0,11332246850720.07,2.0189192725117505e-08
sed,fullhide_2d,100000.0,13631487972619.373,2.3021548122013456e-08
sed,fullhide_2d,100000.0,16397230557668.22,2.5651719498552403e-08
sed,fullhide_2d,100000.0,19724124798509.7,2.8583964899670193e-08
sed,fullhide_2d,100000.0,23726024812479.625,3.1853156306561874e-08
sed,fullhide_2d,100000.0,28539884996313.336,3.549821161200044e-08
sed,fullhide_2d,100000.0,34330446926547.934,3.877457229626044e-08
sed,fullhide_2d,100000.0,41295877202335.2,4.1858655768894294e-08
sed,fullhide_2d,100000.0,49674549170858.35,4.519416276752565e-08
sed,fullhide_2d,100000.0,59753200621888.914,4.8802063970368144e-08
sed,fullhide_2d,100000.0,71876746626908.75,5.234224014595323e-08
sed,fullhide_2d,100000.0,86460083341147.77,5.4396988012744296e-08
sed,fullhide_2d,100000.0,104002286722304.8,5.654492471608986e-08
sed,fullhide_2d,100000.0,125103692079380.17,5.8790714558797676e-08
sed,fullhide_2d,100000.0,150486438953806.2,6.11392708660141e-08
sed,fullhide_2d,100000.0,181019184426853.7,6.197251005712506e-08
sed,fullhide_2d,100000.0,217746830600608.62,6.222047643034577e-08
sed,fullhide_2d,100000.0,261926283596582.53,6.247803324652101e-08
sed,fullhide_2d,100000.0,315069467828688.6,6.274532175317186e-08
sed,fullhide_2d,100000.0,378995067599805.7,6.266287816109533e-08
sed,fullhide_2d,100000.0,455890766740627.8,6.166776212415145e-08
sed,fullhide_2d,100000.0,548388116277063.7,6.068932333473228e-08
sed,fullhide_2d,100000.0,659652592273280.9,5.972727231955648e-08
sed,fullhide_2d,100000.0,793491925840727.0,5.878132500714222e-08
sed,fullhide_2d,100000.0,954486412620035.6,5.7549777884636976e-08
sed,fullhide_2d,100000.0,1148145661231499.5,5.628735738847585e-08
sed,fullhide_2d,100000.0,1381097144993614.5,5.505264182687791e-08
sed,fullhide_2d,100000.0,1661313009591127.0,5.384502612067503e-08
sed,fullhide_2d,100000.0,1998382898582786.8,5.2623237686266e-08
sed,fullhide_2d,100000.0,2403842133476685.5,5.1366641110768074e-08
sed,fullhide_2d,100000.0,2891566479464849.5,5.014007594403906e-08
sed,fullhide_2d,100000.0,3478247006625142.0,4.894283106382536e-08
sed,fullhide_2d,100000.0,4183961297454212.0,4.777393396835949e-08
sed,fullhide_2d,100000.0,5032860548791150.0,4.657618783495827e-08
sed,fullhide_2d,100000.0,6053996082370733.0,4.540480070356374e-08
sed,fullhide_2d,100000.0,7282313549133226.0,4.426295231067943e-08
sed,fullhide_2d,100000.0,8759848851293366.0,4.3149918471126435e-08
sed,fullhide_2d,100000.0,1.053716670942278e+16,4.205328922651038e-08
sed,fullhide_2d,100000.0,1.2675091105684438e+16,4.097331678349325e-08
sed,fullhide_2d,100000.0,1.5246786823039662e+16,3.9921243511575076e-08
sed,fullhide_2d,100000.0,1.8340263315579784e+16,3.889638741086226e-08
sed,fullhide_2d,100000.0,2.206138659829082e+16,3.7897411258365305e-08
sed,fullhide_2d,100000.0,2.653750223017776e+16,3.69117736705398e-08
sed,fullhide_2d,100000.0,3.1921793377721956e+16,3.5952134293450594e-08
sed,fullhide_2d,100000.0,3.839852310181596e+16,3.5017909647127015e-08
sed,fullhide_2d,100000.0,4.618934027151852e+16,3.410853638493245e-08
sed,fullhide_2d,100000.0,5.556086490777627e+16,3.321170299053301e-08
sed,fullhide_2d,100000.0,6.683381254535184e+16,3.23313652709324e-08
sed,fullhide_2d,100000.0,8.039396987000581e+16,3.147520082522448e-08
sed,fullhide_2d,100000.0,9.670539724295523e+16,3.064271811368493e-08
sed,fullhide_2d,100000.0,1.1632630993393557e+17,2.9831544210900066e-08
sed,fullhide_2d,100000.0,1.3992818155588197e+17,2.903290606272174e-08
sed,fullhide_2d,100000.0,1.6831872346553197e+17,2.825741240515278e-08
sed,fullhide_2d,100000.0,2.0246952653888422e+17,2.7504756398651996e-08
sed,fullhide_2d,100000.0,2.4354931128784736e+17,2.6774704637985773e-08
sed,fullhide_2d,100000.0,2.929639242149984e+17,2.6066333968565427e-08
sed,fullhide_2d,100000.0,3.5240444917543885e+17,2.5379410046748923e-08
sed,fullhide_2d,100000.0,4.2390508022928634e+17,2.4713814855716017e-08
sed,fullhide_2d,100000.0,5.099127365294392e+17,2.4069453495612435e-08
sed,fullhide_2d,100000.0,6.13370801629227e+17,2.344683019472666e-08
sed,fullhide_2d,100000.0,7.378198529652922e+17,2.284704879046228e-08
sed,fullhide_2d,100000.0,8.875188287146373e+17,2.2268855292457407e-08
sed,fullhide_2d,100000.0,1.0675907786396411e+18,2.1712621176534536e-08
sed,fullhide_2d,100000.0,1.2841981868565496e+18,2.117887445952106e-08
sed,fullhide_2d,100000.0,1.5447538664834376e+18,2.065542075281232e-08
sed,fullhide_2d,100000.0,1.858174643476666e+18,2.0150593687362964e-08
sed,fullhide_2d,100000.0,2.2351865113112212e+18,1.9667581251902152e-08
sed,fullhide_2d,100000.0,2.688691699613285e+18,1.9206936572709106e-08
sed,fullhide_2d,100000.0,3.234210218693835e+18,1.8768444463286572e-08
sed,fullhide_2d,100000.0,3.890410990671853e+18,1.8352832971110885e-08
sed,fullhide_2d,100000.0,4.679750743738878e+18,1.7963257816506898e-08
sed,fullhide_2d,100000.0,5.629242534023988e+18,1.760114636822539e-08
sed,fullhide_2d,100000.0,6.771380195678424e+18,1.726811157913794e-08
sed,fullhide_2d,100000.0,8.145250356027911e+18,1.6934562186315027e-08
sed,fullhide_2d,100000.0,9.797870071557206e+18,1.66229532060326e-08
sed,fullhide_2d,100000.0,1.1785795861765243e+19,1.633654502299228e-08
sed,fullhide_2d,100000.0,1.4177059205800034e+19,1.6076491925440344e-08
sed,fullhide_2d,100000.0,1.7053494739103482e+19,1.5848102161066038e-08
sed,fullhide_2d,100000.0,2.0513540826411364e+19,1.5654277992241898e-08
sed,fullhide_2d,100000.0,2.4675608353280238e+19,1.5493035387745918e-08
sed,fullhide_2d,100000.0,2.9682133024081723e+19,1.5366630500052348e-08
sed,fullhide_2d,100000.0,3.5704449845597057e+19,1.52739769314034e-08
sed,fullhide_2d,100000.0,4.294865661246373e+19,1.5119054812000616e-08
sed,fullhide_2d,100000.0,5.166266705668838e+19,1.4987778081797843e-08
sed,fullhide_2d,100000.0,6.214469503653066e+19,1.488177188315564e-08
sed,fullhide_2d,100000.0,7.475346011358218e+19,1.4802002121274107e-08
sed,fullhide_2d,100000.0,8.992046377680455e+19,1.4754769810878254e-08
sed,fullhide_2d,100000.0,1.0816475643468497e+20,1.4741278188718286e-08
sed,fullhide_2d,100000.0,1.3011070053658575e+20,1.47601439780594e-08
sed,fullhide_2d,100000.0,1.5650933771892366e+20,1.4813051610071063e-08
sed,fullhide_2d,100000.0,1.8826409120999486e+20,1.4876085331431016e-08
sed,fullhide_2d,100000.0,2.2646168308997633e+20,1.4797017746697395e-08
sed,fullhide_2d,100000.0,2.7240932446719387e+20,1.4733986620829305e-08
sed,fullhide_2d,100000.0,3.2767945130563266e+20,1.468712490967504e-08
sed,fullhide_2d,100000.0,3.9416353686854605e+20,1.4656587565333568e-08
sed,fullhide_2d,100000.0,4.741368223661015e+20,1.4682389077667216e-08
sed,fullhide_2d,100000.0,5.70336181041518e+20,1.4747109071176052e-08
sed,fullhide_2d,100000.0,6.860537803871738e+20,1.4834614655946513e-08
sed,fullhide_2d,100000.0,8.25249747831211e+20,1.4945530728881198e-08
sed,fullhide_2d,100000.0,9.926876955785307e+20,1.5011461590612413e-08
sed,fullhide_2d,100000.0,1.1940977425836865e+21,1.4870614736895211e-08
sed,fullhide_2d,100000.0,1.4363726126498128e+21,1.4737724424572385e-08
sed,fullhide_2d,100000.0,1.7278035195899148e+21,1.4612606588007956e-08
sed,fullhide_2d,100000.0,2.0783639119935753e+21,1.4495083500982335e-08
sed,fullhide_2d,100000.0,2.500050788009991e+21,1.450659641073661e-08
sed,fullhide_2d,100000.0,3.007295260739063e+21,1.4564721569594176e-08
sed,fullhide_2d,100000.0,3.617456424740264e+21,1.4638518498719222e-08
sed,fullhide_2d,100000.0,4.351415424928593e+21,1.4728085760495277e-08
sed,fullhide_2d,100000.0,5.234290058287535e+21,1.4708458418181282e-08
sed,fullhide_2d,100000.0,6.296294363744258e+21,1.4460102335679128e-08
sed,fullhide_2d,100000.0,7.573772617386789e+21,1.4219068489988253e-08
sed,fullhide_2d,100000.0,9.11044311876265e+21,1.3985109596158594e-08
sed,fullhide_2d,100000.0,1.0958894333541128e+22,1.3758080822665982e-08
sed,fullhide_2d,100000.0,1.3182384594047174e+22,1.3715472869374754e-08
sed,fullhide_2d,100000.0,1.5857006947636297e+22,1.37047525295701e-08
sed,fullhide_2d,100000.0,1.9074293239095126e+22,1.3705466175272495e-08
sed,fullhide_2d,100000.0,2.2944346544870544e+22,1.3717380541108377e-08
sed,fullhide_2d,100000.0,2.759960915836728e+22,1.356366165490922e-08
sed,fullhide_2d,100000.0,3.3199395075600096e+22,1.320586275597934e-08
sed,fullhide_2d,100000.0,3.993534209348141e+22,1.2860698258052412e-08
sed,fullhide_2d,100000.0,4.803797010432569e+22,1.2527623294455738e-08
sed,fullhide_2d,100000.0,5.778457002677744e+22,1.2209315895754755e-08
sed,fullhide_2d,100000.0,6.950869335086453e+22,1.2046579639667832e-08
sed,fullhide_2d,100000.0,8.361156705164745e+22,1.1901563047046868e-08
sed,fullhide_2d,100000.0,1.0057582451656214e+23,1.1770468158438715e-08
sed,fullhide_2d,100000.0,1.209820223909676e+23,1.1652399598717786e-08
sed,fullhide_2d,100000.0,1.4552850858705558e+23,1.1327169219649135e-08
sed,fullhide_2d,100000.0,1.7505532138594733e+23,1.0851218012870248e-08
sed,fullhide_2d,100000.0,2.105729375162634e+23,1.0402624308968504e-08
sed,fullhide_2d,100000.0,2.532968530357836e+23,9.979342120633801e-09
sed,fullhide_2d,100000.0,3.046891804549984e+23,9.577183057246e-09
sed,fullhide_2d,100000.0,3.665086856536018e+23,9.183381546456478e-09
sed,fullhide_2d,100000.0,4.408709769704786e+23,8.820556090114058e-09
sed,fullhide_2d,100000.0,5.3032090627889366e+23,8.485147333843334e-09
sed,fullhide_2d,100000.0,6.379196597813281e+23,8.174049660296671e-09
sed,fullhide_2d,100000.0,7.67349518975057e+23,7.730999672640015e-09
sed,fullhide_2d,100000.0,9.230398769542383e+23,7.250501051037934e-09
sed,fullhide_2d,100000.0,1.1103188226216768e+24,6.810717707767507e-09
sed,fullhide_2d,100000.0,1.3355954803771882e+24,6.406649916529713e-09
sed,fullhide_2d,100000.0,1.6065793453739944e+24,6.028730560970754e-09
sed,fullhide_2d,100000.0,1.9325441205097672e+24,5.664113740701498e-09
sed,fullhide_2d,100000.0,2.3246450842721588e+24,5.331221336294329e-09
sed,fullhide_2d,100000.0,2.7963008505106185e+24,5.025459459747688e-09
sed,fullhide_2d,100000.0,3.3636525848480433e+24,4.743141507303476e-09
sed,fullhide_2d,100000.0,4.0461163931945993e+24,4.459510617447336e-09
sed,fullhide_2d,100000.0,4.867047786392459e+24,4.19217824724389e-09
sed,fullhide_2d,100000.0,5.854540960529565e+24,3.945118956025532e-09
sed,fullhide_2d,100000.0,7.042390246166839e+24,3.7157013961772563e-09
sed,fullhide_2d,100000.0,8.4712466295257e+24,3.4860370147694095e-09
sed,fullhide_2d,100000.0,1.0190008924499732e+25,3.241191171677736e-09
sed,fullhide_2d,100000.0,1.2257497204658623e+25,3.0153212370717794e-09
sed,fullhide_2d,100000.0,1.474446576400706e+25,2.806363840779426e-09
sed,fullhide_2d,100000.0,1.7736024494735567e+25,2.6126607040404545e-09
sed,fullhide_2d,100000.0,2.1334551547181226e+25,2.452654686721195e-09
sed,fullhide_2d,100000.0,2.566319695005151e+25,2.305779427732473e-09
sed,fullhide_2d,100000.0,3.0870097093001393e+25,2.1680365219818777e-09
sed,fullhide_2d,100000.0,3.7133444301039363e+25,2.0387159408737876e-09
sed,fullhide_2d,100000.0,4.4667584993472284e+25,1.8925028667827753e-09
sed,fullhide_2d,100000.0,5.373035512068676e+25,1.7262684878087185e-09
sed,fullhide_2d,100000.0,6.4631903914594545e+25,1.5746918783495834e-09
sed,fullhide_2d,100000.0,7.77453079221715e+25,1.4364578851453681e-09
sed,fullhide_2d,100000.0,9.351933855917773e+25,1.3106449656354484e-09
sed,fullhide_2d,100000.0,1.124938201196837e+26,1.2149101851092422e-09
sed,fullhide_2d,100000.0,1.3531810382845927e+26,1.1268241891108682e-09
sed,fullhide_2d,100000.0,1.6277329016161534e+26,1.0451363360126855e-09
sed,fullhide_2d,100000.0,1.9579895993535867e+26,9.693801242276495e-10
sed,fullhide_2d,100000.0,2.355253289633944e+26,8.741306840111246e-10
sed,fullhide_2d,100000.0,2.8331192669066454e+26,7.688753067909435e-10
sed,fullhide_2d,100000.0,3.407941224769592e+26,6.763132263499105e-10
sed,fullhide_2d,100000.0,4.0993909176879945e+26,5.949113332491461e-10
sed,fullhide_2d,100000.0,4.931131374532179e+26,5.225802505753325e-10
sed,fullhide_2d,100000.0,5.93162670287843e+26,4.5180247716267456e-10
sed,fullhide_2d,100000.0,7.135116197474798e+26,3.9064598101076143e-10
sed,fullhide_2d,100000.0,8.582786089145135e+26,3.37798109190594e-10
sed,fullhide_2d,100000.0,1.0324179034126238e+27,2.921259434388019e-10
sed,fullhide_2d,100000.0,1.2418889579864547e+27,2.3658436965349296e-10
sed,fullhide_2d,100000.0,1.493860363008731e+27,1.8460907268248543e-10
sed,fullhide_2d,100000.0,1.796955170441977e+27,1.44076224018699e-10
sed,fullhide_2d,100000.0,2.161545994884469e+27,1.1246146629954806e-10
sed,fullhide_2d,100000.0,2.600109988749392e+27,8.68626438227464e-11
sed,fullhide_2d,100000.0,3.12765583966015e+27,6.414963840956469e-11
sed,fullhide_2d,100000.0,3.762237402912806e+27,4.737863008450166e-11
sed,fullhide_2d,100000.0,4.5255715467128334e+27,3.499434918914473e-11
sed,fullhide_2d,100000.0,5.443781354297298e+27,2.584880639988418e-11
sed,fullhide_2d,100000.0,6.548290117061673e+27,1.814280971926669e-11
sed,fullhide_2d,100000.0,7.876896713230017e+27,1.2515371111062878e-11
sed,fullhide_2d,100000.0,9.475069174048018e+27,8.633457738182606e-12
sed,fullhide_2d,100000.0,1.1397500706363858e+28,5.955629266575794e-12
sed,fullhide_2d,100000.0,1.3709981422337991e+28,4.114295816543461e-12
sed,fullhide_2d,100000.0,1.6491649831256495e+28,2.852885635533064e-12
sed,fullhide_2d,100000.0,1.9837701144776913e+28,1.9782254272139872e-12
sed,fullhide_2d,100000.0,2.38626450801555e+28,1.3717335795517288e-12
sed,fullhide_2d,100000.0,2.8704224651120867e+28,9.51187943717791e-13
sed,fullhide_2d,100000.0,3.452813005659635e+28,6.031070428877083e-13
sed,fullhide_2d,100000.0,4.153366898759547e+28,3.7649031202138647e-13
sed,fullhide_2d,100000.0,4.996058740347587e+28,2.3502648639575387e-13
sed,fullhide_2d,100000.0,6.009727420050007e+28,1.4671800393797134e-13
sed,fullhide_2d,100000.0,7.2290630555693745e+28,8.591830498001845e-14
sed,fullhide_2d,100000.0,8.69579416980658e+28,4.575692677827969e-14
sed,fullhide_2d,100000.0,1.0460115738703708e+29,2.43737960676849e-14
sed,fullhide_2d,100000.0,1.2582406980949714e+29,1.2986263910408339e-14
sed,fullhide_2d,100000.0,1.513529767634035e+29,6.907940490420101e-15
sed,fullhide_2d,100000.0,1.820615372704636e+29,2.932125008362744e-15
sed,fullhide_2d,100000.0,2.1900067023524398e+29,1.2300243676726497e-15
sed,fullhide_2d,100000.0,2.6343451935285067e+29,5.161695467832766e-16
sed,fullhide_2d,100000.0,3.1688371506864813e+29,2.1667915657575334e-16
sed,fullhide_2d,100000.0,3.811774141156066e+29,6.248566511032901e-17
sed,fullhide_2d,100000.0,4.585158975442635e+29,1.2584292377906193e-17
sed,fullhide_2d,100000.0,5.5154586949650035e+29,2.5448797802623422e-18
sed,fullhide_2d,100000.0,6.634510336237281e+29,5.167005173734854e-19
sed,fullhide_2d,100000.0,7.98061046886659e+29,9.728754033697353e-20
sed,fullhide_2d,100000.0,9.599825793911563e+29,6.1280468786323694e-21
sed,fullhide_2d,100000.0,1.1547569654347151e+30,3.9191161137272756e-22
sed,fullhide_2d,100000.0,1.3890498409520274e+30,2.541133381385442e-23
sed,fullhide_2d,100000.0,1.670879257197189e+30,1.6680996203709948e-24
sed,fullhide_2d,100000.0,2.0098900772476115e+30,1.2459057764161292e-26
sed,fullhide_2d,100000.0,2.417684045820695e+30,2.739878530466204e-29
sed,fullhide_2d,10000000.0,100000000.0,2.6808140065705967e-18
sed,fullhide_2d,10000000.0,120289366.72653936,4.713367695954003e-18
sed,fullhide_2d,10000000.0,144695317.47471872,8.286125104768359e-18
sed,fullhide_2d,10000000.0,174053081.0732948,1.4534010147422238e-17
sed,fullhide_2d,10000000.0,209367348.99109644,2.5492911447091593e-17
sed,fullhide_2d,10000000.0,251846658.23353347,4.471501914228064e-17
sed,fullhide_2d,10000000.0,302944750.3110693,7.843093815981542e-17
sed,fullhide_2d,10000000.0,364410321.68048114,1.3728605000362803e-16
sed,fullhide_2d,10000000.0,438346868.2355957,2.399711713540408e-16
sed,fullhide_2d,10000000.0,527284671.86621594,4.1946114759723614e-16
sed,fullhide_2d,10000000.0,634267392.6339822,7.332033111063588e-16
sed,fullhide_2d,10000000.0,762956229.95235,1.2807277568377026e-15
sed,fullhide_2d,10000000.0,917755217.4103613,2.2283103311179402e-15
sed,fullhide_2d,10000000.0,1103961939.122698,3.876988706187035e-15
sed,fullhide_2d,10000000.0,1327948825.4727173,6.74548853126953e-15
sed,fullhide_2d,10000000.0,1597381232.613649,1.1736329416386012e-14
sed,fullhide_2d,10000000.0,1921479768.9195468,2.0288985745184593e-14
sed,fullhide_2d,10000000.0,2311335845.8118944,3.4978731579469265e-14
sed,fullhide_2d,10000000.0,2780291251.8506303,6.030423063106005e-14
sed,fullhide_2d,10000000.0,3344394740.004496,1.0396604181046722e-13
sed,fullhide_2d,10000000.0,4022951253.587101,1.7343697466866657e-13
sed,fullhide_2d,10000000.0,4839182586.6573,2.628116466804979e-13
sed,fullhide_2d,10000000.0,5821022088.231032,3.9824243496800905e-13
sed,fullhide_2d,10000000.0,7002070606.945086,6.034627551649193e-13
sed,fullhide_2d,10000000.0,8422746390.839395,9.14436214401282e-13
sed,fullhide_2d,10000000.0,10131668294.523115,1.1769312128323885e-12
sed,fullhide_2d,10000000.0,12187319630.315475,1.4571528868280238e-12
sed,fullhide_2d,10000000.0,14660049604.245642,1.8040942207195843e-12
sed,fullhide_2d,10000000.0,17634480830.743694,2.2336409520404416e-12
sed,fullhide_2d,10000000.0,21212405316.81448,2.667716996042446e-12
sed,fullhide_2d,10000000.0,25516268023.063004,2.9895566743192374e-12
sed,fullhide_2d,10000000.0,30693357217.188824,3.350225092158538e-12
sed,fullhide_2d,10000000.0,36920845023.67115,3.754406939804133e-12
sed,fullhide_2d,10000000.0,44411850669.06087,4.207352133797058e-12
sed,fullhide_2d,10000000.0,53422733921.34986,4.505843781057031e-12
sed,fullhide_2d,10000000.0,64261868321.99561,4.804958683909154e-12
sed,fullhide_2d,10000000.0,77300194451.17143,5.123931169563725e-12
sed,fullhide_2d,10000000.0,92983914383.69725,5.464079619924349e-12
sed,fullhide_2d,10000000.0,111849761769.69742,5.7501527620015745e-12
sed,fullhide_2d,10000000.0,134543370117.91139,5.960413109535892e-12
sed,fullhide_2d,10000000.0,161841367887.38028,6.17836223313766e-12
sed,fullhide_2d,10000000.0,194677956533.29776,6.404281310991259e-12
sed,fullhide_2d,10000000.0,234176881070.0714,6.636302407648162e-12
sed,fullhide_2d,10000000.0,281689887259.1501,6.767611831971194e-12
sed,fullhide_2d,10000000.0,338842981516.7343,6.9015194938652885e-12
sed,fullhide_2d,10000000.0,407592076663.8045,7.038076814351494e-12
sed,fullhide_2d,10000000.0,490289927846.4412,7.177336235437706e-12
sed,fullhide_2d,10000000.0,589766649330.4908,7.274817177601619e-12
sed,fullhide_2d,10000000.0,709426567643.9775,7.340152731999065e-12
sed,fullhide_2d,10000000.0,853364725608.7649,7.406075187646564e-12
sed,fullhide_2d,10000000.0,1026507024302.4535,7.47258986164394e-12
sed,fullhide_2d,10000000.0,1234778798936.8647,7.532053579987557e-12
sed,fullhide_2d,10000000.0,1485307597714.7231,7.538687743772927e-12
sed,fullhide_2d,10000000.0,1786667103232.2153,7.545328188062524e-12
sed,fullhide_2d,10000000.0,2149170543989.437,7.551975088413756e-12
sed,fullhide_2d,10000000.0,2585223637238.2144,7.55862868705421e-12
sed,fullhide_2d,10000000.0,3109749141698.6553,7.531933251331698e-12
sed,fullhide_2d,10000000.0,3740697549333.305,7.48966381004554e-12
sed,fullhide_2d,10000000.0,4499661393248.21,7.447633757620489e-12
sed,fullhide_2d,10000000.0,5412614194776.85,7.405842557936453e-12
sed,fullhide_2d,10000000.0,6510799338247.85,7.35487511554028e-12
sed,fullhide_2d,10000000.0,7831799292814.053,7.273375531254009e-12
sed,fullhide_2d,10000000.0,9420821772619.611,7.19278649007726e-12
sed,fullhide_2d,10000000.0,11332246850720.07,7.113100526526803e-12
sed,fullhide_2d,10000000.0,13631487972619.373,7.034311213111457e-12
sed,fullhide_2d,10000000.0,16397230557668.22,6.930050300402559e-12
sed,fullhide_2d,10000000.0,19724124798509.7,6.8202555352221034e-12
sed,fullhide_2d,10000000.0,23726024812479.625,6.712230790738761e-12
sed,fullhide_2d,10000000.0,28539884996313.336,6.605957801953881e-12
sed,fullhide_2d,10000000.0,34330446926547.934,6.493497822783541e-12
sed,fullhide_2d,10000000.0,41295877202335.2,6.367779687448878e-12
sed,fullhide_2d,10000000.0,49674549170858.35,6.244578794762561e-12
sed,fullhide_2d,10000000.0,59753200621888.914,6.123870405477706e-12
sed,fullhide_2d,10000000.0,71876746626908.75,6.005637671983946e-12
sed,fullhide_2d,10000000.0,86460083341147.77,5.878072037789384e-12
sed,fullhide_2d,10000000.0,104002286722304.8,5.751974161850526e-12
sed,fullhide_2d,10000000.0,125103692079380.17,5.628792796924992e-12
sed,fullhide_2d,10000000.0,150486438953806.2,5.508513744888829e-12
sed,fullhide_2d,10000000.0,181019184426853.7,5.3870221844428946e-12
sed,fullhide_2d,10000000.0,217746830600608.62,5.263541164655767e-12
sed,fullhide_2d,10000000.0,261926283596582.53,5.143325697602715e-12
sed,fullhide_2d,10000000.0,315069467828688.6,5.0263897720716435e-12
sed,fullhide_2d,10000000.0,378995067599805.7,4.9127674073205755e-12
sed,fullhide_2d,10000000.0,455890766740627.8,4.793851629579172e-12
sed,fullhide_2d,10000000.0,548388116277063.7,4.678337454475965e-12
sed,fullhide_2d,10000000.0,659652592273280.9,4.56624560694999e-12
sed,fullhide_2d,10000000.0,793491925840727.0,4.457581524830165e-12
sed,fullhide_2d,10000000.0,954486412620035.6,4.34977991058691e-12
sed,fullhide_2d,10000000.0,1148145661231499.5,4.243420692488793e-12
sed,fullhide_2d,10000000.0,1381097144993614.5,4.140667150735048e-12
sed,fullhide_2d,10000000.0,1661313009591127.0,4.04155484790131e-12
sed,fullhide_2d,10000000.0,1998382898582786.8,3.945746205644405e-12
sed,fullhide_2d,10000000.0,2403842133476685.5,3.849945303486629e-12
sed,fullhide_2d,10000000.0,2891566479464849.5,3.757297290649149e-12
sed,fullhide_2d,10000000.0,3478247006625142.0,3.667782406944802e-12
sed,fullhide_2d,10000000.0,4183961297454212.0,3.581387312094365e-12
sed,fullhide_2d,10000000.0,5032860548791150.0,3.4977828765661927e-12
sed,fullhide_2d,10000000.0,6053996082370733.0,3.417231238238022e-12
sed,fullhide_2d,10000000.0,7282313549133226.0,3.3399419285232202e-12
sed,fullhide_2d,10000000.0,8759848851293366.0,3.2659433533518986e-12
sed,fullhide_2d,10000000.0,1.053716670942278e+16,3.193795705969475e-12
sed,fullhide_2d,10000000.0,1.2675091105684438e+16,3.11898318964892e-12
sed,fullhide_2d,10000000.0,1.5246786823039662e+16,3.046812712869706e-12
sed,fullhide_2d,10000000.0,1.8340263315579784e+16,2.977249221723335e-12
sed,fullhide_2d,10000000.0,2.206138659829082e+16,2.910260657391487e-12
sed,fullhide_2d,10000000.0,2.653750223017776e+16,2.8473855087571356e-12
sed,fullhide_2d,10000000.0,3.1921793377721956e+16,2.7879018774090546e-12
sed,fullhide_2d,10000000.0,3.839852310181596e+16,2.731381656528321e-12
sed,fullhide_2d,10000000.0,4.618934027151852e+16,2.6778449681917885e-12
sed,fullhide_2d,10000000.0,5.556086490777627e+16,2.6244507180635633e-12
sed,fullhide_2d,10000000.0,6.683381254535184e+16,2.567168063855638e-12
sed,fullhide_2d,10000000.0,8.039396987000581e+16,2.511862343851982e-12
sed,fullhide_2d,10000000.0,9.670539724295523e+16,2.4584937546022218e-12
sed,fullhide_2d,10000000.0,1.1632630993393557e+17,2.4070239972609027e-12
sed,fullhide_2d,10000000.0,1.3992818155588197e+17,2.362871018272871e-12
sed,fullhide_2d,10000000.0,1.6831872346553197e+17,2.32186655176952e-12
sed,fullhide_2d,10000000.0,2.0246952653888422e+17,2.2832136066140097e-12
sed,fullhide_2d,10000000.0,2.4354931128784736e+17,2.246917447312316e-12
sed,fullhide_2d,10000000.0,2.929639242149984e+17,2.207102020758973e-12
sed,fullhide_2d,10000000.0,3.5240444917543885e+17,2.160932024478866e-12
sed,fullhide_2d,10000000.0,4.2390508022928634e+17,2.1162293469784463e-12
sed,fullhide_2d,10000000.0,5.099127365294392e+17,2.072956917676543e-12
sed,fullhide_2d,10000000.0,6.13370801629227e+17,2.031078722558522e-12
sed,fullhide_2d,10000000.0,7.378198529652922e+17,1.99995523346344e-12
sed,fullhide_2d,10000000.0,8.875188287146373e+17,1.9709985288056725e-12
sed,fullhide_2d,10000000.0,1.0675907786396411e+18,1.9439544398526618e-12
sed,fullhide_2d,10000000.0,1.2841981868565496e+18,1.9188179078156973e-12
sed,fullhide_2d,10000000.0,1.5447538664834376e+18,1.8866495525036338e-12
sed,fullhide_2d,10000000.0,1.858174643476666e+18,1.8477475830318392e-12
sed,fullhide_2d,10000000.0,2.2351865113112212e+18,1.8099328211757643e-12
sed,fullhide_2d,10000000.0,2.688691699613285e+18,1.7731756328998556e-12
sed,fullhide_2d,10000000.0,3.234210218693835e+18,1.7384819862404636e-12
sed,fullhide_2d,10000000.0,3.890410990671853e+18,1.7169896009429377e-12
sed,fullhide_2d,10000000.0,4.679750743738878e+18,1.6969119653274267e-12
sed,fullhide_2d,10000000.0,5.629242534023988e+18,1.6782372566523864e-12
sed,fullhide_2d,10000000.0,6.771380195678424e+18,1.6609548314334308e-12
sed,fullhide_2d,10000000.0,8.145250356027911e+18,1.6323319132999954e-12
sed,fullhide_2d,10000000.0,9.797870071557206e+18,1.597319185128719e-12
sed,fullhide_2d,10000000.0,1.1785795861765243e+19,1.563200440346898e-12
sed,fullhide_2d,10000000.0,1.4177059205800034e+19,1.5299515066816851e-12
sed,fullhide_2d,10000000.0,1.7053494739103482e+19,1.500338237884352e-12
sed,fullhide_2d,10000000.0,2.0513540826411364e+19,1.4839668875970756e-12
sed,fullhide_2d,10000000.0,2.4675608353280238e+19,1.4686956727616663e-12
sed,fullhide_2d,10000000.0,2.9682133024081723e+19,1.4545096952629782e-12
sed,fullhide_2d,10000000.0,3.5704449845597057e+19,1.4413948727565022e-12
sed,fullhide_2d,10000000.0,4.294865661246373e+19,1.4136740141608866e-12
sed,fullhide_2d,10000000.0,5.166266705668838e+19,1.3812632768615027e-12
sed,fullhide_2d,10000000.0,6.214469503653066e+19,1.3496590395110647e-12
sed,fullhide_2d,10000000.0,7.475346011358218e+19,1.3188401181516145e-12
sed,fullhide_2d,10000000.0,8.992046377680455e+19,1.2935350796261002e-12
sed,fullhide_2d,10000000.0,1.0816475643468497e+20,1.2805747776678467e-12
sed,fullhide_2d,10000000.0,1.3011070053658575e+20,1.2684316471719588e-12
sed,fullhide_2d,10000000.0,1.5650933771892366e+20,1.2570906632174548e-12
sed,fullhide_2d,10000000.0,1.8826409120999486e+20,1.2465373851385142e-12
sed,fullhide_2d,10000000.0,2.2646168308997633e+20,1.2181891282857506e-12
sed,fullhide_2d,10000000.0,2.7240932446719387e+20,1.1872548571139075e-12
sed,fullhide_2d,10000000.0,3.2767945130563266e+20,1.1571377165874207e-12
sed,fullhide_2d,10000000.0,3.9416353686854605e+20,1.127815388894399e-12
sed,fullhide_2d,10000000.0,4.741368223661015e+20,1.1054371735113404e-12
sed,fullhide_2d,10000000.0,5.70336181041518e+20,1.0931505296769963e-12
sed,fullhide_2d,10000000.0,6.860537803871738e+20,1.0815748386119787e-12
sed,fullhide_2d,10000000.0,8.25249747831211e+20,1.070691685810855e-12
sed,fullhide_2d,10000000.0,9.926876955785307e+20,1.060483306409983e-12
sed,fullhide_2d,10000000.0,1.1940977425836865e+21,1.0302235644580695e-12
sed,fullhide_2d,10000000.0,1.4363726126498128e+21,9.998329949151371e-13
sed,fullhide_2d,10000000.0,1.7278035195899148e+21,9.703691251099853e-13
sed,fullhide_2d,10000000.0,2.0783639119935753e+21,9.418028319182219e-13
sed,fullhide_2d,10000000.0,2.500050788009991e+21,9.204557818924403e-13
sed,fullhide_2d,10000000.0,3.007295260739063e+21,9.061587194201269e-13
sed,fullhide_2d,10000000.0,3.617456424740264e+21,8.926008509061205e-13
sed,fullhide_2d,10000000.0,4.351415424928593e+21,8.797535403408576e-13
sed,fullhide_2d,10000000.0,5.234290058287535e+21,8.663338874889715e-13
sed,fullhide_2d,10000000.0,6.296294363744258e+21,8.329789433065379e-13
sed,fullhide_2d,10000000.0,7.573772617386789e+21,8.009979799017526e-13
sed,fullhide_2d,10000000.0,9.11044311876265e+21,7.703309273983982e-13
sed,fullhide_2d,10000000.0,1.0958894333541128e+22,7.409204676480174e-13
sed,fullhide_2d,10000000.0,1.3182384594047174e+22,7.159677661331118e-13
sed,fullhide_2d,10000000.0,1.5857006947636297e+22,6.944327264925856e-13
sed,fullhide_2d,10000000.0,1.9074293239095126e+22,6.741866470283596e-13
sed,fullhide_2d,10000000.0,2.2944346544870544e+22,6.551442001628996e-13
sed,fullhide_2d,10000000.0,2.759960915836728e+22,6.339180511174813e-13
sed,fullhide_2d,10000000.0,3.3199395075600096e+22,5.976206730556103e-13
sed,fullhide_2d,10000000.0,3.993534209348141e+22,5.638195617564453e-13
sed,fullhide_2d,10000000.0,4.803797010432569e+22,5.323166440964333e-13
sed,fullhide_2d,10000000.0,5.778457002677744e+22,5.029309518975772e-13
sed,fullhide_2d,10000000.0,6.950869335086453e+22,4.755768396897486e-13
sed,fullhide_2d,10000000.0,8.361156705164745e+22,4.508297409905866e-13
sed,fullhide_2d,10000000.0,1.0057582451656214e+23,4.2847005843766076e-13
sed,fullhide_2d,10000000.0,1.209820223909676e+23,4.0820406174086816e-13
sed,fullhide_2d,10000000.0,1.4552850858705558e+23,3.866153481905536e-13
sed,fullhide_2d,10000000.0,1.7505532138594733e+23,3.5916254048909495e-13
sed,fullhide_2d,10000000.0,2.105729375162634e+23,3.3468147694754585e-13
sed,fullhide_2d,10000000.0,2.532968530357836e+23,3.127309737356083e-13
sed,fullhide_2d,10000000.0,3.046891804549984e+23,2.929445066062847e-13
sed,fullhide_2d,10000000.0,3.665086856536018e+23,2.7575742667976614e-13
sed,fullhide_2d,10000000.0,4.408709769704786e+23,2.6073049073041456e-13
sed,fullhide_2d,10000000.0,5.3032090627889366e+23,2.473572228916135e-13
sed,fullhide_2d,10000000.0,6.379196597813281e+23,2.3532743707026857e-13
sed,fullhide_2d,10000000.0,7.67349518975057e+23,2.2306944815289884e-13
sed,fullhide_2d,10000000.0,9.230398769542383e+23,2.0988978543294528e-13
sed,fullhide_2d,10000000.0,1.1103188226216768e+24,1.9793222661326002e-13
sed,fullhide_2d,10000000.0,1.3355954803771882e+24,1.869792370230579e-13
sed,fullhide_2d,10000000.0,1.6065793453739944e+24,1.7686760963675133e-13
sed,fullhide_2d,10000000.0,1.9325441205097672e+24,1.6763494103093274e-13
sed,fullhide_2d,10000000.0,2.3246450842721588e+24,1.591052660931531e-13
sed,fullhide_2d,10000000.0,2.7963008505106185e+24,1.511498291741966e-13
sed,fullhide_2d,10000000.0,3.3636525848480433e+24,1.4368417050625316e-13
sed,fullhide_2d,10000000.0,4.0461163931945993e+24,1.3640805266085904e-13
sed,fullhide_2d,10000000.0,4.867047786392459e+24,1.293100215251152e-13
sed,fullhide_2d,10000000.0,5.854540960529565e+24,1.2261851287080008e-13
sed,fullhide_2d,10000000.0,7.042390246166839e+24,1.1629490443823692e-13
sed,fullhide_2d,10000000.0,8.4712466295257e+24,1.1028397811753953e-13
sed,fullhide_2d,10000000.0,1.0190008924499732e+25,1.0387751885325509e-13
sed,fullhide_2d,10000000.0,1.2257497204658623e+25,9.78488952385241e-14
sed,fullhide_2d,10000000.0,1.474446576400706e+25,9.217308400900783e-14
sed,fullhide_2d,10000000.0,1.7736024494735567e+25,8.682802042719115e-14
sed,fullhide_2d,10000000.0,2.1334551547181226e+25,8.204288814210786e-14
sed,fullhide_2d,10000000.0,2.566319695005151e+25,7.76887670634835e-14
sed,fullhide_2d,10000000.0,3.0870097093001393e+25,7.35660373484684e-14
sed,fullhide_2d,10000000.0,3.7133444301039363e+25,6.966220741965023e-14
sed,fullhide_2d,10000000.0,4.4667584993472284e+25,6.580092460968885e-14
sed,fullhide_2d,10000000.0,5.373035512068676e+25,6.120057978535825e-14
sed,fullhide_2d,10000000.0,6.4631903914594545e+25,5.692186690404812e-14
sed,fullhide_2d,10000000.0,7.77453079221715e+25,5.2942293793928564e-14
sed,fullhide_2d,10000000.0,9.351933855917773e+25,4.924094496552722e-14
sed,fullhide_2d,10000000.0,1.124938201196837e+26,4.605353331605111e-14
sed,fullhide_2d,10000000.0,1.3531810382845927e+26,4.3178992130961914e-14
sed,fullhide_2d,10000000.0,1.6277329016161534e+26,4.048387244810552e-14
sed,fullhide_2d,10000000.0,1.9579895993535867e+26,3.7956975214145606e-14
sed,fullhide_2d,10000000.0,2.355253289633944e+26,3.52995017078955e-14
sed,fullhide_2d,10000000.0,2.8331192669066454e+26,3.201619090413073e-14
sed,fullhide_2d,10000000.0,3.407941224769592e+26,2.9038271216335357e-14
sed,fullhide_2d,10000000.0,4.0993909176879945e+26,2.6337337187246203e-14
sed,fullhide_2d,10000000.0,4.931131374532179e+26,2.388762545293405e-14
sed,fullhide_2d,10000000.0,5.93162670287843e+26,2.1576364827708073e-14
sed,fullhide_2d,10000000.0,7.135116197474798e+26,1.946835913257679e-14
sed,fullhide_2d,10000000.0,8.582786089145135e+26,1.7566306402356486e-14
sed,fullhide_2d,10000000.0,1.0324179034126238e+27,1.5850084825264338e-14
sed,fullhide_2d,10000000.0,1.2418889579864547e+27,1.3916078442662746e-14
sed,fullhide_2d,10000000.0,1.493860363008731e+27,1.161650800175443e-14
sed,fullhide_2d,10000000.0,1.796955170441977e+27,9.69693409821201e-15
sed,fullhide_2d,10000000.0,2.161545994884469e+27,8.094563095778763e-15
sed,fullhide_2d,10000000.0,2.600109988749392e+27,6.756977949179369e-15
sed,fullhide_2d,10000000.0,3.12765583966015e+27,5.330379056962771e-15
sed,fullhide_2d,10000000.0,3.762237402912806e+27,4.1798456446220665e-15
sed,fullhide_2d,10000000.0,4.5255715467128334e+27,3.2776500585523333e-15
sed,fullhide_2d,10000000.0,5.443781354297298e+27,2.570189308991673e-15
sed,fullhide_2d,10000000.0,6.548290117061673e+27,1.9032789411531796e-15
sed,fullhide_2d,10000000.0,7.876896713230017e+27,1.3167699710883493e-15
sed,fullhide_2d,10000000.0,9.475069174048018e+27,9.109980446283392e-16
sed,fullhide_2d,10000000.0,1.1397500706363858e+28,6.302676769556343e-16
sed,fullhide_2d,10000000.0,1.3709981422337991e+28,4.3571108128737005e-16
sed,fullhide_2d,10000000.0,1.6491649831256495e+28,2.793491417397038e-16
sed,fullhide_2d,10000000.0,1.9837701144776913e+28,1.7910021782542162e-16
sed,fullhide_2d,10000000.0,2.38626450801555e+28,1.1482723923465956e-16
sed,fullhide_2d,10000000.0,2.8704224651120867e+28,7.361965351912165e-17
sed,fullhide_2d,10000000.0,3.452813005659635e+28,4.2140884087225077e-17
sed,fullhide_2d,10000000.0,4.153366898759547e+28,2.2090604012516652e-17
sed,fullhide_2d,10000000.0,4.996058740347587e+28,1.1580082211414673e-17
sed,fullhide_2d,10000000.0,6.009727420050007e+28,6.070378880341236e-18
sed,fullhide_2d,10000000.0,7.2290630555693745e+28,3.104758843520987e-18
sed,fullhide_2d,10000000.0,8.69579416980658e+28,1.3164791004511144e-18
sed,fullhide_2d,10000000.0,1.0460115738703708e+29,5.582134602759583e-19
sed,fullhide_2d,10000000.0,1.2582406980949714e+29,2.3669379856247004e-19
sed,fullhide_2d,10000000.0,1.513529767634035e+29,1.0036301370280387e-19
sed,fullhide_2d,10000000.0,1.820615372704636e+29,3.1754974998898557e-20
sed,fullhide_2d,10000000.0,2.1900067023524398e+29,8.692756009410762e-21
sed,fullhide_2d,10000000.0,2.6343451935285067e+29,2.3795984693246364e-21
sed,fullhide_2d,10000000.0,3.1688371506864813e+29,6.514038905850113e-22
sed,fullhide_2d,10000000.0,3.811774141156066e+29,1.3387249711408972e-22
sed,fullhide_2d,10000000.0,4.585158975442635e+29,1.0076635495034112e-23
sed,fullhide_2d,10000000.0,5.5154586949650035e+29,7.584760441043976e-25
sed,fullhide_2d,10000000.0,6.634510336237281e+29,5.709135131425232e-26
sed,fullhide_2d,10000000.0,7.98061046886659e+29,4.297351827143992e-27
sed,fullhide_2d,10000000.0,9.599825793911563e+29,2.2882719653557524e-27
sed,fullhide_2d,10000000.0,1.1547569654347151e+30,2.002935615388006e-27
sed,fullhide_2d,10000000.0,1.3890498409520274e+30,1.5076147504244815e-27
sed,fullhide_2d,10000000.0,1.670879257197189e+30,7.288464244232761e-28
sed,fullhide_2d,10000000.0,2.0098900772476115e+30,0.0
sed,fullhide_2d,10000000.0,2.417684045820695e+30,0.0
lightcurve,fullhide_2d,100.0,100000000000000.0,2.4885241105242317e-21
lightcurve,fullhide_2d,300.0,100000000000000.0,2.686638610098373e-21
lightcurve,fullhide_2d,1000.0,100000000000000.0,2.5939680701722023e-21
lightcurve,fullhide_2d,10000.0,100000000000000.0,2.020133157759356e-21
lightcurve,fullhide_2d,100000.0,100000000000000.0,5.706639643178851e-22
lightcurve,fullhide_2d,1000000.0,100000000000000.0,5.395359224052816e-24
lightcurve,fullhide_2d,10000000.0,100000000000000.0,5.781042638611597e-26
sed,dg_1d,1000.0,100000000.0,1.8780534575337376e-20
sed,dg_1d,1000.0,120289366.72653936,3.2694202100817133e-20
sed,dg_1d,1000.0,144695317.47471872,5.691593782398631e-20
sed,dg_1d,1000.0,174053081.0732948,9.90941328933908e-20
sed,dg_1d,1000.0,209367348.99109644,1.7252952030234438e-19
sed,dg_1d,1000.0,251846658.23353347,3.003833013170039e-19
sed,dg_1d,1000.0,302944750.3110693,5.229821030378466e-19
sed,dg_1d,1000.0,364410321.68048114,9.10619038350308e-19
sed,dg_1d,1000.0,438346868.2355957,1.5856893322777926e-18
sed,dg_1d,1000.0,527284671.86621594,2.7610209343770706e-18
sed,dg_1d,1000.0,634267392.6339822,4.8072983127502915e-18
sed,dg_1d,1000.0,762956229.95235,8.370085213231789e-18
sed,dg_1d,1000.0,917755217.4103613,1.457847644033772e-17
sed,dg_1d,1000.0,1103961939.122698,2.5391203885990903e-17
sed,dg_1d,1000.0,1327948825.4727173,4.422052651747045e-17
sed,dg_1d,1000.0,1597381232.613649,7.700658358358501e-17
sed,dg_1d,1000.0,1921479768.9195468,1.3412030458637061e-16
sed,dg_1d,1000.0,2311335845.8118944,2.3362937017494817e-16
sed,dg_1d,1000.0,2780291251.8506303,4.069513754833909e-16
sed,dg_1d,1000.0,3344394740.004496,7.08827691157752e-16
sed,dg_1d,1000.0,4022951253.587101,1.2345731692359915e-15
sed,dg_1d,1000.0,4839182586.6573,2.1503834997955515e-15
sed,dg_1d,1000.0,5821022088.231032,3.7451056319232956e-15
sed,dg_1d,1000.0,7002070606.945086,6.521510476189093e-15
sed,dg_1d,1000.0,8422746390.839395,1.1353974509452875e-14
sed,dg_1d,1000.0,10131668294.523115,1.975730790311502e-14
sed,dg_1d,1000.0,12187319630.315475,3.436919659800865e-14
sed,dg_1d,1000.0,14660049604.245642,5.977849354823224e-14
sed,dg_1d,1000.0,17634480830.743694,1.0395297072733043e-13
sed,dg_1d,1000.0,21212405316.81448,1.8072635584226786e-13
sed,dg_1d,1000.0,25516268023.063004,3.141258322730474e-13
sed,dg_1d,1000.0,30693357217.188824,5.45854324840867e-13
sed,dg_1d,1000.0,36920845023.67115,9.482036874699935e-13
sed,dg_1d,1000.0,44411850669.06087,1.6466043750978922e-12
sed,dg_1d,1000.0,53422733921.34986,2.8638118898156978e-12
sed,dg_1d,1000.0,64261868321.99561,4.980805171042376e-12
sed,dg_1d,1000.0,77300194451.17143,8.656346616763098e-12
sed,dg_1d,1000.0,92983914383.69725,1.502896022022332e-11
sed,dg_1d,1000.0,111849761769.69742,2.6014145509930363e-11
sed,dg_1d,1000.0,134543370117.91139,4.4809980967373115e-11
sed,dg_1d,1000.0,161841367887.38028,7.698133031864599e-11
sed,dg_1d,1000.0,194677956533.29776,1.3159936336089925e-10
sed,dg_1d,1000.0,234176881070.0714,2.2226934651709797e-10
sed,dg_1d,1000.0,281689887259.1501,3.4070582673334407e-10
sed,dg_1d,1000.0,338842981516.7343,5.123405861502259e-10
sed,dg_1d,1000.0,407592076663.8045,7.675975208049615e-10
sed,dg_1d,1000.0,490289927846.4412,1.1398693364760105e-09
sed,dg_1d,1000.0,589766649330.4908,1.5947307725850586e-09
sed,dg_1d,1000.0,709426567643.9775,2.086565008964824e-09
sed,dg_1d,1000.0,853364725608.7649,2.7271560676648393e-09
sed,dg_1d,1000.0,1026507024302.4535,3.556427897713064e-09
sed,dg_1d,1000.0,1234778798936.8647,4.606757674991438e-09
sed,dg_1d,1000.0,1485307597714.7231,5.73868820641385e-09
sed,dg_1d,1000.0,1786667103232.2153,7.1284523789971204e-09
sed,dg_1d,1000.0,2149170543989.437,8.849260511587421e-09
sed,dg_1d,1000.0,2585223637238.2144,1.0968744555105322e-08
sed,dg_1d,1000.0,3109749141698.6553,1.3450719198849976e-08
sed,dg_1d,1000.0,3740697549333.305,1.6361068445124617e-08
sed,dg_1d,1000.0,4499661393248.21,1.9894827704478736e-08
sed,dg_1d,1000.0,5412614194776.85,2.4176159609942346e-08
sed,dg_1d,1000.0,6510799338247.85,2.9305888790229394e-08
sed,dg_1d,1000.0,7831799292814.053,3.511834680899233e-08
sed,dg_1d,1000.0,9420821772619.611,4.207416422283384e-08
sed,dg_1d,1000.0,11332246850720.07,5.038631151117197e-08
sed,dg_1d,1000.0,13631487972619.373,6.02747479495227e-08
sed,dg_1d,1000.0,16397230557668.22,7.15123598561567e-08
sed,dg_1d,1000.0,19724124798509.7,8.44728089339613e-08
sed,dg_1d,1000.0,23726024812479.625,9.975453455163288e-08
sed,dg_1d,1000.0,28539884996313.336,1.1772535371006106e-07
sed,dg_1d,1000.0,34330446926547.934,1.38451600418633e-07
sed,dg_1d,1000.0,41295877202335.2,1.6128981632623824e-07
sed,dg_1d,1000.0,49674549170858.35,1.878653157428222e-07
sed,dg_1d,1000.0,59753200621888.914,2.1872707254882763e-07
sed,dg_1d,1000.0,71876746626908.75,2.543674026347352e-07
sed,dg_1d,1000.0,86460083341147.77,2.9329620837188147e-07
sed,dg_1d,1000.0,104002286722304.8,3.371801940540977e-07
sed,dg_1d,1000.0,125103692079380.17,3.8754204647896547e-07
sed,dg_1d,1000.0,150486438953806.2,4.451375648884802e-07
sed,dg_1d,1000.0,181019184426853.7,5.092683135670163e-07
sed,dg_1d,1000.0,217746830600608.62,5.784956357560847e-07
sed,dg_1d,1000.0,261926283596582.53,6.570381712944397e-07
sed,dg_1d,1000.0,315069467828688.6,7.459861338715129e-07
sed,dg_1d,1000.0,378995067599805.7,8.460810446489762e-07
sed,dg_1d,1000.0,455890766740627.8,9.522157084516962e-07
sed,dg_1d,1000.0,548388116277063.7,1.0699273922890008e-06
sed,dg_1d,1000.0,659652592273280.9,1.2019633496495983e-06
sed,dg_1d,1000.0,793491925840727.0,1.3495666529361295e-06
sed,dg_1d,1000.0,954486412620035.6,1.5091505234294642e-06
sed,dg_1d,1000.0,1148145661231499.5,1.6791294881988418e-06
sed,dg_1d,1000.0,1381097144993614.5,1.868048169631374e-06
sed,dg_1d,1000.0,1661313009591127.0,2.0776687841845717e-06
sed,dg_1d,1000.0,1998382898582786.8,2.3086734117052433e-06
sed,dg_1d,1000.0,2403842133476685.5,2.5469613669871692e-06
sed,dg_1d,1000.0,2891566479464849.5,2.8079440067578446e-06
sed,dg_1d,1000.0,3478247006625142.0,3.095288579262174e-06
sed,dg_1d,1000.0,4183961297454212.0,3.410759689171652e-06
sed,dg_1d,1000.0,5032860548791150.0,3.7409755539129927e-06
sed,dg_1d,1000.0,6053996082370733.0,4.085973311914465e-06
sed,dg_1d,1000.0,7282313549133226.0,4.462553304265665e-06
sed,dg_1d,1000.0,8759848851293366.0,4.8728895397168845e-06
sed,dg_1d,1000.0,1.053716670942278e+16,5.314296049851614e-06
sed,dg_1d,1000.0,1.2675091105684438e+16,5.7350662952259255e-06
sed,dg_1d,1000.0,1.5246786823039662e+16,6.188629164938361e-06
sed,dg_1d,1000.0,1.8340263315579784e+16,6.677460689579246e-06
sed,dg_1d,1000.0,2.206138659829082e+16,7.20041125675509e-06
sed,dg_1d,1000.0,2.653750223017776e+16,7.682755926512247e-06
sed,dg_1d,1000.0,3.1921793377721956e+16,8.144369965277713e-06
sed,dg_1d,1000.0,3.839852310181596e+16,8.634480123999803e-06
sed,dg_1d,1000.0,4.618934027151852e+16,9.15076433205381e-06
sed,dg_1d,1000.0,5.556086490777627e+16,9.648264393695144e-06
sed,dg_1d,1000.0,6.683381254535184e+16,9.984111982993296e-06
sed,dg_1d,1000.0,8.039396987000581e+16,1.0335655825373976e-05
sed,dg_1d,1000.0,9.670539724295523e+16,1.0697809971264387e-05
sed,dg_1d,1000.0,1.1632630993393557e+17,1.1048827074702799e-05
sed,dg_1d,1000.0,1.3992818155588197e+17,1.1219714679546633e-05
sed,dg_1d,1000.0,1.6831872346553197e+17,1.133149439889871e-05
sed,dg_1d,1000.0,2.0246952653888422e+17,1.1443825331894304e-05
sed,dg_1d,1000.0,2.4354931128784736e+17,1.1535571786954737e-05
sed,dg_1d,1000.0,2.929639242149984e+17,1.1534744181890805e-05
sed,dg_1d,1000.0,3.5240444917543885e+17,1.1443023214660002e-05
sed,dg_1d,1000.0,4.2390508022928634e+17,1.1347632952245045e-05
sed,dg_1d,1000.0,5.099127365294392e+17,1.1234872860583174e-05
sed,dg_1d,1000.0,6.13370801629227e+17,1.1078665328290987e-05
sed,dg_1d,1000.0,7.378198529652922e+17,1.087302528152298e-05
sed,dg_1d,1000.0,8.875188287146373e+17,1.0660540425369406e-05
sed,dg_1d,1000.0,1.0675907786396411e+18,1.0441209756794242e-05
sed,dg_1d,1000.0,1.2841981868565496e+18,1.0210368592543813e-05
sed,dg_1d,1000.0,1.5447538664834376e+18,9.972497872246724e-06
sed,dg_1d,1000.0,1.858174643476666e+18,9.734057589131049e-06
sed,dg_1d,1000.0,2.2351865113112212e+18,9.496262232032574e-06
sed,dg_1d,1000.0,2.688691699613285e+18,9.259754166648218e-06
sed,dg_1d,1000.0,3.234210218693835e+18,9.02674620375583e-06
sed,dg_1d,1000.0,3.890410990671853e+18,8.797969684561982e-06
sed,dg_1d,1000.0,4.679750743738878e+18,8.574099192116253e-06
sed,dg_1d,1000.0,5.629242534023988e+18,8.355312925330771e-06
sed,dg_1d,1000.0,6.771380195678424e+18,8.1413466244799e-06
sed,dg_1d,1000.0,8.145250356027911e+18,7.932427309746158e-06
sed,dg_1d,1000.0,9.797870071557206e+18,7.729105105630229e-06
sed,dg_1d,1000.0,1.1785795861765243e+19,7.5310061439333315e-06
sed,dg_1d,1000.0,1.4177059205800034e+19,7.337869490392317e-06
sed,dg_1d,1000.0,1.7053494739103482e+19,7.148961015443165e-06
sed,dg_1d,1000.0,2.0513540826411364e+19,6.963987177884064e-06
sed,dg_1d,1000.0,2.4675608353280238e+19,6.783810491090984e-06
sed,dg_1d,1000.0,2.9682133024081723e+19,6.608364293793574e-06
sed,dg_1d,1000.0,3.5704449845597057e+19,6.437527362510758e-06
sed,dg_1d,1000.0,4.294865661246373e+19,6.269871729509773e-06
sed,dg_1d,1000.0,5.166266705668838e+19,6.105778128406998e-06
sed,dg_1d,1000.0,6.214469503653066e+19,5.945925199740192e-06
sed,dg_1d,1000.0,7.475346011358218e+19,5.790222619897448e-06
sed,dg_1d,1000.0,8.992046377680455e+19,5.638623038197497e-06
sed,dg_1d,1000.0,1.0816475643468497e+20,5.490247923934558e-06
sed,dg_1d,1000.0,1.3011070053658575e+20,5.3458690943547135e-06
sed,dg_1d,1000.0,1.5650933771892366e+20,5.205257178948752e-06
sed,dg_1d,1000.0,1.8826409120999486e+20,5.068136068852611e-06
sed,dg_1d,1000.0,2.2646168308997633e+20,4.934275103926882e-06
sed,dg_1d,1000.0,2.7240932446719387e+20,4.804018764516907e-06
sed,dg_1d,1000.0,3.2767945130563266e+20,4.677381380904156e-06
sed,dg_1d,1000.0,3.9416353686854605e+20,4.554128719730165e-06
sed,dg_1d,1000.0,4.741368223661015e+20,4.433576497636228e-06
sed,dg_1d,1000.0,5.70336181041518e+20,4.315786887907661e-06
sed,dg_1d,1000.0,6.860537803871738e+20,4.201475826683522e-06
sed,dg_1d,1000.0,8.25249747831211e+20,4.09057361170908e-06
sed,dg_1d,1000.0,9.926876955785307e+20,3.98284231461894e-06
sed,dg_1d,1000.0,1.1940977425836865e+21,3.876159154535069e-06
sed,dg_1d,1000.0,1.4363726126498128e+21,3.772131882605052e-06
sed,dg_1d,1000.0,1.7278035195899148e+21,3.6712329689578645e-06
sed,dg_1d,1000.0,2.0783639119935753e+21,3.573328591175743e-06
sed,dg_1d,1000.0,2.500050788009991e+21,3.477901460587574e-06
sed,dg_1d,1000.0,3.007295260739063e+21,3.3847725378444965e-06
sed,dg_1d,1000.0,3.617456424740264e+21,3.2948879705329936e-06
sed,dg_1d,1000.0,4.351415424928593e+21,3.208021256078e-06
sed,dg_1d,1000.0,5.234290058287535e+21,3.1236377969657297e-06
sed,dg_1d,1000.0,6.296294363744258e+21,3.038922954875944e-06
sed,dg_1d,1000.0,7.573772617386789e+21,2.95689205753942e-06
sed,dg_1d,1000.0,9.11044311876265e+21,2.8778264422313567e-06
sed,dg_1d,1000.0,1.0958894333541128e+22,2.8013242786250666e-06
sed,dg_1d,1000.0,1.3182384594047174e+22,2.7259409331799587e-06
sed,dg_1d,1000.0,1.5857006947636297e+22,2.652830236903258e-06
sed,dg_1d,1000.0,1.9074293239095126e+22,2.5832114329387036e-06
sed,dg_1d,1000.0,2.2944346544870544e+22,2.516777590434621e-06
sed,dg_1d,1000.0,2.759960915836728e+22,2.452111084951029e-06
sed,dg_1d,1000.0,3.3199395075600096e+22,2.3814584351714315e-06
sed,dg_1d,1000.0,3.993534209348141e+22,2.313903083433974e-06
sed,dg_1d,1000.0,4.803797010432569e+22,2.2494477895953236e-06
sed,dg_1d,1000.0,5.778457002677744e+22,2.187449759199181e-06
sed,dg_1d,1000.0,6.950869335086453e+22,2.124787546082104e-06
sed,dg_1d,1000.0,8.361156705164745e+22,2.0643460825475496e-06
sed,dg_1d,1000.0,1.0057582451656214e+23,2.0081901064983404e-06
sed,dg_1d,1000.0,1.209820223909676e+23,1.955471772433166e-06
sed,dg_1d,1000.0,1.4552850858705558e+23,1.9018922549663405e-06
sed,dg_1d,1000.0,1.7505532138594733e+23,1.8353711993818919e-06
sed,dg_1d,1000.0,2.105729375162634e+23,1.7737384281305997e-06
sed,dg_1d,1000.0,2.532968530357836e+23,1.7160691332234722e-06
sed,dg_1d,1000.0,3.046891804549984e+23,1.6607979568731568e-06
sed,dg_1d,1000.0,3.665086856536018e+23,1.6007386728787013e-06
sed,dg_1d,1000.0,4.408709769704786e+23,1.5441386070446278e-06
sed,dg_1d,1000.0,5.3032090627889366e+23,1.4942055346829722e-06
sed,dg_1d,1000.0,6.379196597813281e+23,1.4490325224596346e-06
sed,dg_1d,1000.0,7.67349518975057e+23,1.3983106381604656e-06
sed,dg_1d,1000.0,9.230398769542383e+23,1.3304608764618074e-06
sed,dg_1d,1000.0,1.1103188226216768e+24,1.2713001367808603e-06
sed,dg_1d,1000.0,1.3355954803771882e+24,1.2192458487564963e-06
sed,dg_1d,1000.0,1.6065793453739944e+24,1.1716362971172185e-06
sed,dg_1d,1000.0,1.9325441205097672e+24,1.1146805269024033e-06
sed,dg_1d,1000.0,2.3246450842721588e+24,1.0637040529268372e-06
sed,dg_1d,1000.0,2.7963008505106185e+24,1.021963954300755e-06
sed,dg_1d,1000.0,3.3636525848480433e+24,9.866266683476894e-07
sed,dg_1d,1000.0,4.0461163931945993e+24,9.471776048882631e-07
sed,dg_1d,1000.0,4.867047786392459e+24,9.00613370052199e-07
sed,dg_1d,1000.0,5.854540960529565e+24,8.623532230328563e-07
sed,dg_1d,1000.0,7.042390246166839e+24,8.300980339725145e-07
sed,dg_1d,1000.0,8.4712466295257e+24,7.999208839727429e-07
sed,dg_1d,1000.0,1.0190008924499732e+25,7.514927647642585e-07
sed,dg_1d,1000.0,1.2257497204658623e+25,7.062637500575362e-07
sed,dg_1d,1000.0,1.474446576400706e+25,6.661884141838611e-07
sed,dg_1d,1000.0,1.7736024494735567e+25,6.289171251801206e-07
sed,dg_1d,1000.0,2.1334551547181226e+25,5.875346229295259e-07
sed,dg_1d,1000.0,2.566319695005151e+25,5.446998458827447e-07
sed,dg_1d,1000.0,3.0870097093001393e+25,5.055239489129702e-07
sed,dg_1d,1000.0,3.7133444301039363e+25,4.6839233657433453e-07
sed,dg_1d,1000.0,4.4667584993472284e+25,4.3021920572934097e-07
sed,dg_1d,1000.0,5.373035512068676e+25,3.8291999046359226e-07
sed,dg_1d,1000.0,6.4631903914594545e+25,3.406654023186035e-07
sed,dg_1d,1000.0,7.77453079221715e+25,3.0337533423804174e-07
sed,dg_1d,1000.0,9.351933855917773e+25,2.7059511618983217e-07
sed,dg_1d,1000.0,1.124938201196837e+26,2.4330839761536174e-07
sed,dg_1d,1000.0,1.3531810382845927e+26,2.1995502814425348e-07
sed,dg_1d,1000.0,1.6277329016161534e+26,1.9878040419832866e-07
sed,dg_1d,1000.0,1.9579895993535867e+26,1.7934066137743887e-07
sed,dg_1d,1000.0,2.355253289633944e+26,1.603631985340765e-07
sed,dg_1d,1000.0,2.8331192669066454e+26,1.3847829602574124e-07
sed,dg_1d,1000.0,3.407941224769592e+26,1.19606570037887e-07
sed,dg_1d,1000.0,4.0993909176879945e+26,1.0336037359852078e-07
sed,dg_1d,1000.0,4.931131374532179e+26,8.943962593827742e-08
sed,dg_1d,1000.0,5.93162670287843e+26,7.79424079908863e-08
sed,dg_1d,1000.0,7.135116197474798e+26,6.812092998760631e-08
sed,dg_1d,1000.0,8.582786089145135e+26,5.9505393278790563e-08
sed,dg_1d,1000.0,1.0324179034126238e+27,5.188378750142112e-08
sed,dg_1d,1000.0,1.2418889579864547e+27,4.455291936541984e-08
sed,dg_1d,1000.0,1.493860363008731e+27,3.665685105064806e-08
sed,dg_1d,1000.0,1.796955170441977e+27,3.016081241365981e-08
sed,dg_1d,1000.0,2.161545994884469e+27,2.4817228460422572e-08
sed,dg_1d,1000.0,2.600109988749392e+27,2.0422745863487795e-08
sed,dg_1d,1000.0,3.12765583966015e+27,1.6768848388781956e-08
sed,dg_1d,1000.0,3.762237402912806e+27,1.3752826721923016e-08
sed,dg_1d,1000.0,4.5255715467128334e+27,1.1272703783673067e-08
sed,dg_1d,1000.0,5.443781354297298e+27,9.218465497315258e-09
sed,dg_1d,1000.0,6.548290117061673e+27,7.3913147739985106e-09
sed,dg_1d,1000.0,7.876896713230017e+27,5.720758727417477e-09
sed,dg_1d,1000.0,9.475069174048018e+27,4.427057459486176e-09
sed,dg_1d,1000.0,1.1397500706363858e+28,3.423575957982957e-09
sed,dg_1d,1000.0,1.3709981422337991e+28,2.640868850294651e-09
sed,dg_1d,1000.0,1.6491649831256495e+28,2.015350584882844e-09
sed,dg_1d,1000.0,1.9837701144776913e+28,1.5346846822246399e-09
sed,dg_1d,1000.0,2.38626450801555e+28,1.167100729359659e-09
sed,dg_1d,1000.0,2.8704224651120867e+28,8.836205881863689e-10
sed,dg_1d,1000.0,3.452813005659635e+28,6.502056467474675e-10
sed,dg_1d,1000.0,4.153366898759547e+28,4.6437884784822105e-10
sed,dg_1d,1000.0,4.996058740347587e+28,3.311650079914151e-10
sed,dg_1d,1000.0,6.009727420050007e+28,2.351338360247956e-10
sed,dg_1d,1000.0,7.2290630555693745e+28,1.6407327406266307e-10
sed,dg_1d,1000.0,8.69579416980658e+28,1.0478246613497177e-10
sed,dg_1d,1000.0,1.0460115738703708e+29,6.649996995775303e-11
sed,dg_1d,1000.0,1.2582406980949714e+29,4.215505145279841e-11
sed,dg_1d,1000.0,1.513529767634035e+29,2.654225096751372e-11
sed,dg_1d,1000.0,1.820615372704636e+29,1.5150511543211526e-11
sed,dg_1d,1000.0,2.1900067023524398e+29,7.97027233608437e-12
sed,dg_1d,1000.0,2.6343451935285067e+29,4.191817075071402e-12
sed,dg_1d,1000.0,3.1688371506864813e+29,2.196204574896918e-12
sed,dg_1d,1000.0,3.811774141156066e+29,1.0987980165692772e-12
sed,dg_1d,1000.0,4.585158975442635e+29,3.771839689463213e-13
sed,dg_1d,1000.0,5.5154586949650035e+29,1.294096538689754e-13
sed,dg_1d,1000.0,6.634510336237281e+29,4.449543168815735e-14
sed,dg_1d,1000.0,7.98061046886659e+29,1.5246992709730183e-14
sed,dg_1d,1000.0,9.599825793911563e+29,3.763444434831453e-15
sed,dg_1d,1000.0,1.1547569654347151e+30,7.506214254716274e-16
sed,dg_1d,1000.0,1.3890498409520274e+30,1.506471642347744e-16
sed,dg_1d,1000.0,1.670879257197189e+30,3.040138275214819e-17
sed,dg_1d,1000.0,2.0098900772476115e+30,4.843134496817401e-18
sed,dg_1d,1000.0,2.417684045820695e+30,1.6841105693137899e-19
sed,dg_1d,100000.0,100000000.0,7.618253798285995e-19
sed,dg_1d,100000.0,120289366.72653936,1.344653338977163e-18
sed,dg_1d,100000.0,144695317.47471872,2.3762248774966836e-18
sed,dg_1d,100000.0,174053081.0732948,4.209309977179917e-18
sed,dg_1d,100000.0,209367348.99109644,7.456489156560344e-18
sed,dg_1d,100000.0,251846658.23353347,1.3208636357935453e-17
sed,dg_1d,100000.0,302944750.3110693,2.3398147228041882e-17
sed,dg_1d,100000.0,364410321.68048114,4.13969485053772e-17
sed,dg_1d,100000.0,438346868.2355957,7.32310666329894e-17
sed,dg_1d,100000.0,527284671.86621594,1.2954552702725323e-16
sed,dg_1d,100000.0,634267392.6339822,2.2916564742854353e-16
sed,dg_1d,100000.0,762956229.95235,4.0484335754591074e-16
sed,dg_1d,100000.0,917755217.4103613,7.139524081429438e-16
sed,dg_1d,100000.0,1103961939.122698,1.2590747329982523e-15
sed,dg_1d,100000.0,1327948825.4727173,2.220412970070185e-15
sed,dg_1d,100000.0,1597381232.613649,3.915898441160132e-15
sed,dg_1d,100000.0,1921479768.9195468,6.914890364908758e-15
sed,dg_1d,100000.0,2311335845.8118944,1.2210984042391457e-14
sed,dg_1d,100000.0,2780291251.8506303,2.1563348647995056e-14
sed,dg_1d,100000.0,3344394740.004496,3.8078683256520525e-14
sed,dg_1d,100000.0,4022951253.587101,6.740736665098953e-14
sed,dg_1d,100000.0,4839182586.6573,1.1956613606792067e-13
sed,dg_1d,100000.0,5821022088.231032,2.1208461939235457e-13
sed,dg_1d,100000.0,7002070606.945086,3.7619264433310947e-13
sed,dg_1d,100000.0,8422746390.839395,6.67370174890864e-13
sed,dg_1d,100000.0,10131668294.523115,1.1855797986043413e-12
sed,dg_1d,100000.0,12187319630.315475,2.106177029849217e-12
sed,dg_1d,100000.0,14660049604.245642,3.74161448312721e-12
sed,dg_1d,100000.0,17634480830.743694,6.646963417233097e-12
sed,dg_1d,100000.0,21212405316.81448,1.1064302375611785e-11
sed,dg_1d,100000.0,25516268023.063004,1.7801177642619858e-11
sed,dg_1d,100000.0,30693357217.188824,2.8642249605964267e-11
sed,dg_1d,100000.0,36920845023.67115,4.608921399388985e-11
sed,dg_1d,100000.0,44411850669.06087,7.151467753986242e-11
sed,dg_1d,100000.0,53422733921.34986,9.638504163436739e-11
sed,dg_1d,100000.0,64261868321.99561,1.2990829658333508e-10
sed,dg_1d,100000.0,77300194451.17143,1.7509629549295605e-10
sed,dg_1d,100000.0,92983914383.69725,2.360097117822386e-10
sed,dg_1d,100000.0,111849761769.69742,3.012106232086293e-10
sed,dg_1d,100000.0,134543370117.91139,3.7774768201419613e-10
sed,dg_1d,100000.0,161841367887.38028,4.737338517762354e-10
sed,dg_1d,100000.0,194677956533.29776,5.941117193232167e-10
sed,dg_1d,100000.0,234176881070.0714,7.391402969609479e-10
sed,dg_1d,100000.0,281689887259.1501,9.033662779779122e-10
sed,dg_1d,100000.0,338842981516.7343,1.1040815993764819e-09
sed,dg_1d,100000.0,407592076663.8045,1.3493939921315777e-09
sed,dg_1d,100000.0,490289927846.4412,1.6492127185602786e-09
sed,dg_1d,100000.0,589766649330.4908,1.986307402486665e-09
sed,dg_1d,100000.0,709426567643.9775,2.3868081571587653e-09
sed,dg_1d,100000.0,853364725608.7649,2.8680662962499073e-09
sed,dg_1d,100000.0,1026507024302.4535,3.4463666477551205e-09
sed,dg_1d,100000.0,1234778798936.8647,4.110693915266808e-09
sed,dg_1d,100000.0,1485307597714.7231,4.852772962056927e-09
sed,dg_1d,100000.0,1786667103232.2153,5.728844513692521e-09
sed,dg_1d,100000.0,2149170543989.437,6.763108049852124e-09
sed,dg_1d,100000.0,2585223637238.2144,7.982182105775714e-09
sed,dg_1d,100000.0,3109749141698.6553,9.23300091896518e-09
sed,dg_1d,100000.0,3740697549333.305,1.0670961396050154e-08
sed,dg_1d,100000.0,4499661393248.21,1.2333097948196703e-08
sed,dg_1d,100000.0,5412614194776.85,1.4254394423949703e-08
sed,dg_1d,100000.0,6510799338247.85,1.6246191373593655e-08
sed,dg_1d,100000.0,7831799292814.053,1.8283698142843186e-08
sed,dg_1d,100000.0,9420821772619.611,2.0577925673922097e-08
sed,dg_1d,100000.0,11332246850720.07,2.3161367743724355e-08
sed,dg_1d,100000.0,13631487972619.373,2.6003164029648238e-08
sed,dg_1d,100000.0,16397230557668.22,2.829636000632748e-08
sed,dg_1d,100000.0,19724124798509.7,3.079627089321354e-08
sed,dg_1d,100000.0,23726024812479.625,3.352191446149413e-08
sed,dg_1d,100000.0,28539884996313.336,3.649409092214726e-08
sed,dg_1d,100000.0,34330446926547.934,3.875857473630239e-08
sed,dg_1d,100000.0,41295877202335.2,4.0564950596984735e-08
sed,dg_1d,100000.0,49674549170858.35,4.246530403057999e-08
sed,dg_1d,100000.0,59753200621888.914,4.446493353327856e-08
sed,dg_1d,100000.0,71876746626908.75,4.6270462706117e-08
sed,dg_1d,100000.0,86460083341147.77,4.6707993880037445e-08
sed,dg_1d,100000.0,104002286722304.8,4.7156288405395165e-08
sed,dg_1d,100000.0,125103692079380.17,4.7615599068018634e-08
sed,dg_1d,100000.0,150486438953806.2,4.808618535476782e-08
sed,dg_1d,100000.0,181019184426853.7,4.773231697348376e-08
sed,dg_1d,100000.0,217746830600608.62,4.707291873467504e-08
sed,dg_1d,100000.0,261926283596582.53,4.642354393338352e-08
sed,dg_1d,100000.0,315069467828688.6,4.5784032804023094e-08
sed,dg_1d,100000.0,378995067599805.7,4.506722150833199e-08
sed,dg_1d,100000.0,455890766740627.8,4.4149688168173576e-08
sed,dg_1d,100000.0,548388116277063.7,4.325086264062989e-08
sed,dg_1d,100000.0,659652592273280.9,4.237036396367317e-08
sed,dg_1d,100000.0,793491925840727.0,4.15078192329118e-08
sed,dg_1d,100000.0,954486412620035.6,4.059234940417448e-08
sed,dg_1d,100000.0,1148145661231499.5,3.9684075431843457e-08
sed,dg_1d,100000.0,1381097144993614.5,3.879613649579725e-08
sed,dg_1d,100000.0,1661313009591127.0,3.792808073444552e-08
sed,dg_1d,100000.0,1998382898582786.8,3.705792681572771e-08
sed,dg_1d,100000.0,2403842133476685.5,3.617443109615695e-08
sed,dg_1d,100000.0,2891566479464849.5,3.531202676750236e-08
sed,dg_1d,100000.0,3478247006625142.0,3.447021788401591e-08
sed,dg_1d,100000.0,4183961297454212.0,3.364835674336929e-08
sed,dg_1d,100000.0,5032860548791150.0,3.281056734581243e-08
sed,dg_1d,100000.0,6053996082370733.0,3.199133380885995e-08
sed,dg_1d,100000.0,7282313549133226.0,3.119264339702252e-08
sed,dg_1d,100000.0,8759848851293366.0,3.041400427897151e-08
sed,dg_1d,100000.0,1.053716670942278e+16,2.964799380811667e-08
sed,dg_1d,100000.0,1.2675091105684438e+16,2.889470164622657e-08
sed,dg_1d,100000.0,1.5246786823039662e+16,2.8160730715858212e-08
sed,dg_1d,100000.0,1.8340263315579784e+16,2.744562807270839e-08
sed,dg_1d,100000.0,2.206138659829082e+16,2.6748726781654513e-08
sed,dg_1d,100000.0,2.653750223017776e+16,2.6066360900380352e-08
sed,dg_1d,100000.0,3.1921793377721956e+16,2.540180800685489e-08
sed,dg_1d,100000.0,3.839852310181596e+16,2.475470017520417e-08
sed,dg_1d,100000.0,4.618934027151852e+16,2.412469605614028e-08
sed,dg_1d,100000.0,5.556086490777627e+16,2.3505959267965678e-08
sed,dg_1d,100000.0,6.683381254535184e+16,2.2900160900826204e-08
sed,dg_1d,100000.0,8.039396987000581e+16,2.2310840707492073e-08
sed,dg_1d,100000.0,9.670539724295523e+16,2.1737723264294602e-08
sed,dg_1d,100000.0,1.1632630993393557e+17,2.1179314330350974e-08
sed,dg_1d,100000.0,1.3992818155588197e+17,2.062975480965687e-08
sed,dg_1d,100000.0,1.6831872346553197e+17,2.0096234624407028e-08
sed,dg_1d,100000.0,2.0246952653888422e+17,1.9578642779910653e-08
sed,dg_1d,100000.0,2.4354931128784736e+17,1.9076932783770132e-08
sed,dg_1d,100000.0,2.929639242149984e+17,1.8589735966688327e-08
sed,dg_1d,100000.0,3.5240444917543885e+17,1.811724443670689e-08
sed,dg_1d,100000.0,4.2390508022928634e+17,1.7659777111622216e-08
sed,dg_1d,100000.0,5.099127365294392e+17,1.7217360995242266e-08
sed,dg_1d,100000.0,6.13370801629227e+17,1.6791135062715823e-08
sed,dg_1d,100000.0,7.378198529652922e+17,1.6383304462254364e-08
sed,dg_1d,100000.0,8.875188287146373e+17,1.5991069642147317e-08
sed,dg_1d,100000.0,1.0675907786396411e+18,1.5614847080742736e-08
sed,dg_1d,100000.0,1.2841981868565496e+18,1.525517895976711e-08
sed,dg_1d,100000.0,1.5447538664834376e+18,1.490206054965846e-08
sed,dg_1d,100000.0,1.858174643476666e+18,1.4561720766617404e-08
sed,dg_1d,100000.0,2.2351865113112212e+18,1.4236653945719294e-08
sed,dg_1d,100000.0,2.688691699613285e+18,1.3927270173387976e-08
sed,dg_1d,100000.0,3.234210218693835e+18,1.3633924929319277e-08
sed,dg_1d,100000.0,3.890410990671853e+18,1.3357604903582102e-08
sed,dg_1d,100000.0,4.679750743738878e+18,1.3099844982550423e-08
sed,dg_1d,100000.0,5.629242534023988e+18,1.286165739950711e-08
sed,dg_1d,100000.0,6.771380195678424e+18,1.2644135215884567e-08
sed,dg_1d,100000.0,8.145250356027911e+18,1.2414423627420934e-08
sed,dg_1d,100000.0,9.797870071557206e+18,1.2197397853318252e-08
sed,dg_1d,100000.0,1.1785795861765243e+19,1.1996045172780874e-08
sed,dg_1d,100000.0,1.4177059205800034e+19,1.1810860097921903e-08
sed,dg_1d,100000.0,1.7053494739103482e+19,1.164784261602885e-08
sed,dg_1d,100000.0,2.0513540826411364e+19,1.1509235129885474e-08
sed,dg_1d,100000.0,2.4675608353280238e+19,1.13904260343637e-08
sed,dg_1d,100000.0,2.9682133024081723e+19,1.1292484443118747e-08
sed,dg_1d,100000.0,3.5704449845597057e+19,1.121352732275208e-08
sed,dg_1d,100000.0,4.294865661246373e+19,1.1070594414877151e-08
sed,dg_1d,100000.0,5.166266705668838e+19,1.0938800032647047e-08
sed,dg_1d,100000.0,6.214469503653066e+19,1.0818943721583605e-08
sed,dg_1d,100000.0,7.475346011358218e+19,1.0711180406762117e-08
sed,dg_1d,100000.0,8.992046377680455e+19,1.0626670882374701e-08
sed,dg_1d,100000.0,1.0816475643468497e+20,1.0564108203168242e-08
sed,dg_1d,100000.0,1.3011070053658575e+20,1.0516932091097603e-08
sed,dg_1d,100000.0,1.5650933771892366e+20,1.0485590081942396e-08
sed,dg_1d,100000.0,1.8826409120999486e+20,1.0453493971794615e-08
sed,dg_1d,100000.0,2.2646168308997633e+20,1.0320903871877827e-08
sed,dg_1d,100000.0,2.7240932446719387e+20,1.01951250862716e-08
sed,dg_1d,100000.0,3.2767945130563266e+20,1.0076052419004015e-08
sed,dg_1d,100000.0,3.9416353686854605e+20,9.963585626065994e-09
sed,dg_1d,100000.0,4.741368223661015e+20,9.89991719728861e-09
sed,dg_1d,100000.0,5.70336181041518e+20,9.864948849131778e-09
sed,dg_1d,100000.0,6.860537803871738e+20,9.840217715447777e-09
sed,dg_1d,100000.0,8.25249747831211e+20,9.825809767017176e-09
sed,dg_1d,100000.0,9.926876955785307e+20,9.782848282176291e-09
sed,dg_1d,100000.0,1.1940977425836865e+21,9.62224548584505e-09
sed,dg_1d,100000.0,1.4363726126498128e+21,9.466385815459226e-09
sed,dg_1d,100000.0,1.7278035195899148e+21,9.3151356148654e-09
sed,dg_1d,100000.0,2.0783639119935753e+21,9.168365067797986e-09
sed,dg_1d,100000.0,2.500050788009991e+21,9.09945839874627e-09
sed,dg_1d,100000.0,3.007295260739063e+21,9.057175696587876e-09
sed,dg_1d,100000.0,3.617456424740264e+21,9.022496931307184e-09
sed,dg_1d,100000.0,4.351415424928593e+21,8.995351999606125e-09
sed,dg_1d,100000.0,5.234290058287535e+21,8.910438762649443e-09
sed,dg_1d,100000.0,6.296294363744258e+21,8.707304914047609e-09
sed,dg_1d,100000.0,7.573772617386789e+21,8.510007666601218e-09
sed,dg_1d,100000.0,9.11044311876265e+21,8.318359067250005e-09
sed,dg_1d,100000.0,1.0958894333541128e+22,8.132226533960792e-09
sed,dg_1d,100000.0,1.3182384594047174e+22,8.041330773904722e-09
sed,dg_1d,100000.0,1.5857006947636297e+22,7.9680933832634e-09
sed,dg_1d,100000.0,1.9074293239095126e+22,7.902016320145814e-09
sed,dg_1d,100000.0,2.2944346544870544e+22,7.842876853760286e-09
sed,dg_1d,100000.0,2.759960915836728e+22,7.697755235720751e-09
sed,dg_1d,100000.0,3.3199395075600096e+22,7.448291214862108e-09
sed,dg_1d,100000.0,3.993534209348141e+22,7.208767787986291e-09
sed,dg_1d,100000.0,4.803797010432569e+22,6.97873047095317e-09
sed,dg_1d,100000.0,5.778457002677744e+22,6.7588557401321405e-09
sed,dg_1d,100000.0,6.950869335086453e+22,6.598029782045076e-09
sed,dg_1d,100000.0,8.361156705164745e+22,6.450263910848343e-09
sed,dg_1d,100000.0,1.0057582451656214e+23,6.313759085800695e-09
sed,dg_1d,100000.0,1.209820223909676e+23,6.187727729066934e-09
sed,dg_1d,100000.0,1.4552850858705558e+23,5.957843941394574e-09
sed,dg_1d,100000.0,1.7505532138594733e+23,5.656228315998035e-09
sed,dg_1d,100000.0,2.105729375162634e+23,5.3753468568058145e-09
sed,dg_1d,100000.0,2.532968530357836e+23,5.11343537279463e-09
sed,dg_1d,100000.0,3.046891804549984e+23,4.866054096435969e-09
sed,dg_1d,100000.0,3.665086856536018e+23,4.616315660065265e-09
sed,dg_1d,100000.0,4.408709769704786e+23,4.3902670403843445e-09
sed,dg_1d,100000.0,5.3032090627889366e+23,4.184900035709412e-09
sed,dg_1d,100000.0,6.379196597813281e+23,3.997617278986795e-09
sed,dg_1d,100000.0,7.67349518975057e+23,3.752772800101235e-09
sed,dg_1d,100000.0,9.230398769542383e+23,3.4969053902161245e-09
sed,dg_1d,100000.0,1.1103188226216768e+24,3.266428573687576e-09
sed,dg_1d,100000.0,1.3355954803771882e+24,3.0577379204190283e-09
sed,dg_1d,100000.0,1.6065793453739944e+24,2.866566450886846e-09
sed,dg_1d,100000.0,1.9325441205097672e+24,2.689973510310253e-09
sed,dg_1d,100000.0,2.3246450842721588e+24,2.5313224956025816e-09
sed,dg_1d,100000.0,2.7963008505106185e+24,2.3875133552069655e-09
sed,dg_1d,100000.0,3.3636525848480433e+24,2.256121804132239e-09
sed,dg_1d,100000.0,4.0461163931945993e+24,2.121451466943956e-09
sed,dg_1d,100000.0,4.867047786392459e+24,1.9946823340893115e-09
sed,dg_1d,100000.0,5.854540960529565e+24,1.87836635709196e-09
sed,dg_1d,100000.0,7.042390246166839e+24,1.7708944745505475e-09
sed,dg_1d,100000.0,8.4712466295257e+24,1.6660373684416869e-09
sed,dg_1d,100000.0,1.0190008924499732e+25,1.558785946276692e-09
sed,dg_1d,100000.0,1.2257497204658623e+25,1.4595848479670737e-09
sed,dg_1d,100000.0,1.474446576400706e+25,1.36743979052978e-09
sed,dg_1d,100000.0,1.7736024494735567e+25,1.2815938243200514e-09
sed,dg_1d,100000.0,2.1334551547181226e+25,1.2079212603809017e-09
sed,dg_1d,100000.0,2.566319695005151e+25,1.139728792541063e-09
sed,dg_1d,100000.0,3.0870097093001393e+25,1.075580628503359e-09
sed,dg_1d,100000.0,3.7133444301039363e+25,1.015152236364008e-09
sed,dg_1d,100000.0,4.4667584993472284e+25,9.479194558778125e-10
sed,dg_1d,100000.0,5.373035512068676e+25,8.72361132920007e-10
sed,dg_1d,100000.0,6.4631903914594545e+25,8.028542050533789e-10
sed,dg_1d,100000.0,7.77453079221715e+25,7.389017826192565e-10
sed,dg_1d,100000.0,9.351933855917773e+25,6.801892442312314e-10
sed,dg_1d,100000.0,1.124938201196837e+26,6.362072336271838e-10
sed,dg_1d,100000.0,1.3531810382845927e+26,5.954164015608491e-10
sed,dg_1d,100000.0,1.6277329016161534e+26,5.572430995033955e-10
sed,dg_1d,100000.0,1.9579895993535867e+26,5.215187589656771e-10
sed,dg_1d,100000.0,2.355253289633944e+26,4.76698717535815e-10
sed,dg_1d,100000.0,2.8331192669066454e+26,4.2673918395855904e-10
sed,dg_1d,100000.0,3.407941224769592e+26,3.8202120592309296e-10
sed,dg_1d,100000.0,4.0993909176879945e+26,3.4199425908845165e-10
sed,dg_1d,100000.0,4.931131374532179e+26,3.061120485778412e-10
sed,dg_1d,100000.0,5.93162670287843e+26,2.733835179182459e-10
sed,dg_1d,100000.0,7.135116197474798e+26,2.441666538000727e-10
sed,dg_1d,100000.0,8.582786089145135e+26,2.1808333209889595e-10
sed,dg_1d,100000.0,1.0324179034126238e+27,1.9479628676761278e-10
sed,dg_1d,100000.0,1.2418889579864547e+27,1.6467576715932862e-10
sed,dg_1d,100000.0,1.493860363008731e+27,1.3492698529131632e-10
sed,dg_1d,100000.0,1.796955170441977e+27,1.1056489559290088e-10
sed,dg_1d,100000.0,2.161545994884469e+27,9.061183965302164e-11
sed,dg_1d,100000.0,2.600109988749392e+27,7.33674553985704e-11
sed,dg_1d,100000.0,3.12765583966015e+27,5.640907226153914e-11
sed,dg_1d,100000.0,3.762237402912806e+27,4.337672238038092e-11
sed,dg_1d,100000.0,4.5255715467128334e+27,3.336005425828441e-11
sed,dg_1d,100000.0,5.443781354297298e+27,2.5660136205343748e-11
sed,dg_1d,100000.0,6.548290117061673e+27,1.830086074016051e-11
sed,dg_1d,100000.0,7.876896713230017e+27,1.271989235992447e-11
sed,dg_1d,100000.0,9.475069174048018e+27,8.841357779529898e-12
sed,dg_1d,100000.0,1.1397500706363858e+28,6.145795699443619e-12
sed,dg_1d,100000.0,1.3709981422337991e+28,4.246269131272958e-12
sed,dg_1d,100000.0,1.6491649831256495e+28,2.8930848421262067e-12
sed,dg_1d,100000.0,1.9837701144776913e+28,1.9711339010518915e-12
sed,dg_1d,100000.0,2.38626450801555e+28,1.3429887990303479e-12
sed,dg_1d,100000.0,2.8704224651120867e+28,9.15018681792228e-13
sed,dg_1d,100000.0,3.452813005659635e+28,5.552903613287325e-13
sed,dg_1d,100000.0,4.153366898759547e+28,3.302548169172039e-13
sed,dg_1d,100000.0,4.996058740347587e+28,1.9641682754699177e-13
sed,dg_1d,100000.0,6.009727420050007e+28,1.1681772122453824e-13
sed,dg_1d,100000.0,7.2290630555693745e+28,6.538345340481388e-14
sed,dg_1d,100000.0,8.69579416980658e+28,3.345386194426778e-14
sed,dg_1d,100000.0,1.0460115738703708e+29,1.7120180882351076e-14
sed,dg_1d,100000.0,1.2582406980949714e+29,8.76301730352231e-15
sed,dg_1d,100000.0,1.513529767634035e+29,4.476711308639615e-15
sed,dg_1d,100000.0,1.820615372704636e+29,1.7686542258253298e-15
sed,dg_1d,100000.0,2.1900067023524398e+29,6.894684513967333e-16
sed,dg_1d,100000.0,2.6343451935285067e+29,2.688470253964699e-16
sed,dg_1d,100000.0,3.1688371506864813e+29,1.0486106714998938e-16
sed,dg_1d,100000.0,3.811774141156066e+29,2.7694317967678076e-17
sed,dg_1d,100000.0,4.585158975442635e+29,5.03924691376404e-18
sed,dg_1d,100000.0,5.5154586949650035e+29,9.210215274691465e-19
sed,dg_1d,100000.0,6.634510336237281e+29,1.6905859834548267e-19
sed,dg_1d,100000.0,7.98061046886659e+29,2.8708291359257114e-20
sed,dg_1d,100000.0,9.599825793911563e+29,1.5900845135180394e-21
sed,dg_1d,100000.0,1.1547569654347151e+30,8.943819721046256e-23
sed,dg_1d,100000.0,1.3890498409520274e+30,5.101045507287272e-24
sed,dg_1d,100000.0,1.670879257197189e+30,2.945691310898444e-25
sed,dg_1d,100000.0,2.0098900772476115e+30,1.02842531066788e-25
sed,dg_1d,100000.0,2.417684045820695e+30,9.113110231632586e-26
sed,dg_1d,10000000.0,100000000.0,3.960944147963285e-18
sed,dg_1d,10000000.0,120289366.72653936,6.9055865683514626e-18
sed,dg_1d,10000000.0,144695317.47471872,1.2037743145297253e-17
sed,dg_1d,10000000.0,174053081.0732948,2.0922709073231783e-17
sed,dg_1d,10000000.0,209367348.99109644,3.6365600695715873e-17
sed,dg_1d,10000000.0,251846658.23353347,6.320677337034623e-17
sed,dg_1d,10000000.0,302944750.3110693,1.0985921238713871e-16
sed,dg_1d,10000000.0,364410321.68048114,1.90314082747343e-16
sed,dg_1d,10000000.0,438346868.2355957,3.289507608903394e-16
sed,dg_1d,10000000.0,527284671.86621594,5.685790797191712e-16
sed,dg_1d,10000000.0,634267392.6339822,9.827676877539075e-16
sed,dg_1d,10000000.0,762956229.95235,1.696441776051707e-15
sed,dg_1d,10000000.0,917755217.4103613,2.9064545801253718e-15
sed,dg_1d,10000000.0,1103961939.122698,4.9795276246524534e-15
sed,dg_1d,10000000.0,1327948825.4727173,8.531252092422965e-15
sed,dg_1d,10000000.0,1597381232.613649,1.461629932067958e-14
sed,dg_1d,10000000.0,1921479768.9195468,2.480952793850315e-14
sed,dg_1d,10000000.0,2311335845.8118944,4.194533916632859e-14
sed,dg_1d,10000000.0,2780291251.8506303,7.091676930529788e-14
sed,dg_1d,10000000.0,3344394740.004496,1.198986235543288e-13
sed,dg_1d,10000000.0,4022951253.587101,1.9720851259989536e-13
sed,dg_1d,10000000.0,4839182586.6573,2.9931087232541016e-13
sed,dg_1d,10000000.0,5821022088.231032,4.542755224934408e-13
sed,dg_1d,10000000.0,7002070606.945086,6.894712941802092e-13
sed,dg_1d,10000000.0,8422746390.839395,1.0464369123165222e-12
sed,dg_1d,10000000.0,10131668294.523115,1.3323837570687028e-12
sed,dg_1d,10000000.0,12187319630.315475,1.6271402679615357e-12
sed,dg_1d,10000000.0,14660049604.245642,1.987104890325371e-12
sed,dg_1d,10000000.0,17634480830.743694,2.42670355932483e-12
sed,dg_1d,10000000.0,21212405316.81448,2.8363600250289185e-12
sed,dg_1d,10000000.0,25516268023.063004,3.0675113731724964e-12
sed,dg_1d,10000000.0,30693357217.188824,3.317502248284493e-12
sed,dg_1d,10000000.0,36920845023.67115,3.5878682642809776e-12
sed,dg_1d,10000000.0,44411850669.06087,3.880270214401554e-12
sed,dg_1d,10000000.0,53422733921.34986,4.024611368387926e-12
sed,dg_1d,10000000.0,64261868321.99561,4.157921183696701e-12
sed,dg_1d,10000000.0,77300194451.17143,4.295646923986144e-12
sed,dg_1d,10000000.0,92983914383.69725,4.437934875506587e-12
sed,dg_1d,10000000.0,111849761769.69742,4.558419004171879e-12
sed,dg_1d,10000000.0,134543370117.91139,4.651272910414415e-12
sed,dg_1d,10000000.0,161841367887.38028,4.746018238230102e-12
sed,dg_1d,10000000.0,194677956533.29776,4.842693517143269e-12
sed,dg_1d,10000000.0,234176881070.0714,4.940572487491638e-12
sed,dg_1d,10000000.0,281689887259.1501,5.002203939269807e-12
sed,dg_1d,10000000.0,338842981516.7343,5.06460423160488e-12
sed,dg_1d,10000000.0,407592076663.8045,5.127782961465823e-12
sed,dg_1d,10000000.0,490289927846.4412,5.1917498480592e-12
sed,dg_1d,10000000.0,589766649330.4908,5.23353296449197e-12
sed,dg_1d,10000000.0,709426567643.9775,5.258449646120677e-12
sed,dg_1d,10000000.0,853364725608.7649,5.2834850367171415e-12
sed,dg_1d,10000000.0,1026507024302.4535,5.308639735385424e-12
sed,dg_1d,10000000.0,1234778798936.8647,5.329125488377228e-12
sed,dg_1d,10000000.0,1485307597714.7231,5.316437582453263e-12
sed,dg_1d,10000000.0,1786667103232.2153,5.303780210126372e-12
sed,dg_1d,10000000.0,2149170543989.437,5.291153430455591e-12
sed,dg_1d,10000000.0,2585223637238.2144,5.278557356205423e-12
sed,dg_1d,10000000.0,3109749141698.6553,5.245533599531317e-12
sed,dg_1d,10000000.0,3740697549333.305,5.203129335351352e-12
sed,dg_1d,10000000.0,4499661393248.21,5.161069595754872e-12
sed,dg_1d,10000000.0,5412614194776.85,5.119352268310541e-12
sed,dg_1d,10000000.0,6510799338247.85,5.0727360230584005e-12
sed,dg_1d,10000000.0,7831799292814.053,5.0093882542162306e-12
sed,dg_1d,10000000.0,9420821772619.611,4.946837808624759e-12
sed,dg_1d,10000000.0,11332246850720.07,4.885077035188808e-12
sed,dg_1d,10000000.0,13631487972619.373,4.82409925974901e-12
sed,dg_1d,10000000.0,16397230557668.22,4.749880965380158e-12
sed,dg_1d,10000000.0,19724124798509.7,4.673048503565431e-12
sed,dg_1d,10000000.0,23726024812479.625,4.597486284737418e-12
sed,dg_1d,10000000.0,28539884996313.336,4.523183051365294e-12
sed,dg_1d,10000000.0,34330446926547.934,4.445671824341197e-12
sed,dg_1d,10000000.0,41295877202335.2,4.360973672624798e-12
sed,dg_1d,10000000.0,49674549170858.35,4.2779686682616484e-12
sed,dg_1d,10000000.0,59753200621888.914,4.1966489734850495e-12
sed,dg_1d,10000000.0,71876746626908.75,4.117014896975556e-12
sed,dg_1d,10000000.0,86460083341147.77,4.031578997730757e-12
sed,dg_1d,10000000.0,104002286722304.8,3.947186302129588e-12
sed,dg_1d,10000000.0,125103692079380.17,3.864769445028655e-12
sed,dg_1d,10000000.0,150486438953806.2,3.784337429801194e-12
sed,dg_1d,10000000.0,181019184426853.7,3.703156571357868e-12
sed,dg_1d,10000000.0,217746830600608.62,3.620676515612732e-12
sed,dg_1d,10000000.0,261926283596582.53,3.540412314311403e-12
sed,dg_1d,10000000.0,315069467828688.6,3.4623887343920024e-12
sed,dg_1d,10000000.0,378995067599805.7,3.3866463085582616e-12
sed,dg_1d,10000000.0,455890766740627.8,3.30687271847927e-12
sed,dg_1d,10000000.0,548388116277063.7,3.2293675877550905e-12
sed,dg_1d,10000000.0,659652592273280.9,3.1541467266772266e-12
sed,dg_1d,10000000.0,793491925840727.0,3.0812129033727163e-12
sed,dg_1d,10000000.0,954486412620035.6,3.0083327345165764e-12
sed,dg_1d,10000000.0,1148145661231499.5,2.935971463514759e-12
sed,dg_1d,10000000.0,1381097144993614.5,2.8659812768501354e-12
sed,dg_1d,10000000.0,1661313009591127.0,2.798368081333775e-12
sed,dg_1d,10000000.0,1998382898582786.8,2.7328035085175436e-12
sed,dg_1d,10000000.0,2403842133476685.5,2.6664498214721116e-12
sed,dg_1d,10000000.0,2891566479464849.5,2.6021087318008833e-12
sed,dg_1d,10000000.0,3478247006625142.0,2.5397489954863664e-12
sed,dg_1d,10000000.0,4183961297454212.0,2.4793416242453337e-12
sed,dg_1d,10000000.0,5032860548791150.0,2.421126555952181e-12
sed,dg_1d,10000000.0,6053996082370733.0,2.3650653722577047e-12
sed,dg_1d,10000000.0,7282313549133226.0,2.3110309179184937e-12
sed,dg_1d,10000000.0,8759848851293366.0,2.259017727070625e-12
sed,dg_1d,10000000.0,1.053716670942278e+16,2.2080922943535034e-12
sed,dg_1d,10000000.0,1.2675091105684438e+16,2.155435678179563e-12
sed,dg_1d,10000000.0,1.5246786823039662e+16,2.1044138285293956e-12
sed,dg_1d,10000000.0,1.8340263315579784e+16,2.0549933442071773e-12
sed,dg_1d,10000000.0,2.206138659829082e+16,2.007142116562955e-12
sed,dg_1d,10000000.0,2.653750223017776e+16,1.9619469637499273e-12
sed,dg_1d,10000000.0,3.1921793377721956e+16,1.9188639004784884e-12
sed,dg_1d,10000000.0,3.839852310181596e+16,1.877565452305293e-12
sed,dg_1d,10000000.0,4.618934027151852e+16,1.8380435916514666e-12
sed,dg_1d,10000000.0,5.556086490777627e+16,1.798527804616992e-12
sed,dg_1d,10000000.0,6.683381254535184e+16,1.756611860208269e-12
sed,dg_1d,10000000.0,8.039396987000581e+16,1.7159463418766464e-12
sed,dg_1d,10000000.0,9.670539724295523e+16,1.6765002152453354e-12
sed,dg_1d,10000000.0,1.1632630993393557e+17,1.6382433283885135e-12
sed,dg_1d,10000000.0,1.3992818155588197e+17,1.6048172473265967e-12
sed,dg_1d,10000000.0,1.6831872346553197e+17,1.5733125238858577e-12
sed,dg_1d,10000000.0,2.0246952653888422e+17,1.543171744873298e-12
sed,dg_1d,10000000.0,2.4354931128784736e+17,1.5143831622883977e-12
sed,dg_1d,10000000.0,2.929639242149984e+17,1.4838239593585668e-12
sed,dg_1d,10000000.0,3.5240444917543885e+17,1.4500549988823985e-12
sed,dg_1d,10000000.0,4.2390508022928634e+17,1.417236661711421e-12
sed,dg_1d,10000000.0,5.099127365294392e+17,1.3853436928036266e-12
sed,dg_1d,10000000.0,6.13370801629227e+17,1.3543515181288466e-12
sed,dg_1d,10000000.0,7.378198529652922e+17,1.3293981636631912e-12
sed,dg_1d,10000000.0,8.875188287146373e+17,1.3057093314916629e-12
sed,dg_1d,10000000.0,1.0675907786396411e+18,1.2831350052628638e-12
sed,dg_1d,10000000.0,1.2841981868565496e+18,1.2616625404512035e-12
sed,dg_1d,10000000.0,1.5447538664834376e+18,1.2366334021957347e-12
sed,dg_1d,10000000.0,1.858174643476666e+18,1.2082687869005368e-12
sed,dg_1d,10000000.0,2.2351865113112212e+18,1.1806534195719e-12
sed,dg_1d,10000000.0,2.688691699613285e+18,1.1537670830528924e-12
sed,dg_1d,10000000.0,3.234210218693835e+18,1.1281442961016074e-12
sed,dg_1d,10000000.0,3.890410990671853e+18,1.1097042308178604e-12
sed,dg_1d,10000000.0,4.679750743738878e+18,1.092092923950782e-12
sed,dg_1d,10000000.0,5.629242534023988e+18,1.0752974825383766e-12
sed,dg_1d,10000000.0,6.771380195678424e+18,1.0593056232520573e-12
sed,dg_1d,10000000.0,8.145250356027911e+18,1.0379576825846255e-12
sed,dg_1d,10000000.0,9.797870071557206e+18,1.0136981151233087e-12
sed,dg_1d,10000000.0,1.1785795861765243e+19,9.900548984553157e-13
sed,dg_1d,10000000.0,1.4177059205800034e+19,9.670117498391737e-13
sed,dg_1d,10000000.0,1.7053494739103482e+19,9.459168589087894e-13
sed,dg_1d,10000000.0,2.0513540826411364e+19,9.31444438470749e-13
sed,dg_1d,10000000.0,2.4675608353280238e+19,9.176386934941736e-13
sed,dg_1d,10000000.0,2.9682133024081723e+19,9.044871712397672e-13
sed,dg_1d,10000000.0,3.5704449845597057e+19,8.919779002336483e-13
sed,dg_1d,10000000.0,4.294865661246373e+19,8.724982310258824e-13
sed,dg_1d,10000000.0,5.166266705668838e+19,8.509046748573712e-13
sed,dg_1d,10000000.0,6.214469503653066e+19,8.298672906532397e-13
sed,dg_1d,10000000.0,7.475346011358218e+19,8.093713374567187e-13
sed,dg_1d,10000000.0,8.992046377680455e+19,7.916685364288235e-13
sed,dg_1d,10000000.0,1.0816475643468497e+20,7.79992511510477e-13
sed,dg_1d,10000000.0,1.3011070053658575e+20,7.688267809683666e-13
sed,dg_1d,10000000.0,1.5650933771892366e+20,7.581598862162918e-13
sed,dg_1d,10000000.0,1.8826409120999486e+20,7.47980743333877e-13
sed,dg_1d,10000000.0,2.2646168308997633e+20,7.294992269963803e-13
sed,dg_1d,10000000.0,2.7240932446719387e+20,7.099452448007971e-13
sed,dg_1d,10000000.0,3.2767945130563266e+20,6.909269730071164e-13
sed,dg_1d,10000000.0,3.9416353686854605e+20,6.724294618914055e-13
sed,dg_1d,10000000.0,4.741368223661015e+20,6.571652350422189e-13
sed,dg_1d,10000000.0,5.70336181041518e+20,6.465244127504293e-13
sed,dg_1d,10000000.0,6.860537803871738e+20,6.363578427309381e-13
sed,dg_1d,10000000.0,8.25249747831211e+20,6.266519768110347e-13
sed,dg_1d,10000000.0,9.926876955785307e+20,6.173937231451445e-13
sed,dg_1d,10000000.0,1.1940977425836865e+21,5.984321459902688e-13
sed,dg_1d,10000000.0,1.4363726126498128e+21,5.795671656367376e-13
sed,dg_1d,10000000.0,1.7278035195899148e+21,5.61311767687354e-13
sed,dg_1d,10000000.0,2.0783639119935753e+21,5.436458273824824e-13
sed,dg_1d,10000000.0,2.500050788009991e+21,5.290189501935058e-13
sed,dg_1d,10000000.0,3.007295260739063e+21,5.173870169616572e-13
sed,dg_1d,10000000.0,3.617456424740264e+21,5.062951480113063e-13
sed,dg_1d,10000000.0,4.351415424928593e+21,4.957212259528844e-13
sed,dg_1d,10000000.0,5.234290058287535e+21,4.850098772060687e-13
sed,dg_1d,10000000.0,6.296294363744258e+21,4.644275559885892e-13
sed,dg_1d,10000000.0,7.573772617386789e+21,4.447752761996199e-13
sed,dg_1d,10000000.0,9.11044311876265e+21,4.260088590230283e-13
sed,dg_1d,10000000.0,1.0958894333541128e+22,4.0808630119141147e-13
sed,dg_1d,10000000.0,1.3182384594047174e+22,3.9139363023552804e-13
sed,dg_1d,10000000.0,1.5857006947636297e+22,3.7598785481622097e-13
sed,dg_1d,10000000.0,1.9074293239095126e+22,3.615855729754538e-13
sed,dg_1d,10000000.0,2.2944346544870544e+22,3.481161680540159e-13
sed,dg_1d,10000000.0,2.759960915836728e+22,3.337550926766992e-13
sed,dg_1d,10000000.0,3.3199395075600096e+22,3.117540702931049e-13
sed,dg_1d,10000000.0,3.993534209348141e+22,2.9149971045985273e-13
sed,dg_1d,10000000.0,4.803797010432569e+22,2.7283555484920385e-13
sed,dg_1d,10000000.0,5.778457002677744e+22,2.556200467492729e-13
sed,dg_1d,10000000.0,6.950869335086453e+22,2.388813346010376e-13
sed,dg_1d,10000000.0,8.361156705164745e+22,2.2365401266385651e-13
sed,dg_1d,10000000.0,1.0057582451656214e+23,2.1013257609831827e-13
sed,dg_1d,10000000.0,1.209820223909676e+23,1.9808880198533576e-13
sed,dg_1d,10000000.0,1.4552850858705558e+23,1.8573462888112843e-13
sed,dg_1d,10000000.0,1.7505532138594733e+23,1.7082983100665534e-13
sed,dg_1d,10000000.0,2.105729375162634e+23,1.5779327332158856e-13
sed,dg_1d,10000000.0,2.532968530357836e+23,1.4631865547941748e-13
sed,dg_1d,10000000.0,3.046891804549984e+23,1.3615485037491472e-13
sed,dg_1d,10000000.0,3.665086856536018e+23,1.2729334113668827e-13
sed,dg_1d,10000000.0,4.408709769704786e+23,1.1969583269264926e-13
sed,dg_1d,10000000.0,5.3032090627889366e+23,1.1308978132010334e-13
sed,dg_1d,10000000.0,6.379196597813281e+23,1.0726996259249925e-13
sed,dg_1d,10000000.0,7.67349518975057e+23,1.014274832943918e-13
sed,dg_1d,10000000.0,9.230398769542383e+23,9.521467739128951e-14
sed,dg_1d,10000000.0,1.1103188226216768e+24,8.965672373325003e-14
sed,dg_1d,10000000.0,1.3355954803771882e+24,8.462100610776618e-14
sed,dg_1d,10000000.0,1.6065793453739944e+24,8.001033263233666e-14
sed,dg_1d,10000000.0,1.9325441205097672e+24,7.586405775773036e-14
sed,dg_1d,10000000.0,2.3246450842721588e+24,7.206221087660456e-14
sed,dg_1d,10000000.0,2.7963008505106185e+24,6.853102676728949e-14
sed,dg_1d,10000000.0,3.3636525848480433e+24,6.52246547065699e-14
sed,dg_1d,10000000.0,4.0461163931945993e+24,6.198229378540768e-14
sed,dg_1d,10000000.0,4.867047786392459e+24,5.88000920352603e-14
sed,dg_1d,10000000.0,5.854540960529565e+24,5.5801869060948117e-14
sed,dg_1d,10000000.0,7.042390246166839e+24,5.2968064993785305e-14
sed,dg_1d,10000000.0,8.4712466295257e+24,5.027557533241491e-14
sed,dg_1d,10000000.0,1.0190008924499732e+25,4.747502985796689e-14
sed,dg_1d,10000000.0,1.2257497204658623e+25,4.483323073996031e-14
sed,dg_1d,10000000.0,1.474446576400706e+25,4.2339780625692986e-14
sed,dg_1d,10000000.0,1.7736024494735567e+25,3.998566377800837e-14
sed,dg_1d,10000000.0,2.1334551547181226e+25,3.784638253808556e-14
sed,dg_1d,10000000.0,2.566319695005151e+25,3.5877765298859007e-14
sed,dg_1d,10000000.0,3.0870097093001393e+25,3.401165317672372e-14
sed,dg_1d,10000000.0,3.7133444301039363e+25,3.2242642216723505e-14
sed,dg_1d,10000000.0,4.4667584993472284e+25,3.049774311570078e-14
sed,dg_1d,10000000.0,5.373035512068676e+25,2.8453239366127397e-14
sed,dg_1d,10000000.0,6.4631903914594545e+25,2.6545797089528408e-14
sed,dg_1d,10000000.0,7.77453079221715e+25,2.4766226231795455e-14
sed,dg_1d,10000000.0,9.351933855917773e+25,2.3105954048482976e-14
sed,dg_1d,10000000.0,1.124938201196837e+26,2.1672165754330575e-14
sed,dg_1d,10000000.0,1.3531810382845927e+26,2.0375573623981333e-14
sed,dg_1d,10000000.0,1.6277329016161534e+26,1.9156553432526262e-14
sed,dg_1d,10000000.0,1.9579895993535867e+26,1.8010464233968037e-14
sed,dg_1d,10000000.0,2.355253289633944e+26,1.6814018396138563e-14
sed,dg_1d,10000000.0,2.8331192669066454e+26,1.536011148407962e-14
sed,dg_1d,10000000.0,3.407941224769592e+26,1.403192392121333e-14
sed,dg_1d,10000000.0,4.0993909176879945e+26,1.2818584742798434e-14
sed,dg_1d,10000000.0,4.931131374532179e+26,1.1710162998463263e-14
sed,dg_1d,10000000.0,5.93162670287843e+26,1.0690871748132256e-14
sed,dg_1d,10000000.0,7.135116197474798e+26,9.758751723048935e-15
sed,dg_1d,10000000.0,8.582786089145135e+26,8.90790202789809e-15
sed,dg_1d,10000000.0,1.0324179034126238e+27,8.131236784633536e-15
sed,dg_1d,10000000.0,1.2418889579864547e+27,7.253499000028797e-15
sed,dg_1d,10000000.0,1.493860363008731e+27,6.201227796793793e-15
sed,dg_1d,10000000.0,1.796955170441977e+27,5.3016112633396075e-15
sed,dg_1d,10000000.0,2.161545994884469e+27,4.532503425903893e-15
sed,dg_1d,10000000.0,2.600109988749392e+27,3.874971096335522e-15
sed,dg_1d,10000000.0,3.12765583966015e+27,3.170264051320925e-15
sed,dg_1d,10000000.0,3.762237402912806e+27,2.581645794651352e-15
sed,dg_1d,10000000.0,4.5255715467128334e+27,2.102316317020328e-15
sed,dg_1d,10000000.0,5.443781354297298e+27,1.7119837997147218e-15
sed,dg_1d,10000000.0,6.548290117061673e+27,1.3072592177081453e-15
sed,dg_1d,10000000.0,7.876896713230017e+27,9.24787228341671e-16
sed,dg_1d,10000000.0,9.475069174048018e+27,6.542174823996917e-16
sed,dg_1d,10000000.0,1.1397500706363858e+28,4.628099411683297e-16
sed,dg_1d,10000000.0,1.3709981422337991e+28,3.270298688755237e-16
sed,dg_1d,10000000.0,1.6491649831256495e+28,2.066313149952611e-16
sed,dg_1d,10000000.0,1.9837701144776913e+28,1.305584345378598e-16
sed,dg_1d,10000000.0,2.38626450801555e+28,8.249237430439635e-17
sed,dg_1d,10000000.0,2.8704224651120867e+28,5.212220122300201e-17
sed,dg_1d,10000000.0,3.452813005659635e+28,2.911303744517722e-17
sed,dg_1d,10000000.0,4.153366898759547e+28,1.477767277019381e-17
sed,dg_1d,10000000.0,4.996058740347587e+28,7.501095286971803e-18
sed,dg_1d,10000000.0,6.009727420050007e+28,3.8075308386123125e-18
sed,dg_1d,10000000.0,7.2290630555693745e+28,1.882120840072414e-18
sed,dg_1d,10000000.0,8.69579416980658e+28,7.602585430536701e-19
sed,dg_1d,10000000.0,1.0460115738703708e+29,3.070968660819988e-19
sed,dg_1d,10000000.0,1.2582406980949714e+29,1.2404798951896518e-19
sed,dg_1d,10000000.0,1.513529767634035e+29,5.0107685777548615e-20
sed,dg_1d,10000000.0,1.820615372704636e+29,1.428770777785028e-20
sed,dg_1d,10000000.0,2.1900067023524398e+29,3.429288588697887e-21
sed,dg_1d,10000000.0,2.6343451935285067e+29,8.230878005606849e-22
sed,dg_1d,10000000.0,3.1688371506864813e+29,1.975554206533433e-22
sed,dg_1d,10000000.0,3.811774141156066e+29,3.6035285050101127e-23
sed,dg_1d,10000000.0,4.585158975442635e+29,2.5126438889488116e-24
sed,dg_1d,10000000.0,5.5154586949650035e+29,1.752006901713439e-25
sed,dg_1d,10000000.0,6.634510336237281e+29,1.2216381181522053e-26
sed,dg_1d,10000000.0,7.98061046886659e+29,8.518266619483651e-28
sed,dg_1d,10000000.0,9.599825793911563e+29,4.458472127950614e-28
sed,dg_1d,10000000.0,1.1547569654347151e+30,3.9025218889907677e-28
sed,dg_1d,10000000.0,1.3890498409520274e+30,2.937437333202932e-28
sed,dg_1d,10000000.0,1.670879257197189e+30,1.4200830954022183e-28
sed,dg_1d,10000000.0,2.0098900772476115e+30,0.0
sed,dg_1d,10000000.0,2.417684045820695e+30,0.0
lightcurve,dg_1d,100.0,100000000000000.0,3.629466018375658e-21
lightcurve,dg_1d,300.0,100000000000000.0,3.588608402916054e-21
lightcurve,dg_1d,1000.0,100000000000000.0,3.2782776485710074e-21
lightcurve,dg_1d,10000.0,100000000000000.0,2.3721135063816824e-21
lightcurve,dg_1d,100000.0,100000000000000.0,4.777978852928089e-22
lightcurve,dg_1d,1000000.0,100000000000000.0,3.7920371868679895e-24
lightcurve,dg_1d,10000000.0,100000000000000.0,3.9681270624258255e-26
sed,slc1_1d,1000.0,100000000.0,2.150503777134994e-20
sed,slc1_1d,1000.0,120289366.72653936,3.742649107516359e-20
sed,slc1_1d,1000.0,144695317.47471872,6.513515628297225e-20
sed,slc1_1d,1000.0,174053081.0732948,1.1334803167800582e-19
sed,slc1_1d,1000.0,209367348.99109644,1.972346442942924e-19
sed,slc1_1d,1000.0,251846658.23353347,3.431880679698063e-19
sed,slc1_1d,1000.0,302944750.3110693,5.971311789821721e-19
sed,slc1_1d,1000.0,364410321.68048114,1.0389320465347398e-18
sed,slc1_1d,1000.0,438346868.2355957,1.8074861857716107e-18
sed,slc1_1d,1000.0,527284671.86621594,3.1444406713128898e-18
sed,slc1_1d,1000.0,634267392.6339822,5.469981430157343e-18
sed,slc1_1d,1000.0,762956229.95235,9.514631738984408e-18
sed,slc1_1d,1000.0,917755217.4103613,1.6546737217329882e-17
sed,slc1_1d,1000.0,1103961939.122698,2.877501547435445e-17
sed,slc1_1d,1000.0,1327948825.4727173,5.003923143427228e-17
sed,slc1_1d,1000.0,1597381232.613649,8.701459549414117e-17
sed,slc1_1d,1000.0,1921479768.9195468,1.5128284440924593e-16
sed,slc1_1d,1000.0,2311335845.8118944,2.629681244932044e-16
sed,slc1_1d,1000.0,2780291251.8506303,4.570541439026525e-16
sed,slc1_1d,1000.0,3344394740.004496,7.943026896261954e-16
sed,slc1_1d,1000.0,4022951253.587101,1.3801644177957244e-15
sed,slc1_1d,1000.0,4839182586.6573,2.397014543855642e-15
sed,slc1_1d,1000.0,5821022088.231032,4.162832946294822e-15
sed,slc1_1d,1000.0,7002070606.945086,7.228955855574548e-15
sed,slc1_1d,1000.0,8422746390.839395,1.2551558741224876e-14
sed,slc1_1d,1000.0,10131668294.523115,2.1780253446165265e-14
sed,slc1_1d,1000.0,12187319630.315475,3.777908301260931e-14
sed,slc1_1d,1000.0,14660049604.245642,6.551384112718009e-14
sed,slc1_1d,1000.0,17634480830.743694,1.1357446806541541e-13
sed,slc1_1d,1000.0,21212405316.81448,1.9678891361152306e-13
sed,slc1_1d,1000.0,25516268023.063004,3.4066557772108e-13
sed,slc1_1d,1000.0,30693357217.188824,5.895196158341031e-13
sed,slc1_1d,1000.0,36920845023.67115,1.019556383430562e-12
sed,slc1_1d,1000.0,44411850669.06087,1.7618920435157876e-12
sed,slc1_1d,1000.0,53422733921.34986,3.042689883922918e-12
sed,slc1_1d,1000.0,64261868321.99561,5.248273824335155e-12
sed,slc1_1d,1000.0,77300194451.17143,9.038022745832752e-12
sed,slc1_1d,1000.0,92983914383.69725,1.5520500499601244e-11
sed,slc1_1d,1000.0,111849761769.69742,2.639163970098248e-11
sed,slc1_1d,1000.0,134543370117.91139,4.422506069760858e-11
sed,slc1_1d,1000.0,161841367887.38028,7.387058764502656e-11
sed,slc1_1d,1000.0,194677956533.29776,1.2267351311504542e-10
sed,slc1_1d,1000.0,234176881070.0714,2.0085147269463754e-10
sed,slc1_1d,1000.0,281689887259.1501,2.9624709206437165e-10
sed,slc1_1d,1000.0,338842981516.7343,4.285075459234142e-10
sed,slc1_1d,1000.0,407592076663.8045,6.182612867009936e-10
sed,slc1_1d,1000.0,490289927846.4412,8.86433767258271e-10
sed,slc1_1d,1000.0,589766649330.4908,1.2130421532227453e-09
sed,slc1_1d,1000.0,709426567643.9775,1.5739333831221505e-09
sed,slc1_1d,1000.0,853364725608.7649,2.0407472327670443e-09
sed,slc1_1d,1000.0,1026507024302.4535,2.6419226453102837e-09
sed,slc1_1d,1000.0,1234778798936.8647,3.4031513020512803e-09
sed,slc1_1d,1000.0,1485307597714.7231,4.250836739480163e-09
sed,slc1_1d,1000.0,1786667103232.2153,5.2977376081188964e-09
sed,slc1_1d,1000.0,2149170543989.437,6.599186212610951e-09
sed,slc1_1d,1000.0,2585223637238.2144,8.209991076167584e-09
sed,slc1_1d,1000.0,3109749141698.6553,1.0118291701736173e-08
sed,slc1_1d,1000.0,3740697549333.305,1.2381246799598456e-08
sed,slc1_1d,1000.0,4499661393248.21,1.514611857841806e-08
sed,slc1_1d,1000.0,5412614194776.85,1.8517728452068902e-08
sed,slc1_1d,1000.0,6510799338247.85,2.2589728906014785e-08
sed,slc1_1d,1000.0,7831799292814.053,2.7258287740557727e-08
sed,slc1_1d,1000.0,9420821772619.611,3.288482738584584e-08
sed,slc1_1d,1000.0,11332246850720.07,3.9657317973980496e-08
sed,slc1_1d,1000.0,13631487972619.373,4.777910216647891e-08
sed,slc1_1d,1000.0,16397230557668.22,5.7140851253815604e-08
sed,slc1_1d,1000.0,19724124798509.7,6.80652496835885e-08
sed,slc1_1d,1000.0,23726024812479.625,8.105852588377057e-08
sed,slc1_1d,1000.0,28539884996313.336,9.647707288795523e-08
sed,slc1_1d,1000.0,34330446926547.934,1.144868001060582e-07
sed,slc1_1d,1000.0,41295877202335.2,1.347701595361543e-07
sed,slc1_1d,1000.0,49674549170858.35,1.5862589462086228e-07
sed,slc1_1d,1000.0,59753200621888.914,1.866357623581563e-07
sed,slc1_1d,1000.0,71876746626908.75,2.1937483799330117e-07
sed,slc1_1d,1000.0,86460083341147.77,2.5599015923713206e-07
sed,slc1_1d,1000.0,104002286722304.8,2.9797188381933567e-07
sed,slc1_1d,1000.0,125103692079380.17,3.467687416621402e-07
sed,slc1_1d,1000.0,150486438953806.2,4.033183166123198e-07
sed,slc1_1d,1000.0,181019184426853.7,4.6735571865269246e-07
sed,slc1_1d,1000.0,217746830600608.62,5.380070324621759e-07
sed,slc1_1d,1000.0,261926283596582.53,6.192481501785105e-07
sed,slc1_1d,1000.0,315069467828688.6,7.125083163297067e-07
sed,slc1_1d,1000.0,378995067599805.7,8.189005415571818e-07
sed,slc1_1d,1000.0,455890766740627.8,9.336213337437863e-07
sed,slc1_1d,1000.0,548388116277063.7,1.062613975061675e-06
sed,slc1_1d,1000.0,659652592273280.9,1.2091752272372775e-06
sed,slc1_1d,1000.0,793491925840727.0,1.3751057553298272e-06
sed,slc1_1d,1000.0,954486412620035.6,1.556705606211498e-06
sed,slc1_1d,1000.0,1148145661231499.5,1.7525028080628462e-06
sed,slc1_1d,1000.0,1381097144993614.5,1.9726595421995035e-06
sed,slc1_1d,1000.0,1661313009591127.0,2.2197808141237676e-06
sed,slc1_1d,1000.0,1998382898582786.8,2.4950601534874453e-06
sed,slc1_1d,1000.0,2403842133476685.5,2.7826165519259093e-06
sed,slc1_1d,1000.0,2891566479464849.5,3.1009746419811304e-06
sed,slc1_1d,1000.0,3478247006625142.0,3.45521427725309e-06
sed,slc1_1d,1000.0,4183961297454212.0,3.848092609634228e-06
sed,slc1_1d,1000.0,5032860548791150.0,4.26678194206362e-06
sed,slc1_1d,1000.0,6053996082370733.0,4.713203953251463e-06
sed,slc1_1d,1000.0,7282313549133226.0,5.205900343749138e-06
sed,slc1_1d,1000.0,8759848851293366.0,5.748859854913667e-06
sed,slc1_1d,1000.0,1.053716670942278e+16,6.341482633172662e-06
sed,slc1_1d,1000.0,1.2675091105684438e+16,6.943955418741463e-06
sed,slc1_1d,1000.0,1.5246786823039662e+16,7.602781089092045e-06
sed,slc1_1d,1000.0,1.8340263315579784e+16,8.32317860859229e-06
sed,slc1_1d,1000.0,2.206138659829082e+16,9.107620901571014e-06
sed,slc1_1d,1000.0,2.653750223017776e+16,9.901576333930327e-06
sed,slc1_1d,1000.0,3.1921793377721956e+16,1.0721304714871719e-05
sed,slc1_1d,1000.0,3.839852310181596e+16,1.1608516089276545e-05
sed,slc1_1d,1000.0,4.618934027151852e+16,1.2565835689029524e-05
sed,slc1_1d,1000.0,5.556086490777627e+16,1.3557906944299137e-05
sed,slc1_1d,1000.0,6.683381254535184e+16,1.4437860916679037e-05
sed,slc1_1d,1000.0,8.039396987000581e+16,1.5376804638616956e-05
sed,slc1_1d,1000.0,9.670539724295523e+16,1.637496901049395e-05
sed,slc1_1d,1000.0,1.1632630993393557e+17,1.741674447181453e-05
sed,slc1_1d,1000.0,1.3992818155588197e+17,1.821285480301086e-05
sed,slc1_1d,1000.0,1.6831872346553197e+17,1.892322884570328e-05
sed,slc1_1d,1000.0,2.0246952653888422e+17,1.9664894914949637e-05
sed,slc1_1d,1000.0,2.4354931128784736e+17,2.041834307998941e-05
sed,slc1_1d,1000.0,2.929639242149984e+17,2.0980346975181414e-05
sed,slc1_1d,1000.0,3.5240444917543885e+17,2.1133150854813453e-05
sed,slc1_1d,1000.0,4.2390508022928634e+17,2.129362409927692e-05
sed,slc1_1d,1000.0,5.099127365294392e+17,2.1441581553352628e-05
sed,slc1_1d,1000.0,6.13370801629227e+17,2.1488221629502997e-05
sed,slc1_1d,1000.0,7.378198529652922e+17,2.1084757517713233e-05
sed,slc1_1d,1000.0,8.875188287146373e+17,2.060992054411833e-05
sed,slc1_1d,1000.0,1.0675907786396411e+18,2.012863018212896e-05
sed,slc1_1d,1000.0,1.2841981868565496e+18,1.9590695891961528e-05
sed,slc1_1d,1000.0,1.5447538664834376e+18,1.8890267765350756e-05
sed,slc1_1d,1000.0,1.858174643476666e+18,1.810769732110502e-05
sed,slc1_1d,1000.0,2.2351865113112212e+18,1.733787844778736e-05
sed,slc1_1d,1000.0,2.688691699613285e+18,1.6563955516267397e-05
sed,slc1_1d,1000.0,3.234210218693835e+18,1.577700454948672e-05
sed,slc1_1d,1000.0,3.890410990671853e+18,1.4969091212073363e-05
sed,slc1_1d,1000.0,4.679750743738878e+18,1.4191747290157823e-05
sed,slc1_1d,1000.0,5.629242534023988e+18,1.3447882175411184e-05
sed,slc1_1d,1000.0,6.771380195678424e+18,1.2738742734970058e-05
sed,slc1_1d,1000.0,8.145250356027911e+18,1.2066475224588455e-05
sed,slc1_1d,1000.0,9.797870071557206e+18,1.143003999560823e-05
sed,slc1_1d,1000.0,1.1785795861765243e+19,1.0830930388661932e-05
sed,slc1_1d,1000.0,1.4177059205800034e+19,1.0270312070077961e-05
sed,slc1_1d,1000.0,1.7053494739103482e+19,9.756732836081533e-06
sed,slc1_1d,1000.0,2.0513540826411364e+19,9.322310666120492e-06
sed,slc1_1d,1000.0,2.4675608353280238e+19,8.912423745955007e-06
sed,slc1_1d,1000.0,2.9682133024081723e+19,8.528895988073056e-06
sed,slc1_1d,1000.0,3.5704449845597057e+19,8.178891388229694e-06
sed,slc1_1d,1000.0,4.294865661246373e+19,7.909958273185331e-06
sed,slc1_1d,1000.0,5.166266705668838e+19,7.684980301080682e-06
sed,slc1_1d,1000.0,6.214469503653066e+19,7.471164095648775e-06
sed,slc1_1d,1000.0,7.475346011358218e+19,7.272548100588765e-06
sed,slc1_1d,1000.0,8.992046377680455e+19,7.1066863411079675e-06
sed,slc1_1d,1000.0,1.0816475643468497e+20,7.005030712098962e-06
sed,slc1_1d,1000.0,1.3011070053658575e+20,6.906319827795457e-06
sed,slc1_1d,1000.0,1.5650933771892366e+20,6.812003011712978e-06
sed,slc1_1d,1000.0,1.8826409120999486e+20,6.725339484287746e-06
sed,slc1_1d,1000.0,2.2646168308997633e+20,6.667094711882509e-06
sed,slc1_1d,1000.0,2.7240932446719387e+20,6.620078316406693e-06
sed,slc1_1d,1000.0,3.2767945130563266e+20,6.576088896004893e-06
sed,slc1_1d,1000.0,3.9416353686854605e+20,6.537630320043463e-06
sed,slc1_1d,1000.0,4.741368223661015e+20,6.517271949080568e-06
sed,slc1_1d,1000.0,5.70336181041518e+20,6.522121663384121e-06
sed,slc1_1d,1000.0,6.860537803871738e+20,6.529903149025261e-06
sed,slc1_1d,1000.0,8.25249747831211e+20,6.5432961148478535e-06
sed,slc1_1d,1000.0,9.926876955785307e+20,6.568553988458362e-06
sed,slc1_1d,1000.0,1.1940977425836865e+21,6.634177578450558e-06
sed,slc1_1d,1000.0,1.4363726126498128e+21,6.7124472346559435e-06
sed,slc1_1d,1000.0,1.7278035195899148e+21,6.79666701071093e-06
sed,slc1_1d,1000.0,2.0783639119935753e+21,6.892411844548281e-06
sed,slc1_1d,1000.0,2.500050788009991e+21,7.020817301751184e-06
sed,slc1_1d,1000.0,3.007295260739063e+21,7.187328297985183e-06
sed,slc1_1d,1000.0,3.617456424740264e+21,7.363277702953319e-06
sed,slc1_1d,1000.0,4.351415424928593e+21,7.553283903331639e-06
sed,slc1_1d,1000.0,5.234290058287535e+21,7.769448860234423e-06
sed,slc1_1d,1000.0,6.296294363744258e+21,8.060577093215348e-06
sed,slc1_1d,1000.0,7.573772617386789e+21,8.375246750296772e-06
sed,slc1_1d,1000.0,9.11044311876265e+21,8.710771773965753e-06
sed,slc1_1d,1000.0,1.0958894333541128e+22,9.077547553317708e-06
sed,slc1_1d,1000.0,1.3182384594047174e+22,9.525114068347845e-06
sed,slc1_1d,1000.0,1.5857006947636297e+22,1.0047035842574496e-05
sed,slc1_1d,1000.0,1.9074293239095126e+22,1.0601502252900945e-05
sed,slc1_1d,1000.0,2.2944346544870544e+22,1.1193460055243188e-05
sed,slc1_1d,1000.0,2.759960915836728e+22,1.1835616077992633e-05
sed,slc1_1d,1000.0,3.3199395075600096e+22,1.2571940744882917e-05
sed,slc1_1d,1000.0,3.993534209348141e+22,1.3355069129778933e-05
sed,slc1_1d,1000.0,4.803797010432569e+22,1.418460341801859e-05
sed,slc1_1d,1000.0,5.778457002677744e+22,1.5060893657115571e-05
sed,slc1_1d,1000.0,6.950869335086453e+22,1.5977139790787296e-05
sed,slc1_1d,1000.0,8.361156705164745e+22,1.6938905758431165e-05
sed,slc1_1d,1000.0,1.0057582451656214e+23,1.7950917908488885e-05
sed,slc1_1d,1000.0,1.209820223909676e+23,1.9009362842100475e-05
sed,slc1_1d,1000.0,1.4552850858705558e+23,2.0089188972076777e-05
sed,slc1_1d,1000.0,1.7505532138594733e+23,2.112124503584675e-05
sed,slc1_1d,1000.0,2.105729375162634e+23,2.2193944693117406e-05
sed,slc1_1d,1000.0,2.532968530357836e+23,2.329410031195225e-05
sed,slc1_1d,1000.0,3.046891804549984e+23,2.4393844919089434e-05
sed,slc1_1d,1000.0,3.665086856536018e+23,2.5342725254365524e-05
sed,slc1_1d,1000.0,4.408709769704786e+23,2.6233957132302713e-05
sed,slc1_1d,1000.0,5.3032090627889366e+23,2.711905579749524e-05
sed,slc1_1d,1000.0,6.379196597813281e+23,2.795688230174987e-05
sed,slc1_1d,1000.0,7.67349518975057e+23,2.8560139044176368e-05
sed,slc1_1d,1000.0,9.230398769542383e+23,2.8720871567850334e-05
sed,slc1_1d,1000.0,1.1103188226216768e+24,2.8844362003409322e-05
sed,slc1_1d,1000.0,1.3355954803771882e+24,2.8885476318034496e-05
sed,slc1_1d,1000.0,1.6065793453739944e+24,2.8737516743400158e-05
sed,slc1_1d,1000.0,1.9325441205097672e+24,2.787901893573891e-05
sed,slc1_1d,1000.0,2.3246450842721588e+24,2.686201646007905e-05
sed,slc1_1d,1000.0,2.7963008505106185e+24,2.5842026078440867e-05
sed,slc1_1d,1000.0,3.3636525848480433e+24,2.4742571845462375e-05
sed,slc1_1d,1000.0,4.0461163931945993e+24,2.3205823401497968e-05
sed,slc1_1d,1000.0,4.867047786392459e+24,2.1206432661641133e-05
sed,slc1_1d,1000.0,5.854540960529565e+24,1.9369057673971315e-05
sed,slc1_1d,1000.0,7.042390246166839e+24,1.7652684658369773e-05
sed,slc1_1d,1000.0,8.4712466295257e+24,1.5970843199220188e-05
sed,slc1_1d,1000.0,1.0190008924499732e+25,1.3924150740807753e-05
sed,slc1_1d,1000.0,1.2257497204658623e+25,1.2088910296756032e-05
sed,slc1_1d,1000.0,1.474446576400706e+25,1.0498667025122418e-05
sed,slc1_1d,1000.0,1.7736024494735567e+25,9.088487476613915e-06
sed,slc1_1d,1000.0,2.1334551547181226e+25,7.644236861196035e-06
sed,slc1_1d,1000.0,2.566319695005151e+25,6.266292118618489e-06
sed,slc1_1d,1000.0,3.0870097093001393e+25,5.15275587657247e-06
sed,slc1_1d,1000.0,3.7133444301039363e+25,4.24106231209021e-06
sed,slc1_1d,1000.0,4.4667584993472284e+25,3.458712397173881e-06
sed,slc1_1d,1000.0,5.373035512068676e+25,2.673799572935385e-06
sed,slc1_1d,1000.0,6.4631903914594545e+25,2.078704652838732e-06
sed,slc1_1d,1000.0,7.77453079221715e+25,1.6286619001552466e-06
sed,slc1_1d,1000.0,9.351933855917773e+25,1.2820218457803252e-06
sed,slc1_1d,1000.0,1.124938201196837e+26,9.857063904622547e-07
sed,slc1_1d,1000.0,1.3531810382845927e+26,7.556987815176898e-07
sed,slc1_1d,1000.0,1.6277329016161534e+26,5.911464849817717e-07
sed,slc1_1d,1000.0,1.9579895993535867e+26,4.7003916671737733e-07
sed,slc1_1d,1000.0,2.355253289633944e+26,3.767572842267669e-07
sed,slc1_1d,1000.0,2.8331192669066454e+26,2.988627848026732e-07
sed,slc1_1d,1000.0,3.407941224769592e+26,2.412966264876797e-07
sed,slc1_1d,1000.0,4.0993909176879945e+26,1.9739647834724898e-07
sed,slc1_1d,1000.0,4.931131374532179e+26,1.6352066890431616e-07
sed,slc1_1d,1000.0,5.93162670287843e+26,1.398600237430216e-07
sed,slc1_1d,1000.0,7.135116197474798e+26,1.2171899386730923e-07
sed,slc1_1d,1000.0,8.582786089145135e+26,1.0624376148837123e-07
sed,slc1_1d,1000.0,1.0324179034126238e+27,9.277405972562763e-08
sed,slc1_1d,1000.0,1.2418889579864547e+27,8.044901636344742e-08
sed,slc1_1d,1000.0,1.493860363008731e+27,6.84379902490116e-08
sed,slc1_1d,1000.0,1.796955170441977e+27,5.8279748548340704e-08
sed,slc1_1d,1000.0,2.161545994884469e+27,4.973432477347446e-08
sed,slc1_1d,1000.0,2.600109988749392e+27,4.267657470909696e-08
sed,slc1_1d,1000.0,3.12765583966015e+27,3.7578872101753294e-08
sed,slc1_1d,1000.0,3.762237402912806e+27,3.3332722364287174e-08
sed,slc1_1d,1000.0,4.5255715467128334e+27,2.9567056207545066e-08
sed,slc1_1d,1000.0,5.443781354297298e+27,2.620875101372205e-08
sed,slc1_1d,1000.0,6.548290117061673e+27,2.3131241492308236e-08
sed,slc1_1d,1000.0,7.876896713230017e+27,2.0295728490319826e-08
sed,slc1_1d,1000.0,9.475069174048018e+27,1.780957813263225e-08
sed,slc1_1d,1000.0,1.1397500706363858e+28,1.5628500079096926e-08
sed,slc1_1d,1000.0,1.3709981422337991e+28,1.3729207735048875e-08
sed,slc1_1d,1000.0,1.6491649831256495e+28,1.2233668756255563e-08
sed,slc1_1d,1000.0,1.9837701144776913e+28,1.092161782140159e-08
sed,slc1_1d,1000.0,2.38626450801555e+28,9.734862961232598e-09
sed,slc1_1d,1000.0,2.8704224651120867e+28,8.646002586380765e-09
sed,slc1_1d,1000.0,3.452813005659635e+28,7.596295189526453e-09
sed,slc1_1d,1000.0,4.153366898759547e+28,6.614608908388965e-09
sed,slc1_1d,1000.0,4.996058740347587e+28,5.743811932905394e-09
sed,slc1_1d,1000.0,6.009727420050007e+28,4.959317690358192e-09
sed,slc1_1d,1000.0,7.2290630555693745e+28,4.21872302067108e-09
sed,slc1_1d,1000.0,8.69579416980658e+28,3.4024701073989653e-09
sed,slc1_1d,1000.0,1.0460115738703708e+29,2.7301983819512882e-09
sed,slc1_1d,1000.0,1.2582406980949714e+29,2.180006847961821e-09
sed,slc1_1d,1000.0,1.513529767634035e+29,1.7139005857845672e-09
sed,slc1_1d,1000.0,1.820615372704636e+29,1.1997290621601593e-09
sed,slc1_1d,1000.0,2.1900067023524398e+29,7.717884116050013e-10
sed,slc1_1d,1000.0,2.6343451935285067e+29,4.965034470422555e-10
sed,slc1_1d,1000.0,3.1688371506864813e+29,3.1843876437667357e-10
sed,slc1_1d,1000.0,3.811774141156066e+29,1.9874009959648616e-10
sed,slc1_1d,1000.0,4.585158975442635e+29,1.0450358373972938e-10
sed,slc1_1d,1000.0,5.5154586949650035e+29,5.495938869029957e-11
sed,slc1_1d,1000.0,6.634510336237281e+29,2.888345617490578e-11
sed,slc1_1d,1000.0,7.98061046886659e+29,1.493389672938577e-11
sed,slc1_1d,1000.0,9.599825793911563e+29,4.756080377790827e-12
sed,slc1_1d,1000.0,1.1547569654347151e+30,1.1213656135249741e-12
sed,slc1_1d,1000.0,1.3890498409520274e+30,2.662522392017789e-13
sed,slc1_1d,1000.0,1.670879257197189e+30,6.359197630087515e-14
sed,slc1_1d,1000.0,2.0098900772476115e+30,1.2474726920721278e-14
sed,slc1_1d,1000.0,2.417684045820695e+30,7.303265952030353e-16
sed,slc1_1d,100000.0,100000000.0,8.757915413684241e-19
sed,slc1_1d,100000.0,120289366.72653936,1.5281933563035172e-18
sed,slc1_1d,100000.0,144695317.47471872,2.6681566195491907e-18
sed,slc1_1d,100000.0,174053081.0732948,4.6639059206323704e-18
sed,slc1_1d,100000.0,209367348.99109644,8.152452239007458e-18
sed,slc1_1d,100000.0,251846658.23353347,1.4250390467749886e-17
sed,slc1_1d,100000.0,302944750.3110693,2.490952887067806e-17
sed,slc1_1d,100000.0,364410321.68048114,4.3634489104390245e-17
sed,slc1_1d,100000.0,438346868.2355957,7.645573173003306e-17
sed,slc1_1d,100000.0,527284671.86621594,1.3396465273551956e-16
sed,slc1_1d,100000.0,634267392.6339822,2.3473098212739106e-16
sed,slc1_1d,100000.0,762956229.95235,4.1176236509042957e-16
sed,slc1_1d,100000.0,917755217.4103613,7.233400522816068e-16
sed,slc1_1d,100000.0,1103961939.122698,1.270686406048244e-15
sed,slc1_1d,100000.0,1327948825.4727173,2.2322059506885434e-15
sed,slc1_1d,100000.0,1597381232.613649,3.921550155868658e-15
sed,slc1_1d,100000.0,1921479768.9195468,6.907140707961662e-15
sed,slc1_1d,100000.0,2311335845.8118944,1.2166456834156177e-14
sed,slc1_1d,100000.0,2780291251.8506303,2.143038867518874e-14
sed,slc1_1d,100000.0,3344394740.004496,3.774818612405909e-14
sed,slc1_1d,100000.0,4022951253.587101,6.662825483455192e-14
sed,slc1_1d,100000.0,4839182586.6573,1.1780391496072308e-13
sed,slc1_1d,100000.0,5821022088.231032,2.082865822732753e-13
sed,slc1_1d,100000.0,7002070606.945086,3.682672923981387e-13
sed,slc1_1d,100000.0,8422746390.839395,6.50830302338852e-13
sed,slc1_1d,100000.0,10131668294.523115,1.1463032051683068e-12
sed,slc1_1d,100000.0,12187319630.315475,2.018982370187778e-12
sed,slc1_1d,100000.0,14660049604.245642,3.556041539692656e-12
sed,slc1_1d,100000.0,17634480830.743694,6.263288311526368e-12
sed,slc1_1d,100000.0,21212405316.81448,1.015753122470181e-11
sed,slc1_1d,100000.0,25516268023.063004,1.577500348281105e-11
sed,slc1_1d,100000.0,30693357217.188824,2.4501189442823332e-11
sed,slc1_1d,100000.0,36920845023.67115,3.805759939996548e-11
sed,slc1_1d,100000.0,44411850669.06087,5.7266728178945156e-11
sed,slc1_1d,100000.0,53422733921.34986,7.617320276540779e-11
sed,slc1_1d,100000.0,64261868321.99561,1.0132328773828718e-10
sed,slc1_1d,100000.0,77300194451.17143,1.3477941073093645e-10
sed,slc1_1d,100000.0,92983914383.69725,1.7928545868107687e-10
sed,slc1_1d,100000.0,111849761769.69742,2.2829268050463287e-10
sed,slc1_1d,100000.0,134543370117.91139,2.8664844220193914e-10
sed,slc1_1d,100000.0,161841367887.38028,3.599212800914158e-10
sed,slc1_1d,100000.0,194677956533.29776,4.5192441454391184e-10
sed,slc1_1d,100000.0,234176881070.0714,5.63630368461402e-10
sed,slc1_1d,100000.0,281689887259.1501,6.924923381551166e-10
sed,slc1_1d,100000.0,338842981516.7343,8.508158957529746e-10
sed,slc1_1d,100000.0,407592076663.8045,1.0453368313064989e-09
sed,slc1_1d,100000.0,490289927846.4412,1.2843309391982096e-09
sed,slc1_1d,100000.0,589766649330.4908,1.557907373760046e-09
sed,slc1_1d,100000.0,709426567643.9775,1.8859631591714764e-09
sed,slc1_1d,100000.0,853364725608.7649,2.283099872096309e-09
sed,slc1_1d,100000.0,1026507024302.4535,2.763864498700555e-09
sed,slc1_1d,100000.0,1234778798936.8647,3.3254712363583405e-09
sed,slc1_1d,100000.0,1485307597714.7231,3.967314615556906e-09
sed,slc1_1d,100000.0,1786667103232.2153,4.7330460234351e-09
sed,slc1_1d,100000.0,2149170543989.437,5.646579562520414e-09
sed,slc1_1d,100000.0,2585223637238.2144,6.735235382647015e-09
sed,slc1_1d,100000.0,3109749141698.6553,7.913297097491245e-09
sed,slc1_1d,100000.0,3740697549333.305,9.291498385361448e-09
sed,slc1_1d,100000.0,4499661393248.21,1.0909772217841328e-08
sed,slc1_1d,100000.0,5412614194776.85,1.2809944665574922e-08
sed,slc1_1d,100000.0,6510799338247.85,1.4899147954222836e-08
sed,slc1_1d,100000.0,7831799292814.053,1.7180179948799674e-08
sed,slc1_1d,100000.0,9420821772619.611,1.9810571616250433e-08
sed,slc1_1d,100000.0,11332246850720.07,2.284385151203347e-08
sed,slc1_1d,100000.0,13631487972619.373,2.6297339192946124e-08
sed,slc1_1d,100000.0,16397230557668.22,2.9671056130184298e-08
sed,slc1_1d,100000.0,19724124798509.7,3.3478276175229384e-08
sed,slc1_1d,100000.0,23726024812479.625,3.7774789040538866e-08
sed,slc1_1d,100000.0,28539884996313.336,4.2623575375792055e-08
sed,slc1_1d,100000.0,34330446926547.934,4.7277753072259235e-08
sed,slc1_1d,100000.0,41295877202335.2,5.191708622322157e-08
sed,slc1_1d,100000.0,49674549170858.35,5.701472026599123e-08
sed,slc1_1d,100000.0,59753200621888.914,6.261621914283158e-08
sed,slc1_1d,100000.0,71876746626908.75,6.835218815534249e-08
sed,slc1_1d,100000.0,86460083341147.77,7.258701164014777e-08
sed,slc1_1d,100000.0,104002286722304.8,7.709207386047037e-08
sed,slc1_1d,100000.0,125103692079380.17,8.188507866369527e-08
sed,slc1_1d,100000.0,150486438953806.2,8.698491700858137e-08
sed,slc1_1d,100000.0,181019184426853.7,8.999311494961901e-08
sed,slc1_1d,100000.0,217746830600608.62,9.221978254387658e-08
sed,slc1_1d,100000.0,261926283596582.53,9.451424527528127e-08
sed,slc1_1d,100000.0,315069467828688.6,9.687880399625768e-08
sed,slc1_1d,100000.0,378995067599805.7,9.864365544917859e-08
sed,slc1_1d,100000.0,455890766740627.8,9.873371697592213e-08
sed,slc1_1d,100000.0,548388116277063.7,9.883302079690437e-08
sed,slc1_1d,100000.0,659652592273280.9,9.894158925671437e-08
sed,slc1_1d,100000.0,793491925840727.0,9.905944606213947e-08
sed,slc1_1d,100000.0,954486412620035.6,9.843984794433194e-08
sed,slc1_1d,100000.0,1148145661231499.5,9.768337601912002e-08
sed,slc1_1d,100000.0,1381097144993614.5,9.694090677606945e-08
sed,slc1_1d,100000.0,1661313009591127.0,9.621220016093254e-08
sed,slc1_1d,100000.0,1998382898582786.8,9.511773499557596e-08
sed,slc1_1d,100000.0,2403842133476685.5,9.34182367960202e-08
sed,slc1_1d,100000.0,2891566479464849.5,9.175017671096616e-08
sed,slc1_1d,100000.0,3478247006625142.0,9.011296524052701e-08
sed,slc1_1d,100000.0,4183961297454212.0,8.850278948738933e-08
sed,slc1_1d,100000.0,5032860548791150.0,8.622269086008847e-08
sed,slc1_1d,100000.0,6053996082370733.0,8.395635972612793e-08
sed,slc1_1d,100000.0,7282313549133226.0,8.174985223475482e-08
sed,slc1_1d,100000.0,8759848851293366.0,7.960160523514313e-08
sed,slc1_1d,100000.0,1.053716670942278e+16,7.729558327028873e-08
sed,slc1_1d,100000.0,1.2675091105684438e+16,7.485017195420777e-08
sed,slc1_1d,100000.0,1.5246786823039662e+16,7.248231810957091e-08
sed,slc1_1d,100000.0,1.8340263315579784e+16,7.018961069146818e-08
sed,slc1_1d,100000.0,2.206138659829082e+16,6.7955408564631e-08
sed,slc1_1d,100000.0,2.653750223017776e+16,6.552801701330985e-08
sed,slc1_1d,100000.0,3.1921793377721956e+16,6.318743472498926e-08
sed,slc1_1d,100000.0,3.839852310181596e+16,6.093096855938904e-08
sed,slc1_1d,100000.0,4.618934027151852e+16,5.875571574196686e-08
sed,slc1_1d,100000.0,5.556086490777627e+16,5.6497552074735044e-08
sed,slc1_1d,100000.0,6.683381254535184e+16,5.422465701538493e-08
sed,slc1_1d,100000.0,8.039396987000581e+16,5.204434865108057e-08
sed,slc1_1d,100000.0,9.670539724295523e+16,4.9953114579613867e-08
sed,slc1_1d,100000.0,1.1632630993393557e+17,4.79067304799305e-08
sed,slc1_1d,100000.0,1.3992818155588197e+17,4.573081402330441e-08
sed,slc1_1d,100000.0,1.6831872346553197e+17,4.365600460555294e-08
sed,slc1_1d,100000.0,2.0246952653888422e+17,4.167807222539121e-08
sed,slc1_1d,100000.0,2.4354931128784736e+17,3.979305791601878e-08
sed,slc1_1d,100000.0,2.929639242149984e+17,3.784319916276051e-08
sed,slc1_1d,100000.0,3.5240444917543885e+17,3.593273223065706e-08
sed,slc1_1d,100000.0,4.2390508022928634e+17,3.412427382617983e-08
sed,slc1_1d,100000.0,5.099127365294392e+17,3.241347677915586e-08
sed,slc1_1d,100000.0,6.13370801629227e+17,3.076914039060964e-08
sed,slc1_1d,100000.0,7.378198529652922e+17,2.9143361184590338e-08
sed,slc1_1d,100000.0,8.875188287146373e+17,2.7613331763085934e-08
sed,slc1_1d,100000.0,1.0675907786396411e+18,2.6175193939507385e-08
sed,slc1_1d,100000.0,1.2841981868565496e+18,2.4825534016148614e-08
sed,slc1_1d,100000.0,1.5447538664834376e+18,2.3617355512163322e-08
sed,slc1_1d,100000.0,1.858174643476666e+18,2.2497230642211126e-08
sed,slc1_1d,100000.0,2.2351865113112212e+18,2.144964533019785e-08
sed,slc1_1d,100000.0,2.688691699613285e+18,2.0473395479627378e-08
sed,slc1_1d,100000.0,3.234210218693835e+18,1.964712042802626e-08
sed,slc1_1d,100000.0,3.890410990671853e+18,1.901224641653415e-08
sed,slc1_1d,100000.0,4.679750743738878e+18,1.8424209237891735e-08
sed,slc1_1d,100000.0,5.629242534023988e+18,1.7884378220393607e-08
sed,slc1_1d,100000.0,6.771380195678424e+18,1.7394965521013953e-08
sed,slc1_1d,100000.0,8.145250356027911e+18,1.7188909972639665e-08
sed,slc1_1d,100000.0,9.797870071557206e+18,1.7038369405442073e-08
sed,slc1_1d,100000.0,1.1785795861765243e+19,1.692466326968218e-08
sed,slc1_1d,100000.0,1.4177059205800034e+19,1.6851527065637062e-08
sed,slc1_1d,100000.0,1.7053494739103482e+19,1.688503552590112e-08
sed,slc1_1d,100000.0,2.0513540826411364e+19,1.7026785225633667e-08
sed,slc1_1d,100000.0,2.4675608353280238e+19,1.7207141647905085e-08
sed,slc1_1d,100000.0,2.9682133024081723e+19,1.743052633632496e-08
sed,slc1_1d,100000.0,3.5704449845597057e+19,1.770191644552131e-08
sed,slc1_1d,100000.0,4.294865661246373e+19,1.8029039239430593e-08
sed,slc1_1d,100000.0,5.166266705668838e+19,1.840041838830894e-08
sed,slc1_1d,100000.0,6.214469503653066e+19,1.8820521846678702e-08
sed,slc1_1d,100000.0,7.475346011358218e+19,1.9294414794712136e-08
sed,slc1_1d,100000.0,8.992046377680455e+19,1.9844113504646115e-08
sed,slc1_1d,100000.0,1.0816475643468497e+20,2.045751785536835e-08
sed,slc1_1d,100000.0,1.3011070053658575e+20,2.112350508370186e-08
sed,slc1_1d,100000.0,1.5650933771892366e+20,2.184683345056039e-08
sed,slc1_1d,100000.0,1.8826409120999486e+20,2.2628837921512695e-08
sed,slc1_1d,100000.0,2.2646168308997633e+20,2.3447279040114797e-08
sed,slc1_1d,100000.0,2.7240932446719387e+20,2.431291524860137e-08
sed,slc1_1d,100000.0,3.2767945130563266e+20,2.5228972347439284e-08
sed,slc1_1d,100000.0,3.9416353686854605e+20,2.619890755806189e-08
sed,slc1_1d,100000.0,4.741368223661015e+20,2.7258930737140524e-08
sed,slc1_1d,100000.0,5.70336181041518e+20,2.8386357647066906e-08
sed,slc1_1d,100000.0,6.860537803871738e+20,2.9568031158443082e-08
sed,slc1_1d,100000.0,8.25249747831211e+20,3.080687796972683e-08
sed,slc1_1d,100000.0,9.926876955785307e+20,3.208680178338707e-08
sed,slc1_1d,100000.0,1.1940977425836865e+21,3.33626181909036e-08
sed,slc1_1d,100000.0,1.4363726126498128e+21,3.469045809387759e-08
sed,slc1_1d,100000.0,1.7278035195899148e+21,3.607248507570855e-08
sed,slc1_1d,100000.0,2.0783639119935753e+21,3.751095409188203e-08
sed,slc1_1d,100000.0,2.500050788009991e+21,3.918679043053413e-08
sed,slc1_1d,100000.0,3.007295260739063e+21,4.099065138597757e-08
sed,slc1_1d,100000.0,3.617456424740264e+21,4.288424086618227e-08
sed,slc1_1d,100000.0,4.351415424928593e+21,4.487227269156925e-08
sed,slc1_1d,100000.0,5.234290058287535e+21,4.686239971421389e-08
sed,slc1_1d,100000.0,6.296294363744258e+21,4.8771285262000104e-08
sed,slc1_1d,100000.0,7.573772617386789e+21,5.0785267878305176e-08
sed,slc1_1d,100000.0,9.11044311876265e+21,5.291069708197016e-08
sed,slc1_1d,100000.0,1.0958894333541128e+22,5.5154344860138396e-08
sed,slc1_1d,100000.0,1.3182384594047174e+22,5.75026252513383e-08
sed,slc1_1d,100000.0,1.5857006947636297e+22,5.996907545608611e-08
sed,slc1_1d,100000.0,1.9074293239095126e+22,6.256550060158158e-08
sed,slc1_1d,100000.0,2.2944346544870544e+22,6.529932885365843e-08
sed,slc1_1d,100000.0,2.759960915836728e+22,6.772187432930261e-08
sed,slc1_1d,100000.0,3.3199395075600096e+22,6.971166145560353e-08
sed,slc1_1d,100000.0,3.993534209348141e+22,7.181794717499353e-08
sed,slc1_1d,100000.0,4.803797010432569e+22,7.404657391021826e-08
sed,slc1_1d,100000.0,5.778457002677744e+22,7.639436413795357e-08
sed,slc1_1d,100000.0,6.950869335086453e+22,7.835587520622959e-08
sed,slc1_1d,100000.0,8.361156705164745e+22,8.037305897773438e-08
sed,slc1_1d,100000.0,1.0057582451656214e+23,8.245922166812586e-08
sed,slc1_1d,100000.0,1.209820223909676e+23,8.461679291717937e-08
sed,slc1_1d,100000.0,1.4552850858705558e+23,8.533746227603047e-08
sed,slc1_1d,100000.0,1.7505532138594733e+23,8.489200127082929e-08
sed,slc1_1d,100000.0,2.105729375162634e+23,8.447801109329709e-08
sed,slc1_1d,100000.0,2.532968530357836e+23,8.409448197620242e-08
sed,slc1_1d,100000.0,3.046891804549984e+23,8.347436451477704e-08
sed,slc1_1d,100000.0,3.665086856536018e+23,8.069896505553539e-08
sed,slc1_1d,100000.0,4.408709769704786e+23,7.802564397141443e-08
sed,slc1_1d,100000.0,5.3032090627889366e+23,7.545049498726487e-08
sed,slc1_1d,100000.0,6.379196597813281e+23,7.296976374015964e-08
sed,slc1_1d,100000.0,7.67349518975057e+23,6.802789394256139e-08
sed,slc1_1d,100000.0,9.230398769542383e+23,6.224669985234445e-08
sed,slc1_1d,100000.0,1.1103188226216768e+24,5.697316316580862e-08
sed,slc1_1d,100000.0,1.3355954803771882e+24,5.216162099745915e-08
sed,slc1_1d,100000.0,1.6065793453739944e+24,4.73604051236764e-08
sed,slc1_1d,100000.0,1.9325441205097672e+24,4.1722059837237193e-08
sed,slc1_1d,100000.0,2.3246450842721588e+24,3.6843596977572966e-08
sed,slc1_1d,100000.0,2.7963008505106185e+24,3.261666740160474e-08
sed,slc1_1d,100000.0,3.3636525848480433e+24,2.8948723255128585e-08
sed,slc1_1d,100000.0,4.0461163931945993e+24,2.4689093516880452e-08
sed,slc1_1d,100000.0,4.867047786392459e+24,2.089277097373677e-08
sed,slc1_1d,100000.0,5.854540960529565e+24,1.7778677675437214e-08
sed,slc1_1d,100000.0,7.042390246166839e+24,1.5213240407566147e-08
sed,slc1_1d,100000.0,8.4712466295257e+24,1.289363739529644e-08
sed,slc1_1d,100000.0,1.0190008924499732e+25,1.0700650038559767e-08
sed,slc1_1d,100000.0,1.2257497204658623e+25,9.00379871980156e-09
sed,slc1_1d,100000.0,1.474446576400706e+25,7.672354470769286e-09
sed,slc1_1d,100000.0,1.7736024494735567e+25,6.612119381611761e-09
sed,slc1_1d,100000.0,2.1334551547181226e+25,5.613837812309663e-09
sed,slc1_1d,100000.0,2.566319695005151e+25,4.827533699711979e-09
sed,slc1_1d,100000.0,3.0870097093001393e+25,4.206161574441486e-09
sed,slc1_1d,100000.0,3.7133444301039363e+25,3.7009309100005675e-09
sed,slc1_1d,100000.0,4.4667584993472284e+25,3.2709935379594812e-09
sed,slc1_1d,100000.0,5.373035512068676e+25,2.9057130302887364e-09
sed,slc1_1d,100000.0,6.4631903914594545e+25,2.598494055206423e-09
sed,slc1_1d,100000.0,7.77453079221715e+25,2.3329941934779124e-09
sed,slc1_1d,100000.0,9.351933855917773e+25,2.1000275018819987e-09
sed,slc1_1d,100000.0,1.124938201196837e+26,1.926323342301847e-09
sed,slc1_1d,100000.0,1.3531810382845927e+26,1.7705549688154501e-09
sed,slc1_1d,100000.0,1.6277329016161534e+26,1.6284491670844627e-09
sed,slc1_1d,100000.0,1.9579895993535867e+26,1.498210922804456e-09
sed,slc1_1d,100000.0,2.355253289633944e+26,1.3644250764226389e-09
sed,slc1_1d,100000.0,2.8331192669066454e+26,1.2314507144402615e-09
sed,slc1_1d,100000.0,3.407941224769592e+26,1.111526431237103e-09
sed,slc1_1d,100000.0,4.0993909176879945e+26,1.0033420744399615e-09
sed,slc1_1d,100000.0,4.931131374532179e+26,9.038843789157934e-10
sed,slc1_1d,100000.0,5.93162670287843e+26,7.95982103031118e-10
sed,slc1_1d,100000.0,7.135116197474798e+26,7.010348041127061e-10
sed,slc1_1d,100000.0,8.582786089145135e+26,6.174781044667904e-10
sed,slc1_1d,100000.0,1.0324179034126238e+27,5.439378204101361e-10
sed,slc1_1d,100000.0,1.2418889579864547e+27,4.611525088435724e-10
sed,slc1_1d,100000.0,1.493860363008731e+27,3.826309881182838e-10
sed,slc1_1d,100000.0,1.796955170441977e+27,3.1749269549697964e-10
sed,slc1_1d,100000.0,2.161545994884469e+27,2.6345440504895734e-10
sed,slc1_1d,100000.0,2.600109988749392e+27,2.1811619283420603e-10
sed,slc1_1d,100000.0,3.12765583966015e+27,1.7902929407208982e-10
sed,slc1_1d,100000.0,3.762237402912806e+27,1.4694947308184385e-10
sed,slc1_1d,100000.0,4.5255715467128334e+27,1.206201058696739e-10
sed,slc1_1d,100000.0,5.443781354297298e+27,9.901001137425658e-11
sed,slc1_1d,100000.0,6.548290117061673e+27,8.167613152317653e-11
sed,slc1_1d,100000.0,7.876896713230017e+27,6.750410702523261e-11
sed,slc1_1d,100000.0,9.475069174048018e+27,5.579365060718181e-11
sed,slc1_1d,100000.0,1.1397500706363858e+28,4.611677350519162e-11
sed,slc1_1d,100000.0,1.3709981422337991e+28,3.78619485549151e-11
sed,slc1_1d,100000.0,1.6491649831256495e+28,3.059523324267094e-11
sed,slc1_1d,100000.0,1.9837701144776913e+28,2.4724083371841287e-11
sed,slc1_1d,100000.0,2.38626450801555e+28,1.9980310655499564e-11
sed,slc1_1d,100000.0,2.8704224651120867e+28,1.6147298021153507e-11
sed,slc1_1d,100000.0,3.452813005659635e+28,1.260569944215524e-11
sed,slc1_1d,100000.0,4.153366898759547e+28,9.780407737693614e-12
sed,slc1_1d,100000.0,4.996058740347587e+28,7.588366363196901e-12
sed,slc1_1d,100000.0,6.009727420050007e+28,5.8876358048342775e-12
sed,slc1_1d,100000.0,7.2290630555693745e+28,4.2375622251728125e-12
sed,slc1_1d,100000.0,8.69579416980658e+28,2.7287188405309314e-12
sed,slc1_1d,100000.0,1.0460115738703708e+29,1.757158575430701e-12
sed,slc1_1d,100000.0,1.2582406980949714e+29,1.1315469810081341e-12
sed,slc1_1d,100000.0,1.513529767634035e+29,7.273522640976335e-13
sed,slc1_1d,100000.0,1.820615372704636e+29,3.603647235569335e-13
sed,slc1_1d,100000.0,2.1900067023524398e+29,1.7613349530280797e-13
sed,slc1_1d,100000.0,2.6343451935285067e+29,8.615953857259019e-14
sed,slc1_1d,100000.0,3.1688371506864813e+29,4.2181635886361285e-14
sed,slc1_1d,100000.0,3.811774141156066e+29,1.2691074671110673e-14
sed,slc1_1d,100000.0,4.585158975442635e+29,2.391517073282964e-15
sed,slc1_1d,100000.0,5.5154586949650035e+29,4.522299765634606e-16
sed,slc1_1d,100000.0,6.634510336237281e+29,8.580797788516957e-17
sed,slc1_1d,100000.0,7.98061046886659e+29,1.498011672437296e-17
sed,slc1_1d,100000.0,9.599825793911563e+29,7.483330898075774e-19
sed,slc1_1d,100000.0,1.1547569654347151e+30,3.8497313287486353e-20
sed,slc1_1d,100000.0,1.3890498409520274e+30,2.031613455646471e-21
sed,slc1_1d,100000.0,1.670879257197189e+30,1.0957410263082603e-22
sed,slc1_1d,100000.0,2.0098900772476115e+30,4.9387389495508765e-25
sed,slc1_1d,100000.0,2.417684045820695e+30,5.631048847773139e-28
sed,slc1_1d,10000000.0,100000000.0,4.1426264673142425e-18
sed,slc1_1d,10000000.0,120289366.72653936,7.22664029935498e-18
sed,slc1_1d,10000000.0,144695317.47471872,1.2605852566142171e-17
sed,slc1_1d,10000000.0,174053081.0732948,2.196124896369872e-17
sed,slc1_1d,10000000.0,209367348.99109644,3.825972553465599e-17
sed,slc1_1d,10000000.0,251846658.23353347,6.665406918875628e-17
sed,slc1_1d,10000000.0,302944750.3110693,1.161211929101491e-16
sed,slc1_1d,10000000.0,364410321.68048114,2.0191749281374504e-16
sed,slc1_1d,10000000.0,438346868.2355957,3.5065438795074204e-16
sed,slc1_1d,10000000.0,527284671.86621594,6.089541802799116e-16
sed,slc1_1d,10000000.0,634267392.6339822,1.0575233364857442e-15
sed,slc1_1d,10000000.0,762956229.95235,1.8349901129665377e-15
sed,slc1_1d,10000000.0,917755217.4103613,3.1689417740637395e-15
sed,slc1_1d,10000000.0,1103961939.122698,5.472613805498355e-15
sed,slc1_1d,10000000.0,1327948825.4727173,9.450947593297566e-15
sed,slc1_1d,10000000.0,1597381232.613649,1.632134403751079e-14
sed,slc1_1d,10000000.0,1921479768.9195468,2.780810003013847e-14
sed,slc1_1d,10000000.0,2311335845.8118944,4.7108331737754424e-14
sed,slc1_1d,10000000.0,2780291251.8506303,7.98039031304351e-14
sed,slc1_1d,10000000.0,3344394740.004496,1.3519185939019138e-13
sed,slc1_1d,10000000.0,4022951253.587101,2.2084637683756276e-13
sed,slc1_1d,10000000.0,4839182586.6573,3.244306360183417e-13
sed,slc1_1d,10000000.0,5821022088.231032,4.765993745060205e-13
sed,slc1_1d,10000000.0,7002070606.945086,7.00140352648838e-13
sed,slc1_1d,10000000.0,8422746390.839395,1.0285295668507325e-12
sed,slc1_1d,10000000.0,10131668294.523115,1.3156511171568057e-12
sed,slc1_1d,10000000.0,12187319630.315475,1.6284947362864448e-12
sed,slc1_1d,10000000.0,14660049604.245642,2.0157284415845955e-12
sed,slc1_1d,10000000.0,17634480830.743694,2.495041263114352e-12
sed,slc1_1d,10000000.0,21212405316.81448,2.9883078513541045e-12
sed,slc1_1d,10000000.0,25516268023.063004,3.376504479087661e-12
sed,slc1_1d,10000000.0,30693357217.188824,3.815131366361416e-12
sed,slc1_1d,10000000.0,36920845023.67115,4.310740057301219e-12
sed,slc1_1d,10000000.0,44411850669.06087,4.8707332520286435e-12
sed,slc1_1d,10000000.0,53422733921.34986,5.291483160616994e-12
sed,slc1_1d,10000000.0,64261868321.99561,5.7273686310563326e-12
sed,slc1_1d,10000000.0,77300194451.17143,6.199161087917683e-12
sed,slc1_1d,10000000.0,92983914383.69725,6.7098185241805125e-12
sed,slc1_1d,10000000.0,111849761769.69742,7.187544145194614e-12
sed,slc1_1d,10000000.0,134543370117.91139,7.608588329333588e-12
sed,slc1_1d,10000000.0,161841367887.38028,8.054297354050458e-12
sed,slc1_1d,10000000.0,194677956533.29776,8.526116102516184e-12
sed,slc1_1d,10000000.0,234176881070.0714,9.022263502328109e-12
sed,slc1_1d,10000000.0,281689887259.1501,9.376879015935419e-12
sed,slc1_1d,10000000.0,338842981516.7343,9.745433016623088e-12
sed,slc1_1d,10000000.0,407592076663.8045,1.0128473393654756e-11
sed,slc1_1d,10000000.0,490289927846.4412,1.0526569575417281e-11
sed,slc1_1d,10000000.0,589766649330.4908,1.078796849290786e-11
sed,slc1_1d,10000000.0,709426567643.9775,1.0940905096100182e-11
sed,slc1_1d,10000000.0,853364725608.7649,1.10960115519134e-11
sed,slc1_1d,10000000.0,1026507024302.4535,1.1253318701333164e-11
sed,slc1_1d,10000000.0,1234778798936.8647,1.1391215496057668e-11
sed,slc1_1d,10000000.0,1485307597714.7231,1.1379839420165862e-11
sed,slc1_1d,10000000.0,1786667103232.2153,1.1368475695922038e-11
sed,slc1_1d,10000000.0,2149170543989.437,1.1357124441235357e-11
sed,slc1_1d,10000000.0,2585223637238.2144,1.1345785828318147e-11
sed,slc1_1d,10000000.0,3109749141698.6553,1.127032208731932e-11
sed,slc1_1d,10000000.0,3740697549333.305,1.116534459138596e-11
sed,slc1_1d,10000000.0,4499661393248.21,1.1061346681063776e-11
sed,slc1_1d,10000000.0,5412614194776.85,1.0958319927878616e-11
sed,slc1_1d,10000000.0,6510799338247.85,1.0840206317800748e-11
sed,slc1_1d,10000000.0,7831799292814.053,1.0670956808954526e-11
sed,slc1_1d,10000000.0,9420821772619.611,1.0504356507534354e-11
sed,slc1_1d,10000000.0,11332246850720.07,1.034036645927187e-11
sed,slc1_1d,10000000.0,13631487972619.373,1.0178949252944574e-11
sed,slc1_1d,10000000.0,16397230557668.22,1.0005697015406092e-11
sed,slc1_1d,10000000.0,19724124798509.7,9.831545529901345e-12
sed,slc1_1d,10000000.0,23726024812479.625,9.660455260153333e-12
sed,slc1_1d,10000000.0,28539884996313.336,9.492383387312979e-12
sed,slc1_1d,10000000.0,34330446926547.934,9.337138225957255e-12
sed,slc1_1d,10000000.0,41295877202335.2,9.203497830152592e-12
sed,slc1_1d,10000000.0,49674549170858.35,9.071855664993312e-12
sed,slc1_1d,10000000.0,59753200621888.914,8.942210264920695e-12
sed,slc1_1d,10000000.0,71876746626908.75,8.814569250103566e-12
sed,slc1_1d,10000000.0,86460083341147.77,8.758982685267236e-12
sed,slc1_1d,10000000.0,104002286722304.8,8.712519812988726e-12
sed,slc1_1d,10000000.0,125103692079380.17,8.666565182310202e-12
sed,slc1_1d,10000000.0,150486438953806.2,8.621191935025365e-12
sed,slc1_1d,10000000.0,181019184426853.7,8.586843191405906e-12
sed,slc1_1d,10000000.0,217746830600608.62,8.56594442739743e-12
sed,slc1_1d,10000000.0,261926283596582.53,8.545480425956196e-12
sed,slc1_1d,10000000.0,315069467828688.6,8.525532639199171e-12
sed,slc1_1d,10000000.0,378995067599805.7,8.506199338768695e-12
sed,slc1_1d,10000000.0,455890766740627.8,8.396602470360223e-12
sed,slc1_1d,10000000.0,548388116277063.7,8.288945012802143e-12
sed,slc1_1d,10000000.0,659652592273280.9,8.183648799525693e-12
sed,slc1_1d,10000000.0,793491925840727.0,8.080869844859952e-12
sed,slc1_1d,10000000.0,954486412620035.6,7.929228997606719e-12
sed,slc1_1d,10000000.0,1148145661231499.5,7.740416056107475e-12
sed,slc1_1d,10000000.0,1381097144993614.5,7.55731069464419e-12
sed,slc1_1d,10000000.0,1661313009591127.0,7.379921668001443e-12
sed,slc1_1d,10000000.0,1998382898582786.8,7.202264669460429e-12
sed,slc1_1d,10000000.0,2403842133476685.5,6.9796982016205494e-12
sed,slc1_1d,10000000.0,2891566479464849.5,6.766179726253771e-12
sed,slc1_1d,10000000.0,3478247006625142.0,6.561663503311344e-12
sed,slc1_1d,10000000.0,4183961297454212.0,6.366140361507079e-12
sed,slc1_1d,10000000.0,5032860548791150.0,6.157400805125681e-12
sed,slc1_1d,10000000.0,6053996082370733.0,5.946616897272312e-12
sed,slc1_1d,10000000.0,7282313549133226.0,5.74539872623116e-12
sed,slc1_1d,10000000.0,8759848851293366.0,5.5535548226081465e-12
sed,slc1_1d,10000000.0,1.053716670942278e+16,5.365621576455806e-12
sed,slc1_1d,10000000.0,1.2675091105684438e+16,5.167954196028679e-12
sed,slc1_1d,10000000.0,1.5246786823039662e+16,4.981262416808291e-12
sed,slc1_1d,10000000.0,1.8340263315579784e+16,4.805346222354268e-12
sed,slc1_1d,10000000.0,2.206138659829082e+16,4.640039350222784e-12
sed,slc1_1d,10000000.0,2.653750223017776e+16,4.45912758267138e-12
sed,slc1_1d,10000000.0,3.1921793377721956e+16,4.280818716114269e-12
sed,slc1_1d,10000000.0,3.839852310181596e+16,4.112950748081581e-12
sed,slc1_1d,10000000.0,4.618934027151852e+16,3.955148976120694e-12
sed,slc1_1d,10000000.0,5.556086490777627e+16,3.802258237230406e-12
sed,slc1_1d,10000000.0,6.683381254535184e+16,3.64978993180402e-12
sed,slc1_1d,10000000.0,8.039396987000581e+16,3.5086128478575436e-12
sed,slc1_1d,10000000.0,9.670539724295523e+16,3.37836097019964e-12
sed,slc1_1d,10000000.0,1.1632630993393557e+17,3.2587032683570928e-12
sed,slc1_1d,10000000.0,1.3992818155588197e+17,3.1307185214200037e-12
sed,slc1_1d,10000000.0,1.6831872346553197e+17,3.0087431496969592e-12
sed,slc1_1d,10000000.0,2.0246952653888422e+17,2.895126956601825e-12
sed,slc1_1d,10000000.0,2.4354931128784736e+17,2.789479729265071e-12
sed,slc1_1d,10000000.0,2.929639242149984e+17,2.699247279714225e-12
sed,slc1_1d,10000000.0,3.5240444917543885e+17,2.6264520466109432e-12
sed,slc1_1d,10000000.0,4.2390508022928634e+17,2.559879485490669e-12
sed,slc1_1d,10000000.0,5.099127365294392e+17,2.4993528743928885e-12
sed,slc1_1d,10000000.0,6.13370801629227e+17,2.4447098554723506e-12
sed,slc1_1d,10000000.0,7.378198529652922e+17,2.40116393075403e-12
sed,slc1_1d,10000000.0,8.875188287146373e+17,2.3601435924813674e-12
sed,slc1_1d,10000000.0,1.0675907786396411e+18,2.321397591557574e-12
sed,slc1_1d,10000000.0,1.2841981868565496e+18,2.2848659670015773e-12
sed,slc1_1d,10000000.0,1.5447538664834376e+18,2.266901625394652e-12
sed,slc1_1d,10000000.0,1.858174643476666e+18,2.2651212515629693e-12
sed,slc1_1d,10000000.0,2.2351865113112212e+18,2.2645674927635054e-12
sed,slc1_1d,10000000.0,2.688691699613285e+18,2.2652539581549512e-12
sed,slc1_1d,10000000.0,3.234210218693835e+18,2.2669287849727496e-12
sed,slc1_1d,10000000.0,3.890410990671853e+18,2.266249620351586e-12
sed,slc1_1d,10000000.0,4.679750743738878e+18,2.26583465115797e-12
sed,slc1_1d,10000000.0,5.629242534023988e+18,2.265684732527346e-12
sed,slc1_1d,10000000.0,6.771380195678424e+18,2.2658007537021546e-12
sed,slc1_1d,10000000.0,8.145250356027911e+18,2.2744387922022082e-12
sed,slc1_1d,10000000.0,9.797870071557206e+18,2.2881976534501196e-12
sed,slc1_1d,10000000.0,1.1785795861765243e+19,2.302301177981606e-12
sed,slc1_1d,10000000.0,1.4177059205800034e+19,2.3167553771990496e-12
sed,slc1_1d,10000000.0,1.7053494739103482e+19,2.332172856113973e-12
sed,slc1_1d,10000000.0,2.0513540826411364e+19,2.3504860044303217e-12
sed,slc1_1d,10000000.0,2.4675608353280238e+19,2.368945347731095e-12
sed,slc1_1d,10000000.0,2.9682133024081723e+19,2.387552072055995e-12
sed,slc1_1d,10000000.0,3.5704449845597057e+19,2.406307373214438e-12
sed,slc1_1d,10000000.0,4.294865661246373e+19,2.4359445429468987e-12
sed,slc1_1d,10000000.0,5.166266705668838e+19,2.4698410276330836e-12
sed,slc1_1d,10000000.0,6.214469503653066e+19,2.5042516674367832e-12
sed,slc1_1d,10000000.0,7.475346011358218e+19,2.5391847659320015e-12
sed,slc1_1d,10000000.0,8.992046377680455e+19,2.5792982460065916e-12
sed,slc1_1d,10000000.0,1.0816475643468497e+20,2.631816528434654e-12
sed,slc1_1d,10000000.0,1.3011070053658575e+20,2.685783436302331e-12
sed,slc1_1d,10000000.0,1.5650933771892366e+20,2.7412428765339852e-12
sed,slc1_1d,10000000.0,1.8826409120999486e+20,2.7982401172007673e-12
sed,slc1_1d,10000000.0,2.2646168308997633e+20,2.873254426622763e-12
sed,slc1_1d,10000000.0,2.7240932446719387e+20,2.9548566416228122e-12
sed,slc1_1d,10000000.0,3.2767945130563266e+20,3.040355858408903e-12
sed,slc1_1d,10000000.0,3.9416353686854605e+20,3.12993894240061e-12
sed,slc1_1d,10000000.0,4.741368223661015e+20,3.2352330702077355e-12
sed,slc1_1d,10000000.0,5.70336181041518e+20,3.3642779518099927e-12
sed,slc1_1d,10000000.0,6.860537803871738e+20,3.500975713614926e-12
sed,slc1_1d,10000000.0,8.25249747831211e+20,3.645792422359581e-12
sed,slc1_1d,10000000.0,9.926876955785307e+20,3.799222568730941e-12
sed,slc1_1d,10000000.0,1.1940977425836865e+21,3.9521086683333046e-12
sed,slc1_1d,10000000.0,1.4363726126498128e+21,4.115010004299931e-12
sed,slc1_1d,10000000.0,1.7278035195899148e+21,4.289109032407639e-12
sed,slc1_1d,10000000.0,2.0783639119935753e+21,4.475104941715098e-12
sed,slc1_1d,10000000.0,2.500050788009991e+21,4.672474674624698e-12
sed,slc1_1d,10000000.0,3.007295260739063e+21,4.8807893190405485e-12
sed,slc1_1d,10000000.0,3.617456424740264e+21,5.10161300177973e-12
sed,slc1_1d,10000000.0,4.351415424928593e+21,5.335690061268571e-12
sed,slc1_1d,10000000.0,5.234290058287535e+21,5.580186736561754e-12
sed,slc1_1d,10000000.0,6.296294363744258e+21,5.777385647457523e-12
sed,slc1_1d,10000000.0,7.573772617386789e+21,5.987107954275884e-12
sed,slc1_1d,10000000.0,9.11044311876265e+21,6.209930107571492e-12
sed,slc1_1d,10000000.0,1.0958894333541128e+22,6.446459890788221e-12
sed,slc1_1d,10000000.0,1.3182384594047174e+22,6.654766774192008e-12
sed,slc1_1d,10000000.0,1.5857006947636297e+22,6.844157136449834e-12
sed,slc1_1d,10000000.0,1.9074293239095126e+22,7.040596011254776e-12
sed,slc1_1d,10000000.0,2.2944346544870544e+22,7.244327081515473e-12
sed,slc1_1d,10000000.0,2.759960915836728e+22,7.419944248419796e-12
sed,slc1_1d,10000000.0,3.3199395075600096e+22,7.416022050900604e-12
sed,slc1_1d,10000000.0,3.993534209348141e+22,7.414058586754317e-12
sed,slc1_1d,10000000.0,4.803797010432569e+22,7.413980420854489e-12
sed,slc1_1d,10000000.0,5.778457002677744e+22,7.41571731407344e-12
sed,slc1_1d,10000000.0,6.950869335086453e+22,7.217179366084583e-12
sed,slc1_1d,10000000.0,8.361156705164745e+22,6.947814122325976e-12
sed,slc1_1d,10000000.0,1.0057582451656214e+23,6.688913293491541e-12
sed,slc1_1d,10000000.0,1.209820223909676e+23,6.440063436127335e-12
sed,slc1_1d,10000000.0,1.4552850858705558e+23,6.107163336888899e-12
sed,slc1_1d,10000000.0,1.7505532138594733e+23,5.556993224514547e-12
sed,slc1_1d,10000000.0,2.105729375162634e+23,5.057721108165399e-12
sed,slc1_1d,10000000.0,2.532968530357836e+23,4.604567520677174e-12
sed,slc1_1d,10000000.0,3.046891804549984e+23,4.193205448677563e-12
sed,slc1_1d,10000000.0,3.665086856536018e+23,3.67076987907047e-12
sed,slc1_1d,10000000.0,4.408709769704786e+23,3.192125130769184e-12
sed,slc1_1d,10000000.0,5.3032090627889366e+23,2.782426053967838e-12
sed,slc1_1d,10000000.0,6.379196597813281e+23,2.4315007295429457e-12
sed,slc1_1d,10000000.0,7.67349518975057e+23,2.0799058559636663e-12
sed,slc1_1d,10000000.0,9.230398769542383e+23,1.716796225068313e-12
sed,slc1_1d,10000000.0,1.1103188226216768e+24,1.425357354599386e-12
sed,slc1_1d,10000000.0,1.3355954803771882e+24,1.1908258109480966e-12
sed,slc1_1d,10000000.0,1.6065793453739944e+24,1.0015199479427575e-12
sed,slc1_1d,10000000.0,1.9325441205097672e+24,8.031409940664528e-13
sed,slc1_1d,10000000.0,2.3246450842721588e+24,6.533817092969622e-13
sed,slc1_1d,10000000.0,2.7963008505106185e+24,5.418733951839174e-13
sed,slc1_1d,10000000.0,3.3636525848480433e+24,4.578691201239787e-13
sed,slc1_1d,10000000.0,4.0461163931945993e+24,3.863300608042992e-13
sed,slc1_1d,10000000.0,4.867047786392459e+24,3.278492463440936e-13
sed,slc1_1d,10000000.0,5.854540960529565e+24,2.85240387992396e-13
sed,slc1_1d,10000000.0,7.042390246166839e+24,2.530269586180985e-13
sed,slc1_1d,10000000.0,8.4712466295257e+24,2.2766217922532814e-13
sed,slc1_1d,10000000.0,1.0190008924499732e+25,2.0626688821884288e-13
sed,slc1_1d,10000000.0,1.2257497204658623e+25,1.89487681298715e-13
sed,slc1_1d,10000000.0,1.474446576400706e+25,1.7548944177909512e-13
sed,slc1_1d,10000000.0,1.7736024494735567e+25,1.6328433837691794e-13
sed,slc1_1d,10000000.0,2.1334551547181226e+25,1.5506049993068953e-13
sed,slc1_1d,10000000.0,2.566319695005151e+25,1.4945865190529236e-13
sed,slc1_1d,10000000.0,3.0870097093001393e+25,1.4423490458490818e-13
sed,slc1_1d,10000000.0,3.7133444301039363e+25,1.3926745992866077e-13
sed,slc1_1d,10000000.0,4.4667584993472284e+25,1.3458389311735947e-13
sed,slc1_1d,10000000.0,5.373035512068676e+25,1.3056457706809756e-13
sed,slc1_1d,10000000.0,6.4631903914594545e+25,1.266726662277508e-13
sed,slc1_1d,10000000.0,7.77453079221715e+25,1.228991256061171e-13
sed,slc1_1d,10000000.0,9.351933855917773e+25,1.1923875322410235e-13
sed,slc1_1d,10000000.0,1.124938201196837e+26,1.1973470576075392e-13
sed,slc1_1d,10000000.0,1.3531810382845927e+26,1.220853049597422e-13
sed,slc1_1d,10000000.0,1.6277329016161534e+26,1.244820820012483e-13
sed,slc1_1d,10000000.0,1.9579895993535867e+26,1.2692592144000982e-13
sed,slc1_1d,10000000.0,2.355253289633944e+26,1.2868304950480778e-13
sed,slc1_1d,10000000.0,2.8331192669066454e+26,1.2819771638369513e-13
sed,slc1_1d,10000000.0,3.407941224769592e+26,1.2771422083333233e-13
sed,slc1_1d,10000000.0,4.0993909176879945e+26,1.272325558292138e-13
sed,slc1_1d,10000000.0,4.931131374532179e+26,1.2675271440885251e-13
sed,slc1_1d,10000000.0,5.93162670287843e+26,1.261979098687173e-13
sed,slc1_1d,10000000.0,7.135116197474798e+26,1.2562616800535034e-13
sed,slc1_1d,10000000.0,8.582786089145135e+26,1.250570417557183e-13
sed,slc1_1d,10000000.0,1.0324179034126238e+27,1.2449051904062603e-13
sed,slc1_1d,10000000.0,1.2418889579864547e+27,1.2095381273182152e-13
sed,slc1_1d,10000000.0,1.493860363008731e+27,1.1236153498609373e-13
sed,slc1_1d,10000000.0,1.796955170441977e+27,1.0437968216053396e-13
sed,slc1_1d,10000000.0,2.161545994884469e+27,9.696488405863192e-14
sed,slc1_1d,10000000.0,2.600109988749392e+27,9.007685215076711e-14
sed,slc1_1d,10000000.0,3.12765583966015e+27,7.767514357626023e-14
sed,slc1_1d,10000000.0,3.762237402912806e+27,6.645433207064607e-14
sed,slc1_1d,10000000.0,4.5255715467128334e+27,5.685448371655149e-14
sed,slc1_1d,10000000.0,5.443781354297298e+27,4.864142989723898e-14
sed,slc1_1d,10000000.0,6.548290117061673e+27,4.0019379017643714e-14
sed,slc1_1d,10000000.0,7.876896713230017e+27,3.143205301523832e-14
sed,slc1_1d,10000000.0,9.475069174048018e+27,2.468738904587394e-14
sed,slc1_1d,10000000.0,1.1397500706363858e+28,1.9389989939370598e-14
sed,slc1_1d,10000000.0,1.3709981422337991e+28,1.5215699565042277e-14
sed,slc1_1d,10000000.0,1.6491649831256495e+28,1.093947765549408e-14
sed,slc1_1d,10000000.0,1.9837701144776913e+28,7.86504581856949e-15
sed,slc1_1d,10000000.0,2.38626450801555e+28,5.654652731830742e-15
sed,slc1_1d,10000000.0,2.8704224651120867e+28,4.065468786941348e-15
sed,slc1_1d,10000000.0,3.452813005659635e+28,2.7129237367489536e-15
sed,slc1_1d,10000000.0,4.153366898759547e+28,1.7086062620636586e-15
sed,slc1_1d,10000000.0,4.996058740347587e+28,1.0760846458123874e-15
sed,slc1_1d,10000000.0,6.009727420050007e+28,6.777209458802516e-16
sed,slc1_1d,10000000.0,7.2290630555693745e+28,4.1041787960974514e-16
sed,slc1_1d,10000000.0,8.69579416980658e+28,1.843810283853677e-16
sed,slc1_1d,10000000.0,1.0460115738703708e+29,8.283359499374205e-17
sed,slc1_1d,10000000.0,1.2582406980949714e+29,3.721320746942621e-17
sed,slc1_1d,10000000.0,1.513529767634035e+29,1.6718142198638043e-17
sed,slc1_1d,10000000.0,1.820615372704636e+29,5.9990806285596235e-18
sed,slc1_1d,10000000.0,2.1900067023524398e+29,1.9262298664124826e-18
sed,slc1_1d,10000000.0,2.6343451935285067e+29,6.18489283290184e-19
sed,slc1_1d,10000000.0,3.1688371506864813e+29,1.9858978177671625e-19
sed,slc1_1d,10000000.0,3.811774141156066e+29,4.481521853691247e-20
sed,slc1_1d,10000000.0,4.585158975442635e+29,2.939730997630457e-21
sed,slc1_1d,10000000.0,5.5154586949650035e+29,1.9283766223559493e-22
sed,slc1_1d,10000000.0,6.634510336237281e+29,1.2649644390927495e-23
sed,slc1_1d,10000000.0,7.98061046886659e+29,8.297876522585044e-25
sed,slc1_1d,10000000.0,9.599825793911563e+29,4.283885563879702e-25
sed,slc1_1d,10000000.0,1.1547569654347151e+30,3.7497047925012434e-25
sed,slc1_1d,10000000.0,1.3890498409520274e+30,2.822410481119279e-25
sed,slc1_1d,10000000.0,1.670879257197189e+30,1.3644721344495765e-25
sed,slc1_1d,10000000.0,2.0098900772476115e+30,0.0
sed,slc1_1d,10000000.0,2.417684045820695e+30,0.0
lightcurve,slc1_1d,100.0,100000000000000.0,2.7197576522107207e-21
lightcurve,slc1_1d,300.0,100000000000000.0,2.965592207942705e-21
lightcurve,slc1_1d,1000.0,100000000000000.0,2.888372137481218e-21
lightcurve,slc1_1d,10000.0,100000000000000.0,2.34975836659428e-21
lightcurve,slc1_1d,100000.0,100000000000000.0,7.757342782302737e-22
lightcurve,slc1_1d,1000000.0,100000000000000.0,7.669272054301144e-24
lightcurve,slc1_1d,10000000.0,100000000000000.0,8.707080604447472e-26
sed,charint_1d,1000.0,100000000.0,2.6554891206452362e-20
sed,charint_1d,1000.0,120289366.72653936,4.621578109168239e-20
sed,charint_1d,1000.0,144695317.47471872,8.043297614605925e-20
sed,charint_1d,1000.0,174053081.0732948,1.3997560769053436e-19
sed,charint_1d,1000.0,209367348.99109644,2.4358210762990437e-19
sed,charint_1d,1000.0,251846658.23353347,4.2385655536545365e-19
sed,charint_1d,1000.0,302944750.3110693,7.375337342913519e-19
sed,charint_1d,1000.0,364410321.68048114,1.2833158889468415e-18
sed,charint_1d,1000.0,438346868.2355957,2.232900682224671e-18
sed,charint_1d,1000.0,527284671.86621594,3.885024079018207e-18
sed,charint_1d,1000.0,634267392.6339822,6.759274591295283e-18
sed,charint_1d,1000.0,762956229.95235,1.1759179341510544e-17
sed,charint_1d,1000.0,917755217.4103613,2.0454863887495215e-17
sed,charint_1d,1000.0,1103961939.122698,3.557913215099462e-17
sed,charint_1d,1000.0,1327948825.4727173,6.188452655761357e-17
sed,charint_1d,1000.0,1597381232.613649,1.0763646643970018e-16
sed,charint_1d,1000.0,1921479768.9195468,1.8719409835652557e-16
sed,charint_1d,1000.0,2311335845.8118944,3.255163837950996e-16
sed,charint_1d,1000.0,2780291251.8506303,5.659961109433735e-16
sed,charint_1d,1000.0,3344394740.004496,9.84047623212773e-16
sed,charint_1d,1000.0,4022951253.587101,1.7106551491557391e-15
sed,charint_1d,1000.0,4839182586.6573,2.9728617987254288e-15
sed,charint_1d,1000.0,5821022088.231032,5.166019870459967e-15
sed,charint_1d,1000.0,7002070606.945086,8.976477958226996e-15
sed,charint_1d,1000.0,8422746390.839395,1.559589469345082e-14
sed,charint_1d,1000.0,10131668294.523115,2.7085007094230373e-14
sed,charint_1d,1000.0,12187319630.315475,4.7023002463025354e-14
sed,charint_1d,1000.0,14660049604.245642,8.162072400074936e-14
sed,charint_1d,1000.0,17634480830.743694,1.416356843025242e-13
sed,charint_1d,1000.0,21212405316.81448,2.456537030447289e-13
sed,charint_1d,1000.0,25516268023.063004,4.2559822205915134e-13
sed,charint_1d,1000.0,30693357217.188824,7.370376471258267e-13
sed,charint_1d,1000.0,36920845023.67115,1.2754110038649015e-12
sed,charint_1d,1000.0,44411850669.06087,2.2048793587833097e-12
sed,charint_1d,1000.0,53422733921.34986,3.802984718684027e-12
sed,charint_1d,1000.0,64261868321.99561,6.546706959247959e-12
sed,charint_1d,1000.0,77300194451.17143,1.1248644349820186e-11
sed,charint_1d,1000.0,92983914383.69725,1.925700516335913e-11
sed,charint_1d,1000.0,111849761769.69742,3.23925407281426e-11
sed,charint_1d,1000.0,134543370117.91139,5.290162508860983e-11
sed,charint_1d,1000.0,161841367887.38028,8.6126036843026e-11
sed,charint_1d,1000.0,194677956533.29776,1.3939692566046955e-10
sed,charint_1d,1000.0,234176881070.0714,2.2234968935086477e-10
sed,charint_1d,1000.0,281689887259.1501,3.1954784341288185e-10
sed,charint_1d,1000.0,338842981516.7343,4.505502304271806e-10
sed,charint_1d,1000.0,407592076663.8045,6.339034813204551e-10
sed,charint_1d,1000.0,490289927846.4412,8.870838861604105e-10
sed,charint_1d,1000.0,589766649330.4908,1.195715165285887e-09
sed,charint_1d,1000.0,709426567643.9775,1.5453785418744051e-09
sed,charint_1d,1000.0,853364725608.7649,1.9960489853507977e-09
sed,charint_1d,1000.0,1026507024302.4535,2.5745797736448076e-09
sed,charint_1d,1000.0,1234778798936.8647,3.305983738193995e-09
sed,charint_1d,1000.0,1485307597714.7231,4.127549107142544e-09
sed,charint_1d,1000.0,1786667103232.2153,5.142460991883477e-09
sed,charint_1d,1000.0,2149170543989.437,6.4032517426821485e-09
sed,charint_1d,1000.0,2585223637238.2144,7.96169212531436e-09
sed,charint_1d,1000.0,3109749141698.6553,9.803439959472655e-09
sed,charint_1d,1000.0,3740697549333.305,1.1983830611805704e-08
sed,charint_1d,1000.0,4499661393248.21,1.4644124564036753e-08
sed,charint_1d,1000.0,5412614194776.85,1.788329895981506e-08
sed,charint_1d,1000.0,6510799338247.85,2.1793844220218858e-08
sed,charint_1d,1000.0,7831799292814.053,2.6341052476040286e-08
sed,charint_1d,1000.0,9420821772619.611,3.183223814565544e-08
sed,charint_1d,1000.0,11332246850720.07,3.8459389941269004e-08
sed,charint_1d,1000.0,13631487972619.373,4.644143512445409e-08
sed,charint_1d,1000.0,16397230557668.22,5.575287140911408e-08
sed,charint_1d,1000.0,19724124798509.7,6.670874160490038e-08
sed,charint_1d,1000.0,23726024812479.625,7.980643247589977e-08
sed,charint_1d,1000.0,28539884996313.336,9.543637448192725e-08
sed,charint_1d,1000.0,34330446926547.934,1.1374057093466483e-07
sed,charint_1d,1000.0,41295877202335.2,1.3424229139754492e-07
sed,charint_1d,1000.0,49674549170858.35,1.5841543508868382e-07
sed,charint_1d,1000.0,59753200621888.914,1.8686837742510987e-07
sed,charint_1d,1000.0,71876746626908.75,2.2020479131105497e-07
sed,charint_1d,1000.0,86460083341147.77,2.5834139536825975e-07
sed,charint_1d,1000.0,104002286722304.8,3.0269703496680507e-07
sed,charint_1d,1000.0,125103692079380.17,3.546299386812763e-07
sed,charint_1d,1000.0,150486438953806.2,4.1536482837458685e-07
sed,charint_1d,1000.0,181019184426853.7,4.853798639757384e-07
sed,charint_1d,1000.0,217746830600608.62,5.644519986552799e-07
sed,charint_1d,1000.0,261926283596582.53,6.563107800225473e-07
sed,charint_1d,1000.0,315069467828688.6,7.628091660903249e-07
sed,charint_1d,1000.0,378995067599805.7,8.853370630099055e-07
sed,charint_1d,1000.0,455890766740627.8,1.0183702797268107e-06
sed,charint_1d,1000.0,548388116277063.7,1.16925633760468e-06
sed,charint_1d,1000.0,659652592273280.9,1.342156981349999e-06
sed,charint_1d,1000.0,793491925840727.0,1.5396808673578862e-06
sed,charint_1d,1000.0,954486412620035.6,1.7620552441010609e-06
sed,charint_1d,1000.0,1148145661231499.5,2.011393579427311e-06
sed,charint_1d,1000.0,1381097144993614.5,2.2959881354560654e-06
sed,charint_1d,1000.0,1661313009591127.0,2.620622824832494e-06
sed,charint_1d,1000.0,1998382898582786.8,2.9896881926985844e-06
sed,charint_1d,1000.0,2403842133476685.5,3.370481055257809e-06
sed,charint_1d,1000.0,2891566479464849.5,3.794666481724967e-06
sed,charint_1d,1000.0,3478247006625142.0,4.270684847652683e-06
sed,charint_1d,1000.0,4183961297454212.0,4.802464237322293e-06
sed,charint_1d,1000.0,5032860548791150.0,5.3741149322597675e-06
sed,charint_1d,1000.0,6053996082370733.0,5.992046475515539e-06
sed,charint_1d,1000.0,7282313549133226.0,6.680126411927504e-06
sed,charint_1d,1000.0,8759848851293366.0,7.445568149741441e-06
sed,charint_1d,1000.0,1.053716670942278e+16,8.295282998177924e-06
sed,charint_1d,1000.0,1.2675091105684438e+16,9.234972088108214e-06
sed,charint_1d,1000.0,1.5246786823039662e+16,1.0281923782950646e-05
sed,charint_1d,1000.0,1.8340263315579784e+16,1.1448278758537015e-05
sed,charint_1d,1000.0,2.206138659829082e+16,1.2744266913434746e-05
sed,charint_1d,1000.0,2.653750223017776e+16,1.402449520987957e-05
sed,charint_1d,1000.0,3.1921793377721956e+16,1.530419709679253e-05
sed,charint_1d,1000.0,3.839852310181596e+16,1.6695811178912007e-05
sed,charint_1d,1000.0,4.618934027151852e+16,1.820804855261135e-05
sed,charint_1d,1000.0,5.556086490777627e+16,1.982843853864217e-05
sed,charint_1d,1000.0,6.683381254535184e+16,2.1545236786813994e-05
sed,charint_1d,1000.0,8.039396987000581e+16,2.341206993307615e-05
sed,charint_1d,1000.0,9.670539724295523e+16,2.5442948704223383e-05
sed,charint_1d,1000.0,1.1632630993393557e+17,2.7646774640876478e-05
sed,charint_1d,1000.0,1.3992818155588197e+17,2.978220246851308e-05
sed,charint_1d,1000.0,1.6831872346553197e+17,3.196740813742411e-05
sed,charint_1d,1000.0,2.0246952653888422e+17,3.431671555452728e-05
sed,charint_1d,1000.0,2.4354931128784736e+17,3.682825192309042e-05
sed,charint_1d,1000.0,2.929639242149984e+17,3.909133357893968e-05
sed,charint_1d,1000.0,3.5240444917543885e+17,4.0212312603148744e-05
sed,charint_1d,1000.0,4.2390508022928634e+17,4.139727957507443e-05
sed,charint_1d,1000.0,5.099127365294392e+17,4.2633327610985e-05
sed,charint_1d,1000.0,6.13370801629227e+17,4.385072335178447e-05
sed,charint_1d,1000.0,7.378198529652922e+17,4.470899909085739e-05
sed,charint_1d,1000.0,8.875188287146373e+17,4.5549230009355495e-05
sed,charint_1d,1000.0,1.0675907786396411e+18,4.64315465449019e-05
sed,charint_1d,1000.0,1.2841981868565496e+18,4.7248124066460514e-05
sed,charint_1d,1000.0,1.5447538664834376e+18,4.749099517206196e-05
sed,charint_1d,1000.0,1.858174643476666e+18,4.7192586685525504e-05
sed,charint_1d,1000.0,2.2351865113112212e+18,4.685170954669053e-05
sed,charint_1d,1000.0,2.688691699613285e+18,4.632957121884618e-05
sed,charint_1d,1000.0,3.234210218693835e+18,4.527832385805753e-05
sed,charint_1d,1000.0,3.890410990671853e+18,4.27680520851983e-05
sed,charint_1d,1000.0,4.679750743738878e+18,4.020664056010432e-05
sed,charint_1d,1000.0,5.629242534023988e+18,3.766000733207967e-05
sed,charint_1d,1000.0,6.771380195678424e+18,3.508478159374063e-05
sed,charint_1d,1000.0,8.145250356027911e+18,3.278775436282787e-05
sed,charint_1d,1000.0,9.797870071557206e+18,3.090457619969679e-05
sed,charint_1d,1000.0,1.1785795861765243e+19,2.916336146730618e-05
sed,charint_1d,1000.0,1.4177059205800034e+19,2.759140449601534e-05
sed,charint_1d,1000.0,1.7053494739103482e+19,2.6215003405945067e-05
sed,charint_1d,1000.0,2.0513540826411364e+19,2.4606380819900633e-05
sed,charint_1d,1000.0,2.4675608353280238e+19,2.3078958137917854e-05
sed,charint_1d,1000.0,2.9682133024081723e+19,2.1609105672566406e-05
sed,charint_1d,1000.0,3.5704449845597057e+19,2.010738283371452e-05
sed,charint_1d,1000.0,4.294865661246373e+19,1.823820819401009e-05
sed,charint_1d,1000.0,5.166266705668838e+19,1.6350810441262475e-05
sed,charint_1d,1000.0,6.214469503653066e+19,1.4643632971796996e-05
sed,charint_1d,1000.0,7.475346011358218e+19,1.3108825145589728e-05
sed,charint_1d,1000.0,8.992046377680455e+19,1.1824012814385357e-05
sed,charint_1d,1000.0,1.0816475643468497e+20,1.0955189822272246e-05
sed,charint_1d,1000.0,1.3011070053658575e+20,1.0165689402218172e-05
sed,charint_1d,1000.0,1.5650933771892366e+20,9.460871211587475e-06
sed,charint_1d,1000.0,1.8826409120999486e+20,8.837868275284283e-06
sed,charint_1d,1000.0,2.2646168308997633e+20,8.164119644577862e-06
sed,charint_1d,1000.0,2.7240932446719387e+20,7.4932071700475245e-06
sed,charint_1d,1000.0,3.2767945130563266e+20,6.8755766981241e-06
sed,charint_1d,1000.0,3.9416353686854605e+20,6.29895596621582e-06
sed,charint_1d,1000.0,4.741368223661015e+20,5.771657695330513e-06
sed,charint_1d,1000.0,5.70336181041518e+20,5.349502257962865e-06
sed,charint_1d,1000.0,6.860537803871738e+20,4.9653072521669665e-06
sed,charint_1d,1000.0,8.25249747831211e+20,4.6255804203358155e-06
sed,charint_1d,1000.0,9.926876955785307e+20,4.3529557059927804e-06
sed,charint_1d,1000.0,1.1940977425836865e+21,4.211810762106818e-06
sed,charint_1d,1000.0,1.4363726126498128e+21,4.099067775254937e-06
sed,charint_1d,1000.0,1.7278035195899148e+21,3.9924557232268124e-06
sed,charint_1d,1000.0,2.0783639119935753e+21,3.886629360161656e-06
sed,charint_1d,1000.0,2.500050788009991e+21,3.7544209044102532e-06
sed,charint_1d,1000.0,3.007295260739063e+21,3.5999225601611045e-06
sed,charint_1d,1000.0,3.617456424740264e+21,3.45296169534189e-06
sed,charint_1d,1000.0,4.351415424928593e+21,3.3140077342676296e-06
sed,charint_1d,1000.0,5.234290058287535e+21,3.1908504696940643e-06
sed,charint_1d,1000.0,6.296294363744258e+21,3.1365442237070226e-06
sed,charint_1d,1000.0,7.573772617386789e+21,3.0973184638881273e-06
sed,charint_1d,1000.0,9.11044311876265e+21,3.0672377292863924e-06
sed,charint_1d,1000.0,1.0958894333541128e+22,3.0485349149120782e-06
sed,charint_1d,1000.0,1.3182384594047174e+22,3.0283259122419552e-06
sed,charint_1d,1000.0,1.5857006947636297e+22,2.997563019574463e-06
sed,charint_1d,1000.0,1.9074293239095126e+22,2.9675923042655484e-06
sed,charint_1d,1000.0,2.2944346544870544e+22,2.9337096120388827e-06
sed,charint_1d,1000.0,2.759960915836728e+22,2.883335795982e-06
sed,charint_1d,1000.0,3.3199395075600096e+22,2.8062094816615436e-06
sed,charint_1d,1000.0,3.993534209348141e+22,2.7408188644973302e-06
sed,charint_1d,1000.0,4.803797010432569e+22,2.688339776948366e-06
sed,charint_1d,1000.0,5.778457002677744e+22,2.649756289997109e-06
sed,charint_1d,1000.0,6.950869335086453e+22,2.62694588665969e-06
sed,charint_1d,1000.0,8.361156705164745e+22,2.623017376422563e-06
sed,charint_1d,1000.0,1.0057582451656214e+23,2.6409351452079596e-06
sed,charint_1d,1000.0,1.209820223909676e+23,2.6819160206702747e-06
sed,charint_1d,1000.0,1.4552850858705558e+23,2.7430925067582107e-06
sed,charint_1d,1000.0,1.7505532138594733e+23,2.767902656100517e-06
sed,charint_1d,1000.0,2.105729375162634e+23,2.8100109771848396e-06
sed,charint_1d,1000.0,2.532968530357836e+23,2.871726811382699e-06
sed,charint_1d,1000.0,3.046891804549984e+23,2.9579185536005285e-06
sed,charint_1d,1000.0,3.665086856536018e+23,3.1190847193651983e-06
sed,charint_1d,1000.0,4.408709769704786e+23,3.3287945039482007e-06
sed,charint_1d,1000.0,5.3032090627889366e+23,3.562435595089146e-06
sed,charint_1d,1000.0,6.379196597813281e+23,3.82017690741196e-06
sed,charint_1d,1000.0,7.67349518975057e+23,4.067958975353435e-06
sed,charint_1d,1000.0,9.230398769542383e+23,4.211030449710459e-06
sed,charint_1d,1000.0,1.1103188226216768e+24,4.363449677958579e-06
sed,charint_1d,1000.0,1.3355954803771882e+24,4.522137414418349e-06
sed,charint_1d,1000.0,1.6065793453739944e+24,4.679193479159142e-06
sed,charint_1d,1000.0,1.9325441205097672e+24,4.874990961409974e-06
sed,charint_1d,1000.0,2.3246450842721588e+24,5.120694263230972e-06
sed,charint_1d,1000.0,2.7963008505106185e+24,5.404386496370786e-06
sed,charint_1d,1000.0,3.3636525848480433e+24,5.7203054343325715e-06
sed,charint_1d,1000.0,4.0461163931945993e+24,5.95659098620732e-06
sed,charint_1d,1000.0,4.867047786392459e+24,5.981043694603107e-06
sed,charint_1d,1000.0,5.854540960529565e+24,6.022696398342345e-06
sed,charint_1d,1000.0,7.042390246166839e+24,6.076555995345639e-06
sed,charint_1d,1000.0,8.4712466295257e+24,6.134756956367777e-06
sed,charint_1d,1000.0,1.0190008924499732e+25,6.298253707104658e-06
sed,charint_1d,1000.0,1.2257497204658623e+25,6.497697863226294e-06
sed,charint_1d,1000.0,1.474446576400706e+25,6.711002964528151e-06
sed,charint_1d,1000.0,1.7736024494735567e+25,6.929768371078612e-06
sed,charint_1d,1000.0,2.1334551547181226e+25,6.933383489040543e-06
sed,charint_1d,1000.0,2.566319695005151e+25,6.651549509555893e-06
sed,charint_1d,1000.0,3.0870097093001393e+25,6.382795792917561e-06
sed,charint_1d,1000.0,3.7133444301039363e+25,6.116568064384416e-06
sed,charint_1d,1000.0,4.4667584993472284e+25,5.80967716949242e-06
sed,charint_1d,1000.0,5.373035512068676e+25,5.112808795178211e-06
sed,charint_1d,1000.0,6.4631903914594545e+25,4.477297498792739e-06
sed,charint_1d,1000.0,7.77453079221715e+25,3.910591397654915e-06
sed,charint_1d,1000.0,9.351933855917773e+25,3.386560332342477e-06
sed,charint_1d,1000.0,1.124938201196837e+26,2.7971813694482614e-06
sed,charint_1d,1000.0,1.3531810382845927e+26,2.2458631893583044e-06
sed,charint_1d,1000.0,1.6277329016161534e+26,1.803888785674661e-06
sed,charint_1d,1000.0,1.9579895993535867e+26,1.449992572752506e-06
sed,charint_1d,1000.0,2.355253289633944e+26,1.1653562779522664e-06
sed,charint_1d,1000.0,2.8331192669066454e+26,9.076508874357452e-07
sed,charint_1d,1000.0,3.407941224769592e+26,7.067758091038398e-07
sed,charint_1d,1000.0,4.0993909176879945e+26,5.497429252384513e-07
sed,charint_1d,1000.0,4.931131374532179e+26,4.2580548461158437e-07
sed,charint_1d,1000.0,5.93162670287843e+26,3.2171005933888464e-07
sed,charint_1d,1000.0,7.135116197474798e+26,2.405273947207716e-07
sed,charint_1d,1000.0,8.582786089145135e+26,1.7988866746596928e-07
sed,charint_1d,1000.0,1.0324179034126238e+27,1.346290653656197e-07
sed,charint_1d,1000.0,1.2418889579864547e+27,9.994514078536015e-08
sed,charint_1d,1000.0,1.493860363008731e+27,7.114421489276504e-08
sed,charint_1d,1000.0,1.796955170441977e+27,5.0686709329487597e-08
sed,charint_1d,1000.0,2.161545994884469e+27,3.6148090925824365e-08
sed,charint_1d,1000.0,2.600109988749392e+27,2.583337424012422e-08
sed,charint_1d,1000.0,3.12765583966015e+27,1.903594198577142e-08
sed,charint_1d,1000.0,3.762237402912806e+27,1.4189082247041341e-08
sed,charint_1d,1000.0,4.5255715467128334e+27,1.0593685560549973e-08
sed,charint_1d,1000.0,5.443781354297298e+27,7.952962642750557e-09
sed,charint_1d,1000.0,6.548290117061673e+27,6.188496909881721e-09
sed,charint_1d,1000.0,7.876896713230017e+27,5.09840103680422e-09
sed,charint_1d,1000.0,9.475069174048018e+27,4.18737891949906e-09
sed,charint_1d,1000.0,1.1397500706363858e+28,3.411931748341006e-09
sed,charint_1d,1000.0,1.3709981422337991e+28,2.7174923291079094e-09
sed,charint_1d,1000.0,1.6491649831256495e+28,1.970383738437931e-09
sed,charint_1d,1000.0,1.9837701144776913e+28,1.4103549892616657e-09
sed,charint_1d,1000.0,2.38626450801555e+28,1.013870202678879e-09
sed,charint_1d,1000.0,2.8704224651120867e+28,7.369389004812089e-10
sed,charint_1d,1000.0,3.452813005659635e+28,5.433177089051867e-10
sed,charint_1d,1000.0,4.153366898759547e+28,3.977826013360483e-10
sed,charint_1d,1000.0,4.996058740347587e+28,2.905226047812554e-10
sed,charint_1d,1000.0,6.009727420050007e+28,2.0977716572798404e-10
sed,charint_1d,1000.0,7.2290630555693745e+28,1.4576593615370208e-10
sed,charint_1d,1000.0,8.69579416980658e+28,9.463338471066642e-11
sed,charint_1d,1000.0,1.0460115738703708e+29,6.142776878692026e-11
sed,charint_1d,1000.0,1.2582406980949714e+29,3.9956266696600756e-11
sed,charint_1d,1000.0,1.513529767634035e+29,2.5979421175718826e-11
sed,charint_1d,1000.0,1.820615372704636e+29,1.672860952531127e-11
sed,charint_1d,1000.0,2.1900067023524398e+29,1.0766970013802367e-11
sed,charint_1d,1000.0,2.6343451935285067e+29,6.959611990139044e-12
sed,charint_1d,1000.0,3.1688371506864813e+29,4.5005425984159746e-12
sed,charint_1d,1000.0,3.811774141156066e+29,2.665918952717915e-12
sed,charint_1d,1000.0,4.585158975442635e+29,4.4289410685612037e-13
sed,charint_1d,1000.0,5.5154586949650035e+29,7.276096530317094e-14
sed,charint_1d,1000.0,6.634510336237281e+29,1.1961228169633708e-14
sed,charint_1d,1000.0,7.98061046886659e+29,1.9775056768814692e-15
sed,charint_1d,1000.0,9.599825793911563e+29,5.232725438948756e-16
sed,charint_1d,1000.0,1.1547569654347151e+30,1.900352085819389e-16
sed,charint_1d,1000.0,1.3890498409520274e+30,6.951441564007851e-17
sed,charint_1d,1000.0,1.670879257197189e+30,2.5651108737497586e-17
sed,charint_1d,1000.0,2.0098900772476115e+30,9.412824307842835e-18
sed,charint_1d,1000.0,2.417684045820695e+30,6.319710445783394e-18
sed,charint_1d,100000.0,100000000.0,1.09568037898674e-18
sed,charint_1d,100000.0,120289366.72653936,1.905865628025101e-18
sed,charint_1d,100000.0,144695317.47471872,3.314662995682195e-18
sed,charint_1d,100000.0,174053081.0732948,5.763213325786668e-18
sed,charint_1d,100000.0,209367348.99109644,1.0020514293971764e-17
sed,charint_1d,100000.0,251846658.23353347,1.7422694824902837e-17
sed,charint_1d,100000.0,302944750.3110693,3.029288429816872e-17
sed,charint_1d,100000.0,364410321.68048114,5.2648733421763405e-17
sed,charint_1d,100000.0,438346868.2355957,9.149790133782865e-17
sed,charint_1d,100000.0,527284671.86621594,1.5901362610189162e-16
sed,charint_1d,100000.0,634267392.6339822,2.763487807167802e-16
sed,charint_1d,100000.0,762956229.95235,4.802902597070259e-16
sed,charint_1d,100000.0,917755217.4103613,8.347671215643952e-16
sed,charint_1d,100000.0,1103961939.122698,1.4508652351306254e-15
sed,charint_1d,100000.0,1327948825.4727173,2.5216743235616958e-15
sed,charint_1d,100000.0,1597381232.613649,4.383091490925804e-15
sed,charint_1d,100000.0,1921479768.9195468,7.636062756136754e-15
sed,charint_1d,100000.0,2311335845.8118944,1.3303915275126056e-14
sed,charint_1d,100000.0,2780291251.8506303,2.3178838142394262e-14
sed,charint_1d,100000.0,3344394740.004496,4.03836960933926e-14
sed,charint_1d,100000.0,4022951253.587101,7.063617080155509e-14
sed,charint_1d,100000.0,4839182586.6573,1.2394327807797278e-13
sed,charint_1d,100000.0,5821022088.231032,2.174847390723303e-13
sed,charint_1d,100000.0,7002070606.945086,3.816318019733058e-13
sed,charint_1d,100000.0,8422746390.839395,6.694638974280791e-13
sed,charint_1d,100000.0,10131668294.523115,1.1723021096238362e-12
sed,charint_1d,100000.0,12187319630.315475,2.052833675032236e-12
sed,charint_1d,100000.0,14660049604.245642,3.5947592230020485e-12
sed,charint_1d,100000.0,17634480830.743694,6.294883125925515e-12
sed,charint_1d,100000.0,21212405316.81448,1.006874368231602e-11
sed,charint_1d,100000.0,25516268023.063004,1.536038634741874e-11
sed,charint_1d,100000.0,30693357217.188824,2.3435573993961474e-11
sed,charint_1d,100000.0,36920845023.67115,3.575985253200829e-11
sed,charint_1d,100000.0,44411850669.06087,5.3001663358333564e-11
sed,charint_1d,100000.0,53422733921.34986,7.01343472814051e-11
sed,charint_1d,100000.0,64261868321.99561,9.280730006652356e-11
sed,charint_1d,100000.0,77300194451.17143,1.228128066223285e-10
sed,charint_1d,100000.0,92983914383.69725,1.625231881752058e-10
sed,charint_1d,100000.0,111849761769.69742,2.0694003053273946e-10
sed,charint_1d,100000.0,134543370117.91139,2.602497175376119e-10
sed,charint_1d,100000.0,161841367887.38028,3.272935232961395e-10
sed,charint_1d,100000.0,194677956533.29776,4.116100253172758e-10
sed,charint_1d,100000.0,234176881070.0714,5.143444916129557e-10
sed,charint_1d,100000.0,281689887259.1501,6.33639274552305e-10
sed,charint_1d,100000.0,338842981516.7343,7.806031050282722e-10
sed,charint_1d,100000.0,407592076663.8045,9.616535790189323e-10
sed,charint_1d,100000.0,490289927846.4412,1.1846968168574471e-09
sed,charint_1d,100000.0,589766649330.4908,1.4415097084831694e-09
sed,charint_1d,100000.0,709426567643.9775,1.750583092068183e-09
sed,charint_1d,100000.0,853364725608.7649,2.125925213117437e-09
sed,charint_1d,100000.0,1026507024302.4535,2.5817449185659267e-09
sed,charint_1d,100000.0,1234778798936.8647,3.118485487667953e-09
sed,charint_1d,100000.0,1485307597714.7231,3.738664686120235e-09
sed,charint_1d,100000.0,1786667103232.2153,4.4821820568997246e-09
sed,charint_1d,100000.0,2149170543989.437,5.373566871986558e-09
sed,charint_1d,100000.0,2585223637238.2144,6.4412142854406584e-09
sed,charint_1d,100000.0,3109749141698.6553,7.620684665387801e-09
sed,charint_1d,100000.0,3740697549333.305,9.011163478266807e-09
sed,charint_1d,100000.0,4499661393248.21,1.0655401591537773e-08
sed,charint_1d,100000.0,5412614194776.85,1.2599718804625867e-08
sed,charint_1d,100000.0,6510799338247.85,1.475512663997005e-08
sed,charint_1d,100000.0,7831799292814.053,1.7127122451207477e-08
sed,charint_1d,100000.0,9420821772619.611,1.9880738237882044e-08
sed,charint_1d,100000.0,11332246850720.07,2.3077420608147663e-08
sed,charint_1d,100000.0,13631487972619.373,2.675525456799884e-08
sed,charint_1d,100000.0,16397230557668.22,3.0540794281368644e-08
sed,charint_1d,100000.0,19724124798509.7,3.486242702590405e-08
sed,charint_1d,100000.0,23726024812479.625,3.979614201262512e-08
sed,charint_1d,100000.0,28539884996313.336,4.542870968964857e-08
sed,charint_1d,100000.0,34330446926547.934,5.128327775792221e-08
sed,charint_1d,100000.0,41295877202335.2,5.751800880087301e-08
sed,charint_1d,100000.0,49674549170858.35,6.45134859552787e-08
sed,charint_1d,100000.0,59753200621888.914,7.236287353753042e-08
sed,charint_1d,100000.0,71876746626908.75,8.055392401232274e-08
sed,charint_1d,100000.0,86460083341147.77,8.665465068239102e-08
sed,charint_1d,100000.0,104002286722304.8,9.323060935238963e-08
sed,charint_1d,100000.0,125103692079380.17,1.0031983471716015e-07
sed,charint_1d,100000.0,150486438953806.2,1.0796348337665474e-07
sed,charint_1d,100000.0,181019184426853.7,1.1259870197179737e-07
sed,charint_1d,100000.0,217746830600608.62,1.1610484434492368e-07
sed,charint_1d,100000.0,261926283596582.53,1.19742324779332e-07
sed,charint_1d,100000.0,315069467828688.6,1.235167064895834e-07
sed,charint_1d,100000.0,378995067599805.7,1.2680066124793452e-07
sed,charint_1d,100000.0,455890766740627.8,1.2856731354046675e-07
sed,charint_1d,100000.0,548388116277063.7,1.3038394831004244e-07
sed,charint_1d,100000.0,659652592273280.9,1.3225207765442337e-07
sed,charint_1d,100000.0,793491925840727.0,1.3417326386156557e-07
sed,charint_1d,100000.0,954486412620035.6,1.3576724802689973e-07
sed,charint_1d,100000.0,1148145661231499.5,1.3730042879505385e-07
sed,charint_1d,100000.0,1381097144993614.5,1.388555312014175e-07
sed,charint_1d,100000.0,1661313009591127.0,1.404329193689166e-07
sed,charint_1d,100000.0,1998382898582786.8,1.408892883892109e-07
sed,charint_1d,100000.0,2403842133476685.5,1.3958541055876926e-07
sed,charint_1d,100000.0,2891566479464849.5,1.382939604722222e-07
sed,charint_1d,100000.0,3478247006625142.0,1.3701482139417342e-07
sed,charint_1d,100000.0,4183961297454212.0,1.3574613006262302e-07
sed,charint_1d,100000.0,5032860548791150.0,1.3337676438622493e-07
sed,charint_1d,100000.0,6053996082370733.0,1.3097925472731314e-07
sed,charint_1d,100000.0,7282313549133226.0,1.2863207293055657e-07
sed,charint_1d,100000.0,8759848851293366.0,1.2633405287018784e-07
sed,charint_1d,100000.0,1.053716670942278e+16,1.2648402750026152e-07
sed,charint_1d,100000.0,1.2675091105684438e+16,1.2914648290399836e-07
sed,charint_1d,100000.0,1.5246786823039662e+16,1.3186796893103523e-07
sed,charint_1d,100000.0,1.8340263315579784e+16,1.346498672039662e-07
sed,charint_1d,100000.0,2.206138659829082e+16,1.3741848495862732e-07
sed,charint_1d,100000.0,2.653750223017776e+16,1.3888990792351685e-07
sed,charint_1d,100000.0,3.1921793377721956e+16,1.4037845359961366e-07
sed,charint_1d,100000.0,3.839852310181596e+16,1.4188634841905695e-07
sed,charint_1d,100000.0,4.618934027151852e+16,1.4341394265924997e-07
sed,charint_1d,100000.0,5.556086490777627e+16,1.4155148919438897e-07
sed,charint_1d,100000.0,6.683381254535184e+16,1.3752220151350935e-07
sed,charint_1d,100000.0,8.039396987000581e+16,1.3361153848696166e-07
sed,charint_1d,100000.0,9.670539724295523e+16,1.298161434496837e-07
sed,charint_1d,100000.0,1.1632630993393557e+17,1.257200707263645e-07
sed,charint_1d,100000.0,1.3992818155588197e+17,1.1949757820081823e-07
sed,charint_1d,100000.0,1.6831872346553197e+17,1.1358685607915453e-07
sed,charint_1d,100000.0,2.0246952653888422e+17,1.0797265528741412e-07
sed,charint_1d,100000.0,2.4354931128784736e+17,1.0264057080674185e-07
sed,charint_1d,100000.0,2.929639242149984e+17,9.933394500022107e-08
sed,charint_1d,100000.0,3.5240444917543885e+17,9.686687126814587e-08
sed,charint_1d,100000.0,4.2390508022928634e+17,9.446556766224307e-08
sed,charint_1d,100000.0,5.099127365294392e+17,9.212916993437911e-08
sed,charint_1d,100000.0,6.13370801629227e+17,8.89593158003822e-08
sed,charint_1d,100000.0,7.378198529652922e+17,8.348954638895964e-08
sed,charint_1d,100000.0,8.875188287146373e+17,7.836959119496825e-08
sed,charint_1d,100000.0,1.0675907786396411e+18,7.35787215735193e-08
sed,charint_1d,100000.0,1.2841981868565496e+18,6.909777920187664e-08
sed,charint_1d,100000.0,1.5447538664834376e+18,6.434037861895996e-08
sed,charint_1d,100000.0,1.858174643476666e+18,5.980400803329982e-08
sed,charint_1d,100000.0,2.2351865113112212e+18,5.561619308345849e-08
sed,charint_1d,100000.0,2.688691699613285e+18,5.17545848823741e-08
sed,charint_1d,100000.0,3.234210218693835e+18,4.849457528930907e-08
sed,charint_1d,100000.0,3.890410990671853e+18,4.5980682941597715e-08
sed,charint_1d,100000.0,4.679750743738878e+18,4.3630161923192885e-08
sed,charint_1d,100000.0,5.629242534023988e+18,4.1437637954612786e-08
sed,charint_1d,100000.0,6.771380195678424e+18,3.9395232097775194e-08
sed,charint_1d,100000.0,8.145250356027911e+18,3.5676561456736495e-08
sed,charint_1d,100000.0,9.797870071557206e+18,3.225044239069316e-08
sed,charint_1d,100000.0,1.1785795861765243e+19,2.925826689270786e-08
sed,charint_1d,100000.0,1.4177059205800034e+19,2.6663355596205596e-08
sed,charint_1d,100000.0,1.7053494739103482e+19,2.4699088060756965e-08
sed,charint_1d,100000.0,2.0513540826411364e+19,2.3265147196644553e-08
sed,charint_1d,100000.0,2.4675608353280238e+19,2.2017694967992638e-08
sed,charint_1d,100000.0,2.9682133024081723e+19,2.0949901735336182e-08
sed,charint_1d,100000.0,3.5704449845597057e+19,2.0062775702276608e-08
sed,charint_1d,100000.0,4.294865661246373e+19,1.958104673371174e-08
sed,charint_1d,100000.0,5.166266705668838e+19,1.9247225564767022e-08
sed,charint_1d,100000.0,6.214469503653066e+19,1.906408344293421e-08
sed,charint_1d,100000.0,7.475346011358218e+19,1.903824755504722e-08
sed,charint_1d,100000.0,8.992046377680455e+19,1.897231916535996e-08
sed,charint_1d,100000.0,1.0816475643468497e+20,1.8887643962035268e-08
sed,charint_1d,100000.0,1.3011070053658575e+20,1.892697528271538e-08
sed,charint_1d,100000.0,1.5650933771892366e+20,1.9092072442189368e-08
sed,charint_1d,100000.0,1.8826409120999486e+20,1.9456381865466943e-08
sed,charint_1d,100000.0,2.2646168308997633e+20,2.0417261620483967e-08
sed,charint_1d,100000.0,2.7240932446719387e+20,2.1491275343454045e-08
sed,charint_1d,100000.0,3.2767945130563266e+20,2.268942009783179e-08
sed,charint_1d,100000.0,3.9416353686854605e+20,2.4023804586202946e-08
sed,charint_1d,100000.0,4.741368223661015e+20,2.491443445400743e-08
sed,charint_1d,100000.0,5.70336181041518e+20,2.5617323329469715e-08
sed,charint_1d,100000.0,6.860537803871738e+20,2.6394492462929108e-08
sed,charint_1d,100000.0,8.25249747831211e+20,2.72489937954747e-08
sed,charint_1d,100000.0,9.926876955785307e+20,2.8264038009001674e-08
sed,charint_1d,100000.0,1.1940977425836865e+21,2.9629812229014185e-08
sed,charint_1d,100000.0,1.4363726126498128e+21,3.1105130915119065e-08
sed,charint_1d,100000.0,1.7278035195899148e+21,3.269734738455621e-08
sed,charint_1d,100000.0,2.0783639119935753e+21,3.4414348947739935e-08
sed,charint_1d,100000.0,2.500050788009991e+21,3.555339262986628e-08
sed,charint_1d,100000.0,3.007295260739063e+21,3.656170415599248e-08
sed,charint_1d,100000.0,3.617456424740264e+21,3.761867137689494e-08
sed,charint_1d,100000.0,4.351415424928593e+21,3.872603619858415e-08
sed,charint_1d,100000.0,5.234290058287535e+21,3.983726170080458e-08
sed,charint_1d,100000.0,6.296294363744258e+21,4.0938317144870875e-08
sed,charint_1d,100000.0,7.573772617386789e+21,4.214103121073695e-08
sed,charint_1d,100000.0,9.11044311876265e+21,4.3445410790979154e-08
sed,charint_1d,100000.0,1.0958894333541128e+22,4.485149068647283e-08
sed,charint_1d,100000.0,1.3182384594047174e+22,4.5562235357744074e-08
sed,charint_1d,100000.0,1.5857006947636297e+22,4.622354634304856e-08
sed,charint_1d,100000.0,1.9074293239095126e+22,4.692449256824299e-08
sed,charint_1d,100000.0,2.2944346544870544e+22,4.766403788867707e-08
sed,charint_1d,100000.0,2.759960915836728e+22,4.858404433549573e-08
sed,charint_1d,100000.0,3.3199395075600096e+22,4.971307205248451e-08
sed,charint_1d,100000.0,3.993534209348141e+22,5.0875395669789246e-08
sed,charint_1d,100000.0,4.803797010432569e+22,5.20717680070407e-08
sed,charint_1d,100000.0,5.778457002677744e+22,5.329438451601714e-08
sed,charint_1d,100000.0,6.950869335086453e+22,5.4164593236808636e-08
sed,charint_1d,100000.0,8.361156705164745e+22,5.504169239755992e-08
sed,charint_1d,100000.0,1.0057582451656214e+23,5.593332599144604e-08
sed,charint_1d,100000.0,1.209820223909676e+23,5.6839738672373775e-08
sed,charint_1d,100000.0,1.4552850858705558e+23,5.725575485580944e-08
sed,charint_1d,100000.0,1.7505532138594733e+23,5.727385539818328e-08
sed,charint_1d,100000.0,2.105729375162634e+23,5.729403024549861e-08
sed,charint_1d,100000.0,2.532968530357836e+23,5.7316235479878695e-08
sed,charint_1d,100000.0,3.046891804549984e+23,5.730364734528876e-08
sed,charint_1d,100000.0,3.665086856536018e+23,5.700444525764651e-08
sed,charint_1d,100000.0,4.408709769704786e+23,5.674838069414681e-08
sed,charint_1d,100000.0,5.3032090627889366e+23,5.652895778755799e-08
sed,charint_1d,100000.0,6.379196597813281e+23,5.634066836500075e-08
sed,charint_1d,100000.0,7.67349518975057e+23,5.5184322899341046e-08
sed,charint_1d,100000.0,9.230398769542383e+23,5.360408838611611e-08
sed,charint_1d,100000.0,1.1103188226216768e+24,5.210869148549305e-08
sed,charint_1d,100000.0,1.3355954803771882e+24,5.0684861351647825e-08
sed,charint_1d,100000.0,1.6065793453739944e+24,4.9123705401246944e-08
sed,charint_1d,100000.0,1.9325441205097672e+24,4.6927295050282475e-08
sed,charint_1d,100000.0,2.3246450842721588e+24,4.4848889264898934e-08
sed,charint_1d,100000.0,2.7963008505106185e+24,4.287578183719244e-08
sed,charint_1d,100000.0,3.3636525848480433e+24,4.099834325077336e-08
sed,charint_1d,100000.0,4.0461163931945993e+24,3.884999757862388e-08
sed,charint_1d,100000.0,4.867047786392459e+24,3.671820067269601e-08
sed,charint_1d,100000.0,5.854540960529565e+24,3.470694202850833e-08
sed,charint_1d,100000.0,7.042390246166839e+24,3.2808003632737763e-08
sed,charint_1d,100000.0,8.4712466295257e+24,3.052961805499225e-08
sed,charint_1d,100000.0,1.0190008924499732e+25,2.747232757964214e-08
sed,charint_1d,100000.0,1.2257497204658623e+25,2.472189033991765e-08
sed,charint_1d,100000.0,1.474446576400706e+25,2.2247251658364985e-08
sed,charint_1d,100000.0,1.7736024494735567e+25,2.002061041123935e-08
sed,charint_1d,100000.0,2.1334551547181226e+25,1.7892536118594523e-08
sed,charint_1d,100000.0,2.566319695005151e+25,1.5974401896253774e-08
sed,charint_1d,100000.0,3.0870097093001393e+25,1.4261929305853973e-08
sed,charint_1d,100000.0,3.7133444301039363e+25,1.2733062397361028e-08
sed,charint_1d,100000.0,4.4667584993472284e+25,1.1111655726525915e-08
sed,charint_1d,100000.0,5.373035512068676e+25,9.40250445046114e-09
sed,charint_1d,100000.0,6.4631903914594545e+25,7.95637219598091e-09
sed,charint_1d,100000.0,7.77453079221715e+25,6.732762979558539e-09
sed,charint_1d,100000.0,9.351933855917773e+25,5.6963615416402774e-09
sed,charint_1d,100000.0,1.124938201196837e+26,4.745749004402372e-09
sed,charint_1d,100000.0,1.3531810382845927e+26,3.9518345454901275e-09
sed,charint_1d,100000.0,1.6277329016161534e+26,3.2909521383865794e-09
sed,charint_1d,100000.0,1.9579895993535867e+26,2.740773612061524e-09
sed,charint_1d,100000.0,2.355253289633944e+26,2.1647607062636508e-09
sed,charint_1d,100000.0,2.8331192669066454e+26,1.6320417159935241e-09
sed,charint_1d,100000.0,3.407941224769592e+26,1.23055159568855e-09
sed,charint_1d,100000.0,4.0993909176879945e+26,9.279304834372088e-10
sed,charint_1d,100000.0,4.931131374532179e+26,7.006920136267242e-10
sed,charint_1d,100000.0,5.93162670287843e+26,5.362800766518461e-10
sed,charint_1d,100000.0,7.135116197474798e+26,4.1054433896181824e-10
sed,charint_1d,100000.0,8.582786089145135e+26,3.143631085025296e-10
sed,charint_1d,100000.0,1.0324179034126238e+27,2.407716526288128e-10
sed,charint_1d,100000.0,1.2418889579864547e+27,1.786062991700981e-10
sed,charint_1d,100000.0,1.493860363008731e+27,1.301243734770603e-10
sed,charint_1d,100000.0,1.796955170441977e+27,9.48061885922745e-11
sed,charint_1d,100000.0,2.161545994884469e+27,6.907658439097506e-11
sed,charint_1d,100000.0,2.600109988749392e+27,5.043382963856734e-11
sed,charint_1d,100000.0,3.12765583966015e+27,3.7167493755765825e-11
sed,charint_1d,100000.0,3.762237402912806e+27,2.7391172155265203e-11
sed,charint_1d,100000.0,4.5255715467128334e+27,2.018663726492772e-11
sed,charint_1d,100000.0,5.443781354297298e+27,1.487727440033463e-11
sed,charint_1d,100000.0,6.548290117061673e+27,9.890400803551976e-12
sed,charint_1d,100000.0,7.876896713230017e+27,6.3444311396247104e-12
sed,charint_1d,100000.0,9.475069174048018e+27,4.069921627340904e-12
sed,charint_1d,100000.0,1.1397500706363858e+28,2.6109228330219523e-12
sed,charint_1d,100000.0,1.3709981422337991e+28,1.7431558379376026e-12
sed,charint_1d,100000.0,1.6491649831256495e+28,1.2810162189829182e-12
sed,charint_1d,100000.0,1.9837701144776913e+28,9.415176526518844e-13
sed,charint_1d,100000.0,2.38626450801555e+28,6.920812209728338e-13
sed,charint_1d,100000.0,2.8704224651120867e+28,5.087913931520429e-13
sed,charint_1d,100000.0,3.452813005659635e+28,3.623247282665538e-13
sed,charint_1d,100000.0,4.153366898759547e+28,2.565053622876215e-13
sed,charint_1d,100000.0,4.996058740347587e+28,1.8161707170822215e-13
sed,charint_1d,100000.0,6.009727420050007e+28,1.2861131591749064e-13
sed,charint_1d,100000.0,7.2290630555693745e+28,7.204814208162162e-14
sed,charint_1d,100000.0,8.69579416980658e+28,2.857683911730912e-14
sed,charint_1d,100000.0,1.0460115738703708e+29,1.1421401803953364e-14
sed,charint_1d,100000.0,1.2582406980949714e+29,4.598487060258652e-15
sed,charint_1d,100000.0,1.513529767634035e+29,1.8560180515561454e-15
sed,charint_1d,100000.0,1.820615372704636e+29,5.209338912261965e-16
sed,charint_1d,100000.0,2.1900067023524398e+29,1.4430671842200539e-16
sed,charint_1d,100000.0,2.6343451935285067e+29,4.010515973442387e-17
sed,charint_1d,100000.0,3.1688371506864813e+29,1.1183365734940181e-17
sed,charint_1d,100000.0,3.811774141156066e+29,2.760268751234428e-18
sed,charint_1d,100000.0,4.585158975442635e+29,6.050305780628285e-19
sed,charint_1d,100000.0,5.5154586949650035e+29,1.337116219603372e-19
sed,charint_1d,100000.0,6.634510336237281e+29,2.9782632275621444e-20
sed,charint_1d,100000.0,7.98061046886659e+29,7.404939157779138e-21
sed,charint_1d,100000.0,9.599825793911563e+29,6.869822425300482e-21
sed,charint_1d,100000.0,1.1547569654347151e+30,5.8127315581054894e-21
sed,charint_1d,100000.0,1.3890498409520274e+30,4.043884593279241e-21
sed,charint_1d,100000.0,1.670879257197189e+30,1.3179759548619834e-21
sed,charint_1d,100000.0,2.0098900772476115e+30,0.0
sed,charint_1d,100000.0,2.417684045820695e+30,0.0
sed,charint_1d,10000000.0,100000000.0,4.023315273429916e-18
sed,charint_1d,10000000.0,120289366.72653936,7.00610303288883e-18
sed,charint_1d,10000000.0,144695317.47471872,1.2198447740338263e-17
sed,charint_1d,10000000.0,174053081.0732948,2.1169171002748355e-17
sed,charint_1d,10000000.0,209367348.99109644,3.673695318301121e-17
sed,charint_1d,10000000.0,251846658.23353347,6.375326349914876e-17
sed,charint_1d,10000000.0,302944750.3110693,1.1063733593019609e-16
sed,charint_1d,10000000.0,364410321.68048114,1.915656727650019e-16
sed,charint_1d,10000000.0,438346868.2355957,3.3118255891114587e-16
sed,charint_1d,10000000.0,527284671.86621594,5.725550226950841e-16
sed,charint_1d,10000000.0,634267392.6339822,9.898445662543587e-16
sed,charint_1d,10000000.0,762956229.95235,1.7103128163870451e-15
sed,charint_1d,10000000.0,917755217.4103613,2.9458293123233043e-15
sed,charint_1d,10000000.0,1103961939.122698,5.073873263022973e-15
sed,charint_1d,10000000.0,1327948825.4727173,8.739199578355275e-15
sed,charint_1d,10000000.0,1597381232.613649,1.5052329154250826e-14
sed,charint_1d,10000000.0,1921479768.9195468,2.5679547815644e-14
sed,charint_1d,10000000.0,2311335845.8118944,4.3632538134271185e-14
sed,charint_1d,10000000.0,2780291251.8506303,7.413675662756798e-14
sed,charint_1d,10000000.0,3344394740.004496,1.259669715767227e-13
sed,charint_1d,10000000.0,4022951253.587101,2.0676062592341854e-13
sed,charint_1d,10000000.0,4839182586.6573,3.0678364522308524e-13
sed,charint_1d,10000000.0,5821022088.231032,4.551941456104683e-13
sed,charint_1d,10000000.0,7002070606.945086,6.754002722396418e-13
sed,charint_1d,10000000.0,8422746390.839395,1.0021342240085514e-12
sed,charint_1d,10000000.0,10131668294.523115,1.294441253618852e-12
sed,charint_1d,10000000.0,12187319630.315475,1.6178430778497134e-12
sed,charint_1d,10000000.0,14660049604.245642,2.022043303412734e-12
sed,charint_1d,10000000.0,17634480830.743694,2.527228533830978e-12
sed,charint_1d,10000000.0,21212405316.81448,3.059088838452487e-12
sed,charint_1d,10000000.0,25516268023.063004,3.4988636039437822e-12
sed,charint_1d,10000000.0,30693357217.188824,4.001861013510462e-12
sed,charint_1d,10000000.0,36920845023.67115,4.5771701306471015e-12
sed,charint_1d,10000000.0,44411850669.06087,5.235186700387797e-12
sed,charint_1d,10000000.0,53422733921.34986,5.799452762617051e-12
sed,charint_1d,10000000.0,64261868321.99561,6.405244376286396e-12
sed,charint_1d,10000000.0,77300194451.17143,7.074315330357044e-12
sed,charint_1d,10000000.0,92983914383.69725,7.813275649560606e-12
sed,charint_1d,10000000.0,111849761769.69742,8.594367890329582e-12
sed,charint_1d,10000000.0,134543370117.91139,9.409720810034512e-12
sed,charint_1d,10000000.0,161841367887.38028,1.030242720296021e-11
sed,charint_1d,10000000.0,194677956533.29776,1.1279825725261243e-11
sed,charint_1d,10000000.0,234176881070.0714,1.2343233520709864e-11
sed,charint_1d,10000000.0,281689887259.1501,1.3151000625916718e-11
sed,charint_1d,10000000.0,338842981516.7343,1.4011631349798997e-11
sed,charint_1d,10000000.0,407592076663.8045,1.492858541689375e-11
sed,charint_1d,10000000.0,490289927846.4412,1.5905548986304338e-11
sed,charint_1d,10000000.0,589766649330.4908,1.6919988661889832e-11
sed,charint_1d,10000000.0,709426567643.9775,1.7978160102510157e-11
sed,charint_1d,10000000.0,853364725608.7649,1.9102509479498692e-11
sed,charint_1d,10000000.0,1026507024302.4535,2.029717558485922e-11
sed,charint_1d,10000000.0,1234778798936.8647,2.1519425826433518e-11
sed,charint_1d,10000000.0,1485307597714.7231,2.2471473230038096e-11
sed,charint_1d,10000000.0,1786667103232.2153,2.3465642125516556e-11
sed,charint_1d,10000000.0,2149170543989.437,2.4503796256348442e-11
sed,charint_1d,10000000.0,2585223637238.2144,2.5587881873781012e-11
sed,charint_1d,10000000.0,3109749141698.6553,2.5382526161276643e-11
sed,charint_1d,10000000.0,3740697549333.305,2.4574692427735346e-11
sed,charint_1d,10000000.0,4499661393248.21,2.3792574883370897e-11
sed,charint_1d,10000000.0,5412614194776.85,2.3035355494490967e-11
sed,charint_1d,10000000.0,6510799338247.85,2.247296251924234e-11
sed,charint_1d,10000000.0,7831799292814.053,2.24850498473032e-11
sed,charint_1d,10000000.0,9420821772619.611,2.2497151972476803e-11
sed,charint_1d,10000000.0,11332246850720.07,2.250927106976721e-11
sed,charint_1d,10000000.0,13631487972619.373,2.2521410161049606e-11
sed,charint_1d,10000000.0,16397230557668.22,2.2688246635337534e-11
sed,charint_1d,10000000.0,19724124798509.7,2.289927897317483e-11
sed,charint_1d,10000000.0,23726024812479.625,2.311230129956062e-11
sed,charint_1d,10000000.0,28539884996313.336,2.3327341193794625e-11
sed,charint_1d,10000000.0,34330446926547.934,2.3092701143017576e-11
sed,charint_1d,10000000.0,41295877202335.2,2.200869254658539e-11
sed,charint_1d,10000000.0,49674549170858.35,2.0975665690875045e-11
sed,charint_1d,10000000.0,59753200621888.914,1.9991255555583068e-11
sed,charint_1d,10000000.0,71876746626908.75,1.9053217900008903e-11
sed,charint_1d,10000000.0,86460083341147.77,1.936104461758979e-11
sed,charint_1d,10000000.0,104002286722304.8,1.9829099753483383e-11
sed,charint_1d,10000000.0,125103692079380.17,2.0308679665767698e-11
sed,charint_1d,10000000.0,150486438953806.2,2.0800129613406994e-11
sed,charint_1d,10000000.0,181019184426853.7,2.0878004217385758e-11
sed,charint_1d,10000000.0,217746830600608.62,2.04331017070783e-11
sed,charint_1d,10000000.0,261926283596582.53,1.9998276803691748e-11
sed,charint_1d,10000000.0,315069467828688.6,1.957345531180145e-11
sed,charint_1d,10000000.0,378995067599805.7,1.9158595253490725e-11
sed,charint_1d,10000000.0,455890766740627.8,1.818704489189875e-11
sed,charint_1d,10000000.0,548388116277063.7,1.726415743131897e-11
sed,charint_1d,10000000.0,659652592273280.9,1.6389425229325826e-11
sed,charint_1d,10000000.0,793491925840727.0,1.5560589136773345e-11
sed,charint_1d,10000000.0,954486412620035.6,1.525441331057453e-11
sed,charint_1d,10000000.0,1148145661231499.5,1.53515351875323e-11
sed,charint_1d,10000000.0,1381097144993614.5,1.5450743011623792e-11
sed,charint_1d,10000000.0,1661313009591127.0,1.555232809547706e-11
sed,charint_1d,10000000.0,1998382898582786.8,1.5623826233590036e-11
sed,charint_1d,10000000.0,2403842133476685.5,1.541240290279794e-11
sed,charint_1d,10000000.0,2891566479464849.5,1.520597774238641e-11
sed,charint_1d,10000000.0,3478247006625142.0,1.5004751753031844e-11
sed,charint_1d,10000000.0,4183961297454212.0,1.480896141573537e-11
sed,charint_1d,10000000.0,5032860548791150.0,1.4604982401154612e-11
sed,charint_1d,10000000.0,6053996082370733.0,1.4400309430223521e-11
sed,charint_1d,10000000.0,7282313549133226.0,1.4202734213507908e-11
sed,charint_1d,10000000.0,8759848851293366.0,1.401268762883294e-11
sed,charint_1d,10000000.0,1.053716670942278e+16,1.3780707424737196e-11
sed,charint_1d,10000000.0,1.2675091105684438e+16,1.3374011002519372e-11
sed,charint_1d,10000000.0,1.5246786823039662e+16,1.298593904301564e-11
sed,charint_1d,10000000.0,1.8340263315579784e+16,1.261651624123905e-11
sed,charint_1d,10000000.0,2.206138659829082e+16,1.2265842310960593e-11
sed,charint_1d,10000000.0,2.653750223017776e+16,1.170820561135825e-11
sed,charint_1d,10000000.0,3.1921793377721956e+16,1.1119342027608443e-11
sed,charint_1d,10000000.0,3.839852310181596e+16,1.0571059872665933e-11
sed,charint_1d,10000000.0,4.618934027151852e+16,1.0061725648539475e-11
sed,charint_1d,10000000.0,5.556086490777627e+16,9.678225956018357e-12
sed,charint_1d,10000000.0,6.683381254535184e+16,9.50844304145944e-12
sed,charint_1d,10000000.0,8.039396987000581e+16,9.35225526040849e-12
sed,charint_1d,10000000.0,9.670539724295523e+16,9.210189020917754e-12
sed,charint_1d,10000000.0,1.1632630993393557e+17,9.082844939974179e-12
sed,charint_1d,10000000.0,1.3992818155588197e+17,8.669734519359871e-12
sed,charint_1d,10000000.0,1.6831872346553197e+17,8.245660147617175e-12
sed,charint_1d,10000000.0,2.0246952653888422e+17,7.856042205865115e-12
sed,charint_1d,10000000.0,2.4354931128784736e+17,7.49906079497599e-12
sed,charint_1d,10000000.0,2.929639242149984e+17,7.151831916488526e-12
sed,charint_1d,10000000.0,3.5240444917543885e+17,6.818421551998758e-12
sed,charint_1d,10000000.0,4.2390508022928634e+17,6.531544617158898e-12
sed,charint_1d,10000000.0,5.099127365294392e+17,6.289269973198337e-12
sed,charint_1d,10000000.0,6.13370801629227e+17,6.08997109550452e-12
sed,charint_1d,10000000.0,7.378198529652922e+17,5.920596336347093e-12
sed,charint_1d,10000000.0,8.875188287146373e+17,5.7666212372492785e-12
sed,charint_1d,10000000.0,1.0675907786396411e+18,5.6273457685386865e-12
sed,charint_1d,10000000.0,1.2841981868565496e+18,5.502135653723909e-12
sed,charint_1d,10000000.0,1.5447538664834376e+18,5.330128962677728e-12
sed,charint_1d,10000000.0,1.858174643476666e+18,5.143359822710561e-12
sed,charint_1d,10000000.0,2.2351865113112212e+18,5.0008990409306424e-12
sed,charint_1d,10000000.0,2.688691699613285e+18,4.899345517040988e-12
sed,charint_1d,10000000.0,3.234210218693835e+18,4.831458483098938e-12
sed,charint_1d,10000000.0,3.890410990671853e+18,4.738177313207803e-12
sed,charint_1d,10000000.0,4.679750743738878e+18,4.658368251942364e-12
sed,charint_1d,10000000.0,5.629242534023988e+18,4.591065207564442e-12
sed,charint_1d,10000000.0,6.771380195678424e+18,4.535382362661616e-12
sed,charint_1d,10000000.0,8.145250356027911e+18,4.533139543445182e-12
sed,charint_1d,10000000.0,9.797870071557206e+18,4.564326810733462e-12
sed,charint_1d,10000000.0,1.1785795861765243e+19,4.6036157911727055e-12
sed,charint_1d,10000000.0,1.4177059205800034e+19,4.6508444338928695e-12
sed,charint_1d,10000000.0,1.7053494739103482e+19,4.698135206151878e-12
sed,charint_1d,10000000.0,2.0513540826411364e+19,4.718316150425653e-12
sed,charint_1d,10000000.0,2.4675608353280238e+19,4.7445755128563305e-12
sed,charint_1d,10000000.0,2.9682133024081723e+19,4.776684255730597e-12
sed,charint_1d,10000000.0,3.5704449845597057e+19,4.814432070735746e-12
sed,charint_1d,10000000.0,4.294865661246373e+19,4.866814925832017e-12
sed,charint_1d,10000000.0,5.166266705668838e+19,4.924151082813976e-12
sed,charint_1d,10000000.0,6.214469503653066e+19,4.982649489421928e-12
sed,charint_1d,10000000.0,7.475346011358218e+19,5.042325757622697e-12
sed,charint_1d,10000000.0,8.992046377680455e+19,5.089012307336907e-12
sed,charint_1d,10000000.0,1.0816475643468497e+20,5.102553695272222e-12
sed,charint_1d,10000000.0,1.3011070053658575e+20,5.117457022487631e-12
sed,charint_1d,10000000.0,1.5650933771892366e+20,5.133687384823561e-12
sed,charint_1d,10000000.0,1.8826409120999486e+20,5.151211362490687e-12
sed,charint_1d,10000000.0,2.2646168308997633e+20,5.154691816600455e-12
sed,charint_1d,10000000.0,2.7240932446719387e+20,5.1556820523095336e-12
sed,charint_1d,10000000.0,3.2767945130563266e+20,5.156922543997252e-12
sed,charint_1d,10000000.0,3.9416353686854605e+20,5.1584091479664976e-12
sed,charint_1d,10000000.0,4.741368223661015e+20,5.188615059562716e-12
sed,charint_1d,10000000.0,5.70336181041518e+20,5.263462755040279e-12
sed,charint_1d,10000000.0,6.860537803871738e+20,5.340323444636008e-12
sed,charint_1d,10000000.0,8.25249747831211e+20,5.4192203006932765e-12
sed,charint_1d,10000000.0,9.926876955785307e+20,5.500177313613318e-12
sed,charint_1d,10000000.0,1.1940977425836865e+21,5.371959573921671e-12
sed,charint_1d,10000000.0,1.4363726126498128e+21,5.2387069139331395e-12
sed,charint_1d,10000000.0,1.7278035195899148e+21,5.1110958718691964e-12
sed,charint_1d,10000000.0,2.0783639119935753e+21,4.988721253044477e-12
sed,charint_1d,10000000.0,2.500050788009991e+21,4.9703616630356156e-12
sed,charint_1d,10000000.0,3.007295260739063e+21,5.053605444016586e-12
sed,charint_1d,10000000.0,3.617456424740264e+21,5.1403330010021175e-12
sed,charint_1d,10000000.0,4.351415424928593e+21,5.230513767427008e-12
sed,charint_1d,10000000.0,5.234290058287535e+21,5.308991103750302e-12
sed,charint_1d,10000000.0,6.296294363744258e+21,5.1389373928880804e-12
sed,charint_1d,10000000.0,7.573772617386789e+21,4.9743812045156944e-12
sed,charint_1d,10000000.0,9.11044311876265e+21,4.815143912140611e-12
sed,charint_1d,10000000.0,1.0958894333541128e+22,4.661052709195961e-12
sed,charint_1d,10000000.0,1.3182384594047174e+22,4.643717168217394e-12
sed,charint_1d,10000000.0,1.5857006947636297e+22,4.712628821223943e-12
sed,charint_1d,10000000.0,1.9074293239095126e+22,4.7825809938126734e-12
sed,charint_1d,10000000.0,2.2944346544870544e+22,4.8535895060009965e-12
sed,charint_1d,10000000.0,2.759960915836728e+22,4.88116991284554e-12
sed,charint_1d,10000000.0,3.3199395075600096e+22,4.684430589308149e-12
sed,charint_1d,10000000.0,3.993534209348141e+22,4.4956461193967184e-12
sed,charint_1d,10000000.0,4.803797010432569e+22,4.314494099777063e-12
sed,charint_1d,10000000.0,5.778457002677744e+22,4.140665216853884e-12
sed,charint_1d,10000000.0,6.950869335086453e+22,4.058877940294787e-12
sed,charint_1d,10000000.0,8.361156705164745e+22,4.016396788900296e-12
sed,charint_1d,10000000.0,1.0057582451656214e+23,3.97839626268047e-12
sed,charint_1d,10000000.0,1.209820223909676e+23,3.9441575337785276e-12
sed,charint_1d,10000000.0,1.4552850858705558e+23,3.839933023978825e-12
sed,charint_1d,10000000.0,1.7505532138594733e+23,3.5546409191047702e-12
sed,charint_1d,10000000.0,2.105729375162634e+23,3.2939304509140307e-12
sed,charint_1d,10000000.0,2.532968530357836e+23,3.054793338688104e-12
sed,charint_1d,10000000.0,3.046891804549984e+23,2.834791316978214e-12
sed,charint_1d,10000000.0,3.665086856536018e+23,2.749201030614842e-12
sed,charint_1d,10000000.0,4.408709769704786e+23,2.694138977722364e-12
sed,charint_1d,10000000.0,5.3032090627889366e+23,2.6419042994653024e-12
sed,charint_1d,10000000.0,6.379196597813281e+23,2.591764059681485e-12
sed,charint_1d,10000000.0,7.67349518975057e+23,2.4927929821858194e-12
sed,charint_1d,10000000.0,9.230398769542383e+23,2.31900229949746e-12
sed,charint_1d,10000000.0,1.1103188226216768e+24,2.157563333727979e-12
sed,charint_1d,10000000.0,1.3355954803771882e+24,2.0075026506075415e-12
sed,charint_1d,10000000.0,1.6065793453739944e+24,1.8679615797373875e-12
sed,charint_1d,10000000.0,1.9325441205097672e+24,1.741299725919487e-12
sed,charint_1d,10000000.0,2.3246450842721588e+24,1.6234832859084808e-12
sed,charint_1d,10000000.0,2.7963008505106185e+24,1.5136552377054636e-12
sed,charint_1d,10000000.0,3.3636525848480433e+24,1.41126722125547e-12
sed,charint_1d,10000000.0,4.0461163931945993e+24,1.3151463416167582e-12
sed,charint_1d,10000000.0,4.867047786392459e+24,1.2249045265348847e-12
sed,charint_1d,10000000.0,5.854540960529565e+24,1.1408560682096507e-12
sed,charint_1d,10000000.0,7.042390246166839e+24,1.0625755742912613e-12
sed,charint_1d,10000000.0,8.4712466295257e+24,9.88330487550387e-13
sed,charint_1d,10000000.0,1.0190008924499732e+25,8.838577107479152e-13
sed,charint_1d,10000000.0,1.2257497204658623e+25,7.904290058019226e-13
sed,charint_1d,10000000.0,1.474446576400706e+25,7.068766083589976e-13
sed,charint_1d,10000000.0,1.7736024494735567e+25,6.321563474297174e-13
sed,charint_1d,10000000.0,2.1334551547181226e+25,5.652320673409537e-13
sed,charint_1d,10000000.0,2.566319695005151e+25,5.053287717121799e-13
sed,charint_1d,10000000.0,3.0870097093001393e+25,4.5177407399383175e-13
sed,charint_1d,10000000.0,3.7133444301039363e+25,4.0389512029417337e-13
sed,charint_1d,10000000.0,4.4667584993472284e+25,3.5824767157134054e-13
sed,charint_1d,10000000.0,5.373035512068676e+25,3.026024900684853e-13
sed,charint_1d,10000000.0,6.4631903914594545e+25,2.556004732541881e-13
sed,charint_1d,10000000.0,7.77453079221715e+25,2.158991045456002e-13
sed,charint_1d,10000000.0,9.351933855917773e+25,1.8236439853082823e-13
sed,charint_1d,10000000.0,1.124938201196837e+26,1.565491603859126e-13
sed,charint_1d,10000000.0,1.3531810382845927e+26,1.353579812461348e-13
sed,charint_1d,10000000.0,1.6277329016161534e+26,1.170353337774233e-13
sed,charint_1d,10000000.0,1.9579895993535867e+26,1.01192920720158e-13
sed,charint_1d,10000000.0,2.355253289633944e+26,8.722839871493172e-14
sed,charint_1d,10000000.0,2.8331192669066454e+26,7.448777714000743e-14
sed,charint_1d,10000000.0,3.407941224769592e+26,6.360805942278022e-14
sed,charint_1d,10000000.0,4.0993909176879945e+26,5.431744030171619e-14
sed,charint_1d,10000000.0,4.931131374532179e+26,4.6383814687076986e-14
sed,charint_1d,10000000.0,5.93162670287843e+26,3.795671138736849e-14
sed,charint_1d,10000000.0,7.135116197474798e+26,3.072776775448137e-14
sed,charint_1d,10000000.0,8.582786089145135e+26,2.4875600293715982e-14
sed,charint_1d,10000000.0,1.0324179034126238e+27,2.0137996085936855e-14
sed,charint_1d,10000000.0,1.2418889579864547e+27,1.617140693024254e-14
sed,charint_1d,10000000.0,1.493860363008731e+27,1.2793555053573504e-14
sed,charint_1d,10000000.0,1.796955170441977e+27,1.0121266556632643e-14
sed,charint_1d,10000000.0,2.161545994884469e+27,8.007162951189129e-15
sed,charint_1d,10000000.0,2.600109988749392e+27,6.334650439918094e-15
sed,charint_1d,10000000.0,3.12765583966015e+27,4.399321861224909e-15
sed,charint_1d,10000000.0,3.762237402912806e+27,3.0133540104432787e-15
sed,charint_1d,10000000.0,4.5255715467128334e+27,2.064023417847766e-15
sed,charint_1d,10000000.0,5.443781354297298e+27,1.41377120022834e-15
sed,charint_1d,10000000.0,6.548290117061673e+27,1.0023428543905747e-15
sed,charint_1d,10000000.0,7.876896713230017e+27,7.403471031420701e-16
sed,charint_1d,10000000.0,9.475069174048018e+27,5.468326855125179e-16
sed,charint_1d,10000000.0,1.1397500706363858e+28,4.038997189628498e-16
sed,charint_1d,10000000.0,1.3709981422337991e+28,2.97882493390034e-16
sed,charint_1d,10000000.0,1.6491649831256495e+28,1.8982556493843057e-16
sed,charint_1d,10000000.0,1.9837701144776913e+28,1.2096631476739716e-16
sed,charint_1d,10000000.0,2.38626450801555e+28,7.70857722428455e-17
sed,charint_1d,10000000.0,2.8704224651120867e+28,4.912290402536182e-17
sed,charint_1d,10000000.0,3.452813005659635e+28,2.3759172959020757e-17
sed,charint_1d,10000000.0,4.153366898759547e+28,9.277929562891291e-18
sed,charint_1d,10000000.0,4.996058740347587e+28,3.623029330474626e-18
sed,charint_1d,10000000.0,6.009727420050007e+28,1.4147954536255947e-18
sed,charint_1d,10000000.0,7.2290630555693745e+28,5.327518501138154e-19
sed,charint_1d,10000000.0,8.69579416980658e+28,1.5209833091828125e-19
sed,charint_1d,10000000.0,1.0460115738703708e+29,4.3423419679081896e-20
sed,charint_1d,10000000.0,1.2582406980949714e+29,1.239720228994298e-20
sed,charint_1d,10000000.0,1.513529767634035e+29,3.539349464759415e-21
sed,charint_1d,10000000.0,1.820615372704636e+29,8.762492640757157e-22
sed,charint_1d,10000000.0,2.1900067023524398e+29,2.021688493597635e-22
sed,charint_1d,10000000.0,2.6343451935285067e+29,4.664468941513147e-23
sed,charint_1d,10000000.0,3.1688371506864813e+29,1.076196474944861e-23
sed,charint_1d,10000000.0,3.811774141156066e+29,3.403925174290216e-24
sed,charint_1d,10000000.0,4.585158975442635e+29,3.1254235459416456e-24
sed,charint_1d,10000000.0,5.5154586949650035e+29,2.5937840443297604e-24
sed,charint_1d,10000000.0,6.634510336237281e+29,1.7177512801265116e-24
sed,charint_1d,10000000.0,7.98061046886659e+29,3.7946021605110397e-25
sed,charint_1d,10000000.0,9.599825793911563e+29,0.0
sed,charint_1d,10000000.0,1.1547569654347151e+30,0.0
sed,charint_1d,10000000.0,1.3890498409520274e+30,0.0
sed,charint_1d,10000000.0,1.670879257197189e+30,0.0
sed,charint_1d,10000000.0,2.0098900772476115e+30,0.0
sed,charint_1d,10000000.0,2.417684045820695e+30,0.0
lightcurve,charint_1d,100.0,100000000000000.0,2.69121600158428e-21
lightcurve,charint_1d,300.0,100000000000000.0,2.9167779567797067e-21
lightcurve,charint_1d,1000.0,100000000000000.0,2.9281916954331016e-21
lightcurve,charint_1d,10000.0,100000000000000.0,2.605941358565462e-21
lightcurve,charint_1d,100000.0,100000000000000.0,9.406834056006597e-22
lightcurve,charint_1d,1000000.0,100000000000000.0,1.753903502578182e-23
lightcurve,charint_1d,10000000.0,100000000000000.0,1.9395789657988616e-25
sed,charint_2d,1000.0,100000000.0,3.595151888667022e-20
sed,charint_2d,1000.0,120289366.72653936,6.257109541555574e-20
sed,charint_2d,1000.0,144695317.47471872,1.0890013893401582e-19
sed,charint_2d,1000.0,174053081.0732948,1.8952416973874734e-19
sed,charint_2d,1000.0,209367348.99109644,3.2982294812543354e-19
sed,charint_2d,1000.0,251846658.23353347,5.739569380848333e-19
sed,charint_2d,1000.0,302944750.3110693,9.987734967968188e-19
sed,charint_2d,1000.0,364410321.68048114,1.7379786836218094e-18
sed,charint_2d,1000.0,438346868.2355957,3.0241942867492973e-18
sed,charint_2d,1000.0,527284671.86621594,5.262197446460277e-18
sed,charint_2d,1000.0,634267392.6339822,9.156117960107095e-18
sed,charint_2d,1000.0,762956229.95235,1.5930572577566695e-17
sed,charint_2d,1000.0,917755217.4103613,2.7714477753199735e-17
sed,charint_2d,1000.0,1103961939.122698,4.8213203363403184e-17
sed,charint_2d,1000.0,1327948825.4727173,8.387178044981245e-17
sed,charint_2d,1000.0,1597381232.613649,1.4590061679949423e-16
sed,charint_2d,1000.0,1921479768.9195468,2.537852139311544e-16
sed,charint_2d,1000.0,2311335845.8118944,4.414083741921005e-16
sed,charint_2d,1000.0,2780291251.8506303,7.676926388424376e-16
sed,charint_2d,1000.0,3344394740.004496,1.335050373192621e-15
sed,charint_2d,1000.0,4022951253.587101,2.3214053854880553e-15
sed,charint_2d,1000.0,4839182586.6573,4.0355146019639465e-15
sed,charint_2d,1000.0,5821022088.231032,7.014816872557579e-15
sed,charint_2d,1000.0,7002070606.945086,1.219266305792949e-14
sed,charint_2d,1000.0,8422746390.839395,2.119003592210537e-14
sed,charint_2d,1000.0,10131668294.523115,3.681443169524795e-14
sed,charint_2d,1000.0,12187319630.315475,6.394262035042484e-14
sed,charint_2d,1000.0,14660049604.245642,1.110372810780164e-13
sed,charint_2d,1000.0,17634480830.743694,1.927620174655589e-13
sed,charint_2d,1000.0,21212405316.81448,3.344778711812036e-13
sed,charint_2d,1000.0,25516268023.063004,5.798315513276862e-13
sed,charint_2d,1000.0,30693357217.188824,1.0046456087615205e-12
sed,charint_2d,1000.0,36920845023.67115,1.739115820476281e-12
sed,charint_2d,1000.0,44411850669.06087,3.006405446470406e-12
sed,charint_2d,1000.0,53422733921.34986,5.169909543601176e-12
sed,charint_2d,1000.0,64261868321.99561,8.860380457221812e-12
sed,charint_2d,1000.0,77300194451.17143,1.5142231935920846e-11
sed,charint_2d,1000.0,92983914383.69725,2.5714983764426153e-11
sed,charint_2d,1000.0,111849761769.69742,4.223213752077627e-11
sed,charint_2d,1000.0,134543370117.91139,6.557541508499834e-11
sed,charint_2d,1000.0,161841367887.38028,1.0155361960477064e-10
sed,charint_2d,1000.0,194677956533.29776,1.5646105741861838e-10
sed,charint_2d,1000.0,234176881070.0714,2.378413602835743e-10
sed,charint_2d,1000.0,281689887259.1501,3.290847252682482e-10
sed,charint_2d,1000.0,338842981516.7343,4.4772719427371405e-10
sed,charint_2d,1000.0,407592076663.8045,6.083105913563689e-10
sed,charint_2d,1000.0,490289927846.4412,8.236245490636422e-10
sed,charint_2d,1000.0,589766649330.4908,1.0884024788029474e-09
sed,charint_2d,1000.0,709426567643.9775,1.3996404633381377e-09
sed,charint_2d,1000.0,853364725608.7649,1.7991922545537804e-09
sed,charint_2d,1000.0,1026507024302.4535,2.3108636470717272e-09
sed,charint_2d,1000.0,1234778798936.8647,2.9600696427524945e-09
sed,charint_2d,1000.0,1485307597714.7231,3.726065223220587e-09
sed,charint_2d,1000.0,1786667103232.2153,4.6841475578235535e-09
sed,charint_2d,1000.0,2149170543989.437,5.886496532168316e-09
sed,charint_2d,1000.0,2585223637238.2144,7.3907604137410825e-09
sed,charint_2d,1000.0,3109749141698.6553,9.214791504243759e-09
sed,charint_2d,1000.0,3740697549333.305,1.1427198325308842e-08
sed,charint_2d,1000.0,4499661393248.21,1.4167287496307103e-08
sed,charint_2d,1000.0,5412614194776.85,1.755547173174067e-08
sed,charint_2d,1000.0,6510799338247.85,2.1710925558631355e-08
sed,charint_2d,1000.0,7831799292814.053,2.660189163968686e-08
sed,charint_2d,1000.0,9420821772619.611,3.258851853780065e-08
sed,charint_2d,1000.0,11332246850720.07,3.9907885303104396e-08
sed,charint_2d,1000.0,13631487972619.373,4.882431138489976e-08
sed,charint_2d,1000.0,16397230557668.22,5.926666883863086e-08
sed,charint_2d,1000.0,19724124798509.7,7.163885457065755e-08
sed,charint_2d,1000.0,23726024812479.625,8.65690690939781e-08
sed,charint_2d,1000.0,28539884996313.336,1.0453851905902767e-07
sed,charint_2d,1000.0,34330446926547.934,1.2575398302671314e-07
sed,charint_2d,1000.0,41295877202335.2,1.497480275425537e-07
sed,charint_2d,1000.0,49674549170858.35,1.7828743678918997e-07
sed,charint_2d,1000.0,59753200621888.914,2.1216615714812077e-07
sed,charint_2d,1000.0,71876746626908.75,2.5217802147830854e-07
sed,charint_2d,1000.0,86460083341147.77,2.9726179089420277e-07
sed,charint_2d,1000.0,104002286722304.8,3.494245210879474e-07
sed,charint_2d,1000.0,125103692079380.17,4.106675901474575e-07
sed,charint_2d,1000.0,150486438953806.2,4.823703829611837e-07
sed,charint_2d,1000.0,181019184426853.7,5.635235262780232e-07
sed,charint_2d,1000.0,217746830600608.62,6.510526746621043e-07
sed,charint_2d,1000.0,261926283596582.53,7.520413719527729e-07
sed,charint_2d,1000.0,315069467828688.6,8.682062476890211e-07
sed,charint_2d,1000.0,378995067599805.7,1.0002690422624783e-06
sed,charint_2d,1000.0,455890766740627.8,1.1364996557016801e-06
sed,charint_2d,1000.0,548388116277063.7,1.2876025776386972e-06
sed,charint_2d,1000.0,659652592273280.9,1.4583222303434581e-06
sed,charint_2d,1000.0,793491925840727.0,1.650388287122509e-06
sed,charint_2d,1000.0,954486412620035.6,1.8648733559179655e-06
sed,charint_2d,1000.0,1148145661231499.5,2.1055864340136744e-06
sed,charint_2d,1000.0,1381097144993614.5,2.377180484346293e-06
sed,charint_2d,1000.0,1661313009591127.0,2.6831086673014188e-06
sed,charint_2d,1000.0,1998382898582786.8,3.0255599648819844e-06
sed,charint_2d,1000.0,2403842133476685.5,3.3915563948642123e-06
sed,charint_2d,1000.0,2891566479464849.5,3.7990398926178206e-06
sed,charint_2d,1000.0,3478247006625142.0,4.252754446263724e-06
sed,charint_2d,1000.0,4183961297454212.0,4.7524289036638485e-06
sed,charint_2d,1000.0,5032860548791150.0,5.282458535061989e-06
sed,charint_2d,1000.0,6053996082370733.0,5.8561224423566835e-06
sed,charint_2d,1000.0,7282313549133226.0,6.491576169613323e-06
sed,charint_2d,1000.0,8759848851293366.0,7.196859458159783e-06
sed,charint_2d,1000.0,1.053716670942278e+16,7.98723003818803e-06
sed,charint_2d,1000.0,1.2675091105684438e+16,8.86618030070641e-06
sed,charint_2d,1000.0,1.5246786823039662e+16,9.843828452064268e-06
sed,charint_2d,1000.0,1.8340263315579784e+16,1.0934680146610875e-05
sed,charint_2d,1000.0,2.206138659829082e+16,1.2155955849144001e-05
sed,charint_2d,1000.0,2.653750223017776e+16,1.3412921521991436e-05
sed,charint_2d,1000.0,3.1921793377721956e+16,1.4708881455854457e-05
sed,charint_2d,1000.0,3.839852310181596e+16,1.612683317228769e-05
sed,charint_2d,1000.0,4.618934027151852e+16,1.7669875008099302e-05
sed,charint_2d,1000.0,5.556086490777627e+16,1.931271918622677e-05
sed,charint_2d,1000.0,6.683381254535184e+16,2.1028499196615105e-05
sed,charint_2d,1000.0,8.039396987000581e+16,2.289649304894729e-05
sed,charint_2d,1000.0,9.670539724295523e+16,2.4928798786918266e-05
sed,charint_2d,1000.0,1.1632630993393557e+17,2.7131529779355223e-05
sed,charint_2d,1000.0,1.3992818155588197e+17,2.910362020650439e-05
sed,charint_2d,1000.0,1.6831872346553197e+17,3.1038088127747955e-05
sed,charint_2d,1000.0,2.0246952653888422e+17,3.3105228366394645e-05
sed,charint_2d,1000.0,2.4354931128784736e+17,3.529450710424791e-05
sed,charint_2d,1000.0,2.929639242149984e+17,3.708429566008512e-05
sed,charint_2d,1000.0,3.5240444917543885e+17,3.7491633446515724e-05
sed,charint_2d,1000.0,4.2390508022928634e+17,3.7936746837828394e-05
sed,charint_2d,1000.0,5.099127365294392e+17,3.840057927827957e-05
sed,charint_2d,1000.0,6.13370801629227e+17,3.878815742352366e-05
sed,charint_2d,1000.0,7.378198529652922e+17,3.87301641864504e-05
sed,charint_2d,1000.0,8.875188287146373e+17,3.861618119605189e-05
sed,charint_2d,1000.0,1.0675907786396411e+18,3.850293904320739e-05
sed,charint_2d,1000.0,1.2841981868565496e+18,3.830997112015632e-05
sed,charint_2d,1000.0,1.5447538664834376e+18,3.770901415990771e-05
sed,charint_2d,1000.0,1.858174643476666e+18,3.679853285796861e-05
sed,charint_2d,1000.0,2.2351865113112212e+18,3.586481608156792e-05
sed,charint_2d,1000.0,2.688691699613285e+18,3.481197500615324e-05
sed,charint_2d,1000.0,3.234210218693835e+18,3.339243997314023e-05
sed,charint_2d,1000.0,3.890410990671853e+18,3.082150590934612e-05
sed,charint_2d,1000.0,4.679750743738878e+18,2.829492921089955e-05
sed,charint_2d,1000.0,5.629242534023988e+18,2.588177023449887e-05
sed,charint_2d,1000.0,6.771380195678424e+18,2.353253285978785e-05
sed,charint_2d,1000.0,8.145250356027911e+18,2.1436994522390198e-05
sed,charint_2d,1000.0,9.797870071557206e+18,1.9697789008515815e-05
sed,charint_2d,1000.0,1.1785795861765243e+19,1.812800566972976e-05
sed,charint_2d,1000.0,1.4177059205800034e+19,1.6741247089190462e-05
sed,charint_2d,1000.0,1.7053494739103482e+19,1.5570509126349022e-05
sed,charint_2d,1000.0,2.0513540826411364e+19,1.4419840160573762e-05
sed,charint_2d,1000.0,2.4675608353280238e+19,1.3354842526586295e-05
sed,charint_2d,1000.0,2.9682133024081723e+19,1.2360694042248953e-05
sed,charint_2d,1000.0,3.5704449845597057e+19,1.1392758739448132e-05
sed,charint_2d,1000.0,4.294865661246373e+19,1.0291832632707221e-05
sed,charint_2d,1000.0,5.166266705668838e+19,9.214380934320055e-06
sed,charint_2d,1000.0,6.214469503653066e+19,8.249518895512026e-06
sed,charint_2d,1000.0,7.475346011358218e+19,7.3947345311967544e-06
sed,charint_2d,1000.0,8.992046377680455e+19,6.711199574609812e-06
sed,charint_2d,1000.0,1.0816475643468497e+20,6.330427423315968e-06
sed,charint_2d,1000.0,1.3011070053658575e+20,5.981278140212333e-06
sed,charint_2d,1000.0,1.5650933771892366e+20,5.67067487253072e-06
sed,charint_2d,1000.0,1.8826409120999486e+20,5.404435193559629e-06
sed,charint_2d,1000.0,2.2646168308997633e+20,5.155966951046365e-06
sed,charint_2d,1000.0,2.7240932446719387e+20,4.909429928931228e-06
sed,charint_2d,1000.0,3.2767945130563266e+20,4.6712580355915365e-06
sed,charint_2d,1000.0,3.9416353686854605e+20,4.43875138560922e-06
sed,charint_2d,1000.0,4.741368223661015e+20,4.229307967308653e-06
sed,charint_2d,1000.0,5.70336181041518e+20,4.08396261970116e-06
sed,charint_2d,1000.0,6.860537803871738e+20,3.947873974354283e-06
sed,charint_2d,1000.0,8.25249747831211e+20,3.825950163815629e-06
sed,charint_2d,1000.0,9.926876955785307e+20,3.731421173892313e-06
sed,charint_2d,1000.0,1.1940977425836865e+21,3.6831487509551838e-06
sed,charint_2d,1000.0,1.4363726126498128e+21,3.6432954836580346e-06
sed,charint_2d,1000.0,1.7278035195899148e+21,3.605362548070784e-06
sed,charint_2d,1000.0,2.0783639119935753e+21,3.564554176620555e-06
sed,charint_2d,1000.0,2.500050788009991e+21,3.4997670831939494e-06
sed,charint_2d,1000.0,3.007295260739063e+21,3.413853929369634e-06
sed,charint_2d,1000.0,3.617456424740264e+21,3.3298383600377913e-06
sed,charint_2d,1000.0,4.351415424928593e+21,3.2482113856149694e-06
sed,charint_2d,1000.0,5.234290058287535e+21,3.1743369538801e-06
sed,charint_2d,1000.0,6.296294363744258e+21,3.144114949177952e-06
sed,charint_2d,1000.0,7.573772617386789e+21,3.1232833148710366e-06
sed,charint_2d,1000.0,9.11044311876265e+21,3.1073774374991013e-06
sed,charint_2d,1000.0,1.0958894333541128e+22,3.094477316467058e-06
sed,charint_2d,1000.0,1.3182384594047174e+22,3.0227423195261944e-06
sed,charint_2d,1000.0,1.5857006947636297e+22,2.897165215664849e-06
sed,charint_2d,1000.0,1.9074293239095126e+22,2.7866798265217683e-06
sed,charint_2d,1000.0,2.2944346544870544e+22,2.684987128099034e-06
sed,charint_2d,1000.0,2.759960915836728e+22,2.5724838341272052e-06
sed,charint_2d,1000.0,3.3199395075600096e+22,2.4313788221550775e-06
sed,charint_2d,1000.0,3.993534209348141e+22,2.3161997487908707e-06
sed,charint_2d,1000.0,4.803797010432569e+22,2.2291775147484325e-06
sed,charint_2d,1000.0,5.778457002677744e+22,2.1780236332564174e-06
sed,charint_2d,1000.0,6.950869335086453e+22,2.2229175280884937e-06
sed,charint_2d,1000.0,8.361156705164745e+22,2.3219860284280474e-06
sed,charint_2d,1000.0,1.0057582451656214e+23,2.433477511654988e-06
sed,charint_2d,1000.0,1.209820223909676e+23,2.560033087798378e-06
sed,charint_2d,1000.0,1.4552850858705558e+23,2.698516859617662e-06
sed,charint_2d,1000.0,1.7505532138594733e+23,2.8130553233108865e-06
sed,charint_2d,1000.0,2.105729375162634e+23,2.9329852899430204e-06
sed,charint_2d,1000.0,2.532968530357836e+23,3.0568048785836347e-06
sed,charint_2d,1000.0,3.046891804549984e+23,3.1838597405123857e-06
sed,charint_2d,1000.0,3.665086856536018e+23,3.3385364908919544e-06
sed,charint_2d,1000.0,4.408709769704786e+23,3.521765457514551e-06
sed,charint_2d,1000.0,5.3032090627889366e+23,3.724184707535141e-06
sed,charint_2d,1000.0,6.379196597813281e+23,3.945150349905461e-06
sed,charint_2d,1000.0,7.67349518975057e+23,4.135867339124145e-06
sed,charint_2d,1000.0,9.230398769542383e+23,4.1846035219828616e-06
sed,charint_2d,1000.0,1.1103188226216768e+24,4.246280617629826e-06
sed,charint_2d,1000.0,1.3355954803771882e+24,4.316271287138873e-06
sed,charint_2d,1000.0,1.6065793453739944e+24,4.381097807096261e-06
sed,charint_2d,1000.0,1.9325441205097672e+24,4.447834927529251e-06
sed,charint_2d,1000.0,2.3246450842721588e+24,4.579518362286539e-06
sed,charint_2d,1000.0,2.7963008505106185e+24,4.769278941493083e-06
sed,charint_2d,1000.0,3.3636525848480433e+24,5.002242781094526e-06
sed,charint_2d,1000.0,4.0461163931945993e+24,5.167713461544242e-06
sed,charint_2d,1000.0,4.867047786392459e+24,5.156810937844175e-06
sed,charint_2d,1000.0,5.854540960529565e+24,5.17507519025045e-06
sed,charint_2d,1000.0,7.042390246166839e+24,5.2118729961628835e-06
sed,charint_2d,1000.0,8.4712466295257e+24,5.259534250385527e-06
sed,charint_2d,1000.0,1.0190008924499732e+25,5.409611439542229e-06
sed,charint_2d,1000.0,1.2257497204658623e+25,5.589699457663182e-06
sed,charint_2d,1000.0,1.474446576400706e+25,5.778694452473422e-06
sed,charint_2d,1000.0,1.7736024494735567e+25,5.968001726322755e-06
sed,charint_2d,1000.0,2.1334551547181226e+25,5.923144036903461e-06
sed,charint_2d,1000.0,2.566319695005151e+25,5.588661958919552e-06
sed,charint_2d,1000.0,3.0870097093001393e+25,5.271388340833513e-06
sed,charint_2d,1000.0,3.7133444301039363e+25,4.963143929541114e-06
sed,charint_2d,1000.0,4.4667584993472284e+25,4.6226040667324825e-06
sed,charint_2d,1000.0,5.373035512068676e+25,3.9768396483192675e-06
sed,charint_2d,1000.0,6.4631903914594545e+25,3.4033503372596923e-06
sed,charint_2d,1000.0,7.77453079221715e+25,2.9046067542591042e-06
sed,charint_2d,1000.0,9.351933855917773e+25,2.4566919075045484e-06
sed,charint_2d,1000.0,1.124938201196837e+26,1.971022790584148e-06
sed,charint_2d,1000.0,1.3531810382845927e+26,1.5297576801734725e-06
sed,charint_2d,1000.0,1.6277329016161534e+26,1.1881867036634124e-06
sed,charint_2d,1000.0,1.9579895993535867e+26,9.242993725680893e-07
sed,charint_2d,1000.0,2.355253289633944e+26,7.208010351825271e-07
sed,charint_2d,1000.0,2.8331192669066454e+26,5.491205128779653e-07
sed,charint_2d,1000.0,3.407941224769592e+26,4.184103274948783e-07
sed,charint_2d,1000.0,4.0993909176879945e+26,3.1883932699756527e-07
sed,charint_2d,1000.0,4.931131374532179e+26,2.428792847847262e-07
sed,charint_2d,1000.0,5.93162670287843e+26,1.8597962860879765e-07
sed,charint_2d,1000.0,7.135116197474798e+26,1.4299049255063775e-07
sed,charint_2d,1000.0,8.582786089145135e+26,1.099817516571594e-07
sed,charint_2d,1000.0,1.0324179034126238e+27,8.470475319449689e-08
sed,charint_2d,1000.0,1.2418889579864547e+27,6.543782840539005e-08
sed,charint_2d,1000.0,1.493860363008731e+27,5.0361740541478717e-08
sed,charint_2d,1000.0,1.796955170441977e+27,3.877905479883382e-08
sed,charint_2d,1000.0,2.161545994884469e+27,2.986805865016435e-08
sed,charint_2d,1000.0,2.600109988749392e+27,2.3003341332399472e-08
sed,charint_2d,1000.0,3.12765583966015e+27,1.7793982923609538e-08
sed,charint_2d,1000.0,3.762237402912806e+27,1.379310140629135e-08
sed,charint_2d,1000.0,4.5255715467128334e+27,1.0695806471127242e-08
sed,charint_2d,1000.0,5.443781354297298e+27,8.295843347297415e-09
sed,charint_2d,1000.0,6.548290117061673e+27,6.518999114580223e-09
sed,charint_2d,1000.0,7.876896713230017e+27,5.283893073500246e-09
sed,charint_2d,1000.0,9.475069174048018e+27,4.280636137491063e-09
sed,charint_2d,1000.0,1.1397500706363858e+28,3.4595958732931143e-09
sed,charint_2d,1000.0,1.3709981422337991e+28,2.7624594882994957e-09
sed,charint_2d,1000.0,1.6491649831256495e+28,1.9663950320026317e-09
sed,charint_2d,1000.0,1.9837701144776913e+28,1.3714349083457064e-09
sed,charint_2d,1000.0,2.38626450801555e+28,9.58341460576925e-10
sed,charint_2d,1000.0,2.8704224651120867e+28,6.753131608769847e-10
sed,charint_2d,1000.0,3.452813005659635e+28,5.165383902144035e-10
sed,charint_2d,1000.0,4.153366898759547e+28,4.326048710201928e-10
sed,charint_2d,1000.0,4.996058740347587e+28,3.59845046408684e-10
sed,charint_2d,1000.0,6.009727420050007e+28,2.944413004942548e-10
sed,charint_2d,1000.0,7.2290630555693745e+28,2.2602961960462846e-10
sed,charint_2d,1000.0,8.69579416980658e+28,1.2149344063951327e-10
sed,charint_2d,1000.0,1.0460115738703708e+29,6.406619931466734e-11
sed,charint_2d,1000.0,1.2582406980949714e+29,3.40281850774516e-11
sed,charint_2d,1000.0,1.513529767634035e+29,1.8180521446946383e-11
sed,charint_2d,1000.0,1.820615372704636e+29,8.497388813647221e-12
sed,charint_2d,1000.0,2.1900067023524398e+29,3.4658521504726e-12
sed,charint_2d,1000.0,2.6343451935285067e+29,1.4153003861925387e-12
sed,charint_2d,1000.0,3.1688371506864813e+29,5.777937708930195e-13
sed,charint_2d,1000.0,3.811774141156066e+29,2.3404236810308896e-13
sed,charint_2d,1000.0,4.585158975442635e+29,8.541287652464301e-14
sed,charint_2d,1000.0,5.5154586949650035e+29,3.1183190903005695e-14
sed,charint_2d,1000.0,6.634510336237281e+29,1.139350360032696e-14
sed,charint_2d,1000.0,7.98061046886659e+29,4.154776097034922e-15
sed,charint_2d,1000.0,9.599825793911563e+29,1.457613160521897e-15
sed,charint_2d,1000.0,1.1547569654347151e+30,5.031917532656617e-16
sed,charint_2d,1000.0,1.3890498409520274e+30,1.742581489793733e-16
sed,charint_2d,1000.0,1.670879257197189e+30,6.067897503597279e-17
sed,charint_2d,1000.0,2.0098900772476115e+30,2.1411704571246912e-17
sed,charint_2d,1000.0,2.417684045820695e+30,1.455284106136333e-17
sed,charint_2d,100000.0,100000000.0,1.6414102727833173e-18
sed,charint_2d,100000.0,120289366.72653936,2.8560857812888414e-18
sed,charint_2d,100000.0,144695317.47471872,4.969242089639745e-18
sed,charint_2d,100000.0,174053081.0732948,8.644502100291828e-18
sed,charint_2d,100000.0,209367348.99109644,1.5037990765042155e-17
sed,charint_2d,100000.0,251846658.23353347,2.6160114706686392e-17
sed,charint_2d,100000.0,302944750.3110693,4.550817646422804e-17
sed,charint_2d,100000.0,364410321.68048114,7.913681545499048e-17
sed,charint_2d,100000.0,438346868.2355957,1.3760930453733592e-16
sed,charint_2d,100000.0,527284671.86621594,2.3928585764704756e-16
sed,charint_2d,100000.0,634267392.6339822,4.1608902865208215e-16
sed,charint_2d,100000.0,762956229.95235,7.233186849021944e-16
sed,charint_2d,100000.0,917755217.4103613,1.2569397048597884e-15
sed,charint_2d,100000.0,1103961939.122698,2.1842342299090227e-15
sed,charint_2d,100000.0,1327948825.4727173,3.795630912102986e-15
sed,charint_2d,100000.0,1597381232.613649,6.5957215554352354e-15
sed,charint_2d,100000.0,1921479768.9195468,1.1452695870635469e-14
sed,charint_2d,100000.0,2311335845.8118944,1.9885859560195567e-14
sed,charint_2d,100000.0,2780291251.8506303,3.4528762116166755e-14
sed,charint_2d,100000.0,3344394740.004496,5.995392918537199e-14
sed,charint_2d,100000.0,4022951253.587101,1.0408304828865966e-13
sed,charint_2d,100000.0,4839182586.6573,1.806658755446364e-13
sed,charint_2d,100000.0,5821022088.231032,3.135972693205384e-13
sed,charint_2d,100000.0,7002070606.945086,5.443377199072919e-13
sed,charint_2d,100000.0,8422746390.839395,9.420802141856671e-13
sed,charint_2d,100000.0,10131668294.523115,1.5892319682905343e-12
sed,charint_2d,100000.0,12187319630.315475,2.6809520690030825e-12
sed,charint_2d,100000.0,14660049604.245642,4.522651831500195e-12
sed,charint_2d,100000.0,17634480830.743694,7.62956210328961e-12
sed,charint_2d,100000.0,21212405316.81448,1.1691639902743632e-11
sed,charint_2d,100000.0,25516268023.063004,1.7027990105061623e-11
sed,charint_2d,100000.0,30693357217.188824,2.4800601078451236e-11
sed,charint_2d,100000.0,36920845023.67115,3.612200944155437e-11
sed,charint_2d,100000.0,44411850669.06087,5.148128170659407e-11
sed,charint_2d,100000.0,53422733921.34986,6.74420659655945e-11
sed,charint_2d,100000.0,64261868321.99561,8.835171108475852e-11
sed,charint_2d,100000.0,77300194451.17143,1.157448431029262e-10
sed,charint_2d,100000.0,92983914383.69725,1.5163202163317638e-10
sed,charint_2d,100000.0,111849761769.69742,1.9307870152453949e-10
sed,charint_2d,100000.0,134543370117.91139,2.4362580953636957e-10
sed,charint_2d,100000.0,161841367887.38028,3.0740618050933266e-10
sed,charint_2d,100000.0,194677956533.29776,3.8788435996614463e-10
sed,charint_2d,100000.0,234176881070.0714,4.871426256779288e-10
sed,charint_2d,100000.0,281689887259.1501,6.054822892629675e-10
sed,charint_2d,100000.0,338842981516.7343,7.525701293804153e-10
sed,charint_2d,100000.0,407592076663.8045,9.353900144591508e-10
sed,charint_2d,100000.0,490289927846.4412,1.1626224445856382e-09
sed,charint_2d,100000.0,589766649330.4908,1.4300377847073447e-09
sed,charint_2d,100000.0,709426567643.9775,1.7561006180826107e-09
sed,charint_2d,100000.0,853364725608.7649,2.1565121757298437e-09
sed,charint_2d,100000.0,1026507024302.4535,2.6482261444896554e-09
sed,charint_2d,100000.0,1234778798936.8647,3.234318367663245e-09
sed,charint_2d,100000.0,1485307597714.7231,3.920053958208221e-09
sed,charint_2d,100000.0,1786667103232.2153,4.751188874482725e-09
sed,charint_2d,100000.0,2149170543989.437,5.758554983239637e-09
sed,charint_2d,100000.0,2585223637238.2144,6.978316509708502e-09
sed,charint_2d,100000.0,3109749141698.6553,8.33373609988319e-09
sed,charint_2d,100000.0,3740697549333.305,9.946253905030024e-09
sed,charint_2d,100000.0,4499661393248.21,1.1870841193915307e-08
sed,charint_2d,100000.0,5412614194776.85,1.4167903930518444e-08
sed,charint_2d,100000.0,6510799338247.85,1.6712209126471788e-08
sed,charint_2d,100000.0,7831799292814.053,1.9504115124105316e-08
sed,charint_2d,100000.0,9420821772619.611,2.2762705814574074e-08
sed,charint_2d,100000.0,11332246850720.07,2.6566036161206804e-08
sed,charint_2d,100000.0,13631487972619.373,3.095234559226088e-08
sed,charint_2d,100000.0,16397230557668.22,3.531145209320789e-08
sed,charint_2d,100000.0,19724124798509.7,4.028510754727515e-08
sed,charint_2d,100000.0,23726024812479.625,4.5960041837410884e-08
sed,charint_2d,100000.0,28539884996313.336,5.243523755268174e-08
sed,charint_2d,100000.0,34330446926547.934,5.898773212542045e-08
sed,charint_2d,100000.0,41295877202335.2,6.581165540715828e-08
sed,charint_2d,100000.0,49674549170858.35,7.342820365055273e-08
sed,charint_2d,100000.0,59753200621888.914,8.192981891902984e-08
sed,charint_2d,100000.0,71876746626908.75,9.076196466355834e-08
sed,charint_2d,100000.0,86460083341147.77,9.726598231425906e-08
sed,charint_2d,100000.0,104002286722304.8,1.0424029867955235e-07
sed,charint_2d,100000.0,125103692079380.17,1.1171923584946636e-07
sed,charint_2d,100000.0,150486438953806.2,1.197396442204883e-07
sed,charint_2d,100000.0,181019184426853.7,1.2477944923478165e-07
sed,charint_2d,100000.0,217746830600608.62,1.2868107556712296e-07
sed,charint_2d,100000.0,261926283596582.53,1.32705189537066e-07
sed,charint_2d,100000.0,315069467828688.6,1.368556529746089e-07
sed,charint_2d,100000.0,378995067599805.7,1.4065665185513486e-07
sed,charint_2d,100000.0,455890766740627.8,1.4339655927063974e-07
sed,charint_2d,100000.0,548388116277063.7,1.4619517379217024e-07
sed,charint_2d,100000.0,659652592273280.9,1.49053862685325e-07
sed,charint_2d,100000.0,793491925840727.0,1.519740273771017e-07
sed,charint_2d,100000.0,954486412620035.6,1.550663711252438e-07
sed,charint_2d,100000.0,1148145661231499.5,1.5832135411598752e-07
sed,charint_2d,100000.0,1381097144993614.5,1.6167327197615396e-07
sed,charint_2d,100000.0,1661313009591127.0,1.6512516642161442e-07
sed,charint_2d,100000.0,1998382898582786.8,1.688482776193947e-07
sed,charint_2d,100000.0,2403842133476685.5,1.728469487543204e-07
sed,charint_2d,100000.0,2891566479464849.5,1.769454041629822e-07
sed,charint_2d,100000.0,3478247006625142.0,1.811462466519926e-07
sed,charint_2d,100000.0,4183961297454212.0,1.854310827868966e-07
sed,charint_2d,100000.0,5032860548791150.0,1.8480945369752202e-07
sed,charint_2d,100000.0,6053996082370733.0,1.838518132101962e-07
sed,charint_2d,100000.0,7282313549133226.0,1.8290019227820404e-07
sed,charint_2d,100000.0,8759848851293366.0,1.8195456559331053e-07
sed,charint_2d,100000.0,1.053716670942278e+16,1.7689328789517807e-07
sed,charint_2d,100000.0,1.2675091105684438e+16,1.6800933673161087e-07
sed,charint_2d,100000.0,1.5246786823039662e+16,1.5957726158644582e-07
sed,charint_2d,100000.0,1.8340263315579784e+16,1.5157384829545463e-07
sed,charint_2d,100000.0,2.206138659829082e+16,1.4414901953819409e-07
sed,charint_2d,100000.0,2.653750223017776e+16,1.4004487774256608e-07
sed,charint_2d,100000.0,3.1921793377721956e+16,1.360645669368947e-07
sed,charint_2d,100000.0,3.839852310181596e+16,1.3220066712218418e-07
sed,charint_2d,100000.0,4.618934027151852e+16,1.2844981089233263e-07
sed,charint_2d,100000.0,5.556086490777627e+16,1.2422933730611419e-07
sed,charint_2d,100000.0,6.683381254535184e+16,1.198043395972686e-07
sed,charint_2d,100000.0,8.039396987000581e+16,1.1554236811550778e-07
sed,charint_2d,100000.0,9.670539724295523e+16,1.1143750983234537e-07
sed,charint_2d,100000.0,1.1632630993393557e+17,1.0686777496441695e-07
sed,charint_2d,100000.0,1.3992818155588197e+17,9.919577781343469e-08
sed,charint_2d,100000.0,1.6831872346553197e+17,9.207785930722039e-08
sed,charint_2d,100000.0,2.0246952653888422e+17,8.547460277427091e-08
sed,charint_2d,100000.0,2.4354931128784736e+17,7.934953977116528e-08
sed,charint_2d,100000.0,2.929639242149984e+17,7.536018819816636e-08
sed,charint_2d,100000.0,3.5240444917543885e+17,7.226452853124377e-08
sed,charint_2d,100000.0,4.2390508022928634e+17,6.930214830167574e-08
sed,charint_2d,100000.0,5.099127365294392e+17,6.646849457073676e-08
sed,charint_2d,100000.0,6.13370801629227e+17,6.30774907352148e-08
sed,charint_2d,100000.0,7.378198529652922e+17,5.8076524317433715e-08
sed,charint_2d,100000.0,8.875188287146373e+17,5.348998163727361e-08
sed,charint_2d,100000.0,1.0675907786396411e+18,4.928606815668556e-08
sed,charint_2d,100000.0,1.2841981868565496e+18,4.54359954550863e-08
sed,charint_2d,100000.0,1.5447538664834376e+18,4.125915651070811e-08
sed,charint_2d,100000.0,1.858174643476666e+18,3.735584528550909e-08
sed,charint_2d,100000.0,2.2351865113112212e+18,3.3860964968306145e-08
sed,charint_2d,100000.0,2.688691699613285e+18,3.0738653282641005e-08
sed,charint_2d,100000.0,3.234210218693835e+18,2.829925442974619e-08
sed,charint_2d,100000.0,3.890410990671853e+18,2.6669760390545216e-08
sed,charint_2d,100000.0,4.679750743738878e+18,2.5180695060741306e-08
sed,charint_2d,100000.0,5.629242534023988e+18,2.3828609813647983e-08
sed,charint_2d,100000.0,6.771380195678424e+18,2.260988192345542e-08
sed,charint_2d,100000.0,8.145250356027911e+18,2.082434129646448e-08
sed,charint_2d,100000.0,9.797870071557206e+18,1.922487998926025e-08
sed,charint_2d,100000.0,1.1785795861765243e+19,1.786716532417267e-08
sed,charint_2d,100000.0,1.4177059205800034e+19,1.6739403193048756e-08
sed,charint_2d,100000.0,1.7053494739103482e+19,1.6076503406773537e-08
sed,charint_2d,100000.0,2.0513540826411364e+19,1.5815607706420503e-08
sed,charint_2d,100000.0,2.4675608353280238e+19,1.565628422897659e-08
sed,charint_2d,100000.0,2.9682133024081723e+19,1.560409505175253e-08
sed,charint_2d,100000.0,3.5704449845597057e+19,1.5670645911234138e-08
sed,charint_2d,100000.0,4.294865661246373e+19,1.602368472500464e-08
sed,charint_2d,100000.0,5.166266705668838e+19,1.6485173397919205e-08
sed,charint_2d,100000.0,6.214469503653066e+19,1.7064973515781154e-08
sed,charint_2d,100000.0,7.475346011358218e+19,1.7776063208441147e-08
sed,charint_2d,100000.0,8.992046377680455e+19,1.8448862351853017e-08
sed,charint_2d,100000.0,1.0816475643468497e+20,1.9104049568901526e-08
sed,charint_2d,100000.0,1.3011070053658575e+20,1.9873954647384792e-08
sed,charint_2d,100000.0,1.5650933771892366e+20,2.0767743847858012e-08
sed,charint_2d,100000.0,1.8826409120999486e+20,2.1816662878762796e-08
sed,charint_2d,100000.0,2.2646168308997633e+20,2.3146472455728186e-08
sed,charint_2d,100000.0,2.7240932446719387e+20,2.4607153886015494e-08
sed,charint_2d,100000.0,3.2767945130563266e+20,2.6211010408131287e-08
sed,charint_2d,100000.0,3.9416353686854605e+20,2.797151294121406e-08
sed,charint_2d,100000.0,4.741368223661015e+20,2.949114785244725e-08
sed,charint_2d,100000.0,5.70336181041518e+20,3.0946830472318487e-08
sed,charint_2d,100000.0,6.860537803871738e+20,3.25266424576461e-08
sed,charint_2d,100000.0,8.25249747831211e+20,3.423895406897527e-08
sed,charint_2d,100000.0,9.926876955785307e+20,3.602285918256756e-08
sed,charint_2d,100000.0,1.1940977425836865e+21,3.772479110844933e-08
sed,charint_2d,100000.0,1.4363726126498128e+21,3.95476283312942e-08
sed,charint_2d,100000.0,1.7278035195899148e+21,4.149872596794127e-08
sed,charint_2d,100000.0,2.0783639119935753e+21,4.358593223891893e-08
sed,charint_2d,100000.0,2.500050788009991e+21,4.5576262431745235e-08
sed,charint_2d,100000.0,3.007295260739063e+21,4.763735279967495e-08
sed,charint_2d,100000.0,3.617456424740264e+21,4.984201874677821e-08
sed,charint_2d,100000.0,4.351415424928593e+21,5.219711549914809e-08
sed,charint_2d,100000.0,5.234290058287535e+21,5.4203087651627406e-08
sed,charint_2d,100000.0,6.296294363744258e+21,5.5371254100633815e-08
sed,charint_2d,100000.0,7.573772617386789e+21,5.661842927976566e-08
sed,charint_2d,100000.0,9.11044311876265e+21,5.794427169722045e-08
sed,charint_2d,100000.0,1.0958894333541128e+22,5.934959423702091e-08
sed,charint_2d,100000.0,1.3182384594047174e+22,6.14608974778117e-08
sed,charint_2d,100000.0,1.5857006947636297e+22,6.37169180187451e-08
sed,charint_2d,100000.0,1.9074293239095126e+22,6.605809920475534e-08
sed,charint_2d,100000.0,2.2944346544870544e+22,6.848768149209865e-08
sed,charint_2d,100000.0,2.759960915836728e+22,6.991448193068589e-08
sed,charint_2d,100000.0,3.3199395075600096e+22,7.00669019925649e-08
sed,charint_2d,100000.0,3.993534209348141e+22,7.022679710074168e-08
sed,charint_2d,100000.0,4.803797010432569e+22,7.039421680985427e-08
sed,charint_2d,100000.0,5.778457002677744e+22,7.061060247884311e-08
sed,charint_2d,100000.0,6.950869335086453e+22,7.227338499677623e-08
sed,charint_2d,100000.0,8.361156705164745e+22,7.400811142327621e-08
sed,charint_2d,100000.0,1.0057582451656214e+23,7.5791727873374e-08
sed,charint_2d,100000.0,1.209820223909676e+23,7.7625431743134e-08
sed,charint_2d,100000.0,1.4552850858705558e+23,7.735095363840794e-08
sed,charint_2d,100000.0,1.7505532138594733e+23,7.543395415782808e-08
sed,charint_2d,100000.0,2.105729375162634e+23,7.357651086219629e-08
sed,charint_2d,100000.0,2.532968530357836e+23,7.17764120073368e-08
sed,charint_2d,100000.0,3.046891804549984e+23,7.019452884881406e-08
sed,charint_2d,100000.0,3.665086856536018e+23,6.996433165291785e-08
sed,charint_2d,100000.0,4.408709769704786e+23,6.983292314597881e-08
sed,charint_2d,100000.0,5.3032090627889366e+23,6.977841016680866e-08
sed,charint_2d,100000.0,6.379196597813281e+23,6.978383511183079e-08
sed,charint_2d,100000.0,7.67349518975057e+23,6.720903521794574e-08
sed,charint_2d,100000.0,9.230398769542383e+23,6.356905181935779e-08
sed,charint_2d,100000.0,1.1103188226216768e+24,6.019282235375236e-08
sed,charint_2d,100000.0,1.3355954803771882e+24,5.703644808720621e-08
sed,charint_2d,100000.0,1.6065793453739944e+24,5.427673773606006e-08
sed,charint_2d,100000.0,1.9325441205097672e+24,5.2375406146249815e-08
sed,charint_2d,100000.0,2.3246450842721588e+24,5.054656184934505e-08
sed,charint_2d,100000.0,2.7963008505106185e+24,4.878544783949121e-08
sed,charint_2d,100000.0,3.3636525848480433e+24,4.708824219869265e-08
sed,charint_2d,100000.0,4.0461163931945993e+24,4.3967746419373065e-08
sed,charint_2d,100000.0,4.867047786392459e+24,4.06431011460485e-08
sed,charint_2d,100000.0,5.854540960529565e+24,3.757018610707916e-08
sed,charint_2d,100000.0,7.042390246166839e+24,3.472985107468185e-08
sed,charint_2d,100000.0,8.4712466295257e+24,3.1394123837302556e-08
sed,charint_2d,100000.0,1.0190008924499732e+25,2.7057967406576476e-08
sed,charint_2d,100000.0,1.2257497204658623e+25,2.3320796685975957e-08
sed,charint_2d,100000.0,1.474446576400706e+25,2.0099853034703745e-08
sed,charint_2d,100000.0,1.7736024494735567e+25,1.7323824077776524e-08
sed,charint_2d,100000.0,2.1334551547181226e+25,1.5220010949662913e-08
sed,charint_2d,100000.0,2.566319695005151e+25,1.340881818627732e-08
sed,charint_2d,100000.0,3.0870097093001393e+25,1.1813391051226139e-08
sed,charint_2d,100000.0,3.7133444301039363e+25,1.0407995059411397e-08
sed,charint_2d,100000.0,4.4667584993472284e+25,8.886880094069866e-09
sed,charint_2d,100000.0,5.373035512068676e+25,7.273570106129752e-09
sed,charint_2d,100000.0,6.4631903914594545e+25,5.953518592675824e-09
sed,charint_2d,100000.0,7.77453079221715e+25,4.873347626495476e-09
sed,charint_2d,100000.0,9.351933855917773e+25,3.990203375768482e-09
sed,charint_2d,100000.0,1.124938201196837e+26,3.32608471103518e-09
sed,charint_2d,100000.0,1.3531810382845927e+26,2.774417592483266e-09
sed,charint_2d,100000.0,1.6277329016161534e+26,2.3142930229208034e-09
sed,charint_2d,100000.0,1.9579895993535867e+26,1.9305132671104986e-09
sed,charint_2d,100000.0,2.355253289633944e+26,1.5341094241486517e-09
sed,charint_2d,100000.0,2.8331192669066454e+26,1.1680554711711904e-09
sed,charint_2d,100000.0,3.407941224769592e+26,8.894307339279114e-10
sed,charint_2d,100000.0,4.0993909176879945e+26,6.77333182854701e-10
sed,charint_2d,100000.0,4.931131374532179e+26,5.168610081745056e-10
sed,charint_2d,100000.0,5.93162670287843e+26,4.0302438943273694e-10
sed,charint_2d,100000.0,7.135116197474798e+26,3.1428044740341467e-10
sed,charint_2d,100000.0,8.582786089145135e+26,2.450934931889136e-10
sed,charint_2d,100000.0,1.0324179034126238e+27,1.9115008386140457e-10
sed,charint_2d,100000.0,1.2418889579864547e+27,1.4583762864793418e-10
sed,charint_2d,100000.0,1.493860363008731e+27,1.0992956967311284e-10
sed,charint_2d,100000.0,1.796955170441977e+27,8.286320619244957e-11
sed,charint_2d,100000.0,2.161545994884469e+27,6.246132670793188e-11
sed,charint_2d,100000.0,2.600109988749392e+27,4.670088450200867e-11
sed,charint_2d,100000.0,3.12765583966015e+27,3.374801934725127e-11
sed,charint_2d,100000.0,3.762237402912806e+27,2.4388246426116556e-11
sed,charint_2d,100000.0,4.5255715467128334e+27,1.7624708222307465e-11
sed,charint_2d,100000.0,5.443781354297298e+27,1.273715247041891e-11
sed,charint_2d,100000.0,6.548290117061673e+27,8.980886754268012e-12
sed,charint_2d,100000.0,7.876896713230017e+27,6.279966245642128e-12
sed,charint_2d,100000.0,9.475069174048018e+27,4.39189573885087e-12
sed,charint_2d,100000.0,1.1397500706363858e+28,3.0718745565401606e-12
sed,charint_2d,100000.0,1.3709981422337991e+28,2.20107521870917e-12
sed,charint_2d,100000.0,1.6491649831256495e+28,1.6681619504607591e-12
sed,charint_2d,100000.0,1.9837701144776913e+28,1.2643598592640177e-12
sed,charint_2d,100000.0,2.38626450801555e+28,9.58368043092856e-13
sed,charint_2d,100000.0,2.8704224651120867e+28,7.264789846275861e-13
sed,charint_2d,100000.0,3.452813005659635e+28,4.77079602083325e-13
sed,charint_2d,100000.0,4.153366898759547e+28,3.054883279537947e-13
sed,charint_2d,100000.0,4.996058740347587e+28,1.956146009722228e-13
sed,charint_2d,100000.0,6.009727420050007e+28,1.2525953521442302e-13
sed,charint_2d,100000.0,7.2290630555693745e+28,5.685211232559556e-14
sed,charint_2d,100000.0,8.69579416980658e+28,1.5467117384432604e-14
sed,charint_2d,100000.0,1.0460115738703708e+29,4.208343092351383e-15
sed,charint_2d,100000.0,1.2582406980949714e+29,1.1451219120084255e-15
sed,charint_2d,100000.0,1.513529767634035e+29,3.1296130271252526e-16
sed,charint_2d,100000.0,1.820615372704636e+29,1.5362099491715754e-16
sed,charint_2d,100000.0,2.1900067023524398e+29,7.786557030827708e-17
sed,charint_2d,100000.0,2.6343451935285067e+29,3.9471381444066064e-17
sed,charint_2d,100000.0,3.1688371506864813e+29,2.0010651811127763e-17
sed,charint_2d,100000.0,3.811774141156066e+29,6.6516167197046436e-18
sed,charint_2d,100000.0,4.585158975442635e+29,1.476709453537212e-18
sed,charint_2d,100000.0,5.5154586949650035e+29,3.303856182612989e-19
sed,charint_2d,100000.0,6.634510336237281e+29,7.446676533220107e-20
sed,charint_2d,100000.0,7.98061046886659e+29,1.8703906766019564e-20
sed,charint_2d,100000.0,9.599825793911563e+29,1.7352778747861744e-20
sed,charint_2d,100000.0,1.1547569654347151e+30,1.4683418055254188e-20
sed,charint_2d,100000.0,1.3890498409520274e+30,1.021652288504611e-20
sed,charint_2d,100000.0,1.670879257197189e+30,3.3325629885989404e-21
sed,charint_2d,100000.0,2.0098900772476115e+30,0.0
sed,charint_2d,100000.0,2.417684045820695e+30,0.0
sed,charint_2d,10000000.0,100000000.0,3.502869250742068e-18
sed,charint_2d,10000000.0,120289366.72653936,6.077841868456055e-18
sed,charint_2d,10000000.0,144695317.47471872,1.054583147286721e-17
sed,charint_2d,10000000.0,174053081.0732948,1.830395263509974e-17
sed,charint_2d,10000000.0,209367348.99109644,3.1769394708711645e-17
sed,charint_2d,10000000.0,251846658.23353347,5.514079182025118e-17
sed,charint_2d,10000000.0,302944750.3110693,9.570553531811098e-17
sed,charint_2d,10000000.0,364410321.68048114,1.6627928503480542e-16
sed,charint_2d,10000000.0,438346868.2355957,2.8909156669635766e-16
sed,charint_2d,10000000.0,527284671.86621594,5.026118235039718e-16
sed,charint_2d,10000000.0,634267392.6339822,8.738361004829946e-16
sed,charint_2d,10000000.0,762956229.95235,1.5189273182205447e-15
sed,charint_2d,10000000.0,917755217.4103613,2.6371166250130134e-15
sed,charint_2d,10000000.0,1103961939.122698,4.578483943400269e-15
sed,charint_2d,10000000.0,1327948825.4727173,7.94902878236796e-15
sed,charint_2d,10000000.0,1597381232.613649,1.3800869802903942e-14
sed,charint_2d,10000000.0,1921479768.9195468,2.3731246714730693e-14
sed,charint_2d,10000000.0,2311335845.8118944,4.0640724447936483e-14
sed,charint_2d,10000000.0,2780291251.8506303,6.959889253565099e-14
sed,charint_2d,10000000.0,3344394740.004496,1.1919093289112624e-13
sed,charint_2d,10000000.0,4022951253.587101,1.973023357013193e-13
sed,charint_2d,10000000.0,4839182586.6573,2.957560788922491e-13
sed,charint_2d,10000000.0,5821022088.231032,4.4333826896671124e-13
sed,charint_2d,10000000.0,7002070606.945086,6.645640603519562e-13
sed,charint_2d,10000000.0,8422746390.839395,9.961817216193941e-13
sed,charint_2d,10000000.0,10131668294.523115,1.2903740557128536e-12
sed,charint_2d,10000000.0,12187319630.315475,1.614455641850205e-12
sed,charint_2d,10000000.0,14660049604.245642,2.019931415003295e-12
sed,charint_2d,10000000.0,17634480830.743694,2.527243814829337e-12
sed,charint_2d,10000000.0,21212405316.81448,3.058531828495396e-12
sed,charint_2d,10000000.0,25516268023.063004,3.4899058245432255e-12
sed,charint_2d,10000000.0,30693357217.188824,3.9821215049746776e-12
sed,charint_2d,10000000.0,36920845023.67115,4.5437602038122425e-12
sed,charint_2d,10000000.0,44411850669.06087,5.184613615457804e-12
sed,charint_2d,10000000.0,53422733921.34986,5.721825886608198e-12
sed,charint_2d,10000000.0,64261868321.99561,6.2949175417137184e-12
sed,charint_2d,10000000.0,77300194451.17143,6.9254101459626435e-12
sed,charint_2d,10000000.0,92983914383.69725,7.619053060886417e-12
sed,charint_2d,10000000.0,111849761769.69742,8.321568903270292e-12
sed,charint_2d,10000000.0,134543370117.91139,9.013891886308202e-12
sed,charint_2d,10000000.0,161841367887.38028,9.763814258806532e-12
sed,charint_2d,10000000.0,194677956533.29776,1.057612819595316e-11
sed,charint_2d,10000000.0,234176881070.0714,1.1444456314254586e-11
sed,charint_2d,10000000.0,281689887259.1501,1.1784766739021963e-11
sed,charint_2d,10000000.0,338842981516.7343,1.2135198479644509e-11
sed,charint_2d,10000000.0,407592076663.8045,1.2496052620451504e-11
sed,charint_2d,10000000.0,490289927846.4412,1.2867639206479224e-11
sed,charint_2d,10000000.0,589766649330.4908,1.3182472286287206e-11
sed,charint_2d,10000000.0,709426567643.9775,1.345344025356925e-11
sed,charint_2d,10000000.0,853364725608.7649,1.3729978166928318e-11
sed,charint_2d,10000000.0,1026507024302.4535,1.4012200556407969e-11
sed,charint_2d,10000000.0,1234778798936.8647,1.4339969152445672e-11
sed,charint_2d,10000000.0,1485307597714.7231,1.4960922044922177e-11
sed,charint_2d,10000000.0,1786667103232.2153,1.560876393309379e-11
sed,charint_2d,10000000.0,2149170543989.437,1.6284659301686333e-11
sed,charint_2d,10000000.0,2585223637238.2144,1.698982311235662e-11
sed,charint_2d,10000000.0,3109749141698.6553,1.7107438690104627e-11
sed,charint_2d,10000000.0,3740697549333.305,1.6939113508207316e-11
sed,charint_2d,10000000.0,4499661393248.21,1.67724464450041e-11
sed,charint_2d,10000000.0,5412614194776.85,1.6607421904025358e-11
sed,charint_2d,10000000.0,6510799338247.85,1.6491911335311084e-11
sed,charint_2d,10000000.0,7831799292814.053,1.653569688074778e-11
sed,charint_2d,10000000.0,9420821772619.611,1.6579605071458046e-11
sed,charint_2d,10000000.0,11332246850720.07,1.6623638506191802e-11
sed,charint_2d,10000000.0,13631487972619.373,1.6667800644034497e-11
sed,charint_2d,10000000.0,16397230557668.22,1.6828628600985193e-11
sed,charint_2d,10000000.0,19724124798509.7,1.702345253598083e-11
sed,charint_2d,10000000.0,23726024812479.625,1.7220561318255806e-11
sed,charint_2d,10000000.0,28539884996313.336,1.7419990737638596e-11
sed,charint_2d,10000000.0,34330446926547.934,1.7432248490438823e-11
sed,charint_2d,10000000.0,41295877202335.2,1.707869332439334e-11
sed,charint_2d,10000000.0,49674549170858.35,1.673239272840645e-11
sed,charint_2d,10000000.0,59753200621888.914,1.639322501060454e-11
sed,charint_2d,10000000.0,71876746626908.75,1.6061079227386073e-11
sed,charint_2d,10000000.0,86460083341147.77,1.5957428010014218e-11
sed,charint_2d,10000000.0,104002286722304.8,1.5881832429212325e-11
sed,charint_2d,10000000.0,125103692079380.17,1.5806847880683847e-11
sed,charint_2d,10000000.0,150486438953806.2,1.5732544792681273e-11
sed,charint_2d,10000000.0,181019184426853.7,1.557451470461979e-11
sed,charint_2d,10000000.0,217746830600608.62,1.531434290713085e-11
sed,charint_2d,10000000.0,261926283596582.53,1.505908305474433e-11
sed,charint_2d,10000000.0,315069467828688.6,1.4808786367172758e-11
sed,charint_2d,10000000.0,378995067599805.7,1.4563539160447293e-11
sed,charint_2d,10000000.0,455890766740627.8,1.4521178548066085e-11
sed,charint_2d,10000000.0,548388116277063.7,1.448025316059852e-11
sed,charint_2d,10000000.0,659652592273280.9,1.4440250230105356e-11
sed,charint_2d,10000000.0,793491925840727.0,1.4401313023527445e-11
sed,charint_2d,10000000.0,954486412620035.6,1.450563775537213e-11
sed,charint_2d,10000000.0,1148145661231499.5,1.4730067833445042e-11
sed,charint_2d,10000000.0,1381097144993614.5,1.4959193722584502e-11
sed,charint_2d,10000000.0,1661313009591127.0,1.519332710231029e-11
sed,charint_2d,10000000.0,1998382898582786.8,1.53416808907331e-11
sed,charint_2d,10000000.0,2403842133476685.5,1.471267248171571e-11
sed,charint_2d,10000000.0,2891566479464849.5,1.4111992530199847e-11
sed,charint_2d,10000000.0,3478247006625142.0,1.3538702282978797e-11
sed,charint_2d,10000000.0,4183961297454212.0,1.2991934866617027e-11
sed,charint_2d,10000000.0,5032860548791150.0,1.255671189841656e-11
sed,charint_2d,10000000.0,6053996082370733.0,1.2183562271694576e-11
sed,charint_2d,10000000.0,7282313549133226.0,1.1825631434196499e-11
sed,charint_2d,10000000.0,8759848851293366.0,1.1482873672842034e-11
sed,charint_2d,10000000.0,1.053716670942278e+16,1.1137335855636633e-11
sed,charint_2d,10000000.0,1.2675091105684438e+16,1.0741333521291211e-11
sed,charint_2d,10000000.0,1.5246786823039662e+16,1.0364176143992e-11
sed,charint_2d,10000000.0,1.8340263315579784e+16,1.0005478903865007e-11
sed,charint_2d,10000000.0,2.206138659829082e+16,9.664905953703605e-12
sed,charint_2d,10000000.0,2.653750223017776e+16,9.058988850818621e-12
sed,charint_2d,10000000.0,3.1921793377721956e+16,8.418486410035281e-12
sed,charint_2d,10000000.0,3.839852310181596e+16,7.833038913253673e-12
sed,charint_2d,10000000.0,4.618934027151852e+16,7.298779061878505e-12
sed,charint_2d,10000000.0,5.556086490777627e+16,6.8818167456558486e-12
sed,charint_2d,10000000.0,6.683381254535184e+16,6.643368142990258e-12
sed,charint_2d,10000000.0,8.039396987000581e+16,6.4216638838176384e-12
sed,charint_2d,10000000.0,9.670539724295523e+16,6.216451010633496e-12
sed,charint_2d,10000000.0,1.1632630993393557e+17,6.027529933177105e-12
sed,charint_2d,10000000.0,1.3992818155588197e+17,5.657245557738943e-12
sed,charint_2d,10000000.0,1.6831872346553197e+17,5.292704024449078e-12
sed,charint_2d,10000000.0,2.0246952653888422e+17,4.96266578031485e-12
sed,charint_2d,10000000.0,2.4354931128784736e+17,4.664482328285365e-12
sed,charint_2d,10000000.0,2.929639242149984e+17,4.3714471273981536e-12
sed,charint_2d,10000000.0,3.5240444917543885e+17,4.08437314280075e-12
sed,charint_2d,10000000.0,4.2390508022928634e+17,3.8381702796431394e-12
sed,charint_2d,10000000.0,5.099127365294392e+17,3.629365007895078e-12
sed,charint_2d,10000000.0,6.13370801629227e+17,3.4548942421612618e-12
sed,charint_2d,10000000.0,7.378198529652922e+17,3.3540626678578805e-12
sed,charint_2d,10000000.0,8.875188287146373e+17,3.2642021272885634e-12
sed,charint_2d,10000000.0,1.0675907786396411e+18,3.183405021967997e-12
sed,charint_2d,10000000.0,1.2841981868565496e+18,3.1112114658859956e-12
sed,charint_2d,10000000.0,1.5447538664834376e+18,3.033519053504433e-12
sed,charint_2d,10000000.0,1.858174643476666e+18,2.9589289284056322e-12
sed,charint_2d,10000000.0,2.2351865113112212e+18,2.9010325303463854e-12
sed,charint_2d,10000000.0,2.688691699613285e+18,2.8587588757463192e-12
sed,charint_2d,10000000.0,3.234210218693835e+18,2.8321089683665345e-12
sed,charint_2d,10000000.0,3.890410990671853e+18,2.8247514647819414e-12
sed,charint_2d,10000000.0,4.679750743738878e+18,2.8207047820454113e-12
sed,charint_2d,10000000.0,5.629242534023988e+18,2.8198864354035123e-12
sed,charint_2d,10000000.0,6.771380195678424e+18,2.8222194693395326e-12
sed,charint_2d,10000000.0,8.145250356027911e+18,2.8434319842288416e-12
sed,charint_2d,10000000.0,9.797870071557206e+18,2.8768433519770683e-12
sed,charint_2d,10000000.0,1.1785795861765243e+19,2.9132886492085138e-12
sed,charint_2d,10000000.0,1.4177059205800034e+19,2.9527947695303133e-12
sed,charint_2d,10000000.0,1.7053494739103482e+19,2.987203781956996e-12
sed,charint_2d,10000000.0,2.0513540826411364e+19,2.988370367634739e-12
sed,charint_2d,10000000.0,2.4675608353280238e+19,2.9919083523918713e-12
sed,charint_2d,10000000.0,2.9682133024081723e+19,2.997741691249893e-12
sed,charint_2d,10000000.0,3.5704449845597057e+19,3.0057987206726245e-12
sed,charint_2d,10000000.0,4.294865661246373e+19,3.0471264531636877e-12
sed,charint_2d,10000000.0,5.166266705668838e+19,3.1010050961061373e-12
sed,charint_2d,10000000.0,6.214469503653066e+19,3.1563581941995816e-12
sed,charint_2d,10000000.0,7.475346011358218e+19,3.2132196694139347e-12
sed,charint_2d,10000000.0,8.992046377680455e+19,3.2567590937788984e-12
sed,charint_2d,10000000.0,1.0816475643468497e+20,3.265393027780798e-12
sed,charint_2d,10000000.0,1.3011070053658575e+20,3.2750516453400905e-12
sed,charint_2d,10000000.0,1.5650933771892366e+20,3.2857126099151503e-12
sed,charint_2d,10000000.0,1.8826409120999486e+20,3.2973545339462044e-12
sed,charint_2d,10000000.0,2.2646168308997633e+20,3.3187168844665615e-12
sed,charint_2d,10000000.0,2.7240932446719387e+20,3.3433837727135706e-12
sed,charint_2d,10000000.0,3.2767945130563266e+20,3.3697707221747284e-12
sed,charint_2d,10000000.0,3.9416353686854605e+20,3.397844884699498e-12
sed,charint_2d,10000000.0,4.741368223661015e+20,3.4154110982086625e-12
sed,charint_2d,10000000.0,5.70336181041518e+20,3.4157909689281236e-12
sed,charint_2d,10000000.0,6.860537803871738e+20,3.417219955511851e-12
sed,charint_2d,10000000.0,8.25249747831211e+20,3.4196534342704185e-12
sed,charint_2d,10000000.0,9.926876955785307e+20,3.4230490118442234e-12
sed,charint_2d,10000000.0,1.1940977425836865e+21,3.419465668186345e-12
sed,charint_2d,10000000.0,1.4363726126498128e+21,3.416049439676647e-12
sed,charint_2d,10000000.0,1.7278035195899148e+21,3.413181482718216e-12
sed,charint_2d,10000000.0,2.0783639119935753e+21,3.410840211235112e-12
sed,charint_2d,10000000.0,2.500050788009991e+21,3.4181428894943893e-12
sed,charint_2d,10000000.0,3.007295260739063e+21,3.434728948722485e-12
sed,charint_2d,10000000.0,3.617456424740264e+21,3.4515153483983998e-12
sed,charint_2d,10000000.0,4.351415424928593e+21,3.4685064726417086e-12
sed,charint_2d,10000000.0,5.234290058287535e+21,3.4811086668375404e-12
sed,charint_2d,10000000.0,6.296294363744258e+21,3.4175710923371654e-12
sed,charint_2d,10000000.0,7.573772617386789e+21,3.355266156863605e-12
sed,charint_2d,10000000.0,9.11044311876265e+21,3.2941697036939492e-12
sed,charint_2d,10000000.0,1.0958894333541128e+22,3.234258050284237e-12
sed,charint_2d,10000000.0,1.3182384594047174e+22,3.2035285100357285e-12
sed,charint_2d,10000000.0,1.5857006947636297e+22,3.191353014754164e-12
sed,charint_2d,10000000.0,1.9074293239095126e+22,3.1796219078936885e-12
sed,charint_2d,10000000.0,2.2944346544870544e+22,3.1683175110129863e-12
sed,charint_2d,10000000.0,2.759960915836728e+22,3.1428203607263312e-12
sed,charint_2d,10000000.0,3.3199395075600096e+22,3.0443629743355384e-12
sed,charint_2d,10000000.0,3.993534209348141e+22,2.9495414520416106e-12
sed,charint_2d,10000000.0,4.803797010432569e+22,2.858183832112729e-12
sed,charint_2d,10000000.0,5.778457002677744e+22,2.7701284721686924e-12
sed,charint_2d,10000000.0,6.950869335086453e+22,2.6920647970434906e-12
sed,charint_2d,10000000.0,8.361156705164745e+22,2.6252117454873526e-12
sed,charint_2d,10000000.0,1.0057582451656214e+23,2.5659162327133957e-12
sed,charint_2d,10000000.0,1.209820223909676e+23,2.5125808730847646e-12
sed,charint_2d,10000000.0,1.4552850858705558e+23,2.43791109926541e-12
sed,charint_2d,10000000.0,1.7505532138594733e+23,2.306264491306625e-12
sed,charint_2d,10000000.0,2.105729375162634e+23,2.1891044102317772e-12
sed,charint_2d,10000000.0,2.532968530357836e+23,2.081974646727595e-12
sed,charint_2d,10000000.0,3.046891804549984e+23,1.982334634471888e-12
sed,charint_2d,10000000.0,3.665086856536018e+23,1.9150243029119194e-12
sed,charint_2d,10000000.0,4.408709769704786e+23,1.8558742418975747e-12
sed,charint_2d,10000000.0,5.3032090627889366e+23,1.7987217659927415e-12
sed,charint_2d,10000000.0,6.379196597813281e+23,1.7434530496508277e-12
sed,charint_2d,10000000.0,7.67349518975057e+23,1.6695683396948238e-12
sed,charint_2d,10000000.0,9.230398769542383e+23,1.5667253754517588e-12
sed,charint_2d,10000000.0,1.1103188226216768e+24,1.4702454344209459e-12
sed,charint_2d,10000000.0,1.3355954803771882e+24,1.3797278595896932e-12
sed,charint_2d,10000000.0,1.6065793453739944e+24,1.294798945836065e-12
sed,charint_2d,10000000.0,1.9325441205097672e+24,1.1758520451217892e-12
sed,charint_2d,10000000.0,2.3246450842721588e+24,1.0650945117290124e-12
sed,charint_2d,10000000.0,2.7963008505106185e+24,9.64775628583968e-13
sed,charint_2d,10000000.0,3.3636525848480433e+24,8.73909928998667e-13
sed,charint_2d,10000000.0,4.0461163931945993e+24,7.938429496860383e-13
sed,charint_2d,10000000.0,4.867047786392459e+24,7.233201091515808e-13
sed,charint_2d,10000000.0,5.854540960529565e+24,6.590646387768557e-13
sed,charint_2d,10000000.0,7.042390246166839e+24,6.005188566820461e-13
sed,charint_2d,10000000.0,8.4712466295257e+24,5.46406042037966e-13
sed,charint_2d,10000000.0,1.0190008924499732e+25,4.772556856747992e-13
sed,charint_2d,10000000.0,1.2257497204658623e+25,4.1685782231642375e-13
sed,charint_2d,10000000.0,1.474446576400706e+25,3.6410411164479116e-13
sed,charint_2d,10000000.0,1.7736024494735567e+25,3.1802679414476006e-13
sed,charint_2d,10000000.0,2.1334551547181226e+25,2.801836528480098e-13
sed,charint_2d,10000000.0,2.566319695005151e+25,2.483488934379332e-13
sed,charint_2d,10000000.0,3.0870097093001393e+25,2.2013133479834245e-13
sed,charint_2d,10000000.0,3.7133444301039363e+25,1.9511992251135285e-13
sed,charint_2d,10000000.0,4.4667584993472284e+25,1.7165243545833596e-13
sed,charint_2d,10000000.0,5.373035512068676e+25,1.4413554922405792e-13
sed,charint_2d,10000000.0,6.4631903914594545e+25,1.2102978869399356e-13
sed,charint_2d,10000000.0,7.77453079221715e+25,1.0162801738989604e-13
sed,charint_2d,10000000.0,9.351933855917773e+25,8.533646236791705e-14
sed,charint_2d,10000000.0,1.124938201196837e+26,7.531363926603729e-14
sed,charint_2d,10000000.0,1.3531810382845927e+26,6.795561809564503e-14
sed,charint_2d,10000000.0,1.6277329016161534e+26,6.131646557565499e-14
sed,charint_2d,10000000.0,1.9579895993535867e+26,5.532594902837901e-14
sed,charint_2d,10000000.0,2.355253289633944e+26,4.956370067376495e-14
sed,charint_2d,10000000.0,2.8331192669066454e+26,4.343121131873198e-14
sed,charint_2d,10000000.0,3.407941224769592e+26,3.805749826507295e-14
sed,charint_2d,10000000.0,4.0993909176879945e+26,3.334867686298574e-14
sed,charint_2d,10000000.0,4.931131374532179e+26,2.922247906973921e-14
sed,charint_2d,10000000.0,5.93162670287843e+26,2.495958101972915e-14
sed,charint_2d,10000000.0,7.135116197474798e+26,2.1180977298914302e-14
sed,charint_2d,10000000.0,8.582786089145135e+26,1.797441808105758e-14
sed,charint_2d,10000000.0,1.0324179034126238e+27,1.5253300414037272e-14
sed,charint_2d,10000000.0,1.2418889579864547e+27,1.2682260245816498e-14
sed,charint_2d,10000000.0,1.493860363008731e+27,1.0153775269116777e-14
sed,charint_2d,10000000.0,1.796955170441977e+27,8.129406485982772e-15
sed,charint_2d,10000000.0,2.161545994884469e+27,6.508644313105852e-15
sed,charint_2d,10000000.0,2.600109988749392e+27,5.211018850258532e-15
sed,charint_2d,10000000.0,3.12765583966015e+27,3.883892776719657e-15
sed,charint_2d,10000000.0,3.762237402912806e+27,2.8728760959395e-15
sed,charint_2d,10000000.0,4.5255715467128334e+27,2.1250373380537756e-15
sed,charint_2d,10000000.0,5.443781354297298e+27,1.5718686064824983e-15
sed,charint_2d,10000000.0,6.548290117061673e+27,1.1656916381666917e-15
sed,charint_2d,10000000.0,7.876896713230017e+27,8.671180131852562e-16
sed,charint_2d,10000000.0,9.475069174048018e+27,6.45019342568218e-16
sed,charint_2d,10000000.0,1.1397500706363858e+28,4.798077642165636e-16
sed,charint_2d,10000000.0,1.3709981422337991e+28,3.55877984364131e-16
sed,charint_2d,10000000.0,1.6491649831256495e+28,1.9861421657244267e-16
sed,charint_2d,10000000.0,1.9837701144776913e+28,1.1084589157594867e-16
sed,charint_2d,10000000.0,2.38626450801555e+28,6.186270845607477e-17
sed,charint_2d,10000000.0,2.8704224651120867e+28,3.4525368250469386e-17
sed,charint_2d,10000000.0,3.452813005659635e+28,1.4390318401964512e-17
sed,charint_2d,10000000.0,4.153366898759547e+28,4.782263634735823e-18
sed,charint_2d,10000000.0,4.996058740347587e+28,1.5892662226438268e-18
sed,charint_2d,10000000.0,6.009727420050007e+28,5.281530849623654e-19
sed,charint_2d,10000000.0,7.2290630555693745e+28,1.822570635114551e-19
sed,charint_2d,10000000.0,8.69579416980658e+28,8.379243433606836e-20
sed,charint_2d,10000000.0,1.0460115738703708e+29,3.8523465823856465e-20
sed,charint_2d,10000000.0,1.2582406980949714e+29,1.7711119044379785e-20
sed,charint_2d,10000000.0,1.513529767634035e+29,8.142668560220798e-21
sed,charint_2d,10000000.0,1.820615372704636e+29,2.3990245757263482e-21
sed,charint_2d,10000000.0,2.1900067023524398e+29,5.671676254528935e-22
sed,charint_2d,10000000.0,2.6343451935285067e+29,1.3408795376829766e-22
sed,charint_2d,10000000.0,3.1688371506864813e+29,3.1700761023220527e-23
sed,charint_2d,10000000.0,3.811774141156066e+29,1.0218721987823666e-23
sed,charint_2d,10000000.0,4.585158975442635e+29,9.382649277317191e-24
sed,charint_2d,10000000.0,5.5154586949650035e+29,7.786646573574242e-24
sed,charint_2d,10000000.0,6.634510336237281e+29,5.156761545818377e-24
sed,charint_2d,10000000.0,7.98061046886659e+29,1.1391586338584275e-24
sed,charint_2d,10000000.0,9.599825793911563e+29,0.0
sed,charint_2d,10000000.0,1.1547569654347151e+30,0.0
sed,charint_2d,10000000.0,1.3890498409520274e+30,0.0
sed,charint_2d,10000000.0,1.670879257197189e+30,0.0
sed,charint_2d,10000000.0,2.0098900772476115e+30,0.0
sed,charint_2d,10000000.0,2.417684045820695e+30,0.0
lightcurve,charint_2d,100.0,100000000000000.0,2.917731046832893e-21
lightcurve,charint_2d,300.0,100000000000000.0,3.3655863589542156e-21
lightcurve,charint_2d,1000.0,100000000000000.0,3.3902203860133545e-21
lightcurve,charint_2d,10000.0,100000000000000.0,2.75003051900488e-21
lightcurve,charint_2d,100000.0,100000000000000.0,1.0283038013036977e-21
lightcurve,charint_2d,1000000.0,100000000000000.0,1.501079783527758e-23
lightcurve,charint_2d,10000000.0,100000000000000.0,1.5817077408808985e-25
