kind,solver,requested_time_s,state_time_s,gamma_e,value,electron_number,electron_energy_erg
spectrum,fullhide_1d,100.0,89.26380299493795,1.3928053571686414,7.463882797341624e+48,,
spectrum,fullhide_1d,100.0,89.26380299493795,2.1898412418128776,7.050625003767267e+48,,
spectrum,fullhide_1d,100.0,89.26380299493795,3.117765426089045,9.093323505434019e+48,,
spectrum,fullhide_1d,100.0,89.26380299493795,4.267905305622424,1.1306716581601134e+49,,
spectrum,fullhide_1d,100.0,89.26380299493795,5.732896938138673,1.3636961595919267e+49,,
spectrum,fullhide_1d,100.0,89.26380299493795,7.624681321083061,1.6024029686973563e+49,,
spectrum,fullhide_1d,100.0,89.26380299493795,10.085629951714797,1.834647449318992e+49,,
spectrum,fullhide_1d,100.0,89.26380299493795,13.300085739233017,2.0425056906228935e+49,,
spectrum,fullhide_1d,100.0,89.26380299493795,17.508476601692035,2.203941929093846e+49,,
spectrum,fullhide_1d,100.0,89.26380299493795,23.02541997313217,2.2964024182988139e+49,,
spectrum,fullhide_1d,100.0,89.26380299493795,30.26329401708554,2.3017845512217588e+49,,
spectrum,fullhide_1d,100.0,89.26380299493795,39.76308346261515,2.211746484077863e+49,,
spectrum,fullhide_1d,100.0,89.26380299493795,52.23482408202101,2.0314594730903278e+49,,
spectrum,fullhide_1d,100.0,89.26380299493795,68.61067644572951,1.780012206640583e+49,,
spectrum,fullhide_1d,100.0,89.26380299493795,90.11459908467253,1.486698896197049e+49,,
spectrum,fullhide_1d,100.0,89.26380299493795,118.35382997886234,1.1842066188795968e+49,,
spectrum,fullhide_1d,100.0,89.26380299493795,155.43901447123724,9.01314795284097e+48,,
spectrum,fullhide_1d,100.0,89.26380299493795,204.14195843342932,6.574933095764648e+48,,
spectrum,fullhide_1d,100.0,89.26380299493795,268.10279752732737,4.615011544725064e+48,,
spectrum,fullhide_1d,100.0,89.26380299493795,352.10206677634955,3.131182756812163e+48,,
spectrum,fullhide_1d,100.0,89.26380299493795,462.41800538308587,2.0633532652618626e+48,,
spectrum,fullhide_1d,100.0,89.26380299493795,607.2958023349249,1.326758078582708e+48,,
spectrum,fullhide_1d,100.0,89.26380299493795,797.5638549663088,8.360501079912875e+47,,
spectrum,fullhide_1d,100.0,89.26380299493795,1047.4431006262682,5.182695352188706e+47,,
spectrum,fullhide_1d,100.0,89.26380299493795,1375.6099121902175,3.1709562759958106e+47,,
spectrum,fullhide_1d,100.0,89.26380299493795,1806.591999920134,1.920117146079442e+47,,
spectrum,fullhide_1d,100.0,89.26380299493795,2372.601651601967,1.153205377389192e+47,,
spectrum,fullhide_1d,100.0,89.26380299493795,3115.9433302485827,6.881419128392105e+46,,
spectrum,fullhide_1d,100.0,89.26380299493795,4092.1755770558248,4.0856688386089684e+46,,
spectrum,fullhide_1d,100.0,89.26380299493795,5374.263545275554,2.4163286036939773e+46,,
spectrum,fullhide_1d,100.0,89.26380299493795,7058.032532002241,1.4245360850330187e+46,,
spectrum,fullhide_1d,100.0,89.26380299493795,9269.330113526292,8.375919900533106e+45,,
spectrum,fullhide_1d,100.0,89.26380299493795,12173.432193659572,4.9141483297338537e+45,,
spectrum,fullhide_1d,100.0,89.26380299493795,15987.395988068694,2.5761185813011077e+45,,
spectrum,fullhide_1d,100.0,89.26380299493795,20996.283226343334,1.0449150320663821e+45,,
spectrum,fullhide_1d,100.0,89.26380299493795,27574.466119765406,4.275378182888364e+44,,
spectrum,fullhide_1d,100.0,89.26380299493795,36213.60853675047,1.7480590495848671e+44,,
spectrum,fullhide_1d,100.0,89.26380299493795,47559.41374358733,7.142619454939201e+43,,
spectrum,fullhide_1d,100.0,89.26380299493795,62459.88529515759,2.9168203379916675e+43,,
spectrum,fullhide_1d,100.0,89.26380299493795,82028.70817148598,1.1904926703305085e+43,,
spectrum,fullhide_1d,100.0,89.26380299493795,107728.48736723383,4.856518767843171e+42,,
spectrum,fullhide_1d,100.0,89.26380299493795,141480.06531891078,1.980267712013706e+42,,
spectrum,fullhide_1d,100.0,89.26380299493795,185806.08872845693,8.071112705789414e+41,,
spectrum,fullhide_1d,100.0,89.26380299493795,244019.55519629005,3.2881465762643744e+41,,
spectrum,fullhide_1d,100.0,89.26380299493795,320471.43193952314,1.3389553377862743e+41,,
spectrum,fullhide_1d,100.0,89.26380299493795,420875.85401280696,5.449503647136092e+40,,
spectrum,fullhide_1d,100.0,89.26380299493795,552737.2078648584,2.216583727716404e+40,,
spectrum,fullhide_1d,100.0,89.26380299493795,725911.0211360296,9.009097146177494e+39,,
spectrum,fullhide_1d,100.0,89.26380299493795,953340.5804938781,3.658030045484525e+39,,
spectrum,fullhide_1d,100.0,89.26380299493795,1252024.3334971848,1.4833132092345704e+39,,
spectrum,fullhide_1d,100.0,89.26380299493795,1644286.3796448153,6.003674475259811e+38,,
spectrum,fullhide_1d,100.0,89.26380299493795,2159445.009134264,2.4236676421738364e+38,,
spectrum,fullhide_1d,100.0,89.26380299493795,2836003.998574678,9.748033005630243e+37,,
spectrum,fullhide_1d,100.0,89.26380299493795,3724530.444586647,3.8996735671483066e+37,,
spectrum,fullhide_1d,100.0,89.26380299493795,4891434.2291563675,1.5477969712555747e+37,,
spectrum,fullhide_1d,100.0,89.26380299493795,6423931.600005377,6.071187951213579e+36,,
spectrum,fullhide_1d,100.0,89.26380299493795,8436563.851879636,2.3386177804347697e+36,,
spectrum,fullhide_1d,100.0,89.26380299493795,11079758.325381652,8.751157637025483e+35,,
spectrum,fullhide_1d,100.0,89.26380299493795,14551071.58603594,3.1172057286894382e+35,,
spectrum,fullhide_1d,100.0,89.26380299493795,19109955.11670142,1.0110451301417067e+35,,
spectrum,fullhide_1d,100.0,89.26380299493795,25097147.13470325,2.7641026736150575e+34,,
spectrum,fullhide_1d,100.0,89.26380299493795,32960139.908986893,6.744313408022283e+33,,
spectrum,fullhide_1d,100.0,89.26380299493795,43286626.04514961,1.44218409338982e+33,,
spectrum,fullhide_1d,100.0,89.26380299493795,56848423.56696796,2.5993473370723155e+32,,
spectrum,fullhide_1d,100.0,89.26380299493795,74659162.8249933,3.7569989053279385e+31,,
spectrum,fullhide_1d,100.0,89.26380299493795,98050046.84364922,4.076883041506968e+30,,
spectrum,fullhide_1d,100.0,89.26380299493795,128769347.55587032,3.042979383088943e+29,,
spectrum,fullhide_1d,100.0,89.26380299493795,169113074.43233934,1.3902633964442163e+28,,
spectrum,fullhide_1d,100.0,89.26380299493795,222096581.88684645,3.327863289829919e+26,,
spectrum,fullhide_1d,100.0,89.26380299493795,291679941.66858816,3.391938545339008e+24,,
spectrum,fullhide_1d,100.0,89.26380299493795,383063924.9330574,1.1169822807044974e+22,,
spectrum,fullhide_1d,100.0,89.26380299493795,503078716.1629518,8.231128718359059e+18,,
spectrum,fullhide_1d,100.0,89.26380299493795,660694412.0368271,833067311740334.6,,
spectrum,fullhide_1d,100.0,89.26380299493795,867691460.744075,6067978233.520031,,
spectrum,fullhide_1d,100.0,89.26380299493795,1139541151.4487367,1361.4449877156267,,
spectrum,fullhide_1d,100.0,89.26380299493795,1496561963.0871534,3.109903542595867e-06,,
spectrum,fullhide_1d,100.0,89.26380299493795,1965438199.850752,1.706037678276921e-17,,
spectrum,fullhide_1d,100.0,89.26380299493795,2581214418.5891156,3.3903230587111583e-32,,
spectrum,fullhide_1d,100.0,89.26380299493795,3389914714.8143544,2.0377859415117822e-51,,
spectrum,fullhide_1d,100.0,89.26380299493795,4451982636.91561,1.4207925024554468e-76,,
spectrum,fullhide_1d,100.0,89.26380299493795,5846798833.251286,1.2677814407842533e-96,,
budget,fullhide_1d,100.0,89.26380299493795,,,5.039684019513551e+51,2.7228370181791594e+48
spectrum,fullhide_1d,300.0,257.8067192717235,1.3928053571686414,1.8022301693379533e+49,,
spectrum,fullhide_1d,300.0,257.8067192717235,2.1898412418128776,1.6800244015417117e+49,,
spectrum,fullhide_1d,300.0,257.8067192717235,3.117765426089045,2.1470193035737489e+49,,
spectrum,fullhide_1d,300.0,257.8067192717235,4.267905305622424,2.646037987625707e+49,,
spectrum,fullhide_1d,300.0,257.8067192717235,5.732896938138673,3.1660590452589673e+49,,
spectrum,fullhide_1d,300.0,257.8067192717235,7.624681321083061,3.6961294167743503e+49,,
spectrum,fullhide_1d,300.0,257.8067192717235,10.085629951714797,4.2133723523209763e+49,,
spectrum,fullhide_1d,300.0,257.8067192717235,13.300085739233017,4.68391958057438e+49,,
spectrum,fullhide_1d,300.0,257.8067192717235,17.508476601692035,5.064830073379808e+49,,
spectrum,fullhide_1d,300.0,257.8067192717235,23.02541997313217,5.309398007700233e+49,,
spectrum,fullhide_1d,300.0,257.8067192717235,30.26329401708554,5.375939905024739e+49,,
spectrum,fullhide_1d,300.0,257.8067192717235,39.76308346261515,5.237944058349654e+49,,
spectrum,fullhide_1d,300.0,257.8067192717235,52.23482408202101,4.893785191269116e+49,,
spectrum,fullhide_1d,300.0,257.8067192717235,68.61067644572951,4.3718139849037483e+49,,
spectrum,fullhide_1d,300.0,257.8067192717235,90.11459908467253,3.7274584784953265e+49,,
spectrum,fullhide_1d,300.0,257.8067192717235,118.35382997886234,3.031649962940001e+49,,
spectrum,fullhide_1d,300.0,257.8067192717235,155.43901447123724,2.354442186589897e+49,,
spectrum,fullhide_1d,300.0,257.8067192717235,204.14195843342932,1.7502268745464476e+49,,
spectrum,fullhide_1d,300.0,257.8067192717235,268.10279752732737,1.2495699631891516e+49,,
spectrum,fullhide_1d,300.0,257.8067192717235,352.10206677634955,8.604692383966135e+48,,
spectrum,fullhide_1d,300.0,257.8067192717235,462.41800538308587,5.7417894668035194e+48,,
spectrum,fullhide_1d,300.0,257.8067192717235,607.2958023349249,3.730292597803389e+48,,
spectrum,fullhide_1d,300.0,257.8067192717235,797.5638549663088,2.3700960854301374e+48,,
spectrum,fullhide_1d,300.0,257.8067192717235,1047.4431006262682,1.478694008344926e+48,,
spectrum,fullhide_1d,300.0,257.8067192717235,1375.6099121902175,9.091160276130757e+47,,
spectrum,fullhide_1d,300.0,257.8067192717235,1806.591999920134,5.524522004160249e+47,,
spectrum,fullhide_1d,300.0,257.8067192717235,2372.601651601967,3.326482087903208e+47,,
spectrum,fullhide_1d,300.0,257.8067192717235,3115.9433302485827,1.9887060480290077e+47,,
spectrum,fullhide_1d,300.0,257.8067192717235,4092.1755770558248,1.1823843341179696e+47,,
spectrum,fullhide_1d,300.0,257.8067192717235,5374.263545275554,7.000214743036486e+46,,
spectrum,fullhide_1d,300.0,257.8067192717235,7058.032532002241,4.1308931745487667e+46,,
spectrum,fullhide_1d,300.0,257.8067192717235,9269.330113526292,2.431460484133783e+46,,
spectrum,fullhide_1d,300.0,257.8067192717235,12173.432193659572,1.0173318661006671e+46,,
spectrum,fullhide_1d,300.0,257.8067192717235,15987.395988068694,4.168046178303459e+45,,
spectrum,fullhide_1d,300.0,257.8067192717235,20996.283226343334,1.7093446649951155e+45,,
spectrum,fullhide_1d,300.0,257.8067192717235,27574.466119765406,7.005812958976471e+44,,
spectrum,fullhide_1d,300.0,257.8067192717235,36213.60853675047,2.8696101251989654e+44,,
spectrum,fullhide_1d,300.0,257.8067192717235,47559.41374358733,1.1747860277666532e+44,,
spectrum,fullhide_1d,300.0,257.8067192717235,62459.88529515759,4.807004608608064e+43,,
spectrum,fullhide_1d,300.0,257.8067192717235,82028.70817148598,1.965785790753425e+43,,
spectrum,fullhide_1d,300.0,257.8067192717235,107728.48736723383,8.034062084641604e+42,,
spectrum,fullhide_1d,300.0,257.8067192717235,141480.06531891078,3.281661427060728e+42,,
spectrum,fullhide_1d,300.0,257.8067192717235,185806.08872845693,1.339751720392625e+42,,
spectrum,fullhide_1d,300.0,257.8067192717235,244019.55519629005,5.466602660497328e+41,,
spectrum,fullhide_1d,300.0,257.8067192717235,320471.43193952314,2.2292740973849773e+41,,
spectrum,fullhide_1d,300.0,257.8067192717235,420875.85401280696,9.085652087997763e+40,,
spectrum,fullhide_1d,300.0,257.8067192717235,552737.2078648584,3.7006263027417074e+40,,
spectrum,fullhide_1d,300.0,257.8067192717235,725911.0211360296,1.50617653470172e+40,,
spectrum,fullhide_1d,300.0,257.8067192717235,953340.5804938781,6.12473451819394e+39,,
spectrum,fullhide_1d,300.0,257.8067192717235,1252024.3334971848,2.487745364240563e+39,,
spectrum,fullhide_1d,300.0,257.8067192717235,1644286.3796448153,1.0089632511990264e+39,,
spectrum,fullhide_1d,300.0,257.8067192717235,2159445.009134264,4.083749687128086e+38,,
spectrum,fullhide_1d,300.0,257.8067192717235,2836003.998574678,1.6481870411538803e+38,,
spectrum,fullhide_1d,300.0,257.8067192717235,3724530.444586647,6.625199921870215e+37,,
spectrum,fullhide_1d,300.0,257.8067192717235,4891434.2291563675,2.6476424646204314e+37,,
spectrum,fullhide_1d,300.0,257.8067192717235,6423931.600005377,1.0490601095052647e+37,,
spectrum,fullhide_1d,300.0,257.8067192717235,8436563.851879636,4.103566057695428e+36,,
spectrum,fullhide_1d,300.0,257.8067192717235,11079758.325381652,1.5736467727175066e+36,,
spectrum,fullhide_1d,300.0,257.8067192717235,14551071.58603594,5.844694314723983e+35,,
spectrum,fullhide_1d,300.0,257.8067192717235,19109955.11670142,2.0539299758753303e+35,,
spectrum,fullhide_1d,300.0,257.8067192717235,25097147.13470325,6.475415191807662e+34,,
spectrum,fullhide_1d,300.0,257.8067192717235,32960139.908986893,1.7206448739335516e+34,,
spectrum,fullhide_1d,300.0,257.8067192717235,43286626.04514961,4.1039509492474336e+33,,
spectrum,fullhide_1d,300.0,257.8067192717235,56848423.56696796,8.514646064203593e+32,,
spectrum,fullhide_1d,300.0,257.8067192717235,74659162.8249933,1.4760430204118457e+32,,
spectrum,fullhide_1d,300.0,257.8067192717235,98050046.84364922,2.0284151427769453e+31,,
spectrum,fullhide_1d,300.0,257.8067192717235,128769347.55587032,2.0610286224111494e+30,,
spectrum,fullhide_1d,300.0,257.8067192717235,169113074.43233934,1.4114246218330459e+29,,
spectrum,fullhide_1d,300.0,257.8067192717235,222096581.88684645,5.758068001498158e+27,,
spectrum,fullhide_1d,300.0,257.8067192717235,291679941.66858816,1.1870118593124509e+26,,
spectrum,fullhide_1d,300.0,257.8067192717235,383063924.9330574,9.929325929159529e+23,,
spectrum,fullhide_1d,300.0,257.8067192717235,503078716.1629518,2.5168373655571063e+21,,
spectrum,fullhide_1d,300.0,257.8067192717235,660694412.0368271,1.310909221675689e+18,,
spectrum,fullhide_1d,300.0,257.8067192717235,867691460.744075,83743145658264.16,,
spectrum,fullhide_1d,300.0,257.8067192717235,1139541151.4487367,331654695.68808913,,
spectrum,fullhide_1d,300.0,257.8067192717235,1496561963.0871534,33.29242568140248,,
spectrum,fullhide_1d,300.0,257.8067192717235,1965438199.850752,2.6390539738942775e-08,,
spectrum,fullhide_1d,300.0,257.8067192717235,2581214418.5891156,3.603901672722102e-20,,
spectrum,fullhide_1d,300.0,257.8067192717235,3389914714.8143544,1.1530233330739926e-35,,
spectrum,fullhide_1d,300.0,257.8067192717235,4451982636.91561,6.295136235724001e-56,,
spectrum,fullhide_1d,300.0,257.8067192717235,5846798833.251286,2.509644776519126e-72,,
budget,fullhide_1d,300.0,257.8067192717235,,,1.3093131893686154e+52,6.973291161025564e+48
spectrum,fullhide_1d,1000.0,1060.3584326887017,1.3928053571686414,5.027078523283989e+49,,
spectrum,fullhide_1d,1000.0,1060.3584326887017,2.1898412418128776,4.571345612190644e+49,,
spectrum,fullhide_1d,1000.0,1060.3584326887017,3.117765426089045,5.763144126960134e+49,,
spectrum,fullhide_1d,1000.0,1060.3584326887017,4.267905305622424,7.021993954131736e+49,,
spectrum,fullhide_1d,1000.0,1060.3584326887017,5.732896938138673,8.329234878746034e+49,,
spectrum,fullhide_1d,1000.0,1060.3584326887017,7.624681321083061,9.669814060121253e+49,,
spectrum,fullhide_1d,1000.0,1060.3584326887017,10.085629951714797,1.1002657662767383e+50,,
spectrum,fullhide_1d,1000.0,1060.3584326887017,13.300085739233017,1.2260735481005132e+50,,
spectrum,fullhide_1d,1000.0,1060.3584326887017,17.508476601692035,1.3352138617671076e+50,,
spectrum,fullhide_1d,1000.0,1060.3584326887017,23.02541997313217,1.4164494010033316e+50,,
spectrum,fullhide_1d,1000.0,1060.3584326887017,30.26329401708554,1.4580423978136264e+50,,
spectrum,fullhide_1d,1000.0,1060.3584326887017,39.76308346261515,1.4503135663991144e+50,,
spectrum,fullhide_1d,1000.0,1060.3584326887017,52.23482408202101,1.388361195907761e+50,,
spectrum,fullhide_1d,1000.0,1060.3584326887017,68.61067644572951,1.2744240006516317e+50,,
spectrum,fullhide_1d,1000.0,1060.3584326887017,90.11459908467253,1.1186324118995623e+50,,
spectrum,fullhide_1d,1000.0,1060.3584326887017,118.35382997886234,9.374240569201978e+49,,
spectrum,fullhide_1d,1000.0,1060.3584326887017,155.43901447123724,7.498778023580457e+49,,
spectrum,fullhide_1d,1000.0,1060.3584326887017,204.14195843342932,5.733801430659208e+49,,
spectrum,fullhide_1d,1000.0,1060.3584326887017,268.10279752732737,4.201786249161875e+49,,
spectrum,fullhide_1d,1000.0,1060.3584326887017,352.10206677634955,2.961488990024254e+49,,
spectrum,fullhide_1d,1000.0,1060.3584326887017,462.41800538308587,2.016303883651731e+49,,
spectrum,fullhide_1d,1000.0,1060.3584326887017,607.2958023349249,1.3322606201151528e+49,,
spectrum,fullhide_1d,1000.0,1060.3584326887017,797.5638549663088,8.582520619370783e+48,,
spectrum,fullhide_1d,1000.0,1060.3584326887017,1047.4431006262682,5.413972245950178e+48,,
spectrum,fullhide_1d,1000.0,1060.3584326887017,1375.6099121902175,3.357252152533384e+48,,
spectrum,fullhide_1d,1000.0,1060.3584326887017,1806.591999920134,2.0534522275170564e+48,,
spectrum,fullhide_1d,1000.0,1060.3584326887017,2372.601651601967,1.2423763911023078e+48,,
spectrum,fullhide_1d,1000.0,1060.3584326887017,3115.9433302485827,7.452602410690193e+47,,
spectrum,fullhide_1d,1000.0,1060.3584326887017,4092.1755770558248,4.4409316978671025e+47,,
spectrum,fullhide_1d,1000.0,1060.3584326887017,5374.263545275554,2.632761638355722e+47,,
spectrum,fullhide_1d,1000.0,1060.3584326887017,7058.032532002241,1.0767395523105768e+47,,
spectrum,fullhide_1d,1000.0,1060.3584326887017,9269.330113526292,4.418783559153021e+46,,
spectrum,fullhide_1d,1000.0,1060.3584326887017,12173.432193659572,1.8126480672160753e+46,,
spectrum,fullhide_1d,1000.0,1060.3584326887017,15987.395988068694,7.431588032067361e+45,,
spectrum,fullhide_1d,1000.0,1060.3584326887017,20996.283226343334,3.045665975266257e+45,,
spectrum,fullhide_1d,1000.0,1060.3584326887017,27574.466119765406,1.2478608322115204e+45,,
spectrum,fullhide_1d,1000.0,1060.3584326887017,36213.60853675047,5.111832132178092e+44,,
spectrum,fullhide_1d,1000.0,1060.3584326887017,47559.41374358733,2.0938782823366918e+44,,
spectrum,fullhide_1d,1000.0,1060.3584326887017,62459.88529515759,8.576241162328923e+43,,
spectrum,fullhide_1d,1000.0,1060.3584326887017,82028.70817148598,3.5120447330656337e+43,,
spectrum,fullhide_1d,1000.0,1060.3584326887017,107728.48736723383,1.4378403128318165e+43,,
spectrum,fullhide_1d,1000.0,1060.3584326887017,141480.06531891078,5.885142127143147e+42,,
spectrum,fullhide_1d,1000.0,1060.3584326887017,185806.08872845693,2.4081864504513944e+42,,
spectrum,fullhide_1d,1000.0,1060.3584326887017,244019.55519629005,9.849937494738655e+41,,
spectrum,fullhide_1d,1000.0,1060.3584326887017,320471.43193952314,4.0265162099240724e+41,,
spectrum,fullhide_1d,1000.0,1060.3584326887017,420875.85401280696,1.645020712579532e+41,,
spectrum,fullhide_1d,1000.0,1060.3584326887017,552737.2078648584,6.716552940427131e+40,,
spectrum,fullhide_1d,1000.0,1060.3584326887017,725911.0211360296,2.740327708338455e+40,,
spectrum,fullhide_1d,1000.0,1060.3584326887017,953340.5804938781,1.1170535578498896e+40,,
spectrum,fullhide_1d,1000.0,1060.3584326887017,1252024.3334971848,4.54879271923728e+39,,
spectrum,fullhide_1d,1000.0,1060.3584326887017,1644286.3796448153,1.8500041262032348e+39,,
spectrum,fullhide_1d,1000.0,1060.3584326887017,2159445.009134264,7.511829464667333e+38,,
spectrum,fullhide_1d,1000.0,1060.3584326887017,2836003.998574678,3.0435370310148913e+38,,
spectrum,fullhide_1d,1000.0,1060.3584326887017,3724530.444586647,1.2295060554817628e+38,,
spectrum,fullhide_1d,1000.0,1060.3584326887017,4891434.2291563675,4.946481613302388e+37,,
spectrum,fullhide_1d,1000.0,1060.3584326887017,6423931.600005377,1.9783815292896824e+37,,
spectrum,fullhide_1d,1000.0,1060.3584326887017,8436563.851879636,7.845105000426201e+36,,
spectrum,fullhide_1d,1000.0,1060.3584326887017,11079758.325381652,3.0713439072963076e+36,,
spectrum,fullhide_1d,1000.0,1060.3584326887017,14551071.58603594,1.1789851137832451e+36,,
spectrum,fullhide_1d,1000.0,1060.3584326887017,19109955.11670142,4.3847256622458405e+35,,
spectrum,fullhide_1d,1000.0,1060.3584326887017,25097147.13470325,1.5440833975453197e+35,,
spectrum,fullhide_1d,1000.0,1060.3584326887017,32960139.908986893,4.887833678073525e+34,,
spectrum,fullhide_1d,1000.0,1060.3584326887017,43286626.04514961,1.303337219504645e+34,,
spectrum,fullhide_1d,1000.0,1060.3584326887017,56848423.56696796,3.118255174758795e+33,,
spectrum,fullhide_1d,1000.0,1060.3584326887017,74659162.8249933,6.495477833859252e+32,,
spectrum,fullhide_1d,1000.0,1060.3584326887017,98050046.84364922,1.13175433041204e+32,,
spectrum,fullhide_1d,1000.0,1060.3584326887017,128769347.55587032,1.5654907583224913e+31,,
spectrum,fullhide_1d,1000.0,1060.3584326887017,169113074.43233934,1.6042097611714308e+30,,
spectrum,fullhide_1d,1000.0,1060.3584326887017,222096581.88684645,1.1108195360324835e+29,,
spectrum,fullhide_1d,1000.0,1060.3584326887017,291679941.66858816,4.598060698364524e+27,,
spectrum,fullhide_1d,1000.0,1060.3584326887017,383063924.9330574,9.662129850191128e+25,,
spectrum,fullhide_1d,1000.0,1060.3584326887017,503078716.1629518,8.289607799651093e+23,,
spectrum,fullhide_1d,1000.0,1060.3584326887017,660694412.0368271,2.1728431329704786e+21,,
spectrum,fullhide_1d,1000.0,1060.3584326887017,867691460.744075,1.1831615208058668e+18,,
spectrum,fullhide_1d,1000.0,1060.3584326887017,1139541151.4487367,80169209144117.12,,
spectrum,fullhide_1d,1000.0,1060.3584326887017,1496561963.0871534,343253811.72084427,,
spectrum,fullhide_1d,1000.0,1060.3584326887017,1965438199.850752,38.191543493359504,,
spectrum,fullhide_1d,1000.0,1060.3584326887017,2581214418.5891156,3.4663144039312206e-08,,
spectrum,fullhide_1d,1000.0,1060.3584326887017,3389914714.8143544,5.655091722110196e-20,,
spectrum,fullhide_1d,1000.0,1060.3584326887017,4451982636.91561,2.285387107363846e-35,,
spectrum,fullhide_1d,1000.0,1060.3584326887017,5846798833.251286,4.14379235385976e-48,,
budget,fullhide_1d,1000.0,1060.3584326887017,,,4.174472340750708e+52,2.1661590858238744e+49
spectrum,fullhide_1d,10000.0,8844.848285700204,1.3928053571686414,2.0014726403274135e+50,,
spectrum,fullhide_1d,10000.0,8844.848285700204,2.1898412418128776,1.746596703913449e+50,,
spectrum,fullhide_1d,10000.0,8844.848285700204,3.117765426089045,2.163346923975192e+50,,
spectrum,fullhide_1d,10000.0,8844.848285700204,4.267905305622424,2.6021258082020593e+50,,
spectrum,fullhide_1d,10000.0,8844.848285700204,5.732896938138673,3.061918809615653e+50,,
spectrum,fullhide_1d,10000.0,8844.848285700204,7.624681321083061,3.542913432620667e+50,,
spectrum,fullhide_1d,10000.0,8844.848285700204,10.085629951714797,4.0374931272724185e+50,,
spectrum,fullhide_1d,10000.0,8844.848285700204,13.300085739233017,4.529859918734644e+50,,
spectrum,fullhide_1d,10000.0,8844.848285700204,17.508476601692035,4.995034049107974e+50,,
spectrum,fullhide_1d,10000.0,8844.848285700204,23.02541997313217,5.398397360364657e+50,,
spectrum,fullhide_1d,10000.0,8844.848285700204,30.26329401708554,5.697394617449592e+50,,
spectrum,fullhide_1d,10000.0,8844.848285700204,39.76308346261515,5.846985104730739e+50,,
spectrum,fullhide_1d,10000.0,8844.848285700204,52.23482408202101,5.809614700515302e+50,,
spectrum,fullhide_1d,10000.0,8844.848285700204,68.61067644572951,5.565677717774941e+50,,
spectrum,fullhide_1d,10000.0,8844.848285700204,90.11459908467253,5.121705678926072e+50,,
spectrum,fullhide_1d,10000.0,8844.848285700204,118.35382997886234,4.5137453165871396e+50,,
spectrum,fullhide_1d,10000.0,8844.848285700204,155.43901447123724,3.802393921656762e+50,,
spectrum,fullhide_1d,10000.0,8844.848285700204,204.14195843342932,3.060030101254875e+50,,
spectrum,fullhide_1d,10000.0,8844.848285700204,268.10279752732737,2.354683228348007e+50,,
spectrum,fullhide_1d,10000.0,8844.848285700204,352.10206677634955,1.7364097389442663e+50,,
spectrum,fullhide_1d,10000.0,8844.848285700204,462.41800538308587,1.2310457110960735e+50,,
spectrum,fullhide_1d,10000.0,8844.848285700204,607.2958023349249,8.425061011165157e+49,,
spectrum,fullhide_1d,10000.0,8844.848285700204,797.5638549663088,5.591183722995041e+49,,
spectrum,fullhide_1d,10000.0,8844.848285700204,1047.4431006262682,3.614512816698367e+49,,
spectrum,fullhide_1d,10000.0,8844.848285700204,1375.6099121902175,2.2861465364239732e+49,,
spectrum,fullhide_1d,10000.0,8844.848285700204,1806.591999920134,1.4203277405547502e+49,,
spectrum,fullhide_1d,10000.0,8844.848285700204,2372.601651601967,8.406068547324195e+48,,
spectrum,fullhide_1d,10000.0,8844.848285700204,3115.9433302485827,3.493582678460467e+48,,
spectrum,fullhide_1d,10000.0,8844.848285700204,4092.1755770558248,1.4419722596267229e+48,,
spectrum,fullhide_1d,10000.0,8844.848285700204,5374.263545275554,5.939582955783184e+47,,
spectrum,fullhide_1d,10000.0,8844.848285700204,7058.032532002241,2.4414888443536485e+47,,
spectrum,fullhide_1d,10000.0,8844.848285700204,9269.330113526292,1.0020036243955782e+47,,
spectrum,fullhide_1d,10000.0,8844.848285700204,12173.432193659572,4.107432738777005e+46,,
spectrum,fullhide_1d,10000.0,8844.848285700204,15987.395988068694,1.6822556281129184e+46,,
spectrum,fullhide_1d,10000.0,8844.848285700204,20996.283226343334,6.885540126385582e+45,,
spectrum,fullhide_1d,10000.0,8844.848285700204,27574.466119765406,2.817016360900429e+45,,
spectrum,fullhide_1d,10000.0,8844.848285700204,36213.60853675047,1.1521499381329704e+45,,
spectrum,fullhide_1d,10000.0,8844.848285700204,47559.41374358733,4.711356147496508e+44,,
spectrum,fullhide_1d,10000.0,8844.848285700204,62459.88529515759,1.926362481042267e+44,,
spectrum,fullhide_1d,10000.0,8844.848285700204,82028.70817148598,7.876153382148788e+43,,
spectrum,fullhide_1d,10000.0,8844.848285700204,107728.48736723383,3.220304500483904e+43,,
spectrum,fullhide_1d,10000.0,8844.848285700204,141480.06531891078,1.316747280782776e+43,,
spectrum,fullhide_1d,10000.0,8844.848285700204,185806.08872845693,5.384453721489597e+42,,
spectrum,fullhide_1d,10000.0,8844.848285700204,244019.55519629005,2.201992083761173e+42,,
spectrum,fullhide_1d,10000.0,8844.848285700204,320471.43193952314,9.005800954911316e+41,,
spectrum,fullhide_1d,10000.0,8844.848285700204,420875.85401280696,3.683478115017649e+41,,
spectrum,fullhide_1d,10000.0,8844.848285700204,552737.2078648584,1.5066468713530865e+41,,
spectrum,fullhide_1d,10000.0,8844.848285700204,725911.0211360296,6.161846796170178e+40,,
spectrum,fullhide_1d,10000.0,8844.848285700204,953340.5804938781,2.5192326997381377e+40,,
spectrum,fullhide_1d,10000.0,8844.848285700204,1252024.3334971848,1.029500471245942e+40,,
spectrum,fullhide_1d,10000.0,8844.848285700204,1644286.3796448153,4.2045550067694124e+39,,
spectrum,fullhide_1d,10000.0,8844.848285700204,2159445.009134264,1.7155319871486438e+39,,
spectrum,fullhide_1d,10000.0,8844.848285700204,2836003.998574678,6.989553139006971e+38,,
spectrum,fullhide_1d,10000.0,8844.848285700204,3724530.444586647,2.842203338375187e+38,,
spectrum,fullhide_1d,10000.0,8844.848285700204,4891434.2291563675,1.152759480202655e+38,,
spectrum,fullhide_1d,10000.0,8844.848285700204,6423931.600005377,4.658736715438932e+37,,
spectrum,fullhide_1d,10000.0,8844.848285700204,8436563.851879636,1.8732096571455195e+37,,
spectrum,fullhide_1d,10000.0,8844.848285700204,11079758.325381652,7.477306738778426e+36,,
spectrum,fullhide_1d,10000.0,8844.848285700204,14551071.58603594,2.953303217414441e+36,,
spectrum,fullhide_1d,10000.0,8844.848285700204,19109955.11670142,1.1480727051891251e+36,,
spectrum,fullhide_1d,10000.0,8844.848285700204,25097147.13470325,4.353599805216922e+35,,
spectrum,fullhide_1d,10000.0,8844.848285700204,32960139.908986893,1.5846354503918316e+35,,
spectrum,fullhide_1d,10000.0,8844.848285700204,43286626.04514961,5.355551082494129e+34,,
spectrum,fullhide_1d,10000.0,8844.848285700204,56848423.56696796,1.5540395828437403e+34,,
spectrum,fullhide_1d,10000.0,8844.848285700204,74659162.8249933,3.9359042555880296e+33,,
spectrum,fullhide_1d,10000.0,8844.848285700204,98050046.84364922,8.847922310539982e+32,,
spectrum,fullhide_1d,10000.0,8844.848285700204,128769347.55587032,1.7000812527179814e+32,,
spectrum,fullhide_1d,10000.0,8844.848285700204,169113074.43233934,2.668509051463562e+31,,
spectrum,fullhide_1d,10000.0,8844.848285700204,222096581.88684645,3.2229293024194476e+30,,
spectrum,fullhide_1d,10000.0,8844.848285700204,291679941.66858816,2.7664851629955313e+29,,
spectrum,fullhide_1d,10000.0,8844.848285700204,383063924.9330574,1.5184273044061481e+28,,
spectrum,fullhide_1d,10000.0,8844.848285700204,503078716.1629518,4.628428630930588e+26,,
spectrum,fullhide_1d,10000.0,8844.848285700204,660694412.0368271,6.492582891211929e+24,,
spectrum,fullhide_1d,10000.0,8844.848285700204,867691460.744075,3.262999748086266e+22,,
spectrum,fullhide_1d,10000.0,8844.848285700204,1139541151.4487367,4.210777552471887e+19,,
spectrum,fullhide_1d,10000.0,8844.848285700204,1496561963.0871534,8959218343582074.0,,
spectrum,fullhide_1d,10000.0,8844.848285700204,1965438199.850752,174647408243.28946,,
spectrum,fullhide_1d,10000.0,8844.848285700204,2581214418.5891156,143862.6745635356,,
spectrum,fullhide_1d,10000.0,8844.848285700204,3389914714.8143544,0.0018216833680457934,,
spectrum,fullhide_1d,10000.0,8844.848285700204,4451982636.91561,9.488544563909987e-14,,
spectrum,fullhide_1d,10000.0,8844.848285700204,5846798833.251286,1.332246268499018e-22,,
budget,fullhide_1d,10000.0,8844.848285700204,,,2.16592501018287e+53,1.0468079632693186e+50
spectrum,fullhide_1d,100000.0,105067.33021588007,1.3928053571686414,8.834796453898523e+50,,
spectrum,fullhide_1d,100000.0,105067.33021588007,2.1898412418128776,7.39055974914677e+50,,
spectrum,fullhide_1d,100000.0,105067.33021588007,3.117765426089045,9.020893460349057e+50,,
spectrum,fullhide_1d,100000.0,105067.33021588007,4.267905305622424,1.0744895418018587e+51,,
spectrum,fullhide_1d,100000.0,105067.33021588007,5.732896938138673,1.257626995714057e+51,,
spectrum,fullhide_1d,100000.0,105067.33021588007,7.624681321083061,1.4533375110572785e+51,,
spectrum,fullhide_1d,100000.0,105067.33021588007,10.085629951714797,1.6611430579924904e+51,,
spectrum,fullhide_1d,100000.0,105067.33021588007,13.300085739233017,1.878300722551966e+51,,
spectrum,fullhide_1d,100000.0,105067.33021588007,17.508476601692035,2.0994122582547314e+51,,
spectrum,fullhide_1d,100000.0,105067.33021588007,23.02541997313217,2.3160331788017448e+51,,
spectrum,fullhide_1d,100000.0,105067.33021588007,30.26329401708554,2.5154880578315402e+51,,
spectrum,fullhide_1d,100000.0,105067.33021588007,39.76308346261515,2.6807600682981875e+51,,
spectrum,fullhide_1d,100000.0,105067.33021588007,52.23482408202101,2.792263112086579e+51,,
spectrum,fullhide_1d,100000.0,105067.33021588007,68.61067644572951,2.830883442941924e+51,,
spectrum,fullhide_1d,100000.0,105067.33021588007,90.11459908467253,2.782262229136562e+51,,
spectrum,fullhide_1d,100000.0,105067.33021588007,118.35382997886234,2.6404649511434116e+51,,
spectrum,fullhide_1d,100000.0,105067.33021588007,155.43901447123724,2.4109967260822618e+51,,
spectrum,fullhide_1d,100000.0,105067.33021588007,204.14195843342932,2.1117399383730363e+51,,
spectrum,fullhide_1d,100000.0,105067.33021588007,268.10279752732737,1.770554665930878e+51,,
spectrum,fullhide_1d,100000.0,105067.33021588007,352.10206677634955,1.4197766326419312e+51,,
spectrum,fullhide_1d,100000.0,105067.33021588007,462.41800538308587,1.0894230206573201e+51,,
spectrum,fullhide_1d,100000.0,105067.33021588007,607.2958023349249,8.0138550081392e+50,,
spectrum,fullhide_1d,100000.0,105067.33021588007,797.5638549663088,5.667825303588199e+50,,
spectrum,fullhide_1d,100000.0,105067.33021588007,1047.4431006262682,2.7352927177399872e+50,,
spectrum,fullhide_1d,100000.0,105067.33021588007,1375.6099121902175,1.1698611568399471e+50,,
spectrum,fullhide_1d,100000.0,105067.33021588007,1806.591999920134,4.943958360381286e+49,,
spectrum,fullhide_1d,100000.0,105067.33021588007,2372.601651601967,2.073757773343284e+49,,
spectrum,fullhide_1d,100000.0,105067.33021588007,3115.9433302485827,8.644706887473795e+48,,
spectrum,fullhide_1d,100000.0,105067.33021588007,4092.1755770558248,3.585854194528241e+48,,
spectrum,fullhide_1d,100000.0,105067.33021588007,5374.263545275554,1.4816281697204467e+48,,
spectrum,fullhide_1d,100000.0,105067.33021588007,7058.032532002241,6.103257217380007e+47,,
spectrum,fullhide_1d,100000.0,105067.33021588007,9269.330113526292,2.5081835123207084e+47,,
spectrum,fullhide_1d,100000.0,105067.33021588007,12173.432193659572,1.0288935121437343e+47,,
spectrum,fullhide_1d,100000.0,105067.33021588007,15987.395988068694,4.214858427159231e+46,,
spectrum,fullhide_1d,100000.0,105067.33021588007,20996.283226343334,1.7248213524858724e+46,,
spectrum,fullhide_1d,100000.0,105067.33021588007,27574.466119765406,7.052910116988108e+45,,
spectrum,fullhide_1d,100000.0,105067.33021588007,36213.60853675047,2.8823364699422367e+45,,
spectrum,fullhide_1d,100000.0,105067.33021588007,47559.41374358733,1.1774489867714605e+45,,
spectrum,fullhide_1d,100000.0,105067.33021588007,62459.88529515759,4.808546387782331e+44,,
spectrum,fullhide_1d,100000.0,105067.33021588007,82028.70817148598,1.9633623476976844e+44,,
spectrum,fullhide_1d,100000.0,105067.33021588007,107728.48736723383,8.015550091692248e+43,,
spectrum,fullhide_1d,100000.0,105067.33021588007,141480.06531891078,3.272174716399382e+43,,
spectrum,fullhide_1d,100000.0,105067.33021588007,185806.08872845693,1.3357580745982053e+43,,
spectrum,fullhide_1d,100000.0,105067.33021588007,244019.55519629005,5.4528024692810035e+42,,
spectrum,fullhide_1d,100000.0,105067.33021588007,320471.43193952314,2.2259716665622928e+42,,
spectrum,fullhide_1d,100000.0,105067.33021588007,420875.85401280696,9.08723298053916e+41,,
spectrum,fullhide_1d,100000.0,105067.33021588007,552737.2078648584,3.70984444618445e+41,,
spectrum,fullhide_1d,100000.0,105067.33021588007,725911.0211360296,1.5145562621352211e+41,,
spectrum,fullhide_1d,100000.0,105067.33021588007,953340.5804938781,6.18312437066464e+40,,
spectrum,fullhide_1d,100000.0,105067.33021588007,1252024.3334971848,2.5240799470326564e+40,,
spectrum,fullhide_1d,100000.0,105067.33021588007,1644286.3796448153,1.0302436284349284e+40,,
spectrum,fullhide_1d,100000.0,105067.33021588007,2159445.009134264,4.204061349338513e+39,,
spectrum,fullhide_1d,100000.0,105067.33021588007,2836003.998574678,1.7148140333040892e+39,,
spectrum,fullhide_1d,100000.0,105067.33021588007,3724530.444586647,6.99006266147348e+38,,
spectrum,fullhide_1d,100000.0,105067.33021588007,4891434.2291563675,2.846517034394492e+38,,
spectrum,fullhide_1d,100000.0,105067.33021588007,6423931.600005377,1.1574158212459738e+38,,
spectrum,fullhide_1d,100000.0,105067.33021588007,8436563.851879636,4.695324027495693e+37,,
spectrum,fullhide_1d,100000.0,105067.33021588007,11079758.325381652,1.8983018457421876e+37,,
spectrum,fullhide_1d,100000.0,105067.33021588007,14551071.58603594,7.636642968789215e+36,,
spectrum,fullhide_1d,100000.0,105067.33021588007,19109955.11670142,3.049453468521082e+36,,
spectrum,fullhide_1d,100000.0,105067.33021588007,25097147.13470325,1.2040203515310804e+36,,
spectrum,fullhide_1d,100000.0,105067.33021588007,32960139.908986893,4.672117878944421e+35,,
spectrum,fullhide_1d,100000.0,105067.33021588007,43286626.04514961,1.764057353160547e+35,,
spectrum,fullhide_1d,100000.0,105067.33021588007,56848423.56696796,6.361914026989136e+34,,
spectrum,fullhide_1d,100000.0,105067.33021588007,74659162.8249933,2.1065423802150756e+34,,
spectrum,fullhide_1d,100000.0,105067.33021588007,98050046.84364922,5.906497883883712e+33,,
spectrum,fullhide_1d,100000.0,105067.33021588007,128769347.55587032,1.4667391949569728e+33,,
spectrum,fullhide_1d,100000.0,105067.33021588007,169113074.43233934,3.207470274930863e+32,,
spectrum,fullhide_1d,100000.0,105067.33021588007,222096581.88684645,5.944203442833189e+31,,
spectrum,fullhide_1d,100000.0,105067.33021588007,291679941.66858816,8.898670849907214e+30,,
spectrum,fullhide_1d,100000.0,105067.33021588007,383063924.9330574,1.0100336330501087e+30,,
spectrum,fullhide_1d,100000.0,105067.33021588007,503078716.1629518,7.99049567356797e+28,,
spectrum,fullhide_1d,100000.0,105067.33021588007,660694412.0368271,3.938618214419098e+27,,
spectrum,fullhide_1d,100000.0,105067.33021588007,867691460.744075,1.041596276745458e+26,,
spectrum,fullhide_1d,100000.0,105067.33021588007,1139541151.4487367,1.2107448913600217e+24,,
spectrum,fullhide_1d,100000.0,105067.33021588007,1496561963.0871534,4.743507337923061e+21,,
spectrum,fullhide_1d,100000.0,105067.33021588007,1965438199.850752,4.399787673150048e+18,,
spectrum,fullhide_1d,100000.0,105067.33021588007,2581214418.5891156,604072089693768.4,,
spectrum,fullhide_1d,100000.0,105067.33021588007,3389914714.8143544,6589172831.554029,,
spectrum,fullhide_1d,100000.0,105067.33021588007,4451982636.91561,2519.8276246875316,,
spectrum,fullhide_1d,100000.0,105067.33021588007,5846798833.251286,0.0036834457141892585,,
budget,fullhide_1d,100000.0,105067.33021588007,,,1.4123799242513504e+54,5.689115174177103e+50
spectrum,fullhide_1d,1000000.0,876406.0971219235,1.3928053571686414,2.9929682497088965e+51,,
spectrum,fullhide_1d,1000000.0,876406.0971219235,2.1898412418128776,2.4311623011372603e+51,,
spectrum,fullhide_1d,1000000.0,876406.0971219235,3.117765426089045,2.9404956786055632e+51,,
spectrum,fullhide_1d,1000000.0,876406.0971219235,4.267905305622424,3.482708866905373e+51,,
spectrum,fullhide_1d,1000000.0,876406.0971219235,5.732896938138673,4.0659067393879596e+51,,
spectrum,fullhide_1d,1000000.0,876406.0971219235,7.624681321083061,4.702488731181336e+51,,
spectrum,fullhide_1d,1000000.0,876406.0971219235,10.085629951714797,5.400241762151857e+51,,
spectrum,fullhide_1d,1000000.0,876406.0971219235,13.300085739233017,6.164801244184197e+51,,
spectrum,fullhide_1d,1000000.0,876406.0971219235,17.508476601692035,7.000300370445295e+51,,
spectrum,fullhide_1d,1000000.0,876406.0971219235,23.02541997313217,7.909427894064088e+51,,
spectrum,fullhide_1d,1000000.0,876406.0971219235,30.26329401708554,8.89212822392686e+51,,
spectrum,fullhide_1d,1000000.0,876406.0971219235,39.76308346261515,9.94269183850922e+51,,
spectrum,fullhide_1d,1000000.0,876406.0971219235,52.23482408202101,1.1039242535827796e+52,,
spectrum,fullhide_1d,1000000.0,876406.0971219235,68.61067644572951,1.21430837233421e+52,,
spectrum,fullhide_1d,1000000.0,876406.0971219235,90.11459908467253,1.3200941550223345e+52,,
spectrum,fullhide_1d,1000000.0,876406.0971219235,118.35382997886234,1.413920123731467e+52,,
spectrum,fullhide_1d,1000000.0,876406.0971219235,155.43901447123724,1.4863091689783047e+52,,
spectrum,fullhide_1d,1000000.0,876406.0971219235,204.14195843342932,1.5260598951632748e+52,,
spectrum,fullhide_1d,1000000.0,876406.0971219235,268.10279752732737,1.525834632766221e+52,,
spectrum,fullhide_1d,1000000.0,876406.0971219235,352.10206677634955,1.137500955362655e+52,,
spectrum,fullhide_1d,1000000.0,876406.0971219235,462.41800538308587,5.90475122800542e+51,,
spectrum,fullhide_1d,1000000.0,876406.0971219235,607.2958023349249,2.7302320693293992e+51,,
spectrum,fullhide_1d,1000000.0,876406.0971219235,797.5638549663088,1.2184238661891941e+51,,
spectrum,fullhide_1d,1000000.0,876406.0971219235,1047.4431006262682,5.348752746633725e+50,,
spectrum,fullhide_1d,1000000.0,876406.0971219235,1375.6099121902175,2.3166812266375523e+50,,
spectrum,fullhide_1d,1000000.0,876406.0971219235,1806.591999920134,9.917791210869666e+49,,
spectrum,fullhide_1d,1000000.0,876406.0971219235,2372.601651601967,4.2039735544493106e+49,,
spectrum,fullhide_1d,1000000.0,876406.0971219235,3115.9433302485827,1.76736082557741e+49,,
spectrum,fullhide_1d,1000000.0,876406.0971219235,4092.1755770558248,7.380165601797134e+48,,
spectrum,fullhide_1d,1000000.0,876406.0971219235,5374.263545275554,3.0651666630601804e+48,,
spectrum,fullhide_1d,1000000.0,876406.0971219235,7058.032532002241,1.267572673388458e+48,,
spectrum,fullhide_1d,1000000.0,876406.0971219235,9269.330113526292,5.224231015456501e+47,,
spectrum,fullhide_1d,1000000.0,876406.0971219235,12173.432193659572,2.1474712425377204e+47,,
spectrum,fullhide_1d,1000000.0,876406.0971219235,15987.395988068694,8.809429620177021e+46,,
spectrum,fullhide_1d,1000000.0,876406.0971219235,20996.283226343334,3.608190492570155e+46,,
spectrum,fullhide_1d,1000000.0,876406.0971219235,27574.466119765406,1.4760935163125607e+46,,
spectrum,fullhide_1d,1000000.0,876406.0971219235,36213.60853675047,6.033191334014832e+45,,
spectrum,fullhide_1d,1000000.0,876406.0971219235,47559.41374358733,2.464263124298431e+45,,
spectrum,fullhide_1d,1000000.0,876406.0971219235,62459.88529515759,1.0060267081243666e+45,,
spectrum,fullhide_1d,1000000.0,876406.0971219235,82028.70817148598,4.105561533666447e+44,,
spectrum,fullhide_1d,1000000.0,876406.0971219235,107728.48736723383,1.6750239294763528e+44,,
spectrum,fullhide_1d,1000000.0,876406.0971219235,141480.06531891078,6.832651549693078e+43,,
spectrum,fullhide_1d,1000000.0,876406.0971219235,185806.08872845693,2.786784681670083e+43,,
spectrum,fullhide_1d,1000000.0,876406.0971219235,244019.55519629005,1.1365340452832076e+43,,
spectrum,fullhide_1d,1000000.0,876406.0971219235,320471.43193952314,4.634897572836572e+42,,
spectrum,fullhide_1d,1000000.0,876406.0971219235,420875.85401280696,1.8901057372626124e+42,,
spectrum,fullhide_1d,1000000.0,876406.0971219235,552737.2078648584,7.707717565450313e+41,,
spectrum,fullhide_1d,1000000.0,876406.0971219235,725911.0211360296,3.143109780984808e+41,,
spectrum,fullhide_1d,1000000.0,876406.0971219235,953340.5804938781,1.2816902696845165e+41,,
spectrum,fullhide_1d,1000000.0,876406.0971219235,1252024.3334971848,5.226218163351943e+40,,
spectrum,fullhide_1d,1000000.0,876406.0971219235,1644286.3796448153,2.130871898687724e+40,,
spectrum,fullhide_1d,1000000.0,876406.0971219235,2159445.009134264,8.686924771396059e+39,,
spectrum,fullhide_1d,1000000.0,876406.0971219235,2836003.998574678,3.540572196046982e+39,,
spectrum,fullhide_1d,1000000.0,876406.0971219235,3724530.444586647,1.442522466874495e+39,,
spectrum,fullhide_1d,1000000.0,876406.0971219235,4891434.2291563675,5.873968067556649e+38,,
spectrum,fullhide_1d,1000000.0,876406.0971219235,6423931.600005377,2.3898996590669468e+38,,
spectrum,fullhide_1d,1000000.0,876406.0971219235,8436563.851879636,9.711571225833547e+37,,
spectrum,fullhide_1d,1000000.0,876406.0971219235,11079758.325381652,3.9391940586853224e+37,,
spectrum,fullhide_1d,1000000.0,876406.0971219235,14551071.58603594,1.5935517700576323e+37,,
spectrum,fullhide_1d,1000000.0,876406.0971219235,19109955.11670142,6.42130486113571e+36,,
spectrum,fullhide_1d,1000000.0,876406.0971219235,25097147.13470325,2.5725465695440148e+36,,
spectrum,fullhide_1d,1000000.0,876406.0971219235,32960139.908986893,1.0217642545202778e+36,,
spectrum,fullhide_1d,1000000.0,876406.0971219235,43286626.04514961,4.005509292135709e+35,,
spectrum,fullhide_1d,1000000.0,876406.0971219235,56848423.56696796,1.5386103315606467e+35,,
spectrum,fullhide_1d,1000000.0,876406.0971219235,74659162.8249933,5.71785914300734e+34,,
spectrum,fullhide_1d,1000000.0,876406.0971219235,98050046.84364922,2.0057271729818335e+34,,
spectrum,fullhide_1d,1000000.0,876406.0971219235,128769347.55587032,6.273198687514696e+33,,
spectrum,fullhide_1d,1000000.0,876406.0971219235,169113074.43233934,1.6579251277680225e+33,,
spectrum,fullhide_1d,1000000.0,876406.0971219235,222096581.88684645,3.9341864874626646e+32,,
spectrum,fullhide_1d,1000000.0,876406.0971219235,291679941.66858816,8.097174086994231e+31,,
spectrum,fullhide_1d,1000000.0,876406.0971219235,383063924.9330574,1.3875540898155265e+31,,
spectrum,fullhide_1d,1000000.0,876406.0971219235,503078716.1629518,1.8763362164796958e+30,,
spectrum,fullhide_1d,1000000.0,876406.0971219235,660694412.0368271,1.8647350792072165e+29,,
spectrum,fullhide_1d,1000000.0,876406.0971219235,867691460.744075,1.2390029358494959e+28,,
spectrum,fullhide_1d,1000000.0,876406.0971219235,1139541151.4487367,4.852496101814051e+26,,
spectrum,fullhide_1d,1000000.0,876406.0971219235,1496561963.0871534,9.470093045059161e+24,,
spectrum,fullhide_1d,1000000.0,876406.0971219235,1965438199.850752,7.36225700057723e+22,,
spectrum,fullhide_1d,1000000.0,876406.0971219235,2581214418.5891156,1.692418066963138e+20,,
spectrum,fullhide_1d,1000000.0,876406.0971219235,3389914714.8143544,7.73933706513367e+16,,
spectrum,fullhide_1d,1000000.0,876406.0971219235,4451982636.91561,4158537802959.038,,
spectrum,fullhide_1d,1000000.0,876406.0971219235,5846798833.251286,340404003.67057747,,
budget,fullhide_1d,1000000.0,876406.0971219235,,,7.076842192904514e+54,2.0687363419548188e+51
spectrum,fullhide_1d,10000000.0,10410766.339360708,1.3928053571686414,1.2729608745524794e+52,,
spectrum,fullhide_1d,10000000.0,10410766.339360708,2.1898412418128776,1.0140321175637967e+52,,
spectrum,fullhide_1d,10000000.0,10410766.339360708,3.117765426089045,1.2290390199590427e+52,,
spectrum,fullhide_1d,10000000.0,10410766.339360708,4.267905305622424,1.4720445049360945e+52,,
spectrum,fullhide_1d,10000000.0,10410766.339360708,5.732896938138673,1.758160459577693e+52,,
spectrum,fullhide_1d,10000000.0,10410766.339360708,7.624681321083061,2.113986441605659e+52,,
spectrum,fullhide_1d,10000000.0,10410766.339360708,10.085629951714797,2.582497552754518e+52,,
spectrum,fullhide_1d,10000000.0,10410766.339360708,13.300085739233017,3.2390220390439224e+52,,
spectrum,fullhide_1d,10000000.0,10410766.339360708,17.508476601692035,4.220557908314429e+52,,
spectrum,fullhide_1d,10000000.0,10410766.339360708,23.02541997313217,5.780624620933351e+52,,
spectrum,fullhide_1d,10000000.0,10410766.339360708,30.26329401708554,8.391702830110153e+52,,
spectrum,fullhide_1d,10000000.0,10410766.339360708,39.76308346261515,1.293281874575948e+53,,
spectrum,fullhide_1d,10000000.0,10410766.339360708,52.23482408202101,2.1020350223851823e+53,,
spectrum,fullhide_1d,10000000.0,10410766.339360708,68.61067644572951,3.6396086028151924e+53,,
spectrum,fullhide_1d,10000000.0,10410766.339360708,90.11459908467253,3.6455875176475267e+53,,
spectrum,fullhide_1d,10000000.0,10410766.339360708,118.35382997886234,2.616224123603757e+53,,
spectrum,fullhide_1d,10000000.0,10410766.339360708,155.43901447123724,1.5863404804933359e+53,,
spectrum,fullhide_1d,10000000.0,10410766.339360708,204.14195843342932,8.646924511369181e+52,,
spectrum,fullhide_1d,10000000.0,10410766.339360708,268.10279752732737,4.375793579601951e+52,,
spectrum,fullhide_1d,10000000.0,10410766.339360708,352.10206677634955,2.1206855540816914e+52,,
spectrum,fullhide_1d,10000000.0,10410766.339360708,462.41800538308587,1.002187799907734e+52,,
spectrum,fullhide_1d,10000000.0,10410766.339360708,607.2958023349249,4.648505865729094e+51,,
spectrum,fullhide_1d,10000000.0,10410766.339360708,797.5638549663088,2.1193178035082207e+51,,
spectrum,fullhide_1d,10000000.0,10410766.339360708,1047.4431006262682,9.50368689088347e+50,,
spectrum,fullhide_1d,10000000.0,10410766.339360708,1375.6099121902175,4.19616987643902e+50,,
spectrum,fullhide_1d,10000000.0,10410766.339360708,1806.591999920134,1.826818738345079e+50,,
spectrum,fullhide_1d,10000000.0,10410766.339360708,2372.601651601967,7.854868248472787e+49,,
spectrum,fullhide_1d,10000000.0,10410766.339360708,3115.9433302485827,3.3415022424679226e+49,,
spectrum,fullhide_1d,10000000.0,10410766.339360708,4092.1755770558248,1.4087909466955464e+49,,
spectrum,fullhide_1d,10000000.0,10410766.339360708,5374.263545275554,5.895774007801977e+48,,
spectrum,fullhide_1d,10000000.0,10410766.339360708,7058.032532002241,2.452641863490858e+48,,
spectrum,fullhide_1d,10000000.0,10410766.339360708,9269.330113526292,1.0154273454613436e+48,,
spectrum,fullhide_1d,10000000.0,10410766.339360708,12173.432193659572,4.188137515949464e+47,,
spectrum,fullhide_1d,10000000.0,10410766.339360708,15987.395988068694,1.7222917966294957e+47,,
spectrum,fullhide_1d,10000000.0,10410766.339360708,20996.283226343334,7.066313028540785e+46,,
spectrum,fullhide_1d,10000000.0,10410766.339360708,27574.466119765406,2.8940565512590133e+46,,
spectrum,fullhide_1d,10000000.0,10410766.339360708,36213.60853675047,1.1836636521503128e+46,,
spectrum,fullhide_1d,10000000.0,10410766.339360708,47559.41374358733,4.8361161683506996e+45,,
spectrum,fullhide_1d,10000000.0,10410766.339360708,62459.88529515759,1.974335320933175e+45,,
spectrum,fullhide_1d,10000000.0,10410766.339360708,82028.70817148598,8.055357190151895e+44,,
spectrum,fullhide_1d,10000000.0,10410766.339360708,107728.48736723383,3.2851337451174228e+44,,
spectrum,fullhide_1d,10000000.0,10410766.339360708,141480.06531891078,1.3392923171753008e+44,,
spectrum,fullhide_1d,10000000.0,10410766.339360708,185806.08872845693,5.458706351297794e+43,,
spectrum,fullhide_1d,10000000.0,10410766.339360708,244019.55519629005,2.2244606353082507e+43,,
spectrum,fullhide_1d,10000000.0,10410766.339360708,320471.43193952314,9.063623001709155e+42,,
spectrum,fullhide_1d,10000000.0,10410766.339360708,420875.85401280696,3.692640134876888e+42,,
spectrum,fullhide_1d,10000000.0,10410766.339360708,552737.2078648584,1.5043240191979518e+42,,
spectrum,fullhide_1d,10000000.0,10410766.339360708,725911.0211360296,6.128041609631336e+41,,
spectrum,fullhide_1d,10000000.0,10410766.339360708,953340.5804938781,2.496207800504565e+41,,
spectrum,fullhide_1d,10000000.0,10410766.339360708,1252024.3334971848,1.0167583915748087e+41,,
spectrum,fullhide_1d,10000000.0,10410766.339360708,1644286.3796448153,4.1412153490424978e+40,,
spectrum,fullhide_1d,10000000.0,10410766.339360708,2159445.009134264,1.686552397215417e+40,,
spectrum,fullhide_1d,10000000.0,10410766.339360708,2836003.998574678,6.867764937185121e+39,,
spectrum,fullhide_1d,10000000.0,10410766.339360708,3724530.444586647,2.796065735245656e+39,,
spectrum,fullhide_1d,10000000.0,10410766.339360708,4891434.2291563675,1.1380355134601888e+39,,
spectrum,fullhide_1d,10000000.0,10410766.339360708,6423931.600005377,4.6300056552642074e+38,,
spectrum,fullhide_1d,10000000.0,10410766.339360708,8436563.851879636,1.8825113124945832e+38,,
spectrum,fullhide_1d,10000000.0,10410766.339360708,11079758.325381652,7.647159834313414e+37,,
spectrum,fullhide_1d,10000000.0,10410766.339360708,14551071.58603594,3.102355636266952e+37,,
spectrum,fullhide_1d,10000000.0,10410766.339360708,19109955.11670142,1.2561838896061796e+37,,
spectrum,fullhide_1d,10000000.0,10410766.339360708,25097147.13470325,5.072302020343329e+36,,
spectrum,fullhide_1d,10000000.0,10410766.339360708,32960139.908986893,2.039811348837357e+36,,
spectrum,fullhide_1d,10000000.0,10410766.339360708,43286626.04514961,8.1541554929354e+35,,
spectrum,fullhide_1d,10000000.0,10410766.339360708,56848423.56696796,3.230787934009066e+35,,
spectrum,fullhide_1d,10000000.0,10410766.339360708,74659162.8249933,1.2629622456658156e+35,,
spectrum,fullhide_1d,10000000.0,10410766.339360708,98050046.84364922,4.834652913600785e+34,,
spectrum,fullhide_1d,10000000.0,10410766.339360708,128769347.55587032,1.788617052782257e+34,,
spectrum,fullhide_1d,10000000.0,10410766.339360708,169113074.43233934,6.23271713829236e+33,,
spectrum,fullhide_1d,10000000.0,10410766.339360708,222096581.88684645,1.9256520774926548e+33,,
spectrum,fullhide_1d,10000000.0,10410766.339360708,291679941.66858816,5.044410354879174e+32,,
spectrum,fullhide_1d,10000000.0,10410766.339360708,383063924.9330574,1.1860536863012086e+32,,
spectrum,fullhide_1d,10000000.0,10410766.339360708,503078716.1629518,2.4138451292749473e+31,,
spectrum,fullhide_1d,10000000.0,10410766.339360708,660694412.0368271,4.0797276382943006e+30,,
spectrum,fullhide_1d,10000000.0,10410766.339360708,867691460.744075,5.4220372610253766e+29,,
spectrum,fullhide_1d,10000000.0,10410766.339360708,1139541151.4487367,5.271012454364907e+28,,
spectrum,fullhide_1d,10000000.0,10410766.339360708,1496561963.0871534,3.404546773588117e+27,,
spectrum,fullhide_1d,10000000.0,10410766.339360708,1965438199.850752,1.285237565218835e+26,,
spectrum,fullhide_1d,10000000.0,10410766.339360708,2581214418.5891156,2.3900385662132725e+24,,
spectrum,fullhide_1d,10000000.0,10410766.339360708,3389914714.8143544,1.7433470698802182e+22,,
spectrum,fullhide_1d,10000000.0,10410766.339360708,4451982636.91561,3.6834479185022013e+19,,
spectrum,fullhide_1d,10000000.0,10410766.339360708,5846798833.251286,7.1770718821909976e+16,,
budget,fullhide_1d,10000000.0,10410766.339360708,,,5.068685680746697e+55,7.160063996305719e+51
spectrum,fullhide_2d,100.0,89.26380299493795,1.3928053571686414,6.361667958579574e+48,,
spectrum,fullhide_2d,100.0,89.26380299493795,2.1898412418128776,5.971216882820716e+48,,
spectrum,fullhide_2d,100.0,89.26380299493795,3.117765426089045,7.699199118391507e+48,,
spectrum,fullhide_2d,100.0,89.26380299493795,4.267905305622424,9.577133535300011e+48,,
spectrum,fullhide_2d,100.0,89.26380299493795,5.732896938138673,1.1572541817024696e+49,,
spectrum,fullhide_2d,100.0,89.26380299493795,7.624681321083061,1.3645822807921397e+49,,
spectrum,fullhide_2d,100.0,89.26380299493795,10.085629951714797,1.5707434175987882e+49,,
spectrum,fullhide_2d,100.0,89.26380299493795,13.300085739233017,1.761929767168365e+49,,
spectrum,fullhide_2d,100.0,89.26380299493795,17.508476601692035,1.9203931484641715e+49,,
spectrum,fullhide_2d,100.0,89.26380299493795,23.02541997313217,2.0266522242057775e+49,,
spectrum,fullhide_2d,100.0,89.26380299493795,30.26329401708554,2.063270160313385e+49,,
spectrum,fullhide_2d,100.0,89.26380299493795,39.76308346261515,2.0181878169898777e+49,,
spectrum,fullhide_2d,100.0,89.26380299493795,52.23482408202101,1.89133704084674e+49,,
spectrum,fullhide_2d,100.0,89.26380299493795,68.61067644572951,1.6929751551542377e+49,,
spectrum,fullhide_2d,100.0,89.26380299493795,90.11459908467253,1.4453057475885843e+49,,
spectrum,fullhide_2d,100.0,89.26380299493795,118.35382997886234,1.175869352579503e+49,,
spectrum,fullhide_2d,100.0,89.26380299493795,155.43901447123724,9.129603020815276e+48,,
spectrum,fullhide_2d,100.0,89.26380299493795,204.14195843342932,6.776628125127113e+48,,
spectrum,fullhide_2d,100.0,89.26380299493795,268.10279752732737,4.8269743912871766e+48,,
spectrum,fullhide_2d,100.0,89.26380299493795,352.10206677634955,3.313736225514289e+48,,
spectrum,fullhide_2d,100.0,89.26380299493795,462.41800538308587,2.202935434767633e+48,,
spectrum,fullhide_2d,100.0,89.26380299493795,607.2958023349249,1.4252325549748849e+48,,
spectrum,fullhide_2d,100.0,89.26380299493795,797.5638549663088,9.015076471710587e+47,,
spectrum,fullhide_2d,100.0,89.26380299493795,1047.4431006262682,5.5978701086503024e+47,,
spectrum,fullhide_2d,100.0,89.26380299493795,1375.6099121902175,3.4247425239293187e+47,,
spectrum,fullhide_2d,100.0,89.26380299493795,1806.591999920134,2.070653056076261e+47,,
spectrum,fullhide_2d,100.0,89.26380299493795,2372.601651601967,1.2403712744519375e+47,,
spectrum,fullhide_2d,100.0,89.26380299493795,3115.9433302485827,7.376369354055085e+46,,
spectrum,fullhide_2d,100.0,89.26380299493795,4092.1755770558248,4.3615155990945927e+46,,
spectrum,fullhide_2d,100.0,89.26380299493795,5374.263545275554,2.56724225880141e+46,,
spectrum,fullhide_2d,100.0,89.26380299493795,7058.032532002241,1.5058655899829123e+46,,
spectrum,fullhide_2d,100.0,89.26380299493795,9269.330113526292,8.809307379745324e+45,,
spectrum,fullhide_2d,100.0,89.26380299493795,12173.432193659572,5.142747110991963e+45,,
spectrum,fullhide_2d,100.0,89.26380299493795,15987.395988068694,2.6829197497339148e+45,,
spectrum,fullhide_2d,100.0,89.26380299493795,20996.283226343334,1.0832040792748168e+45,,
spectrum,fullhide_2d,100.0,89.26380299493795,27574.466119765406,4.413151386565529e+44,,
spectrum,fullhide_2d,100.0,89.26380299493795,36213.60853675047,1.7973581542039834e+44,,
spectrum,fullhide_2d,100.0,89.26380299493795,47559.41374358733,7.318131915549001e+43,,
spectrum,fullhide_2d,100.0,89.26380299493795,62459.88529515759,2.978978570882772e+43,,
spectrum,fullhide_2d,100.0,89.26380299493795,82028.70817148598,1.2124181303325627e+43,,
spectrum,fullhide_2d,100.0,89.26380299493795,107728.48736723383,4.933654320019853e+42,,
spectrum,fullhide_2d,100.0,89.26380299493795,141480.06531891078,2.0073165165310203e+42,,
spectrum,fullhide_2d,100.0,89.26380299493795,185806.08872845693,8.16562765154712e+41,,
spectrum,fullhide_2d,100.0,89.26380299493795,244019.55519629005,3.3210632434364832e+41,,
spectrum,fullhide_2d,100.0,89.26380299493795,320471.43193952314,1.3503971460654257e+41,,
spectrum,fullhide_2d,100.0,89.26380299493795,420875.85401280696,5.489154428124937e+40,,
spectrum,fullhide_2d,100.0,89.26380299493795,552737.2078648584,2.2302458467128143e+40,,
spectrum,fullhide_2d,100.0,89.26380299493795,725911.0211360296,9.055892376167863e+39,,
spectrum,fullhide_2d,100.0,89.26380299493795,953340.5804938781,3.673962185263507e+39,,
spectrum,fullhide_2d,100.0,89.26380299493795,1252024.3334971848,1.4887145183238627e+39,,
spectrum,fullhide_2d,100.0,89.26380299493795,1644286.3796448153,6.021882733772774e+38,,
spectrum,fullhide_2d,100.0,89.26380299493795,2159445.009134264,2.4297637046484365e+38,,
spectrum,fullhide_2d,100.0,89.26380299493795,2836003.998574678,9.768296064630478e+37,,
spectrum,fullhide_2d,100.0,89.26380299493795,3724530.444586647,3.906353679399438e+37,,
spectrum,fullhide_2d,100.0,89.26380299493795,4891434.2291563675,1.5499766800250302e+37,,
spectrum,fullhide_2d,100.0,89.26380299493795,6423931.600005377,6.078209414324907e+36,,
spectrum,fullhide_2d,100.0,89.26380299493795,8436563.851879636,2.3408424946338023e+36,,
spectrum,fullhide_2d,100.0,89.26380299493795,11079758.325381652,8.758030902374742e+35,,
spectrum,fullhide_2d,100.0,89.26380299493795,14551071.58603594,3.119237390789812e+35,,
spectrum,fullhide_2d,100.0,89.26380299493795,19109955.11670142,1.0115968469961909e+35,,
spectrum,fullhide_2d,100.0,89.26380299493795,25097147.13470325,2.7653814922365527e+34,,
spectrum,fullhide_2d,100.0,89.26380299493795,32960139.908986893,6.746886984916122e+33,,
spectrum,fullhide_2d,100.0,89.26380299493795,43286626.04514961,1.4426326652151887e+33,,
spectrum,fullhide_2d,100.0,89.26380299493795,56848423.56696796,2.5999997697143665e+32,,
spectrum,fullhide_2d,100.0,89.26380299493795,74659162.8249933,3.757752722357362e+31,,
spectrum,fullhide_2d,100.0,89.26380299493795,98050046.84364922,4.0775315950246025e+30,,
spectrum,fullhide_2d,100.0,89.26380299493795,128769347.55587032,3.043359755671693e+29,,
spectrum,fullhide_2d,100.0,89.26380299493795,169113074.43233934,1.3903985485796904e+28,,
spectrum,fullhide_2d,100.0,89.26380299493795,222096581.88684645,3.328112611067731e+26,,
spectrum,fullhide_2d,100.0,89.26380299493795,291679941.66858816,3.3921331815159877e+24,,
spectrum,fullhide_2d,100.0,89.26380299493795,383063924.9330574,2.6403748804009033e+22,,
spectrum,fullhide_2d,100.0,89.26380299493795,503078716.1629518,1.5909397336254417e+19,,
spectrum,fullhide_2d,100.0,89.26380299493795,660694412.0368271,833084642322896.5,,
spectrum,fullhide_2d,100.0,89.26380299493795,867691460.744075,6068070171.23561,,
spectrum,fullhide_2d,100.0,89.26380299493795,1139541151.4487367,1361.4599092719682,,
spectrum,fullhide_2d,100.0,89.26380299493795,1496561963.0871534,3.1099278389907093e-06,,
spectrum,fullhide_2d,100.0,89.26380299493795,1965438199.850752,1.706046999543357e-17,,
spectrum,fullhide_2d,100.0,89.26380299493795,2581214418.5891156,3.390335789165275e-32,,
spectrum,fullhide_2d,100.0,89.26380299493795,3389914714.8143544,2.0377910862515777e-51,,
spectrum,fullhide_2d,100.0,89.26380299493795,4451982636.91561,1.4207948183483276e-76,,
spectrum,fullhide_2d,100.0,89.26380299493795,5846798833.251286,1.267783174139497e-96,,
budget,fullhide_2d,100.0,89.26380299493795,,,5.0334246863221934e+51,2.869292286986098e+48
spectrum,fullhide_2d,300.0,257.8067192717235,1.3928053571686414,1.5158837176065006e+49,,
spectrum,fullhide_2d,300.0,257.8067192717235,2.1898412418128776,1.401520402817865e+49,,
spectrum,fullhide_2d,300.0,257.8067192717235,3.117765426089045,1.7884528562258602e+49,,
spectrum,fullhide_2d,300.0,257.8067192717235,4.267905305622424,2.2025316799433304e+49,,
spectrum,fullhide_2d,300.0,257.8067192717235,5.732896938138673,2.637269696811391e+49,,
spectrum,fullhide_2d,300.0,257.8067192717235,7.624681321083061,3.0858494065057184e+49,,
spectrum,fullhide_2d,300.0,257.8067192717235,10.085629951714797,3.5321759985287413e+49,,
spectrum,fullhide_2d,300.0,257.8067192717235,13.300085739233017,3.9513295543290574e+49,,
spectrum,fullhide_2d,300.0,257.8067192717235,17.508476601692035,4.3107243874773375e+49,,
spectrum,fullhide_2d,300.0,257.8067192717235,23.02541997313217,4.572923420862557e+49,,
spectrum,fullhide_2d,300.0,257.8067192717235,30.26329401708554,4.700768601218e+49,,
spectrum,fullhide_2d,300.0,257.8067192717235,39.76308346261515,4.6653039665711247e+49,,
spectrum,fullhide_2d,300.0,257.8067192717235,52.23482408202101,4.450971669071945e+49,,
spectrum,fullhide_2d,300.0,257.8067192717235,68.61067644572951,4.070372330127006e+49,,
spectrum,fullhide_2d,300.0,257.8067192717235,90.11459908467253,3.556957197027815e+49,,
spectrum,fullhide_2d,300.0,257.8067192717235,118.35382997886234,2.965624520769228e+49,,
spectrum,fullhide_2d,300.0,257.8067192717235,155.43901447123724,2.3589706782467846e+49,,
spectrum,fullhide_2d,300.0,257.8067192717235,204.14195843342932,1.7921818713644456e+49,,
spectrum,fullhide_2d,300.0,257.8067192717235,268.10279752732737,1.304003498941792e+49,,
spectrum,fullhide_2d,300.0,257.8067192717235,352.10206677634955,9.123935573175817e+48,,
spectrum,fullhide_2d,300.0,257.8067192717235,462.41800538308587,6.166141742059462e+48,,
spectrum,fullhide_2d,300.0,257.8067192717235,607.2958023349249,4.044530697471009e+48,,
spectrum,fullhide_2d,300.0,257.8067192717235,797.5638549663088,2.5874522274499004e+48,,
spectrum,fullhide_2d,300.0,257.8067192717235,1047.4431006262682,1.6215659536207183e+48,,
spectrum,fullhide_2d,300.0,257.8067192717235,1375.6099121902175,9.993953263802566e+47,,
spectrum,fullhide_2d,300.0,257.8067192717235,1806.591999920134,6.077732642168388e+47,,
spectrum,fullhide_2d,300.0,257.8067192717235,2372.601651601967,3.657328209669433e+47,,
spectrum,fullhide_2d,300.0,257.8067192717235,3115.9433302485827,2.1827101713584354e+47,,
spectrum,fullhide_2d,300.0,257.8067192717235,4092.1755770558248,1.294184324885553e+47,,
spectrum,fullhide_2d,300.0,257.8067192717235,5374.263545275554,7.634422981429946e+46,,
spectrum,fullhide_2d,300.0,257.8067192717235,7058.032532002241,4.4857799339022877e+46,,
spectrum,fullhide_2d,300.0,257.8067192717235,9269.330113526292,2.627610274250502e+46,,
spectrum,fullhide_2d,300.0,257.8067192717235,12173.432193659572,1.0935106877493582e+46,,
spectrum,fullhide_2d,300.0,257.8067192717235,15987.395988068694,4.454215045097964e+45,,
spectrum,fullhide_2d,300.0,257.8067192717235,20996.283226343334,1.81593842444422e+45,,
spectrum,fullhide_2d,300.0,257.8067192717235,27574.466119765406,7.399815862853093e+44,,
spectrum,fullhide_2d,300.0,257.8067192717235,36213.60853675047,3.0142345628029877e+44,,
spectrum,fullhide_2d,300.0,257.8067192717235,47559.41374358733,1.2274483468255094e+44,,
spectrum,fullhide_2d,300.0,257.8067192717235,62459.88529515759,4.997174852808509e+43,,
spectrum,fullhide_2d,300.0,257.8067192717235,82028.70817148598,2.034042242540761e+43,,
spectrum,fullhide_2d,300.0,257.8067192717235,107728.48736723383,8.277873620198717e+42,,
spectrum,fullhide_2d,300.0,257.8067192717235,141480.06531891078,3.3682684821731495e+42,,
spectrum,fullhide_2d,300.0,257.8067192717235,185806.08872845693,1.3703311947678608e+42,,
spectrum,fullhide_2d,300.0,257.8067192717235,244019.55519629005,5.574048223537097e+41,,
spectrum,fullhide_2d,300.0,257.8067192717235,320471.43193952314,2.2668851398274032e+41,,
spectrum,fullhide_2d,300.0,257.8067192717235,420875.85401280696,9.216815591073693e+40,,
spectrum,fullhide_2d,300.0,257.8067192717235,552737.2078648584,3.7461610527603547e+40,,
spectrum,fullhide_2d,300.0,257.8067192717235,725911.0211360296,1.52191786471609e+40,,
spectrum,fullhide_2d,300.0,257.8067192717235,953340.5804938781,6.178943226569005e+39,,
spectrum,fullhide_2d,300.0,257.8067192717235,1252024.3334971848,2.5063286737417265e+39,,
spectrum,fullhide_2d,300.0,257.8067192717235,1644286.3796448153,1.0152968846243178e+39,,
spectrum,fullhide_2d,300.0,257.8067192717235,2159445.009134264,4.105192359287641e+38,,
spectrum,fullhide_2d,300.0,257.8067192717235,2836003.998574678,1.6553932771384019e+38,,
spectrum,fullhide_2d,300.0,257.8067192717235,3724530.444586647,6.649199338121558e+37,,
spectrum,fullhide_2d,300.0,257.8067192717235,4891434.2291563675,2.655542460292678e+37,,
spectrum,fullhide_2d,300.0,257.8067192717235,6423931.600005377,1.0516224147336724e+37,,
spectrum,fullhide_2d,300.0,257.8067192717235,8436563.851879636,4.1117284898209155e+36,,
spectrum,fullhide_2d,300.0,257.8067192717235,11079758.325381652,1.5761879118597032e+36,,
spectrum,fullhide_2d,300.0,257.8067192717235,14551071.58603594,5.852350284671002e+35,,
spectrum,fullhide_2d,300.0,257.8067192717235,19109955.11670142,2.0561264628860156e+35,,
spectrum,fullhide_2d,300.0,257.8067192717235,25097147.13470325,6.481225108612977e+34,,
spectrum,fullhide_2d,300.0,257.8067192717235,32960139.908986893,1.721996206274069e+34,,
spectrum,fullhide_2d,300.0,257.8067192717235,43286626.04514961,4.1067218084672325e+33,,
spectrum,fullhide_2d,300.0,257.8067192717235,56848423.56696796,8.519653524895836e+32,,
spectrum,fullhide_2d,300.0,257.8067192717235,74659162.8249933,1.4768081251051754e+32,,
spectrum,fullhide_2d,300.0,257.8067192717235,98050046.84364922,2.02934662160328e+31,,
spectrum,fullhide_2d,300.0,257.8067192717235,128769347.55587032,2.061863315243846e+30,,
spectrum,fullhide_2d,300.0,257.8067192717235,169113074.43233934,1.4119218598916975e+29,,
spectrum,fullhide_2d,300.0,257.8067192717235,222096581.88684645,5.759797414114649e+27,,
spectrum,fullhide_2d,300.0,257.8067192717235,291679941.66858816,1.1873082764599556e+26,,
spectrum,fullhide_2d,300.0,257.8067192717235,383063924.9330574,1.8558522754376397e+24,,
spectrum,fullhide_2d,300.0,257.8067192717235,503078716.1629518,4.408649673118015e+21,,
spectrum,fullhide_2d,300.0,257.8067192717235,660694412.0368271,1.31096942222102e+18,,
spectrum,fullhide_2d,300.0,257.8067192717235,867691460.744075,83745961587336.34,,
spectrum,fullhide_2d,300.0,257.8067192717235,1139541151.4487367,331662807.9219479,,
spectrum,fullhide_2d,300.0,257.8067192717235,1496561963.0871534,33.293010087702264,,
spectrum,fullhide_2d,300.0,257.8067192717235,1965438199.850752,2.6390866430121522e-08,,
spectrum,fullhide_2d,300.0,257.8067192717235,2581214418.5891156,3.6039326333050643e-20,,
spectrum,fullhide_2d,300.0,257.8067192717235,3389914714.8143544,1.1530300707732426e-35,,
spectrum,fullhide_2d,300.0,257.8067192717235,4451982636.91561,6.295160361172622e-56,,
spectrum,fullhide_2d,300.0,257.8067192717235,5846798833.251286,2.5096528610137613e-72,,
budget,fullhide_2d,300.0,257.8067192717235,,,1.307478421874162e+52,7.493989407269924e+48
spectrum,fullhide_2d,1000.0,1060.3584326887017,1.3928053571686414,4.159361906932456e+49,,
spectrum,fullhide_2d,1000.0,1060.3584326887017,2.1898412418128776,3.7446948293457864e+49,,
spectrum,fullhide_2d,1000.0,1060.3584326887017,3.117765426089045,4.708472512353503e+49,,
spectrum,fullhide_2d,1000.0,1060.3584326887017,4.267905305622424,5.727004521870665e+49,,
spectrum,fullhide_2d,1000.0,1060.3584326887017,5.732896938138673,6.7913180656566e+49,,
spectrum,fullhide_2d,1000.0,1060.3584326887017,7.624681321083061,7.894794933739166e+49,,
spectrum,fullhide_2d,1000.0,1060.3584326887017,10.085629951714797,9.011438234184469e+49,,
spectrum,fullhide_2d,1000.0,1060.3584326887017,13.300085739233017,1.009586724623872e+50,,
spectrum,fullhide_2d,1000.0,1060.3584326887017,17.508476601692035,1.1082849113274674e+50,,
spectrum,fullhide_2d,1000.0,1060.3584326887017,23.02541997313217,1.1889040245334056e+50,,
spectrum,fullhide_2d,1000.0,1060.3584326887017,30.26329401708554,1.2419699571974545e+50,,
spectrum,fullhide_2d,1000.0,1060.3584326887017,39.76308346261515,1.2583710633902846e+50,,
spectrum,fullhide_2d,1000.0,1060.3584326887017,52.23482408202101,1.2306615705310754e+50,,
spectrum,fullhide_2d,1000.0,1060.3584326887017,68.61067644572951,1.1578177723567747e+50,,
spectrum,fullhide_2d,1000.0,1060.3584326887017,90.11459908467253,1.043643441202469e+50,,
spectrum,fullhide_2d,1000.0,1060.3584326887017,118.35382997886234,8.982736405468902e+49,,
spectrum,fullhide_2d,1000.0,1060.3584326887017,155.43901447123724,7.384679606519167e+49,,
spectrum,fullhide_2d,1000.0,1060.3584326887017,204.14195843342932,5.792761821894254e+49,,
spectrum,fullhide_2d,1000.0,1060.3584326887017,268.10279752732737,4.344122098873085e+49,,
spectrum,fullhide_2d,1000.0,1060.3584326887017,352.10206677634955,3.1239984122968617e+49,,
spectrum,fullhide_2d,1000.0,1060.3584326887017,462.41800538308587,2.1633390181796571e+49,,
spectrum,fullhide_2d,1000.0,1060.3584326887017,607.2958023349249,1.4490787618267678e+49,,
spectrum,fullhide_2d,1000.0,1060.3584326887017,797.5638549663088,9.434078093355073e+48,,
spectrum,fullhide_2d,1000.0,1060.3584326887017,1047.4431006262682,5.998259262924156e+48,,
spectrum,fullhide_2d,1000.0,1060.3584326887017,1375.6099121902175,3.740250914155049e+48,,
spectrum,fullhide_2d,1000.0,1060.3584326887017,1806.591999920134,2.2958371603580906e+48,,
spectrum,fullhide_2d,1000.0,1060.3584326887017,2372.601651601967,1.3916633963480879e+48,,
spectrum,fullhide_2d,1000.0,1060.3584326887017,3115.9433302485827,8.352812667743763e+47,,
spectrum,fullhide_2d,1000.0,1060.3584326887017,4092.1755770558248,4.9745243919153004e+47,,
spectrum,fullhide_2d,1000.0,1060.3584326887017,5374.263545275554,2.944560013051099e+47,,
spectrum,fullhide_2d,1000.0,1060.3584326887017,7058.032532002241,1.2013176508221995e+47,,
spectrum,fullhide_2d,1000.0,1060.3584326887017,9269.330113526292,4.911068602919827e+46,,
spectrum,fullhide_2d,1000.0,1060.3584326887017,12173.432193659572,2.0061741334034874e+46,,
spectrum,fullhide_2d,1000.0,1060.3584326887017,15987.395988068694,8.187692074890374e+45,,
spectrum,fullhide_2d,1000.0,1060.3584326887017,20996.283226343334,3.3392161941310836e+45,,
spectrum,fullhide_2d,1000.0,1060.3584326887017,27574.466119765406,1.3610902055630997e+45,,
spectrum,fullhide_2d,1000.0,1060.3584326887017,36213.60853675047,5.5455105505912895e+44,,
spectrum,fullhide_2d,1000.0,1060.3584326887017,47559.41374358733,2.2586488752741553e+44,,
spectrum,fullhide_2d,1000.0,1060.3584326887017,62459.88529515759,9.196849199642926e+43,,
spectrum,fullhide_2d,1000.0,1060.3584326887017,82028.70817148598,3.7439945981207304e+43,,
spectrum,fullhide_2d,1000.0,1060.3584326887017,107728.48736723383,1.523889086319674e+43,,
spectrum,fullhide_2d,1000.0,1060.3584326887017,141480.06531891078,6.201595291805394e+42,,
spectrum,fullhide_2d,1000.0,1060.3584326887017,185806.08872845693,2.5234227434413794e+42,,
spectrum,fullhide_2d,1000.0,1060.3584326887017,244019.55519629005,1.0266256719728053e+42,,
spectrum,fullhide_2d,1000.0,1060.3584326887017,320471.43193952314,4.176018062808833e+41,,
spectrum,fullhide_2d,1000.0,1060.3584326887017,420875.85401280696,1.6983487151209656e+41,,
spectrum,fullhide_2d,1000.0,1060.3584326887017,552737.2078648584,6.905272139459865e+40,,
spectrum,fullhide_2d,1000.0,1060.3584326887017,725911.0211360296,2.8066457511613394e+40,,
spectrum,fullhide_2d,1000.0,1060.3584326887017,953340.5804938781,1.1402322704900368e+40,,
spectrum,fullhide_2d,1000.0,1060.3584326887017,1252024.3334971848,4.6293377243380387e+39,,
spectrum,fullhide_2d,1000.0,1060.3584326887017,1644286.3796448153,1.8778001428835524e+39,,
spectrum,fullhide_2d,1000.0,1060.3584326887017,2159445.009134264,7.607081982705901e+38,,
spectrum,fullhide_2d,1000.0,1060.3584326887017,2836003.998574678,3.0759695581181984e+38,,
spectrum,fullhide_2d,1000.0,1060.3584326887017,3724530.444586647,1.240471155201773e+38,,
spectrum,fullhide_2d,1000.0,1060.3584326887017,4891434.2291563675,4.983219611423591e+37,,
spectrum,fullhide_2d,1000.0,1060.3584326887017,6423931.600005377,1.9905541909966012e+37,,
spectrum,fullhide_2d,1000.0,1060.3584326887017,8436563.851879636,7.884915167266101e+36,,
spectrum,fullhide_2d,1000.0,1060.3584326887017,11079758.325381652,3.084142369147227e+36,,
spectrum,fullhide_2d,1000.0,1060.3584326887017,14551071.58603594,1.1829982069699386e+36,,
spectrum,fullhide_2d,1000.0,1060.3584326887017,19109955.11670142,4.396850966958702e+35,,
spectrum,fullhide_2d,1000.0,1060.3584326887017,25097147.13470325,1.5475470381908245e+35,,
spectrum,fullhide_2d,1000.0,1060.3584326887017,32960139.908986893,4.896809561925957e+34,,
spectrum,fullhide_2d,1000.0,1060.3584326887017,43286626.04514961,1.305342608428807e+34,,
spectrum,fullhide_2d,1000.0,1060.3584326887017,56848423.56696796,3.1222646173533103e+33,,
spectrum,fullhide_2d,1000.0,1060.3584326887017,74659162.8249933,6.50264522334268e+32,,
spectrum,fullhide_2d,1000.0,1060.3584326887017,98050046.84364922,1.1328737413230834e+32,,
spectrum,fullhide_2d,1000.0,1060.3584326887017,128769347.55587032,1.5669557271485588e+31,,
spectrum,fullhide_2d,1000.0,1060.3584326887017,169113074.43233934,1.6057106541968013e+30,,
spectrum,fullhide_2d,1000.0,1060.3584326887017,222096581.88684645,1.1119062934253452e+29,,
spectrum,fullhide_2d,1000.0,1060.3584326887017,291679941.66858816,4.6028745428489394e+27,,
spectrum,fullhide_2d,1000.0,1060.3584326887017,383063924.9330574,9.67289881125329e+25,,
spectrum,fullhide_2d,1000.0,1060.3584326887017,503078716.1629518,1.5038809649603976e+24,,
spectrum,fullhide_2d,1000.0,1060.3584326887017,660694412.0368271,3.5530977177684494e+21,,
spectrum,fullhide_2d,1000.0,1060.3584326887017,867691460.744075,1.1832684356916884e+18,,
spectrum,fullhide_2d,1000.0,1060.3584326887017,1139541151.4487367,80174512888102.86,,
spectrum,fullhide_2d,1000.0,1060.3584326887017,1496561963.0871534,343270236.6499768,,
spectrum,fullhide_2d,1000.0,1060.3584326887017,1965438199.850752,38.192845097687254,,
spectrum,fullhide_2d,1000.0,1060.3584326887017,2581214418.5891156,3.46639737399259e-08,,
spectrum,fullhide_2d,1000.0,1060.3584326887017,3389914714.8143544,5.655185167972886e-20,,
spectrum,fullhide_2d,1000.0,1060.3584326887017,4451982636.91561,2.285412389149121e-35,,
spectrum,fullhide_2d,1000.0,1060.3584326887017,5846798833.251286,4.1438310128331814e-48,,
budget,fullhide_2d,1000.0,1060.3584326887017,,,4.168014245304662e+52,2.3663549145542765e+49
spectrum,fullhide_2d,10000.0,8844.848285700204,1.3928053571686414,1.6195578546111166e+50,,
spectrum,fullhide_2d,10000.0,8844.848285700204,2.1898412418128776,1.3982475000905144e+50,,
spectrum,fullhide_2d,10000.0,8844.848285700204,3.117765426089045,1.726702942277571e+50,,
spectrum,fullhide_2d,10000.0,8844.848285700204,4.267905305622424,2.0736391052175554e+50,,
spectrum,fullhide_2d,10000.0,8844.848285700204,5.732896938138673,2.4400190726532983e+50,,
spectrum,fullhide_2d,10000.0,8844.848285700204,7.624681321083061,2.8280307515860963e+50,,
spectrum,fullhide_2d,10000.0,8844.848285700204,10.085629951714797,3.2340799479773793e+50,,
spectrum,fullhide_2d,10000.0,8844.848285700204,13.300085739233017,3.648378060762105e+50,,
spectrum,fullhide_2d,10000.0,8844.848285700204,17.508476601692035,4.054024502606382e+50,,
spectrum,fullhide_2d,10000.0,8844.848285700204,23.02541997313217,4.426349882131014e+50,,
spectrum,fullhide_2d,10000.0,8844.848285700204,30.26329401708554,4.733402281379058e+50,,
spectrum,fullhide_2d,10000.0,8844.848285700204,39.76308346261515,4.938520316850223e+50,,
spectrum,fullhide_2d,10000.0,8844.848285700204,52.23482408202101,5.006099925927024e+50,,
spectrum,fullhide_2d,10000.0,8844.848285700204,68.61067644572951,4.906335632482964e+50,,
spectrum,fullhide_2d,10000.0,8844.848285700204,90.11459908467253,4.6332389682690526e+50,,
spectrum,fullhide_2d,10000.0,8844.848285700204,118.35382997886234,4.1976788826715925e+50,,
spectrum,fullhide_2d,10000.0,8844.848285700204,155.43901447123724,3.6378044284896172e+50,,
spectrum,fullhide_2d,10000.0,8844.848285700204,204.14195843342932,3.013271412752928e+50,,
spectrum,fullhide_2d,10000.0,8844.848285700204,268.10279752732737,2.383208166635052e+50,,
spectrum,fullhide_2d,10000.0,8844.848285700204,352.10206677634955,1.8022484484935327e+50,,
spectrum,fullhide_2d,10000.0,8844.848285700204,462.41800538308587,1.3066096675510105e+50,,
spectrum,fullhide_2d,10000.0,8844.848285700204,607.2958023349249,9.116407055920047e+49,,
spectrum,fullhide_2d,10000.0,8844.848285700204,797.5638549663088,6.147271935883648e+49,,
spectrum,fullhide_2d,10000.0,8844.848285700204,1047.4431006262682,4.025043222714836e+49,,
spectrum,fullhide_2d,10000.0,8844.848285700204,1375.6099121902175,2.5712328145348533e+49,,
spectrum,fullhide_2d,10000.0,8844.848285700204,1806.591999920134,1.6094665591570198e+49,,
spectrum,fullhide_2d,10000.0,8844.848285700204,2372.601651601967,9.57686040680107e+48,,
spectrum,fullhide_2d,10000.0,8844.848285700204,3115.9433302485827,3.9926026591253265e+48,,
spectrum,fullhide_2d,10000.0,8844.848285700204,4092.1755770558248,1.646674813077535e+48,,
spectrum,fullhide_2d,10000.0,8844.848285700204,5374.263545275554,6.774876944567325e+47,,
spectrum,fullhide_2d,10000.0,8844.848285700204,7058.032532002241,2.7803354827679566e+47,,
spectrum,fullhide_2d,10000.0,8844.848285700204,9269.330113526292,1.1387773961582627e+47,,
spectrum,fullhide_2d,10000.0,8844.848285700204,12173.432193659572,4.657134609972125e+46,,
spectrum,fullhide_2d,10000.0,8844.848285700204,15987.395988068694,1.9023361667876002e+46,,
spectrum,fullhide_2d,10000.0,8844.848285700204,20996.283226343334,7.763558414290452e+45,,
spectrum,fullhide_2d,10000.0,8844.848285700204,27574.466119765406,3.1661357404338597e+45,,
spectrum,fullhide_2d,10000.0,8844.848285700204,36213.60853675047,1.2905153662212689e+45,,
spectrum,fullhide_2d,10000.0,8844.848285700204,47559.41374358733,5.2579220942747865e+44,,
spectrum,fullhide_2d,10000.0,8844.848285700204,62459.88529515759,2.1415232678794356e+44,,
spectrum,fullhide_2d,10000.0,8844.848285700204,82028.70817148598,8.720060080313875e+43,,
spectrum,fullhide_2d,10000.0,8844.848285700204,107728.48736723383,3.549985204987986e+43,,
spectrum,fullhide_2d,10000.0,8844.848285700204,141480.06531891078,1.4449733042565574e+43,,
spectrum,fullhide_2d,10000.0,8844.848285700204,185806.08872845693,5.880707828335905e+42,,
spectrum,fullhide_2d,10000.0,8844.848285700204,244019.55519629005,2.3929916956174595e+42,,
spectrum,fullhide_2d,10000.0,8844.848285700204,320471.43193952314,9.736324343589744e+41,,
spectrum,fullhide_2d,10000.0,8844.848285700204,420875.85401280696,3.960830703083455e+41,,
spectrum,fullhide_2d,10000.0,8844.848285700204,552737.2078648584,1.6110304882327218e+41,,
spectrum,fullhide_2d,10000.0,8844.848285700204,725911.0211360296,6.551310090768662e+40,,
spectrum,fullhide_2d,10000.0,8844.848285700204,953340.5804938781,2.6633564253462897e+40,,
spectrum,fullhide_2d,10000.0,8844.848285700204,1252024.3334971848,1.0823358147041693e+40,,
spectrum,fullhide_2d,10000.0,8844.848285700204,1644286.3796448153,4.396025896510022e+39,,
spectrum,fullhide_2d,10000.0,8844.848285700204,2159445.009134264,1.7841357706167257e+39,,
spectrum,fullhide_2d,10000.0,8844.848285700204,2836003.998574678,7.233128462454065e+38,,
spectrum,fullhide_2d,10000.0,8844.848285700204,3724530.444586647,2.9278840949476162e+38,,
spectrum,fullhide_2d,10000.0,8844.848285700204,4891434.2291563675,1.1825473763421866e+38,,
spectrum,fullhide_2d,10000.0,8844.848285700204,6423931.600005377,4.760937916583145e+37,,
spectrum,fullhide_2d,10000.0,8844.848285700204,8436563.851879636,1.907846224901897e+37,,
spectrum,fullhide_2d,10000.0,8844.848285700204,11079758.325381652,7.593134661149374e+36,,
spectrum,fullhide_2d,10000.0,8844.848285700204,14551071.58603594,2.9913392331944845e+36,,
spectrum,fullhide_2d,10000.0,8844.848285700204,19109955.11670142,1.1602600558295895e+36,,
spectrum,fullhide_2d,10000.0,8844.848285700204,25097147.13470325,4.3914337906035224e+35,,
spectrum,fullhide_2d,10000.0,8844.848285700204,32960139.908986893,1.5958565210144987e+35,,
spectrum,fullhide_2d,10000.0,8844.848285700204,43286626.04514961,5.386346689442528e+34,,
spectrum,fullhide_2d,10000.0,8844.848285700204,56848423.56696796,1.561314593083059e+34,,
spectrum,fullhide_2d,10000.0,8844.848285700204,74659162.8249933,3.950931672497125e+33,,
spectrum,fullhide_2d,10000.0,8844.848285700204,98050046.84364922,8.875573117772135e+32,,
spectrum,fullhide_2d,10000.0,8844.848285700204,128769347.55587032,1.7044840883968587e+32,,
spectrum,fullhide_2d,10000.0,8844.848285700204,169113074.43233934,2.6743445053577704e+31,,
spectrum,fullhide_2d,10000.0,8844.848285700204,222096581.88684645,3.229065054641406e+30,,
spectrum,fullhide_2d,10000.0,8844.848285700204,291679941.66858816,2.7712869301341974e+29,,
spectrum,fullhide_2d,10000.0,8844.848285700204,383063924.9330574,1.5209769968320927e+28,,
spectrum,fullhide_2d,10000.0,8844.848285700204,503078716.1629518,4.636396936618511e+26,,
spectrum,fullhide_2d,10000.0,8844.848285700204,660694412.0368271,1.0086380118898164e+25,,
spectrum,fullhide_2d,10000.0,8844.848285700204,867691460.744075,4.6348680111557515e+22,,
spectrum,fullhide_2d,10000.0,8844.848285700204,1139541151.4487367,4.2119634953055494e+19,,
spectrum,fullhide_2d,10000.0,8844.848285700204,1496561963.0871534,8961061093472778.0,,
spectrum,fullhide_2d,10000.0,8844.848285700204,1965438199.850752,174673296125.815,,
spectrum,fullhide_2d,10000.0,8844.848285700204,2581214418.5891156,143877.86895307308,,
spectrum,fullhide_2d,10000.0,8844.848285700204,3389914714.8143544,0.0018218186529535773,,
spectrum,fullhide_2d,10000.0,8844.848285700204,4451982636.91561,9.489028627903554e-14,,
spectrum,fullhide_2d,10000.0,8844.848285700204,5846798833.251286,1.3323037461200662e-22,,
budget,fullhide_2d,10000.0,8844.848285700204,,,2.1620998836597507e+53,1.148956405668765e+50
spectrum,fullhide_2d,100000.0,105067.33021588007,1.3928053571686414,7.011288253633091e+50,,
spectrum,fullhide_2d,100000.0,105067.33021588007,2.1898412418128776,5.821256351897942e+50,,
spectrum,fullhide_2d,100000.0,105067.33021588007,3.117765426089045,7.0998040821733095e+50,,
spectrum,fullhide_2d,100000.0,105067.33021588007,4.267905305622424,8.463344820107927e+50,,
spectrum,fullhide_2d,100000.0,105067.33021588007,5.732896938138673,9.928538359956971e+50,,
spectrum,fullhide_2d,100000.0,105067.33021588007,7.624681321083061,1.1515911940147644e+51,,
spectrum,fullhide_2d,100000.0,105067.33021588007,10.085629951714797,1.3229631617727203e+51,,
spectrum,fullhide_2d,100000.0,105067.33021588007,13.300085739233017,1.505587685806108e+51,,
spectrum,fullhide_2d,100000.0,105067.33021588007,17.508476601692035,1.695959816973526e+51,,
spectrum,fullhide_2d,100000.0,105067.33021588007,23.02541997313217,1.8880025313822897e+51,,
spectrum,fullhide_2d,100000.0,105067.33021588007,30.26329401708554,2.072653269650039e+51,,
spectrum,fullhide_2d,100000.0,105067.33021588007,39.76308346261515,2.237702326118754e+51,,
spectrum,fullhide_2d,100000.0,105067.33021588007,52.23482408202101,2.3681811086930243e+51,,
spectrum,fullhide_2d,100000.0,105067.33021588007,68.61067644572951,2.4478413716804205e+51,,
spectrum,fullhide_2d,100000.0,105067.33021588007,90.11459908467253,2.459897989695234e+51,,
spectrum,fullhide_2d,100000.0,105067.33021588007,118.35382997886234,2.39536839897735e+51,,
spectrum,fullhide_2d,100000.0,105067.33021588007,155.43901447123724,2.249534570944392e+51,,
spectrum,fullhide_2d,100000.0,105067.33021588007,204.14195843342932,2.0289538305566144e+51,,
spectrum,fullhide_2d,100000.0,105067.33021588007,268.10279752732737,1.754339372438775e+51,,
spectrum,fullhide_2d,100000.0,105067.33021588007,352.10206677634955,1.4497943065452054e+51,,
spectrum,fullhide_2d,100000.0,105067.33021588007,462.41800538308587,1.1445379296143646e+51,,
spectrum,fullhide_2d,100000.0,105067.33021588007,607.2958023349249,8.639606626584786e+50,,
spectrum,fullhide_2d,100000.0,105067.33021588007,797.5638549663088,6.2554066137199345e+50,,
spectrum,fullhide_2d,100000.0,105067.33021588007,1047.4431006262682,3.0763380372651862e+50,,
spectrum,fullhide_2d,100000.0,105067.33021588007,1375.6099121902175,1.3237821925018905e+50,,
spectrum,fullhide_2d,100000.0,105067.33021588007,1806.591999920134,5.612043591852293e+49,,
spectrum,fullhide_2d,100000.0,105067.33021588007,2372.601651601967,2.3592128778395276e+49,,
spectrum,fullhide_2d,100000.0,105067.33021588007,3115.9433302485827,9.848625511668933e+48,,
spectrum,fullhide_2d,100000.0,105067.33021588007,4092.1755770558248,4.088305072756314e+48,,
spectrum,fullhide_2d,100000.0,105067.33021588007,5374.263545275554,1.689544776585279e+48,,
spectrum,fullhide_2d,100000.0,105067.33021588007,7058.032532002241,6.957707265716776e+47,,
spectrum,fullhide_2d,100000.0,105067.33021588007,9269.330113526292,2.8573759659566287e+47,,
spectrum,fullhide_2d,100000.0,105067.33021588007,12173.432193659572,1.1709542364615404e+47,,
spectrum,fullhide_2d,100000.0,105067.33021588007,15987.395988068694,4.790642974557227e+46,,
spectrum,fullhide_2d,100000.0,105067.33021588007,20996.283226343334,1.9574616228775465e+46,,
spectrum,fullhide_2d,100000.0,105067.33021588007,27574.466119765406,7.990350804475896e+45,,
spectrum,fullhide_2d,100000.0,105067.33021588007,36213.60853675047,3.259193724733353e+45,,
spectrum,fullhide_2d,100000.0,105067.33021588007,47559.41374358733,1.328624027475998e+45,,
spectrum,fullhide_2d,100000.0,105067.33021588007,62459.88529515759,5.413769095755645e+44,,
spectrum,fullhide_2d,100000.0,105067.33021588007,82028.70817148598,2.2051965814887613e+44,,
spectrum,fullhide_2d,100000.0,105067.33021588007,107728.48736723383,8.98004028842798e+43,,
spectrum,fullhide_2d,100000.0,105067.33021588007,141480.06531891078,3.656096430821747e+43,,
spectrum,fullhide_2d,100000.0,105067.33021588007,185806.08872845693,1.4882757004436824e+43,,
spectrum,fullhide_2d,100000.0,105067.33021588007,244019.55519629005,6.057424046402573e+42,,
spectrum,fullhide_2d,100000.0,105067.33021588007,320471.43193952314,2.465125030588051e+42,,
spectrum,fullhide_2d,100000.0,105067.33021588007,420875.85401280696,1.0030885581273603e+42,,
spectrum,fullhide_2d,100000.0,105067.33021588007,552737.2078648584,4.081193764879596e+41,,
spectrum,fullhide_2d,100000.0,105067.33021588007,725911.0211360296,1.6602585603981498e+41,,
spectrum,fullhide_2d,100000.0,105067.33021588007,953340.5804938781,6.752915187395718e+40,,
spectrum,fullhide_2d,100000.0,105067.33021588007,1252024.3334971848,2.7460722471162896e+40,,
spectrum,fullhide_2d,100000.0,105067.33021588007,1644286.3796448153,1.1163601920214285e+40,,
spectrum,fullhide_2d,100000.0,105067.33021588007,2159445.009134264,4.5364819764578554e+39,,
spectrum,fullhide_2d,100000.0,105067.33021588007,2836003.998574678,1.842403740709813e+39,,
spectrum,fullhide_2d,100000.0,105067.33021588007,3724530.444586647,7.476484161407223e+38,,
spectrum,fullhide_2d,100000.0,105067.33021588007,4891434.2291563675,3.030449194169489e+38,,
spectrum,fullhide_2d,100000.0,105067.33021588007,6423931.600005377,1.2262988805555695e+38,,
spectrum,fullhide_2d,100000.0,105067.33021588007,8436563.851879636,4.950503365242963e+37,,
spectrum,fullhide_2d,100000.0,105067.33021588007,11079758.325381652,1.9916033948859441e+37,,
spectrum,fullhide_2d,100000.0,105067.33021588007,14551071.58603594,7.972049935857503e+36,,
spectrum,fullhide_2d,100000.0,105067.33021588007,19109955.11670142,3.167487193308147e+36,,
spectrum,fullhide_2d,100000.0,105067.33021588007,25097147.13470325,1.2446167681020866e+36,,
spectrum,fullhide_2d,100000.0,105067.33021588007,32960139.908986893,4.8079833956112366e+35,,
spectrum,fullhide_2d,100000.0,105067.33021588007,43286626.04514961,1.8077607659115656e+35,,
spectrum,fullhide_2d,100000.0,105067.33021588007,56848423.56696796,6.494167379344601e+34,,
spectrum,fullhide_2d,100000.0,105067.33021588007,74659162.8249933,2.1428324580294876e+34,,
spectrum,fullhide_2d,100000.0,105067.33021588007,98050046.84364922,5.990113980755447e+33,,
spectrum,fullhide_2d,100000.0,105067.33021588007,128769347.55587032,1.4836775186068113e+33,,
spectrum,fullhide_2d,100000.0,105067.33021588007,169113074.43233934,3.2374029988538497e+32,,
spectrum,fullhide_2d,100000.0,105067.33021588007,222096581.88684645,5.988779409922656e+31,,
spectrum,fullhide_2d,100000.0,105067.33021588007,291679941.66858816,8.952482746360578e+30,,
spectrum,fullhide_2d,100000.0,105067.33021588007,383063924.9330574,1.0150203470130469e+30,,
spectrum,fullhide_2d,100000.0,105067.33021588007,503078716.1629518,8.023070693394944e+28,,
spectrum,fullhide_2d,100000.0,105067.33021588007,660694412.0368271,3.9522306187098756e+27,,
spectrum,fullhide_2d,100000.0,105067.33021588007,867691460.744075,1.5449858840430993e+26,,
spectrum,fullhide_2d,100000.0,105067.33021588007,1139541151.4487367,1.95067119771558e+24,,
spectrum,fullhide_2d,100000.0,105067.33021588007,1496561963.0871534,4.749060402155454e+21,,
spectrum,fullhide_2d,100000.0,105067.33021588007,1965438199.850752,4.403545339237982e+18,,
spectrum,fullhide_2d,100000.0,105067.33021588007,2581214418.5891156,604444553893783.8,,
spectrum,fullhide_2d,100000.0,105067.33021588007,3389914714.8143544,6592076622.1533985,,
spectrum,fullhide_2d,100000.0,105067.33021588007,4451982636.91561,2520.607772069426,,
spectrum,fullhide_2d,100000.0,105067.33021588007,5846798833.251286,0.00368440758416624,,
budget,fullhide_2d,100000.0,105067.33021588007,,,1.4093141324302608e+54,6.144363161790824e+50
spectrum,fullhide_2d,1000000.0,876406.0971219235,1.3928053571686414,2.3575652654100183e+51,,
spectrum,fullhide_2d,1000000.0,876406.0971219235,2.1898412418128776,1.9126027466228806e+51,,
spectrum,fullhide_2d,1000000.0,876406.0971219235,3.117765426089045,2.319428972953271e+51,,
spectrum,fullhide_2d,1000000.0,876406.0971219235,4.267905305622424,2.7581499414302972e+51,,
spectrum,fullhide_2d,1000000.0,876406.0971219235,5.732896938138673,3.237039227225965e+51,,
spectrum,fullhide_2d,1000000.0,876406.0971219235,7.624681321083061,3.767898418715163e+51,,
spectrum,fullhide_2d,1000000.0,876406.0971219235,10.085629951714797,4.359837331903831e+51,,
spectrum,fullhide_2d,1000000.0,876406.0971219235,13.300085739233017,5.0205368394260395e+51,,
spectrum,fullhide_2d,1000000.0,876406.0971219235,17.508476601692035,5.7564037162806944e+51,,
spectrum,fullhide_2d,1000000.0,876406.0971219235,23.02541997313217,6.572498711076978e+51,,
spectrum,fullhide_2d,1000000.0,876406.0971219235,30.26329401708554,7.472104171319427e+51,,
spectrum,fullhide_2d,1000000.0,876406.0971219235,39.76308346261515,8.455745318786921e+51,,
spectrum,fullhide_2d,1000000.0,876406.0971219235,52.23482408202101,9.519203024897073e+51,,
spectrum,fullhide_2d,1000000.0,876406.0971219235,68.61067644572951,1.064972751915386e+52,,
spectrum,fullhide_2d,1000000.0,876406.0971219235,90.11459908467253,1.1822363621293023e+52,,
spectrum,fullhide_2d,1000000.0,876406.0971219235,118.35382997886234,1.297605854186977e+52,,
spectrum,fullhide_2d,1000000.0,876406.0971219235,155.43901447123724,1.4041177042790135e+52,,
spectrum,fullhide_2d,1000000.0,876406.0971219235,204.14195843342932,1.4888705499094466e+52,,
spectrum,fullhide_2d,1000000.0,876406.0971219235,268.10279752732737,1.547679258658184e+52,,
spectrum,fullhide_2d,1000000.0,876406.0971219235,352.10206677634955,1.1901164551400459e+52,,
spectrum,fullhide_2d,1000000.0,876406.0971219235,462.41800538308587,6.33175487766961e+51,,
spectrum,fullhide_2d,1000000.0,876406.0971219235,607.2958023349249,2.9675382514455656e+51,,
spectrum,fullhide_2d,1000000.0,876406.0971219235,797.5638549663088,1.3342996747577642e+51,,
spectrum,fullhide_2d,1000000.0,876406.0971219235,1047.4431006262682,5.89085565766639e+50,,
spectrum,fullhide_2d,1000000.0,876406.0971219235,1375.6099121902175,2.563281633736999e+50,,
spectrum,fullhide_2d,1000000.0,876406.0971219235,1806.591999920134,1.1013443057784382e+50,,
spectrum,fullhide_2d,1000000.0,876406.0971219235,2372.601651601967,4.681226130815969e+49,,
spectrum,fullhide_2d,1000000.0,876406.0971219235,3115.9433302485827,1.9718754127920292e+49,,
spectrum,fullhide_2d,1000000.0,876406.0971219235,4092.1755770558248,8.244983780647138e+48,,
spectrum,fullhide_2d,1000000.0,876406.0971219235,5374.263545275554,3.4269575162578716e+48,,
spectrum,fullhide_2d,1000000.0,876406.0971219235,7058.032532002241,1.4176262339880629e+48,,
spectrum,fullhide_2d,1000000.0,876406.0971219235,9269.330113526292,5.8423194465768376e+47,,
spectrum,fullhide_2d,1000000.0,876406.0971219235,12173.432193659572,2.4006776273108097e+47,,
spectrum,fullhide_2d,1000000.0,876406.0971219235,15987.395988068694,9.842172092500314e+46,,
spectrum,fullhide_2d,1000000.0,876406.0971219235,20996.283226343334,4.0279202548567607e+46,,
spectrum,fullhide_2d,1000000.0,876406.0971219235,27574.466119765406,1.6461874822980208e+46,,
spectrum,fullhide_2d,1000000.0,876406.0971219235,36213.60853675047,6.720831272570591e+45,,
spectrum,fullhide_2d,1000000.0,876406.0971219235,47559.41374358733,2.7416864102334412e+45,,
spectrum,fullhide_2d,1000000.0,876406.0971219235,62459.88529515759,1.1177512606419181e+45,,
spectrum,fullhide_2d,1000000.0,876406.0971219235,82028.70817148598,4.554782814961271e+44,,
spectrum,fullhide_2d,1000000.0,876406.0971219235,107728.48736723383,1.8553805749012986e+44,,
spectrum,fullhide_2d,1000000.0,876406.0971219235,141480.06531891078,7.555745772995465e+43,,
spectrum,fullhide_2d,1000000.0,876406.0971219235,185806.08872845693,3.0762937314383583e+43,,
spectrum,fullhide_2d,1000000.0,876406.0971219235,244019.55519629005,1.2522884009703285e+43,,
spectrum,fullhide_2d,1000000.0,876406.0971219235,320471.43193952314,5.0970764246200954e+42,,
spectrum,fullhide_2d,1000000.0,876406.0971219235,420875.85401280696,2.0743755527541266e+42,,
spectrum,fullhide_2d,1000000.0,876406.0971219235,552737.2078648584,8.44127054036466e+41,,
spectrum,fullhide_2d,1000000.0,876406.0971219235,725911.0211360296,3.4346528199257756e+41,,
spectrum,fullhide_2d,1000000.0,876406.0971219235,953340.5804938781,1.3973594974146195e+41,,
spectrum,fullhide_2d,1000000.0,876406.0971219235,1252024.3334971848,5.684259096707857e+40,,
spectrum,fullhide_2d,1000000.0,876406.0971219235,1644286.3796448153,2.3118680902563236e+40,,
spectrum,fullhide_2d,1000000.0,876406.0971219235,2159445.009134264,9.400465225805345e+39,,
spectrum,fullhide_2d,1000000.0,876406.0971219235,2836003.998574678,3.821144176043542e+39,,
spectrum,fullhide_2d,1000000.0,876406.0971219235,3724530.444586647,1.5525219298577653e+39,,
spectrum,fullhide_2d,1000000.0,876406.0971219235,4891434.2291563675,6.3037486309733414e+38,,
spectrum,fullhide_2d,1000000.0,876406.0971219235,6423931.600005377,2.557150668130684e+38,,
spectrum,fullhide_2d,1000000.0,876406.0971219235,8436563.851879636,1.0359428710248469e+38,,
spectrum,fullhide_2d,1000000.0,876406.0971219235,11079758.325381652,4.1887527776083954e+37,,
spectrum,fullhide_2d,1000000.0,876406.0971219235,14551071.58603594,1.6890194352233137e+37,,
spectrum,fullhide_2d,1000000.0,876406.0971219235,19109955.11670142,6.783335410400483e+36,,
spectrum,fullhide_2d,1000000.0,876406.0971219235,25097147.13470325,2.7083306592939827e+36,,
spectrum,fullhide_2d,1000000.0,876406.0971219235,32960139.908986893,1.0719605616448157e+36,,
spectrum,fullhide_2d,1000000.0,876406.0971219235,43286626.04514961,4.1874164365711235e+35,,
spectrum,fullhide_2d,1000000.0,876406.0971219235,56848423.56696796,1.6026872653903014e+35,,
spectrum,fullhide_2d,1000000.0,876406.0971219235,74659162.8249933,5.934377712661957e+34,,
spectrum,fullhide_2d,1000000.0,876406.0971219235,98050046.84364922,2.074154512818042e+34,,
spectrum,fullhide_2d,1000000.0,876406.0971219235,128769347.55587032,6.463842677666872e+33,,
spectrum,fullhide_2d,1000000.0,876406.0971219235,169113074.43233934,1.7021812980518331e+33,,
spectrum,fullhide_2d,1000000.0,876406.0971219235,222096581.88684645,4.025321987103919e+32,,
spectrum,fullhide_2d,1000000.0,876406.0971219235,291679941.66858816,8.25835389959689e+31,,
spectrum,fullhide_2d,1000000.0,876406.0971219235,383063924.9330574,1.4110443408520824e+31,,
spectrum,fullhide_2d,1000000.0,876406.0971219235,503078716.1629518,1.9027273553589806e+30,,
spectrum,fullhide_2d,1000000.0,876406.0971219235,660694412.0368271,1.88594519880403e+29,,
spectrum,fullhide_2d,1000000.0,876406.0971219235,867691460.744075,1.2502571426766843e+28,,
spectrum,fullhide_2d,1000000.0,876406.0971219235,1139541151.4487367,6.747869909212519e+26,,
spectrum,fullhide_2d,1000000.0,876406.0971219235,1496561963.0871534,1.524740816219211e+25,,
spectrum,fullhide_2d,1000000.0,876406.0971219235,1965438199.850752,7.39231071582169e+22,,
spectrum,fullhide_2d,1000000.0,876406.0971219235,2581214418.5891156,1.6975398275007093e+20,,
spectrum,fullhide_2d,1000000.0,876406.0971219235,3389914714.8143544,7.756507535625632e+16,,
spectrum,fullhide_2d,1000000.0,876406.0971219235,4451982636.91561,4165180741197.1016,,
spectrum,fullhide_2d,1000000.0,876406.0971219235,5846798833.251286,340858803.61110055,,
budget,fullhide_2d,1000000.0,876406.0971219235,,,7.066989999221776e+54,2.180126051185558e+51
spectrum,fullhide_2d,10000000.0,10410766.339360708,1.3928053571686414,1.0100588245647309e+52,,
spectrum,fullhide_2d,10000000.0,10410766.339360708,2.1898412418128776,8.132051057648555e+51,,
spectrum,fullhide_2d,10000000.0,10410766.339360708,3.117765426089045,9.950198929595329e+51,,
spectrum,fullhide_2d,10000000.0,10410766.339360708,4.267905305622424,1.2051182684094202e+52,,
spectrum,fullhide_2d,10000000.0,10410766.339360708,5.732896938138673,1.458185360496265e+52,,
spectrum,fullhide_2d,10000000.0,10410766.339360708,7.624681321083061,1.7804224502796341e+52,,
spectrum,fullhide_2d,10000000.0,10410766.339360708,10.085629951714797,2.2148195878219855e+52,,
spectrum,fullhide_2d,10000000.0,10410766.339360708,13.300085739233017,2.837190438159824e+52,,
spectrum,fullhide_2d,10000000.0,10410766.339360708,17.508476601692035,3.786233751444443e+52,,
spectrum,fullhide_2d,10000000.0,10410766.339360708,23.02541997313217,5.31865123444641e+52,,
spectrum,fullhide_2d,10000000.0,10410766.339360708,30.26329401708554,7.911916451763787e+52,,
spectrum,fullhide_2d,10000000.0,10410766.339360708,39.76308346261515,1.2450174378099786e+53,,
spectrum,fullhide_2d,10000000.0,10410766.339360708,52.23482408202101,2.0546481320746438e+53,,
spectrum,fullhide_2d,10000000.0,10410766.339360708,68.61067644572951,3.5908735917985314e+53,,
spectrum,fullhide_2d,10000000.0,10410766.339360708,90.11459908467253,3.609703144190976e+53,,
spectrum,fullhide_2d,10000000.0,10410766.339360708,118.35382997886234,2.5995333214232367e+53,,
spectrum,fullhide_2d,10000000.0,10410766.339360708,155.43901447123724,1.5917345570913725e+53,,
spectrum,fullhide_2d,10000000.0,10410766.339360708,204.14195843342932,8.787824585004148e+52,,
spectrum,fullhide_2d,10000000.0,10410766.339360708,268.10279752732737,4.4998510591261205e+52,,
spectrum,fullhide_2d,10000000.0,10410766.339360708,352.10206677634955,2.2008664393852773e+52,,
spectrum,fullhide_2d,10000000.0,10410766.339360708,462.41800538308587,1.047342629046151e+52,,
spectrum,fullhide_2d,10000000.0,10410766.339360708,607.2958023349249,4.887182407911449e+51,,
spectrum,fullhide_2d,10000000.0,10410766.339360708,797.5638549663088,2.238892269149515e+51,,
spectrum,fullhide_2d,10000000.0,10410766.339360708,1047.4431006262682,1.0082581135833896e+51,,
spectrum,fullhide_2d,10000000.0,10410766.339360708,1375.6099121902175,4.467359646587072e+50,,
spectrum,fullhide_2d,10000000.0,10410766.339360708,1806.591999920134,1.950308837215226e+50,,
spectrum,fullhide_2d,10000000.0,10410766.339360708,2372.601651601967,8.403879525172328e+49,,
spectrum,fullhide_2d,10000000.0,10410766.339360708,3115.9433302485827,3.580750242202689e+49,,
spectrum,fullhide_2d,10000000.0,10410766.339360708,4092.1755770558248,1.5113514344894816e+49,,
spectrum,fullhide_2d,10000000.0,10410766.339360708,5374.263545275554,6.329607267303799e+48,,
spectrum,fullhide_2d,10000000.0,10410766.339360708,7058.032532002241,2.6342016516182517e+48,,
spectrum,fullhide_2d,10000000.0,10410766.339360708,9269.330113526292,1.0907656318800118e+48,,
spectrum,fullhide_2d,10000000.0,10410766.339360708,12173.432193659572,4.498648644566502e+47,,
spectrum,fullhide_2d,10000000.0,10410766.339360708,15987.395988068694,1.8495926120023053e+47,,
spectrum,fullhide_2d,10000000.0,10410766.339360708,20996.283226343334,7.585946357558377e+46,,
spectrum,fullhide_2d,10000000.0,10410766.339360708,27574.466119765406,3.105455714124603e+46,,
spectrum,fullhide_2d,10000000.0,10410766.339360708,36213.60853675047,1.269429437536733e+46,,
spectrum,fullhide_2d,10000000.0,10410766.339360708,47559.41374358733,5.183287622257019e+45,,
spectrum,fullhide_2d,10000000.0,10410766.339360708,62459.88529515759,2.1146019087562867e+45,,
spectrum,fullhide_2d,10000000.0,10410766.339360708,82028.70817148598,8.621159806438846e+44,,
spectrum,fullhide_2d,10000000.0,10410766.339360708,107728.48736723383,3.5130433589531268e+44,,
spectrum,fullhide_2d,10000000.0,10410766.339360708,141480.06531891078,1.4309790954194232e+44,,
spectrum,fullhide_2d,10000000.0,10410766.339360708,185806.08872845693,5.827120686008191e+43,,
spectrum,fullhide_2d,10000000.0,10410766.339360708,244019.55519629005,2.3723300819661907e+43,,
spectrum,fullhide_2d,10000000.0,10410766.339360708,320471.43193952314,9.656473197025912e+42,,
spectrum,fullhide_2d,10000000.0,10410766.339360708,420875.85401280696,3.930069619952383e+42,,
spectrum,fullhide_2d,10000000.0,10410766.339360708,552737.2078648584,1.5993049240320893e+42,,
spectrum,fullhide_2d,10000000.0,10410766.339360708,725911.0211360296,6.507563826472949e+41,,
spectrum,fullhide_2d,10000000.0,10410766.339360708,953340.5804938781,2.6476746032361802e+41,,
spectrum,fullhide_2d,10000000.0,10410766.339360708,1252024.3334971848,1.0771313644783414e+41,,
spectrum,fullhide_2d,10000000.0,10410766.339360708,1644286.3796448153,4.381522634410406e+40,,
spectrum,fullhide_2d,10000000.0,10410766.339360708,2159445.009134264,1.78206195190399e+40,,
spectrum,fullhide_2d,10000000.0,10410766.339360708,2836003.998574678,7.246760475163153e+39,,
spectrum,fullhide_2d,10000000.0,10410766.339360708,3724530.444586647,2.9461912914067245e+39,,
spectrum,fullhide_2d,10000000.0,10410766.339360708,4891434.2291563675,1.1973836555598916e+39,,
spectrum,fullhide_2d,10000000.0,10410766.339360708,6423931.600005377,4.864094138570143e+38,,
spectrum,fullhide_2d,10000000.0,10410766.339360708,8436563.851879636,1.9746103574028683e+38,,
spectrum,fullhide_2d,10000000.0,10410766.339360708,11079758.325381652,8.00844638925785e+37,,
spectrum,fullhide_2d,10000000.0,10410766.339360708,14551071.58603594,3.243577678039326e+37,,
spectrum,fullhide_2d,10000000.0,10410766.339360708,19109955.11670142,1.3111459685200214e+37,,
spectrum,fullhide_2d,10000000.0,10410766.339360708,25097147.13470325,5.285078475563886e+36,,
spectrum,fullhide_2d,10000000.0,10410766.339360708,32960139.908986893,2.1216327825798538e+36,,
spectrum,fullhide_2d,10000000.0,10410766.339360708,43286626.04514961,8.465998950673729e+35,,
spectrum,fullhide_2d,10000000.0,10410766.339360708,56848423.56696796,3.348203701262255e+35,,
spectrum,fullhide_2d,10000000.0,10410766.339360708,74659162.8249933,1.3064339761636524e+35,,
spectrum,fullhide_2d,10000000.0,10410766.339360708,98050046.84364922,4.9917108732461405e+34,,
spectrum,fullhide_2d,10000000.0,10410766.339360708,128769347.55587032,1.8432407187789513e+34,,
spectrum,fullhide_2d,10000000.0,10410766.339360708,169113074.43233934,6.410847822840389e+33,,
spectrum,fullhide_2d,10000000.0,10410766.339360708,222096581.88684645,1.9769009896032736e+33,,
spectrum,fullhide_2d,10000000.0,10410766.339360708,291679941.66858816,5.168798060167092e+32,,
spectrum,fullhide_2d,10000000.0,10410766.339360708,383063924.9330574,1.2130153501974026e+32,,
spectrum,fullhide_2d,10000000.0,10410766.339360708,503078716.1629518,2.463958970857559e+31,,
spectrum,fullhide_2d,10000000.0,10410766.339360708,660694412.0368271,4.1562456449148125e+30,,
spectrum,fullhide_2d,10000000.0,10410766.339360708,867691460.744075,5.51306349765062e+29,,
spectrum,fullhide_2d,10000000.0,10410766.339360708,1139541151.4487367,5.349421890557248e+28,,
spectrum,fullhide_2d,10000000.0,10410766.339360708,1496561963.0871534,4.3405067093035755e+27,,
spectrum,fullhide_2d,10000000.0,10410766.339360708,1965438199.850752,1.807638400088419e+26,,
spectrum,fullhide_2d,10000000.0,10410766.339360708,2581214418.5891156,2.4126042205688927e+24,,
spectrum,fullhide_2d,10000000.0,10410766.339360708,3389914714.8143544,1.7570120372664878e+22,,
spectrum,fullhide_2d,10000000.0,10410766.339360708,4451982636.91561,3.7068195240886985e+19,,
spectrum,fullhide_2d,10000000.0,10410766.339360708,5846798833.251286,7.216237613142894e+16,,
budget,fullhide_2d,10000000.0,10410766.339360708,,,5.062985848434692e+55,7.314845228055233e+51
spectrum,dg_1d,100.0,89.26380299493795,1.3928053571686414,4.5527659469686705e+46,,
spectrum,dg_1d,100.0,89.26380299493795,2.1898412418128776,3.9318507073179115e+46,,
spectrum,dg_1d,100.0,89.26380299493795,3.117765426089045,4.129240967761903e+46,,
spectrum,dg_1d,100.0,89.26380299493795,4.267905305622424,4.0139015861700425e+47,,
spectrum,dg_1d,100.0,89.26380299493795,5.732896938138673,1.3980653281157122e+48,,
spectrum,dg_1d,100.0,89.26380299493795,7.624681321083061,3.4956349640812596e+48,,
spectrum,dg_1d,100.0,89.26380299493795,10.085629951714797,6.776724823861359e+48,,
spectrum,dg_1d,100.0,89.26380299493795,13.300085739233017,1.0761394180130235e+49,,
spectrum,dg_1d,100.0,89.26380299493795,17.508476601692035,1.468949929237362e+49,,
spectrum,dg_1d,100.0,89.26380299493795,23.02541997313217,1.7895819226023105e+49,,
spectrum,dg_1d,100.0,89.26380299493795,30.26329401708554,1.9970665352509968e+49,,
spectrum,dg_1d,100.0,89.26380299493795,39.76308346261515,2.0703712117315852e+49,,
spectrum,dg_1d,100.0,89.26380299493795,52.23482408202101,2.0094992288754148e+49,,
spectrum,dg_1d,100.0,89.26380299493795,68.61067644572951,1.8326393385655628e+49,,
spectrum,dg_1d,100.0,89.26380299493795,90.11459908467253,1.5727873970873168e+49,,
spectrum,dg_1d,100.0,89.26380299493795,118.35382997886234,1.2755354267791368e+49,,
spectrum,dg_1d,100.0,89.26380299493795,155.43901447123724,9.79862148906327e+48,,
spectrum,dg_1d,100.0,89.26380299493795,204.14195843342932,7.195505265917107e+48,,
spectrum,dg_1d,100.0,89.26380299493795,268.10279752732737,5.0250092166422215e+48,,
spectrum,dg_1d,100.0,89.26380299493795,352.10206677634955,3.410059710470244e+48,,
spectrum,dg_1d,100.0,89.26380299493795,462.41800538308587,2.2644646019948763e+48,,
spectrum,dg_1d,100.0,89.26380299493795,607.2958023349249,1.4530650059067265e+48,,
spectrum,dg_1d,100.0,89.26380299493795,797.5638549663088,9.029127586324181e+47,,
spectrum,dg_1d,100.0,89.26380299493795,1047.4431006262682,5.498007988167843e+47,,
spectrum,dg_1d,100.0,89.26380299493795,1375.6099121902175,3.308843382636427e+47,,
spectrum,dg_1d,100.0,89.26380299493795,1806.591999920134,1.9761949278216477e+47,,
spectrum,dg_1d,100.0,89.26380299493795,2372.601651601967,1.1736718079461212e+47,,
spectrum,dg_1d,100.0,89.26380299493795,3115.9433302485827,6.940923048634528e+46,,
spectrum,dg_1d,100.0,89.26380299493795,4092.1755770558248,4.0915606711020123e+46,,
spectrum,dg_1d,100.0,89.26380299493795,5374.263545275554,2.405996690780503e+46,,
spectrum,dg_1d,100.0,89.26380299493795,7058.032532002241,1.4118925834495485e+46,,
spectrum,dg_1d,100.0,89.26380299493795,9269.330113526292,8.270846835800554e+45,,
spectrum,dg_1d,100.0,89.26380299493795,12173.432193659572,4.768069085117628e+45,,
spectrum,dg_1d,100.0,89.26380299493795,15987.395988068694,2.134582519310104e+45,,
spectrum,dg_1d,100.0,89.26380299493795,20996.283226343334,8.69554605642139e+44,,
spectrum,dg_1d,100.0,89.26380299493795,27574.466119765406,3.5559375285797456e+44,,
spectrum,dg_1d,100.0,89.26380299493795,36213.60853675047,1.4532226667952102e+44,,
spectrum,dg_1d,100.0,89.26380299493795,47559.41374358733,5.935643147656513e+43,,
spectrum,dg_1d,100.0,89.26380299493795,62459.88529515759,2.4231518685575394e+43,,
spectrum,dg_1d,100.0,89.26380299493795,82028.70817148598,9.887211346616113e+42,,
spectrum,dg_1d,100.0,89.26380299493795,107728.48736723383,4.032427653751603e+42,,
spectrum,dg_1d,100.0,89.26380299493795,141480.06531891078,1.643890032086738e+42,,
spectrum,dg_1d,100.0,89.26380299493795,185806.08872845693,6.698787608899775e+41,,
spectrum,dg_1d,100.0,89.26380299493795,244019.55519629005,2.7285178506827792e+41,,
spectrum,dg_1d,100.0,89.26380299493795,320471.43193952314,1.11083362391882e+41,,
spectrum,dg_1d,100.0,89.26380299493795,420875.85401280696,4.519947184286122e+40,,
spectrum,dg_1d,100.0,89.26380299493795,552737.2078648584,1.8379291249331184e+40,,
spectrum,dg_1d,100.0,89.26380299493795,725911.0211360296,7.467118048289402e+39,,
spectrum,dg_1d,100.0,89.26380299493795,953340.5804938781,3.030293071679975e+39,,
spectrum,dg_1d,100.0,89.26380299493795,1252024.3334971848,1.2278473857666064e+39,,
spectrum,dg_1d,100.0,89.26380299493795,1644286.3796448153,4.9644064451187334e+38,,
spectrum,dg_1d,100.0,89.26380299493795,2159445.009134264,2.0010651481555465e+38,,
spectrum,dg_1d,100.0,89.26380299493795,2836003.998574678,8.030544356348328e+37,,
spectrum,dg_1d,100.0,89.26380299493795,3724530.444586647,3.2021906737137145e+37,,
spectrum,dg_1d,100.0,89.26380299493795,4891434.2291563675,1.2648295560428223e+37,,
spectrum,dg_1d,100.0,89.26380299493795,6423931.600005377,4.924792967037429e+36,,
spectrum,dg_1d,100.0,89.26380299493795,8436563.851879636,1.8750863359215635e+36,,
spectrum,dg_1d,100.0,89.26380299493795,11079758.325381652,6.882170357605997e+35,,
spectrum,dg_1d,100.0,89.26380299493795,14551071.58603594,2.366651046746474e+35,,
spectrum,dg_1d,100.0,89.26380299493795,19109955.11670142,7.158158908920914e+34,,
spectrum,dg_1d,100.0,89.26380299493795,25097147.13470325,1.8599710274974417e+34,,
spectrum,dg_1d,100.0,89.26380299493795,32960139.908986893,4.3169770457650354e+33,,
spectrum,dg_1d,100.0,89.26380299493795,43286626.04514961,8.664374602081741e+32,,
spectrum,dg_1d,100.0,89.26380299493795,56848423.56696796,1.4435637689298759e+32,,
spectrum,dg_1d,100.0,89.26380299493795,74659162.8249933,1.8937298178111483e+31,,
spectrum,dg_1d,100.0,89.26380299493795,98050046.84364922,1.8257193896571617e+30,,
spectrum,dg_1d,100.0,89.26380299493795,128769347.55587032,1.1821131834322202e+29,,
spectrum,dg_1d,100.0,89.26380299493795,169113074.43233934,4.5687640886109805e+27,,
spectrum,dg_1d,100.0,89.26380299493795,222096581.88684645,9.030104812186184e+25,,
spectrum,dg_1d,100.0,89.26380299493795,291679941.66858816,7.445713376084338e+23,,
spectrum,dg_1d,100.0,89.26380299493795,383063924.9330574,1.9569285401524309e+21,,
spectrum,dg_1d,100.0,89.26380299493795,503078716.1629518,4.873399513461553e+18,,
budget,dg_1d,100.0,89.26380299493795,,,5.040829544349095e+51,2.7069346637509124e+48
spectrum,dg_1d,300.0,257.8067192717235,1.3928053571686414,4.984363958540011e+47,,
spectrum,dg_1d,300.0,257.8067192717235,2.1898412418128776,4.420346871765397e+47,,
spectrum,dg_1d,300.0,257.8067192717235,3.117765426089045,3.778556093418047e+47,,
spectrum,dg_1d,300.0,257.8067192717235,4.267905305622424,2.4283294216603317e+48,,
spectrum,dg_1d,300.0,257.8067192717235,5.732896938138673,6.606352580861169e+48,,
spectrum,dg_1d,300.0,257.8067192717235,7.624681321083061,1.2794933390171145e+49,,
spectrum,dg_1d,300.0,257.8067192717235,10.085629951714797,2.0403136697196037e+49,,
spectrum,dg_1d,300.0,257.8067192717235,13.300085739233017,2.8350584286885015e+49,,
spectrum,dg_1d,300.0,257.8067192717235,17.508476601692035,3.573307744814525e+49,,
spectrum,dg_1d,300.0,257.8067192717235,23.02541997313217,4.1881708283097737e+49,,
spectrum,dg_1d,300.0,257.8067192717235,30.26329401708554,4.621291992970377e+49,,
spectrum,dg_1d,300.0,257.8067192717235,39.76308346261515,4.819239597545085e+49,,
spectrum,dg_1d,300.0,257.8067192717235,52.23482408202101,4.7486565479386e+49,,
spectrum,dg_1d,300.0,257.8067192717235,68.61067644572951,4.4160463555690365e+49,,
spectrum,dg_1d,300.0,257.8067192717235,90.11459908467253,3.875781665833582e+49,,
spectrum,dg_1d,300.0,257.8067192717235,118.35382997886234,3.2143025748446257e+49,,
spectrum,dg_1d,300.0,257.8067192717235,155.43901447123724,2.527005312513558e+49,,
spectrum,dg_1d,300.0,257.8067192717235,204.14195843342932,1.8899658762620838e+49,,
spectrum,dg_1d,300.0,257.8067192717235,268.10279752732737,1.3536103420224493e+49,,
spectrum,dg_1d,300.0,257.8067192717235,352.10206677634955,9.26671165105035e+48,,
spectrum,dg_1d,300.0,257.8067192717235,462.41800538308587,6.197618494304487e+48,,
spectrum,dg_1d,300.0,257.8067192717235,607.2958023349249,4.0503363947336846e+48,,
spectrum,dg_1d,300.0,257.8067192717235,797.5638549663088,2.5566468355125063e+48,,
spectrum,dg_1d,300.0,257.8067192717235,1047.4431006262682,1.568827564122415e+48,,
spectrum,dg_1d,300.0,257.8067192717235,1375.6099121902175,9.47264195873618e+47,,
spectrum,dg_1d,300.0,257.8067192717235,1806.591999920134,5.666835550261866e+47,,
spectrum,dg_1d,300.0,257.8067192717235,2372.601651601967,3.3688064038622185e+47,,
spectrum,dg_1d,300.0,257.8067192717235,3115.9433302485827,1.9933666703554018e+47,,
spectrum,dg_1d,300.0,257.8067192717235,4092.1755770558248,1.175377669414873e+47,,
spectrum,dg_1d,300.0,257.8067192717235,5374.263545275554,6.912383632869506e+46,,
spectrum,dg_1d,300.0,257.8067192717235,7058.032532002241,4.0570492331888033e+46,,
spectrum,dg_1d,300.0,257.8067192717235,9269.330113526292,2.061897970302739e+46,,
spectrum,dg_1d,300.0,257.8067192717235,12173.432193659572,8.390607493209894e+45,,
spectrum,dg_1d,300.0,257.8067192717235,15987.395988068694,3.4390200037835726e+45,,
spectrum,dg_1d,300.0,257.8067192717235,20996.283226343334,1.4089823259744495e+45,,
spectrum,dg_1d,300.0,257.8067192717235,27574.466119765406,5.769506038250132e+44,,
spectrum,dg_1d,300.0,257.8067192717235,36213.60853675047,2.361400679260222e+44,,
spectrum,dg_1d,300.0,257.8067192717235,47559.41374358733,9.661094992582326e+43,,
spectrum,dg_1d,300.0,257.8067192717235,62459.88529515759,3.950903132739385e+43,,
spectrum,dg_1d,300.0,257.8067192717235,82028.70817148598,1.6148287235974345e+43,,
spectrum,dg_1d,300.0,257.8067192717235,107728.48736723383,6.596760472457466e+42,,
spectrum,dg_1d,300.0,257.8067192717235,141480.06531891078,2.693550012559479e+42,,
spectrum,dg_1d,300.0,257.8067192717235,185806.08872845693,1.0992885551391362e+42,,
spectrum,dg_1d,300.0,257.8067192717235,244019.55519629005,4.4840133922358e+41,,
spectrum,dg_1d,300.0,257.8067192717235,320471.43193952314,1.828028444407303e+41,,
spectrum,dg_1d,300.0,257.8067192717235,420875.85401280696,7.448125049482816e+40,,
spectrum,dg_1d,300.0,257.8067192717235,552737.2078648584,3.0326888793768536e+40,,
spectrum,dg_1d,300.0,257.8067192717235,725911.0211360296,1.2338585579316623e+40,,
spectrum,dg_1d,300.0,257.8067192717235,953340.5804938781,5.015034991241845e+39,,
spectrum,dg_1d,300.0,257.8067192717235,1252024.3334971848,2.0357658336735695e+39,,
spectrum,dg_1d,300.0,257.8067192717235,1644286.3796448153,8.249675262285196e+38,,
spectrum,dg_1d,300.0,257.8067192717235,2159445.009134264,3.3351525633687572e+38,,
spectrum,dg_1d,300.0,257.8067192717235,2836003.998574678,1.343827175853841e+38,,
spectrum,dg_1d,300.0,257.8067192717235,3724530.444586647,5.388848259620634e+37,,
spectrum,dg_1d,300.0,257.8067192717235,4891434.2291563675,2.1460020786699832e+37,,
spectrum,dg_1d,300.0,257.8067192717235,6423931.600005377,8.458429447863074e+36,,
spectrum,dg_1d,300.0,257.8067192717235,8436563.851879636,3.282122351921167e+36,,
spectrum,dg_1d,300.0,257.8067192717235,11079758.325381652,1.2426342080949119e+36,,
spectrum,dg_1d,300.0,257.8067192717235,14551071.58603594,4.516768319928896e+35,,
spectrum,dg_1d,300.0,257.8067192717235,19109955.11670142,1.5246507945662735e+35,,
spectrum,dg_1d,300.0,257.8067192717235,25097147.13470325,4.460455910606755e+34,,
spectrum,dg_1d,300.0,257.8067192717235,32960139.908986893,1.1340285334869622e+34,,
spectrum,dg_1d,300.0,257.8067192717235,43286626.04514961,2.565573218653828e+33,,
spectrum,dg_1d,300.0,257.8067192717235,56848423.56696796,4.982221392257121e+32,,
spectrum,dg_1d,300.0,257.8067192717235,74659162.8249933,7.9571137232542525e+31,,
spectrum,dg_1d,300.0,257.8067192717235,98050046.84364922,9.885475154101536e+30,,
spectrum,dg_1d,300.0,257.8067192717235,128769347.55587032,8.883616427910968e+29,,
spectrum,dg_1d,300.0,257.8067192717235,169113074.43233934,5.251608100318805e+28,,
spectrum,dg_1d,300.0,257.8067192717235,222096581.88684645,1.8035183726290597e+27,,
spectrum,dg_1d,300.0,257.8067192717235,291679941.66858816,3.0563810746570517e+25,,
spectrum,dg_1d,300.0,257.8067192717235,383063924.9330574,2.0614082567832205e+23,,
spectrum,dg_1d,300.0,257.8067192717235,503078716.1629518,4.164023790739953e+20,,
spectrum,dg_1d,300.0,257.8067192717235,660694412.0368271,8.079649186555131e+17,,
budget,dg_1d,300.0,257.8067192717235,,,1.309627885987027e+52,6.870285241082777e+48
spectrum,dg_1d,1000.0,1060.3584326887017,1.3928053571686414,4.708600018366483e+48,,
spectrum,dg_1d,1000.0,1060.3584326887017,2.1898412418128776,4.2576033914102035e+48,,
spectrum,dg_1d,1000.0,1060.3584326887017,3.117765426089045,3.420386951258588e+48,,
spectrum,dg_1d,1000.0,1060.3584326887017,4.267905305622424,1.2423198183600448e+49,,
spectrum,dg_1d,1000.0,1060.3584326887017,5.732896938138673,2.7539317456756007e+49,,
spectrum,dg_1d,1000.0,1060.3584326887017,7.624681321083061,4.2913066429145744e+49,,
spectrum,dg_1d,1000.0,1060.3584326887017,10.085629951714797,5.953048092424609e+49,,
spectrum,dg_1d,1000.0,1060.3584326887017,13.300085739233017,7.660766114165726e+49,,
spectrum,dg_1d,1000.0,1060.3584326887017,17.508476601692035,9.345973074313842e+49,,
spectrum,dg_1d,1000.0,1060.3584326887017,23.02541997313217,1.0897940985721499e+50,,
spectrum,dg_1d,1000.0,1060.3584326887017,30.26329401708554,1.2150616491526002e+50,,
spectrum,dg_1d,1000.0,1060.3584326887017,39.76308346261515,1.2921736255030654e+50,,
spectrum,dg_1d,1000.0,1060.3584326887017,52.23482408202101,1.3071723681821972e+50,,
spectrum,dg_1d,1000.0,1060.3584326887017,68.61067644572951,1.2540629668529276e+50,,
spectrum,dg_1d,1000.0,1060.3584326887017,90.11459908467253,1.1384593569117285e+50,,
spectrum,dg_1d,1000.0,1060.3584326887017,118.35382997886234,9.776734542516916e+49,,
spectrum,dg_1d,1000.0,1060.3584326887017,155.43901447123724,7.951892876211218e+49,,
spectrum,dg_1d,1000.0,1060.3584326887017,204.14195843342932,6.142290705045166e+49,,
spectrum,dg_1d,1000.0,1060.3584326887017,268.10279752732737,4.527335218864157e+49,,
spectrum,dg_1d,1000.0,1060.3584326887017,352.10206677634955,3.1943505117242764e+49,,
spectrum,dg_1d,1000.0,1060.3584326887017,462.41800538308587,2.1659525881984454e+49,,
spectrum,dg_1d,1000.0,1060.3584326887017,607.2958023349249,1.4409768065771343e+49,,
spectrum,dg_1d,1000.0,1060.3584326887017,797.5638549663088,9.298802390281151e+48,,
spectrum,dg_1d,1000.0,1060.3584326887017,1047.4431006262682,5.782260421689667e+48,,
spectrum,dg_1d,1000.0,1060.3584326887017,1375.6099121902175,3.512886194070439e+48,,
spectrum,dg_1d,1000.0,1060.3584326887017,1806.591999920134,2.1090082837644286e+48,,
spectrum,dg_1d,1000.0,1060.3584326887017,2372.601651601967,1.2567566489797552e+48,,
spectrum,dg_1d,1000.0,1060.3584326887017,3115.9433302485827,7.447658400617473e+47,,
spectrum,dg_1d,1000.0,1060.3584326887017,4092.1755770558248,4.395055178291697e+47,,
spectrum,dg_1d,1000.0,1060.3584326887017,5374.263545275554,2.1846540493342317e+47,,
spectrum,dg_1d,1000.0,1060.3584326887017,7058.032532002241,8.892820490226736e+46,,
spectrum,dg_1d,1000.0,1060.3584326887017,9269.330113526292,3.6465819152318945e+46,,
spectrum,dg_1d,1000.0,1060.3584326887017,12173.432193659572,1.494209114632904e+46,,
spectrum,dg_1d,1000.0,1060.3584326887017,15987.395988068694,6.119436712186661e+45,,
spectrum,dg_1d,1000.0,1060.3584326887017,20996.283226343334,2.5052824504525864e+45,,
spectrum,dg_1d,1000.0,1060.3584326887017,27574.466119765406,1.0254149534703998e+45,,
spectrum,dg_1d,1000.0,1060.3584326887017,36213.60853675047,4.196472280911618e+44,,
spectrum,dg_1d,1000.0,1060.3584326887017,47559.41374358733,1.717295580571066e+44,,
spectrum,dg_1d,1000.0,1060.3584326887017,62459.88529515759,7.02715343467602e+43,,
spectrum,dg_1d,1000.0,1060.3584326887017,82028.70817148598,2.8750261073651514e+43,,
spectrum,dg_1d,1000.0,1060.3584326887017,107728.48736723383,1.1760776254841782e+43,,
spectrum,dg_1d,1000.0,1060.3584326887017,141480.06531891078,4.81025157410688e+42,,
spectrum,dg_1d,1000.0,1060.3584326887017,185806.08872845693,1.9670480395435463e+42,,
spectrum,dg_1d,1000.0,1060.3584326887017,244019.55519629005,8.04032560096862e+41,,
spectrum,dg_1d,1000.0,1060.3584326887017,320471.43193952314,3.2848716580283427e+41,,
spectrum,dg_1d,1000.0,1060.3584326887017,420875.85401280696,1.3413407847038285e+41,,
spectrum,dg_1d,1000.0,1060.3584326887017,552737.2078648584,5.47407380856733e+40,,
spectrum,dg_1d,1000.0,1060.3584326887017,725911.0211360296,2.2323107808520134e+40,,
spectrum,dg_1d,1000.0,1060.3584326887017,953340.5804938781,9.094993318478041e+39,,
spectrum,dg_1d,1000.0,1060.3584326887017,1252024.3334971848,3.701489073543421e+39,,
spectrum,dg_1d,1000.0,1060.3584326887017,1644286.3796448153,1.50436858319291e+39,,
spectrum,dg_1d,1000.0,1060.3584326887017,2159445.009134264,6.102932645965287e+38,,
spectrum,dg_1d,1000.0,1060.3584326887017,2836003.998574678,2.469704139537955e+38,,
spectrum,dg_1d,1000.0,1060.3584326887017,3724530.444586647,9.960144962728784e+37,,
spectrum,dg_1d,1000.0,1060.3584326887017,4891434.2291563675,3.9974964133013477e+37,,
spectrum,dg_1d,1000.0,1060.3584326887017,6423931.600005377,1.59323427084256e+37,,
spectrum,dg_1d,1000.0,1060.3584326887017,8436563.851879636,6.284927717122022e+36,,
spectrum,dg_1d,1000.0,1060.3584326887017,11079758.325381652,2.4409875006056967e+36,,
spectrum,dg_1d,1000.0,1060.3584326887017,14551071.58603594,9.252305872414588e+35,,
spectrum,dg_1d,1000.0,1060.3584326887017,19109955.11670142,3.3685187359959766e+35,,
spectrum,dg_1d,1000.0,1060.3584326887017,25097147.13470325,1.1401920939483703e+35,,
spectrum,dg_1d,1000.0,1060.3584326887017,32960139.908986893,3.3505511246425146e+34,,
spectrum,dg_1d,1000.0,1060.3584326887017,43286626.04514961,8.542548567475012e+33,,
spectrum,dg_1d,1000.0,1060.3584326887017,56848423.56696796,1.9392921577863692e+33,,
spectrum,dg_1d,1000.0,1060.3584326887017,74659162.8249933,3.782401685002323e+32,,
spectrum,dg_1d,1000.0,1060.3584326887017,98050046.84364922,6.074242323481469e+31,,
spectrum,dg_1d,1000.0,1060.3584326887017,128769347.55587032,7.599613134308233e+30,,
spectrum,dg_1d,1000.0,1060.3584326887017,169113074.43233934,6.891504522415193e+29,,
spectrum,dg_1d,1000.0,1060.3584326887017,222096581.88684645,4.12183875840121e+28,,
spectrum,dg_1d,1000.0,1060.3584326887017,291679941.66858816,1.437129741405286e+27,,
spectrum,dg_1d,1000.0,1060.3584326887017,383063924.9330574,2.4839231870965243e+25,,
spectrum,dg_1d,1000.0,1060.3584326887017,503078716.1629518,1.7189526271918418e+23,,
spectrum,dg_1d,1000.0,1060.3584326887017,660694412.0368271,3.591236584663894e+20,,
spectrum,dg_1d,1000.0,1060.3584326887017,867691460.744075,7.199781677211503e+17,,
budget,dg_1d,1000.0,1060.3584326887017,,,4.175249607677953e+52,2.1273627841641645e+49
spectrum,dg_1d,10000.0,8844.848285700204,1.3928053571686414,4.4757886349367426e+49,,
spectrum,dg_1d,10000.0,8844.848285700204,2.1898412418128776,4.097648212311289e+49,,
spectrum,dg_1d,10000.0,8844.848285700204,3.117765426089045,3.313326631971174e+49,,
spectrum,dg_1d,10000.0,8844.848285700204,4.267905305622424,6.114673367842598e+49,,
spectrum,dg_1d,10000.0,8844.848285700204,5.732896938138673,1.2292535213688349e+50,,
spectrum,dg_1d,10000.0,8844.848285700204,7.624681321083061,1.6682004340403105e+50,,
spectrum,dg_1d,10000.0,8844.848285700204,10.085629951714797,2.1628576705049263e+50,,
spectrum,dg_1d,10000.0,8844.848285700204,13.300085739233017,2.7133006921258963e+50,,
spectrum,dg_1d,10000.0,8844.848285700204,17.508476601692035,3.3032971992343323e+50,,
spectrum,dg_1d,10000.0,8844.848285700204,23.02541997313217,3.900779400166009e+50,,
spectrum,dg_1d,10000.0,8844.848285700204,30.26329401708554,4.4551493199104534e+50,,
spectrum,dg_1d,10000.0,8844.848285700204,39.76308346261515,4.901331319978283e+50,,
spectrum,dg_1d,10000.0,8844.848285700204,52.23482408202101,5.174879125009838e+50,,
spectrum,dg_1d,10000.0,8844.848285700204,68.61067644572951,5.220576705871005e+50,,
spectrum,dg_1d,10000.0,8844.848285700204,90.11459908467253,5.014520713037467e+50,,
spectrum,dg_1d,10000.0,8844.848285700204,118.35382997886234,4.575142986531582e+50,,
spectrum,dg_1d,10000.0,8844.848285700204,155.43901447123724,3.958994380000658e+50,,
spectrum,dg_1d,10000.0,8844.848285700204,204.14195843342932,3.2494341359542745e+50,,
spectrum,dg_1d,10000.0,8844.848285700204,268.10279752732737,2.534305194055638e+50,,
spectrum,dg_1d,10000.0,8844.848285700204,352.10206677634955,1.8880640662545966e+50,,
spectrum,dg_1d,10000.0,8844.848285700204,462.41800538308587,1.3414504508792695e+50,,
spectrum,dg_1d,10000.0,8844.848285700204,607.2958023349249,9.257332492626085e+49,,
spectrum,dg_1d,10000.0,8844.848285700204,797.5638549663088,6.189498986799168e+49,,
spectrum,dg_1d,10000.0,8844.848285700204,1047.4431006262682,3.9098887924353046e+49,,
spectrum,dg_1d,10000.0,8844.848285700204,1375.6099121902175,2.394313438744331e+49,,
spectrum,dg_1d,10000.0,8844.848285700204,1806.591999920134,1.4467221046421208e+49,,
spectrum,dg_1d,10000.0,8844.848285700204,2372.601651601967,7.051203802550754e+48,,
spectrum,dg_1d,10000.0,8844.848285700204,3115.9433302485827,2.8972968328784434e+48,,
spectrum,dg_1d,10000.0,8844.848285700204,4092.1755770558248,1.1950086059806705e+48,,
spectrum,dg_1d,10000.0,8844.848285700204,5374.263545275554,4.916253685701558e+47,,
spectrum,dg_1d,10000.0,8844.848285700204,7058.032532002241,2.018607294570305e+47,,
spectrum,dg_1d,10000.0,8844.848285700204,9269.330113526292,8.276232891182822e+46,,
spectrum,dg_1d,10000.0,8844.848285700204,12173.432193659572,3.389522416644923e+46,,
spectrum,dg_1d,10000.0,8844.848285700204,15987.395988068694,1.3870559811367692e+46,,
spectrum,dg_1d,10000.0,8844.848285700204,20996.283226343334,5.672769101694886e+45,,
spectrum,dg_1d,10000.0,8844.848285700204,27574.466119765406,2.3190801384071846e+45,,
spectrum,dg_1d,10000.0,8844.848285700204,36213.60853675047,9.477921423747205e+44,,
spectrum,dg_1d,10000.0,8844.848285700204,47559.41374358733,3.8728550476757934e+44,,
spectrum,dg_1d,10000.0,8844.848285700204,62459.88529515759,1.5823544692361714e+44,,
spectrum,dg_1d,10000.0,8844.848285700204,82028.70817148598,6.464811756891878e+43,,
spectrum,dg_1d,10000.0,8844.848285700204,107728.48736723383,2.6412388684355606e+43,,
spectrum,dg_1d,10000.0,8844.848285700204,141480.06531891078,1.0791271828705015e+43,,
spectrum,dg_1d,10000.0,8844.848285700204,185806.08872845693,4.4091924933363145e+42,,
spectrum,dg_1d,10000.0,8844.848285700204,244019.55519629005,1.801639361498114e+42,,
spectrum,dg_1d,10000.0,8844.848285700204,320471.43193952314,7.362034740134682e+41,,
spectrum,dg_1d,10000.0,8844.848285700204,420875.85401280696,3.0084544594851778e+41,,
spectrum,dg_1d,10000.0,8844.848285700204,552737.2078648584,1.2293864070377736e+41,,
spectrum,dg_1d,10000.0,8844.848285700204,725911.0211360296,5.022972455326609e+40,,
spectrum,dg_1d,10000.0,8844.848285700204,953340.5804938781,2.0516333087809208e+40,,
spectrum,dg_1d,10000.0,8844.848285700204,1252024.3334971848,8.376272985830039e+39,,
spectrum,dg_1d,10000.0,8844.848285700204,1644286.3796448153,3.417693872821607e+39,,
spectrum,dg_1d,10000.0,8844.848285700204,2159445.009134264,1.3930293137693274e+39,,
spectrum,dg_1d,10000.0,8844.848285700204,2836003.998574678,5.668966533870869e+38,,
spectrum,dg_1d,10000.0,8844.848285700204,3724530.444586647,2.3021523028615837e+38,,
spectrum,dg_1d,10000.0,8844.848285700204,4891434.2291563675,9.32199971106198e+37,,
spectrum,dg_1d,10000.0,8844.848285700204,6423931.600005377,3.7591958506035237e+37,,
spectrum,dg_1d,10000.0,8844.848285700204,8436563.851879636,1.5069182556500679e+37,,
spectrum,dg_1d,10000.0,8844.848285700204,11079758.325381652,5.989031217950386e+36,,
spectrum,dg_1d,10000.0,8844.848285700204,14551071.58603594,2.3502433646874616e+36,,
spectrum,dg_1d,10000.0,8844.848285700204,19109955.11670142,9.045694022325286e+35,,
spectrum,dg_1d,10000.0,8844.848285700204,25097147.13470325,3.375106060725554e+35,,
spectrum,dg_1d,10000.0,8844.848285700204,32960139.908986893,1.1941468427030242e+35,,
spectrum,dg_1d,10000.0,8844.848285700204,43286626.04514961,3.814174514449225e+34,,
spectrum,dg_1d,10000.0,8844.848285700204,56848423.56696796,1.0369747125720555e+34,,
spectrum,dg_1d,10000.0,8844.848285700204,74659162.8249933,2.510293058218873e+33,,
spectrum,dg_1d,10000.0,8844.848285700204,98050046.84364922,5.320670072753041e+32,,
spectrum,dg_1d,10000.0,8844.848285700204,128769347.55587032,9.502847060373779e+31,,
spectrum,dg_1d,10000.0,8844.848285700204,169113074.43233934,1.3627808882954335e+31,,
spectrum,dg_1d,10000.0,8844.848285700204,222096581.88684645,1.47348845055125e+30,,
spectrum,dg_1d,10000.0,8844.848285700204,291679941.66858816,1.1064190072859319e+29,,
spectrum,dg_1d,10000.0,8844.848285700204,383063924.9330574,5.181628260562917e+27,,
spectrum,dg_1d,10000.0,8844.848285700204,503078716.1629518,1.3146483794765741e+26,,
spectrum,dg_1d,10000.0,8844.848285700204,660694412.0368271,1.50141045008239e+24,,
spectrum,dg_1d,10000.0,8844.848285700204,867691460.744075,6.044110584912539e+21,,
spectrum,dg_1d,10000.0,8844.848285700204,1139541151.4487367,6.20189639159232e+18,,
spectrum,dg_1d,10000.0,8844.848285700204,1496561963.0871534,4331899269369239.0,,
budget,dg_1d,10000.0,8844.848285700204,,,2.165987602775453e+53,1.0268238189000739e+50
spectrum,dg_1d,100000.0,105067.33021588007,1.3928053571686414,2.5989546340386742e+50,,
spectrum,dg_1d,100000.0,105067.33021588007,2.1898412418128776,2.383857674704077e+50,,
spectrum,dg_1d,100000.0,105067.33021588007,3.117765426089045,1.9367155780673667e+50,,
spectrum,dg_1d,100000.0,105067.33021588007,4.267905305622424,2.643325951497356e+50,,
spectrum,dg_1d,100000.0,105067.33021588007,5.732896938138673,4.964242626889614e+50,,
spectrum,dg_1d,100000.0,105067.33021588007,7.624681321083061,6.4809544226546905e+50,,
spectrum,dg_1d,100000.0,105067.33021588007,10.085629951714797,8.259616270522666e+50,,
spectrum,dg_1d,100000.0,105067.33021588007,13.300085739233017,1.0314305094140092e+51,,
spectrum,dg_1d,100000.0,105067.33021588007,17.508476601692035,1.2628406335733108e+51,,
spectrum,dg_1d,100000.0,105067.33021588007,23.02541997313217,1.515566977423648e+51,,
spectrum,dg_1d,100000.0,105067.33021588007,30.26329401708554,1.7785257424161736e+51,,
spectrum,dg_1d,100000.0,105067.33021588007,39.76308346261515,2.0346247120624416e+51,,
spectrum,dg_1d,100000.0,105067.33021588007,52.23482408202101,2.2608727551888838e+51,,
spectrum,dg_1d,100000.0,105067.33021588007,68.61067644572951,2.431309377023057e+51,,
spectrum,dg_1d,100000.0,105067.33021588007,90.11459908467253,2.5230318384626446e+51,,
spectrum,dg_1d,100000.0,105067.33021588007,118.35382997886234,2.518317644127548e+51,,
spectrum,dg_1d,100000.0,105067.33021588007,155.43901447123724,2.4119638559077573e+51,,
spectrum,dg_1d,100000.0,105067.33021588007,204.14195843342932,2.212902923219512e+51,,
spectrum,dg_1d,100000.0,105067.33021588007,268.10279752732737,1.942015285356246e+51,,
spectrum,dg_1d,100000.0,105067.33021588007,352.10206677634955,1.6294287632133568e+51,,
spectrum,dg_1d,100000.0,105067.33021588007,462.41800538308587,1.312355447142319e+51,,
spectrum,dg_1d,100000.0,105067.33021588007,607.2958023349249,9.590871531327883e+50,,
spectrum,dg_1d,100000.0,105067.33021588007,797.5638549663088,5.39495501811621e+50,,
spectrum,dg_1d,100000.0,105067.33021588007,1047.4431006262682,2.3006249023476843e+50,,
spectrum,dg_1d,100000.0,105067.33021588007,1375.6099121902175,9.768295956000481e+49,,
spectrum,dg_1d,100000.0,105067.33021588007,1806.591999920134,4.116636146024762e+49,,
spectrum,dg_1d,100000.0,105067.33021588007,2372.601651601967,1.7236578454175078e+49,,
spectrum,dg_1d,100000.0,105067.33021588007,3115.9433302485827,7.175893798828471e+48,,
spectrum,dg_1d,100000.0,105067.33021588007,4092.1755770558248,2.973138281392084e+48,,
spectrum,dg_1d,100000.0,105067.33021588007,5374.263545275554,1.227142354821414e+48,,
spectrum,dg_1d,100000.0,105067.33021588007,7058.032532002241,5.049995252954371e+47,,
spectrum,dg_1d,100000.0,105067.33021588007,9269.330113526292,2.073507643186848e+47,,
spectrum,dg_1d,100000.0,105067.33021588007,12173.432193659572,8.499137329234978e+46,,
spectrum,dg_1d,100000.0,105067.33021588007,15987.395988068694,3.479213275384202e+46,,
spectrum,dg_1d,100000.0,105067.33021588007,20996.283226343334,1.422868453156332e+46,,
spectrum,dg_1d,100000.0,105067.33021588007,27574.466119765406,5.814789111082695e+45,,
spectrum,dg_1d,100000.0,105067.33021588007,36213.60853675047,2.3750450858078418e+45,,
spectrum,dg_1d,100000.0,105067.33021588007,47559.41374358733,9.697109106362286e+44,,
spectrum,dg_1d,100000.0,105067.33021588007,62459.88529515759,3.958166365725644e+44,,
spectrum,dg_1d,100000.0,105067.33021588007,82028.70817148598,1.6153408334250262e+44,,
spectrum,dg_1d,100000.0,105067.33021588007,107728.48736723383,6.591452700405182e+43,,
spectrum,dg_1d,100000.0,105067.33021588007,141480.06531891078,2.689468293965131e+43,,
spectrum,dg_1d,100000.0,105067.33021588007,185806.08872845693,1.0973256292985874e+43,,
spectrum,dg_1d,100000.0,105067.33021588007,244019.55519629005,4.477115830713009e+42,,
spectrum,dg_1d,100000.0,105067.33021588007,320471.43193952314,1.8266744655739293e+42,,
spectrum,dg_1d,100000.0,105067.33021588007,420875.85401280696,7.452910467682819e+41,,
spectrum,dg_1d,100000.0,105067.33021588007,552737.2078648584,3.0408165580739363e+41,,
spectrum,dg_1d,100000.0,105067.33021588007,725911.0211360296,1.2406346201683657e+41,,
spectrum,dg_1d,100000.0,105067.33021588007,953340.5804938781,5.061401353297724e+40,,
spectrum,dg_1d,100000.0,105067.33021588007,1252024.3334971848,2.0646476650534337e+40,,
spectrum,dg_1d,100000.0,105067.33021588007,1644286.3796448153,8.420375628697775e+39,,
spectrum,dg_1d,100000.0,105067.33021588007,2159445.009134264,3.432951905392899e+39,,
spectrum,dg_1d,100000.0,105067.33021588007,2836003.998574678,1.3988423074798044e+39,,
spectrum,dg_1d,100000.0,105067.33021588007,3724530.444586647,5.695260371003382e+38,,
spectrum,dg_1d,100000.0,105067.33021588007,4891434.2291563675,2.3159344558819116e+38,,
spectrum,dg_1d,100000.0,105067.33021588007,6423931.600005377,9.400302672564097e+37,,
spectrum,dg_1d,100000.0,105067.33021588007,8436563.851879636,3.8051148436118507e+37,,
spectrum,dg_1d,100000.0,105067.33021588007,11079758.325381652,1.5340881677177358e+37,,
spectrum,dg_1d,100000.0,105067.33021588007,14551071.58603594,6.148388489563083e+36,,
spectrum,dg_1d,100000.0,105067.33021588007,19109955.11670142,2.4423799272636534e+36,,
spectrum,dg_1d,100000.0,105067.33021588007,25097147.13470325,9.57060369238423e+35,,
spectrum,dg_1d,100000.0,105067.33021588007,32960139.908986893,3.671792766008784e+35,,
spectrum,dg_1d,100000.0,105067.33021588007,43286626.04514961,1.3611870439234232e+35,,
spectrum,dg_1d,100000.0,105067.33021588007,56848423.56696796,4.752223142400616e+34,,
spectrum,dg_1d,100000.0,105067.33021588007,74659162.8249933,1.474393704201746e+34,,
spectrum,dg_1d,100000.0,105067.33021588007,98050046.84364922,3.906160750430464e+33,,
spectrum,dg_1d,100000.0,105067.33021588007,128769347.55587032,9.244323586809299e+32,,
spectrum,dg_1d,100000.0,105067.33021588007,169113074.43233934,1.9008227678462033e+32,,
spectrum,dg_1d,100000.0,105067.33021588007,222096581.88684645,3.2635232047234774e+31,,
spectrum,dg_1d,100000.0,105067.33021588007,291679941.66858816,4.445981487582806e+30,,
spectrum,dg_1d,100000.0,105067.33021588007,383063924.9330574,4.497093499008943e+29,,
spectrum,dg_1d,100000.0,105067.33021588007,503078716.1629518,3.096552683530862e+28,,
spectrum,dg_1d,100000.0,105067.33021588007,660694412.0368271,1.2956067617246166e+27,,
spectrum,dg_1d,100000.0,105067.33021588007,867691460.744075,2.8380164809032143e+25,,
spectrum,dg_1d,100000.0,105067.33021588007,1139541151.4487367,2.6752418100147888e+23,,
spectrum,dg_1d,100000.0,105067.33021588007,1496561963.0871534,8.376066571562379e+20,,
spectrum,dg_1d,100000.0,105067.33021588007,1965438199.850752,6.167169500869669e+17,,
spectrum,dg_1d,100000.0,105067.33021588007,2581214418.5891156,30526997655357.176,,
budget,dg_1d,100000.0,105067.33021588007,,,1.4118287824183113e+54,5.554265551521532e+50
spectrum,dg_1d,1000000.0,876406.0971219235,1.3928053571686414,7.494397146147644e+50,,
spectrum,dg_1d,1000000.0,876406.0971219235,2.1898412418128776,6.469063585646899e+50,,
spectrum,dg_1d,1000000.0,876406.0971219235,3.117765426089045,5.4572337598406835e+50,,
spectrum,dg_1d,1000000.0,876406.0971219235,4.267905305622424,1.1215330055911306e+51,,
spectrum,dg_1d,1000000.0,876406.0971219235,5.732896938138673,1.5033141336856006e+51,,
spectrum,dg_1d,1000000.0,876406.0971219235,7.624681321083061,1.9331793692533932e+51,,
spectrum,dg_1d,1000000.0,876406.0971219235,10.085629951714797,2.442482113383762e+51,,
spectrum,dg_1d,1000000.0,876406.0971219235,13.300085739233017,3.0400039547072556e+51,,
spectrum,dg_1d,1000000.0,876406.0971219235,17.508476601692035,3.7326821631432425e+51,,
spectrum,dg_1d,1000000.0,876406.0971219235,23.02541997313217,4.5261870795894805e+51,,
spectrum,dg_1d,1000000.0,876406.0971219235,30.26329401708554,5.420904100277864e+51,,
spectrum,dg_1d,1000000.0,876406.0971219235,39.76308346261515,6.416566182992005e+51,,
spectrum,dg_1d,1000000.0,876406.0971219235,52.23482408202101,7.501289117861943e+51,,
spectrum,dg_1d,1000000.0,876406.0971219235,68.61067644572951,8.676071056612304e+51,,
spectrum,dg_1d,1000000.0,876406.0971219235,90.11459908467253,9.975557042219611e+51,,
spectrum,dg_1d,1000000.0,876406.0971219235,118.35382997886234,1.1529502936576428e+52,,
spectrum,dg_1d,1000000.0,876406.0971219235,155.43901447123724,1.3775898691441858e+52,,
spectrum,dg_1d,1000000.0,876406.0971219235,204.14195843342932,1.8781087050681403e+52,,
spectrum,dg_1d,1000000.0,876406.0971219235,268.10279752732737,2.2207384245947153e+52,,
spectrum,dg_1d,1000000.0,876406.0971219235,352.10206677634955,1.1395705584967722e+52,,
spectrum,dg_1d,1000000.0,876406.0971219235,462.41800538308587,5.186862023965791e+51,,
spectrum,dg_1d,1000000.0,876406.0971219235,607.2958023349249,2.3299786143838423e+51,,
spectrum,dg_1d,1000000.0,876406.0971219235,797.5638549663088,1.0302775485860267e+51,,
spectrum,dg_1d,1000000.0,876406.0971219235,1047.4431006262682,4.491754714341115e+50,,
spectrum,dg_1d,1000000.0,876406.0971219235,1375.6099121902175,1.9340564123868157e+50,,
spectrum,dg_1d,1000000.0,876406.0971219235,1806.591999920134,8.239666264192147e+49,,
spectrum,dg_1d,1000000.0,876406.0971219235,2372.601651601967,3.48196169928925e+49,,
spectrum,dg_1d,1000000.0,876406.0971219235,3115.9433302485827,1.4619091921656195e+49,,
spectrum,dg_1d,1000000.0,876406.0971219235,4092.1755770558248,6.101788472993928e+48,,
spectrum,dg_1d,1000000.0,876406.0971219235,5374.263545275554,2.5334018827918273e+48,,
spectrum,dg_1d,1000000.0,876406.0971219235,7058.032532002241,1.047259395036859e+48,,
spectrum,dg_1d,1000000.0,876406.0971219235,9269.330113526292,4.314309315161011e+47,,
spectrum,dg_1d,1000000.0,876406.0971219235,12173.432193659572,1.7726289107838706e+47,,
spectrum,dg_1d,1000000.0,876406.0971219235,15987.395988068694,7.268507882983261e+46,,
spectrum,dg_1d,1000000.0,876406.0971219235,20996.283226343334,2.9758023206947184e+46,,
spectrum,dg_1d,1000000.0,876406.0971219235,27574.466119765406,1.2169046537729866e+46,,
spectrum,dg_1d,1000000.0,876406.0971219235,36213.60853675047,4.971959728182716e+45,,
spectrum,dg_1d,1000000.0,876406.0971219235,47559.41374358733,2.0300798746365354e+45,,
spectrum,dg_1d,1000000.0,876406.0971219235,62459.88529515759,8.284885996266972e+44,,
spectrum,dg_1d,1000000.0,876406.0971219235,82028.70817148598,3.379899866156557e+44,,
spectrum,dg_1d,1000000.0,876406.0971219235,107728.48736723383,1.378503758667896e+44,,
spectrum,dg_1d,1000000.0,876406.0971219235,141480.06531891078,5.621232722886832e+43,,
spectrum,dg_1d,1000000.0,876406.0971219235,185806.08872845693,2.291918153387886e+43,,
spectrum,dg_1d,1000000.0,876406.0971219235,244019.55519629005,9.343898257159686e+42,,
spectrum,dg_1d,1000000.0,876406.0971219235,320471.43193952314,3.8091772740220974e+42,,
spectrum,dg_1d,1000000.0,876406.0971219235,420875.85401280696,1.5528039346206453e+42,,
spectrum,dg_1d,1000000.0,876406.0971219235,552737.2078648584,6.329774597767704e+41,,
spectrum,dg_1d,1000000.0,876406.0971219235,725911.0211360296,2.580146108267774e+41,,
spectrum,dg_1d,1000000.0,876406.0971219235,953340.5804938781,1.051668047064467e+41,,
spectrum,dg_1d,1000000.0,876406.0971219235,1252024.3334971848,4.286271899282507e+40,,
spectrum,dg_1d,1000000.0,876406.0971219235,1644286.3796448153,1.7467379957765658e+40,,
spectrum,dg_1d,1000000.0,876406.0971219235,2159445.009134264,7.116892070062992e+39,,
spectrum,dg_1d,1000000.0,876406.0971219235,2836003.998574678,2.898811815723702e+39,,
spectrum,dg_1d,1000000.0,876406.0971219235,3724530.444586647,1.1801836163731853e+39,,
spectrum,dg_1d,1000000.0,876406.0971219235,4891434.2291563675,4.801550111363629e+38,,
spectrum,dg_1d,1000000.0,876406.0971219235,6423931.600005377,1.9515140453725857e+38,,
spectrum,dg_1d,1000000.0,876406.0971219235,8436563.851879636,7.919735126313349e+37,,
spectrum,dg_1d,1000000.0,876406.0971219235,11079758.325381652,3.206998227159777e+37,,
spectrum,dg_1d,1000000.0,876406.0971219235,14551071.58603594,1.2944847189170443e+37,,
spectrum,dg_1d,1000000.0,876406.0971219235,19109955.11670142,5.2005933237388803e+36,,
spectrum,dg_1d,1000000.0,876406.0971219235,25097147.13470325,2.0748214296397755e+36,,
spectrum,dg_1d,1000000.0,876406.0971219235,32960139.908986893,8.191647291894729e+35,,
spectrum,dg_1d,1000000.0,876406.0971219235,43286626.04514961,3.18286982929716e+35,,
spectrum,dg_1d,1000000.0,876406.0971219235,56848423.56696796,1.2058100671013705e+35,,
spectrum,dg_1d,1000000.0,876406.0971219235,74659162.8249933,4.378979796603618e+34,,
spectrum,dg_1d,1000000.0,876406.0971219235,98050046.84364922,1.4715896631954563e+34,,
spectrum,dg_1d,1000000.0,876406.0971219235,128769347.55587032,4.266102070300025e+33,,
spectrum,dg_1d,1000000.0,876406.0971219235,169113074.43233934,1.0798974253782098e+33,,
spectrum,dg_1d,1000000.0,876406.0971219235,222096581.88684645,2.427167334905005e+32,,
spectrum,dg_1d,1000000.0,876406.0971219235,291679941.66858816,4.669326476607835e+31,,
spectrum,dg_1d,1000000.0,876406.0971219235,383063924.9330574,7.360822371304985e+30,,
spectrum,dg_1d,1000000.0,876406.0971219235,503078716.1629518,8.98399085596105e+29,,
spectrum,dg_1d,1000000.0,876406.0971219235,660694412.0368271,7.88267227125236e+28,,
spectrum,dg_1d,1000000.0,876406.0971219235,867691460.744075,4.512672700950609e+27,,
spectrum,dg_1d,1000000.0,876406.0971219235,1139541151.4487367,1.4850503969926397e+26,,
spectrum,dg_1d,1000000.0,876406.0971219235,1496561963.0871534,2.3787568829823704e+24,,
spectrum,dg_1d,1000000.0,876406.0971219235,1965438199.850752,1.4893973377887798e+22,,
spectrum,dg_1d,1000000.0,876406.0971219235,2581214418.5891156,2.7272617396741456e+19,,
spectrum,dg_1d,1000000.0,876406.0971219235,3389914714.8143544,4.797566574726129e+16,,
budget,dg_1d,1000000.0,876406.0971219235,,,7.060633817949902e+54,2.0086771411022863e+51
spectrum,dg_1d,10000000.0,10410766.339360708,1.3928053571686414,2.324933149852633e+51,,
spectrum,dg_1d,10000000.0,10410766.339360708,2.1898412418128776,2.099553054825193e+51,,
spectrum,dg_1d,10000000.0,10410766.339360708,3.117765426089045,3.017180653007559e+51,,
spectrum,dg_1d,10000000.0,10410766.339360708,4.267905305622424,4.1973501715116006e+51,,
spectrum,dg_1d,10000000.0,10410766.339360708,5.732896938138673,5.4275355380939376e+51,,
spectrum,dg_1d,10000000.0,10410766.339360708,7.624681321083061,6.882753925396107e+51,,
spectrum,dg_1d,10000000.0,10410766.339360708,10.085629951714797,8.618697677213139e+51,,
spectrum,dg_1d,10000000.0,10410766.339360708,13.300085739233017,1.0697776268750911e+52,,
spectrum,dg_1d,10000000.0,10410766.339360708,17.508476601692035,1.321530056629959e+52,,
spectrum,dg_1d,10000000.0,10410766.339360708,23.02541997313217,1.6323644401475198e+52,,
spectrum,dg_1d,10000000.0,10410766.339360708,30.26329401708554,2.034122664932749e+52,,
spectrum,dg_1d,10000000.0,10410766.339360708,39.76308346261515,2.5907466987361095e+52,,
spectrum,dg_1d,10000000.0,10410766.339360708,52.23482408202101,4.605542865076591e+52,,
spectrum,dg_1d,10000000.0,10410766.339360708,68.61067644572951,3.6832160361725613e+53,,
spectrum,dg_1d,10000000.0,10410766.339360708,90.11459908467253,5.2292227730170965e+53,,
spectrum,dg_1d,10000000.0,10410766.339360708,118.35382997886234,3.2488221185475525e+53,,
spectrum,dg_1d,10000000.0,10410766.339360708,155.43901447123724,1.6144244358896629e+53,,
spectrum,dg_1d,10000000.0,10410766.339360708,204.14195843342932,7.925814364091185e+52,,
spectrum,dg_1d,10000000.0,10410766.339360708,268.10279752732737,3.8319825636841836e+52,,
spectrum,dg_1d,10000000.0,10410766.339360708,352.10206677634955,1.8229232309759673e+52,,
spectrum,dg_1d,10000000.0,10410766.339360708,462.41800538308587,8.526335496777875e+51,,
spectrum,dg_1d,10000000.0,10410766.339360708,607.2958023349249,3.920055963085799e+51,,
spectrum,dg_1d,10000000.0,10410766.339360708,797.5638549663088,1.772092828246259e+51,,
spectrum,dg_1d,10000000.0,10410766.339360708,1047.4431006262682,7.883762202185078e+50,,
spectrum,dg_1d,10000000.0,10410766.339360708,1375.6099121902175,3.4563526605961553e+50,,
spectrum,dg_1d,10000000.0,10410766.339360708,1806.591999920134,1.4960428264780184e+50,,
spectrum,dg_1d,10000000.0,10410766.339360708,2372.601651601967,6.402754826187397e+49,,
spectrum,dg_1d,10000000.0,10410766.339360708,3115.9433302485827,2.715248890365929e+49,,
spectrum,dg_1d,10000000.0,10410766.339360708,4092.1755770558248,1.1445176990668925e+49,,
spectrum,dg_1d,10000000.0,10410766.339360708,5374.263545275554,4.800686643112673e+48,,
spectrum,dg_1d,10000000.0,10410766.339360708,7058.032532002241,2.003093831789635e+48,,
spectrum,dg_1d,10000000.0,10410766.339360708,9269.330113526292,8.314821562645808e+47,,
spectrum,dg_1d,10000000.0,10410766.339360708,12173.432193659572,3.436269615850019e+47,,
spectrum,dg_1d,10000000.0,10410766.339360708,15987.395988068694,1.4151372761974991e+47,,
spectrum,dg_1d,10000000.0,10410766.339360708,20996.283226343334,5.81209778808093e+46,,
spectrum,dg_1d,10000000.0,10410766.339360708,27574.466119765406,2.3821292269081314e+46,,
spectrum,dg_1d,10000000.0,10410766.339360708,36213.60853675047,9.747859902197602e+45,,
spectrum,dg_1d,10000000.0,10410766.339360708,47559.41374358733,3.984091612494641e+45,,
spectrum,dg_1d,10000000.0,10410766.339360708,62459.88529515759,1.626865864373922e+45,,
spectrum,dg_1d,10000000.0,10410766.339360708,82028.70817148598,6.6385510274000625e+44,,
spectrum,dg_1d,10000000.0,10410766.339360708,107728.48736723383,2.7074975173421097e+44,,
spectrum,dg_1d,10000000.0,10410766.339360708,141480.06531891078,1.1038056876340835e+44,,
spectrum,dg_1d,10000000.0,10410766.339360708,185806.08872845693,4.498730151290779e+43,,
spectrum,dg_1d,10000000.0,10410766.339360708,244019.55519629005,1.8331254856830757e+43,,
spectrum,dg_1d,10000000.0,10410766.339360708,320471.43193952314,7.468331928467709e+42,,
spectrum,dg_1d,10000000.0,10410766.339360708,420875.85401280696,3.042299166448259e+42,,
spectrum,dg_1d,10000000.0,10410766.339360708,552737.2078648584,1.239194358401757e+42,,
spectrum,dg_1d,10000000.0,10410766.339360708,725911.0211360296,5.04711396069083e+41,,
spectrum,dg_1d,10000000.0,10410766.339360708,953340.5804938781,2.0554924354319165e+41,,
spectrum,dg_1d,10000000.0,10410766.339360708,1252024.3334971848,8.370597516577909e+40,,
spectrum,dg_1d,10000000.0,10410766.339360708,1644286.3796448153,3.4084615870315757e+40,,
spectrum,dg_1d,10000000.0,10410766.339360708,2159445.009134264,1.387740044769603e+40,,
spectrum,dg_1d,10000000.0,10410766.339360708,2836003.998574678,5.649158937561353e+39,,
spectrum,dg_1d,10000000.0,10410766.339360708,3724530.444586647,2.2990764371586134e+39,,
spectrum,dg_1d,10000000.0,10410766.339360708,4891434.2291563675,9.353399558801688e+38,,
spectrum,dg_1d,10000000.0,10410766.339360708,6423931.600005377,3.80330978201886e+38,,
spectrum,dg_1d,10000000.0,10410766.339360708,8436563.851879636,1.5453526428706321e+38,,
spectrum,dg_1d,10000000.0,10410766.339360708,11079758.325381652,6.27222302349579e+37,,
spectrum,dg_1d,10000000.0,10410766.339360708,14551071.58603594,2.541747240701345e+37,,
spectrum,dg_1d,10000000.0,10410766.339360708,19109955.11670142,1.0276666633230163e+37,,
spectrum,dg_1d,10000000.0,10410766.339360708,25097147.13470325,4.141218787074281e+36,,
spectrum,dg_1d,10000000.0,10410766.339360708,32960139.908986893,1.6607062372465496e+36,,
spectrum,dg_1d,10000000.0,10410766.339360708,43286626.04514961,6.612138348849811e+35,,
spectrum,dg_1d,10000000.0,10410766.339360708,56848423.56696796,2.604504601871401e+35,,
spectrum,dg_1d,10000000.0,10410766.339360708,74659162.8249933,1.0091593191523063e+35,,
spectrum,dg_1d,10000000.0,10410766.339360708,98050046.84364922,3.8094553280708753e+34,,
spectrum,dg_1d,10000000.0,10410766.339360708,128769347.55587032,1.3764832679169566e+34,,
spectrum,dg_1d,10000000.0,10410766.339360708,169113074.43233934,4.5876331751173053e+33,,
spectrum,dg_1d,10000000.0,10410766.339360708,222096581.88684645,1.3141932225194925e+33,,
spectrum,dg_1d,10000000.0,10410766.339360708,291679941.66858816,3.3001286706855164e+32,,
spectrum,dg_1d,10000000.0,10410766.339360708,383063924.9330574,7.34406711938404e+31,,
spectrum,dg_1d,10000000.0,10410766.339360708,503078716.1629518,1.3958555636979769e+31,,
spectrum,dg_1d,10000000.0,10410766.339360708,660694412.0368271,2.1677812512323883e+30,,
spectrum,dg_1d,10000000.0,10410766.339360708,867691460.744075,2.596624229753161e+29,,
spectrum,dg_1d,10000000.0,10410766.339360708,1139541151.4487367,2.2250168499252756e+28,,
spectrum,dg_1d,10000000.0,10410766.339360708,1496561963.0871534,1.2361338425283295e+27,,
spectrum,dg_1d,10000000.0,10410766.339360708,1965438199.850752,3.914374331820771e+25,,
spectrum,dg_1d,10000000.0,10410766.339360708,2581214418.5891156,5.965455254686222e+23,,
spectrum,dg_1d,10000000.0,10410766.339360708,3389914714.8143544,3.5005861919480564e+21,,
spectrum,dg_1d,10000000.0,10410766.339360708,4451982636.91561,5.888849898519484e+18,,
spectrum,dg_1d,10000000.0,10410766.339360708,5846798833.251286,9475924153262498.0,,
budget,dg_1d,10000000.0,10410766.339360708,,,5.063834100302229e+55,6.925673441872553e+51
spectrum,slc1_1d,100.0,89.26380299493795,3.0,7.635773606901369e+30,,
spectrum,slc1_1d,100.0,89.26380299493795,3.92630013758139,2.953953946377335e+33,,
spectrum,slc1_1d,100.0,89.26380299493795,5.138610923457217,4.634900536059217e+36,,
spectrum,slc1_1d,100.0,89.26380299493795,6.725242925249102,5.88726320897026e+39,,
spectrum,slc1_1d,100.0,89.26380299493795,8.801774074224609,5.585140459443959e+42,,
spectrum,slc1_1d,100.0,89.26380299493795,11.519468919529467,3.85900704957091e+45,,
spectrum,slc1_1d,100.0,89.26380299493795,15.076297467871033,1.0300351964037679e+49,,
spectrum,slc1_1d,100.0,89.26380299493795,19.731356274106673,1.338688268124381e+49,,
spectrum,slc1_1d,100.0,89.26380299493795,25.823742284564155,1.0228586219429489e+49,,
spectrum,slc1_1d,100.0,89.26380299493795,33.79725429491687,1.45858350144158e+49,,
spectrum,slc1_1d,100.0,89.26380299493795,44.2327213960018,1.9505414255909235e+49,,
spectrum,slc1_1d,100.0,89.26380299493795,57.89031336757374,1.5869043874815356e+49,,
spectrum,slc1_1d,100.0,89.26380299493795,75.76491511324487,1.5224053056006284e+49,,
spectrum,slc1_1d,100.0,89.26380299493795,99.15859887765855,1.3506665427639317e+49,,
spectrum,slc1_1d,100.0,89.26380299493795,129.7754734719096,1.0319980439322628e+49,,
spectrum,slc1_1d,100.0,89.26380299493795,169.84581978248292,8.397380482049937e+48,,
spectrum,slc1_1d,100.0,89.26380299493795,222.28855519319563,6.415789944108623e+48,,
spectrum,slc1_1d,100.0,89.26380299493795,290.9238616126041,4.5729322775457457e+48,,
spectrum,slc1_1d,100.0,89.26380299493795,380.7514659584257,3.494887158431482e+48,,
spectrum,slc1_1d,100.0,89.26380299493795,498.3148443922944,2.1676369416122303e+48,,
spectrum,slc1_1d,100.0,89.26380299493795,652.1778806987716,1.655539998891814e+48,,
spectrum,slc1_1d,100.0,89.26380299493795,853.5487009050423,9.16435719703399e+47,,
spectrum,slc1_1d,100.0,89.26380299493795,1117.0961272652953,7.003619084324012e+47,,
spectrum,slc1_1d,100.0,89.26380299493795,1462.018226057789,3.528306056968982e+47,,
spectrum,slc1_1d,100.0,89.26380299493795,1913.4407873723994,2.6922896672819097e+47,,
spectrum,slc1_1d,100.0,89.26380299493795,2504.247608904699,1.27703206649628e+47,,
spectrum,slc1_1d,100.0,89.26380299493795,3277.4759104601303,9.792640562869942e+46,,
spectrum,slc1_1d,100.0,89.26380299493795,4289.451372719767,4.5604329018104733e+46,,
spectrum,slc1_1d,100.0,89.26380299493795,5613.891171619436,3.4226608504976323e+46,,
spectrum,slc1_1d,100.0,89.26380299493795,7347.273893165448,1.56574719494233e+46,,
spectrum,slc1_1d,100.0,89.26380299493795,9615.867499194555,1.2094215979496354e+46,,
spectrum,slc1_1d,100.0,89.26380299493795,12584.927295017345,5.5555476006455173e+45,,
spectrum,slc1_1d,100.0,89.26380299493795,16470.733923292788,4.034393567320067e+45,,
spectrum,slc1_1d,100.0,89.26380299493795,21556.34828969696,1.5346024148837757e+45,,
spectrum,slc1_1d,100.0,89.26380299493795,28212.23108519655,5.8578075906601166e+44,,
spectrum,slc1_1d,100.0,89.26380299493795,36923.228930428435,2.2049620128228933e+44,,
spectrum,slc1_1d,100.0,89.26380299493795,48323.89294316341,8.216422415171051e+43,,
spectrum,slc1_1d,100.0,89.26380299493795,63244.70250373692,3.0583227848881965e+43,,
spectrum,slc1_1d,100.0,89.26380299493795,82772.56138057221,1.1539015594934922e+43,,
spectrum,slc1_1d,100.0,89.26380299493795,108329.97304550167,4.5224757382670103e+42,,
spectrum,slc1_1d,100.0,89.26380299493795,141778.66269091374,1.907308033731517e+42,,
spectrum,slc1_1d,100.0,89.26380299493795,185555.1942764799,8.648983106984357e+41,,
spectrum,slc1_1d,100.0,89.26380299493795,242848.46160556178,3.468201637582641e+41,,
spectrum,slc1_1d,100.0,89.26380299493795,317831.9827377824,1.579092059280172e+41,,
spectrum,slc1_1d,100.0,89.26380299493795,415967.91918370675,6.659863714342341e+40,,
spectrum,slc1_1d,100.0,89.26380299493795,544404.9661068105,2.925582064872031e+40,,
spectrum,slc1_1d,100.0,89.26380299493795,712499.0977750547,1.3646709066826907e+40,,
spectrum,slc1_1d,100.0,89.26380299493795,932495.1018736057,6.29610169597624e+39,,
spectrum,slc1_1d,100.0,89.26380299493795,1220418.548926769,2.871283917358187e+39,,
spectrum,slc1_1d,100.0,89.26380299493795,1597243.172186017,1.3079134527488959e+39,,
spectrum,slc1_1d,100.0,89.26380299493795,2090418.6955683003,6.834903547963701e+38,,
spectrum,slc1_1d,100.0,89.26380299493795,2735870.404004179,3.680446144677671e+38,,
spectrum,slc1_1d,100.0,89.26380299493795,3580616.114548818,1.9820623588288157e+38,,
spectrum,slc1_1d,100.0,89.26380299493795,4686191.18105972,1.0674171119083453e+38,,
spectrum,slc1_1d,100.0,89.26380299493795,6133131.026309165,5.748453300268507e+37,,
spectrum,slc1_1d,100.0,89.26380299493795,8026837.730800796,3.0957640623064413e+37,,
spectrum,slc1_1d,100.0,89.26380299493795,10505258.02892888,1.6671884816426167e+37,,
spectrum,slc1_1d,100.0,89.26380299493795,13748932.014770478,8.978453710877973e+36,,
spectrum,slc1_1d,100.0,89.26380299493795,17994144.55373019,4.7583459566810204e+36,,
spectrum,slc1_1d,100.0,89.26380299493795,23550137.41232345,2.0083110444688842e+36,,
spectrum,slc1_1d,100.0,89.26380299493795,30821635.920688704,7.30515015113766e+35,,
spectrum,slc1_1d,100.0,89.26380299493795,40338331.11862784,2.364161425646708e+35,,
spectrum,slc1_1d,100.0,89.26380299493795,52793465.006957546,6.541991710963522e+34,,
spectrum,slc1_1d,100.0,89.26380299493795,69094329.64007184,1.475451723759693e+34,,
spectrum,slc1_1d,100.0,89.26380299493795,90428358.65730262,2.5481859527565e+33,,
spectrum,slc1_1d,100.0,89.26380299493795,118349625.67914207,3.1072747197760425e+32,,
spectrum,slc1_1d,100.0,89.26380299493795,154892050.52890712,2.4072319852069476e+31,,
spectrum,slc1_1d,100.0,89.26380299493795,202717559.76730442,1.0325518931759974e+30,,
spectrum,slc1_1d,100.0,89.26380299493795,265309994.26817685,2.0483511928802082e+28,,
spectrum,slc1_1d,100.0,89.26380299493795,347228888.99895334,1.482420529675958e+26,,
spectrum,slc1_1d,100.0,89.26380299493795,454441611.5496091,2.85575326962729e+23,,
spectrum,slc1_1d,100.0,89.26380299493795,594758053.9833127,9.618064779156881e+19,,
spectrum,slc1_1d,100.0,89.26380299493795,778399543.0607728,3240127492675326.0,,
spectrum,slc1_1d,100.0,89.26380299493795,1018743411.004267,5237935002.501684,,
spectrum,slc1_1d,100.0,89.26380299493795,1333297464.9287286,156.03480885575513,,
spectrum,slc1_1d,100.0,89.26380299493795,1744975339.995534,2.4700808020806215e-08,,
spectrum,slc1_1d,100.0,89.26380299493795,2283765639.1668644,4.111704955061754e-21,,
spectrum,slc1_1d,100.0,89.26380299493795,2988916447.754834,8.658148045934833e-38,,
spectrum,slc1_1d,100.0,89.26380299493795,3911794353.3463736,1.4430180307739217e-59,,
spectrum,slc1_1d,100.0,89.26380299493795,5119626235.91132,5.060842490156974e-88,,
spectrum,slc1_1d,100.0,89.26380299493795,6700396398.141297,1.8553717938739386e-110,,
budget,slc1_1d,100.0,89.26380299493795,,,5.044072354866083e+51,3.6333285817312626e+48
spectrum,slc1_1d,300.0,257.8067192717235,3.0,9.36955959622058e+32,,
spectrum,slc1_1d,300.0,257.8067192717235,3.92630013758139,4.294648098866171e+35,,
spectrum,slc1_1d,300.0,257.8067192717235,5.138610923457217,1.2384558434852238e+39,,
spectrum,slc1_1d,300.0,257.8067192717235,6.725242925249102,3.226055959809698e+42,,
spectrum,slc1_1d,300.0,257.8067192717235,8.801774074224609,6.465230222229438e+45,,
spectrum,slc1_1d,300.0,257.8067192717235,11.519468919529467,2.4992195339208375e+49,,
spectrum,slc1_1d,300.0,257.8067192717235,15.076297467871033,1.9797808596639374e+49,,
spectrum,slc1_1d,300.0,257.8067192717235,19.731356274106673,1.5127122195323007e+49,,
spectrum,slc1_1d,300.0,257.8067192717235,25.823742284564155,4.2212909617692173e+49,,
spectrum,slc1_1d,300.0,257.8067192717235,33.79725429491687,3.661919538825855e+49,,
spectrum,slc1_1d,300.0,257.8067192717235,44.2327213960018,2.797900307633775e+49,,
spectrum,slc1_1d,300.0,257.8067192717235,57.89031336757374,4.4199007683252647e+49,,
spectrum,slc1_1d,300.0,257.8067192717235,75.76491511324487,3.877847825405718e+49,,
spectrum,slc1_1d,300.0,257.8067192717235,99.15859887765855,3.015068076604364e+49,,
spectrum,slc1_1d,300.0,257.8067192717235,129.7754734719096,2.748648596493378e+49,,
spectrum,slc1_1d,300.0,257.8067192717235,169.84581978248292,2.100243764658755e+49,,
spectrum,slc1_1d,300.0,257.8067192717235,222.28855519319563,1.603453163263592e+49,,
spectrum,slc1_1d,300.0,257.8067192717235,290.9238616126041,1.2250590654199287e+49,,
spectrum,slc1_1d,300.0,257.8067192717235,380.7514659584257,8.712065871729734e+48,,
spectrum,slc1_1d,300.0,257.8067192717235,498.3148443922944,6.039276252890255e+48,,
spectrum,slc1_1d,300.0,257.8067192717235,652.1778806987716,4.6099288465319894e+48,,
spectrum,slc1_1d,300.0,257.8067192717235,853.5487009050423,2.633185341933452e+48,,
spectrum,slc1_1d,300.0,257.8067192717235,1117.0961272652953,2.011454910009658e+48,,
spectrum,slc1_1d,300.0,257.8067192717235,1462.018226057789,1.0206093302082598e+48,,
spectrum,slc1_1d,300.0,257.8067192717235,1913.4407873723994,7.797953191776296e+47,,
spectrum,slc1_1d,300.0,257.8067192717235,2504.247608904699,3.731213808049794e+47,,
spectrum,slc1_1d,300.0,257.8067192717235,3277.4759104601303,2.839558556360469e+47,,
spectrum,slc1_1d,300.0,257.8067192717235,4289.451372719767,1.3244649525424093e+47,,
spectrum,slc1_1d,300.0,257.8067192717235,5613.891171619436,1.0070079813079236e+47,,
spectrum,slc1_1d,300.0,257.8067192717235,7347.273893165448,4.671669933339403e+46,,
spectrum,slc1_1d,300.0,257.8067192717235,9615.867499194555,3.460436406735751e+46,,
spectrum,slc1_1d,300.0,257.8067192717235,12584.927295017345,1.7459386614996033e+46,,
spectrum,slc1_1d,300.0,257.8067192717235,16470.733923292788,6.859766605612097e+45,,
spectrum,slc1_1d,300.0,257.8067192717235,21556.34828969696,2.6902542454647338e+45,,
spectrum,slc1_1d,300.0,257.8067192717235,28212.23108519655,1.0407053528950412e+45,,
spectrum,slc1_1d,300.0,257.8067192717235,36923.228930428435,3.96728970577448e+44,,
spectrum,slc1_1d,300.0,257.8067192717235,48323.89294316341,1.4917391495231839e+44,,
spectrum,slc1_1d,300.0,257.8067192717235,63244.70250373692,5.555525204769368e+43,,
spectrum,slc1_1d,300.0,257.8067192717235,82772.56138057221,2.0686625061095834e+43,,
spectrum,slc1_1d,300.0,257.8067192717235,108329.97304550167,7.819229000266517e+42,,
spectrum,slc1_1d,300.0,257.8067192717235,141778.66269091374,3.078919530193371e+42,,
spectrum,slc1_1d,300.0,257.8067192717235,185555.1942764799,1.3136979223419558e+42,,
spectrum,slc1_1d,300.0,257.8067192717235,242848.46160556178,5.908996866927939e+41,,
spectrum,slc1_1d,300.0,257.8067192717235,317831.9827377824,2.3571795461824033e+41,,
spectrum,slc1_1d,300.0,257.8067192717235,415967.91918370675,1.081137445956196e+41,,
spectrum,slc1_1d,300.0,257.8067192717235,544404.9661068105,4.56629149311148e+40,,
spectrum,slc1_1d,300.0,257.8067192717235,712499.0977750547,1.999481504624054e+40,,
spectrum,slc1_1d,300.0,257.8067192717235,932495.1018736057,9.461972706820525e+39,,
spectrum,slc1_1d,300.0,257.8067192717235,1220418.548926769,4.312618091409318e+39,,
spectrum,slc1_1d,300.0,257.8067192717235,1597243.172186017,1.9596983338338007e+39,,
spectrum,slc1_1d,300.0,257.8067192717235,2090418.6955683003,9.011803572609702e+38,,
spectrum,slc1_1d,300.0,257.8067192717235,2735870.404004179,4.748467259752731e+38,,
spectrum,slc1_1d,300.0,257.8067192717235,3580616.114548818,2.5571179622097047e+38,,
spectrum,slc1_1d,300.0,257.8067192717235,4686191.18105972,1.3771067584592462e+38,,
spectrum,slc1_1d,300.0,257.8067192717235,6133131.026309165,7.416251624760212e+37,,
spectrum,slc1_1d,300.0,257.8067192717235,8026837.730800796,3.9939378573158135e+37,,
spectrum,slc1_1d,300.0,257.8067192717235,10505258.02892888,2.150889750671896e+37,,
spectrum,slc1_1d,300.0,257.8067192717235,13748932.014770478,1.1583371812035581e+37,,
spectrum,slc1_1d,300.0,257.8067192717235,17994144.55373019,6.238092979612127e+36,,
spectrum,slc1_1d,300.0,257.8067192717235,23550137.41232345,3.23453411102715e+36,,
spectrum,slc1_1d,300.0,257.8067192717235,30821635.920688704,1.3060832299537018e+36,,
spectrum,slc1_1d,300.0,257.8067192717235,40338331.11862784,4.6632457238679724e+35,,
spectrum,slc1_1d,300.0,257.8067192717235,52793465.006957546,1.4703367041855688e+35,,
spectrum,slc1_1d,300.0,257.8067192717235,69094329.64007184,3.9324610863311116e+34,,
spectrum,slc1_1d,300.0,257.8067192717235,90428358.65730262,8.483573959056411e+33,,
spectrum,slc1_1d,300.0,257.8067192717235,118349625.67914207,1.3826345298036973e+33,,
spectrum,slc1_1d,300.0,257.8067192717235,154892050.52890712,1.5632703436317544e+32,,
spectrum,slc1_1d,300.0,257.8067192717235,202717559.76730442,1.0974938291861206e+31,,
spectrum,slc1_1d,300.0,257.8067192717235,265309994.26817685,4.140381601028787e+29,,
spectrum,slc1_1d,300.0,257.8067192717235,347228888.99895334,6.94578673801555e+27,,
spectrum,slc1_1d,300.0,257.8067192717235,454441611.5496091,4.035386084111668e+25,,
spectrum,slc1_1d,300.0,257.8067192717235,594758053.9833127,5.822579776927389e+22,,
spectrum,slc1_1d,300.0,257.8067192717235,778399543.0607728,1.339182734001747e+19,,
spectrum,slc1_1d,300.0,257.8067192717235,1018743411.004267,272674940974468.6,,
spectrum,slc1_1d,300.0,257.8067192717235,1333297464.9287286,227116938.72183588,,
spectrum,slc1_1d,300.0,257.8067192717235,1744975339.995534,2.8330057268354674,,
spectrum,slc1_1d,300.0,257.8067192717235,2283765639.1668644,1.4339079326338684e-10,,
spectrum,slc1_1d,300.0,257.8067192717235,2988916447.754834,5.365929676876153e-24,,
spectrum,slc1_1d,300.0,257.8067192717235,3911794353.3463736,1.6021702850117005e-41,,
spectrum,slc1_1d,300.0,257.8067192717235,5119626235.91132,2.071334819461416e-64,,
spectrum,slc1_1d,300.0,257.8067192717235,6700396398.141297,1.0048956247317715e-82,,
budget,slc1_1d,300.0,257.8067192717235,,,1.3109168964494757e+52,9.570357077825247e+48
spectrum,slc1_1d,1000.0,1060.3584326887017,3.0,6.383681477025684e+38,,
spectrum,slc1_1d,1000.0,1060.3584326887017,3.92630013758139,4.38067355803294e+41,,
spectrum,slc1_1d,1000.0,1060.3584326887017,5.138610923457217,1.895134965546815e+45,,
spectrum,slc1_1d,1000.0,1060.3584326887017,6.725242925249102,2.5623597074576823e+49,,
spectrum,slc1_1d,1000.0,1060.3584326887017,8.801774074224609,3.686607717637815e+49,,
spectrum,slc1_1d,1000.0,1060.3584326887017,11.519468919529467,2.816472403537867e+49,,
spectrum,slc1_1d,1000.0,1060.3584326887017,15.076297467871033,6.530234720876349e+49,,
spectrum,slc1_1d,1000.0,1060.3584326887017,19.731356274106673,7.600094431829931e+49,,
spectrum,slc1_1d,1000.0,1060.3584326887017,25.823742284564155,5.806449224189164e+49,,
spectrum,slc1_1d,1000.0,1060.3584326887017,33.79725429491687,1.141316033935278e+50,,
spectrum,slc1_1d,1000.0,1060.3584326887017,44.2327213960018,1.0185565104929725e+50,,
spectrum,slc1_1d,1000.0,1060.3584326887017,57.89031336757374,7.782152316368141e+49,,
spectrum,slc1_1d,1000.0,1060.3584326887017,75.76491511324487,1.1523910243098297e+50,,
spectrum,slc1_1d,1000.0,1060.3584326887017,99.15859887765855,9.866478606331337e+49,,
spectrum,slc1_1d,1000.0,1060.3584326887017,129.7754734719096,7.683773619496161e+49,,
spectrum,slc1_1d,1000.0,1060.3584326887017,169.84581978248292,6.766349233277305e+49,,
spectrum,slc1_1d,1000.0,1060.3584326887017,222.28855519319563,5.169779649414824e+49,,
spectrum,slc1_1d,1000.0,1060.3584326887017,290.9238616126041,3.950469114487035e+49,,
spectrum,slc1_1d,1000.0,1060.3584326887017,380.7514659584257,2.805144273612106e+49,,
spectrum,slc1_1d,1000.0,1060.3584326887017,498.3148443922944,2.127718961959256e+49,,
spectrum,slc1_1d,1000.0,1060.3584326887017,652.1778806987716,1.492911527816525e+49,,
spectrum,slc1_1d,1000.0,1060.3584326887017,853.5487009050423,9.506783125650482e+48,,
spectrum,slc1_1d,1000.0,1060.3584326887017,1117.0961272652953,7.264016843957382e+48,,
spectrum,slc1_1d,1000.0,1060.3584326887017,1462.018226057789,3.811323376328377e+48,,
spectrum,slc1_1d,1000.0,1060.3584326887017,1913.4407873723994,2.9184894113197038e+48,,
spectrum,slc1_1d,1000.0,1060.3584326887017,2504.247608904699,1.4050249646208912e+48,,
spectrum,slc1_1d,1000.0,1060.3584326887017,3277.4759104601303,1.071952741951615e+48,,
spectrum,slc1_1d,1000.0,1060.3584326887017,4289.451372719767,5.03786401611611e+47,,
spectrum,slc1_1d,1000.0,1060.3584326887017,5613.891171619436,3.792483163126078e+47,,
spectrum,slc1_1d,1000.0,1060.3584326887017,7347.273893165448,1.9822877967392554e+47,,
spectrum,slc1_1d,1000.0,1060.3584326887017,9615.867499194555,8.015087914071383e+46,,
spectrum,slc1_1d,1000.0,1060.3584326887017,12584.927295017345,3.241092899805329e+46,,
spectrum,slc1_1d,1000.0,1060.3584326887017,16470.733923292788,1.298762981721279e+46,,
spectrum,slc1_1d,1000.0,1060.3584326887017,21556.34828969696,5.1504633807066016e+45,,
spectrum,slc1_1d,1000.0,1060.3584326887017,28212.23108519655,2.017889566324209e+45,,
spectrum,slc1_1d,1000.0,1060.3584326887017,36923.228930428435,7.798272061504485e+44,,
spectrum,slc1_1d,1000.0,1060.3584326887017,48323.89294316341,2.9699999817958373e+44,,
spectrum,slc1_1d,1000.0,1060.3584326887017,63244.70250373692,1.1159178251645977e+44,,
spectrum,slc1_1d,1000.0,1060.3584326887017,82772.56138057221,4.154425012773507e+43,,
spectrum,slc1_1d,1000.0,1060.3584326887017,108329.97304550167,1.5475522722972433e+43,,
spectrum,slc1_1d,1000.0,1060.3584326887017,141778.66269091374,5.858351102217968e+42,,
spectrum,slc1_1d,1000.0,1060.3584326887017,185555.1942764799,2.3151303803886458e+42,,
spectrum,slc1_1d,1000.0,1060.3584326887017,242848.46160556178,9.958926259957107e+41,,
spectrum,slc1_1d,1000.0,1060.3584326887017,317831.9827377824,4.4520709713173464e+41,,
spectrum,slc1_1d,1000.0,1060.3584326887017,415967.91918370675,1.774332057464771e+41,,
spectrum,slc1_1d,1000.0,1060.3584326887017,544404.9661068105,8.130439756483973e+40,,
spectrum,slc1_1d,1000.0,1060.3584326887017,712499.0977750547,3.470037935160094e+40,,
spectrum,slc1_1d,1000.0,1060.3584326887017,932495.1018736057,1.5136437374872913e+40,,
spectrum,slc1_1d,1000.0,1060.3584326887017,1220418.548926769,7.190107989807541e+39,,
spectrum,slc1_1d,1000.0,1060.3584326887017,1597243.172186017,3.258121738597459e+39,,
spectrum,slc1_1d,1000.0,1060.3584326887017,2090418.6955683003,1.4833513164073833e+39,,
spectrum,slc1_1d,1000.0,1060.3584326887017,2735870.404004179,6.853682457031304e+38,,
spectrum,slc1_1d,1000.0,1060.3584326887017,3580616.114548818,3.625015178725438e+38,,
spectrum,slc1_1d,1000.0,1060.3584326887017,4686191.18105972,1.9521337936493473e+38,,
spectrum,slc1_1d,1000.0,1060.3584326887017,6133131.026309165,1.0512994239531025e+38,,
spectrum,slc1_1d,1000.0,1060.3584326887017,8026837.730800796,5.661653327244492e+37,,
spectrum,slc1_1d,1000.0,1060.3584326887017,10505258.02892888,3.049018925299891e+37,,
spectrum,slc1_1d,1000.0,1060.3584326887017,13748932.014770478,1.6420144204345744e+37,,
spectrum,slc1_1d,1000.0,1060.3584326887017,17994144.55373019,8.842881671027667e+36,,
spectrum,slc1_1d,1000.0,1060.3584326887017,23550137.41232345,4.7622332224769546e+36,,
spectrum,slc1_1d,1000.0,1060.3584326887017,30821635.920688704,2.4822956043850684e+36,,
spectrum,slc1_1d,1000.0,1060.3584326887017,40338331.11862784,1.0107742794997765e+36,,
spectrum,slc1_1d,1000.0,1060.3584326887017,52793465.006957546,3.622874960451604e+35,,
spectrum,slc1_1d,1000.0,1060.3584326887017,69094329.64007184,1.1484758545180855e+35,,
spectrum,slc1_1d,1000.0,1060.3584326887017,90428358.65730262,3.093327248436109e+34,,
spectrum,slc1_1d,1000.0,1060.3584326887017,118349625.67914207,6.734879980976826e+33,,
spectrum,slc1_1d,1000.0,1060.3584326887017,154892050.52890712,1.1108681794179831e+33,,
spectrum,slc1_1d,1000.0,1060.3584326887017,202717559.76730442,1.2757720585243836e+32,,
spectrum,slc1_1d,1000.0,1060.3584326887017,265309994.26817685,9.140734970927403e+30,,
spectrum,slc1_1d,1000.0,1060.3584326887017,347228888.99895334,3.541148839864296e+29,,
spectrum,slc1_1d,1000.0,1060.3584326887017,454441611.5496091,6.150046353480726e+27,,
spectrum,slc1_1d,1000.0,1060.3584326887017,594758053.9833127,3.7391390777703394e+25,,
spectrum,slc1_1d,1000.0,1060.3584326887017,778399543.0607728,5.727524057442156e+22,,
spectrum,slc1_1d,1000.0,1060.3584326887017,1018743411.004267,1.4254790842957664e+19,,
spectrum,slc1_1d,1000.0,1060.3584326887017,1333297464.9287286,322108551522935.6,,
spectrum,slc1_1d,1000.0,1060.3584326887017,1744975339.995534,307729908.58828604,,
spectrum,slc1_1d,1000.0,1060.3584326887017,2283765639.1668644,4.595600808678353,,
spectrum,slc1_1d,1000.0,1060.3584326887017,2988916447.754834,2.944455261449836e-10,,
spectrum,slc1_1d,1000.0,1060.3584326887017,3911794353.3463736,1.5001776364714066e-23,,
spectrum,slc1_1d,1000.0,1060.3584326887017,5119626235.91132,6.708144288936875e-41,,
spectrum,slc1_1d,1000.0,1060.3584326887017,6700396398.141297,4.364626056811944e-55,,
budget,slc1_1d,1000.0,1060.3584326887017,,,4.178776930357986e+52,3.064000539225422e+49
spectrum,slc1_1d,10000.0,8844.848285700204,3.0,2.661656686165679e+46,,
spectrum,slc1_1d,10000.0,8844.848285700204,3.92630013758139,5.836395106586904e+49,,
spectrum,slc1_1d,10000.0,8844.848285700204,5.138610923457217,6.712645960497752e+49,,
spectrum,slc1_1d,10000.0,8844.848285700204,6.725242925249102,5.12877289825447e+49,,
spectrum,slc1_1d,10000.0,8844.848285700204,8.801774074224609,1.3553654076148356e+50,,
spectrum,slc1_1d,10000.0,8844.848285700204,11.519468919529467,1.6744786487402866e+50,,
spectrum,slc1_1d,10000.0,8844.848285700204,15.076297467871033,1.279289633007276e+50,,
spectrum,slc1_1d,10000.0,8844.848285700204,19.731356274106673,3.1215530956514536e+50,,
spectrum,slc1_1d,10000.0,8844.848285700204,25.823742284564155,2.463278714342085e+50,,
spectrum,slc1_1d,10000.0,8844.848285700204,33.79725429491687,3.5820704547586964e+50,,
spectrum,slc1_1d,10000.0,8844.848285700204,44.2327213960018,3.972185413196165e+50,,
spectrum,slc1_1d,10000.0,8844.848285700204,57.89031336757374,3.034899123445613e+50,,
spectrum,slc1_1d,10000.0,8844.848285700204,75.76491511324487,4.682532260170463e+50,,
spectrum,slc1_1d,10000.0,8844.848285700204,99.15859887765855,4.009357546460952e+50,,
spectrum,slc1_1d,10000.0,8844.848285700204,129.7754734719096,3.3176414928994937e+50,,
spectrum,slc1_1d,10000.0,8844.848285700204,169.84581978248292,3.543510519475852e+50,,
spectrum,slc1_1d,10000.0,8844.848285700204,222.28855519319563,2.7073861761878656e+50,,
spectrum,slc1_1d,10000.0,8844.848285700204,290.9238616126041,2.1521478694949452e+50,,
spectrum,slc1_1d,10000.0,8844.848285700204,380.7514659584257,1.6445437198552388e+50,,
spectrum,slc1_1d,10000.0,8844.848285700204,498.3148443922944,1.2178340095903921e+50,,
spectrum,slc1_1d,10000.0,8844.848285700204,652.1778806987716,9.306425359982594e+49,,
spectrum,slc1_1d,10000.0,8844.848285700204,853.5487009050423,6.010347839173519e+49,,
spectrum,slc1_1d,10000.0,8844.848285700204,1117.0961272652953,4.588195459903949e+49,,
spectrum,slc1_1d,10000.0,8844.848285700204,1462.018226057789,2.5579321428440265e+49,,
spectrum,slc1_1d,10000.0,8844.848285700204,1913.4407873723994,1.956289534326284e+49,,
spectrum,slc1_1d,10000.0,8844.848285700204,2504.247608904699,8.75498689176361e+48,,
spectrum,slc1_1d,10000.0,8844.848285700204,3277.4759104601303,6.642309070806508e+48,,
spectrum,slc1_1d,10000.0,8844.848285700204,4289.451372719767,2.43305340265446e+48,,
spectrum,slc1_1d,10000.0,8844.848285700204,5613.891171619436,1.1301817614070628e+48,,
spectrum,slc1_1d,10000.0,8844.848285700204,7347.273893165448,4.571755607378301e+47,,
spectrum,slc1_1d,10000.0,8844.848285700204,9615.867499194555,1.8856880754094035e+47,,
spectrum,slc1_1d,10000.0,8844.848285700204,12584.927295017345,7.692709762095427e+46,,
spectrum,slc1_1d,10000.0,8844.848285700204,16470.733923292788,3.116457752506814e+46,,
spectrum,slc1_1d,10000.0,8844.848285700204,21556.34828969696,1.2514018827374504e+46,,
spectrum,slc1_1d,10000.0,8844.848285700204,28212.23108519655,4.975057013840781e+45,,
spectrum,slc1_1d,10000.0,8844.848285700204,36923.228930428435,1.9549507762736687e+45,,
spectrum,slc1_1d,10000.0,8844.848285700204,48323.89294316341,7.580464477202734e+44,,
spectrum,slc1_1d,10000.0,8844.848285700204,63244.70250373692,2.8971267749474425e+44,,
spectrum,slc1_1d,10000.0,8844.848285700204,82772.56138057221,1.0917918566857014e+44,,
spectrum,slc1_1d,10000.0,8844.848285700204,108329.97304550167,4.0710063502172564e+43,,
spectrum,slc1_1d,10000.0,8844.848285700204,141778.66269091374,1.5143794651516587e+43,,
spectrum,slc1_1d,10000.0,8844.848285700204,185555.1942764799,5.69861729520807e+42,,
spectrum,slc1_1d,10000.0,8844.848285700204,242848.46160556178,2.219639316921761e+42,,
spectrum,slc1_1d,10000.0,8844.848285700204,317831.9827377824,9.256867686766253e+41,,
spectrum,slc1_1d,10000.0,8844.848285700204,415967.91918370675,4.20836676485727e+41,,
spectrum,slc1_1d,10000.0,8844.848285700204,544404.9661068105,1.7083845770219149e+41,,
spectrum,slc1_1d,10000.0,8844.848285700204,712499.0977750547,7.633909750902679e+40,,
spectrum,slc1_1d,10000.0,8844.848285700204,932495.1018736057,3.2354258272365745e+40,,
spectrum,slc1_1d,10000.0,8844.848285700204,1220418.548926769,1.429033055309334e+40,,
spectrum,slc1_1d,10000.0,8844.848285700204,1597243.172186017,6.537324419108743e+39,,
spectrum,slc1_1d,10000.0,8844.848285700204,2090418.6955683003,3.0529037699619895e+39,,
spectrum,slc1_1d,10000.0,8844.848285700204,2735870.404004179,1.4042324761436237e+39,,
spectrum,slc1_1d,10000.0,8844.848285700204,3580616.114548818,6.291869004430004e+38,,
spectrum,slc1_1d,10000.0,8844.848285700204,4686191.18105972,3.2430799440692364e+38,,
spectrum,slc1_1d,10000.0,8844.848285700204,6133131.026309165,1.7456023660088795e+38,,
spectrum,slc1_1d,10000.0,8844.848285700204,8026837.730800796,9.400742755472968e+37,,
spectrum,slc1_1d,10000.0,8844.848285700204,10505258.02892888,5.062662956663781e+37,,
spectrum,slc1_1d,10000.0,8844.848285700204,13748932.014770478,2.7264394824391683e+37,,
spectrum,slc1_1d,10000.0,8844.848285700204,17994144.55373019,1.4682929349698802e+37,,
spectrum,slc1_1d,10000.0,8844.848285700204,23550137.41232345,7.907324394208644e+36,,
spectrum,slc1_1d,10000.0,8844.848285700204,30821635.920688704,4.2583995050367256e+36,,
spectrum,slc1_1d,10000.0,8844.848285700204,40338331.11862784,2.2933125594010702e+36,,
spectrum,slc1_1d,10000.0,8844.848285700204,52793465.006957546,1.0818260126680288e+36,,
spectrum,slc1_1d,10000.0,8844.848285700204,69094329.64007184,4.07574745598203e+35,,
spectrum,slc1_1d,10000.0,8844.848285700204,90428358.65730262,1.3866253624207521e+35,,
spectrum,slc1_1d,10000.0,8844.848285700204,118349625.67914207,4.0958881094496282e+34,,
spectrum,slc1_1d,10000.0,8844.848285700204,154892050.52890712,1.0059715749592585e+34,,
spectrum,slc1_1d,10000.0,8844.848285700204,202717559.76730442,1.9417682203019922e+33,,
spectrum,slc1_1d,10000.0,8844.848285700204,265309994.26817685,2.7373418701477252e+32,,
spectrum,slc1_1d,10000.0,8844.848285700204,347228888.99895334,2.56180380250896e+31,,
spectrum,slc1_1d,10000.0,8844.848285700204,454441611.5496091,1.4057711363079617e+30,,
spectrum,slc1_1d,10000.0,8844.848285700204,594758053.9833127,3.846043450891408e+28,,
spectrum,slc1_1d,10000.0,8844.848285700204,778399543.0607728,4.239439007184467e+26,,
spectrum,slc1_1d,10000.0,8844.848285700204,1018743411.004267,1.4196810429435227e+24,,
spectrum,slc1_1d,10000.0,8844.848285700204,1333297464.9287286,9.913966609924685e+20,,
spectrum,slc1_1d,10000.0,8844.848285700204,1744975339.995534,8.747313853871291e+16,,
spectrum,slc1_1d,10000.0,8844.848285700204,2283765639.1668644,503107538732.1244,,
spectrum,slc1_1d,10000.0,8844.848285700204,2988916447.754834,79420.40562800012,,
spectrum,slc1_1d,10000.0,8844.848285700204,3911794353.3463736,0.00011181131165957829,,
spectrum,slc1_1d,10000.0,8844.848285700204,5119626235.91132,3.2520736782477985e-16,,
spectrum,slc1_1d,10000.0,8844.848285700204,6700396398.141297,5.1095092389772804e-26,,
budget,slc1_1d,10000.0,8844.848285700204,,,2.1680501094162332e+53,1.4819288757923747e+50
spectrum,slc1_1d,100000.0,105067.33021588007,3.0,8.746795214423821e+49,,
spectrum,slc1_1d,100000.0,105067.33021588007,3.92630013758139,1.1157238447201162e+50,,
spectrum,slc1_1d,100000.0,105067.33021588007,5.138610923457217,3.2472735524847868e+50,,
spectrum,slc1_1d,100000.0,105067.33021588007,6.725242925249102,3.5318821143782413e+50,,
spectrum,slc1_1d,100000.0,105067.33021588007,8.801774074224609,2.6984071373524137e+50,,
spectrum,slc1_1d,100000.0,105067.33021588007,11.519468919529467,5.997900842017518e+50,,
spectrum,slc1_1d,100000.0,105067.33021588007,15.076297467871033,7.096395405337968e+50,,
spectrum,slc1_1d,100000.0,105067.33021588007,19.731356274106673,7.929613329929224e+50,,
spectrum,slc1_1d,100000.0,105067.33021588007,25.823742284564155,1.1730397609002857e+51,,
spectrum,slc1_1d,100000.0,105067.33021588007,33.79725429491687,8.961575875798911e+50,,
spectrum,slc1_1d,100000.0,105067.33021588007,44.2327213960018,1.758536071190591e+51,,
spectrum,slc1_1d,100000.0,105067.33021588007,57.89031336757374,1.4445354268119796e+51,,
spectrum,slc1_1d,100000.0,105067.33021588007,75.76491511324487,2.245591266426634e+51,,
spectrum,slc1_1d,100000.0,105067.33021588007,99.15859887765855,1.715469369587821e+51,,
spectrum,slc1_1d,100000.0,105067.33021588007,129.7754734719096,2.056455936511905e+51,,
spectrum,slc1_1d,100000.0,105067.33021588007,169.84581978248292,2.20796200126192e+51,,
spectrum,slc1_1d,100000.0,105067.33021588007,222.28855519319563,1.687089188632071e+51,,
spectrum,slc1_1d,100000.0,105067.33021588007,290.9238616126041,1.604640808274792e+51,,
spectrum,slc1_1d,100000.0,105067.33021588007,380.7514659584257,1.4285224642567404e+51,,
spectrum,slc1_1d,100000.0,105067.33021588007,498.3148443922944,1.091521387890272e+51,,
spectrum,slc1_1d,100000.0,105067.33021588007,652.1778806987716,8.79522045246203e+50,,
spectrum,slc1_1d,100000.0,105067.33021588007,853.5487009050423,6.7172957531263905e+50,,
spectrum,slc1_1d,100000.0,105067.33021588007,1117.0961272652953,2.654923810210387e+50,,
spectrum,slc1_1d,100000.0,105067.33021588007,1462.018226057789,2.0299228458723366e+50,,
spectrum,slc1_1d,100000.0,105067.33021588007,1913.4407873723994,4.972054503075745e+49,,
spectrum,slc1_1d,100000.0,105067.33021588007,2504.247608904699,3.8009472860997617e+49,,
spectrum,slc1_1d,100000.0,105067.33021588007,3277.4759104601303,9.013427773804745e+48,,
spectrum,slc1_1d,100000.0,105067.33021588007,4289.451372719767,6.833425040807036e+48,,
spectrum,slc1_1d,100000.0,105067.33021588007,5613.891171619436,2.277131423828107e+48,,
spectrum,slc1_1d,100000.0,105067.33021588007,7347.273893165448,1.1751095706309453e+48,,
spectrum,slc1_1d,100000.0,105067.33021588007,9615.867499194555,4.775829885215241e+47,,
spectrum,slc1_1d,100000.0,105067.33021588007,12584.927295017345,1.968451012551471e+47,,
spectrum,slc1_1d,100000.0,105067.33021588007,16470.733923292788,8.07013225408863e+46,,
spectrum,slc1_1d,100000.0,105067.33021588007,21556.34828969696,3.281365987322249e+46,,
spectrum,slc1_1d,100000.0,105067.33021588007,28212.23108519655,1.323758489017884e+46,,
spectrum,slc1_1d,100000.0,105067.33021588007,36923.228930428435,5.2906128104452047e+45,,
spectrum,slc1_1d,100000.0,105067.33021588007,48323.89294316341,2.0918916718451357e+45,,
spectrum,slc1_1d,100000.0,105067.33021588007,63244.70250373692,8.168804418015138e+44,,
spectrum,slc1_1d,100000.0,105067.33021588007,82772.56138057221,3.1456382581023325e+44,,
spectrum,slc1_1d,100000.0,105067.33021588007,108329.97304550167,1.1938078113753267e+44,,
spectrum,slc1_1d,100000.0,105067.33021588007,141778.66269091374,4.472814834484581e+43,,
spectrum,slc1_1d,100000.0,105067.33021588007,185555.1942764799,1.6634153866701279e+43,,
spectrum,slc1_1d,100000.0,105067.33021588007,242848.46160556178,6.208568511643133e+42,,
spectrum,slc1_1d,100000.0,105067.33021588007,317831.9827377824,2.36690703138937e+42,,
spectrum,slc1_1d,100000.0,105067.33021588007,415967.91918370675,9.49848469480213e+41,,
spectrum,slc1_1d,100000.0,105067.33021588007,544404.9661068105,4.203990618776463e+41,,
spectrum,slc1_1d,100000.0,105067.33021588007,712499.0977750547,1.8305673876956404e+41,,
spectrum,slc1_1d,100000.0,105067.33021588007,932495.1018736057,7.345682297677476e+40,,
spectrum,slc1_1d,100000.0,105067.33021588007,1220418.548926769,3.332997072981304e+40,,
spectrum,slc1_1d,100000.0,105067.33021588007,1597243.172186017,1.4589004512463883e+40,,
spectrum,slc1_1d,100000.0,105067.33021588007,2090418.6955683003,6.513883742418876e+39,,
spectrum,slc1_1d,100000.0,105067.33021588007,2735870.404004179,2.994047707873634e+39,,
spectrum,slc1_1d,100000.0,105067.33021588007,3580616.114548818,1.3804597854002522e+39,,
spectrum,slc1_1d,100000.0,105067.33021588007,4686191.18105972,6.291700598955729e+38,,
spectrum,slc1_1d,100000.0,105067.33021588007,6133131.026309165,2.9726061922009308e+38,,
spectrum,slc1_1d,100000.0,105067.33021588007,8026837.730800796,1.5825171376479232e+38,,
spectrum,slc1_1d,100000.0,105067.33021588007,10505258.02892888,8.522400264165655e+37,,
spectrum,slc1_1d,100000.0,105067.33021588007,13748932.014770478,4.589641610407204e+37,,
spectrum,slc1_1d,100000.0,105067.33021588007,17994144.55373019,2.4716992231112314e+37,,
spectrum,slc1_1d,100000.0,105067.33021588007,23550137.41232345,1.331105469253989e+37,,
spectrum,slc1_1d,100000.0,105067.33021588007,30821635.920688704,7.168516920305441e+36,,
spectrum,slc1_1d,100000.0,105067.33021588007,40338331.11862784,3.8605231533986324e+36,,
spectrum,slc1_1d,100000.0,105067.33021588007,52793465.006957546,2.0790407811846025e+36,,
spectrum,slc1_1d,100000.0,105067.33021588007,69094329.64007184,1.1162363539198189e+36,,
spectrum,slc1_1d,100000.0,105067.33021588007,90428358.65730262,4.980204132886726e+35,,
spectrum,slc1_1d,100000.0,105067.33021588007,118349625.67914207,1.846155364805912e+35,,
spectrum,slc1_1d,100000.0,105067.33021588007,154892050.52890712,6.137661846524211e+34,,
spectrum,slc1_1d,100000.0,105067.33021588007,202717559.76730442,1.759147647502552e+34,,
spectrum,slc1_1d,100000.0,105067.33021588007,265309994.26817685,4.1538288802072754e+33,,
spectrum,slc1_1d,100000.0,105067.33021588007,347228888.99895334,7.61655547437454e+32,,
spectrum,slc1_1d,100000.0,105067.33021588007,454441611.5496091,1.0041770376795401e+32,,
spectrum,slc1_1d,100000.0,105067.33021588007,594758053.9833127,8.61250349821013e+30,,
spectrum,slc1_1d,100000.0,105067.33021588007,778399543.0607728,4.2180169813293686e+29,,
spectrum,slc1_1d,100000.0,105067.33021588007,1018743411.004267,9.948690174112263e+27,,
spectrum,slc1_1d,100000.0,105067.33021588007,1333297464.9287286,9.03121314183047e+25,,
spectrum,slc1_1d,100000.0,105067.33021588007,1744975339.995534,2.3435470958394422e+23,,
spectrum,slc1_1d,100000.0,105067.33021588007,2283765639.1668644,1.169245686495143e+20,,
spectrum,slc1_1d,100000.0,105067.33021588007,2988916447.754834,6617866545233675.0,,
spectrum,slc1_1d,100000.0,105067.33021588007,3911794353.3463736,21196814492.55148,,
spectrum,slc1_1d,100000.0,105067.33021588007,5119626235.91132,1550.2098490015405,,
spectrum,slc1_1d,100000.0,105067.33021588007,6700396398.141297,0.0006031515958997729,,
budget,slc1_1d,100000.0,105067.33021588007,,,1.414788522102465e+54,7.553462667338783e+50
spectrum,slc1_1d,1000000.0,876406.0971219235,3.0,4.7830452171754674e+50,,
spectrum,slc1_1d,1000000.0,876406.0971219235,3.92630013758139,6.171109376969111e+50,,
spectrum,slc1_1d,1000000.0,876406.0971219235,5.138610923457217,4.714831204861609e+50,,
spectrum,slc1_1d,1000000.0,876406.0971219235,6.725242925249102,3.6175094233401667e+50,,
spectrum,slc1_1d,1000000.0,876406.0971219235,8.801774074224609,1.6912024234112623e+51,,
spectrum,slc1_1d,1000000.0,876406.0971219235,11.519468919529467,2.1017111270640137e+51,,
spectrum,slc1_1d,1000000.0,876406.0971219235,15.076297467871033,1.605790793680532e+51,,
spectrum,slc1_1d,1000000.0,876406.0971219235,19.731356274106673,2.001046045895935e+51,,
spectrum,slc1_1d,1000000.0,876406.0971219235,25.823742284564155,3.7207770403293456e+51,,
spectrum,slc1_1d,1000000.0,876406.0971219235,33.79725429491687,4.402758860998049e+51,,
spectrum,slc1_1d,1000000.0,876406.0971219235,44.2327213960018,3.363673283228247e+51,,
spectrum,slc1_1d,1000000.0,876406.0971219235,57.89031336757374,5.597352596052205e+51,,
spectrum,slc1_1d,1000000.0,876406.0971219235,75.76491511324487,8.146137248769708e+51,,
spectrum,slc1_1d,1000000.0,876406.0971219235,99.15859887765855,6.223230692446101e+51,,
spectrum,slc1_1d,1000000.0,876406.0971219235,129.7754734719096,4.841328755474964e+51,,
spectrum,slc1_1d,1000000.0,876406.0971219235,169.84581978248292,1.0530929767005513e+52,,
spectrum,slc1_1d,1000000.0,876406.0971219235,222.28855519319563,1.9930512231328745e+52,,
spectrum,slc1_1d,1000000.0,876406.0971219235,290.9238616126041,1.522250458526316e+52,,
spectrum,slc1_1d,1000000.0,876406.0971219235,380.7514659584257,1.1633175649657506e+52,,
spectrum,slc1_1d,1000000.0,876406.0971219235,498.3148443922944,5.324324580198811e+51,,
spectrum,slc1_1d,1000000.0,876406.0971219235,652.1778806987716,4.0653620988564616e+51,,
spectrum,slc1_1d,1000000.0,876406.0971219235,853.5487009050423,1.1670788318443947e+51,,
spectrum,slc1_1d,1000000.0,876406.0971219235,1117.0961272652953,8.911238245485193e+50,,
spectrum,slc1_1d,1000000.0,876406.0971219235,1462.018226057789,2.2205168175309435e+50,,
spectrum,slc1_1d,1000000.0,876406.0971219235,1913.4407873723994,1.6954201233585407e+50,,
spectrum,slc1_1d,1000000.0,876406.0971219235,2504.247608904699,4.107257349194622e+49,,
spectrum,slc1_1d,1000000.0,876406.0971219235,3277.4759104601303,3.130007557565538e+49,,
spectrum,slc1_1d,1000000.0,876406.0971219235,4289.451372719767,8.682198859433145e+48,,
spectrum,slc1_1d,1000000.0,876406.0971219235,5613.891171619436,5.0949935270117435e+48,,
spectrum,slc1_1d,1000000.0,876406.0971219235,7347.273893165448,2.5522934977782637e+48,,
spectrum,slc1_1d,1000000.0,876406.0971219235,9615.867499194555,9.234796884238027e+47,,
spectrum,slc1_1d,1000000.0,876406.0971219235,12584.927295017345,4.133857861105207e+47,,
spectrum,slc1_1d,1000000.0,876406.0971219235,16470.733923292788,1.6778631609617237e+47,,
spectrum,slc1_1d,1000000.0,876406.0971219235,21556.34828969696,6.917507719332228e+46,,
spectrum,slc1_1d,1000000.0,876406.0971219235,28212.23108519655,2.8213155307805935e+46,,
spectrum,slc1_1d,1000000.0,876406.0971219235,36923.228930428435,1.142692978149169e+46,,
spectrum,slc1_1d,1000000.0,876406.0971219235,48323.89294316341,4.587149158620801e+45,,
spectrum,slc1_1d,1000000.0,876406.0971219235,63244.70250373692,1.8230607289455646e+45,,
spectrum,slc1_1d,1000000.0,876406.0971219235,82772.56138057221,7.160951291451242e+44,,
spectrum,slc1_1d,1000000.0,876406.0971219235,108329.97304550167,2.7754891834983555e+44,,
spectrum,slc1_1d,1000000.0,876406.0971219235,141778.66269091374,1.0602471600955689e+44,,
spectrum,slc1_1d,1000000.0,876406.0971219235,185555.1942764799,3.993843321948484e+43,,
spectrum,slc1_1d,1000000.0,876406.0971219235,242848.46160556178,1.4887604300550503e+43,,
spectrum,slc1_1d,1000000.0,876406.0971219235,317831.9827377824,5.5381674680412186e+42,,
spectrum,slc1_1d,1000000.0,876406.0971219235,415967.91918370675,2.0850972280240447e+42,,
spectrum,slc1_1d,1000000.0,876406.0971219235,544404.9661068105,8.132727177461705e+41,,
spectrum,slc1_1d,1000000.0,876406.0971219235,712499.0977750547,3.3999941043874672e+41,,
spectrum,slc1_1d,1000000.0,876406.0971219235,932495.1018736057,1.5455448470560946e+41,,
spectrum,slc1_1d,1000000.0,876406.0971219235,1220418.548926769,6.252998893222956e+40,,
spectrum,slc1_1d,1000000.0,876406.0971219235,1597243.172186017,2.8097614865629265e+40,,
spectrum,slc1_1d,1000000.0,876406.0971219235,2090418.6955683003,1.1884609429993608e+40,,
spectrum,slc1_1d,1000000.0,876406.0971219235,2735870.404004179,5.2499191461842863e+39,,
spectrum,slc1_1d,1000000.0,876406.0971219235,3580616.114548818,2.4054835141241295e+39,,
spectrum,slc1_1d,1000000.0,876406.0971219235,4686191.18105972,1.1218009345672341e+39,,
spectrum,slc1_1d,1000000.0,876406.0971219235,6133131.026309165,5.171681049628054e+38,,
spectrum,slc1_1d,1000000.0,876406.0971219235,8026837.730800796,2.3400615607010163e+38,,
spectrum,slc1_1d,1000000.0,876406.0971219235,10505258.02892888,1.1984288170349557e+38,,
spectrum,slc1_1d,1000000.0,876406.0971219235,13748932.014770478,6.44919277240733e+37,,
spectrum,slc1_1d,1000000.0,876406.0971219235,17994144.55373019,3.473139325107237e+37,,
spectrum,slc1_1d,1000000.0,876406.0971219235,23550137.41232345,1.8704196319291807e+37,,
spectrum,slc1_1d,1000000.0,876406.0971219235,30821635.920688704,1.0072931927077368e+37,,
spectrum,slc1_1d,1000000.0,876406.0971219235,40338331.11862784,5.424662780238449e+36,,
spectrum,slc1_1d,1000000.0,876406.0971219235,52793465.006957546,2.921390365023779e+36,,
spectrum,slc1_1d,1000000.0,876406.0971219235,69094329.64007184,1.573281512713422e+36,,
spectrum,slc1_1d,1000000.0,876406.0971219235,90428358.65730262,8.472728423699412e+35,,
spectrum,slc1_1d,1000000.0,876406.0971219235,118349625.67914207,4.396301484300452e+35,,
spectrum,slc1_1d,1000000.0,876406.0971219235,154892050.52890712,1.7770814781255084e+35,,
spectrum,slc1_1d,1000000.0,876406.0971219235,202717559.76730442,6.348080191886086e+34,,
spectrum,slc1_1d,1000000.0,876406.0971219235,265309994.26817685,2.0029643021993646e+34,,
spectrum,slc1_1d,1000000.0,876406.0971219235,347228888.99895334,5.361862721977288e+33,,
spectrum,slc1_1d,1000000.0,876406.0971219235,454441611.5496091,1.1580985251597768e+33,,
spectrum,slc1_1d,1000000.0,876406.0971219235,594758053.9833127,1.890367983201238e+32,,
spectrum,slc1_1d,1000000.0,876406.0971219235,778399543.0607728,2.141654511090998e+31,,
spectrum,slc1_1d,1000000.0,876406.0971219235,1018743411.004267,1.5075072249833942e+30,,
spectrum,slc1_1d,1000000.0,876406.0971219235,1333297464.9287286,5.706719556893054e+28,,
spectrum,slc1_1d,1000000.0,876406.0971219235,1744975339.995534,9.61639630290988e+26,,
spectrum,slc1_1d,1000000.0,876406.0971219235,2283765639.1668644,5.61985456803737e+24,,
spectrum,slc1_1d,1000000.0,876406.0971219235,2988916447.754834,8.171660842579624e+21,,
spectrum,slc1_1d,1000000.0,876406.0971219235,3911794353.3463736,1.898728078835195e+18,,
spectrum,slc1_1d,1000000.0,876406.0971219235,5119626235.91132,39184388766652.57,,
spectrum,slc1_1d,1000000.0,876406.0971219235,6700396398.141297,1401451457.7607806,,
budget,slc1_1d,1000000.0,876406.0971219235,,,7.087298850740161e+54,2.6638961740284066e+51
spectrum,slc1_1d,10000000.0,10410766.339360708,3.0,7.277790708641024e+50,,
spectrum,slc1_1d,10000000.0,10410766.339360708,3.92630013758139,1.0238811733896129e+51,,
spectrum,slc1_1d,10000000.0,10410766.339360708,5.138610923457217,4.823517747492009e+51,,
spectrum,slc1_1d,10000000.0,10410766.339360708,6.725242925249102,3.684729995285931e+51,,
spectrum,slc1_1d,10000000.0,10410766.339360708,8.801774074224609,2.8158207161079074e+51,,
spectrum,slc1_1d,10000000.0,10410766.339360708,11.519468919529467,4.843276934495487e+51,,
spectrum,slc1_1d,10000000.0,10410766.339360708,15.076297467871033,1.0550670305700276e+52,,
spectrum,slc1_1d,10000000.0,10410766.339360708,19.731356274106673,8.060721495494584e+51,,
spectrum,slc1_1d,10000000.0,10410766.339360708,25.823742284564155,6.170836785880886e+51,,
spectrum,slc1_1d,10000000.0,10410766.339360708,33.79725429491687,2.0983748586143638e+52,,
spectrum,slc1_1d,10000000.0,10410766.339360708,44.2327213960018,1.7800040609349687e+52,,
spectrum,slc1_1d,10000000.0,10410766.339360708,57.89031336757374,3.9935955212132283e+52,,
spectrum,slc1_1d,10000000.0,10410766.339360708,75.76491511324487,4.5556709683456774e+53,,
spectrum,slc1_1d,10000000.0,10410766.339360708,99.15859887765855,3.4834631654350553e+53,,
spectrum,slc1_1d,10000000.0,10410766.339360708,129.7754734719096,2.6613530535262914e+53,,
spectrum,slc1_1d,10000000.0,10410766.339360708,169.84581978248292,1.2398063650198771e+53,,
spectrum,slc1_1d,10000000.0,10410766.339360708,222.28855519319563,9.354903579068456e+52,,
spectrum,slc1_1d,10000000.0,10410766.339360708,290.9238616126041,4.5772011207029337e+52,,
spectrum,slc1_1d,10000000.0,10410766.339360708,380.7514659584257,1.9873039452181313e+52,,
spectrum,slc1_1d,10000000.0,10410766.339360708,498.3148443922944,1.5179062049161755e+52,,
spectrum,slc1_1d,10000000.0,10410766.339360708,652.1778806987716,3.998127429821881e+51,,
spectrum,slc1_1d,10000000.0,10410766.339360708,853.5487009050423,3.040630603383688e+51,,
spectrum,slc1_1d,10000000.0,10410766.339360708,1117.0961272652953,1.2623418656418496e+51,,
spectrum,slc1_1d,10000000.0,10410766.339360708,1462.018226057789,4.375125701003173e+50,,
spectrum,slc1_1d,10000000.0,10410766.339360708,1913.4407873723994,3.3409321353881703e+50,,
spectrum,slc1_1d,10000000.0,10410766.339360708,2504.247608904699,7.581413275803631e+49,,
spectrum,slc1_1d,10000000.0,10410766.339360708,3277.4759104601303,5.779804762336093e+49,,
spectrum,slc1_1d,10000000.0,10410766.339360708,4289.451372719767,1.3649607104836054e+49,,
spectrum,slc1_1d,10000000.0,10410766.339360708,5613.891171619436,1.0448182279813054e+49,,
spectrum,slc1_1d,10000000.0,10410766.339360708,7347.273893165448,2.4517634789240622e+48,,
spectrum,slc1_1d,10000000.0,10410766.339360708,9615.867499194555,1.8667851573597834e+48,,
spectrum,slc1_1d,10000000.0,10410766.339360708,12584.927295017345,6.3199976032773664e+47,,
spectrum,slc1_1d,10000000.0,10410766.339360708,16470.733923292788,3.180279081229476e+47,,
spectrum,slc1_1d,10000000.0,10410766.339360708,21556.34828969696,1.3123332304272672e+47,,
spectrum,slc1_1d,10000000.0,10410766.339360708,28212.23108519655,5.395475353624564e+46,,
spectrum,slc1_1d,10000000.0,10410766.339360708,36923.228930428435,2.2168408091069845e+46,,
spectrum,slc1_1d,10000000.0,10410766.339360708,48323.89294316341,9.026141045446125e+45,,
spectrum,slc1_1d,10000000.0,10410766.339360708,63244.70250373692,3.646749862609462e+45,,
spectrum,slc1_1d,10000000.0,10410766.339360708,82772.56138057221,1.4596073189759794e+45,,
spectrum,slc1_1d,10000000.0,10410766.339360708,108329.97304550167,5.780004145252372e+44,,
spectrum,slc1_1d,10000000.0,10410766.339360708,141778.66269091374,2.2606873794861784e+44,,
spectrum,slc1_1d,10000000.0,10410766.339360708,185555.1942764799,8.719853262116277e+43,,
spectrum,slc1_1d,10000000.0,10410766.339360708,242848.46160556178,3.314493672054235e+43,,
spectrum,slc1_1d,10000000.0,10410766.339360708,317831.9827377824,1.2433230320670336e+43,,
spectrum,slc1_1d,10000000.0,10410766.339360708,415967.91918370675,4.625389170178403e+42,,
spectrum,slc1_1d,10000000.0,10410766.339360708,544404.9661068105,1.7246363145316023e+42,,
spectrum,slc1_1d,10000000.0,10410766.339360708,712499.0977750547,6.553036407057503e+41,,
spectrum,slc1_1d,10000000.0,10410766.339360708,932495.1018736057,2.6117776243652384e+41,,
spectrum,slc1_1d,10000000.0,10410766.339360708,1220418.548926769,1.1426614113809793e+41,,
spectrum,slc1_1d,10000000.0,10410766.339360708,1597243.172186017,5.035871055215972e+40,,
spectrum,slc1_1d,10000000.0,10410766.339360708,2090418.6955683003,2.0089330839487082e+40,,
spectrum,slc1_1d,10000000.0,10410766.339360708,2735870.404004179,9.179360824809993e+39,,
spectrum,slc1_1d,10000000.0,10410766.339360708,3580616.114548818,3.979207578223226e+39,,
spectrum,slc1_1d,10000000.0,10410766.339360708,4686191.18105972,1.7588589853044652e+39,,
spectrum,slc1_1d,10000000.0,10410766.339360708,6133131.026309165,8.201238542984798e+38,,
spectrum,slc1_1d,10000000.0,10410766.339360708,8026837.730800796,3.7347990130114855e+38,,
spectrum,slc1_1d,10000000.0,10410766.339360708,10505258.02892888,1.7287479886942014e+38,,
spectrum,slc1_1d,10000000.0,10410766.339360708,13748932.014770478,8.034102701023107e+37,,
spectrum,slc1_1d,10000000.0,10410766.339360708,17994144.55373019,4.235496553924377e+37,,
spectrum,slc1_1d,10000000.0,10410766.339360708,23550137.41232345,2.2807444559014216e+37,,
spectrum,slc1_1d,10000000.0,10410766.339360708,30821635.920688704,1.228268953938353e+37,,
spectrum,slc1_1d,10000000.0,10410766.339360708,40338331.11862784,6.614702577946469e+36,,
spectrum,slc1_1d,10000000.0,10410766.339360708,52793465.006957546,3.562272746078669e+36,,
spectrum,slc1_1d,10000000.0,10410766.339360708,69094329.64007184,1.918421420754848e+36,,
spectrum,slc1_1d,10000000.0,10410766.339360708,90428358.65730262,1.0331440094423954e+36,,
spectrum,slc1_1d,10000000.0,10410766.339360708,118349625.67914207,5.563879409909382e+35,,
spectrum,slc1_1d,10000000.0,10410766.339360708,154892050.52890712,2.9963638955542768e+35,,
spectrum,slc1_1d,10000000.0,10410766.339360708,202717559.76730442,1.5466010067392218e+35,,
spectrum,slc1_1d,10000000.0,10410766.339360708,265309994.26817685,6.204507188334378e+34,,
spectrum,slc1_1d,10000000.0,10410766.339360708,347228888.99895334,2.208281478819841e+34,,
spectrum,slc1_1d,10000000.0,10410766.339360708,454441611.5496091,6.932386899180637e+33,,
spectrum,slc1_1d,10000000.0,10410766.339360708,594758053.9833127,1.8435234346445077e+33,,
spectrum,slc1_1d,10000000.0,10410766.339360708,778399543.0607728,3.947513443212542e+32,,
spectrum,slc1_1d,10000000.0,10410766.339360708,1018743411.004267,6.371278989597812e+31,,
spectrum,slc1_1d,10000000.0,10410766.339360708,1333297464.9287286,7.112875043545495e+30,,
spectrum,slc1_1d,10000000.0,10410766.339360708,1744975339.995534,4.911742128576182e+29,,
spectrum,slc1_1d,10000000.0,10410766.339360708,2283765639.1668644,1.8134934896092925e+28,,
spectrum,slc1_1d,10000000.0,10410766.339360708,2988916447.754834,2.9578296765583333e+26,,
spectrum,slc1_1d,10000000.0,10410766.339360708,3911794353.3463736,1.6562015128073416e+24,,
spectrum,slc1_1d,10000000.0,10410766.339360708,5119626235.91132,2.2764233892177867e+21,,
spectrum,slc1_1d,10000000.0,10410766.339360708,6700396398.141297,2.871289126276477e+18,,
budget,slc1_1d,10000000.0,10410766.339360708,,,5.086291029635063e+55,8.799903807256155e+51
spectrum,charint_1d,100.0,89.26380299493795,3.0,3.252538986842052e+34,,
spectrum,charint_1d,100.0,89.26380299493795,5.138610923457217,2.724860022956193e+37,,
spectrum,charint_1d,100.0,89.26380299493795,8.801774074224609,1.890588777018951e+41,,
spectrum,charint_1d,100.0,89.26380299493795,15.076297467871033,9.44480407495768e+44,,
spectrum,charint_1d,100.0,89.26380299493795,25.823742284564155,1.0508238026450207e+49,,
spectrum,charint_1d,100.0,89.26380299493795,44.2327213960018,2.1244166296385691e+49,,
spectrum,charint_1d,100.0,89.26380299493795,75.76491511324487,1.2402570163370974e+49,,
spectrum,charint_1d,100.0,89.26380299493795,129.7754734719096,9.632903167568363e+48,,
spectrum,charint_1d,100.0,89.26380299493795,222.28855519319563,5.623957583558999e+48,,
spectrum,charint_1d,100.0,89.26380299493795,380.7514659584257,3.0891380757406355e+48,,
spectrum,charint_1d,100.0,89.26380299493795,652.1778806987716,1.8042340084162095e+48,,
spectrum,charint_1d,100.0,89.26380299493795,1117.0961272652953,6.3293503307662256e+47,,
spectrum,charint_1d,100.0,89.26380299493795,1913.4407873723994,3.698833817497762e+47,,
spectrum,charint_1d,100.0,89.26380299493795,3277.4759104601303,8.559253811589331e+46,,
spectrum,charint_1d,100.0,89.26380299493795,5613.891171619436,5.015741631576545e+46,,
spectrum,charint_1d,100.0,89.26380299493795,9615.867499194555,1.0545484824525949e+46,,
spectrum,charint_1d,100.0,89.26380299493795,16470.733923292788,6.137321615761095e+45,,
spectrum,charint_1d,100.0,89.26380299493795,28212.23108519655,1.7345874452973417e+45,,
spectrum,charint_1d,100.0,89.26380299493795,48323.89294316341,2.447332820703581e+44,,
spectrum,charint_1d,100.0,89.26380299493795,82772.56138057221,3.206934869720127e+43,,
spectrum,charint_1d,100.0,89.26380299493795,141778.66269091374,3.731866426607353e+42,,
spectrum,charint_1d,100.0,89.26380299493795,242848.46160556178,4.0959447175240055e+41,,
spectrum,charint_1d,100.0,89.26380299493795,415967.91918370675,4.973623593978566e+40,,
spectrum,charint_1d,100.0,89.26380299493795,712499.0977750547,8.39360659984925e+39,,
spectrum,charint_1d,100.0,89.26380299493795,1220418.548926769,1.3146517533011343e+39,,
spectrum,charint_1d,100.0,89.26380299493795,2090418.6955683003,2.4513762650177644e+38,,
spectrum,charint_1d,100.0,89.26380299493795,3580616.114548818,4.998260962509223e+37,,
spectrum,charint_1d,100.0,89.26380299493795,6133131.026309165,2.580082075062392e+36,,
spectrum,charint_1d,100.0,89.26380299493795,10505258.02892888,7.304895407742084e+35,,
spectrum,charint_1d,100.0,89.26380299493795,17994144.55373019,1.6593959431482856e+35,,
spectrum,charint_1d,100.0,89.26380299493795,30821635.920688704,1.2540438653689892e+34,,
spectrum,charint_1d,100.0,89.26380299493795,52793465.006957546,7.666773408158145e+31,,
spectrum,charint_1d,100.0,89.26380299493795,90428358.65730262,4.798210548214035e+29,,
spectrum,charint_1d,100.0,89.26380299493795,154892050.52890712,6.776498680984172e+27,,
spectrum,charint_1d,100.0,89.26380299493795,265309994.26817685,7.447716867963768e+24,,
spectrum,charint_1d,100.0,89.26380299493795,454441611.5496091,1.5738745114487475e+21,,
budget,charint_1d,100.0,89.26380299493795,,,5.220380188687477e+51,5.244509838272399e+48
spectrum,charint_1d,300.0,257.8067192717235,3.0,4.60113780347227e+35,,
spectrum,charint_1d,300.0,257.8067192717235,5.138610923457217,3.442477463342328e+38,,
spectrum,charint_1d,300.0,257.8067192717235,8.801774074224609,1.595233210452873e+42,,
spectrum,charint_1d,300.0,257.8067192717235,15.076297467871033,5.288793062062821e+45,,
spectrum,charint_1d,300.0,257.8067192717235,25.823742284564155,3.4193135294580913e+49,,
spectrum,charint_1d,300.0,257.8067192717235,44.2327213960018,4.326382365593368e+49,,
spectrum,charint_1d,300.0,257.8067192717235,75.76491511324487,2.6918661209446214e+49,,
spectrum,charint_1d,300.0,257.8067192717235,129.7754734719096,2.6350675234023436e+49,,
spectrum,charint_1d,300.0,257.8067192717235,222.28855519319563,1.5383476199122314e+49,,
spectrum,charint_1d,300.0,257.8067192717235,380.7514659584257,8.165388347255407e+48,,
spectrum,charint_1d,300.0,257.8067192717235,652.1778806987716,4.767214675600169e+48,,
spectrum,charint_1d,300.0,257.8067192717235,1117.0961272652953,1.6974118048634993e+48,,
spectrum,charint_1d,300.0,257.8067192717235,1913.4407873723994,9.89455628243326e+47,,
spectrum,charint_1d,300.0,257.8067192717235,3277.4759104601303,2.523365812300014e+47,,
spectrum,charint_1d,300.0,257.8067192717235,5613.891171619436,1.472604633459971e+47,,
spectrum,charint_1d,300.0,257.8067192717235,9615.867499194555,3.113823359150651e+46,,
spectrum,charint_1d,300.0,257.8067192717235,16470.733923292788,1.8095934532492238e+46,,
spectrum,charint_1d,300.0,257.8067192717235,28212.23108519655,2.874224283640059e+45,,
spectrum,charint_1d,300.0,257.8067192717235,48323.89294316341,4.36030685081166e+44,,
spectrum,charint_1d,300.0,257.8067192717235,82772.56138057221,6.08326047951779e+43,,
spectrum,charint_1d,300.0,257.8067192717235,141778.66269091374,7.439603161144308e+42,,
spectrum,charint_1d,300.0,257.8067192717235,242848.46160556178,8.282494478049408e+41,,
spectrum,charint_1d,300.0,257.8067192717235,415967.91918370675,9.417411257058485e+40,,
spectrum,charint_1d,300.0,257.8067192717235,712499.0977750547,1.3824584085533632e+40,,
spectrum,charint_1d,300.0,257.8067192717235,1220418.548926769,2.3024196140847094e+39,,
spectrum,charint_1d,300.0,257.8067192717235,2090418.6955683003,3.3585479320989586e+38,,
spectrum,charint_1d,300.0,257.8067192717235,3580616.114548818,8.603538623323642e+37,,
spectrum,charint_1d,300.0,257.8067192717235,6133131.026309165,7.200915174784604e+36,,
spectrum,charint_1d,300.0,257.8067192717235,10505258.02892888,9.537247918766389e+35,,
spectrum,charint_1d,300.0,257.8067192717235,17994144.55373019,2.5369786855206687e+35,,
spectrum,charint_1d,300.0,257.8067192717235,30821635.920688704,3.5292291681468086e+34,,
spectrum,charint_1d,300.0,257.8067192717235,52793465.006957546,8.334913472699425e+32,,
spectrum,charint_1d,300.0,257.8067192717235,90428358.65730262,1.7382381656902912e+30,,
spectrum,charint_1d,300.0,257.8067192717235,154892050.52890712,4.066437551140138e+28,,
spectrum,charint_1d,300.0,257.8067192717235,265309994.26817685,1.3382245416449158e+26,,
spectrum,charint_1d,300.0,257.8067192717235,454441611.5496091,1.0033004367917491e+23,,
budget,charint_1d,300.0,257.8067192717235,,,1.3572755923244454e+52,1.3638599997121676e+49
spectrum,charint_1d,1000.0,1060.3584326887017,3.0,4.4991393360889194e+36,,
spectrum,charint_1d,1000.0,1060.3584326887017,5.138610923457217,3.121703829864154e+39,,
spectrum,charint_1d,1000.0,1060.3584326887017,8.801774074224609,1.0536805335961405e+43,,
spectrum,charint_1d,1000.0,1060.3584326887017,15.076297467871033,2.525760065272005e+46,,
spectrum,charint_1d,1000.0,1060.3584326887017,25.823742284564155,1.0195191206902236e+50,,
spectrum,charint_1d,1000.0,1060.3584326887017,44.2327213960018,9.02360586777962e+49,,
spectrum,charint_1d,1000.0,1060.3584326887017,75.76491511324487,8.540755134803423e+49,,
spectrum,charint_1d,1000.0,1060.3584326887017,129.7754734719096,8.167183906213134e+49,,
spectrum,charint_1d,1000.0,1060.3584326887017,222.28855519319563,4.768108800028118e+49,,
spectrum,charint_1d,1000.0,1060.3584326887017,380.7514659584257,2.783994022374077e+49,,
spectrum,charint_1d,1000.0,1060.3584326887017,652.1778806987716,1.3612859657862827e+49,,
spectrum,charint_1d,1000.0,1060.3584326887017,1117.0961272652953,7.95086134709553e+48,,
spectrum,charint_1d,1000.0,1060.3584326887017,1913.4407873723994,2.4711331415216117e+48,,
spectrum,charint_1d,1000.0,1060.3584326887017,3277.4759104601303,1.444079710536851e+48,,
spectrum,charint_1d,1000.0,1060.3584326887017,5613.891171619436,3.367978139355108e+47,,
spectrum,charint_1d,1000.0,1060.3584326887017,9615.867499194555,1.9447566234788644e+47,,
spectrum,charint_1d,1000.0,1060.3584326887017,16470.733923292788,3.0770163916463477e+46,,
spectrum,charint_1d,1000.0,1060.3584326887017,28212.23108519655,5.505917694199235e+45,,
spectrum,charint_1d,1000.0,1060.3584326887017,48323.89294316341,8.39514341936497e+44,,
spectrum,charint_1d,1000.0,1060.3584326887017,82772.56138057221,1.238756521255875e+44,,
spectrum,charint_1d,1000.0,1060.3584326887017,141778.66269091374,1.6083189593857747e+43,,
spectrum,charint_1d,1000.0,1060.3584326887017,242848.46160556178,1.860207402471827e+42,,
spectrum,charint_1d,1000.0,1060.3584326887017,415967.91918370675,2.043297540565572e+41,,
spectrum,charint_1d,1000.0,1060.3584326887017,712499.0977750547,2.511422072330729e+40,,
spectrum,charint_1d,1000.0,1060.3584326887017,1220418.548926769,4.266748712443253e+39,,
spectrum,charint_1d,1000.0,1060.3584326887017,2090418.6955683003,6.682577403710665e+38,,
spectrum,charint_1d,1000.0,1060.3584326887017,3580616.114548818,1.2838137583421705e+38,,
spectrum,charint_1d,1000.0,1060.3584326887017,6133131.026309165,2.461927022651215e+37,,
spectrum,charint_1d,1000.0,1060.3584326887017,10505258.02892888,1.367017830733434e+36,,
spectrum,charint_1d,1000.0,1060.3584326887017,17994144.55373019,3.8565180626952356e+35,,
spectrum,charint_1d,1000.0,1060.3584326887017,30821635.920688704,8.418403169816175e+34,,
spectrum,charint_1d,1000.0,1060.3584326887017,52793465.006957546,5.656518151223639e+33,,
spectrum,charint_1d,1000.0,1060.3584326887017,90428358.65730262,2.6828462610495156e+31,,
spectrum,charint_1d,1000.0,1060.3584326887017,154892050.52890712,2.0721195375724682e+29,,
spectrum,charint_1d,1000.0,1060.3584326887017,265309994.26817685,2.611315216729149e+27,,
spectrum,charint_1d,1000.0,1060.3584326887017,454441611.5496091,2.2900183777131082e+24,,
spectrum,charint_1d,1000.0,1060.3584326887017,778399543.0607728,3.953917543838301e+20,,
budget,charint_1d,1000.0,1060.3584326887017,,,4.3237888950623417e+52,4.316929431236935e+49
spectrum,charint_1d,10000.0,8844.848285700204,3.0,2.3763654892179295e+38,,
spectrum,charint_1d,10000.0,8844.848285700204,5.138610923457217,2.598860516919726e+41,,
spectrum,charint_1d,10000.0,8844.848285700204,8.801774074224609,3.332356862597991e+45,,
spectrum,charint_1d,10000.0,8844.848285700204,15.076297467871033,2.1626094082483238e+50,,
spectrum,charint_1d,10000.0,8844.848285700204,25.823742284564155,2.4021885000152268e+50,,
spectrum,charint_1d,10000.0,8844.848285700204,44.2327213960018,1.4024156505288003e+50,,
spectrum,charint_1d,10000.0,8844.848285700204,75.76491511324487,4.6415998437220255e+50,,
spectrum,charint_1d,10000.0,8844.848285700204,129.7754734719096,3.940720668234239e+50,,
spectrum,charint_1d,10000.0,8844.848285700204,222.28855519319563,2.445963648056616e+50,,
spectrum,charint_1d,10000.0,8844.848285700204,380.7514659584257,1.5306356578917966e+50,,
spectrum,charint_1d,10000.0,8844.848285700204,652.1778806987716,8.279167779822791e+49,,
spectrum,charint_1d,10000.0,8844.848285700204,1117.0961272652953,4.832293142603818e+49,,
spectrum,charint_1d,10000.0,8844.848285700204,1913.4407873723994,1.668410028188718e+49,,
spectrum,charint_1d,10000.0,8844.848285700204,3277.4759104601303,9.744600934135157e+48,,
spectrum,charint_1d,10000.0,8844.848285700204,5613.891171619436,8.673248001216019e+47,,
spectrum,charint_1d,10000.0,8844.848285700204,9615.867499194555,4.963879944898018e+47,,
spectrum,charint_1d,10000.0,8844.848285700204,16470.733923292788,7.619503566660823e+46,,
spectrum,charint_1d,10000.0,8844.848285700204,28212.23108519655,1.2703534750249923e+46,,
spectrum,charint_1d,10000.0,8844.848285700204,48323.89294316341,2.0793513195323145e+45,,
spectrum,charint_1d,10000.0,8844.848285700204,82772.56138057221,3.1696717464447394e+44,,
spectrum,charint_1d,10000.0,8844.848285700204,141778.66269091374,4.475554904517835e+43,,
spectrum,charint_1d,10000.0,8844.848285700204,242848.46160556178,5.536453394244959e+42,,
spectrum,charint_1d,10000.0,8844.848285700204,415967.91918370675,6.207475684530817e+41,,
spectrum,charint_1d,10000.0,8844.848285700204,712499.0977750547,6.976737079550956e+40,,
spectrum,charint_1d,10000.0,8844.848285700204,1220418.548926769,9.767737597733374e+39,,
spectrum,charint_1d,10000.0,8844.848285700204,2090418.6955683003,1.706479409638759e+39,,
spectrum,charint_1d,10000.0,8844.848285700204,3580616.114548818,2.410265553958542e+38,,
spectrum,charint_1d,10000.0,8844.848285700204,6133131.026309165,5.970079580637255e+37,,
spectrum,charint_1d,10000.0,8844.848285700204,10505258.02892888,6.493659644170376e+36,,
spectrum,charint_1d,10000.0,8844.848285700204,17994144.55373019,6.536447091882263e+35,,
spectrum,charint_1d,10000.0,8844.848285700204,30821635.920688704,1.8024642883816886e+35,,
spectrum,charint_1d,10000.0,8844.848285700204,52793465.006957546,3.210384925281765e+34,,
spectrum,charint_1d,10000.0,8844.848285700204,90428358.65730262,1.1690789333518621e+33,,
spectrum,charint_1d,10000.0,8844.848285700204,154892050.52890712,2.7187649086557096e+30,,
spectrum,charint_1d,10000.0,8844.848285700204,265309994.26817685,6.389770376254732e+28,,
spectrum,charint_1d,10000.0,8844.848285700204,454441611.5496091,4.214086219124432e+26,,
spectrum,charint_1d,10000.0,8844.848285700204,778399543.0607728,6.801511391314506e+23,,
budget,charint_1d,10000.0,8844.848285700204,,,2.245992408209885e+53,1.930900043241371e+50
spectrum,charint_1d,100000.0,105067.33021588007,3.0,9.423950036709018e+42,,
spectrum,charint_1d,100000.0,105067.33021588007,5.138610923457217,1.0001138451765749e+46,,
spectrum,charint_1d,100000.0,105067.33021588007,8.801774074224609,5.519671462029935e+50,,
spectrum,charint_1d,100000.0,105067.33021588007,15.076297467871033,4.931043721067182e+50,,
spectrum,charint_1d,100000.0,105067.33021588007,25.823742284564155,2.878749670703767e+50,,
spectrum,charint_1d,100000.0,105067.33021588007,44.2327213960018,1.1635363880984439e+51,,
spectrum,charint_1d,100000.0,105067.33021588007,75.76491511324487,2.2387274226698406e+51,,
spectrum,charint_1d,100000.0,105067.33021588007,129.7754734719096,1.3070025816404265e+51,,
spectrum,charint_1d,100000.0,105067.33021588007,222.28855519319563,2.0284558455590154e+51,,
spectrum,charint_1d,100000.0,105067.33021588007,380.7514659584257,1.1842446896233253e+51,,
spectrum,charint_1d,100000.0,105067.33021588007,652.1778806987716,7.798548056570379e+50,,
spectrum,charint_1d,100000.0,105067.33021588007,1117.0961272652953,3.086230466852167e+50,,
spectrum,charint_1d,100000.0,105067.33021588007,1913.4407873723994,1.8008336170836001e+50,,
spectrum,charint_1d,100000.0,105067.33021588007,3277.4759104601303,1.1798883231257964e+49,,
spectrum,charint_1d,100000.0,105067.33021588007,5613.891171619436,6.884804278967906e+48,,
spectrum,charint_1d,100000.0,105067.33021588007,9615.867499194555,3.7291478497786424e+47,,
spectrum,charint_1d,100000.0,105067.33021588007,16470.733923292788,2.1701668629752123e+47,,
spectrum,charint_1d,100000.0,105067.33021588007,28212.23108519655,3.0260555452380985e+46,,
spectrum,charint_1d,100000.0,105067.33021588007,48323.89294316341,5.589203194925665e+45,,
spectrum,charint_1d,100000.0,105067.33021588007,82772.56138057221,8.70170340369097e+44,,
spectrum,charint_1d,100000.0,105067.33021588007,141778.66269091374,1.3185497254049782e+44,,
spectrum,charint_1d,100000.0,105067.33021588007,242848.46160556178,1.8023773474575136e+43,,
spectrum,charint_1d,100000.0,105067.33021588007,415967.91918370675,2.1674113247660595e+42,,
spectrum,charint_1d,100000.0,105067.33021588007,712499.0977750547,2.3923074034560374e+41,,
spectrum,charint_1d,100000.0,105067.33021588007,1220418.548926769,2.776689672015846e+40,,
spectrum,charint_1d,100000.0,105067.33021588007,2090418.6955683003,4.330012806839709e+39,,
spectrum,charint_1d,100000.0,105067.33021588007,3580616.114548818,6.903104616839993e+38,,
spectrum,charint_1d,100000.0,105067.33021588007,6133131.026309165,1.1043740875076915e+38,,
spectrum,charint_1d,100000.0,105067.33021588007,10505258.02892888,2.757986578850163e+37,,
spectrum,charint_1d,100000.0,105067.33021588007,17994144.55373019,1.804521609120818e+36,,
spectrum,charint_1d,100000.0,105067.33021588007,30821635.920688704,3.1735528623955928e+35,,
spectrum,charint_1d,100000.0,105067.33021588007,52793465.006957546,8.590096656786845e+34,,
spectrum,charint_1d,100000.0,105067.33021588007,90428358.65730262,1.329937563345862e+34,,
spectrum,charint_1d,100000.0,105067.33021588007,154892050.52890712,2.9527903417922536e+32,,
spectrum,charint_1d,100000.0,105067.33021588007,265309994.26817685,8.456820120757413e+29,,
spectrum,charint_1d,100000.0,105067.33021588007,454441611.5496091,2.557799878741382e+28,,
spectrum,charint_1d,100000.0,105067.33021588007,778399543.0607728,1.2881185904506562e+26,,
spectrum,charint_1d,100000.0,105067.33021588007,1333297464.9287286,1.54851394679251e+23,,
budget,charint_1d,100000.0,105067.33021588007,,,1.4654445440960005e+54,1.0029523222153594e+51
spectrum,charint_1d,1000000.0,876406.0971219235,3.0,1.3846953391100254e+47,,
spectrum,charint_1d,1000000.0,876406.0971219235,5.138610923457217,9.829524865446073e+50,,
spectrum,charint_1d,1000000.0,876406.0971219235,8.801774074224609,8.918117174579304e+50,,
spectrum,charint_1d,1000000.0,876406.0971219235,15.076297467871033,5.2065167351611625e+50,,
spectrum,charint_1d,1000000.0,876406.0971219235,25.823742284564155,3.1468681443037526e+50,,
spectrum,charint_1d,1000000.0,876406.0971219235,44.2327213960018,6.256737161502573e+51,,
spectrum,charint_1d,1000000.0,876406.0971219235,75.76491511324487,4.0246272388544725e+51,,
spectrum,charint_1d,1000000.0,876406.0971219235,129.7754734719096,8.255923902078706e+51,,
spectrum,charint_1d,1000000.0,876406.0971219235,222.28855519319563,1.455992395513013e+52,,
spectrum,charint_1d,1000000.0,876406.0971219235,380.7514659584257,8.499796220866788e+51,,
spectrum,charint_1d,1000000.0,876406.0971219235,652.1778806987716,4.960729910654926e+51,,
spectrum,charint_1d,1000000.0,876406.0971219235,1117.0961272652953,6.54143169883201e+50,,
spectrum,charint_1d,1000000.0,876406.0971219235,1913.4407873723994,2.837843935362066e+50,,
spectrum,charint_1d,1000000.0,876406.0971219235,3277.4759104601303,8.098779095493564e+49,,
spectrum,charint_1d,1000000.0,876406.0971219235,5613.891171619436,4.416511879735411e+48,,
spectrum,charint_1d,1000000.0,876406.0971219235,9615.867499194555,2.5776772078749362e+48,,
spectrum,charint_1d,1000000.0,876406.0971219235,16470.733923292788,1.3256992276972243e+47,,
spectrum,charint_1d,1000000.0,876406.0971219235,28212.23108519655,7.682308644955274e+46,,
spectrum,charint_1d,1000000.0,876406.0971219235,48323.89294316341,1.0678190867962052e+46,,
spectrum,charint_1d,1000000.0,876406.0971219235,82772.56138057221,1.9502609599173172e+45,,
spectrum,charint_1d,1000000.0,876406.0971219235,141778.66269091374,2.9759668459347738e+44,,
spectrum,charint_1d,1000000.0,876406.0971219235,242848.46160556178,4.4315811911050084e+43,,
spectrum,charint_1d,1000000.0,876406.0971219235,415967.91918370675,5.834599366090613e+42,,
spectrum,charint_1d,1000000.0,876406.0971219235,712499.0977750547,6.816940060942221e+41,,
spectrum,charint_1d,1000000.0,876406.0971219235,1220418.548926769,7.483771235197145e+40,,
spectrum,charint_1d,1000000.0,876406.0971219235,2090418.6955683003,9.026288865094582e+39,,
spectrum,charint_1d,1000000.0,876406.0971219235,3580616.114548818,1.5156238825152176e+39,,
spectrum,charint_1d,1000000.0,876406.0971219235,6133131.026309165,2.3786956603401082e+38,,
spectrum,charint_1d,1000000.0,876406.0971219235,10505258.02892888,4.339459790649279e+37,,
spectrum,charint_1d,1000000.0,876406.0971219235,17994144.55373019,9.44353017017206e+36,,
spectrum,charint_1d,1000000.0,876406.0971219235,30821635.920688704,4.5258200593092314e+35,,
spectrum,charint_1d,1000000.0,876406.0971219235,52793465.006957546,1.2898159788995287e+35,,
spectrum,charint_1d,1000000.0,876406.0971219235,90428358.65730262,3.3112590202651827e+34,,
spectrum,charint_1d,1000000.0,876406.0971219235,154892050.52890712,3.8084629328890095e+33,,
spectrum,charint_1d,1000000.0,876406.0971219235,265309994.26817685,4.345273420398261e+31,,
spectrum,charint_1d,1000000.0,876406.0971219235,454441611.5496091,2.2770305654545017e+29,,
spectrum,charint_1d,1000000.0,876406.0971219235,778399543.0607728,5.61306789128056e+27,,
spectrum,charint_1d,1000000.0,876406.0971219235,1333297464.9287286,4.113930545813224e+25,,
budget,charint_1d,1000000.0,876406.0971219235,,,7.32977362204203e+54,3.45936429490675e+51
spectrum,charint_1d,10000000.0,10410766.339360708,3.0,1.5485141954839657e+51,,
spectrum,charint_1d,10000000.0,10410766.339360708,5.138610923457217,1.5622764934229365e+51,,
spectrum,charint_1d,10000000.0,10410766.339360708,8.801774074224609,9.120649933717928e+50,,
spectrum,charint_1d,10000000.0,10410766.339360708,15.076297467871033,5.440403008690241e+50,,
spectrum,charint_1d,10000000.0,10410766.339360708,25.823742284564155,1.2248188385987834e+52,,
spectrum,charint_1d,10000000.0,10410766.339360708,44.2327213960018,2.464171562789183e+52,,
spectrum,charint_1d,10000000.0,10410766.339360708,75.76491511324487,3.549858608823099e+53,,
spectrum,charint_1d,10000000.0,10410766.339360708,129.7754734719096,2.041920519224991e+53,,
spectrum,charint_1d,10000000.0,10410766.339360708,222.28855519319563,7.959641188911241e+52,,
spectrum,charint_1d,10000000.0,10410766.339360708,380.7514659584257,3.3031579159568234e+52,,
spectrum,charint_1d,10000000.0,10410766.339360708,652.1778806987716,5.554047545578845e+51,,
spectrum,charint_1d,10000000.0,10410766.339360708,1117.0961272652953,3.241499372020666e+51,,
spectrum,charint_1d,10000000.0,10410766.339360708,1913.4407873723994,2.094764864018158e+50,,
spectrum,charint_1d,10000000.0,10410766.339360708,3277.4759104601303,1.222080009916657e+50,,
spectrum,charint_1d,10000000.0,10410766.339360708,5613.891171619436,1.386619957369344e+49,,
spectrum,charint_1d,10000000.0,10410766.339360708,9615.867499194555,1.907071742776099e+48,,
spectrum,charint_1d,10000000.0,10410766.339360708,16470.733923292788,1.1145907456592418e+48,,
spectrum,charint_1d,10000000.0,10410766.339360708,28212.23108519655,4.317234229674564e+46,,
spectrum,charint_1d,10000000.0,10410766.339360708,48323.89294316341,2.5080862587683183e+46,,
spectrum,charint_1d,10000000.0,10410766.339360708,82772.56138057221,3.5083357045197675e+45,,
spectrum,charint_1d,10000000.0,10410766.339360708,141778.66269091374,6.1795951317902255e+44,,
spectrum,charint_1d,10000000.0,10410766.339360708,242848.46160556178,9.417593362851278e+43,,
spectrum,charint_1d,10000000.0,10410766.339360708,415967.91918370675,1.380051502498152e+43,,
spectrum,charint_1d,10000000.0,10410766.339360708,712499.0977750547,1.7753569393416358e+42,,
spectrum,charint_1d,10000000.0,10410766.339360708,1220418.548926769,2.04031157494428e+41,,
spectrum,charint_1d,10000000.0,10410766.339360708,2090418.6955683003,2.2441903586011e+40,,
spectrum,charint_1d,10000000.0,10410766.339360708,3580616.114548818,2.79916072895519e+39,,
spectrum,charint_1d,10000000.0,10410766.339360708,6133131.026309165,4.785736303741216e+38,,
spectrum,charint_1d,10000000.0,10410766.339360708,10505258.02892888,7.503221062825998e+37,,
spectrum,charint_1d,10000000.0,10410766.339360708,17994144.55373019,1.4922231394996815e+37,,
spectrum,charint_1d,10000000.0,10410766.339360708,30821635.920688704,2.790872495525134e+36,,
spectrum,charint_1d,10000000.0,10410766.339360708,52793465.006957546,1.5964497731394148e+35,,
spectrum,charint_1d,10000000.0,10410766.339360708,90428358.65730262,4.541302260667703e+34,,
spectrum,charint_1d,10000000.0,10410766.339360708,154892050.52890712,1.1414650828564238e+34,,
spectrum,charint_1d,10000000.0,10410766.339360708,265309994.26817685,1.1485667817769899e+33,,
spectrum,charint_1d,10000000.0,10410766.339360708,454441611.5496091,8.717286373179144e+30,,
spectrum,charint_1d,10000000.0,10410766.339360708,778399543.0607728,7.74183726709597e+28,,
spectrum,charint_1d,10000000.0,10410766.339360708,1333297464.9287286,1.8655924794146702e+27,,
spectrum,charint_1d,10000000.0,10410766.339360708,2283765639.1668644,1.3218287548137477e+25,,
budget,charint_1d,10000000.0,10410766.339360708,,,5.264798359550294e+55,1.0998372418361933e+52
spectrum,charint_2d,100.0,89.26380299493795,3.0,2.8693850522039297e+36,,
spectrum,charint_2d,100.0,89.26380299493795,5.138610923457217,1.1756841644711456e+39,,
spectrum,charint_2d,100.0,89.26380299493795,8.801774074224609,1.992706489332562e+42,,
spectrum,charint_2d,100.0,89.26380299493795,15.076297467871033,2.4781762808773386e+45,,
spectrum,charint_2d,100.0,89.26380299493795,25.823742284564155,5.199323231678433e+48,,
spectrum,charint_2d,100.0,89.26380299493795,44.2327213960018,7.939278869065057e+48,,
spectrum,charint_2d,100.0,89.26380299493795,75.76491511324487,1.1437796466087716e+49,,
spectrum,charint_2d,100.0,89.26380299493795,129.7754734719096,9.66455075008151e+48,,
spectrum,charint_2d,100.0,89.26380299493795,222.28855519319563,6.718515723056782e+48,,
spectrum,charint_2d,100.0,89.26380299493795,380.7514659584257,4.182853037077682e+48,,
spectrum,charint_2d,100.0,89.26380299493795,652.1778806987716,1.7317251060423434e+48,,
spectrum,charint_2d,100.0,89.26380299493795,1117.0961272652953,1.0108658744591946e+48,,
spectrum,charint_2d,100.0,89.26380299493795,1913.4407873723994,2.3417558062269523e+47,,
spectrum,charint_2d,100.0,89.26380299493795,3277.4759104601303,9.628453624423056e+46,,
spectrum,charint_2d,100.0,89.26380299493795,5613.891171619436,4.653679481566314e+46,,
spectrum,charint_2d,100.0,89.26380299493795,9615.867499194555,1.0835502776177075e+46,,
spectrum,charint_2d,100.0,89.26380299493795,16470.733923292788,6.044035377073727e+45,,
spectrum,charint_2d,100.0,89.26380299493795,28212.23108519655,1.2613272194632635e+45,,
spectrum,charint_2d,100.0,89.26380299493795,48323.89294316341,1.5204043575943474e+44,,
spectrum,charint_2d,100.0,89.26380299493795,82772.56138057221,1.7203160380811147e+43,,
spectrum,charint_2d,100.0,89.26380299493795,141778.66269091374,1.914979660944651e+42,,
spectrum,charint_2d,100.0,89.26380299493795,242848.46160556178,2.550935668162627e+41,,
spectrum,charint_2d,100.0,89.26380299493795,415967.91918370675,4.519179423434896e+40,,
spectrum,charint_2d,100.0,89.26380299493795,712499.0977750547,6.681259625894826e+39,,
spectrum,charint_2d,100.0,89.26380299493795,1220418.548926769,1.5071960260806075e+39,,
spectrum,charint_2d,100.0,89.26380299493795,2090418.6955683003,2.3214331732514053e+38,,
spectrum,charint_2d,100.0,89.26380299493795,3580616.114548818,1.6372736932290261e+37,,
spectrum,charint_2d,100.0,89.26380299493795,6133131.026309165,4.6459199437714894e+36,,
spectrum,charint_2d,100.0,89.26380299493795,10505258.02892888,1.2756112975986824e+36,,
spectrum,charint_2d,100.0,89.26380299493795,17994144.55373019,1.862682475834951e+35,,
spectrum,charint_2d,100.0,89.26380299493795,30821635.920688704,1.8926041798756152e+33,,
spectrum,charint_2d,100.0,89.26380299493795,52793465.006957546,2.782542251657064e+31,,
spectrum,charint_2d,100.0,89.26380299493795,90428358.65730262,1.3737705425682104e+30,,
spectrum,charint_2d,100.0,89.26380299493795,154892050.52890712,1.651444479755851e+28,,
spectrum,charint_2d,100.0,89.26380299493795,265309994.26817685,2.1520183360125848e+25,,
spectrum,charint_2d,100.0,89.26380299493795,454441611.5496091,4.938301725824891e+21,,
budget,charint_2d,100.0,89.26380299493795,,,5.207399040780218e+51,4.958830437874356e+48
spectrum,charint_2d,300.0,257.8067192717235,3.0,1.6168151260433977e+37,,
spectrum,charint_2d,300.0,257.8067192717235,5.138610923457217,6.555584835005213e+39,,
spectrum,charint_2d,300.0,257.8067192717235,8.801774074224609,9.25577872825551e+42,,
spectrum,charint_2d,300.0,257.8067192717235,15.076297467871033,9.509718933738624e+45,,
spectrum,charint_2d,300.0,257.8067192717235,25.823742284564155,1.3667441398793583e+49,,
spectrum,charint_2d,300.0,257.8067192717235,44.2327213960018,1.725862936116369e+49,,
spectrum,charint_2d,300.0,257.8067192717235,75.76491511324487,2.6717153041067895e+49,,
spectrum,charint_2d,300.0,257.8067192717235,129.7754734719096,2.331477452842952e+49,,
spectrum,charint_2d,300.0,257.8067192717235,222.28855519319563,1.707586433361906e+49,,
spectrum,charint_2d,300.0,257.8067192717235,380.7514659584257,1.1133439701006486e+49,,
spectrum,charint_2d,300.0,257.8067192717235,652.1778806987716,5.185971793145501e+48,,
spectrum,charint_2d,300.0,257.8067192717235,1117.0961272652953,2.0324993394107215e+48,,
spectrum,charint_2d,300.0,257.8067192717235,1913.4407873723994,9.170060961334505e+47,,
spectrum,charint_2d,300.0,257.8067192717235,3277.4759104601303,2.3588147514900674e+47,,
spectrum,charint_2d,300.0,257.8067192717235,5613.891171619436,1.368306268743523e+47,,
spectrum,charint_2d,300.0,257.8067192717235,9615.867499194555,4.646096840592554e+46,,
spectrum,charint_2d,300.0,257.8067192717235,16470.733923292788,1.5712120144213568e+46,,
spectrum,charint_2d,300.0,257.8067192717235,28212.23108519655,2.213795017516898e+45,,
spectrum,charint_2d,300.0,257.8067192717235,48323.89294316341,2.9500662516444248e+44,,
spectrum,charint_2d,300.0,257.8067192717235,82772.56138057221,3.481533143901889e+43,,
spectrum,charint_2d,300.0,257.8067192717235,141778.66269091374,3.8313507326924044e+42,,
spectrum,charint_2d,300.0,257.8067192717235,242848.46160556178,4.569248519781361e+41,,
spectrum,charint_2d,300.0,257.8067192717235,415967.91918370675,7.56376614374116e+40,,
spectrum,charint_2d,300.0,257.8067192717235,712499.0977750547,1.192802917522383e+40,,
spectrum,charint_2d,300.0,257.8067192717235,1220418.548926769,2.0819645440027214e+39,,
spectrum,charint_2d,300.0,257.8067192717235,2090418.6955683003,4.9750277528045155e+38,,
spectrum,charint_2d,300.0,257.8067192717235,3580616.114548818,2.4106909492063775e+37,,
spectrum,charint_2d,300.0,257.8067192717235,6133131.026309165,6.096646796810491e+36,,
spectrum,charint_2d,300.0,257.8067192717235,10505258.02892888,1.7148528769827587e+36,,
spectrum,charint_2d,300.0,257.8067192717235,17994144.55373019,3.900125602858354e+35,,
spectrum,charint_2d,300.0,257.8067192717235,30821635.920688704,1.755553852964977e+34,,
spectrum,charint_2d,300.0,257.8067192717235,52793465.006957546,6.324270596729967e+31,,
spectrum,charint_2d,300.0,257.8067192717235,90428358.65730262,4.2921675711262116e+30,,
spectrum,charint_2d,300.0,257.8067192717235,154892050.52890712,9.466249484602778e+28,,
spectrum,charint_2d,300.0,257.8067192717235,265309994.26817685,3.51403750513445e+26,,
spectrum,charint_2d,300.0,257.8067192717235,454441611.5496091,3.0327062153270626e+23,,
budget,charint_2d,300.0,257.8067192717235,,,1.3512325202819801e+52,1.3574149698061763e+49
spectrum,charint_2d,1000.0,1060.3584326887017,3.0,2.1324481260428334e+38,,
spectrum,charint_2d,1000.0,1060.3584326887017,5.138610923457217,1.1129574864478057e+41,,
spectrum,charint_2d,1000.0,1060.3584326887017,8.801774074224609,3.626457263973854e+44,,
spectrum,charint_2d,1000.0,1060.3584326887017,15.076297467871033,3.0704902525208595e+48,,
spectrum,charint_2d,1000.0,1060.3584326887017,25.823742284564155,3.608353797597135e+49,,
spectrum,charint_2d,1000.0,1060.3584326887017,44.2327213960018,4.825328529030652e+49,,
spectrum,charint_2d,1000.0,1060.3584326887017,75.76491511324487,6.814984931116516e+49,,
spectrum,charint_2d,1000.0,1060.3584326887017,129.7754734719096,6.203535783805207e+49,,
spectrum,charint_2d,1000.0,1060.3584326887017,222.28855519319563,5.213160202035467e+49,,
spectrum,charint_2d,1000.0,1060.3584326887017,380.7514659584257,3.6433480354464633e+49,,
spectrum,charint_2d,1000.0,1060.3584326887017,652.1778806987716,1.9537132058694834e+49,,
spectrum,charint_2d,1000.0,1060.3584326887017,1117.0961272652953,6.642897978877505e+48,,
spectrum,charint_2d,1000.0,1060.3584326887017,1913.4407873723994,3.25214773839973e+48,,
spectrum,charint_2d,1000.0,1060.3584326887017,3277.4759104601303,1.007997584022164e+48,,
spectrum,charint_2d,1000.0,1060.3584326887017,5613.891171619436,4.510390268525748e+47,,
spectrum,charint_2d,1000.0,1060.3584326887017,9615.867499194555,1.7565619433943546e+47,,
spectrum,charint_2d,1000.0,1060.3584326887017,16470.733923292788,2.859714412469183e+46,,
spectrum,charint_2d,1000.0,1060.3584326887017,28212.23108519655,4.342211587126232e+45,,
spectrum,charint_2d,1000.0,1060.3584326887017,48323.89294316341,6.151937986228481e+44,,
spectrum,charint_2d,1000.0,1060.3584326887017,82772.56138057221,7.653084278166868e+43,,
spectrum,charint_2d,1000.0,1060.3584326887017,141778.66269091374,8.619472296594098e+42,,
spectrum,charint_2d,1000.0,1060.3584326887017,242848.46160556178,9.656702547357456e+41,,
spectrum,charint_2d,1000.0,1060.3584326887017,415967.91918370675,1.3234918176429918e+41,,
spectrum,charint_2d,1000.0,1060.3584326887017,712499.0977750547,2.345104944660761e+40,,
spectrum,charint_2d,1000.0,1060.3584326887017,1220418.548926769,3.392039720691756e+39,,
spectrum,charint_2d,1000.0,1060.3584326887017,2090418.6955683003,7.999428208492175e+38,,
spectrum,charint_2d,1000.0,1060.3584326887017,3580616.114548818,1.1171079923741062e+38,,
spectrum,charint_2d,1000.0,1060.3584326887017,6133131.026309165,8.74504593810148e+36,,
spectrum,charint_2d,1000.0,1060.3584326887017,10505258.02892888,2.4792974144928837e+36,,
spectrum,charint_2d,1000.0,1060.3584326887017,17994144.55373019,6.744614503276014e+35,,
spectrum,charint_2d,1000.0,1060.3584326887017,30821635.920688704,8.822366551210323e+34,,
spectrum,charint_2d,1000.0,1060.3584326887017,52793465.006957546,6.751549623346657e+32,,
spectrum,charint_2d,1000.0,1060.3584326887017,90428358.65730262,1.3122077894647139e+31,,
spectrum,charint_2d,1000.0,1060.3584326887017,154892050.52890712,6.019144483945961e+29,,
spectrum,charint_2d,1000.0,1060.3584326887017,265309994.26817685,6.309308165307674e+27,,
spectrum,charint_2d,1000.0,1060.3584326887017,454441611.5496091,6.475420134467584e+24,,
spectrum,charint_2d,1000.0,1060.3584326887017,778399543.0607728,1.1202851406277508e+21,,
budget,charint_2d,1000.0,1060.3584326887017,,,4.308930082833125e+52,4.2823691306512685e+49
spectrum,charint_2d,10000.0,8844.848285700204,3.0,7.440272107027238e+39,,
spectrum,charint_2d,10000.0,8844.848285700204,5.138610923457217,3.535142656074878e+42,,
spectrum,charint_2d,10000.0,8844.848285700204,8.801774074224609,6.583816526406752e+45,,
spectrum,charint_2d,10000.0,8844.848285700204,15.076297467871033,1.972456453377108e+49,,
spectrum,charint_2d,10000.0,8844.848285700204,25.823742284564155,1.2563558046576774e+50,,
spectrum,charint_2d,10000.0,8844.848285700204,44.2327213960018,1.6532338226895417e+50,,
spectrum,charint_2d,10000.0,8844.848285700204,75.76491511324487,2.785456854019546e+50,,
spectrum,charint_2d,10000.0,8844.848285700204,129.7754734719096,2.7524239247589992e+50,,
spectrum,charint_2d,10000.0,8844.848285700204,222.28855519319563,2.012542841278372e+50,,
spectrum,charint_2d,10000.0,8844.848285700204,380.7514659584257,1.8861134802593943e+50,,
spectrum,charint_2d,10000.0,8844.848285700204,652.1778806987716,1.1782865728349915e+50,,
spectrum,charint_2d,10000.0,8844.848285700204,1117.0961272652953,5.03819269551446e+49,,
spectrum,charint_2d,10000.0,8844.848285700204,1913.4407873723994,2.2435012815981257e+49,,
spectrum,charint_2d,10000.0,8844.848285700204,3277.4759104601303,4.658170352166805e+48,,
spectrum,charint_2d,10000.0,8844.848285700204,5613.891171619436,2.6937088593689408e+48,,
spectrum,charint_2d,10000.0,8844.848285700204,9615.867499194555,3.808994707243102e+47,,
spectrum,charint_2d,10000.0,8844.848285700204,16470.733923292788,6.979872394256491e+46,,
spectrum,charint_2d,10000.0,8844.848285700204,28212.23108519655,1.077369051133801e+46,,
spectrum,charint_2d,10000.0,8844.848285700204,48323.89294316341,1.6180110923324996e+45,,
spectrum,charint_2d,10000.0,8844.848285700204,82772.56138057221,2.1797116480181456e+44,,
spectrum,charint_2d,10000.0,8844.848285700204,141778.66269091374,2.5965608927424533e+43,,
spectrum,charint_2d,10000.0,8844.848285700204,242848.46160556178,2.863243450936419e+42,,
spectrum,charint_2d,10000.0,8844.848285700204,415967.91918370675,3.3721193515463116e+41,,
spectrum,charint_2d,10000.0,8844.848285700204,712499.0977750547,5.44534854055502e+40,,
spectrum,charint_2d,10000.0,8844.848285700204,1220418.548926769,8.611911545833566e+39,,
spectrum,charint_2d,10000.0,8844.848285700204,2090418.6955683003,1.4378300107641017e+39,,
spectrum,charint_2d,10000.0,8844.848285700204,3580616.114548818,3.540011266619079e+38,,
spectrum,charint_2d,10000.0,8844.848285700204,6133131.026309165,2.3136665992940794e+37,,
spectrum,charint_2d,10000.0,8844.848285700204,10505258.02892888,4.173007409579725e+36,,
spectrum,charint_2d,10000.0,8844.848285700204,17994144.55373019,1.1759249187988974e+36,,
spectrum,charint_2d,10000.0,8844.848285700204,30821635.920688704,2.977118528915625e+35,,
spectrum,charint_2d,10000.0,8844.848285700204,52793465.006957546,2.036574313600473e+34,,
spectrum,charint_2d,10000.0,8844.848285700204,90428358.65730262,6.937918429038038e+31,,
spectrum,charint_2d,10000.0,8844.848285700204,154892050.52890712,4.7729275457791567e+30,,
spectrum,charint_2d,10000.0,8844.848285700204,265309994.26817685,1.5425645008052792e+29,,
spectrum,charint_2d,10000.0,8844.848285700204,454441611.5496091,1.0454081765865614e+27,,
spectrum,charint_2d,10000.0,8844.848285700204,778399543.0607728,1.9036684736920137e+24,,
budget,charint_2d,10000.0,8844.848285700204,,,2.2349069784962347e+53,2.0465490185322245e+50
spectrum,charint_2d,100000.0,105067.33021588007,3.0,1.2123258168530277e+41,,
spectrum,charint_2d,100000.0,105067.33021588007,5.138610923457217,5.198025915136574e+43,,
spectrum,charint_2d,100000.0,105067.33021588007,8.801774074224609,5.792427420928294e+46,,
spectrum,charint_2d,100000.0,105067.33021588007,15.076297467871033,8.022435916883966e+49,,
spectrum,charint_2d,100000.0,105067.33021588007,25.823742284564155,5.137754839175478e+50,,
spectrum,charint_2d,100000.0,105067.33021588007,44.2327213960018,6.7292068582027095e+50,,
spectrum,charint_2d,100000.0,105067.33021588007,75.76491511324487,9.604584865421356e+50,,
spectrum,charint_2d,100000.0,105067.33021588007,129.7754734719096,1.4609455727774251e+51,,
spectrum,charint_2d,100000.0,105067.33021588007,222.28855519319563,1.222724583073444e+51,,
spectrum,charint_2d,100000.0,105067.33021588007,380.7514659584257,1.305856048861176e+51,,
spectrum,charint_2d,100000.0,105067.33021588007,652.1778806987716,1.104114210502973e+51,,
spectrum,charint_2d,100000.0,105067.33021588007,1117.0961272652953,3.6502134340454494e+50,,
spectrum,charint_2d,100000.0,105067.33021588007,1913.4407873723994,1.4181014210289941e+50,,
spectrum,charint_2d,100000.0,105067.33021588007,3277.4759104601303,2.2853153911269892e+49,,
spectrum,charint_2d,100000.0,105067.33021588007,5613.891171619436,2.93443210927328e+48,,
spectrum,charint_2d,100000.0,105067.33021588007,9615.867499194555,1.2757298654680642e+48,,
spectrum,charint_2d,100000.0,105067.33021588007,16470.733923292788,1.664052020518554e+47,,
spectrum,charint_2d,100000.0,105067.33021588007,28212.23108519655,2.9324946019728465e+46,,
spectrum,charint_2d,100000.0,105067.33021588007,48323.89294316341,4.468824286450975e+45,,
spectrum,charint_2d,100000.0,105067.33021588007,82772.56138057221,6.5730298784496366e+44,,
spectrum,charint_2d,100000.0,105067.33021588007,141778.66269091374,8.56096674473611e+43,,
spectrum,charint_2d,100000.0,105067.33021588007,242848.46160556178,9.948198561341964e+42,,
spectrum,charint_2d,100000.0,105067.33021588007,415967.91918370675,1.0949850854036423e+42,,
spectrum,charint_2d,100000.0,105067.33021588007,712499.0977750547,1.3396060549704412e+41,,
spectrum,charint_2d,100000.0,105067.33021588007,1220418.548926769,2.273463996329724e+40,,
spectrum,charint_2d,100000.0,105067.33021588007,2090418.6955683003,3.595838624757967e+39,,
spectrum,charint_2d,100000.0,105067.33021588007,3580616.114548818,6.7272444245948204e+38,,
spectrum,charint_2d,100000.0,105067.33021588007,6133131.026309165,1.4738850431732768e+38,,
spectrum,charint_2d,100000.0,105067.33021588007,10505258.02892888,7.057423532878469e+36,,
spectrum,charint_2d,100000.0,105067.33021588007,17994144.55373019,2.0102256972327913e+36,,
spectrum,charint_2d,100000.0,105067.33021588007,30821635.920688704,5.631533413248367e+35,,
spectrum,charint_2d,100000.0,105067.33021588007,52793465.006957546,1.3128709094377062e+35,,
spectrum,charint_2d,100000.0,105067.33021588007,90428358.65730262,5.773271789984993e+33,,
spectrum,charint_2d,100000.0,105067.33021588007,154892050.52890712,2.599935474917914e+31,,
spectrum,charint_2d,100000.0,105067.33021588007,265309994.26817685,2.0383933619854395e+30,,
spectrum,charint_2d,100000.0,105067.33021588007,454441611.5496091,5.739370700089287e+28,,
spectrum,charint_2d,100000.0,105067.33021588007,778399543.0607728,3.233543809726923e+26,,
spectrum,charint_2d,100000.0,105067.33021588007,1333297464.9287286,4.649972339356525e+23,,
budget,charint_2d,100000.0,105067.33021588007,,,1.4577760166187388e+54,1.0481605878679723e+51
spectrum,charint_2d,1000000.0,876406.0971219235,3.0,8.602532914047513e+41,,
spectrum,charint_2d,1000000.0,876406.0971219235,5.138610923457217,3.524357327186123e+44,,
spectrum,charint_2d,1000000.0,876406.0971219235,8.801774074224609,2.9271159457784182e+47,,
spectrum,charint_2d,1000000.0,876406.0971219235,15.076297467871033,2.724127603580656e+50,,
spectrum,charint_2d,1000000.0,876406.0971219235,25.823742284564155,1.7784221051717105e+51,,
spectrum,charint_2d,1000000.0,876406.0971219235,44.2327213960018,2.442398819111853e+51,,
spectrum,charint_2d,1000000.0,876406.0971219235,75.76491511324487,2.9400488931307255e+51,,
spectrum,charint_2d,1000000.0,876406.0971219235,129.7754734719096,6.5133174722903e+51,,
spectrum,charint_2d,1000000.0,876406.0971219235,222.28855519319563,1.4864251594042037e+52,,
spectrum,charint_2d,1000000.0,876406.0971219235,380.7514659584257,1.067026300139036e+52,,
spectrum,charint_2d,1000000.0,876406.0971219235,652.1778806987716,3.739268577164756e+51,,
spectrum,charint_2d,1000000.0,876406.0971219235,1117.0961272652953,1.2674437466614672e+51,,
spectrum,charint_2d,1000000.0,876406.0971219235,1913.4407873723994,1.6338692480330072e+50,,
spectrum,charint_2d,1000000.0,876406.0971219235,3277.4759104601303,4.828885982383732e+49,,
spectrum,charint_2d,1000000.0,876406.0971219235,5613.891171619436,7.39862842868828e+48,,
spectrum,charint_2d,1000000.0,876406.0971219235,9615.867499194555,1.4001535108257084e+48,,
spectrum,charint_2d,1000000.0,876406.0971219235,16470.733923292788,3.801853949505982e+47,,
spectrum,charint_2d,1000000.0,876406.0971219235,28212.23108519655,5.971258618500925e+46,,
spectrum,charint_2d,1000000.0,876406.0971219235,48323.89294316341,9.889727537715134e+45,,
spectrum,charint_2d,1000000.0,876406.0971219235,82772.56138057221,1.4960892153752573e+45,,
spectrum,charint_2d,1000000.0,876406.0971219235,141778.66269091374,2.131147276258513e+44,,
spectrum,charint_2d,1000000.0,876406.0971219235,242848.46160556178,2.6739761906944336e+43,,
spectrum,charint_2d,1000000.0,876406.0971219235,415967.91918370675,3.030837418047933e+42,,
spectrum,charint_2d,1000000.0,876406.0971219235,712499.0977750547,3.3711024554642814e+41,,
spectrum,charint_2d,1000000.0,876406.0971219235,1220418.548926769,4.449348197868322e+40,,
spectrum,charint_2d,1000000.0,876406.0971219235,2090418.6955683003,7.848111689445592e+39,,
spectrum,charint_2d,1000000.0,876406.0971219235,3580616.114548818,1.180219801870226e+39,,
spectrum,charint_2d,1000000.0,876406.0971219235,6133131.026309165,2.5970513301109576e+38,,
spectrum,charint_2d,1000000.0,876406.0971219235,10505258.02892888,4.282903165796826e+37,,
spectrum,charint_2d,1000000.0,876406.0971219235,17994144.55373019,2.816315112119131e+36,,
spectrum,charint_2d,1000000.0,876406.0971219235,30821635.920688704,7.994794360143546e+35,,
spectrum,charint_2d,1000000.0,876406.0971219235,52793465.006957546,2.2235377680854992e+35,,
spectrum,charint_2d,1000000.0,876406.0971219235,90428358.65730262,4.290985790307998e+34,,
spectrum,charint_2d,1000000.0,876406.0971219235,154892050.52890712,8.19907809571101e+32,,
spectrum,charint_2d,1000000.0,876406.0971219235,265309994.26817685,8.357494637114461e+30,,
spectrum,charint_2d,1000000.0,876406.0971219235,454441611.5496091,5.740560973116335e+29,,
spectrum,charint_2d,1000000.0,876406.0971219235,778399543.0607728,1.2673249151062082e+28,,
spectrum,charint_2d,1000000.0,876406.0971219235,1333297464.9287286,4.702281655643402e+25,,
spectrum,charint_2d,1000000.0,876406.0971219235,2283765639.1668644,6.5069035530053285e+22,,
budget,charint_2d,1000000.0,876406.0971219235,,,7.328677940847647e+54,3.3537521576094214e+51
spectrum,charint_2d,10000000.0,10410766.339360708,3.0,7.618947176297182e+42,,
spectrum,charint_2d,10000000.0,10410766.339360708,5.138610923457217,2.961332767268984e+45,,
spectrum,charint_2d,10000000.0,10410766.339360708,8.801774074224609,1.880352555648458e+48,,
spectrum,charint_2d,10000000.0,10410766.339360708,15.076297467871033,1.2316193542247731e+51,,
spectrum,charint_2d,10000000.0,10410766.339360708,25.823742284564155,8.306906187286941e+51,,
spectrum,charint_2d,10000000.0,10410766.339360708,44.2327213960018,4.2003165629578294e+52,,
spectrum,charint_2d,10000000.0,10410766.339360708,75.76491511324487,3.550207504513181e+53,,
spectrum,charint_2d,10000000.0,10410766.339360708,129.7754734719096,2.115206937694044e+53,,
spectrum,charint_2d,10000000.0,10410766.339360708,222.28855519319563,7.802873006351584e+52,,
spectrum,charint_2d,10000000.0,10410766.339360708,380.7514659584257,3.2495639740698443e+52,,
spectrum,charint_2d,10000000.0,10410766.339360708,652.1778806987716,5.3966752270414944e+51,,
spectrum,charint_2d,10000000.0,10410766.339360708,1117.0961272652953,1.803852423890825e+51,,
spectrum,charint_2d,10000000.0,10410766.339360708,1913.4407873723994,4.55604489455086e+50,,
spectrum,charint_2d,10000000.0,10410766.339360708,3277.4759104601303,5.796537031716524e+49,,
spectrum,charint_2d,10000000.0,10410766.339360708,5613.891171619436,1.562939314972839e+49,,
spectrum,charint_2d,10000000.0,10410766.339360708,9615.867499194555,2.7590950145321168e+48,,
spectrum,charint_2d,10000000.0,10410766.339360708,16470.733923292788,4.737107996568143e+47,,
spectrum,charint_2d,10000000.0,10410766.339360708,28212.23108519655,1.1408652678677787e+47,,
spectrum,charint_2d,10000000.0,10410766.339360708,48323.89294316341,1.9454143841774183e+46,,
spectrum,charint_2d,10000000.0,10410766.339360708,82772.56138057221,3.078179595510388e+45,,
spectrum,charint_2d,10000000.0,10410766.339360708,141778.66269091374,4.619225409529106e+44,,
spectrum,charint_2d,10000000.0,10410766.339360708,242848.46160556178,6.42568815123032e+43,,
spectrum,charint_2d,10000000.0,10410766.339360708,415967.91918370675,7.886246660049919e+42,,
spectrum,charint_2d,10000000.0,10410766.339360708,712499.0977750547,8.814278481689284e+41,,
spectrum,charint_2d,10000000.0,10410766.339360708,1220418.548926769,9.952087955236217e+40,,
spectrum,charint_2d,10000000.0,10410766.339360708,2090418.6955683003,1.4185602196881304e+40,,
spectrum,charint_2d,10000000.0,10410766.339360708,3580616.114548818,2.4548304539330926e+39,,
spectrum,charint_2d,10000000.0,10410766.339360708,6133131.026309165,3.525280519495537e+38,,
spectrum,charint_2d,10000000.0,10410766.339360708,10505258.02892888,8.667075476545283e+37,,
spectrum,charint_2d,10000000.0,10410766.339360708,17994144.55373019,1.1175622655488858e+37,,
spectrum,charint_2d,10000000.0,10410766.339360708,30821635.920688704,9.558115841997964e+35,,
spectrum,charint_2d,10000000.0,10410766.339360708,52793465.006957546,2.706976566044688e+35,,
spectrum,charint_2d,10000000.0,10410766.339360708,90428358.65730262,7.489453976700239e+34,,
spectrum,charint_2d,10000000.0,10410766.339360708,154892050.52890712,1.2931115472036505e+34,,
spectrum,charint_2d,10000000.0,10410766.339360708,265309994.26817685,1.2707705004896478e+32,,
spectrum,charint_2d,10000000.0,10410766.339360708,454441611.5496091,2.794930174511123e+30,,
spectrum,charint_2d,10000000.0,10410766.339360708,778399543.0607728,1.8989188500568726e+29,,
spectrum,charint_2d,10000000.0,10410766.339360708,1333297464.9287286,4.1059089529727574e+27,,
spectrum,charint_2d,10000000.0,10410766.339360708,2283765639.1668644,3.2307729010378678e+25,,
budget,charint_2d,10000000.0,10410766.339360708,,,5.243330083697963e+55,1.0233078389261507e+52
