scenario,solver,band,nu_hz,t_obs_s,flux_density
ISM continuous jumps,fullhide_1d,10GHz,1.00000000e+10,1.00000000e-01,6.64363245e-32
ISM continuous jumps,fullhide_1d,10GHz,1.00000000e+10,1.21397719e-01,1.05430215e-31
ISM continuous jumps,fullhide_1d,10GHz,1.00000000e+10,1.47374062e-01,1.71349446e-31
ISM continuous jumps,fullhide_1d,10GHz,1.00000000e+10,1.78908749e-01,2.85147404e-31
ISM continuous jumps,fullhide_1d,10GHz,1.00000000e+10,2.17191140e-01,4.82425440e-31
ISM continuous jumps,fullhide_1d,10GHz,1.00000000e+10,2.63665090e-01,8.26386802e-31
ISM continuous jumps,fullhide_1d,10GHz,1.00000000e+10,3.20083405e-01,1.43064677e-30
ISM continuous jumps,fullhide_1d,10GHz,1.00000000e+10,3.88573952e-01,2.51396708e-30
ISM continuous jumps,fullhide_1d,10GHz,1.00000000e+10,4.71719914e-01,4.46727975e-30
ISM continuous jumps,fullhide_1d,10GHz,1.00000000e+10,5.72657215e-01,8.02423062e-30
ISM continuous jumps,fullhide_1d,10GHz,1.00000000e+10,6.95192796e-01,1.45169342e-29
ISM continuous jumps,fullhide_1d,10GHz,1.00000000e+10,8.43948197e-01,2.63479559e-29
ISM continuous jumps,fullhide_1d,10GHz,1.00000000e+10,1.02453386e+00,4.78147357e-29
ISM continuous jumps,fullhide_1d,10GHz,1.00000000e+10,1.24376073e+00,8.63928708e-29
ISM continuous jumps,fullhide_1d,10GHz,1.00000000e+10,1.50989716e+00,1.54561099e-28
ISM continuous jumps,fullhide_1d,10GHz,1.00000000e+10,1.83298071e+00,2.72206519e-28
ISM continuous jumps,fullhide_1d,10GHz,1.00000000e+10,2.22519677e+00,4.68356480e-28
ISM continuous jumps,fullhide_1d,10GHz,1.00000000e+10,2.70133812e+00,7.71448050e-28
ISM continuous jumps,fullhide_1d,10GHz,1.00000000e+10,3.27936286e+00,1.21053020e-27
ISM continuous jumps,fullhide_1d,10GHz,1.00000000e+10,3.98107171e+00,1.79109037e-27
ISM continuous jumps,fullhide_1d,10GHz,1.00000000e+10,4.83293024e+00,2.50120598e-27
ISM continuous jumps,fullhide_1d,10GHz,1.00000000e+10,5.86706707e+00,3.32570426e-27
ISM continuous jumps,fullhide_1d,10GHz,1.00000000e+10,7.12248558e+00,4.23964514e-27
ISM continuous jumps,fullhide_1d,10GHz,1.00000000e+10,8.64653503e+00,4.98965156e-27
ISM continuous jumps,fullhide_1d,10GHz,1.00000000e+10,1.04966963e+01,5.51316725e-27
ISM continuous jumps,fullhide_1d,10GHz,1.00000000e+10,1.27427499e+01,6.58703200e-27
ISM continuous jumps,fullhide_1d,10GHz,1.00000000e+10,1.54694077e+01,7.99611532e-27
ISM continuous jumps,fullhide_1d,10GHz,1.00000000e+10,1.87795080e+01,9.40162824e-27
ISM continuous jumps,fullhide_1d,10GHz,1.00000000e+10,2.27978944e+01,1.10917689e-26
ISM continuous jumps,fullhide_1d,10GHz,1.00000000e+10,2.76761237e+01,1.29935218e-26
ISM continuous jumps,fullhide_1d,10GHz,1.00000000e+10,3.35981829e+01,1.50964976e-26
ISM continuous jumps,fullhide_1d,10GHz,1.00000000e+10,4.07874276e+01,1.74305728e-26
ISM continuous jumps,fullhide_1d,10GHz,1.00000000e+10,4.95150067e+01,1.98223095e-26
ISM continuous jumps,fullhide_1d,10GHz,1.00000000e+10,6.01100886e+01,2.19233779e-26
ISM continuous jumps,fullhide_1d,10GHz,1.00000000e+10,7.29722764e+01,2.40898357e-26
ISM continuous jumps,fullhide_1d,10GHz,1.00000000e+10,8.85866790e+01,2.63388354e-26
ISM continuous jumps,fullhide_1d,10GHz,1.00000000e+10,1.07542208e+02,2.84094432e-26
ISM continuous jumps,fullhide_1d,10GHz,1.00000000e+10,1.30553787e+02,3.05529254e-26
ISM continuous jumps,fullhide_1d,10GHz,1.00000000e+10,1.58489319e+02,3.27406233e-26
ISM continuous jumps,fullhide_1d,10GHz,1.00000000e+10,1.92402418e+02,3.50583713e-26
ISM continuous jumps,fullhide_1d,10GHz,1.00000000e+10,2.33572147e+02,3.75576619e-26
ISM continuous jumps,fullhide_1d,10GHz,1.00000000e+10,2.83551258e+02,3.96767895e-26
ISM continuous jumps,fullhide_1d,10GHz,1.00000000e+10,3.44224760e+02,4.22300948e-26
ISM continuous jumps,fullhide_1d,10GHz,1.00000000e+10,4.17881006e+02,4.50463071e-26
ISM continuous jumps,fullhide_1d,10GHz,1.00000000e+10,5.07298009e+02,4.78143701e-26
ISM continuous jumps,fullhide_1d,10GHz,1.00000000e+10,6.15848211e+02,5.07355879e-26
ISM continuous jumps,fullhide_1d,10GHz,1.00000000e+10,7.47625680e+02,5.40052640e-26
ISM continuous jumps,fullhide_1d,10GHz,1.00000000e+10,9.07600522e+02,5.76921293e-26
ISM continuous jumps,fullhide_1d,10GHz,1.00000000e+10,1.10180633e+03,6.17160911e-26
ISM continuous jumps,fullhide_1d,10GHz,1.00000000e+10,1.33756775e+03,6.62789809e-26
ISM continuous jumps,fullhide_1d,10GHz,1.00000000e+10,1.62377674e+03,7.13611946e-26
ISM continuous jumps,fullhide_1d,10GHz,1.00000000e+10,1.97122792e+03,7.71054631e-26
ISM continuous jumps,fullhide_1d,10GHz,1.00000000e+10,2.39302573e+03,8.35916888e-26
ISM continuous jumps,fullhide_1d,10GHz,1.00000000e+10,2.90507865e+03,9.07287974e-26
ISM continuous jumps,fullhide_1d,10GHz,1.00000000e+10,3.52669921e+03,9.85608632e-26
ISM continuous jumps,fullhide_1d,10GHz,1.00000000e+10,4.28133240e+03,1.07173756e-25
ISM continuous jumps,fullhide_1d,10GHz,1.00000000e+10,5.19743987e+03,1.16356701e-25
ISM continuous jumps,fullhide_1d,10GHz,1.00000000e+10,6.30957344e+03,1.25636496e-25
ISM continuous jumps,fullhide_1d,10GHz,1.00000000e+10,7.65967823e+03,1.35429707e-25
ISM continuous jumps,fullhide_1d,10GHz,1.00000000e+10,9.29867465e+03,1.47358356e-25
ISM continuous jumps,fullhide_1d,10GHz,1.00000000e+10,1.12883789e+04,1.62532639e-25
ISM continuous jumps,fullhide_1d,10GHz,1.00000000e+10,1.37038345e+04,1.80441132e-25
ISM continuous jumps,fullhide_1d,10GHz,1.00000000e+10,1.66361425e+04,2.00452883e-25
ISM continuous jumps,fullhide_1d,10GHz,1.00000000e+10,2.01958975e+04,2.22979170e-25
ISM continuous jumps,fullhide_1d,10GHz,1.00000000e+10,2.45173589e+04,2.48787835e-25
ISM continuous jumps,fullhide_1d,10GHz,1.00000000e+10,2.97635144e+04,2.76989002e-25
ISM continuous jumps,fullhide_1d,10GHz,1.00000000e+10,3.61322276e+04,3.05241248e-25
ISM continuous jumps,fullhide_1d,10GHz,1.00000000e+10,4.38637001e+04,3.28149521e-25
ISM continuous jumps,fullhide_1d,10GHz,1.00000000e+10,5.32495313e+04,3.34901808e-25
ISM continuous jumps,fullhide_1d,10GHz,1.00000000e+10,6.46437163e+04,3.39931270e-25
ISM continuous jumps,fullhide_1d,10GHz,1.00000000e+10,7.84759970e+04,3.43186267e-25
ISM continuous jumps,fullhide_1d,10GHz,1.00000000e+10,9.52680703e+04,3.42705721e-25
ISM continuous jumps,fullhide_1d,10GHz,1.00000000e+10,1.15653264e+05,3.39108087e-25
ISM continuous jumps,fullhide_1d,10GHz,1.00000000e+10,1.40400425e+05,3.32103101e-25
ISM continuous jumps,fullhide_1d,10GHz,1.00000000e+10,1.70442913e+05,3.22930293e-25
ISM continuous jumps,fullhide_1d,10GHz,1.00000000e+10,2.06913808e+05,3.14206550e-25
ISM continuous jumps,fullhide_1d,10GHz,1.00000000e+10,2.51188643e+05,3.05225767e-25
ISM continuous jumps,fullhide_1d,10GHz,1.00000000e+10,3.04937283e+05,2.94391555e-25
ISM continuous jumps,fullhide_1d,10GHz,1.00000000e+10,3.70186906e+05,2.84382272e-25
ISM continuous jumps,fullhide_1d,10GHz,1.00000000e+10,4.49398459e+05,2.75806234e-25
ISM continuous jumps,fullhide_1d,10GHz,1.00000000e+10,5.45559478e+05,2.65757607e-25
ISM continuous jumps,fullhide_1d,10GHz,1.00000000e+10,6.62296762e+05,2.54669893e-25
ISM continuous jumps,fullhide_1d,10GHz,1.00000000e+10,8.04013161e+05,2.44818397e-25
ISM continuous jumps,fullhide_1d,10GHz,1.00000000e+10,9.76053637e+05,2.33990278e-25
ISM continuous jumps,fullhide_1d,10GHz,1.00000000e+10,1.18490685e+06,2.20640338e-25
ISM continuous jumps,fullhide_1d,10GHz,1.00000000e+10,1.43844989e+06,2.06716149e-25
ISM continuous jumps,fullhide_1d,10GHz,1.00000000e+10,1.74624535e+06,1.91365403e-25
ISM continuous jumps,fullhide_1d,10GHz,1.00000000e+10,2.11990202e+06,1.72608075e-25
ISM continuous jumps,fullhide_1d,10GHz,1.00000000e+10,2.57351270e+06,1.51556861e-25
ISM continuous jumps,fullhide_1d,10GHz,1.00000000e+10,3.12418571e+06,1.29907607e-25
ISM continuous jumps,fullhide_1d,10GHz,1.00000000e+10,3.79269019e+06,1.08002405e-25
ISM continuous jumps,fullhide_1d,10GHz,1.00000000e+10,4.60423938e+06,8.75541300e-26
ISM continuous jumps,fullhide_1d,10GHz,1.00000000e+10,5.58944158e+06,6.95041426e-26
ISM continuous jumps,fullhide_1d,10GHz,1.00000000e+10,6.78545457e+06,5.42851844e-26
ISM continuous jumps,fullhide_1d,10GHz,1.00000000e+10,8.23738707e+06,4.19116001e-26
ISM continuous jumps,fullhide_1d,10GHz,1.00000000e+10,1.00000000e+07,3.21007955e-26
ISM continuous jumps,fullhide_1d,Rband,4.60000000e+14,1.00000000e-01,2.37895154e-30
ISM continuous jumps,fullhide_1d,Rband,4.60000000e+14,1.21397719e-01,3.77494580e-30
ISM continuous jumps,fullhide_1d,Rband,4.60000000e+14,1.47374062e-01,6.13469129e-30
ISM continuous jumps,fullhide_1d,Rband,4.60000000e+14,1.78908749e-01,1.02080345e-29
ISM continuous jumps,fullhide_1d,Rband,4.60000000e+14,2.17191140e-01,1.72689488e-29
ISM continuous jumps,fullhide_1d,Rband,4.60000000e+14,2.63665090e-01,2.95790040e-29
ISM continuous jumps,fullhide_1d,Rband,4.60000000e+14,3.20083405e-01,5.12032794e-29
ISM continuous jumps,fullhide_1d,Rband,4.60000000e+14,3.88573952e-01,8.99686268e-29
ISM continuous jumps,fullhide_1d,Rband,4.60000000e+14,4.71719914e-01,1.59861284e-28
ISM continuous jumps,fullhide_1d,Rband,4.60000000e+14,5.72657215e-01,2.87127398e-28
ISM continuous jumps,fullhide_1d,Rband,4.60000000e+14,6.95192796e-01,5.19419344e-28
ISM continuous jumps,fullhide_1d,Rband,4.60000000e+14,8.43948197e-01,9.42675409e-28
ISM continuous jumps,fullhide_1d,Rband,4.60000000e+14,1.02453386e+00,1.71059773e-27
ISM continuous jumps,fullhide_1d,Rband,4.60000000e+14,1.24376073e+00,3.09052505e-27
ISM continuous jumps,fullhide_1d,Rband,4.60000000e+14,1.50989716e+00,5.52862583e-27
ISM continuous jumps,fullhide_1d,Rband,4.60000000e+14,1.83298071e+00,9.73568385e-27
ISM continuous jumps,fullhide_1d,Rband,4.60000000e+14,2.22519677e+00,1.67484100e-26
ISM continuous jumps,fullhide_1d,Rband,4.60000000e+14,2.70133812e+00,2.75800524e-26
ISM continuous jumps,fullhide_1d,Rband,4.60000000e+14,3.27936286e+00,4.32607965e-26
ISM continuous jumps,fullhide_1d,Rband,4.60000000e+14,3.98107171e+00,6.39757445e-26
ISM continuous jumps,fullhide_1d,Rband,4.60000000e+14,4.83293024e+00,8.92844230e-26
ISM continuous jumps,fullhide_1d,Rband,4.60000000e+14,5.86706707e+00,1.18623331e-25
ISM continuous jumps,fullhide_1d,Rband,4.60000000e+14,7.12248558e+00,1.51081963e-25
ISM continuous jumps,fullhide_1d,Rband,4.60000000e+14,8.64653503e+00,1.77584537e-25
ISM continuous jumps,fullhide_1d,Rband,4.60000000e+14,1.04966963e+01,1.96036833e-25
ISM continuous jumps,fullhide_1d,Rband,4.60000000e+14,1.27427499e+01,2.34157164e-25
ISM continuous jumps,fullhide_1d,Rband,4.60000000e+14,1.54694077e+01,2.84027934e-25
ISM continuous jumps,fullhide_1d,Rband,4.60000000e+14,1.87795080e+01,3.33502236e-25
ISM continuous jumps,fullhide_1d,Rband,4.60000000e+14,2.27978944e+01,3.92905043e-25
ISM continuous jumps,fullhide_1d,Rband,4.60000000e+14,2.76761237e+01,4.59555085e-25
ISM continuous jumps,fullhide_1d,Rband,4.60000000e+14,3.35981829e+01,5.32995865e-25
ISM continuous jumps,fullhide_1d,Rband,4.60000000e+14,4.07874276e+01,6.14246998e-25
ISM continuous jumps,fullhide_1d,Rband,4.60000000e+14,4.95150067e+01,6.96980397e-25
ISM continuous jumps,fullhide_1d,Rband,4.60000000e+14,6.01100886e+01,7.68697287e-25
ISM continuous jumps,fullhide_1d,Rband,4.60000000e+14,7.29722764e+01,8.41932782e-25
ISM continuous jumps,fullhide_1d,Rband,4.60000000e+14,8.85866790e+01,9.17111440e-25
ISM continuous jumps,fullhide_1d,Rband,4.60000000e+14,1.07542208e+02,9.84941037e-25
ISM continuous jumps,fullhide_1d,Rband,4.60000000e+14,1.30553787e+02,1.05425261e-24
ISM continuous jumps,fullhide_1d,Rband,4.60000000e+14,1.58489319e+02,1.12384684e-24
ISM continuous jumps,fullhide_1d,Rband,4.60000000e+14,1.92402418e+02,1.19638524e-24
ISM continuous jumps,fullhide_1d,Rband,4.60000000e+14,2.33572147e+02,1.27237011e-24
ISM continuous jumps,fullhide_1d,Rband,4.60000000e+14,2.83551258e+02,1.33103421e-24
ISM continuous jumps,fullhide_1d,Rband,4.60000000e+14,3.44224760e+02,1.40351025e-24
ISM continuous jumps,fullhide_1d,Rband,4.60000000e+14,4.17881006e+02,1.48310695e-24
ISM continuous jumps,fullhide_1d,Rband,4.60000000e+14,5.07298009e+02,1.55767224e-24
ISM continuous jumps,fullhide_1d,Rband,4.60000000e+14,6.15848211e+02,1.63327615e-24
ISM continuous jumps,fullhide_1d,Rband,4.60000000e+14,7.47625680e+02,1.71487976e-24
ISM continuous jumps,fullhide_1d,Rband,4.60000000e+14,9.07600522e+02,1.80169912e-24
ISM continuous jumps,fullhide_1d,Rband,4.60000000e+14,1.10180633e+03,1.88993444e-24
ISM continuous jumps,fullhide_1d,Rband,4.60000000e+14,1.33756775e+03,1.98422815e-24
ISM continuous jumps,fullhide_1d,Rband,4.60000000e+14,1.62377674e+03,2.07952793e-24
ISM continuous jumps,fullhide_1d,Rband,4.60000000e+14,1.97122792e+03,2.17558350e-24
ISM continuous jumps,fullhide_1d,Rband,4.60000000e+14,2.39302573e+03,2.26812296e-24
ISM continuous jumps,fullhide_1d,Rband,4.60000000e+14,2.90507865e+03,2.34332398e-24
ISM continuous jumps,fullhide_1d,Rband,4.60000000e+14,3.52669921e+03,2.40000662e-24
ISM continuous jumps,fullhide_1d,Rband,4.60000000e+14,4.28133240e+03,2.43296409e-24
ISM continuous jumps,fullhide_1d,Rband,4.60000000e+14,5.19743987e+03,2.43406548e-24
ISM continuous jumps,fullhide_1d,Rband,4.60000000e+14,6.30957344e+03,2.40163782e-24
ISM continuous jumps,fullhide_1d,Rband,4.60000000e+14,7.65967823e+03,2.33920428e-24
ISM continuous jumps,fullhide_1d,Rband,4.60000000e+14,9.29867465e+03,2.24065103e-24
ISM continuous jumps,fullhide_1d,Rband,4.60000000e+14,1.12883789e+04,2.10572212e-24
ISM continuous jumps,fullhide_1d,Rband,4.60000000e+14,1.37038345e+04,1.93519732e-24
ISM continuous jumps,fullhide_1d,Rband,4.60000000e+14,1.66361425e+04,1.74056322e-24
ISM continuous jumps,fullhide_1d,Rband,4.60000000e+14,2.01958975e+04,1.53613612e-24
ISM continuous jumps,fullhide_1d,Rband,4.60000000e+14,2.45173589e+04,1.32508390e-24
ISM continuous jumps,fullhide_1d,Rband,4.60000000e+14,2.97635144e+04,1.10157169e-24
ISM continuous jumps,fullhide_1d,Rband,4.60000000e+14,3.61322276e+04,8.72403255e-25
ISM continuous jumps,fullhide_1d,Rband,4.60000000e+14,4.38637001e+04,6.24926930e-25
ISM continuous jumps,fullhide_1d,Rband,4.60000000e+14,5.32495313e+04,3.81813471e-25
ISM continuous jumps,fullhide_1d,Rband,4.60000000e+14,6.46437163e+04,2.71076951e-25
ISM continuous jumps,fullhide_1d,Rband,4.60000000e+14,7.84759970e+04,1.96016941e-25
ISM continuous jumps,fullhide_1d,Rband,4.60000000e+14,9.52680703e+04,1.37798466e-25
ISM continuous jumps,fullhide_1d,Rband,4.60000000e+14,1.15653264e+05,9.48429934e-26
ISM continuous jumps,fullhide_1d,Rband,4.60000000e+14,1.40400425e+05,6.44498941e-26
ISM continuous jumps,fullhide_1d,Rband,4.60000000e+14,1.70442913e+05,4.35338397e-26
ISM continuous jumps,fullhide_1d,Rband,4.60000000e+14,2.06913808e+05,2.93549233e-26
ISM continuous jumps,fullhide_1d,Rband,4.60000000e+14,2.51188643e+05,1.98099996e-26
ISM continuous jumps,fullhide_1d,Rband,4.60000000e+14,3.04937283e+05,1.34035672e-26
ISM continuous jumps,fullhide_1d,Rband,4.60000000e+14,3.70186906e+05,9.10213974e-27
ISM continuous jumps,fullhide_1d,Rband,4.60000000e+14,4.49398459e+05,6.19636965e-27
ISM continuous jumps,fullhide_1d,Rband,4.60000000e+14,5.45559478e+05,4.23853796e-27
ISM continuous jumps,fullhide_1d,Rband,4.60000000e+14,6.62296762e+05,2.91512717e-27
ISM continuous jumps,fullhide_1d,Rband,4.60000000e+14,8.04013161e+05,2.01183688e-27
ISM continuous jumps,fullhide_1d,Rband,4.60000000e+14,9.76053637e+05,1.39424295e-27
ISM continuous jumps,fullhide_1d,Rband,4.60000000e+14,1.18490685e+06,9.71242858e-28
ISM continuous jumps,fullhide_1d,Rband,4.60000000e+14,1.43844989e+06,6.79984929e-28
ISM continuous jumps,fullhide_1d,Rband,4.60000000e+14,1.74624535e+06,4.77374153e-28
ISM continuous jumps,fullhide_1d,Rband,4.60000000e+14,2.11990202e+06,3.35973438e-28
ISM continuous jumps,fullhide_1d,Rband,4.60000000e+14,2.57351270e+06,2.37056561e-28
ISM continuous jumps,fullhide_1d,Rband,4.60000000e+14,3.12418571e+06,1.67963028e-28
ISM continuous jumps,fullhide_1d,Rband,4.60000000e+14,3.79269019e+06,1.19782475e-28
ISM continuous jumps,fullhide_1d,Rband,4.60000000e+14,4.60423938e+06,8.60077781e-29
ISM continuous jumps,fullhide_1d,Rband,4.60000000e+14,5.58944158e+06,6.19515533e-29
ISM continuous jumps,fullhide_1d,Rband,4.60000000e+14,6.78545457e+06,4.47206048e-29
ISM continuous jumps,fullhide_1d,Rband,4.60000000e+14,8.23738707e+06,3.23632799e-29
ISM continuous jumps,fullhide_1d,Rband,4.60000000e+14,1.00000000e+07,2.34833498e-29
ISM continuous jumps,fullhide_1d,1keV,2.41798900e+17,1.00000000e-01,1.83460489e-29
ISM continuous jumps,fullhide_1d,1keV,2.41798900e+17,1.21397719e-01,2.90270270e-29
ISM continuous jumps,fullhide_1d,1keV,2.41798900e+17,1.47374062e-01,4.70682630e-29
ISM continuous jumps,fullhide_1d,1keV,2.41798900e+17,1.78908749e-01,7.81890935e-29
ISM continuous jumps,fullhide_1d,1keV,2.41798900e+17,2.17191140e-01,1.32096728e-28
ISM continuous jumps,fullhide_1d,1keV,2.41798900e+17,2.63665090e-01,2.25984109e-28
ISM continuous jumps,fullhide_1d,1keV,2.41798900e+17,3.20083405e-01,3.90665378e-28
ISM continuous jumps,fullhide_1d,1keV,2.41798900e+17,3.88573952e-01,6.85247477e-28
ISM continuous jumps,fullhide_1d,1keV,2.41798900e+17,4.71719914e-01,1.21480572e-27
ISM continuous jumps,fullhide_1d,1keV,2.41798900e+17,5.72657215e-01,2.17529227e-27
ISM continuous jumps,fullhide_1d,1keV,2.41798900e+17,6.95192796e-01,3.91959302e-27
ISM continuous jumps,fullhide_1d,1keV,2.41798900e+17,8.43948197e-01,7.07782662e-27
ISM continuous jumps,fullhide_1d,1keV,2.41798900e+17,1.02453386e+00,1.27628113e-26
ISM continuous jumps,fullhide_1d,1keV,2.41798900e+17,1.24376073e+00,2.28783677e-26
ISM continuous jumps,fullhide_1d,1keV,2.41798900e+17,1.50989716e+00,4.05311878e-26
ISM continuous jumps,fullhide_1d,1keV,2.41798900e+17,1.83298071e+00,7.05133766e-26
ISM continuous jumps,fullhide_1d,1keV,2.41798900e+17,2.22519677e+00,1.19452583e-25
ISM continuous jumps,fullhide_1d,1keV,2.41798900e+17,2.70133812e+00,1.93109918e-25
ISM continuous jumps,fullhide_1d,1keV,2.41798900e+17,3.27936286e+00,2.96271480e-25
ISM continuous jumps,fullhide_1d,1keV,2.41798900e+17,3.98107171e+00,4.27304880e-25
ISM continuous jumps,fullhide_1d,1keV,2.41798900e+17,4.83293024e+00,5.79795142e-25
ISM continuous jumps,fullhide_1d,1keV,2.41798900e+17,5.86706707e+00,7.47261452e-25
ISM continuous jumps,fullhide_1d,1keV,2.41798900e+17,7.12248558e+00,9.21874516e-25
ISM continuous jumps,fullhide_1d,1keV,2.41798900e+17,8.64653503e+00,1.04672098e-24
ISM continuous jumps,fullhide_1d,1keV,2.41798900e+17,1.04966963e+01,1.12694753e-24
ISM continuous jumps,fullhide_1d,1keV,2.41798900e+17,1.27427499e+01,1.31919921e-24
ISM continuous jumps,fullhide_1d,1keV,2.41798900e+17,1.54694077e+01,1.53278304e-24
ISM continuous jumps,fullhide_1d,1keV,2.41798900e+17,1.87795080e+01,1.69416731e-24
ISM continuous jumps,fullhide_1d,1keV,2.41798900e+17,2.27978944e+01,1.87356203e-24
ISM continuous jumps,fullhide_1d,1keV,2.41798900e+17,2.76761237e+01,2.04343470e-24
ISM continuous jumps,fullhide_1d,1keV,2.41798900e+17,3.35981829e+01,2.19664472e-24
ISM continuous jumps,fullhide_1d,1keV,2.41798900e+17,4.07874276e+01,2.34761692e-24
ISM continuous jumps,fullhide_1d,1keV,2.41798900e+17,4.95150067e+01,2.45556180e-24
ISM continuous jumps,fullhide_1d,1keV,2.41798900e+17,6.01100886e+01,2.46184894e-24
ISM continuous jumps,fullhide_1d,1keV,2.41798900e+17,7.29722764e+01,2.44891646e-24
ISM continuous jumps,fullhide_1d,1keV,2.41798900e+17,8.85866790e+01,2.39800927e-24
ISM continuous jumps,fullhide_1d,1keV,2.41798900e+17,1.07542208e+02,2.28689225e-24
ISM continuous jumps,fullhide_1d,1keV,2.41798900e+17,1.30553787e+02,2.13997854e-24
ISM continuous jumps,fullhide_1d,1keV,2.41798900e+17,1.58489319e+02,1.96841158e-24
ISM continuous jumps,fullhide_1d,1keV,2.41798900e+17,1.92402418e+02,1.78285136e-24
ISM continuous jumps,fullhide_1d,1keV,2.41798900e+17,2.33572147e+02,1.57750101e-24
ISM continuous jumps,fullhide_1d,1keV,2.41798900e+17,2.83551258e+02,1.34833148e-24
ISM continuous jumps,fullhide_1d,1keV,2.41798900e+17,3.44224760e+02,1.15379072e-24
ISM continuous jumps,fullhide_1d,1keV,2.41798900e+17,4.17881006e+02,9.84549893e-25
ISM continuous jumps,fullhide_1d,1keV,2.41798900e+17,5.07298009e+02,8.26125594e-25
ISM continuous jumps,fullhide_1d,1keV,2.41798900e+17,6.15848211e+02,6.84186397e-25
ISM continuous jumps,fullhide_1d,1keV,2.41798900e+17,7.47625680e+02,5.63701669e-25
ISM continuous jumps,fullhide_1d,1keV,2.41798900e+17,9.07600522e+02,4.62282642e-25
ISM continuous jumps,fullhide_1d,1keV,2.41798900e+17,1.10180633e+03,3.75796951e-25
ISM continuous jumps,fullhide_1d,1keV,2.41798900e+17,1.33756775e+03,3.06207514e-25
ISM continuous jumps,fullhide_1d,1keV,2.41798900e+17,1.62377674e+03,2.48525538e-25
ISM continuous jumps,fullhide_1d,1keV,2.41798900e+17,1.97122792e+03,2.01371409e-25
ISM continuous jumps,fullhide_1d,1keV,2.41798900e+17,2.39302573e+03,1.63481113e-25
ISM continuous jumps,fullhide_1d,1keV,2.41798900e+17,2.90507865e+03,1.32415516e-25
ISM continuous jumps,fullhide_1d,1keV,2.41798900e+17,3.52669921e+03,1.07114144e-25
ISM continuous jumps,fullhide_1d,1keV,2.41798900e+17,4.28133240e+03,8.65393779e-26
ISM continuous jumps,fullhide_1d,1keV,2.41798900e+17,5.19743987e+03,6.97242956e-26
ISM continuous jumps,fullhide_1d,1keV,2.41798900e+17,6.30957344e+03,5.61421375e-26
ISM continuous jumps,fullhide_1d,1keV,2.41798900e+17,7.65967823e+03,4.53714917e-26
ISM continuous jumps,fullhide_1d,1keV,2.41798900e+17,9.29867465e+03,3.66650191e-26
ISM continuous jumps,fullhide_1d,1keV,2.41798900e+17,1.12883789e+04,2.94736761e-26
ISM continuous jumps,fullhide_1d,1keV,2.41798900e+17,1.37038345e+04,2.34561916e-26
ISM continuous jumps,fullhide_1d,1keV,2.41798900e+17,1.66361425e+04,1.85039425e-26
ISM continuous jumps,fullhide_1d,1keV,2.41798900e+17,2.01958975e+04,1.43832697e-26
ISM continuous jumps,fullhide_1d,1keV,2.41798900e+17,2.45173589e+04,1.09686958e-26
ISM continuous jumps,fullhide_1d,1keV,2.41798900e+17,2.97635144e+04,8.13918275e-27
ISM continuous jumps,fullhide_1d,1keV,2.41798900e+17,3.61322276e+04,5.83306304e-27
ISM continuous jumps,fullhide_1d,1keV,2.41798900e+17,4.38637001e+04,3.72838691e-27
ISM continuous jumps,fullhide_1d,1keV,2.41798900e+17,5.32495313e+04,1.96210416e-27
ISM continuous jumps,fullhide_1d,1keV,2.41798900e+17,6.46437163e+04,1.35051454e-27
ISM continuous jumps,fullhide_1d,1keV,2.41798900e+17,7.84759970e+04,9.77649326e-28
ISM continuous jumps,fullhide_1d,1keV,2.41798900e+17,9.52680703e+04,6.93050615e-28
ISM continuous jumps,fullhide_1d,1keV,2.41798900e+17,1.15653264e+05,4.80788518e-28
ISM continuous jumps,fullhide_1d,1keV,2.41798900e+17,1.40400425e+05,3.27470050e-28
ISM continuous jumps,fullhide_1d,1keV,2.41798900e+17,1.70442913e+05,2.20074047e-28
ISM continuous jumps,fullhide_1d,1keV,2.41798900e+17,2.06913808e+05,1.46555744e-28
ISM continuous jumps,fullhide_1d,1keV,2.41798900e+17,2.51188643e+05,9.72040383e-29
ISM continuous jumps,fullhide_1d,1keV,2.41798900e+17,3.04937283e+05,6.44101727e-29
ISM continuous jumps,fullhide_1d,1keV,2.41798900e+17,3.70186906e+05,4.27466114e-29
ISM continuous jumps,fullhide_1d,1keV,2.41798900e+17,4.49398459e+05,2.83976959e-29
ISM continuous jumps,fullhide_1d,1keV,2.41798900e+17,5.45559478e+05,1.89299772e-29
ISM continuous jumps,fullhide_1d,1keV,2.41798900e+17,6.62296762e+05,1.26600069e-29
ISM continuous jumps,fullhide_1d,1keV,2.41798900e+17,8.04013161e+05,8.48842793e-30
ISM continuous jumps,fullhide_1d,1keV,2.41798900e+17,9.76053637e+05,5.71203681e-30
ISM continuous jumps,fullhide_1d,1keV,2.41798900e+17,1.18490685e+06,3.86234373e-30
ISM continuous jumps,fullhide_1d,1keV,2.41798900e+17,1.43844989e+06,2.62605231e-30
ISM continuous jumps,fullhide_1d,1keV,2.41798900e+17,1.74624535e+06,1.79000639e-30
ISM continuous jumps,fullhide_1d,1keV,2.41798900e+17,2.11990202e+06,1.22264594e-30
ISM continuous jumps,fullhide_1d,1keV,2.41798900e+17,2.57351270e+06,8.36181305e-31
ISM continuous jumps,fullhide_1d,1keV,2.41798900e+17,3.12418571e+06,5.73993165e-31
ISM continuous jumps,fullhide_1d,1keV,2.41798900e+17,3.79269019e+06,3.96571871e-31
ISM continuous jumps,fullhide_1d,1keV,2.41798900e+17,4.60423938e+06,2.75879457e-31
ISM continuous jumps,fullhide_1d,1keV,2.41798900e+17,5.58944158e+06,1.92449990e-31
ISM continuous jumps,fullhide_1d,1keV,2.41798900e+17,6.78545457e+06,1.34568479e-31
ISM continuous jumps,fullhide_1d,1keV,2.41798900e+17,8.23738707e+06,9.43120909e-32
ISM continuous jumps,fullhide_1d,1keV,2.41798900e+17,1.00000000e+07,6.62457099e-32
ISM continuous jumps,fullhide_1d,100MeV,2.41798900e+22,1.00000000e-01,9.03449497e-31
ISM continuous jumps,fullhide_1d,100MeV,2.41798900e+22,1.21397719e-01,1.36631219e-30
ISM continuous jumps,fullhide_1d,100MeV,2.41798900e+22,1.47374062e-01,2.08130440e-30
ISM continuous jumps,fullhide_1d,100MeV,2.41798900e+22,1.78908749e-01,3.18694950e-30
ISM continuous jumps,fullhide_1d,100MeV,2.41798900e+22,2.17191140e-01,4.88255970e-30
ISM continuous jumps,fullhide_1d,100MeV,2.41798900e+22,2.63665090e-01,7.46701638e-30
ISM continuous jumps,fullhide_1d,100MeV,2.41798900e+22,3.20083405e-01,1.13883086e-29
ISM continuous jumps,fullhide_1d,100MeV,2.41798900e+22,3.88573952e-01,1.73510366e-29
ISM continuous jumps,fullhide_1d,100MeV,2.41798900e+22,4.71719914e-01,2.63556724e-29
ISM continuous jumps,fullhide_1d,100MeV,2.41798900e+22,5.72657215e-01,3.98834822e-29
ISM continuous jumps,fullhide_1d,100MeV,2.41798900e+22,6.95192796e-01,5.99960732e-29
ISM continuous jumps,fullhide_1d,100MeV,2.41798900e+22,8.43948197e-01,8.94749741e-29
ISM continuous jumps,fullhide_1d,100MeV,2.41798900e+22,1.02453386e+00,1.31833251e-28
ISM continuous jumps,fullhide_1d,100MeV,2.41798900e+22,1.24376073e+00,1.90890619e-28
ISM continuous jumps,fullhide_1d,100MeV,2.41798900e+22,1.50989716e+00,2.69481454e-28
ISM continuous jumps,fullhide_1d,100MeV,2.41798900e+22,1.83298071e+00,3.66874154e-28
ISM continuous jumps,fullhide_1d,100MeV,2.41798900e+22,2.22519677e+00,4.74427943e-28
ISM continuous jumps,fullhide_1d,100MeV,2.41798900e+22,2.70133812e+00,5.74549418e-28
ISM continuous jumps,fullhide_1d,100MeV,2.41798900e+22,3.27936286e+00,6.46130942e-28
ISM continuous jumps,fullhide_1d,100MeV,2.41798900e+22,3.98107171e+00,6.76254197e-28
ISM continuous jumps,fullhide_1d,100MeV,2.41798900e+22,4.83293024e+00,6.64382414e-28
ISM continuous jumps,fullhide_1d,100MeV,2.41798900e+22,5.86706707e+00,6.19044671e-28
ISM continuous jumps,fullhide_1d,100MeV,2.41798900e+22,7.12248558e+00,5.53458327e-28
ISM continuous jumps,fullhide_1d,100MeV,2.41798900e+22,8.64653503e+00,4.59817852e-28
ISM continuous jumps,fullhide_1d,100MeV,2.41798900e+22,1.04966963e+01,3.87549150e-28
ISM continuous jumps,fullhide_1d,100MeV,2.41798900e+22,1.27427499e+01,3.39471631e-28
ISM continuous jumps,fullhide_1d,100MeV,2.41798900e+22,1.54694077e+01,2.77019048e-28
ISM continuous jumps,fullhide_1d,100MeV,2.41798900e+22,1.87795080e+01,2.27785541e-28
ISM continuous jumps,fullhide_1d,100MeV,2.41798900e+22,2.27978944e+01,1.87001900e-28
ISM continuous jumps,fullhide_1d,100MeV,2.41798900e+22,2.76761237e+01,1.50964657e-28
ISM continuous jumps,fullhide_1d,100MeV,2.41798900e+22,3.35981829e+01,1.18008974e-28
ISM continuous jumps,fullhide_1d,100MeV,2.41798900e+22,4.07874276e+01,8.96836000e-29
ISM continuous jumps,fullhide_1d,100MeV,2.41798900e+22,4.95150067e+01,6.30649425e-29
ISM continuous jumps,fullhide_1d,100MeV,2.41798900e+22,6.01100886e+01,5.25440723e-29
ISM continuous jumps,fullhide_1d,100MeV,2.41798900e+22,7.29722764e+01,5.30474262e-29
ISM continuous jumps,fullhide_1d,100MeV,2.41798900e+22,8.85866790e+01,3.34908280e-29
ISM continuous jumps,fullhide_1d,100MeV,2.41798900e+22,1.07542208e+02,3.17171041e-29
ISM continuous jumps,fullhide_1d,100MeV,2.41798900e+22,1.30553787e+02,2.46544273e-29
ISM continuous jumps,fullhide_1d,100MeV,2.41798900e+22,1.58489319e+02,1.89902551e-29
ISM continuous jumps,fullhide_1d,100MeV,2.41798900e+22,1.92402418e+02,1.53148397e-29
ISM continuous jumps,fullhide_1d,100MeV,2.41798900e+22,2.33572147e+02,1.18414324e-29
ISM continuous jumps,fullhide_1d,100MeV,2.41798900e+22,2.83551258e+02,9.01573355e-30
ISM continuous jumps,fullhide_1d,100MeV,2.41798900e+22,3.44224760e+02,7.10512451e-30
ISM continuous jumps,fullhide_1d,100MeV,2.41798900e+22,4.17881006e+02,5.68693913e-30
ISM continuous jumps,fullhide_1d,100MeV,2.41798900e+22,5.07298009e+02,4.51583151e-30
ISM continuous jumps,fullhide_1d,100MeV,2.41798900e+22,6.15848211e+02,3.53945573e-30
ISM continuous jumps,fullhide_1d,100MeV,2.41798900e+22,7.47625680e+02,2.77965487e-30
ISM continuous jumps,fullhide_1d,100MeV,2.41798900e+22,9.07600522e+02,2.18201994e-30
ISM continuous jumps,fullhide_1d,100MeV,2.41798900e+22,1.10180633e+03,1.70034754e-30
ISM continuous jumps,fullhide_1d,100MeV,2.41798900e+22,1.33756775e+03,1.33177293e-30
ISM continuous jumps,fullhide_1d,100MeV,2.41798900e+22,1.62377674e+03,1.04015632e-30
ISM continuous jumps,fullhide_1d,100MeV,2.41798900e+22,1.97122792e+03,8.11531918e-31
ISM continuous jumps,fullhide_1d,100MeV,2.41798900e+22,2.39302573e+03,6.35103584e-31
ISM continuous jumps,fullhide_1d,100MeV,2.41798900e+22,2.90507865e+03,4.95869771e-31
ISM continuous jumps,fullhide_1d,100MeV,2.41798900e+22,3.52669921e+03,3.86992783e-31
ISM continuous jumps,fullhide_1d,100MeV,2.41798900e+22,4.28133240e+03,3.02093494e-31
ISM continuous jumps,fullhide_1d,100MeV,2.41798900e+22,5.19743987e+03,2.35449199e-31
ISM continuous jumps,fullhide_1d,100MeV,2.41798900e+22,6.30957344e+03,1.83667146e-31
ISM continuous jumps,fullhide_1d,100MeV,2.41798900e+22,7.65967823e+03,1.43738623e-31
ISM continuous jumps,fullhide_1d,100MeV,2.41798900e+22,9.29867465e+03,1.12082909e-31
ISM continuous jumps,fullhide_1d,100MeV,2.41798900e+22,1.12883789e+04,8.66647979e-32
ISM continuous jumps,fullhide_1d,100MeV,2.41798900e+22,1.37038345e+04,6.63173595e-32
ISM continuous jumps,fullhide_1d,100MeV,2.41798900e+22,1.66361425e+04,5.03513464e-32
ISM continuous jumps,fullhide_1d,100MeV,2.41798900e+22,2.01958975e+04,3.77417338e-32
ISM continuous jumps,fullhide_1d,100MeV,2.41798900e+22,2.45173589e+04,2.78635157e-32
ISM continuous jumps,fullhide_1d,100MeV,2.41798900e+22,2.97635144e+04,2.00488452e-32
ISM continuous jumps,fullhide_1d,100MeV,2.41798900e+22,3.61322276e+04,1.39203448e-32
ISM continuous jumps,fullhide_1d,100MeV,2.41798900e+22,4.38637001e+04,8.48753715e-33
ISM continuous jumps,fullhide_1d,100MeV,2.41798900e+22,5.32495313e+04,4.51989725e-33
ISM continuous jumps,fullhide_1d,100MeV,2.41798900e+22,6.46437163e+04,3.26332582e-33
ISM continuous jumps,fullhide_1d,100MeV,2.41798900e+22,7.84759970e+04,2.38877081e-33
ISM continuous jumps,fullhide_1d,100MeV,2.41798900e+22,9.52680703e+04,1.67298684e-33
ISM continuous jumps,fullhide_1d,100MeV,2.41798900e+22,1.15653264e+05,1.13242671e-33
ISM continuous jumps,fullhide_1d,100MeV,2.41798900e+22,1.40400425e+05,7.48906703e-34
ISM continuous jumps,fullhide_1d,100MeV,2.41798900e+22,1.70442913e+05,4.88099993e-34
ISM continuous jumps,fullhide_1d,100MeV,2.41798900e+22,2.06913808e+05,3.15189063e-34
ISM continuous jumps,fullhide_1d,100MeV,2.41798900e+22,2.51188643e+05,2.02981880e-34
ISM continuous jumps,fullhide_1d,100MeV,2.41798900e+22,3.04937283e+05,1.30769596e-34
ISM continuous jumps,fullhide_1d,100MeV,2.41798900e+22,3.70186906e+05,8.44807719e-35
ISM continuous jumps,fullhide_1d,100MeV,2.41798900e+22,4.49398459e+05,5.46797164e-35
ISM continuous jumps,fullhide_1d,100MeV,2.41798900e+22,5.45559478e+05,3.55426396e-35
ISM continuous jumps,fullhide_1d,100MeV,2.41798900e+22,6.62296762e+05,2.31459446e-35
ISM continuous jumps,fullhide_1d,100MeV,2.41798900e+22,8.04013161e+05,1.51166262e-35
ISM continuous jumps,fullhide_1d,100MeV,2.41798900e+22,9.76053637e+05,9.91334241e-36
ISM continuous jumps,fullhide_1d,100MeV,2.41798900e+22,1.18490685e+06,6.53607438e-36
ISM continuous jumps,fullhide_1d,100MeV,2.41798900e+22,1.43844989e+06,4.33569593e-36
ISM continuous jumps,fullhide_1d,100MeV,2.41798900e+22,1.74624535e+06,2.88437364e-36
ISM continuous jumps,fullhide_1d,100MeV,2.41798900e+22,2.11990202e+06,1.92340892e-36
ISM continuous jumps,fullhide_1d,100MeV,2.41798900e+22,2.57351270e+06,1.28124462e-36
ISM continuous jumps,fullhide_1d,100MeV,2.41798900e+22,3.12418571e+06,8.56618761e-37
ISM continuous jumps,fullhide_1d,100MeV,2.41798900e+22,3.79269019e+06,5.76947493e-37
ISM continuous jumps,fullhide_1d,100MeV,2.41798900e+22,4.60423938e+06,3.91554353e-37
ISM continuous jumps,fullhide_1d,100MeV,2.41798900e+22,5.58944158e+06,2.66604476e-37
ISM continuous jumps,fullhide_1d,100MeV,2.41798900e+22,6.78545457e+06,1.82062806e-37
ISM continuous jumps,fullhide_1d,100MeV,2.41798900e+22,8.23738707e+06,1.24701037e-37
ISM continuous jumps,fullhide_1d,100MeV,2.41798900e+22,1.00000000e+07,8.56615861e-38
ISM continuous jumps,dg_1d,10GHz,1.00000000e+10,1.00000000e-01,6.83230206e-32
ISM continuous jumps,dg_1d,10GHz,1.00000000e+10,1.21397719e-01,1.05611021e-31
ISM continuous jumps,dg_1d,10GHz,1.00000000e+10,1.47374062e-01,1.68462658e-31
ISM continuous jumps,dg_1d,10GHz,1.00000000e+10,1.78908749e-01,2.76324723e-31
ISM continuous jumps,dg_1d,10GHz,1.00000000e+10,2.17191140e-01,4.60871597e-31
ISM continuous jumps,dg_1d,10GHz,1.00000000e+10,2.63665090e-01,7.78979347e-31
ISM continuous jumps,dg_1d,10GHz,1.00000000e+10,3.20083405e-01,1.33873354e-30
ISM continuous jumps,dg_1d,10GHz,1.00000000e+10,3.88573952e-01,2.33310551e-30
ISM continuous jumps,dg_1d,10GHz,1.00000000e+10,4.71719914e-01,4.11594726e-30
ISM continuous jumps,dg_1d,10GHz,1.00000000e+10,5.72657215e-01,7.34073249e-30
ISM continuous jumps,dg_1d,10GHz,1.00000000e+10,6.95192796e-01,1.31845293e-29
ISM continuous jumps,dg_1d,10GHz,1.00000000e+10,8.43948197e-01,2.37769791e-29
ISM continuous jumps,dg_1d,10GHz,1.00000000e+10,1.02453386e+00,4.28171520e-29
ISM continuous jumps,dg_1d,10GHz,1.00000000e+10,1.24376073e+00,7.70783285e-29
ISM continuous jumps,dg_1d,10GHz,1.00000000e+10,1.50989716e+00,1.37039789e-28
ISM continuous jumps,dg_1d,10GHz,1.00000000e+10,1.83298071e+00,2.39962829e-28
ISM continuous jumps,dg_1d,10GHz,1.00000000e+10,2.22519677e+00,4.11482754e-28
ISM continuous jumps,dg_1d,10GHz,1.00000000e+10,2.70133812e+00,6.75234499e-28
ISM continuous jumps,dg_1d,10GHz,1.00000000e+10,3.27936286e+00,1.05717813e-27
ISM continuous jumps,dg_1d,10GHz,1.00000000e+10,3.98107171e+00,1.56680448e-27
ISM continuous jumps,dg_1d,10GHz,1.00000000e+10,4.83293024e+00,2.19734589e-27
ISM continuous jumps,dg_1d,10GHz,1.00000000e+10,5.86706707e+00,2.93252516e-27
ISM continuous jumps,dg_1d,10GHz,1.00000000e+10,7.12248558e+00,3.75696629e-27
ISM continuous jumps,dg_1d,10GHz,1.00000000e+10,8.64653503e+00,4.44484075e-27
ISM continuous jumps,dg_1d,10GHz,1.00000000e+10,1.04966963e+01,5.24209097e-27
ISM continuous jumps,dg_1d,10GHz,1.00000000e+10,1.27427499e+01,6.71915194e-27
ISM continuous jumps,dg_1d,10GHz,1.00000000e+10,1.54694077e+01,8.25195061e-27
ISM continuous jumps,dg_1d,10GHz,1.00000000e+10,1.87795080e+01,9.67007465e-27
ISM continuous jumps,dg_1d,10GHz,1.00000000e+10,2.27978944e+01,1.13142939e-26
ISM continuous jumps,dg_1d,10GHz,1.00000000e+10,2.76761237e+01,1.31186710e-26
ISM continuous jumps,dg_1d,10GHz,1.00000000e+10,3.35981829e+01,1.50686412e-26
ISM continuous jumps,dg_1d,10GHz,1.00000000e+10,4.07874276e+01,1.72202561e-26
ISM continuous jumps,dg_1d,10GHz,1.00000000e+10,4.95150067e+01,1.93386069e-26
ISM continuous jumps,dg_1d,10GHz,1.00000000e+10,6.01100886e+01,2.13394285e-26
ISM continuous jumps,dg_1d,10GHz,1.00000000e+10,7.29722764e+01,2.36153268e-26
ISM continuous jumps,dg_1d,10GHz,1.00000000e+10,8.85866790e+01,2.56477126e-26
ISM continuous jumps,dg_1d,10GHz,1.00000000e+10,1.07542208e+02,2.78323896e-26
ISM continuous jumps,dg_1d,10GHz,1.00000000e+10,1.30553787e+02,2.98454609e-26
ISM continuous jumps,dg_1d,10GHz,1.00000000e+10,1.58489319e+02,3.19463598e-26
ISM continuous jumps,dg_1d,10GHz,1.00000000e+10,1.92402418e+02,3.41573384e-26
ISM continuous jumps,dg_1d,10GHz,1.00000000e+10,2.33572147e+02,3.65407432e-26
ISM continuous jumps,dg_1d,10GHz,1.00000000e+10,2.83551258e+02,3.87578343e-26
ISM continuous jumps,dg_1d,10GHz,1.00000000e+10,3.44224760e+02,4.13011537e-26
ISM continuous jumps,dg_1d,10GHz,1.00000000e+10,4.17881006e+02,4.40948111e-26
ISM continuous jumps,dg_1d,10GHz,1.00000000e+10,5.07298009e+02,4.67828962e-26
ISM continuous jumps,dg_1d,10GHz,1.00000000e+10,6.15848211e+02,4.94948986e-26
ISM continuous jumps,dg_1d,10GHz,1.00000000e+10,7.47625680e+02,5.32121391e-26
ISM continuous jumps,dg_1d,10GHz,1.00000000e+10,9.07600522e+02,5.73782848e-26
ISM continuous jumps,dg_1d,10GHz,1.00000000e+10,1.10180633e+03,6.15422103e-26
ISM continuous jumps,dg_1d,10GHz,1.00000000e+10,1.33756775e+03,6.59273433e-26
ISM continuous jumps,dg_1d,10GHz,1.00000000e+10,1.62377674e+03,7.06366612e-26
ISM continuous jumps,dg_1d,10GHz,1.00000000e+10,1.97122792e+03,7.64951339e-26
ISM continuous jumps,dg_1d,10GHz,1.00000000e+10,2.39302573e+03,8.32293718e-26
ISM continuous jumps,dg_1d,10GHz,1.00000000e+10,2.90507865e+03,9.08612388e-26
ISM continuous jumps,dg_1d,10GHz,1.00000000e+10,3.52669921e+03,9.87709139e-26
ISM continuous jumps,dg_1d,10GHz,1.00000000e+10,4.28133240e+03,1.07127103e-25
ISM continuous jumps,dg_1d,10GHz,1.00000000e+10,5.19743987e+03,1.16812217e-25
ISM continuous jumps,dg_1d,10GHz,1.00000000e+10,6.30957344e+03,1.26889132e-25
ISM continuous jumps,dg_1d,10GHz,1.00000000e+10,7.65967823e+03,1.38683939e-25
ISM continuous jumps,dg_1d,10GHz,1.00000000e+10,9.29867465e+03,1.53911079e-25
ISM continuous jumps,dg_1d,10GHz,1.00000000e+10,1.12883789e+04,1.70692062e-25
ISM continuous jumps,dg_1d,10GHz,1.00000000e+10,1.37038345e+04,1.88631782e-25
ISM continuous jumps,dg_1d,10GHz,1.00000000e+10,1.66361425e+04,2.08189698e-25
ISM continuous jumps,dg_1d,10GHz,1.00000000e+10,2.01958975e+04,2.31500669e-25
ISM continuous jumps,dg_1d,10GHz,1.00000000e+10,2.45173589e+04,2.57829202e-25
ISM continuous jumps,dg_1d,10GHz,1.00000000e+10,2.97635144e+04,2.85089850e-25
ISM continuous jumps,dg_1d,10GHz,1.00000000e+10,3.61322276e+04,3.12317419e-25
ISM continuous jumps,dg_1d,10GHz,1.00000000e+10,4.38637001e+04,3.36633638e-25
ISM continuous jumps,dg_1d,10GHz,1.00000000e+10,5.32495313e+04,3.38502653e-25
ISM continuous jumps,dg_1d,10GHz,1.00000000e+10,6.46437163e+04,3.38268475e-25
ISM continuous jumps,dg_1d,10GHz,1.00000000e+10,7.84759970e+04,3.44508285e-25
ISM continuous jumps,dg_1d,10GHz,1.00000000e+10,9.52680703e+04,3.48779856e-25
ISM continuous jumps,dg_1d,10GHz,1.00000000e+10,1.15653264e+05,3.48898707e-25
ISM continuous jumps,dg_1d,10GHz,1.00000000e+10,1.40400425e+05,3.40260125e-25
ISM continuous jumps,dg_1d,10GHz,1.00000000e+10,1.70442913e+05,3.24220407e-25
ISM continuous jumps,dg_1d,10GHz,1.00000000e+10,2.06913808e+05,3.15714910e-25
ISM continuous jumps,dg_1d,10GHz,1.00000000e+10,2.51188643e+05,3.09005562e-25
ISM continuous jumps,dg_1d,10GHz,1.00000000e+10,3.04937283e+05,2.99774947e-25
ISM continuous jumps,dg_1d,10GHz,1.00000000e+10,3.70186906e+05,2.87080502e-25
ISM continuous jumps,dg_1d,10GHz,1.00000000e+10,4.49398459e+05,2.84175672e-25
ISM continuous jumps,dg_1d,10GHz,1.00000000e+10,5.45559478e+05,2.73302670e-25
ISM continuous jumps,dg_1d,10GHz,1.00000000e+10,6.62296762e+05,2.57001047e-25
ISM continuous jumps,dg_1d,10GHz,1.00000000e+10,8.04013161e+05,2.51396546e-25
ISM continuous jumps,dg_1d,10GHz,1.00000000e+10,9.76053637e+05,2.41163692e-25
ISM continuous jumps,dg_1d,10GHz,1.00000000e+10,1.18490685e+06,2.29112943e-25
ISM continuous jumps,dg_1d,10GHz,1.00000000e+10,1.43844989e+06,2.14538266e-25
ISM continuous jumps,dg_1d,10GHz,1.00000000e+10,1.74624535e+06,2.02340228e-25
ISM continuous jumps,dg_1d,10GHz,1.00000000e+10,2.11990202e+06,1.82912004e-25
ISM continuous jumps,dg_1d,10GHz,1.00000000e+10,2.57351270e+06,1.61486521e-25
ISM continuous jumps,dg_1d,10GHz,1.00000000e+10,3.12418571e+06,1.39053792e-25
ISM continuous jumps,dg_1d,10GHz,1.00000000e+10,3.79269019e+06,1.15780521e-25
ISM continuous jumps,dg_1d,10GHz,1.00000000e+10,4.60423938e+06,9.35338085e-26
ISM continuous jumps,dg_1d,10GHz,1.00000000e+10,5.58944158e+06,7.38515666e-26
ISM continuous jumps,dg_1d,10GHz,1.00000000e+10,6.78545457e+06,5.71373390e-26
ISM continuous jumps,dg_1d,10GHz,1.00000000e+10,8.23738707e+06,4.36599389e-26
ISM continuous jumps,dg_1d,10GHz,1.00000000e+10,1.00000000e+07,3.30339335e-26
ISM continuous jumps,dg_1d,Rband,4.60000000e+14,1.00000000e-01,2.44613479e-30
ISM continuous jumps,dg_1d,Rband,4.60000000e+14,1.21397719e-01,3.78146262e-30
ISM continuous jumps,dg_1d,Rband,4.60000000e+14,1.47374062e-01,6.03216410e-30
ISM continuous jumps,dg_1d,Rband,4.60000000e+14,1.78908749e-01,9.89537971e-30
ISM continuous jumps,dg_1d,Rband,4.60000000e+14,2.17191140e-01,1.65048827e-29
ISM continuous jumps,dg_1d,Rband,4.60000000e+14,2.63665090e-01,2.78984347e-29
ISM continuous jumps,dg_1d,Rband,4.60000000e+14,3.20083405e-01,4.79468779e-29
ISM continuous jumps,dg_1d,Rband,4.60000000e+14,3.88573952e-01,8.35611104e-29
ISM continuous jumps,dg_1d,Rband,4.60000000e+14,4.71719914e-01,1.47413770e-28
ISM continuous jumps,dg_1d,Rband,4.60000000e+14,5.72657215e-01,2.62917344e-28
ISM continuous jumps,dg_1d,Rband,4.60000000e+14,6.95192796e-01,4.72220022e-28
ISM continuous jumps,dg_1d,Rband,4.60000000e+14,8.43948197e-01,8.51595587e-28
ISM continuous jumps,dg_1d,Rband,4.60000000e+14,1.02453386e+00,1.53351147e-27
ISM continuous jumps,dg_1d,Rband,4.60000000e+14,1.24376073e+00,2.76062808e-27
ISM continuous jumps,dg_1d,Rband,4.60000000e+14,1.50989716e+00,4.90827400e-27
ISM continuous jumps,dg_1d,Rband,4.60000000e+14,1.83298071e+00,8.59459781e-27
ISM continuous jumps,dg_1d,Rband,4.60000000e+14,2.22519677e+00,1.47374690e-26
ISM continuous jumps,dg_1d,Rband,4.60000000e+14,2.70133812e+00,2.41828298e-26
ISM continuous jumps,dg_1d,Rband,4.60000000e+14,3.27936286e+00,3.78577710e-26
ISM continuous jumps,dg_1d,Rband,4.60000000e+14,3.98107171e+00,5.60983210e-26
ISM continuous jumps,dg_1d,Rband,4.60000000e+14,4.83293024e+00,7.86600005e-26
ISM continuous jumps,dg_1d,Rband,4.60000000e+14,5.86706707e+00,1.04953706e-25
ISM continuous jumps,dg_1d,Rband,4.60000000e+14,7.12248558e+00,1.34419757e-25
ISM continuous jumps,dg_1d,Rband,4.60000000e+14,8.64653503e+00,1.58962484e-25
ISM continuous jumps,dg_1d,Rband,4.60000000e+14,1.04966963e+01,1.87434124e-25
ISM continuous jumps,dg_1d,Rband,4.60000000e+14,1.27427499e+01,2.40210773e-25
ISM continuous jumps,dg_1d,Rband,4.60000000e+14,1.54694077e+01,2.94843647e-25
ISM continuous jumps,dg_1d,Rband,4.60000000e+14,1.87795080e+01,3.45240027e-25
ISM continuous jumps,dg_1d,Rband,4.60000000e+14,2.27978944e+01,4.03608587e-25
ISM continuous jumps,dg_1d,Rband,4.60000000e+14,2.76761237e+01,4.67533720e-25
ISM continuous jumps,dg_1d,Rband,4.60000000e+14,3.35981829e+01,5.36478583e-25
ISM continuous jumps,dg_1d,Rband,4.60000000e+14,4.07874276e+01,6.12411409e-25
ISM continuous jumps,dg_1d,Rband,4.60000000e+14,4.95150067e+01,6.86862450e-25
ISM continuous jumps,dg_1d,Rband,4.60000000e+14,6.01100886e+01,7.56737837e-25
ISM continuous jumps,dg_1d,Rband,4.60000000e+14,7.29722764e+01,8.35975103e-25
ISM continuous jumps,dg_1d,Rband,4.60000000e+14,8.85866790e+01,9.05931545e-25
ISM continuous jumps,dg_1d,Rband,4.60000000e+14,1.07542208e+02,9.80725990e-25
ISM continuous jumps,dg_1d,Rband,4.60000000e+14,1.30553787e+02,1.04880829e-24
ISM continuous jumps,dg_1d,Rband,4.60000000e+14,1.58489319e+02,1.11890232e-24
ISM continuous jumps,dg_1d,Rband,4.60000000e+14,1.92402418e+02,1.19146318e-24
ISM continuous jumps,dg_1d,Rband,4.60000000e+14,2.33572147e+02,1.26857936e-24
ISM continuous jumps,dg_1d,Rband,4.60000000e+14,2.83551258e+02,1.33674415e-24
ISM continuous jumps,dg_1d,Rband,4.60000000e+14,3.44224760e+02,1.41526301e-24
ISM continuous jumps,dg_1d,Rband,4.60000000e+14,4.17881006e+02,1.50121915e-24
ISM continuous jumps,dg_1d,Rband,4.60000000e+14,5.07298009e+02,1.58003469e-24
ISM continuous jumps,dg_1d,Rband,4.60000000e+14,6.15848211e+02,1.65553606e-24
ISM continuous jumps,dg_1d,Rband,4.60000000e+14,7.47625680e+02,1.75944977e-24
ISM continuous jumps,dg_1d,Rband,4.60000000e+14,9.07600522e+02,1.87059653e-24
ISM continuous jumps,dg_1d,Rband,4.60000000e+14,1.10180633e+03,1.97292839e-24
ISM continuous jumps,dg_1d,Rband,4.60000000e+14,1.33756775e+03,2.07358306e-24
ISM continuous jumps,dg_1d,Rband,4.60000000e+14,1.62377674e+03,2.17077336e-24
ISM continuous jumps,dg_1d,Rband,4.60000000e+14,1.97122792e+03,2.27992470e-24
ISM continuous jumps,dg_1d,Rband,4.60000000e+14,2.39302573e+03,2.39055575e-24
ISM continuous jumps,dg_1d,Rband,4.60000000e+14,2.90507865e+03,2.48913485e-24
ISM continuous jumps,dg_1d,Rband,4.60000000e+14,3.52669921e+03,2.56207581e-24
ISM continuous jumps,dg_1d,Rband,4.60000000e+14,4.28133240e+03,2.60261804e-24
ISM continuous jumps,dg_1d,Rband,4.60000000e+14,5.19743987e+03,2.61326209e-24
ISM continuous jumps,dg_1d,Rband,4.60000000e+14,6.30957344e+03,2.59031376e-24
ISM continuous jumps,dg_1d,Rband,4.60000000e+14,7.65967823e+03,2.53949511e-24
ISM continuous jumps,dg_1d,Rband,4.60000000e+14,9.29867465e+03,2.44609818e-24
ISM continuous jumps,dg_1d,Rband,4.60000000e+14,1.12883789e+04,2.30230484e-24
ISM continuous jumps,dg_1d,Rband,4.60000000e+14,1.37038345e+04,2.11133749e-24
ISM continuous jumps,dg_1d,Rband,4.60000000e+14,1.66361425e+04,1.89055719e-24
ISM continuous jumps,dg_1d,Rband,4.60000000e+14,2.01958975e+04,1.65838634e-24
ISM continuous jumps,dg_1d,Rband,4.60000000e+14,2.45173589e+04,1.41791028e-24
ISM continuous jumps,dg_1d,Rband,4.60000000e+14,2.97635144e+04,1.16634490e-24
ISM continuous jumps,dg_1d,Rband,4.60000000e+14,3.61322276e+04,9.10922363e-25
ISM continuous jumps,dg_1d,Rband,4.60000000e+14,4.38637001e+04,6.39609118e-25
ISM continuous jumps,dg_1d,Rband,4.60000000e+14,5.32495313e+04,3.75230873e-25
ISM continuous jumps,dg_1d,Rband,4.60000000e+14,6.46437163e+04,2.62968542e-25
ISM continuous jumps,dg_1d,Rband,4.60000000e+14,7.84759970e+04,1.88855634e-25
ISM continuous jumps,dg_1d,Rband,4.60000000e+14,9.52680703e+04,1.32037974e-25
ISM continuous jumps,dg_1d,Rband,4.60000000e+14,1.15653264e+05,9.04783049e-26
ISM continuous jumps,dg_1d,Rband,4.60000000e+14,1.40400425e+05,6.12880023e-26
ISM continuous jumps,dg_1d,Rband,4.60000000e+14,1.70442913e+05,4.12984844e-26
ISM continuous jumps,dg_1d,Rband,4.60000000e+14,2.06913808e+05,2.77895339e-26
ISM continuous jumps,dg_1d,Rband,4.60000000e+14,2.51188643e+05,1.87176180e-26
ISM continuous jumps,dg_1d,Rband,4.60000000e+14,3.04937283e+05,1.26471800e-26
ISM continuous jumps,dg_1d,Rband,4.60000000e+14,3.70186906e+05,8.58521024e-27
ISM continuous jumps,dg_1d,Rband,4.60000000e+14,4.49398459e+05,5.84284224e-27
ISM continuous jumps,dg_1d,Rband,4.60000000e+14,5.45559478e+05,3.99742072e-27
ISM continuous jumps,dg_1d,Rband,4.60000000e+14,6.62296762e+05,2.75016926e-27
ISM continuous jumps,dg_1d,Rband,4.60000000e+14,8.04013161e+05,1.89808649e-27
ISM continuous jumps,dg_1d,Rband,4.60000000e+14,9.76053637e+05,1.31562195e-27
ISM continuous jumps,dg_1d,Rband,4.60000000e+14,1.18490685e+06,9.15916894e-28
ISM continuous jumps,dg_1d,Rband,4.60000000e+14,1.43844989e+06,6.40870527e-28
ISM continuous jumps,dg_1d,Rband,4.60000000e+14,1.74624535e+06,4.49634849e-28
ISM continuous jumps,dg_1d,Rband,4.60000000e+14,2.11990202e+06,3.16140876e-28
ISM continuous jumps,dg_1d,Rband,4.60000000e+14,2.57351270e+06,2.22836181e-28
ISM continuous jumps,dg_1d,Rband,4.60000000e+14,3.12418571e+06,1.57863723e-28
ISM continuous jumps,dg_1d,Rband,4.60000000e+14,3.79269019e+06,1.12378949e-28
ISM continuous jumps,dg_1d,Rband,4.60000000e+14,4.60423938e+06,8.05506499e-29
ISM continuous jumps,dg_1d,Rband,4.60000000e+14,5.58944158e+06,5.79387416e-29
ISM continuous jumps,dg_1d,Rband,4.60000000e+14,6.78545457e+06,4.17084743e-29
ISM continuous jumps,dg_1d,Rband,4.60000000e+14,8.23738707e+06,3.01167739e-29
ISM continuous jumps,dg_1d,Rband,4.60000000e+14,1.00000000e+07,2.17893762e-29
ISM continuous jumps,dg_1d,1keV,2.41798900e+17,1.00000000e-01,1.91615235e-29
ISM continuous jumps,dg_1d,1keV,2.41798900e+17,1.21397719e-01,2.96299283e-29
ISM continuous jumps,dg_1d,1keV,2.41798900e+17,1.47374062e-01,4.72555444e-29
ISM continuous jumps,dg_1d,1keV,2.41798900e+17,1.78908749e-01,7.75068261e-29
ISM continuous jumps,dg_1d,1keV,2.41798900e+17,2.17191140e-01,1.29355404e-28
ISM continuous jumps,dg_1d,1keV,2.41798900e+17,2.63665090e-01,2.18772163e-28
ISM continuous jumps,dg_1d,1keV,2.41798900e+17,3.20083405e-01,3.76177243e-28
ISM continuous jumps,dg_1d,1keV,2.41798900e+17,3.88573952e-01,6.55610898e-28
ISM continuous jumps,dg_1d,1keV,2.41798900e+17,4.71719914e-01,1.15640489e-27
ISM continuous jumps,dg_1d,1keV,2.41798900e+17,5.72657215e-01,2.06267522e-27
ISM continuous jumps,dg_1d,1keV,2.41798900e+17,6.95192796e-01,3.70164234e-27
ISM continuous jumps,dg_1d,1keV,2.41798900e+17,8.43948197e-01,6.66706371e-27
ISM continuous jumps,dg_1d,1keV,2.41798900e+17,1.02453386e+00,1.19828105e-26
ISM continuous jumps,dg_1d,1keV,2.41798900e+17,1.24376073e+00,2.15108150e-26
ISM continuous jumps,dg_1d,1keV,2.41798900e+17,1.50989716e+00,3.81101778e-26
ISM continuous jumps,dg_1d,1keV,2.41798900e+17,1.83298071e+00,6.63877411e-26
ISM continuous jumps,dg_1d,1keV,2.41798900e+17,2.22519677e+00,1.13031876e-25
ISM continuous jumps,dg_1d,1keV,2.41798900e+17,2.70133812e+00,1.83820367e-25
ISM continuous jumps,dg_1d,1keV,2.41798900e+17,3.27936286e+00,2.84344932e-25
ISM continuous jumps,dg_1d,1keV,2.41798900e+17,3.98107171e+00,4.15050868e-25
ISM continuous jumps,dg_1d,1keV,2.41798900e+17,4.83293024e+00,5.71147288e-25
ISM continuous jumps,dg_1d,1keV,2.41798900e+17,5.86706707e+00,7.45540615e-25
ISM continuous jumps,dg_1d,1keV,2.41798900e+17,7.12248558e+00,9.31420515e-25
ISM continuous jumps,dg_1d,1keV,2.41798900e+17,8.64653503e+00,1.07008729e-24
ISM continuous jumps,dg_1d,1keV,2.41798900e+17,1.04966963e+01,1.23691462e-24
ISM continuous jumps,dg_1d,1keV,2.41798900e+17,1.27427499e+01,1.55203818e-24
ISM continuous jumps,dg_1d,1keV,2.41798900e+17,1.54694077e+01,1.82543084e-24
ISM continuous jumps,dg_1d,1keV,2.41798900e+17,1.87795080e+01,2.02330917e-24
ISM continuous jumps,dg_1d,1keV,2.41798900e+17,2.27978944e+01,2.23002602e-24
ISM continuous jumps,dg_1d,1keV,2.41798900e+17,2.76761237e+01,2.41369465e-24
ISM continuous jumps,dg_1d,1keV,2.41798900e+17,3.35981829e+01,2.56385580e-24
ISM continuous jumps,dg_1d,1keV,2.41798900e+17,4.07874276e+01,2.69891893e-24
ISM continuous jumps,dg_1d,1keV,2.41798900e+17,4.95150067e+01,2.76310576e-24
ISM continuous jumps,dg_1d,1keV,2.41798900e+17,6.01100886e+01,2.74581242e-24
ISM continuous jumps,dg_1d,1keV,2.41798900e+17,7.29722764e+01,2.74377743e-24
ISM continuous jumps,dg_1d,1keV,2.41798900e+17,8.85866790e+01,2.60826722e-24
ISM continuous jumps,dg_1d,1keV,2.41798900e+17,1.07542208e+02,2.48569341e-24
ISM continuous jumps,dg_1d,1keV,2.41798900e+17,1.30553787e+02,2.28792994e-24
ISM continuous jumps,dg_1d,1keV,2.41798900e+17,1.58489319e+02,2.06612739e-24
ISM continuous jumps,dg_1d,1keV,2.41798900e+17,1.92402418e+02,1.84263480e-24
ISM continuous jumps,dg_1d,1keV,2.41798900e+17,2.33572147e+02,1.59853124e-24
ISM continuous jumps,dg_1d,1keV,2.41798900e+17,2.83551258e+02,1.34192832e-24
ISM continuous jumps,dg_1d,1keV,2.41798900e+17,3.44224760e+02,1.12885890e-24
ISM continuous jumps,dg_1d,1keV,2.41798900e+17,4.17881006e+02,9.52201439e-25
ISM continuous jumps,dg_1d,1keV,2.41798900e+17,5.07298009e+02,7.92429740e-25
ISM continuous jumps,dg_1d,1keV,2.41798900e+17,6.15848211e+02,6.51002347e-25
ISM continuous jumps,dg_1d,1keV,2.41798900e+17,7.47625680e+02,5.33419837e-25
ISM continuous jumps,dg_1d,1keV,2.41798900e+17,9.07600522e+02,4.35836946e-25
ISM continuous jumps,dg_1d,1keV,2.41798900e+17,1.10180633e+03,3.53401637e-25
ISM continuous jumps,dg_1d,1keV,2.41798900e+17,1.33756775e+03,2.87382905e-25
ISM continuous jumps,dg_1d,1keV,2.41798900e+17,1.62377674e+03,2.32914984e-25
ISM continuous jumps,dg_1d,1keV,2.41798900e+17,1.97122792e+03,1.88412889e-25
ISM continuous jumps,dg_1d,1keV,2.41798900e+17,2.39302573e+03,1.52695450e-25
ISM continuous jumps,dg_1d,1keV,2.41798900e+17,2.90507865e+03,1.23382016e-25
ISM continuous jumps,dg_1d,1keV,2.41798900e+17,3.52669921e+03,9.95238452e-26
ISM continuous jumps,dg_1d,1keV,2.41798900e+17,4.28133240e+03,8.01620912e-26
ISM continuous jumps,dg_1d,1keV,2.41798900e+17,5.19743987e+03,6.43846683e-26
ISM continuous jumps,dg_1d,1keV,2.41798900e+17,6.30957344e+03,5.17247465e-26
ISM continuous jumps,dg_1d,1keV,2.41798900e+17,7.65967823e+03,4.18060356e-26
ISM continuous jumps,dg_1d,1keV,2.41798900e+17,9.29867465e+03,3.38219690e-26
ISM continuous jumps,dg_1d,1keV,2.41798900e+17,1.12883789e+04,2.71961952e-26
ISM continuous jumps,dg_1d,1keV,2.41798900e+17,1.37038345e+04,2.16171244e-26
ISM continuous jumps,dg_1d,1keV,2.41798900e+17,1.66361425e+04,1.70147919e-26
ISM continuous jumps,dg_1d,1keV,2.41798900e+17,2.01958975e+04,1.31774119e-26
ISM continuous jumps,dg_1d,1keV,2.41798900e+17,2.45173589e+04,1.00055096e-26
ISM continuous jumps,dg_1d,1keV,2.41798900e+17,2.97635144e+04,7.39303210e-27
ISM continuous jumps,dg_1d,1keV,2.41798900e+17,3.61322276e+04,5.27457023e-27
ISM continuous jumps,dg_1d,1keV,2.41798900e+17,4.38637001e+04,3.32503393e-27
ISM continuous jumps,dg_1d,1keV,2.41798900e+17,5.32495313e+04,1.68561136e-27
ISM continuous jumps,dg_1d,1keV,2.41798900e+17,6.46437163e+04,1.16697647e-27
ISM continuous jumps,dg_1d,1keV,2.41798900e+17,7.84759970e+04,8.57039569e-28
ISM continuous jumps,dg_1d,1keV,2.41798900e+17,9.52680703e+04,6.14828187e-28
ISM continuous jumps,dg_1d,1keV,2.41798900e+17,1.15653264e+05,4.28830256e-28
ISM continuous jumps,dg_1d,1keV,2.41798900e+17,1.40400425e+05,2.92418361e-28
ISM continuous jumps,dg_1d,1keV,2.41798900e+17,1.70442913e+05,1.96316283e-28
ISM continuous jumps,dg_1d,1keV,2.41798900e+17,2.06913808e+05,1.30403194e-28
ISM continuous jumps,dg_1d,1keV,2.41798900e+17,2.51188643e+05,8.61419365e-29
ISM continuous jumps,dg_1d,1keV,2.41798900e+17,3.04937283e+05,5.68998297e-29
ISM continuous jumps,dg_1d,1keV,2.41798900e+17,3.70186906e+05,3.77456193e-29
ISM continuous jumps,dg_1d,1keV,2.41798900e+17,4.49398459e+05,2.50472403e-29
ISM continuous jumps,dg_1d,1keV,2.41798900e+17,5.45559478e+05,1.66851210e-29
ISM continuous jumps,dg_1d,1keV,2.41798900e+17,6.62296762e+05,1.11438673e-29
ISM continuous jumps,dg_1d,1keV,2.41798900e+17,8.04013161e+05,7.44812431e-30
ISM continuous jumps,dg_1d,1keV,2.41798900e+17,9.76053637e+05,5.00072280e-30
ISM continuous jumps,dg_1d,1keV,2.41798900e+17,1.18490685e+06,3.36421445e-30
ISM continuous jumps,dg_1d,1keV,2.41798900e+17,1.43844989e+06,2.28058472e-30
ISM continuous jumps,dg_1d,1keV,2.41798900e+17,1.74624535e+06,1.55211198e-30
ISM continuous jumps,dg_1d,1keV,2.41798900e+17,2.11990202e+06,1.05829876e-30
ISM continuous jumps,dg_1d,1keV,2.41798900e+17,2.57351270e+06,7.23456982e-31
ISM continuous jumps,dg_1d,1keV,2.41798900e+17,3.12418571e+06,4.98778233e-31
ISM continuous jumps,dg_1d,1keV,2.41798900e+17,3.79269019e+06,3.43198446e-31
ISM continuous jumps,dg_1d,1keV,2.41798900e+17,4.60423938e+06,2.37980107e-31
ISM continuous jumps,dg_1d,1keV,2.41798900e+17,5.58944158e+06,1.66226942e-31
ISM continuous jumps,dg_1d,1keV,2.41798900e+17,6.78545457e+06,1.15547881e-31
ISM continuous jumps,dg_1d,1keV,2.41798900e+17,8.23738707e+06,8.09503013e-32
ISM continuous jumps,dg_1d,1keV,2.41798900e+17,1.00000000e+07,5.66437829e-32
ISM continuous jumps,dg_1d,100MeV,2.41798900e+22,1.00000000e-01,9.17146766e-31
ISM continuous jumps,dg_1d,100MeV,2.41798900e+22,1.21397719e-01,1.39160712e-30
ISM continuous jumps,dg_1d,100MeV,2.41798900e+22,1.47374062e-01,2.11889688e-30
ISM continuous jumps,dg_1d,100MeV,2.41798900e+22,1.78908749e-01,3.23721289e-30
ISM continuous jumps,dg_1d,100MeV,2.41798900e+22,2.17191140e-01,4.96621498e-30
ISM continuous jumps,dg_1d,100MeV,2.41798900e+22,2.63665090e-01,7.61333351e-30
ISM continuous jumps,dg_1d,100MeV,2.41798900e+22,3.20083405e-01,1.15286234e-29
ISM continuous jumps,dg_1d,100MeV,2.41798900e+22,3.88573952e-01,1.75663712e-29
ISM continuous jumps,dg_1d,100MeV,2.41798900e+22,4.71719914e-01,2.66396370e-29
ISM continuous jumps,dg_1d,100MeV,2.41798900e+22,5.72657215e-01,4.02585824e-29
ISM continuous jumps,dg_1d,100MeV,2.41798900e+22,6.95192796e-01,6.08057696e-29
ISM continuous jumps,dg_1d,100MeV,2.41798900e+22,8.43948197e-01,9.04640151e-29
ISM continuous jumps,dg_1d,100MeV,2.41798900e+22,1.02453386e+00,1.33410595e-28
ISM continuous jumps,dg_1d,100MeV,2.41798900e+22,1.24376073e+00,1.92869203e-28
ISM continuous jumps,dg_1d,100MeV,2.41798900e+22,1.50989716e+00,2.74440366e-28
ISM continuous jumps,dg_1d,100MeV,2.41798900e+22,1.83298071e+00,3.76145735e-28
ISM continuous jumps,dg_1d,100MeV,2.41798900e+22,2.22519677e+00,4.87238543e-28
ISM continuous jumps,dg_1d,100MeV,2.41798900e+22,2.70133812e+00,5.89150410e-28
ISM continuous jumps,dg_1d,100MeV,2.41798900e+22,3.27936286e+00,6.63316855e-28
ISM continuous jumps,dg_1d,100MeV,2.41798900e+22,3.98107171e+00,6.92952307e-28
ISM continuous jumps,dg_1d,100MeV,2.41798900e+22,4.83293024e+00,6.80341959e-28
ISM continuous jumps,dg_1d,100MeV,2.41798900e+22,5.86706707e+00,6.33024174e-28
ISM continuous jumps,dg_1d,100MeV,2.41798900e+22,7.12248558e+00,5.67233555e-28
ISM continuous jumps,dg_1d,100MeV,2.41798900e+22,8.64653503e+00,4.70782319e-28
ISM continuous jumps,dg_1d,100MeV,2.41798900e+22,1.04966963e+01,3.98784548e-28
ISM continuous jumps,dg_1d,100MeV,2.41798900e+22,1.27427499e+01,3.50955074e-28
ISM continuous jumps,dg_1d,100MeV,2.41798900e+22,1.54694077e+01,2.85703366e-28
ISM continuous jumps,dg_1d,100MeV,2.41798900e+22,1.87795080e+01,2.35875570e-28
ISM continuous jumps,dg_1d,100MeV,2.41798900e+22,2.27978944e+01,1.94526683e-28
ISM continuous jumps,dg_1d,100MeV,2.41798900e+22,2.76761237e+01,1.57479174e-28
ISM continuous jumps,dg_1d,100MeV,2.41798900e+22,3.35981829e+01,1.22833388e-28
ISM continuous jumps,dg_1d,100MeV,2.41798900e+22,4.07874276e+01,9.18828586e-29
ISM continuous jumps,dg_1d,100MeV,2.41798900e+22,4.95150067e+01,6.20790358e-29
ISM continuous jumps,dg_1d,100MeV,2.41798900e+22,6.01100886e+01,5.22479511e-29
ISM continuous jumps,dg_1d,100MeV,2.41798900e+22,7.29722764e+01,5.58480623e-29
ISM continuous jumps,dg_1d,100MeV,2.41798900e+22,8.85866790e+01,3.29547508e-29
ISM continuous jumps,dg_1d,100MeV,2.41798900e+22,1.07542208e+02,3.31944088e-29
ISM continuous jumps,dg_1d,100MeV,2.41798900e+22,1.30553787e+02,2.57888559e-29
ISM continuous jumps,dg_1d,100MeV,2.41798900e+22,1.58489319e+02,1.97637697e-29
ISM continuous jumps,dg_1d,100MeV,2.41798900e+22,1.92402418e+02,1.60952503e-29
ISM continuous jumps,dg_1d,100MeV,2.41798900e+22,2.33572147e+02,1.24117850e-29
ISM continuous jumps,dg_1d,100MeV,2.41798900e+22,2.83551258e+02,9.36837814e-30
ISM continuous jumps,dg_1d,100MeV,2.41798900e+22,3.44224760e+02,7.36201445e-30
ISM continuous jumps,dg_1d,100MeV,2.41798900e+22,4.17881006e+02,5.91000019e-30
ISM continuous jumps,dg_1d,100MeV,2.41798900e+22,5.07298009e+02,4.74000693e-30
ISM continuous jumps,dg_1d,100MeV,2.41798900e+22,6.15848211e+02,3.74979633e-30
ISM continuous jumps,dg_1d,100MeV,2.41798900e+22,7.47625680e+02,2.97633990e-30
ISM continuous jumps,dg_1d,100MeV,2.41798900e+22,9.07600522e+02,2.36385064e-30
ISM continuous jumps,dg_1d,100MeV,2.41798900e+22,1.10180633e+03,1.86327213e-30
ISM continuous jumps,dg_1d,100MeV,2.41798900e+22,1.33756775e+03,1.47484865e-30
ISM continuous jumps,dg_1d,100MeV,2.41798900e+22,1.62377674e+03,1.16493481e-30
ISM continuous jumps,dg_1d,100MeV,2.41798900e+22,1.97122792e+03,9.20074576e-31
ISM continuous jumps,dg_1d,100MeV,2.41798900e+22,2.39302573e+03,7.29835930e-31
ISM continuous jumps,dg_1d,100MeV,2.41798900e+22,2.90507865e+03,5.78227183e-31
ISM continuous jumps,dg_1d,100MeV,2.41798900e+22,3.52669921e+03,4.57598498e-31
ISM continuous jumps,dg_1d,100MeV,2.41798900e+22,4.28133240e+03,3.60537449e-31
ISM continuous jumps,dg_1d,100MeV,2.41798900e+22,5.19743987e+03,2.83957381e-31
ISM continuous jumps,dg_1d,100MeV,2.41798900e+22,6.30957344e+03,2.22147145e-31
ISM continuous jumps,dg_1d,100MeV,2.41798900e+22,7.65967823e+03,1.75816425e-31
ISM continuous jumps,dg_1d,100MeV,2.41798900e+22,9.29867465e+03,1.38460214e-31
ISM continuous jumps,dg_1d,100MeV,2.41798900e+22,1.12883789e+04,1.07821506e-31
ISM continuous jumps,dg_1d,100MeV,2.41798900e+22,1.37038345e+04,8.28216540e-32
ISM continuous jumps,dg_1d,100MeV,2.41798900e+22,1.66361425e+04,6.28200274e-32
ISM continuous jumps,dg_1d,100MeV,2.41798900e+22,2.01958975e+04,4.69663111e-32
ISM continuous jumps,dg_1d,100MeV,2.41798900e+22,2.45173589e+04,3.45813950e-32
ISM continuous jumps,dg_1d,100MeV,2.41798900e+22,2.97635144e+04,2.46595213e-32
ISM continuous jumps,dg_1d,100MeV,2.41798900e+22,3.61322276e+04,1.69873472e-32
ISM continuous jumps,dg_1d,100MeV,2.41798900e+22,4.38637001e+04,1.04740011e-32
ISM continuous jumps,dg_1d,100MeV,2.41798900e+22,5.32495313e+04,5.54279371e-33
ISM continuous jumps,dg_1d,100MeV,2.41798900e+22,6.46437163e+04,4.12278137e-33
ISM continuous jumps,dg_1d,100MeV,2.41798900e+22,7.84759970e+04,3.11603906e-33
ISM continuous jumps,dg_1d,100MeV,2.41798900e+22,9.52680703e+04,2.19148935e-33
ISM continuous jumps,dg_1d,100MeV,2.41798900e+22,1.15653264e+05,1.46942771e-33
ISM continuous jumps,dg_1d,100MeV,2.41798900e+22,1.40400425e+05,9.61503246e-34
ISM continuous jumps,dg_1d,100MeV,2.41798900e+22,1.70442913e+05,6.20468181e-34
ISM continuous jumps,dg_1d,100MeV,2.41798900e+22,2.06913808e+05,4.00920187e-34
ISM continuous jumps,dg_1d,100MeV,2.41798900e+22,2.51188643e+05,2.62155124e-34
ISM continuous jumps,dg_1d,100MeV,2.41798900e+22,3.04937283e+05,1.73362271e-34
ISM continuous jumps,dg_1d,100MeV,2.41798900e+22,3.70186906e+05,1.14222449e-34
ISM continuous jumps,dg_1d,100MeV,2.41798900e+22,4.49398459e+05,7.38520977e-35
ISM continuous jumps,dg_1d,100MeV,2.41798900e+22,5.45559478e+05,4.79641734e-35
ISM continuous jumps,dg_1d,100MeV,2.41798900e+22,6.62296762e+05,3.14624516e-35
ISM continuous jumps,dg_1d,100MeV,2.41798900e+22,8.04013161e+05,2.08015150e-35
ISM continuous jumps,dg_1d,100MeV,2.41798900e+22,9.76053637e+05,1.39098361e-35
ISM continuous jumps,dg_1d,100MeV,2.41798900e+22,1.18490685e+06,9.36082142e-36
ISM continuous jumps,dg_1d,100MeV,2.41798900e+22,1.43844989e+06,6.41095189e-36
ISM continuous jumps,dg_1d,100MeV,2.41798900e+22,1.74624535e+06,4.37743893e-36
ISM continuous jumps,dg_1d,100MeV,2.41798900e+22,2.11990202e+06,2.97550842e-36
ISM continuous jumps,dg_1d,100MeV,2.41798900e+22,2.57351270e+06,2.03098371e-36
ISM continuous jumps,dg_1d,100MeV,2.41798900e+22,3.12418571e+06,1.40867985e-36
ISM continuous jumps,dg_1d,100MeV,2.41798900e+22,3.79269019e+06,9.65421040e-37
ISM continuous jumps,dg_1d,100MeV,2.41798900e+22,4.60423938e+06,6.76032415e-37
ISM continuous jumps,dg_1d,100MeV,2.41798900e+22,5.58944158e+06,4.77036323e-37
ISM continuous jumps,dg_1d,100MeV,2.41798900e+22,6.78545457e+06,3.32829561e-37
ISM continuous jumps,dg_1d,100MeV,2.41798900e+22,8.23738707e+06,2.37676083e-37
ISM continuous jumps,dg_1d,100MeV,2.41798900e+22,1.00000000e+07,1.68024420e-37
Wind-ISM jump,fullhide_1d,10GHz,1.00000000e+10,1.00000000e-01,1.53672004e-27
Wind-ISM jump,fullhide_1d,10GHz,1.00000000e+10,1.21397719e-01,1.73802774e-27
Wind-ISM jump,fullhide_1d,10GHz,1.00000000e+10,1.47374062e-01,1.94741041e-27
Wind-ISM jump,fullhide_1d,10GHz,1.00000000e+10,1.78908749e-01,2.16950396e-27
Wind-ISM jump,fullhide_1d,10GHz,1.00000000e+10,2.17191140e-01,2.40863097e-27
Wind-ISM jump,fullhide_1d,10GHz,1.00000000e+10,2.63665090e-01,2.67035769e-27
Wind-ISM jump,fullhide_1d,10GHz,1.00000000e+10,3.20083405e-01,3.05231732e-27
Wind-ISM jump,fullhide_1d,10GHz,1.00000000e+10,3.88573952e-01,3.36788829e-27
Wind-ISM jump,fullhide_1d,10GHz,1.00000000e+10,4.71719914e-01,3.79772536e-27
Wind-ISM jump,fullhide_1d,10GHz,1.00000000e+10,5.72657215e-01,4.25125576e-27
Wind-ISM jump,fullhide_1d,10GHz,1.00000000e+10,6.95192796e-01,4.73929970e-27
Wind-ISM jump,fullhide_1d,10GHz,1.00000000e+10,8.43948197e-01,5.30222186e-27
Wind-ISM jump,fullhide_1d,10GHz,1.00000000e+10,1.02453386e+00,5.86613983e-27
Wind-ISM jump,fullhide_1d,10GHz,1.00000000e+10,1.24376073e+00,6.50133358e-27
Wind-ISM jump,fullhide_1d,10GHz,1.00000000e+10,1.50989716e+00,7.17904105e-27
Wind-ISM jump,fullhide_1d,10GHz,1.00000000e+10,1.83298071e+00,7.91817220e-27
Wind-ISM jump,fullhide_1d,10GHz,1.00000000e+10,2.22519677e+00,8.71125729e-27
Wind-ISM jump,fullhide_1d,10GHz,1.00000000e+10,2.70133812e+00,9.56925240e-27
Wind-ISM jump,fullhide_1d,10GHz,1.00000000e+10,3.27936286e+00,1.05072310e-26
Wind-ISM jump,fullhide_1d,10GHz,1.00000000e+10,3.98107171e+00,1.15312741e-26
Wind-ISM jump,fullhide_1d,10GHz,1.00000000e+10,4.83293024e+00,1.26585230e-26
Wind-ISM jump,fullhide_1d,10GHz,1.00000000e+10,5.86706707e+00,1.38995806e-26
Wind-ISM jump,fullhide_1d,10GHz,1.00000000e+10,7.12248558e+00,1.52730041e-26
Wind-ISM jump,fullhide_1d,10GHz,1.00000000e+10,8.64653503e+00,1.67972321e-26
Wind-ISM jump,fullhide_1d,10GHz,1.00000000e+10,1.04966963e+01,1.84941776e-26
Wind-ISM jump,fullhide_1d,10GHz,1.00000000e+10,1.27427499e+01,2.03861186e-26
Wind-ISM jump,fullhide_1d,10GHz,1.00000000e+10,1.54694077e+01,2.25039871e-26
Wind-ISM jump,fullhide_1d,10GHz,1.00000000e+10,1.87795080e+01,2.48777952e-26
Wind-ISM jump,fullhide_1d,10GHz,1.00000000e+10,2.27978944e+01,2.75456523e-26
Wind-ISM jump,fullhide_1d,10GHz,1.00000000e+10,2.76761237e+01,3.05506324e-26
Wind-ISM jump,fullhide_1d,10GHz,1.00000000e+10,3.35981829e+01,3.39453323e-26
Wind-ISM jump,fullhide_1d,10GHz,1.00000000e+10,4.07874276e+01,3.77868840e-26
Wind-ISM jump,fullhide_1d,10GHz,1.00000000e+10,4.95150067e+01,4.21477062e-26
Wind-ISM jump,fullhide_1d,10GHz,1.00000000e+10,6.01100886e+01,4.71115913e-26
Wind-ISM jump,fullhide_1d,10GHz,1.00000000e+10,7.29722764e+01,5.27797243e-26
Wind-ISM jump,fullhide_1d,10GHz,1.00000000e+10,8.85866790e+01,5.92711293e-26
Wind-ISM jump,fullhide_1d,10GHz,1.00000000e+10,1.07542208e+02,6.67370615e-26
Wind-ISM jump,fullhide_1d,10GHz,1.00000000e+10,1.30553787e+02,7.53460164e-26
Wind-ISM jump,fullhide_1d,10GHz,1.00000000e+10,1.58489319e+02,8.53158559e-26
Wind-ISM jump,fullhide_1d,10GHz,1.00000000e+10,1.92402418e+02,9.69120400e-26
Wind-ISM jump,fullhide_1d,10GHz,1.00000000e+10,2.33572147e+02,1.10471975e-25
Wind-ISM jump,fullhide_1d,10GHz,1.00000000e+10,2.83551258e+02,1.26396641e-25
Wind-ISM jump,fullhide_1d,10GHz,1.00000000e+10,3.44224760e+02,1.45015105e-25
Wind-ISM jump,fullhide_1d,10GHz,1.00000000e+10,4.17881006e+02,1.66797670e-25
Wind-ISM jump,fullhide_1d,10GHz,1.00000000e+10,5.07298009e+02,1.92558847e-25
Wind-ISM jump,fullhide_1d,10GHz,1.00000000e+10,6.15848211e+02,2.23047920e-25
Wind-ISM jump,fullhide_1d,10GHz,1.00000000e+10,7.47625680e+02,2.58972772e-25
Wind-ISM jump,fullhide_1d,10GHz,1.00000000e+10,9.07600522e+02,3.00829443e-25
Wind-ISM jump,fullhide_1d,10GHz,1.00000000e+10,1.10180633e+03,3.48596041e-25
Wind-ISM jump,fullhide_1d,10GHz,1.00000000e+10,1.33756775e+03,3.97799965e-25
Wind-ISM jump,fullhide_1d,10GHz,1.00000000e+10,1.62377674e+03,4.47279480e-25
Wind-ISM jump,fullhide_1d,10GHz,1.00000000e+10,1.97122792e+03,4.99617132e-25
Wind-ISM jump,fullhide_1d,10GHz,1.00000000e+10,2.39302573e+03,5.53634550e-25
Wind-ISM jump,fullhide_1d,10GHz,1.00000000e+10,2.90507865e+03,6.07621165e-25
Wind-ISM jump,fullhide_1d,10GHz,1.00000000e+10,3.52669921e+03,6.59271424e-25
Wind-ISM jump,fullhide_1d,10GHz,1.00000000e+10,4.28133240e+03,7.06243857e-25
Wind-ISM jump,fullhide_1d,10GHz,1.00000000e+10,5.19743987e+03,7.46323424e-25
Wind-ISM jump,fullhide_1d,10GHz,1.00000000e+10,6.30957344e+03,7.77287187e-25
Wind-ISM jump,fullhide_1d,10GHz,1.00000000e+10,7.65967823e+03,7.96713746e-25
Wind-ISM jump,fullhide_1d,10GHz,1.00000000e+10,9.29867465e+03,8.03947642e-25
Wind-ISM jump,fullhide_1d,10GHz,1.00000000e+10,1.12883789e+04,8.02460830e-25
Wind-ISM jump,fullhide_1d,10GHz,1.00000000e+10,1.37038345e+04,7.93958923e-25
Wind-ISM jump,fullhide_1d,10GHz,1.00000000e+10,1.66361425e+04,7.79276045e-25
Wind-ISM jump,fullhide_1d,10GHz,1.00000000e+10,2.01958975e+04,7.59780446e-25
Wind-ISM jump,fullhide_1d,10GHz,1.00000000e+10,2.45173589e+04,7.36653192e-25
Wind-ISM jump,fullhide_1d,10GHz,1.00000000e+10,2.97635144e+04,7.10629879e-25
Wind-ISM jump,fullhide_1d,10GHz,1.00000000e+10,3.61322276e+04,6.82341901e-25
Wind-ISM jump,fullhide_1d,10GHz,1.00000000e+10,4.38637001e+04,6.52558128e-25
Wind-ISM jump,fullhide_1d,10GHz,1.00000000e+10,5.32495313e+04,6.21542792e-25
Wind-ISM jump,fullhide_1d,10GHz,1.00000000e+10,6.46437163e+04,5.89058812e-25
Wind-ISM jump,fullhide_1d,10GHz,1.00000000e+10,7.84759970e+04,5.55015055e-25
Wind-ISM jump,fullhide_1d,10GHz,1.00000000e+10,9.52680703e+04,5.20311674e-25
Wind-ISM jump,fullhide_1d,10GHz,1.00000000e+10,1.15653264e+05,4.86222122e-25
Wind-ISM jump,fullhide_1d,10GHz,1.00000000e+10,1.40400425e+05,4.53263079e-25
Wind-ISM jump,fullhide_1d,10GHz,1.00000000e+10,1.70442913e+05,4.12364907e-25
Wind-ISM jump,fullhide_1d,10GHz,1.00000000e+10,2.06913808e+05,3.21673777e-25
Wind-ISM jump,fullhide_1d,10GHz,1.00000000e+10,2.51188643e+05,2.77423599e-25
Wind-ISM jump,fullhide_1d,10GHz,1.00000000e+10,3.04937283e+05,2.75779602e-25
Wind-ISM jump,fullhide_1d,10GHz,1.00000000e+10,3.70186906e+05,2.47654704e-25
Wind-ISM jump,fullhide_1d,10GHz,1.00000000e+10,4.49398459e+05,2.28765689e-25
Wind-ISM jump,fullhide_1d,10GHz,1.00000000e+10,5.45559478e+05,2.14212692e-25
Wind-ISM jump,fullhide_1d,10GHz,1.00000000e+10,6.62296762e+05,2.03997190e-25
Wind-ISM jump,fullhide_1d,10GHz,1.00000000e+10,8.04013161e+05,1.93402151e-25
Wind-ISM jump,fullhide_1d,10GHz,1.00000000e+10,9.76053637e+05,1.83045502e-25
Wind-ISM jump,fullhide_1d,10GHz,1.00000000e+10,1.18490685e+06,1.73490086e-25
Wind-ISM jump,fullhide_1d,10GHz,1.00000000e+10,1.43844989e+06,1.61864647e-25
Wind-ISM jump,fullhide_1d,10GHz,1.00000000e+10,1.74624535e+06,1.48562580e-25
Wind-ISM jump,fullhide_1d,10GHz,1.00000000e+10,2.11990202e+06,1.33629519e-25
Wind-ISM jump,fullhide_1d,10GHz,1.00000000e+10,2.57351270e+06,1.16899777e-25
Wind-ISM jump,fullhide_1d,10GHz,1.00000000e+10,3.12418571e+06,9.93562543e-26
Wind-ISM jump,fullhide_1d,10GHz,1.00000000e+10,3.79269019e+06,8.23490565e-26
Wind-ISM jump,fullhide_1d,10GHz,1.00000000e+10,4.60423938e+06,6.66643365e-26
Wind-ISM jump,fullhide_1d,10GHz,1.00000000e+10,5.58944158e+06,5.29406080e-26
Wind-ISM jump,fullhide_1d,10GHz,1.00000000e+10,6.78545457e+06,4.14393021e-26
Wind-ISM jump,fullhide_1d,10GHz,1.00000000e+10,8.23738707e+06,3.20962680e-26
Wind-ISM jump,fullhide_1d,10GHz,1.00000000e+10,1.00000000e+07,2.46679364e-26
Wind-ISM jump,fullhide_1d,Rband,4.60000000e+14,1.00000000e-01,3.01253105e-23
Wind-ISM jump,fullhide_1d,Rband,4.60000000e+14,1.21397719e-01,3.53337129e-23
Wind-ISM jump,fullhide_1d,Rband,4.60000000e+14,1.47374062e-01,4.14368051e-23
Wind-ISM jump,fullhide_1d,Rband,4.60000000e+14,1.78908749e-01,4.85631712e-23
Wind-ISM jump,fullhide_1d,Rband,4.60000000e+14,2.17191140e-01,5.68546791e-23
Wind-ISM jump,fullhide_1d,Rband,4.60000000e+14,2.63665090e-01,6.64233571e-23
Wind-ISM jump,fullhide_1d,Rband,4.60000000e+14,3.20083405e-01,7.73328642e-23
Wind-ISM jump,fullhide_1d,Rband,4.60000000e+14,3.88573952e-01,8.94385593e-23
Wind-ISM jump,fullhide_1d,Rband,4.60000000e+14,4.71719914e-01,1.02426325e-22
Wind-ISM jump,fullhide_1d,Rband,4.60000000e+14,5.72657215e-01,1.15544215e-22
Wind-ISM jump,fullhide_1d,Rband,4.60000000e+14,6.95192796e-01,1.27585087e-22
Wind-ISM jump,fullhide_1d,Rband,4.60000000e+14,8.43948197e-01,1.37088848e-22
Wind-ISM jump,fullhide_1d,Rband,4.60000000e+14,1.02453386e+00,1.42634706e-22
Wind-ISM jump,fullhide_1d,Rband,4.60000000e+14,1.24376073e+00,1.43428827e-22
Wind-ISM jump,fullhide_1d,Rband,4.60000000e+14,1.50989716e+00,1.39321316e-22
Wind-ISM jump,fullhide_1d,Rband,4.60000000e+14,1.83298071e+00,1.31207861e-22
Wind-ISM jump,fullhide_1d,Rband,4.60000000e+14,2.22519677e+00,1.20303416e-22
Wind-ISM jump,fullhide_1d,Rband,4.60000000e+14,2.70133812e+00,1.07532233e-22
Wind-ISM jump,fullhide_1d,Rband,4.60000000e+14,3.27936286e+00,9.41916615e-23
Wind-ISM jump,fullhide_1d,Rband,4.60000000e+14,3.98107171e+00,8.09915365e-23
Wind-ISM jump,fullhide_1d,Rband,4.60000000e+14,4.83293024e+00,6.87166033e-23
Wind-ISM jump,fullhide_1d,Rband,4.60000000e+14,5.86706707e+00,5.75407868e-23
Wind-ISM jump,fullhide_1d,Rband,4.60000000e+14,7.12248558e+00,4.75184164e-23
Wind-ISM jump,fullhide_1d,Rband,4.60000000e+14,8.64653503e+00,3.88487933e-23
Wind-ISM jump,fullhide_1d,Rband,4.60000000e+14,1.04966963e+01,3.16079903e-23
Wind-ISM jump,fullhide_1d,Rband,4.60000000e+14,1.27427499e+01,2.55971071e-23
Wind-ISM jump,fullhide_1d,Rband,4.60000000e+14,1.54694077e+01,2.07789417e-23
Wind-ISM jump,fullhide_1d,Rband,4.60000000e+14,1.87795080e+01,1.69417337e-23
Wind-ISM jump,fullhide_1d,Rband,4.60000000e+14,2.27978944e+01,1.39874933e-23
Wind-ISM jump,fullhide_1d,Rband,4.60000000e+14,2.76761237e+01,1.17721586e-23
Wind-ISM jump,fullhide_1d,Rband,4.60000000e+14,3.35981829e+01,1.01636195e-23
Wind-ISM jump,fullhide_1d,Rband,4.60000000e+14,4.07874276e+01,9.02472872e-24
Wind-ISM jump,fullhide_1d,Rband,4.60000000e+14,4.95150067e+01,8.25720071e-24
Wind-ISM jump,fullhide_1d,Rband,4.60000000e+14,6.01100886e+01,7.78584388e-24
Wind-ISM jump,fullhide_1d,Rband,4.60000000e+14,7.29722764e+01,7.54058751e-24
Wind-ISM jump,fullhide_1d,Rband,4.60000000e+14,8.85866790e+01,7.46165626e-24
Wind-ISM jump,fullhide_1d,Rband,4.60000000e+14,1.07542208e+02,7.49898083e-24
Wind-ISM jump,fullhide_1d,Rband,4.60000000e+14,1.30553787e+02,7.62319949e-24
Wind-ISM jump,fullhide_1d,Rband,4.60000000e+14,1.58489319e+02,7.80833216e-24
Wind-ISM jump,fullhide_1d,Rband,4.60000000e+14,1.92402418e+02,8.03885805e-24
Wind-ISM jump,fullhide_1d,Rband,4.60000000e+14,2.33572147e+02,8.30311552e-24
Wind-ISM jump,fullhide_1d,Rband,4.60000000e+14,2.83551258e+02,8.58855867e-24
Wind-ISM jump,fullhide_1d,Rband,4.60000000e+14,3.44224760e+02,8.89378209e-24
Wind-ISM jump,fullhide_1d,Rband,4.60000000e+14,4.17881006e+02,9.21626471e-24
Wind-ISM jump,fullhide_1d,Rband,4.60000000e+14,5.07298009e+02,9.54785841e-24
Wind-ISM jump,fullhide_1d,Rband,4.60000000e+14,6.15848211e+02,9.88097529e-24
Wind-ISM jump,fullhide_1d,Rband,4.60000000e+14,7.47625680e+02,1.02132310e-23
Wind-ISM jump,fullhide_1d,Rband,4.60000000e+14,9.07600522e+02,1.05150940e-23
Wind-ISM jump,fullhide_1d,Rband,4.60000000e+14,1.10180633e+03,1.07853765e-23
Wind-ISM jump,fullhide_1d,Rband,4.60000000e+14,1.33756775e+03,1.10079758e-23
Wind-ISM jump,fullhide_1d,Rband,4.60000000e+14,1.62377674e+03,1.11665260e-23
Wind-ISM jump,fullhide_1d,Rband,4.60000000e+14,1.97122792e+03,1.12439557e-23
Wind-ISM jump,fullhide_1d,Rband,4.60000000e+14,2.39302573e+03,1.12189792e-23
Wind-ISM jump,fullhide_1d,Rband,4.60000000e+14,2.90507865e+03,1.10684040e-23
Wind-ISM jump,fullhide_1d,Rband,4.60000000e+14,3.52669921e+03,1.07690193e-23
Wind-ISM jump,fullhide_1d,Rband,4.60000000e+14,4.28133240e+03,1.03026742e-23
Wind-ISM jump,fullhide_1d,Rband,4.60000000e+14,5.19743987e+03,9.66037184e-24
Wind-ISM jump,fullhide_1d,Rband,4.60000000e+14,6.30957344e+03,8.84898828e-24
Wind-ISM jump,fullhide_1d,Rband,4.60000000e+14,7.65967823e+03,7.85256046e-24
Wind-ISM jump,fullhide_1d,Rband,4.60000000e+14,9.29867465e+03,6.67942796e-24
Wind-ISM jump,fullhide_1d,Rband,4.60000000e+14,1.12883789e+04,5.44013325e-24
Wind-ISM jump,fullhide_1d,Rband,4.60000000e+14,1.37038345e+04,4.24595731e-24
Wind-ISM jump,fullhide_1d,Rband,4.60000000e+14,1.66361425e+04,3.18160051e-24
Wind-ISM jump,fullhide_1d,Rband,4.60000000e+14,2.01958975e+04,2.30324097e-24
Wind-ISM jump,fullhide_1d,Rband,4.60000000e+14,2.45173589e+04,1.62504764e-24
Wind-ISM jump,fullhide_1d,Rband,4.60000000e+14,2.97635144e+04,1.12730229e-24
Wind-ISM jump,fullhide_1d,Rband,4.60000000e+14,3.61322276e+04,7.74457616e-25
Wind-ISM jump,fullhide_1d,Rband,4.60000000e+14,4.38637001e+04,5.29300117e-25
Wind-ISM jump,fullhide_1d,Rband,4.60000000e+14,5.32495313e+04,3.60535388e-25
Wind-ISM jump,fullhide_1d,Rband,4.60000000e+14,6.46437163e+04,2.45075653e-25
Wind-ISM jump,fullhide_1d,Rband,4.60000000e+14,7.84759970e+04,1.66183312e-25
Wind-ISM jump,fullhide_1d,Rband,4.60000000e+14,9.52680703e+04,1.12505138e-25
Wind-ISM jump,fullhide_1d,Rband,4.60000000e+14,1.15653264e+05,7.60298130e-26
Wind-ISM jump,fullhide_1d,Rband,4.60000000e+14,1.40400425e+05,5.13371833e-26
Wind-ISM jump,fullhide_1d,Rband,4.60000000e+14,1.70442913e+05,3.38040991e-26
Wind-ISM jump,fullhide_1d,Rband,4.60000000e+14,2.06913808e+05,1.89201210e-26
Wind-ISM jump,fullhide_1d,Rband,4.60000000e+14,2.51188643e+05,1.39153142e-26
Wind-ISM jump,fullhide_1d,Rband,4.60000000e+14,3.04937283e+05,1.19073470e-26
Wind-ISM jump,fullhide_1d,Rband,4.60000000e+14,3.70186906e+05,7.14403535e-27
Wind-ISM jump,fullhide_1d,Rband,4.60000000e+14,4.49398459e+05,4.53293570e-27
Wind-ISM jump,fullhide_1d,Rband,4.60000000e+14,5.45559478e+05,2.99271447e-27
Wind-ISM jump,fullhide_1d,Rband,4.60000000e+14,6.62296762e+05,2.02980234e-27
Wind-ISM jump,fullhide_1d,Rband,4.60000000e+14,8.04013161e+05,1.39877703e-27
Wind-ISM jump,fullhide_1d,Rband,4.60000000e+14,9.76053637e+05,9.75318119e-28
Wind-ISM jump,fullhide_1d,Rband,4.60000000e+14,1.18490685e+06,6.86337833e-28
Wind-ISM jump,fullhide_1d,Rband,4.60000000e+14,1.43844989e+06,4.86592957e-28
Wind-ISM jump,fullhide_1d,Rband,4.60000000e+14,1.74624535e+06,3.46220930e-28
Wind-ISM jump,fullhide_1d,Rband,4.60000000e+14,2.11990202e+06,2.46902804e-28
Wind-ISM jump,fullhide_1d,Rband,4.60000000e+14,2.57351270e+06,1.76377305e-28
Wind-ISM jump,fullhide_1d,Rband,4.60000000e+14,3.12418571e+06,1.26370425e-28
Wind-ISM jump,fullhide_1d,Rband,4.60000000e+14,3.79269019e+06,9.10024953e-29
Wind-ISM jump,fullhide_1d,Rband,4.60000000e+14,4.60423938e+06,6.58763668e-29
Wind-ISM jump,fullhide_1d,Rband,4.60000000e+14,5.58944158e+06,4.77580061e-29
Wind-ISM jump,fullhide_1d,Rband,4.60000000e+14,6.78545457e+06,3.46474067e-29
Wind-ISM jump,fullhide_1d,Rband,4.60000000e+14,8.23738707e+06,2.51767668e-29
Wind-ISM jump,fullhide_1d,Rband,4.60000000e+14,1.00000000e+07,1.83262075e-29
Wind-ISM jump,fullhide_1d,1keV,2.41798900e+17,1.00000000e-01,2.18762038e-22
Wind-ISM jump,fullhide_1d,1keV,2.41798900e+17,1.21397719e-01,2.45396360e-22
Wind-ISM jump,fullhide_1d,1keV,2.41798900e+17,1.47374062e-01,2.70478686e-22
Wind-ISM jump,fullhide_1d,1keV,2.41798900e+17,1.78908749e-01,2.90918699e-22
Wind-ISM jump,fullhide_1d,1keV,2.41798900e+17,2.17191140e-01,3.03680543e-22
Wind-ISM jump,fullhide_1d,1keV,2.41798900e+17,2.63665090e-01,3.05542938e-22
Wind-ISM jump,fullhide_1d,1keV,2.41798900e+17,3.20083405e-01,2.94049349e-22
Wind-ISM jump,fullhide_1d,1keV,2.41798900e+17,3.88573952e-01,2.68325312e-22
Wind-ISM jump,fullhide_1d,1keV,2.41798900e+17,4.71719914e-01,2.30940296e-22
Wind-ISM jump,fullhide_1d,1keV,2.41798900e+17,5.72657215e-01,1.86686513e-22
Wind-ISM jump,fullhide_1d,1keV,2.41798900e+17,6.95192796e-01,1.41636318e-22
Wind-ISM jump,fullhide_1d,1keV,2.41798900e+17,8.43948197e-01,1.01230113e-22
Wind-ISM jump,fullhide_1d,1keV,2.41798900e+17,1.02453386e+00,6.89012354e-23
Wind-ISM jump,fullhide_1d,1keV,2.41798900e+17,1.24376073e+00,4.54333147e-23
Wind-ISM jump,fullhide_1d,1keV,2.41798900e+17,1.50989716e+00,2.99965742e-23
Wind-ISM jump,fullhide_1d,1keV,2.41798900e+17,1.83298071e+00,2.03349615e-23
Wind-ISM jump,fullhide_1d,1keV,2.41798900e+17,2.22519677e+00,1.45739342e-23
Wind-ISM jump,fullhide_1d,1keV,2.41798900e+17,2.70133812e+00,1.14066252e-23
Wind-ISM jump,fullhide_1d,1keV,2.41798900e+17,3.27936286e+00,9.76091200e-24
Wind-ISM jump,fullhide_1d,1keV,2.41798900e+17,3.98107171e+00,8.99397538e-24
Wind-ISM jump,fullhide_1d,1keV,2.41798900e+17,4.83293024e+00,8.69825065e-24
Wind-ISM jump,fullhide_1d,1keV,2.41798900e+17,5.86706707e+00,8.65444479e-24
Wind-ISM jump,fullhide_1d,1keV,2.41798900e+17,7.12248558e+00,8.72253296e-24
Wind-ISM jump,fullhide_1d,1keV,2.41798900e+17,8.64653503e+00,8.82162132e-24
Wind-ISM jump,fullhide_1d,1keV,2.41798900e+17,1.04966963e+01,8.91378371e-24
Wind-ISM jump,fullhide_1d,1keV,2.41798900e+17,1.27427499e+01,8.94503097e-24
Wind-ISM jump,fullhide_1d,1keV,2.41798900e+17,1.54694077e+01,8.94661219e-24
Wind-ISM jump,fullhide_1d,1keV,2.41798900e+17,1.87795080e+01,8.90337126e-24
Wind-ISM jump,fullhide_1d,1keV,2.41798900e+17,2.27978944e+01,8.81457793e-24
Wind-ISM jump,fullhide_1d,1keV,2.41798900e+17,2.76761237e+01,8.67200200e-24
Wind-ISM jump,fullhide_1d,1keV,2.41798900e+17,3.35981829e+01,8.47361830e-24
Wind-ISM jump,fullhide_1d,1keV,2.41798900e+17,4.07874276e+01,8.19385717e-24
Wind-ISM jump,fullhide_1d,1keV,2.41798900e+17,4.95150067e+01,7.85883491e-24
Wind-ISM jump,fullhide_1d,1keV,2.41798900e+17,6.01100886e+01,7.46493972e-24
Wind-ISM jump,fullhide_1d,1keV,2.41798900e+17,7.29722764e+01,7.01402935e-24
Wind-ISM jump,fullhide_1d,1keV,2.41798900e+17,8.85866790e+01,6.51290064e-24
Wind-ISM jump,fullhide_1d,1keV,2.41798900e+17,1.07542208e+02,5.95990005e-24
Wind-ISM jump,fullhide_1d,1keV,2.41798900e+17,1.30553787e+02,5.34617926e-24
Wind-ISM jump,fullhide_1d,1keV,2.41798900e+17,1.58489319e+02,4.72178421e-24
Wind-ISM jump,fullhide_1d,1keV,2.41798900e+17,1.92402418e+02,4.10934605e-24
Wind-ISM jump,fullhide_1d,1keV,2.41798900e+17,2.33572147e+02,3.52401213e-24
Wind-ISM jump,fullhide_1d,1keV,2.41798900e+17,2.83551258e+02,2.97800923e-24
Wind-ISM jump,fullhide_1d,1keV,2.41798900e+17,3.44224760e+02,2.48182897e-24
Wind-ISM jump,fullhide_1d,1keV,2.41798900e+17,4.17881006e+02,2.03920126e-24
Wind-ISM jump,fullhide_1d,1keV,2.41798900e+17,5.07298009e+02,1.65690524e-24
Wind-ISM jump,fullhide_1d,1keV,2.41798900e+17,6.15848211e+02,1.33243400e-24
Wind-ISM jump,fullhide_1d,1keV,2.41798900e+17,7.47625680e+02,1.06293323e-24
Wind-ISM jump,fullhide_1d,1keV,2.41798900e+17,9.07600522e+02,8.42525157e-25
Wind-ISM jump,fullhide_1d,1keV,2.41798900e+17,1.10180633e+03,6.64950338e-25
Wind-ISM jump,fullhide_1d,1keV,2.41798900e+17,1.33756775e+03,5.23020561e-25
Wind-ISM jump,fullhide_1d,1keV,2.41798900e+17,1.62377674e+03,4.10425795e-25
Wind-ISM jump,fullhide_1d,1keV,2.41798900e+17,1.97122792e+03,3.21662653e-25
Wind-ISM jump,fullhide_1d,1keV,2.41798900e+17,2.39302573e+03,2.51818502e-25
Wind-ISM jump,fullhide_1d,1keV,2.41798900e+17,2.90507865e+03,1.96921066e-25
Wind-ISM jump,fullhide_1d,1keV,2.41798900e+17,3.52669921e+03,1.53802900e-25
Wind-ISM jump,fullhide_1d,1keV,2.41798900e+17,4.28133240e+03,1.19835776e-25
Wind-ISM jump,fullhide_1d,1keV,2.41798900e+17,5.19743987e+03,9.28771249e-26
Wind-ISM jump,fullhide_1d,1keV,2.41798900e+17,6.30957344e+03,7.11360434e-26
Wind-ISM jump,fullhide_1d,1keV,2.41798900e+17,7.65967823e+03,5.32457576e-26
Wind-ISM jump,fullhide_1d,1keV,2.41798900e+17,9.29867465e+03,3.90233570e-26
Wind-ISM jump,fullhide_1d,1keV,2.41798900e+17,1.12883789e+04,2.85129439e-26
Wind-ISM jump,fullhide_1d,1keV,2.41798900e+17,1.37038345e+04,2.07697913e-26
Wind-ISM jump,fullhide_1d,1keV,2.41798900e+17,1.66361425e+04,1.50734192e-26
Wind-ISM jump,fullhide_1d,1keV,2.41798900e+17,2.01958975e+04,1.08919289e-26
Wind-ISM jump,fullhide_1d,1keV,2.41798900e+17,2.45173589e+04,7.83353281e-27
Wind-ISM jump,fullhide_1d,1keV,2.41798900e+17,2.97635144e+04,5.60671021e-27
Wind-ISM jump,fullhide_1d,1keV,2.41798900e+17,3.61322276e+04,3.99367027e-27
Wind-ISM jump,fullhide_1d,1keV,2.41798900e+17,4.38637001e+04,2.83135835e-27
Wind-ISM jump,fullhide_1d,1keV,2.41798900e+17,5.32495313e+04,1.99802401e-27
Wind-ISM jump,fullhide_1d,1keV,2.41798900e+17,6.46437163e+04,1.40432057e-27
Wind-ISM jump,fullhide_1d,1keV,2.41798900e+17,7.84759970e+04,9.82920485e-28
Wind-ISM jump,fullhide_1d,1keV,2.41798900e+17,9.52680703e+04,6.85820657e-28
Wind-ISM jump,fullhide_1d,1keV,2.41798900e+17,1.15653264e+05,4.77103802e-28
Wind-ISM jump,fullhide_1d,1keV,2.41798900e+17,1.40400425e+05,3.31210782e-28
Wind-ISM jump,fullhide_1d,1keV,2.41798900e+17,1.70442913e+05,2.23486616e-28
Wind-ISM jump,fullhide_1d,1keV,2.41798900e+17,2.06913808e+05,1.28061448e-28
Wind-ISM jump,fullhide_1d,1keV,2.41798900e+17,2.51188643e+05,1.02476168e-28
Wind-ISM jump,fullhide_1d,1keV,2.41798900e+17,3.04937283e+05,8.68578787e-29
Wind-ISM jump,fullhide_1d,1keV,2.41798900e+17,3.70186906e+05,4.66888205e-29
Wind-ISM jump,fullhide_1d,1keV,2.41798900e+17,4.49398459e+05,2.65314016e-29
Wind-ISM jump,fullhide_1d,1keV,2.41798900e+17,5.45559478e+05,1.58944283e-29
Wind-ISM jump,fullhide_1d,1keV,2.41798900e+17,6.62296762e+05,9.92792120e-30
Wind-ISM jump,fullhide_1d,1keV,2.41798900e+17,8.04013161e+05,6.37720714e-30
Wind-ISM jump,fullhide_1d,1keV,2.41798900e+17,9.76053637e+05,4.18549494e-30
Wind-ISM jump,fullhide_1d,1keV,2.41798900e+17,1.18490685e+06,2.79523214e-30
Wind-ISM jump,fullhide_1d,1keV,2.41798900e+17,1.43844989e+06,1.89307101e-30
Wind-ISM jump,fullhide_1d,1keV,2.41798900e+17,1.74624535e+06,1.29202497e-30
Wind-ISM jump,fullhide_1d,1keV,2.41798900e+17,2.11990202e+06,8.86228721e-31
Wind-ISM jump,fullhide_1d,1keV,2.41798900e+17,2.57351270e+06,6.10103926e-31
Wind-ISM jump,fullhide_1d,1keV,2.41798900e+17,3.12418571e+06,4.22144539e-31
Wind-ISM jump,fullhide_1d,1keV,2.41798900e+17,3.79269019e+06,2.94137598e-31
Wind-ISM jump,fullhide_1d,1keV,2.41798900e+17,4.60423938e+06,2.06324556e-31
Wind-ISM jump,fullhide_1d,1keV,2.41798900e+17,5.58944158e+06,1.45068877e-31
Wind-ISM jump,fullhide_1d,1keV,2.41798900e+17,6.78545457e+06,1.02191567e-31
Wind-ISM jump,fullhide_1d,1keV,2.41798900e+17,8.23738707e+06,7.21121493e-32
Wind-ISM jump,fullhide_1d,1keV,2.41798900e+17,1.00000000e+07,5.09691640e-32
Wind-ISM jump,fullhide_1d,100MeV,2.41798900e+22,1.00000000e-01,6.71179950e-26
Wind-ISM jump,fullhide_1d,100MeV,2.41798900e+22,1.21397719e-01,3.92936434e-26
Wind-ISM jump,fullhide_1d,100MeV,2.41798900e+22,1.47374062e-01,2.04843981e-26
Wind-ISM jump,fullhide_1d,100MeV,2.41798900e+22,1.78908749e-01,9.28661088e-27
Wind-ISM jump,fullhide_1d,100MeV,2.41798900e+22,2.17191140e-01,3.30439916e-27
Wind-ISM jump,fullhide_1d,100MeV,2.41798900e+22,2.63665090e-01,1.08934013e-27
Wind-ISM jump,fullhide_1d,100MeV,2.41798900e+22,3.20083405e-01,1.68174047e-27
Wind-ISM jump,fullhide_1d,100MeV,2.41798900e+22,3.88573952e-01,1.04623577e-27
Wind-ISM jump,fullhide_1d,100MeV,2.41798900e+22,4.71719914e-01,1.38104439e-27
Wind-ISM jump,fullhide_1d,100MeV,2.41798900e+22,5.72657215e-01,1.76092122e-27
Wind-ISM jump,fullhide_1d,100MeV,2.41798900e+22,6.95192796e-01,2.18624384e-27
Wind-ISM jump,fullhide_1d,100MeV,2.41798900e+22,8.43948197e-01,2.61475052e-27
Wind-ISM jump,fullhide_1d,100MeV,2.41798900e+22,1.02453386e+00,2.87412130e-27
Wind-ISM jump,fullhide_1d,100MeV,2.41798900e+22,1.24376073e+00,2.97812155e-27
Wind-ISM jump,fullhide_1d,100MeV,2.41798900e+22,1.50989716e+00,2.89601070e-27
Wind-ISM jump,fullhide_1d,100MeV,2.41798900e+22,1.83298071e+00,2.67380671e-27
Wind-ISM jump,fullhide_1d,100MeV,2.41798900e+22,2.22519677e+00,2.37084581e-27
Wind-ISM jump,fullhide_1d,100MeV,2.41798900e+22,2.70133812e+00,2.03912019e-27
Wind-ISM jump,fullhide_1d,100MeV,2.41798900e+22,3.27936286e+00,1.71506250e-27
Wind-ISM jump,fullhide_1d,100MeV,2.41798900e+22,3.98107171e+00,1.41679550e-27
Wind-ISM jump,fullhide_1d,100MeV,2.41798900e+22,4.83293024e+00,1.15843381e-27
Wind-ISM jump,fullhide_1d,100MeV,2.41798900e+22,5.86706707e+00,9.37934991e-28
Wind-ISM jump,fullhide_1d,100MeV,2.41798900e+22,7.12248558e+00,7.53207365e-28
Wind-ISM jump,fullhide_1d,100MeV,2.41798900e+22,8.64653503e+00,6.01748429e-28
Wind-ISM jump,fullhide_1d,100MeV,2.41798900e+22,1.04966963e+01,4.79281107e-28
Wind-ISM jump,fullhide_1d,100MeV,2.41798900e+22,1.27427499e+01,3.79543014e-28
Wind-ISM jump,fullhide_1d,100MeV,2.41798900e+22,1.54694077e+01,3.00345247e-28
Wind-ISM jump,fullhide_1d,100MeV,2.41798900e+22,1.87795080e+01,2.36865826e-28
Wind-ISM jump,fullhide_1d,100MeV,2.41798900e+22,2.27978944e+01,1.86535054e-28
Wind-ISM jump,fullhide_1d,100MeV,2.41798900e+22,2.76761237e+01,1.46520826e-28
Wind-ISM jump,fullhide_1d,100MeV,2.41798900e+22,3.35981829e+01,1.15105892e-28
Wind-ISM jump,fullhide_1d,100MeV,2.41798900e+22,4.07874276e+01,9.02281590e-29
Wind-ISM jump,fullhide_1d,100MeV,2.41798900e+22,4.95150067e+01,7.06165289e-29
Wind-ISM jump,fullhide_1d,100MeV,2.41798900e+22,6.01100886e+01,5.52400070e-29
Wind-ISM jump,fullhide_1d,100MeV,2.41798900e+22,7.29722764e+01,4.31994716e-29
Wind-ISM jump,fullhide_1d,100MeV,2.41798900e+22,8.85866790e+01,3.37647643e-29
Wind-ISM jump,fullhide_1d,100MeV,2.41798900e+22,1.07542208e+02,2.63800436e-29
Wind-ISM jump,fullhide_1d,100MeV,2.41798900e+22,1.30553787e+02,2.05862187e-29
Wind-ISM jump,fullhide_1d,100MeV,2.41798900e+22,1.58489319e+02,1.60592305e-29
Wind-ISM jump,fullhide_1d,100MeV,2.41798900e+22,1.92402418e+02,1.25200220e-29
Wind-ISM jump,fullhide_1d,100MeV,2.41798900e+22,2.33572147e+02,9.76281621e-30
Wind-ISM jump,fullhide_1d,100MeV,2.41798900e+22,2.83551258e+02,7.60834486e-30
Wind-ISM jump,fullhide_1d,100MeV,2.41798900e+22,3.44224760e+02,5.92837144e-30
Wind-ISM jump,fullhide_1d,100MeV,2.41798900e+22,4.17881006e+02,4.61681206e-30
Wind-ISM jump,fullhide_1d,100MeV,2.41798900e+22,5.07298009e+02,3.59109115e-30
Wind-ISM jump,fullhide_1d,100MeV,2.41798900e+22,6.15848211e+02,2.78910026e-30
Wind-ISM jump,fullhide_1d,100MeV,2.41798900e+22,7.47625680e+02,2.16603348e-30
Wind-ISM jump,fullhide_1d,100MeV,2.41798900e+22,9.07600522e+02,1.68258149e-30
Wind-ISM jump,fullhide_1d,100MeV,2.41798900e+22,1.10180633e+03,1.30841484e-30
Wind-ISM jump,fullhide_1d,100MeV,2.41798900e+22,1.33756775e+03,1.01837746e-30
Wind-ISM jump,fullhide_1d,100MeV,2.41798900e+22,1.62377674e+03,7.93540367e-31
Wind-ISM jump,fullhide_1d,100MeV,2.41798900e+22,1.97122792e+03,6.19283025e-31
Wind-ISM jump,fullhide_1d,100MeV,2.41798900e+22,2.39302573e+03,4.83905311e-31
Wind-ISM jump,fullhide_1d,100MeV,2.41798900e+22,2.90507865e+03,3.78503241e-31
Wind-ISM jump,fullhide_1d,100MeV,2.41798900e+22,3.52669921e+03,2.96277529e-31
Wind-ISM jump,fullhide_1d,100MeV,2.41798900e+22,4.28133240e+03,2.31825862e-31
Wind-ISM jump,fullhide_1d,100MeV,2.41798900e+22,5.19743987e+03,1.80893175e-31
Wind-ISM jump,fullhide_1d,100MeV,2.41798900e+22,6.30957344e+03,1.40023082e-31
Wind-ISM jump,fullhide_1d,100MeV,2.41798900e+22,7.65967823e+03,1.06580768e-31
Wind-ISM jump,fullhide_1d,100MeV,2.41798900e+22,9.29867465e+03,7.98655105e-32
Wind-ISM jump,fullhide_1d,100MeV,2.41798900e+22,1.12883789e+04,5.96609810e-32
Wind-ISM jump,fullhide_1d,100MeV,2.41798900e+22,1.37038345e+04,4.44353888e-32
Wind-ISM jump,fullhide_1d,100MeV,2.41798900e+22,1.66361425e+04,3.29848434e-32
Wind-ISM jump,fullhide_1d,100MeV,2.41798900e+22,2.01958975e+04,2.43917158e-32
Wind-ISM jump,fullhide_1d,100MeV,2.41798900e+22,2.45173589e+04,1.79624806e-32
Wind-ISM jump,fullhide_1d,100MeV,2.41798900e+22,2.97635144e+04,1.31709767e-32
Wind-ISM jump,fullhide_1d,100MeV,2.41798900e+22,3.61322276e+04,9.61606991e-33
Wind-ISM jump,fullhide_1d,100MeV,2.41798900e+22,4.38637001e+04,6.99078591e-33
Wind-ISM jump,fullhide_1d,100MeV,2.41798900e+22,5.32495313e+04,5.06072380e-33
Wind-ISM jump,fullhide_1d,100MeV,2.41798900e+22,6.46437163e+04,3.64972602e-33
Wind-ISM jump,fullhide_1d,100MeV,2.41798900e+22,7.84759970e+04,2.62186215e-33
Wind-ISM jump,fullhide_1d,100MeV,2.41798900e+22,9.52680703e+04,1.87795772e-33
Wind-ISM jump,fullhide_1d,100MeV,2.41798900e+22,1.15653264e+05,1.34150839e-33
Wind-ISM jump,fullhide_1d,100MeV,2.41798900e+22,1.40400425e+05,9.56428899e-34
Wind-ISM jump,fullhide_1d,100MeV,2.41798900e+22,1.70442913e+05,6.60234340e-34
Wind-ISM jump,fullhide_1d,100MeV,2.41798900e+22,2.06913808e+05,3.66788367e-34
Wind-ISM jump,fullhide_1d,100MeV,2.41798900e+22,2.51188643e+05,2.38909758e-34
Wind-ISM jump,fullhide_1d,100MeV,2.41798900e+22,3.04937283e+05,1.72671869e-34
Wind-ISM jump,fullhide_1d,100MeV,2.41798900e+22,3.70186906e+05,8.39308667e-35
Wind-ISM jump,fullhide_1d,100MeV,2.41798900e+22,4.49398459e+05,4.59155119e-35
Wind-ISM jump,fullhide_1d,100MeV,2.41798900e+22,5.45559478e+05,2.69687326e-35
Wind-ISM jump,fullhide_1d,100MeV,2.41798900e+22,6.62296762e+05,1.65672775e-35
Wind-ISM jump,fullhide_1d,100MeV,2.41798900e+22,8.04013161e+05,1.04664065e-35
Wind-ISM jump,fullhide_1d,100MeV,2.41798900e+22,9.76053637e+05,6.75008605e-36
Wind-ISM jump,fullhide_1d,100MeV,2.41798900e+22,1.18490685e+06,4.42554589e-36
Wind-ISM jump,fullhide_1d,100MeV,2.41798900e+22,1.43844989e+06,2.94024572e-36
Wind-ISM jump,fullhide_1d,100MeV,2.41798900e+22,1.74624535e+06,1.96745339e-36
Wind-ISM jump,fullhide_1d,100MeV,2.41798900e+22,2.11990202e+06,1.32071769e-36
Wind-ISM jump,fullhide_1d,100MeV,2.41798900e+22,2.57351270e+06,8.88058565e-37
Wind-ISM jump,fullhide_1d,100MeV,2.41798900e+22,3.12418571e+06,6.00222437e-37
Wind-ISM jump,fullhide_1d,100MeV,2.41798900e+22,3.79269019e+06,4.08696715e-37
Wind-ISM jump,fullhide_1d,100MeV,2.41798900e+22,4.60423938e+06,2.80337061e-37
Wind-ISM jump,fullhide_1d,100MeV,2.41798900e+22,5.58944158e+06,1.92837927e-37
Wind-ISM jump,fullhide_1d,100MeV,2.41798900e+22,6.78545457e+06,1.32947754e-37
Wind-ISM jump,fullhide_1d,100MeV,2.41798900e+22,8.23738707e+06,9.18567902e-38
Wind-ISM jump,fullhide_1d,100MeV,2.41798900e+22,1.00000000e+07,6.36053696e-38
Wind-ISM jump,dg_1d,10GHz,1.00000000e+10,1.00000000e-01,9.57634269e-28
Wind-ISM jump,dg_1d,10GHz,1.00000000e+10,1.21397719e-01,1.13185696e-27
Wind-ISM jump,dg_1d,10GHz,1.00000000e+10,1.47374062e-01,1.29343818e-27
Wind-ISM jump,dg_1d,10GHz,1.00000000e+10,1.78908749e-01,1.48157093e-27
Wind-ISM jump,dg_1d,10GHz,1.00000000e+10,2.17191140e-01,1.76070030e-27
Wind-ISM jump,dg_1d,10GHz,1.00000000e+10,2.63665090e-01,2.06734317e-27
Wind-ISM jump,dg_1d,10GHz,1.00000000e+10,3.20083405e-01,2.44487837e-27
Wind-ISM jump,dg_1d,10GHz,1.00000000e+10,3.88573952e-01,2.79776696e-27
Wind-ISM jump,dg_1d,10GHz,1.00000000e+10,4.71719914e-01,3.35914196e-27
Wind-ISM jump,dg_1d,10GHz,1.00000000e+10,5.72657215e-01,3.87225161e-27
Wind-ISM jump,dg_1d,10GHz,1.00000000e+10,6.95192796e-01,4.70038229e-27
Wind-ISM jump,dg_1d,10GHz,1.00000000e+10,8.43948197e-01,5.46753199e-27
Wind-ISM jump,dg_1d,10GHz,1.00000000e+10,1.02453386e+00,6.26842048e-27
Wind-ISM jump,dg_1d,10GHz,1.00000000e+10,1.24376073e+00,7.34127544e-27
Wind-ISM jump,dg_1d,10GHz,1.00000000e+10,1.50989716e+00,8.46125756e-27
Wind-ISM jump,dg_1d,10GHz,1.00000000e+10,1.83298071e+00,9.60146790e-27
Wind-ISM jump,dg_1d,10GHz,1.00000000e+10,2.22519677e+00,1.11004954e-26
Wind-ISM jump,dg_1d,10GHz,1.00000000e+10,2.70133812e+00,1.24632411e-26
Wind-ISM jump,dg_1d,10GHz,1.00000000e+10,3.27936286e+00,1.37911193e-26
Wind-ISM jump,dg_1d,10GHz,1.00000000e+10,3.98107171e+00,1.55542888e-26
Wind-ISM jump,dg_1d,10GHz,1.00000000e+10,4.83293024e+00,1.77895153e-26
Wind-ISM jump,dg_1d,10GHz,1.00000000e+10,5.86706707e+00,2.03136915e-26
Wind-ISM jump,dg_1d,10GHz,1.00000000e+10,7.12248558e+00,2.27595098e-26
Wind-ISM jump,dg_1d,10GHz,1.00000000e+10,8.64653503e+00,2.52229986e-26
Wind-ISM jump,dg_1d,10GHz,1.00000000e+10,1.04966963e+01,2.78456373e-26
Wind-ISM jump,dg_1d,10GHz,1.00000000e+10,1.27427499e+01,3.11537980e-26
Wind-ISM jump,dg_1d,10GHz,1.00000000e+10,1.54694077e+01,3.51728089e-26
Wind-ISM jump,dg_1d,10GHz,1.00000000e+10,1.87795080e+01,3.92000897e-26
Wind-ISM jump,dg_1d,10GHz,1.00000000e+10,2.27978944e+01,4.32750976e-26
Wind-ISM jump,dg_1d,10GHz,1.00000000e+10,2.76761237e+01,4.80679723e-26
Wind-ISM jump,dg_1d,10GHz,1.00000000e+10,3.35981829e+01,5.32878711e-26
Wind-ISM jump,dg_1d,10GHz,1.00000000e+10,4.07874276e+01,6.02058237e-26
Wind-ISM jump,dg_1d,10GHz,1.00000000e+10,4.95150067e+01,6.90099725e-26
Wind-ISM jump,dg_1d,10GHz,1.00000000e+10,6.01100886e+01,7.78114862e-26
Wind-ISM jump,dg_1d,10GHz,1.00000000e+10,7.29722764e+01,8.71607710e-26
Wind-ISM jump,dg_1d,10GHz,1.00000000e+10,8.85866790e+01,9.81701559e-26
Wind-ISM jump,dg_1d,10GHz,1.00000000e+10,1.07542208e+02,1.10750698e-25
Wind-ISM jump,dg_1d,10GHz,1.00000000e+10,1.30553787e+02,1.24797310e-25
Wind-ISM jump,dg_1d,10GHz,1.00000000e+10,1.58489319e+02,1.42859893e-25
Wind-ISM jump,dg_1d,10GHz,1.00000000e+10,1.92402418e+02,1.64897785e-25
Wind-ISM jump,dg_1d,10GHz,1.00000000e+10,2.33572147e+02,1.88344718e-25
Wind-ISM jump,dg_1d,10GHz,1.00000000e+10,2.83551258e+02,2.13187673e-25
Wind-ISM jump,dg_1d,10GHz,1.00000000e+10,3.44224760e+02,2.40827347e-25
Wind-ISM jump,dg_1d,10GHz,1.00000000e+10,4.17881006e+02,2.72608700e-25
Wind-ISM jump,dg_1d,10GHz,1.00000000e+10,5.07298009e+02,3.08862367e-25
Wind-ISM jump,dg_1d,10GHz,1.00000000e+10,6.15848211e+02,3.52234436e-25
Wind-ISM jump,dg_1d,10GHz,1.00000000e+10,7.47625680e+02,4.06710895e-25
Wind-ISM jump,dg_1d,10GHz,1.00000000e+10,9.07600522e+02,4.66364180e-25
Wind-ISM jump,dg_1d,10GHz,1.00000000e+10,1.10180633e+03,5.26485842e-25
Wind-ISM jump,dg_1d,10GHz,1.00000000e+10,1.33756775e+03,5.82437195e-25
Wind-ISM jump,dg_1d,10GHz,1.00000000e+10,1.62377674e+03,6.34156785e-25
Wind-ISM jump,dg_1d,10GHz,1.00000000e+10,1.97122792e+03,6.86996647e-25
Wind-ISM jump,dg_1d,10GHz,1.00000000e+10,2.39302573e+03,7.42516148e-25
Wind-ISM jump,dg_1d,10GHz,1.00000000e+10,2.90507865e+03,7.96131993e-25
Wind-ISM jump,dg_1d,10GHz,1.00000000e+10,3.52669921e+03,8.42111984e-25
Wind-ISM jump,dg_1d,10GHz,1.00000000e+10,4.28133240e+03,8.76856534e-25
Wind-ISM jump,dg_1d,10GHz,1.00000000e+10,5.19743987e+03,9.01075557e-25
Wind-ISM jump,dg_1d,10GHz,1.00000000e+10,6.30957344e+03,9.16969605e-25
Wind-ISM jump,dg_1d,10GHz,1.00000000e+10,7.65967823e+03,9.21583677e-25
Wind-ISM jump,dg_1d,10GHz,1.00000000e+10,9.29867465e+03,9.07842572e-25
Wind-ISM jump,dg_1d,10GHz,1.00000000e+10,1.12883789e+04,8.80441812e-25
Wind-ISM jump,dg_1d,10GHz,1.00000000e+10,1.37038345e+04,8.49473226e-25
Wind-ISM jump,dg_1d,10GHz,1.00000000e+10,1.66361425e+04,8.14393013e-25
Wind-ISM jump,dg_1d,10GHz,1.00000000e+10,2.01958975e+04,7.82651022e-25
Wind-ISM jump,dg_1d,10GHz,1.00000000e+10,2.45173589e+04,7.53266742e-25
Wind-ISM jump,dg_1d,10GHz,1.00000000e+10,2.97635144e+04,7.24455868e-25
Wind-ISM jump,dg_1d,10GHz,1.00000000e+10,3.61322276e+04,6.97444533e-25
Wind-ISM jump,dg_1d,10GHz,1.00000000e+10,4.38637001e+04,6.68171887e-25
Wind-ISM jump,dg_1d,10GHz,1.00000000e+10,5.32495313e+04,6.36421388e-25
Wind-ISM jump,dg_1d,10GHz,1.00000000e+10,6.46437163e+04,6.01480572e-25
Wind-ISM jump,dg_1d,10GHz,1.00000000e+10,7.84759970e+04,5.66941599e-25
Wind-ISM jump,dg_1d,10GHz,1.00000000e+10,9.52680703e+04,5.35471707e-25
Wind-ISM jump,dg_1d,10GHz,1.00000000e+10,1.15653264e+05,5.04687696e-25
Wind-ISM jump,dg_1d,10GHz,1.00000000e+10,1.40400425e+05,4.71104630e-25
Wind-ISM jump,dg_1d,10GHz,1.00000000e+10,1.70442913e+05,4.25749221e-25
Wind-ISM jump,dg_1d,10GHz,1.00000000e+10,2.06913808e+05,3.31338996e-25
Wind-ISM jump,dg_1d,10GHz,1.00000000e+10,2.51188643e+05,2.85388250e-25
Wind-ISM jump,dg_1d,10GHz,1.00000000e+10,3.04937283e+05,2.89195607e-25
Wind-ISM jump,dg_1d,10GHz,1.00000000e+10,3.70186906e+05,2.61497094e-25
Wind-ISM jump,dg_1d,10GHz,1.00000000e+10,4.49398459e+05,2.36181271e-25
Wind-ISM jump,dg_1d,10GHz,1.00000000e+10,5.45559478e+05,2.19820450e-25
Wind-ISM jump,dg_1d,10GHz,1.00000000e+10,6.62296762e+05,2.09289850e-25
Wind-ISM jump,dg_1d,10GHz,1.00000000e+10,8.04013161e+05,2.00165938e-25
Wind-ISM jump,dg_1d,10GHz,1.00000000e+10,9.76053637e+05,1.86593719e-25
Wind-ISM jump,dg_1d,10GHz,1.00000000e+10,1.18490685e+06,1.80602489e-25
Wind-ISM jump,dg_1d,10GHz,1.00000000e+10,1.43844989e+06,1.68663803e-25
Wind-ISM jump,dg_1d,10GHz,1.00000000e+10,1.74624535e+06,1.54817461e-25
Wind-ISM jump,dg_1d,10GHz,1.00000000e+10,2.11990202e+06,1.39484186e-25
Wind-ISM jump,dg_1d,10GHz,1.00000000e+10,2.57351270e+06,1.22357731e-25
Wind-ISM jump,dg_1d,10GHz,1.00000000e+10,3.12418571e+06,1.03573692e-25
Wind-ISM jump,dg_1d,10GHz,1.00000000e+10,3.79269019e+06,8.58699273e-26
Wind-ISM jump,dg_1d,10GHz,1.00000000e+10,4.60423938e+06,6.91834171e-26
Wind-ISM jump,dg_1d,10GHz,1.00000000e+10,5.58944158e+06,5.45530275e-26
Wind-ISM jump,dg_1d,10GHz,1.00000000e+10,6.78545457e+06,4.23604050e-26
Wind-ISM jump,dg_1d,10GHz,1.00000000e+10,8.23738707e+06,3.25304848e-26
Wind-ISM jump,dg_1d,10GHz,1.00000000e+10,1.00000000e+07,2.47782853e-26
Wind-ISM jump,dg_1d,Rband,4.60000000e+14,1.00000000e-01,4.31636927e-23
Wind-ISM jump,dg_1d,Rband,4.60000000e+14,1.21397719e-01,5.11728604e-23
Wind-ISM jump,dg_1d,Rband,4.60000000e+14,1.47374062e-01,6.08362242e-23
Wind-ISM jump,dg_1d,Rband,4.60000000e+14,1.78908749e-01,7.16559132e-23
Wind-ISM jump,dg_1d,Rband,4.60000000e+14,2.17191140e-01,8.21082310e-23
Wind-ISM jump,dg_1d,Rband,4.60000000e+14,2.63665090e-01,9.56660277e-23
Wind-ISM jump,dg_1d,Rband,4.60000000e+14,3.20083405e-01,1.10808376e-22
Wind-ISM jump,dg_1d,Rband,4.60000000e+14,3.88573952e-01,1.27731260e-22
Wind-ISM jump,dg_1d,Rband,4.60000000e+14,4.71719914e-01,1.49163031e-22
Wind-ISM jump,dg_1d,Rband,4.60000000e+14,5.72657215e-01,1.66018220e-22
Wind-ISM jump,dg_1d,Rband,4.60000000e+14,6.95192796e-01,1.89429687e-22
Wind-ISM jump,dg_1d,Rband,4.60000000e+14,8.43948197e-01,2.01305581e-22
Wind-ISM jump,dg_1d,Rband,4.60000000e+14,1.02453386e+00,2.13856314e-22
Wind-ISM jump,dg_1d,Rband,4.60000000e+14,1.24376073e+00,2.17656064e-22
Wind-ISM jump,dg_1d,Rband,4.60000000e+14,1.50989716e+00,2.16282402e-22
Wind-ISM jump,dg_1d,Rband,4.60000000e+14,1.83298071e+00,2.11373175e-22
Wind-ISM jump,dg_1d,Rband,4.60000000e+14,2.22519677e+00,2.02028817e-22
Wind-ISM jump,dg_1d,Rband,4.60000000e+14,2.70133812e+00,1.83461107e-22
Wind-ISM jump,dg_1d,Rband,4.60000000e+14,3.27936286e+00,1.61239020e-22
Wind-ISM jump,dg_1d,Rband,4.60000000e+14,3.98107171e+00,1.41233403e-22
Wind-ISM jump,dg_1d,Rband,4.60000000e+14,4.83293024e+00,1.22925702e-22
Wind-ISM jump,dg_1d,Rband,4.60000000e+14,5.86706707e+00,1.04905392e-22
Wind-ISM jump,dg_1d,Rband,4.60000000e+14,7.12248558e+00,8.60670706e-23
Wind-ISM jump,dg_1d,Rband,4.60000000e+14,8.64653503e+00,6.84744751e-23
Wind-ISM jump,dg_1d,Rband,4.60000000e+14,1.04966963e+01,5.31355254e-23
Wind-ISM jump,dg_1d,Rband,4.60000000e+14,1.27427499e+01,4.05514181e-23
Wind-ISM jump,dg_1d,Rband,4.60000000e+14,1.54694077e+01,3.07939531e-23
Wind-ISM jump,dg_1d,Rband,4.60000000e+14,1.87795080e+01,2.30546633e-23
Wind-ISM jump,dg_1d,Rband,4.60000000e+14,2.27978944e+01,1.71974009e-23
Wind-ISM jump,dg_1d,Rband,4.60000000e+14,2.76761237e+01,1.33615628e-23
Wind-ISM jump,dg_1d,Rband,4.60000000e+14,3.35981829e+01,1.05650447e-23
Wind-ISM jump,dg_1d,Rband,4.60000000e+14,4.07874276e+01,8.86872973e-24
Wind-ISM jump,dg_1d,Rband,4.60000000e+14,4.95150067e+01,7.89357357e-24
Wind-ISM jump,dg_1d,Rband,4.60000000e+14,6.01100886e+01,7.40704783e-24
Wind-ISM jump,dg_1d,Rband,4.60000000e+14,7.29722764e+01,7.24902684e-24
Wind-ISM jump,dg_1d,Rband,4.60000000e+14,8.85866790e+01,7.30473952e-24
Wind-ISM jump,dg_1d,Rband,4.60000000e+14,1.07542208e+02,7.46976119e-24
Wind-ISM jump,dg_1d,Rband,4.60000000e+14,1.30553787e+02,7.70460197e-24
Wind-ISM jump,dg_1d,Rband,4.60000000e+14,1.58489319e+02,7.98035295e-24
Wind-ISM jump,dg_1d,Rband,4.60000000e+14,1.92402418e+02,8.28816148e-24
Wind-ISM jump,dg_1d,Rband,4.60000000e+14,2.33572147e+02,8.60933426e-24
Wind-ISM jump,dg_1d,Rband,4.60000000e+14,2.83551258e+02,8.92737586e-24
Wind-ISM jump,dg_1d,Rband,4.60000000e+14,3.44224760e+02,9.25735521e-24
Wind-ISM jump,dg_1d,Rband,4.60000000e+14,4.17881006e+02,9.61112825e-24
Wind-ISM jump,dg_1d,Rband,4.60000000e+14,5.07298009e+02,1.00023868e-23
Wind-ISM jump,dg_1d,Rband,4.60000000e+14,6.15848211e+02,1.03771841e-23
Wind-ISM jump,dg_1d,Rband,4.60000000e+14,7.47625680e+02,1.07212109e-23
Wind-ISM jump,dg_1d,Rband,4.60000000e+14,9.07600522e+02,1.10368645e-23
Wind-ISM jump,dg_1d,Rband,4.60000000e+14,1.10180633e+03,1.13266545e-23
Wind-ISM jump,dg_1d,Rband,4.60000000e+14,1.33756775e+03,1.15842980e-23
Wind-ISM jump,dg_1d,Rband,4.60000000e+14,1.62377674e+03,1.18033227e-23
Wind-ISM jump,dg_1d,Rband,4.60000000e+14,1.97122792e+03,1.19348020e-23
Wind-ISM jump,dg_1d,Rband,4.60000000e+14,2.39302573e+03,1.19169509e-23
Wind-ISM jump,dg_1d,Rband,4.60000000e+14,2.90507865e+03,1.17403078e-23
Wind-ISM jump,dg_1d,Rband,4.60000000e+14,3.52669921e+03,1.13993244e-23
Wind-ISM jump,dg_1d,Rband,4.60000000e+14,4.28133240e+03,1.08632608e-23
Wind-ISM jump,dg_1d,Rband,4.60000000e+14,5.19743987e+03,1.01227356e-23
Wind-ISM jump,dg_1d,Rband,4.60000000e+14,6.30957344e+03,9.20291951e-24
Wind-ISM jump,dg_1d,Rband,4.60000000e+14,7.65967823e+03,8.08962141e-24
Wind-ISM jump,dg_1d,Rband,4.60000000e+14,9.29867465e+03,6.78902252e-24
Wind-ISM jump,dg_1d,Rband,4.60000000e+14,1.12883789e+04,5.43760791e-24
Wind-ISM jump,dg_1d,Rband,4.60000000e+14,1.37038345e+04,4.14900728e-24
Wind-ISM jump,dg_1d,Rband,4.60000000e+14,1.66361425e+04,3.04221229e-24
Wind-ISM jump,dg_1d,Rband,4.60000000e+14,2.01958975e+04,2.16247382e-24
Wind-ISM jump,dg_1d,Rband,4.60000000e+14,2.45173589e+04,1.50680489e-24
Wind-ISM jump,dg_1d,Rband,4.60000000e+14,2.97635144e+04,1.03790792e-24
Wind-ISM jump,dg_1d,Rband,4.60000000e+14,3.61322276e+04,7.11360219e-25
Wind-ISM jump,dg_1d,Rband,4.60000000e+14,4.38637001e+04,4.86143794e-25
Wind-ISM jump,dg_1d,Rband,4.60000000e+14,5.32495313e+04,3.31272619e-25
Wind-ISM jump,dg_1d,Rband,4.60000000e+14,6.46437163e+04,2.25384094e-25
Wind-ISM jump,dg_1d,Rband,4.60000000e+14,7.84759970e+04,1.52982080e-25
Wind-ISM jump,dg_1d,Rband,4.60000000e+14,9.52680703e+04,1.03669373e-25
Wind-ISM jump,dg_1d,Rband,4.60000000e+14,1.15653264e+05,7.00610390e-26
Wind-ISM jump,dg_1d,Rband,4.60000000e+14,1.40400425e+05,4.73035873e-26
Wind-ISM jump,dg_1d,Rband,4.60000000e+14,1.70442913e+05,3.11482697e-26
Wind-ISM jump,dg_1d,Rband,4.60000000e+14,2.06913808e+05,1.74533446e-26
Wind-ISM jump,dg_1d,Rband,4.60000000e+14,2.51188643e+05,1.29169404e-26
Wind-ISM jump,dg_1d,Rband,4.60000000e+14,3.04937283e+05,1.11408874e-26
Wind-ISM jump,dg_1d,Rband,4.60000000e+14,3.70186906e+05,6.73141154e-27
Wind-ISM jump,dg_1d,Rband,4.60000000e+14,4.49398459e+05,4.28109979e-27
Wind-ISM jump,dg_1d,Rband,4.60000000e+14,5.45559478e+05,2.83200931e-27
Wind-ISM jump,dg_1d,Rband,4.60000000e+14,6.62296762e+05,1.92300736e-27
Wind-ISM jump,dg_1d,Rband,4.60000000e+14,8.04013161e+05,1.32472847e-27
Wind-ISM jump,dg_1d,Rband,4.60000000e+14,9.76053637e+05,9.24310951e-28
Wind-ISM jump,dg_1d,Rband,4.60000000e+14,1.18490685e+06,6.49586996e-28
Wind-ISM jump,dg_1d,Rband,4.60000000e+14,1.43844989e+06,4.59808455e-28
Wind-ISM jump,dg_1d,Rband,4.60000000e+14,1.74624535e+06,3.26860896e-28
Wind-ISM jump,dg_1d,Rband,4.60000000e+14,2.11990202e+06,2.32701298e-28
Wind-ISM jump,dg_1d,Rband,4.60000000e+14,2.57351270e+06,1.65818465e-28
Wind-ISM jump,dg_1d,Rband,4.60000000e+14,3.12418571e+06,1.18423586e-28
Wind-ISM jump,dg_1d,Rband,4.60000000e+14,3.79269019e+06,8.51201231e-29
Wind-ISM jump,dg_1d,Rband,4.60000000e+14,4.60423938e+06,6.13758170e-29
Wind-ISM jump,dg_1d,Rband,4.60000000e+14,5.58944158e+06,4.43096087e-29
Wind-ISM jump,dg_1d,Rband,4.60000000e+14,6.78545457e+06,3.20111507e-29
Wind-ISM jump,dg_1d,Rband,4.60000000e+14,8.23738707e+06,2.31862093e-29
Wind-ISM jump,dg_1d,Rband,4.60000000e+14,1.00000000e+07,1.68354501e-29
Wind-ISM jump,dg_1d,1keV,2.41798900e+17,1.00000000e-01,3.17796610e-22
Wind-ISM jump,dg_1d,1keV,2.41798900e+17,1.21397719e-01,3.62542070e-22
Wind-ISM jump,dg_1d,1keV,2.41798900e+17,1.47374062e-01,4.13224239e-22
Wind-ISM jump,dg_1d,1keV,2.41798900e+17,1.78908749e-01,4.49269660e-22
Wind-ISM jump,dg_1d,1keV,2.41798900e+17,2.17191140e-01,4.74475838e-22
Wind-ISM jump,dg_1d,1keV,2.41798900e+17,2.63665090e-01,4.89569655e-22
Wind-ISM jump,dg_1d,1keV,2.41798900e+17,3.20083405e-01,4.72531385e-22
Wind-ISM jump,dg_1d,1keV,2.41798900e+17,3.88573952e-01,4.22789936e-22
Wind-ISM jump,dg_1d,1keV,2.41798900e+17,4.71719914e-01,3.47399435e-22
Wind-ISM jump,dg_1d,1keV,2.41798900e+17,5.72657215e-01,2.54435480e-22
Wind-ISM jump,dg_1d,1keV,2.41798900e+17,6.95192796e-01,1.69774502e-22
Wind-ISM jump,dg_1d,1keV,2.41798900e+17,8.43948197e-01,1.05165315e-22
Wind-ISM jump,dg_1d,1keV,2.41798900e+17,1.02453386e+00,6.37862021e-23
Wind-ISM jump,dg_1d,1keV,2.41798900e+17,1.24376073e+00,3.83614848e-23
Wind-ISM jump,dg_1d,1keV,2.41798900e+17,1.50989716e+00,2.38485386e-23
Wind-ISM jump,dg_1d,1keV,2.41798900e+17,1.83298071e+00,1.59175680e-23
Wind-ISM jump,dg_1d,1keV,2.41798900e+17,2.22519677e+00,1.17302369e-23
Wind-ISM jump,dg_1d,1keV,2.41798900e+17,2.70133812e+00,9.75788145e-24
Wind-ISM jump,dg_1d,1keV,2.41798900e+17,3.27936286e+00,8.94908882e-24
Wind-ISM jump,dg_1d,1keV,2.41798900e+17,3.98107171e+00,8.68702614e-24
Wind-ISM jump,dg_1d,1keV,2.41798900e+17,4.83293024e+00,8.68540806e-24
Wind-ISM jump,dg_1d,1keV,2.41798900e+17,5.86706707e+00,8.78164254e-24
Wind-ISM jump,dg_1d,1keV,2.41798900e+17,7.12248558e+00,8.90538769e-24
Wind-ISM jump,dg_1d,1keV,2.41798900e+17,8.64653503e+00,9.01507944e-24
Wind-ISM jump,dg_1d,1keV,2.41798900e+17,1.04966963e+01,9.09589845e-24
Wind-ISM jump,dg_1d,1keV,2.41798900e+17,1.27427499e+01,9.10340173e-24
Wind-ISM jump,dg_1d,1keV,2.41798900e+17,1.54694077e+01,9.08075788e-24
Wind-ISM jump,dg_1d,1keV,2.41798900e+17,1.87795080e+01,9.00736441e-24
Wind-ISM jump,dg_1d,1keV,2.41798900e+17,2.27978944e+01,8.88620095e-24
Wind-ISM jump,dg_1d,1keV,2.41798900e+17,2.76761237e+01,8.71374955e-24
Wind-ISM jump,dg_1d,1keV,2.41798900e+17,3.35981829e+01,8.47747580e-24
Wind-ISM jump,dg_1d,1keV,2.41798900e+17,4.07874276e+01,8.15418894e-24
Wind-ISM jump,dg_1d,1keV,2.41798900e+17,4.95150067e+01,7.76512396e-24
Wind-ISM jump,dg_1d,1keV,2.41798900e+17,6.01100886e+01,7.31949066e-24
Wind-ISM jump,dg_1d,1keV,2.41798900e+17,7.29722764e+01,6.82383566e-24
Wind-ISM jump,dg_1d,1keV,2.41798900e+17,8.85866790e+01,6.28068148e-24
Wind-ISM jump,dg_1d,1keV,2.41798900e+17,1.07542208e+02,5.68707513e-24
Wind-ISM jump,dg_1d,1keV,2.41798900e+17,1.30553787e+02,5.04019398e-24
Wind-ISM jump,dg_1d,1keV,2.41798900e+17,1.58489319e+02,4.39837853e-24
Wind-ISM jump,dg_1d,1keV,2.41798900e+17,1.92402418e+02,3.78182293e-24
Wind-ISM jump,dg_1d,1keV,2.41798900e+17,2.33572147e+02,3.20517207e-24
Wind-ISM jump,dg_1d,1keV,2.41798900e+17,2.83551258e+02,2.67809192e-24
Wind-ISM jump,dg_1d,1keV,2.41798900e+17,3.44224760e+02,2.20823112e-24
Wind-ISM jump,dg_1d,1keV,2.41798900e+17,4.17881006e+02,1.79808298e-24
Wind-ISM jump,dg_1d,1keV,2.41798900e+17,5.07298009e+02,1.44948864e-24
Wind-ISM jump,dg_1d,1keV,2.41798900e+17,6.15848211e+02,1.15764259e-24
Wind-ISM jump,dg_1d,1keV,2.41798900e+17,7.47625680e+02,9.18351647e-25
Wind-ISM jump,dg_1d,1keV,2.41798900e+17,9.07600522e+02,7.24909668e-25
Wind-ISM jump,dg_1d,1keV,2.41798900e+17,1.10180633e+03,5.70421073e-25
Wind-ISM jump,dg_1d,1keV,2.41798900e+17,1.33756775e+03,4.47721415e-25
Wind-ISM jump,dg_1d,1keV,2.41798900e+17,1.62377674e+03,3.50852373e-25
Wind-ISM jump,dg_1d,1keV,2.41798900e+17,1.97122792e+03,2.74774267e-25
Wind-ISM jump,dg_1d,1keV,2.41798900e+17,2.39302573e+03,2.15130287e-25
Wind-ISM jump,dg_1d,1keV,2.41798900e+17,2.90507865e+03,1.68340586e-25
Wind-ISM jump,dg_1d,1keV,2.41798900e+17,3.52669921e+03,1.31593466e-25
Wind-ISM jump,dg_1d,1keV,2.41798900e+17,4.28133240e+03,1.02619269e-25
Wind-ISM jump,dg_1d,1keV,2.41798900e+17,5.19743987e+03,7.96084292e-26
Wind-ISM jump,dg_1d,1keV,2.41798900e+17,6.30957344e+03,6.10666779e-26
Wind-ISM jump,dg_1d,1keV,2.41798900e+17,7.65967823e+03,4.58058204e-26
Wind-ISM jump,dg_1d,1keV,2.41798900e+17,9.29867465e+03,3.36774167e-26
Wind-ISM jump,dg_1d,1keV,2.41798900e+17,1.12883789e+04,2.46797834e-26
Wind-ISM jump,dg_1d,1keV,2.41798900e+17,1.37038345e+04,1.80253266e-26
Wind-ISM jump,dg_1d,1keV,2.41798900e+17,1.66361425e+04,1.30950586e-26
Wind-ISM jump,dg_1d,1keV,2.41798900e+17,2.01958975e+04,9.48221802e-27
Wind-ISM jump,dg_1d,1keV,2.41798900e+17,2.45173589e+04,6.83169139e-27
Wind-ISM jump,dg_1d,1keV,2.41798900e+17,2.97635144e+04,4.89468728e-27
Wind-ISM jump,dg_1d,1keV,2.41798900e+17,3.61322276e+04,3.48870730e-27
Wind-ISM jump,dg_1d,1keV,2.41798900e+17,4.38637001e+04,2.47731819e-27
Wind-ISM jump,dg_1d,1keV,2.41798900e+17,5.32495313e+04,1.75032120e-27
Wind-ISM jump,dg_1d,1keV,2.41798900e+17,6.46437163e+04,1.23353539e-27
Wind-ISM jump,dg_1d,1keV,2.41798900e+17,7.84759970e+04,8.65918061e-28
Wind-ISM jump,dg_1d,1keV,2.41798900e+17,9.52680703e+04,6.05711189e-28
Wind-ISM jump,dg_1d,1keV,2.41798900e+17,1.15653264e+05,4.21263518e-28
Wind-ISM jump,dg_1d,1keV,2.41798900e+17,1.40400425e+05,2.92464991e-28
Wind-ISM jump,dg_1d,1keV,2.41798900e+17,1.70442913e+05,1.97501068e-28
Wind-ISM jump,dg_1d,1keV,2.41798900e+17,2.06913808e+05,1.13530120e-28
Wind-ISM jump,dg_1d,1keV,2.41798900e+17,2.51188643e+05,9.16336715e-29
Wind-ISM jump,dg_1d,1keV,2.41798900e+17,3.04937283e+05,7.75605773e-29
Wind-ISM jump,dg_1d,1keV,2.41798900e+17,3.70186906e+05,4.10118573e-29
Wind-ISM jump,dg_1d,1keV,2.41798900e+17,4.49398459e+05,2.28776588e-29
Wind-ISM jump,dg_1d,1keV,2.41798900e+17,5.45559478e+05,1.36144811e-29
Wind-ISM jump,dg_1d,1keV,2.41798900e+17,6.62296762e+05,8.49896604e-30
Wind-ISM jump,dg_1d,1keV,2.41798900e+17,8.04013161e+05,5.44592449e-30
Wind-ISM jump,dg_1d,1keV,2.41798900e+17,9.76053637e+05,3.58967699e-30
Wind-ISM jump,dg_1d,1keV,2.41798900e+17,1.18490685e+06,2.39076226e-30
Wind-ISM jump,dg_1d,1keV,2.41798900e+17,1.43844989e+06,1.61579921e-30
Wind-ISM jump,dg_1d,1keV,2.41798900e+17,1.74624535e+06,1.10619409e-30
Wind-ISM jump,dg_1d,1keV,2.41798900e+17,2.11990202e+06,7.58791893e-31
Wind-ISM jump,dg_1d,1keV,2.41798900e+17,2.57351270e+06,5.21090001e-31
Wind-ISM jump,dg_1d,1keV,2.41798900e+17,3.12418571e+06,3.59258901e-31
Wind-ISM jump,dg_1d,1keV,2.41798900e+17,3.79269019e+06,2.51672487e-31
Wind-ISM jump,dg_1d,1keV,2.41798900e+17,4.60423938e+06,1.75584521e-31
Wind-ISM jump,dg_1d,1keV,2.41798900e+17,5.58944158e+06,1.22942464e-31
Wind-ISM jump,dg_1d,1keV,2.41798900e+17,6.78545457e+06,8.64843198e-32
Wind-ISM jump,dg_1d,1keV,2.41798900e+17,8.23738707e+06,6.13402032e-32
Wind-ISM jump,dg_1d,1keV,2.41798900e+17,1.00000000e+07,4.36381291e-32
Wind-ISM jump,dg_1d,100MeV,2.41798900e+22,1.00000000e-01,6.06630856e-26
Wind-ISM jump,dg_1d,100MeV,2.41798900e+22,1.21397719e-01,3.59676096e-26
Wind-ISM jump,dg_1d,100MeV,2.41798900e+22,1.47374062e-01,1.86240086e-26
Wind-ISM jump,dg_1d,100MeV,2.41798900e+22,1.78908749e-01,8.15951941e-27
Wind-ISM jump,dg_1d,100MeV,2.41798900e+22,2.17191140e-01,2.45991867e-27
Wind-ISM jump,dg_1d,100MeV,2.41798900e+22,2.63665090e-01,6.22970581e-28
Wind-ISM jump,dg_1d,100MeV,2.41798900e+22,3.20083405e-01,1.49313657e-27
Wind-ISM jump,dg_1d,100MeV,2.41798900e+22,3.88573952e-01,9.72328568e-28
Wind-ISM jump,dg_1d,100MeV,2.41798900e+22,4.71719914e-01,1.40434913e-27
Wind-ISM jump,dg_1d,100MeV,2.41798900e+22,5.72657215e-01,1.92394169e-27
Wind-ISM jump,dg_1d,100MeV,2.41798900e+22,6.95192796e-01,2.53279249e-27
Wind-ISM jump,dg_1d,100MeV,2.41798900e+22,8.43948197e-01,3.19615888e-27
Wind-ISM jump,dg_1d,100MeV,2.41798900e+22,1.02453386e+00,3.67863102e-27
Wind-ISM jump,dg_1d,100MeV,2.41798900e+22,1.24376073e+00,3.95893102e-27
Wind-ISM jump,dg_1d,100MeV,2.41798900e+22,1.50989716e+00,3.96019844e-27
Wind-ISM jump,dg_1d,100MeV,2.41798900e+22,1.83298071e+00,3.70156589e-27
Wind-ISM jump,dg_1d,100MeV,2.41798900e+22,2.22519677e+00,3.29775873e-27
Wind-ISM jump,dg_1d,100MeV,2.41798900e+22,2.70133812e+00,2.84094551e-27
Wind-ISM jump,dg_1d,100MeV,2.41798900e+22,3.27936286e+00,2.39874016e-27
Wind-ISM jump,dg_1d,100MeV,2.41798900e+22,3.98107171e+00,1.98784834e-27
Wind-ISM jump,dg_1d,100MeV,2.41798900e+22,4.83293024e+00,1.62339185e-27
Wind-ISM jump,dg_1d,100MeV,2.41798900e+22,5.86706707e+00,1.30773128e-27
Wind-ISM jump,dg_1d,100MeV,2.41798900e+22,7.12248558e+00,1.04754761e-27
Wind-ISM jump,dg_1d,100MeV,2.41798900e+22,8.64653503e+00,8.38907273e-28
Wind-ISM jump,dg_1d,100MeV,2.41798900e+22,1.04966963e+01,6.70278108e-28
Wind-ISM jump,dg_1d,100MeV,2.41798900e+22,1.27427499e+01,5.31598471e-28
Wind-ISM jump,dg_1d,100MeV,2.41798900e+22,1.54694077e+01,4.21090476e-28
Wind-ISM jump,dg_1d,100MeV,2.41798900e+22,1.87795080e+01,3.31784611e-28
Wind-ISM jump,dg_1d,100MeV,2.41798900e+22,2.27978944e+01,2.60536588e-28
Wind-ISM jump,dg_1d,100MeV,2.41798900e+22,2.76761237e+01,2.05268821e-28
Wind-ISM jump,dg_1d,100MeV,2.41798900e+22,3.35981829e+01,1.61526125e-28
Wind-ISM jump,dg_1d,100MeV,2.41798900e+22,4.07874276e+01,1.26720434e-28
Wind-ISM jump,dg_1d,100MeV,2.41798900e+22,4.95150067e+01,9.91142066e-29
Wind-ISM jump,dg_1d,100MeV,2.41798900e+22,6.01100886e+01,7.74199314e-29
Wind-ISM jump,dg_1d,100MeV,2.41798900e+22,7.29722764e+01,6.04872335e-29
Wind-ISM jump,dg_1d,100MeV,2.41798900e+22,8.85866790e+01,4.72045929e-29
Wind-ISM jump,dg_1d,100MeV,2.41798900e+22,1.07542208e+02,3.68335680e-29
Wind-ISM jump,dg_1d,100MeV,2.41798900e+22,1.30553787e+02,2.87487667e-29
Wind-ISM jump,dg_1d,100MeV,2.41798900e+22,1.58489319e+02,2.24841364e-29
Wind-ISM jump,dg_1d,100MeV,2.41798900e+22,1.92402418e+02,1.76112517e-29
Wind-ISM jump,dg_1d,100MeV,2.41798900e+22,2.33572147e+02,1.38042170e-29
Wind-ISM jump,dg_1d,100MeV,2.41798900e+22,2.83551258e+02,1.08197123e-29
Wind-ISM jump,dg_1d,100MeV,2.41798900e+22,3.44224760e+02,8.49106087e-30
Wind-ISM jump,dg_1d,100MeV,2.41798900e+22,4.17881006e+02,6.70714081e-30
Wind-ISM jump,dg_1d,100MeV,2.41798900e+22,5.07298009e+02,5.29452076e-30
Wind-ISM jump,dg_1d,100MeV,2.41798900e+22,6.15848211e+02,4.17312266e-30
Wind-ISM jump,dg_1d,100MeV,2.41798900e+22,7.47625680e+02,3.29093721e-30
Wind-ISM jump,dg_1d,100MeV,2.41798900e+22,9.07600522e+02,2.59226223e-30
Wind-ISM jump,dg_1d,100MeV,2.41798900e+22,1.10180633e+03,2.03804000e-30
Wind-ISM jump,dg_1d,100MeV,2.41798900e+22,1.33756775e+03,1.60687640e-30
Wind-ISM jump,dg_1d,100MeV,2.41798900e+22,1.62377674e+03,1.27245456e-30
Wind-ISM jump,dg_1d,100MeV,2.41798900e+22,1.97122792e+03,1.00714475e-30
Wind-ISM jump,dg_1d,100MeV,2.41798900e+22,2.39302573e+03,7.96055257e-31
Wind-ISM jump,dg_1d,100MeV,2.41798900e+22,2.90507865e+03,6.27099863e-31
Wind-ISM jump,dg_1d,100MeV,2.41798900e+22,3.52669921e+03,4.93303536e-31
Wind-ISM jump,dg_1d,100MeV,2.41798900e+22,4.28133240e+03,3.87168609e-31
Wind-ISM jump,dg_1d,100MeV,2.41798900e+22,5.19743987e+03,3.01377892e-31
Wind-ISM jump,dg_1d,100MeV,2.41798900e+22,6.30957344e+03,2.31395760e-31
Wind-ISM jump,dg_1d,100MeV,2.41798900e+22,7.65967823e+03,1.72574301e-31
Wind-ISM jump,dg_1d,100MeV,2.41798900e+22,9.29867465e+03,1.26555572e-31
Wind-ISM jump,dg_1d,100MeV,2.41798900e+22,1.12883789e+04,9.29324193e-32
Wind-ISM jump,dg_1d,100MeV,2.41798900e+22,1.37038345e+04,6.79078305e-32
Wind-ISM jump,dg_1d,100MeV,2.41798900e+22,1.66361425e+04,4.94553263e-32
Wind-ISM jump,dg_1d,100MeV,2.41798900e+22,2.01958975e+04,3.59220563e-32
Wind-ISM jump,dg_1d,100MeV,2.41798900e+22,2.45173589e+04,2.58340149e-32
Wind-ISM jump,dg_1d,100MeV,2.41798900e+22,2.97635144e+04,1.85389661e-32
Wind-ISM jump,dg_1d,100MeV,2.41798900e+22,3.61322276e+04,1.33454947e-32
Wind-ISM jump,dg_1d,100MeV,2.41798900e+22,4.38637001e+04,9.52269538e-33
Wind-ISM jump,dg_1d,100MeV,2.41798900e+22,5.32495313e+04,6.82833377e-33
Wind-ISM jump,dg_1d,100MeV,2.41798900e+22,6.46437163e+04,4.93845860e-33
Wind-ISM jump,dg_1d,100MeV,2.41798900e+22,7.84759970e+04,3.52107479e-33
Wind-ISM jump,dg_1d,100MeV,2.41798900e+22,9.52680703e+04,2.52251867e-33
Wind-ISM jump,dg_1d,100MeV,2.41798900e+22,1.15653264e+05,1.78757204e-33
Wind-ISM jump,dg_1d,100MeV,2.41798900e+22,1.40400425e+05,1.27247008e-33
Wind-ISM jump,dg_1d,100MeV,2.41798900e+22,1.70442913e+05,8.72882468e-34
Wind-ISM jump,dg_1d,100MeV,2.41798900e+22,2.06913808e+05,5.02059812e-34
Wind-ISM jump,dg_1d,100MeV,2.41798900e+22,2.51188643e+05,3.94878801e-34
Wind-ISM jump,dg_1d,100MeV,2.41798900e+22,3.04937283e+05,2.89040723e-34
Wind-ISM jump,dg_1d,100MeV,2.41798900e+22,3.70186906e+05,1.20221554e-34
Wind-ISM jump,dg_1d,100MeV,2.41798900e+22,4.49398459e+05,6.23638373e-35
Wind-ISM jump,dg_1d,100MeV,2.41798900e+22,5.45559478e+05,3.72540131e-35
Wind-ISM jump,dg_1d,100MeV,2.41798900e+22,6.62296762e+05,2.28824524e-35
Wind-ISM jump,dg_1d,100MeV,2.41798900e+22,8.04013161e+05,1.42756224e-35
Wind-ISM jump,dg_1d,100MeV,2.41798900e+22,9.76053637e+05,9.33442462e-36
Wind-ISM jump,dg_1d,100MeV,2.41798900e+22,1.18490685e+06,6.14044738e-36
Wind-ISM jump,dg_1d,100MeV,2.41798900e+22,1.43844989e+06,4.16435050e-36
Wind-ISM jump,dg_1d,100MeV,2.41798900e+22,1.74624535e+06,2.87507017e-36
Wind-ISM jump,dg_1d,100MeV,2.41798900e+22,2.11990202e+06,1.96812893e-36
Wind-ISM jump,dg_1d,100MeV,2.41798900e+22,2.57351270e+06,1.36252510e-36
Wind-ISM jump,dg_1d,100MeV,2.41798900e+22,3.12418571e+06,9.43190421e-37
Wind-ISM jump,dg_1d,100MeV,2.41798900e+22,3.79269019e+06,6.70388484e-37
Wind-ISM jump,dg_1d,100MeV,2.41798900e+22,4.60423938e+06,4.65139900e-37
Wind-ISM jump,dg_1d,100MeV,2.41798900e+22,5.58944158e+06,3.30204706e-37
Wind-ISM jump,dg_1d,100MeV,2.41798900e+22,6.78545457e+06,2.35607249e-37
Wind-ISM jump,dg_1d,100MeV,2.41798900e+22,8.23738707e+06,1.70070265e-37
Wind-ISM jump,dg_1d,100MeV,2.41798900e+22,1.00000000e+07,1.22689312e-37
