scenario,solver,component,band,frequency_hz,time_s,flux_mjy
ism_continuous_jumps,fullhide_1d,total,10 GHz,1.000000000000e+10,1.000000000000e-01,6.643632447035e-32
ism_continuous_jumps,fullhide_1d,total,10 GHz,1.000000000000e+10,1.213977189070e-01,1.054302147320e-31
ism_continuous_jumps,fullhide_1d,total,10 GHz,1.000000000000e+10,1.473740615582e-01,1.713494458017e-31
ism_continuous_jumps,fullhide_1d,total,10 GHz,1.000000000000e+10,1.789087489923e-01,2.851474035217e-31
ism_continuous_jumps,fullhide_1d,total,10 GHz,1.000000000000e+10,2.171911402017e-01,4.824254400532e-31
ism_continuous_jumps,fullhide_1d,total,10 GHz,1.000000000000e+10,2.636650898730e-01,8.263868017821e-31
ism_continuous_jumps,fullhide_1d,total,10 GHz,1.000000000000e+10,3.200834046600e-01,1.430646773578e-30
ism_continuous_jumps,fullhide_1d,total,10 GHz,1.000000000000e+10,3.885739518571e-01,2.513967081792e-30
ism_continuous_jumps,fullhide_1d,total,10 GHz,1.000000000000e+10,4.717199138213e-01,4.467279754229e-30
ism_continuous_jumps,fullhide_1d,total,10 GHz,1.000000000000e+10,5.726572150092e-01,8.024230621845e-30
ism_continuous_jumps,fullhide_1d,total,10 GHz,1.000000000000e+10,6.951927961776e-01,1.451693422469e-29
ism_continuous_jumps,fullhide_1d,total,10 GHz,1.000000000000e+10,8.439481965654e-01,2.634795591336e-29
ism_continuous_jumps,fullhide_1d,total,10 GHz,1.000000000000e+10,1.024533859387e+00,4.781473569672e-29
ism_continuous_jumps,fullhide_1d,total,10 GHz,1.000000000000e+10,1.243760734726e+00,8.639287078698e-29
ism_continuous_jumps,fullhide_1d,total,10 GHz,1.000000000000e+10,1.509897160618e+00,1.545610988126e-28
ism_continuous_jumps,fullhide_1d,total,10 GHz,1.000000000000e+10,1.832980710832e+00,2.722065193148e-28
ism_continuous_jumps,fullhide_1d,total,10 GHz,1.000000000000e+10,2.225196770956e+00,4.683564798037e-28
ism_continuous_jumps,fullhide_1d,total,10 GHz,1.000000000000e+10,2.701338121133e+00,7.714480503029e-28
ism_continuous_jumps,fullhide_1d,total,10 GHz,1.000000000000e+10,3.279362859021e+00,1.210530198061e-27
ism_continuous_jumps,fullhide_1d,total,10 GHz,1.000000000000e+10,3.981071705535e+00,1.791090370064e-27
ism_continuous_jumps,fullhide_1d,total,10 GHz,1.000000000000e+10,4.832930238572e+00,2.501205980486e-27
ism_continuous_jumps,fullhide_1d,total,10 GHz,1.000000000000e+10,5.867067065993e+00,3.325704261073e-27
ism_continuous_jumps,fullhide_1d,total,10 GHz,1.000000000000e+10,7.122485584860e+00,4.239645139920e-27
ism_continuous_jumps,fullhide_1d,total,10 GHz,1.000000000000e+10,8.646535029500e+00,4.989651564596e-27
ism_continuous_jumps,fullhide_1d,total,10 GHz,1.000000000000e+10,1.049669629031e+01,5.513167252721e-27
ism_continuous_jumps,fullhide_1d,total,10 GHz,1.000000000000e+10,1.274274985703e+01,6.587032003145e-27
ism_continuous_jumps,fullhide_1d,total,10 GHz,1.000000000000e+10,1.546940765246e+01,7.996115322949e-27
ism_continuous_jumps,fullhide_1d,total,10 GHz,1.000000000000e+10,1.877950801851e+01,9.401628239231e-27
ism_continuous_jumps,fullhide_1d,total,10 GHz,1.000000000000e+10,2.279789435644e+01,1.109176892816e-26
ism_continuous_jumps,fullhide_1d,total,10 GHz,1.000000000000e+10,2.767612370754e+01,1.299352181367e-26
ism_continuous_jumps,fullhide_1d,total,10 GHz,1.000000000000e+10,3.359818286284e+01,1.509649755648e-26
ism_continuous_jumps,fullhide_1d,total,10 GHz,1.000000000000e+10,4.078742758969e+01,1.743057277029e-26
ism_continuous_jumps,fullhide_1d,total,10 GHz,1.000000000000e+10,4.951500669473e+01,1.982230951657e-26
ism_continuous_jumps,fullhide_1d,total,10 GHz,1.000000000000e+10,6.011008864406e+01,2.192337788037e-26
ism_continuous_jumps,fullhide_1d,total,10 GHz,1.000000000000e+10,7.297227644686e+01,2.408983574715e-26
ism_continuous_jumps,fullhide_1d,total,10 GHz,1.000000000000e+10,8.858667904101e+01,2.633883541367e-26
ism_continuous_jumps,fullhide_1d,total,10 GHz,1.000000000000e+10,1.075422076113e+02,2.840944316688e-26
ism_continuous_jumps,fullhide_1d,total,10 GHz,1.000000000000e+10,1.305537869023e+02,3.055292536180e-26
ism_continuous_jumps,fullhide_1d,total,10 GHz,1.000000000000e+10,1.584893192461e+02,3.274062326037e-26
ism_continuous_jumps,fullhide_1d,total,10 GHz,1.000000000000e+10,1.924024182760e+02,3.505837131559e-26
ism_continuous_jumps,fullhide_1d,total,10 GHz,1.000000000000e+10,2.335721469090e+02,3.755766186587e-26
ism_continuous_jumps,fullhide_1d,total,10 GHz,1.000000000000e+10,2.835512583497e+02,3.967678954895e-26
ism_continuous_jumps,fullhide_1d,total,10 GHz,1.000000000000e+10,3.442247595686e+02,4.223009478914e-26
ism_continuous_jumps,fullhide_1d,total,10 GHz,1.000000000000e+10,4.178810060294e+02,4.504630710150e-26
ism_continuous_jumps,fullhide_1d,total,10 GHz,1.000000000000e+10,5.072980090654e+02,4.781437006257e-26
ism_continuous_jumps,fullhide_1d,total,10 GHz,1.000000000000e+10,6.158482110660e+02,5.073558785049e-26
ism_continuous_jumps,fullhide_1d,total,10 GHz,1.000000000000e+10,7.476256801638e+02,5.400526404063e-26
ism_continuous_jumps,fullhide_1d,total,10 GHz,1.000000000000e+10,9.076005216818e+02,5.769212931482e-26
ism_continuous_jumps,fullhide_1d,total,10 GHz,1.000000000000e+10,1.101806330110e+03,6.171609105059e-26
ism_continuous_jumps,fullhide_1d,total,10 GHz,1.000000000000e+10,1.337567751526e+03,6.627898088549e-26
ism_continuous_jumps,fullhide_1d,total,10 GHz,1.000000000000e+10,1.623776739189e+03,7.136119462844e-26
ism_continuous_jumps,fullhide_1d,total,10 GHz,1.000000000000e+10,1.971227921518e+03,7.710546306225e-26
ism_continuous_jumps,fullhide_1d,total,10 GHz,1.000000000000e+10,2.393025731180e+03,8.359168877418e-26
ism_continuous_jumps,fullhide_1d,total,10 GHz,1.000000000000e+10,2.905078650511e+03,9.072879739808e-26
ism_continuous_jumps,fullhide_1d,total,10 GHz,1.000000000000e+10,3.526699214175e+03,9.856086323566e-26
ism_continuous_jumps,fullhide_1d,total,10 GHz,1.000000000000e+10,4.281332398719e+03,1.071737555642e-25
ism_continuous_jumps,fullhide_1d,total,10 GHz,1.000000000000e+10,5.197439870872e+03,1.163567011166e-25
ism_continuous_jumps,fullhide_1d,total,10 GHz,1.000000000000e+10,6.309573444802e+03,1.256364961338e-25
ism_continuous_jumps,fullhide_1d,total,10 GHz,1.000000000000e+10,7.659678234752e+03,1.354297066110e-25
ism_continuous_jumps,fullhide_1d,total,10 GHz,1.000000000000e+10,9.298674652605e+03,1.473583555726e-25
ism_continuous_jumps,fullhide_1d,total,10 GHz,1.000000000000e+10,1.128837891685e+04,1.625326390727e-25
ism_continuous_jumps,fullhide_1d,total,10 GHz,1.000000000000e+10,1.370383450663e+04,1.804411319940e-25
ism_continuous_jumps,fullhide_1d,total,10 GHz,1.000000000000e+10,1.663614249384e+04,2.004528827364e-25
ism_continuous_jumps,fullhide_1d,total,10 GHz,1.000000000000e+10,2.019589750164e+04,2.229791696289e-25
ism_continuous_jumps,fullhide_1d,total,10 GHz,1.000000000000e+10,2.451735887979e+04,2.487878351426e-25
ism_continuous_jumps,fullhide_1d,total,10 GHz,1.000000000000e+10,2.976351441631e+04,2.769890024051e-25
ism_continuous_jumps,fullhide_1d,total,10 GHz,1.000000000000e+10,3.613222756796e+04,3.052412483359e-25
ism_continuous_jumps,fullhide_1d,total,10 GHz,1.000000000000e+10,4.386370005780e+04,3.281495207985e-25
ism_continuous_jumps,fullhide_1d,total,10 GHz,1.000000000000e+10,5.324953129838e+04,3.349018075880e-25
ism_continuous_jumps,fullhide_1d,total,10 GHz,1.000000000000e+10,6.464371632490e+04,3.399312700590e-25
ism_continuous_jumps,fullhide_1d,total,10 GHz,1.000000000000e+10,7.847599703515e+04,3.431862669311e-25
ism_continuous_jumps,fullhide_1d,total,10 GHz,1.000000000000e+10,9.526807029020e+04,3.427057212182e-25
ism_continuous_jumps,fullhide_1d,total,10 GHz,1.000000000000e+10,1.156532641790e+05,3.391080869245e-25
ism_continuous_jumps,fullhide_1d,total,10 GHz,1.000000000000e+10,1.404004245548e+05,3.321031007471e-25
ism_continuous_jumps,fullhide_1d,total,10 GHz,1.000000000000e+10,1.704429127453e+05,3.229302925760e-25
ism_continuous_jumps,fullhide_1d,total,10 GHz,1.000000000000e+10,2.069138081115e+05,3.142065498138e-25
ism_continuous_jumps,fullhide_1d,total,10 GHz,1.000000000000e+10,2.511886431510e+05,3.052257671939e-25
ism_continuous_jumps,fullhide_1d,total,10 GHz,1.000000000000e+10,3.049372829387e+05,2.943915549306e-25
ism_continuous_jumps,fullhide_1d,total,10 GHz,1.000000000000e+10,3.701869055846e+05,2.843822719628e-25
ism_continuous_jumps,fullhide_1d,total,10 GHz,1.000000000000e+10,4.493984590722e+05,2.758062335043e-25
ism_continuous_jumps,fullhide_1d,total,10 GHz,1.000000000000e+10,5.455594781169e+05,2.657576074998e-25
ism_continuous_jumps,fullhide_1d,total,10 GHz,1.000000000000e+10,6.622967617148e+05,2.546698930123e-25
ism_continuous_jumps,fullhide_1d,total,10 GHz,1.000000000000e+10,8.040131611168e+05,2.448183965546e-25
ism_continuous_jumps,fullhide_1d,total,10 GHz,1.000000000000e+10,9.760536373079e+05,2.339902782966e-25
ism_continuous_jumps,fullhide_1d,total,10 GHz,1.000000000000e+10,1.184906851001e+06,2.206403375262e-25
ism_continuous_jumps,fullhide_1d,total,10 GHz,1.000000000000e+10,1.438449888288e+06,2.067161490304e-25
ism_continuous_jumps,fullhide_1d,total,10 GHz,1.000000000000e+10,1.746245352002e+06,1.913654034913e-25
ism_continuous_jumps,fullhide_1d,total,10 GHz,1.000000000000e+10,2.119902023850e+06,1.726080747706e-25
ism_continuous_jumps,fullhide_1d,total,10 GHz,1.000000000000e+10,2.573512700017e+06,1.515568608870e-25
ism_continuous_jumps,fullhide_1d,total,10 GHz,1.000000000000e+10,3.124185713603e+06,1.299076070897e-25
ism_continuous_jumps,fullhide_1d,total,10 GHz,1.000000000000e+10,3.792690190732e+06,1.080024046692e-25
ism_continuous_jumps,fullhide_1d,total,10 GHz,1.000000000000e+10,4.604239376759e+06,8.755413004893e-26
ism_continuous_jumps,fullhide_1d,total,10 GHz,1.000000000000e+10,5.589441576403e+06,6.950414263092e-26
ism_continuous_jumps,fullhide_1d,total,10 GHz,1.000000000000e+10,6.785454573394e+06,5.428518438165e-26
ism_continuous_jumps,fullhide_1d,total,10 GHz,1.000000000000e+10,8.237387069571e+06,4.191160012206e-26
ism_continuous_jumps,fullhide_1d,total,10 GHz,1.000000000000e+10,1.000000000000e+07,3.210079548340e-26
ism_continuous_jumps,fullhide_1d,total,R band,4.560000000000e+14,1.000000000000e-01,2.372044153779e-30
ism_continuous_jumps,fullhide_1d,total,R band,4.560000000000e+14,1.213977189070e-01,3.763986737603e-30
ism_continuous_jumps,fullhide_1d,total,R band,4.560000000000e+14,1.473740615582e-01,6.116884367246e-30
ism_continuous_jumps,fullhide_1d,total,R band,4.560000000000e+14,1.789087489923e-01,1.017840874826e-29
ism_continuous_jumps,fullhide_1d,total,R band,4.560000000000e+14,2.171911402017e-01,1.721883846983e-29
ism_continuous_jumps,fullhide_1d,total,R band,4.560000000000e+14,2.636650898730e-01,2.949318550115e-29
ism_continuous_jumps,fullhide_1d,total,R band,4.560000000000e+14,3.200834046600e-01,5.105474249637e-29
ism_continuous_jumps,fullhide_1d,total,R band,4.560000000000e+14,3.885739518571e-01,8.970766977950e-29
ism_continuous_jumps,fullhide_1d,total,R band,4.560000000000e+14,4.717199138213e-01,1.593976637675e-28
ism_continuous_jumps,fullhide_1d,total,R band,4.560000000000e+14,5.726572150092e-01,2.862948197435e-28
ism_continuous_jumps,fullhide_1d,total,R band,4.560000000000e+14,6.951927961776e-01,5.179134824427e-28
ism_continuous_jumps,fullhide_1d,total,R band,4.560000000000e+14,8.439481965654e-01,9.399431569042e-28
ism_continuous_jumps,fullhide_1d,total,R band,4.560000000000e+14,1.024533859387e+00,1.705641466361e-27
ism_continuous_jumps,fullhide_1d,total,R band,4.560000000000e+14,1.243760734726e+00,3.081574619095e-27
ism_continuous_jumps,fullhide_1d,total,R band,4.560000000000e+14,1.509897160618e+00,5.512620545830e-27
ism_continuous_jumps,fullhide_1d,total,R band,4.560000000000e+14,1.832980710832e+00,9.707512666494e-27
ism_continuous_jumps,fullhide_1d,total,R band,4.560000000000e+14,2.225196770956e+00,1.669997657466e-26
ism_continuous_jumps,fullhide_1d,total,R band,4.560000000000e+14,2.701338121133e+00,2.750038820633e-26
ism_continuous_jumps,fullhide_1d,total,R band,4.560000000000e+14,3.279362859021e+00,4.313594846364e-26
ism_continuous_jumps,fullhide_1d,total,R band,4.560000000000e+14,3.981071705535e+00,6.379129026745e-26
ism_continuous_jumps,fullhide_1d,total,R band,4.560000000000e+14,4.832930238572e+00,8.902730702931e-26
ism_continuous_jumps,fullhide_1d,total,R band,4.560000000000e+14,5.867067065993e+00,1.182822124028e-25
ism_continuous_jumps,fullhide_1d,total,R band,4.560000000000e+14,7.122485584860e+00,1.506480936137e-25
ism_continuous_jumps,fullhide_1d,total,R band,4.560000000000e+14,8.646535029500e+00,1.770766388916e-25
ism_continuous_jumps,fullhide_1d,total,R band,4.560000000000e+14,1.049669629031e+01,1.954762876643e-25
ism_continuous_jumps,fullhide_1d,total,R band,4.560000000000e+14,1.274274985703e+01,2.334884498258e-25
ism_continuous_jumps,fullhide_1d,total,R band,4.560000000000e+14,1.546940765246e+01,2.832180545344e-25
ism_continuous_jumps,fullhide_1d,total,R band,4.560000000000e+14,1.877950801851e+01,3.325548784906e-25
ism_continuous_jumps,fullhide_1d,total,R band,4.560000000000e+14,2.279789435644e+01,3.917912241485e-25
ism_continuous_jumps,fullhide_1d,total,R band,4.560000000000e+14,2.767612370754e+01,4.582552140743e-25
ism_continuous_jumps,fullhide_1d,total,R band,4.560000000000e+14,3.359818286284e+01,5.314922700017e-25
ism_continuous_jumps,fullhide_1d,total,R band,4.560000000000e+14,4.078742758969e+01,6.125189549488e-25
ism_continuous_jumps,fullhide_1d,total,R band,4.560000000000e+14,4.951500669473e+01,6.950282005777e-25
ism_continuous_jumps,fullhide_1d,total,R band,4.560000000000e+14,6.011008864406e+01,7.665543337191e-25
ism_continuous_jumps,fullhide_1d,total,R band,4.560000000000e+14,7.297227644686e+01,8.396212547066e-25
ism_continuous_jumps,fullhide_1d,total,R band,4.560000000000e+14,8.858667904101e+01,9.146063001920e-25
ism_continuous_jumps,fullhide_1d,total,R band,4.560000000000e+14,1.075422076113e+02,9.822676063342e-25
ism_continuous_jumps,fullhide_1d,total,R band,4.560000000000e+14,1.305537869023e+02,1.051410480335e-24
ism_continuous_jumps,fullhide_1d,total,R band,4.560000000000e+14,1.584893192461e+02,1.120839075470e-24
ism_continuous_jumps,fullhide_1d,total,R band,4.560000000000e+14,1.924024182760e+02,1.193212082818e-24
ism_continuous_jumps,fullhide_1d,total,R band,4.560000000000e+14,2.335721469090e+02,1.269102240965e-24
ism_continuous_jumps,fullhide_1d,total,R band,4.560000000000e+14,2.835512583497e+02,1.327693729229e-24
ism_continuous_jumps,fullhide_1d,total,R band,4.560000000000e+14,3.442247595686e+02,1.400036212959e-24
ism_continuous_jumps,fullhide_1d,total,R band,4.560000000000e+14,4.178810060294e+02,1.479484490261e-24
ism_continuous_jumps,fullhide_1d,total,R band,4.560000000000e+14,5.072980090654e+02,1.553921589624e-24
ism_continuous_jumps,fullhide_1d,total,R band,4.560000000000e+14,6.158482110660e+02,1.629414581458e-24
ism_continuous_jumps,fullhide_1d,total,R band,4.560000000000e+14,7.476256801638e+02,1.711042258077e-24
ism_continuous_jumps,fullhide_1d,total,R band,4.560000000000e+14,9.076005216818e+02,1.797924061189e-24
ism_continuous_jumps,fullhide_1d,total,R band,4.560000000000e+14,1.101806330110e+03,1.886120345705e-24
ism_continuous_jumps,fullhide_1d,total,R band,4.560000000000e+14,1.337567751526e+03,1.980401805550e-24
ism_continuous_jumps,fullhide_1d,total,R band,4.560000000000e+14,1.623776739189e+03,2.075742040915e-24
ism_continuous_jumps,fullhide_1d,total,R band,4.560000000000e+14,1.971227921518e+03,2.171913519471e-24
ism_continuous_jumps,fullhide_1d,total,R band,4.560000000000e+14,2.393025731180e+03,2.265128410661e-24
ism_continuous_jumps,fullhide_1d,total,R band,4.560000000000e+14,2.905078650511e+03,2.341205974484e-24
ism_continuous_jumps,fullhide_1d,total,R band,4.560000000000e+14,3.526699214175e+03,2.398423149842e-24
ism_continuous_jumps,fullhide_1d,total,R band,4.560000000000e+14,4.281332398719e+03,2.432017719697e-24
ism_continuous_jumps,fullhide_1d,total,R band,4.560000000000e+14,5.197439870872e+03,2.433845013624e-24
ism_continuous_jumps,fullhide_1d,total,R band,4.560000000000e+14,6.309573444802e+03,2.402360543774e-24
ism_continuous_jumps,fullhide_1d,total,R band,4.560000000000e+14,7.659678234752e+03,2.341251111190e-24
ism_continuous_jumps,fullhide_1d,total,R band,4.560000000000e+14,9.298674652605e+03,2.244465986698e-24
ism_continuous_jumps,fullhide_1d,total,R band,4.560000000000e+14,1.128837891685e+04,2.110029520421e-24
ism_continuous_jumps,fullhide_1d,total,R band,4.560000000000e+14,1.370383450663e+04,1.939837645760e-24
ism_continuous_jumps,fullhide_1d,total,R band,4.560000000000e+14,1.663614249384e+04,1.745364075154e-24
ism_continuous_jumps,fullhide_1d,total,R band,4.560000000000e+14,2.019589750164e+04,1.541297972716e-24
ism_continuous_jumps,fullhide_1d,total,R band,4.560000000000e+14,2.451735887979e+04,1.330625756808e-24
ism_continuous_jumps,fullhide_1d,total,R band,4.560000000000e+14,2.976351441631e+04,1.106706769042e-24
ism_continuous_jumps,fullhide_1d,total,R band,4.560000000000e+14,3.613222756796e+04,8.768486957132e-25
ism_continuous_jumps,fullhide_1d,total,R band,4.560000000000e+14,4.386370005780e+04,6.283849713741e-25
ism_continuous_jumps,fullhide_1d,total,R band,4.560000000000e+14,5.324953129838e+04,3.840960776301e-25
ism_continuous_jumps,fullhide_1d,total,R band,4.560000000000e+14,6.464371632490e+04,2.727274463743e-25
ism_continuous_jumps,fullhide_1d,total,R band,4.560000000000e+14,7.847599703515e+04,1.972208780922e-25
ism_continuous_jumps,fullhide_1d,total,R band,4.560000000000e+14,9.526807029020e+04,1.386516062616e-25
ism_continuous_jumps,fullhide_1d,total,R band,4.560000000000e+14,1.156532641790e+05,9.544364696475e-26
ism_continuous_jumps,fullhide_1d,total,R band,4.560000000000e+14,1.404004245548e+05,6.485870245769e-26
ism_continuous_jumps,fullhide_1d,total,R band,4.560000000000e+14,1.704429127453e+05,4.381023033867e-26
ism_continuous_jumps,fullhide_1d,total,R band,4.560000000000e+14,2.069138081115e+05,2.954138542837e-26
ism_continuous_jumps,fullhide_1d,total,R band,4.560000000000e+14,2.511886431510e+05,1.993585814648e-26
ism_continuous_jumps,fullhide_1d,total,R band,4.560000000000e+14,3.049372829387e+05,1.348872570868e-26
ism_continuous_jumps,fullhide_1d,total,R band,4.560000000000e+14,3.701869055846e+05,9.160990891513e-27
ism_continuous_jumps,fullhide_1d,total,R band,4.560000000000e+14,4.493984590722e+05,6.236417642845e-27
ism_continuous_jumps,fullhide_1d,total,R band,4.560000000000e+14,5.455594781169e+05,4.265924499298e-27
ism_continuous_jumps,fullhide_1d,total,R band,4.560000000000e+14,6.622967617148e+05,2.933960314842e-27
ism_continuous_jumps,fullhide_1d,total,R band,4.560000000000e+14,8.040131611168e+05,2.024835245931e-27
ism_continuous_jumps,fullhide_1d,total,R band,4.560000000000e+14,9.760536373079e+05,1.403253948613e-27
ism_continuous_jumps,fullhide_1d,total,R band,4.560000000000e+14,1.184906851001e+06,9.775238247783e-28
ism_continuous_jumps,fullhide_1d,total,R band,4.560000000000e+14,1.438449888288e+06,6.844698080138e-28
ism_continuous_jumps,fullhide_1d,total,R band,4.560000000000e+14,1.746245352002e+06,4.805274458483e-28
ism_continuous_jumps,fullhide_1d,total,R band,4.560000000000e+14,2.119902023850e+06,3.381969291624e-28
ism_continuous_jumps,fullhide_1d,total,R band,4.560000000000e+14,2.573512700017e+06,2.386290833793e-28
ism_continuous_jumps,fullhide_1d,total,R band,4.560000000000e+14,3.124185713603e+06,1.690802980117e-28
ism_continuous_jumps,fullhide_1d,total,R band,4.560000000000e+14,3.792690190732e+06,1.205817476630e-28
ism_continuous_jumps,fullhide_1d,total,R band,4.560000000000e+14,4.604239376759e+06,8.658366446539e-29
ism_continuous_jumps,fullhide_1d,total,R band,4.560000000000e+14,5.589441576403e+06,6.236791182857e-29
ism_continuous_jumps,fullhide_1d,total,R band,4.560000000000e+14,6.785454573394e+06,4.502945292191e-29
ism_continuous_jumps,fullhide_1d,total,R band,4.560000000000e+14,8.237387069571e+06,3.258776903982e-29
ism_continuous_jumps,fullhide_1d,total,R band,4.560000000000e+14,1.000000000000e+07,2.364697206379e-29
ism_continuous_jumps,fullhide_1d,total,1 keV,2.417989242000e+17,1.000000000000e-01,1.834604948472e-29
ism_continuous_jumps,fullhide_1d,total,1 keV,2.417989242000e+17,1.213977189070e-01,2.902702783001e-29
ism_continuous_jumps,fullhide_1d,total,1 keV,2.417989242000e+17,1.473740615582e-01,4.706826439917e-29
ism_continuous_jumps,fullhide_1d,total,1 keV,2.417989242000e+17,1.789087489923e-01,7.818909590323e-29
ism_continuous_jumps,fullhide_1d,total,1 keV,2.417989242000e+17,2.171911402017e-01,1.320967320072e-28
ism_continuous_jumps,fullhide_1d,total,1 keV,2.417989242000e+17,2.636650898730e-01,2.259841155535e-28
ism_continuous_jumps,fullhide_1d,total,1 keV,2.417989242000e+17,3.200834046600e-01,3.906653900495e-28
ism_continuous_jumps,fullhide_1d,total,1 keV,2.417989242000e+17,3.885739518571e-01,6.852474974503e-28
ism_continuous_jumps,fullhide_1d,total,1 keV,2.417989242000e+17,4.717199138213e-01,1.214805756599e-27
ism_continuous_jumps,fullhide_1d,total,1 keV,2.417989242000e+17,5.726572150092e-01,2.175292333673e-27
ism_continuous_jumps,fullhide_1d,total,1 keV,2.417989242000e+17,6.951927961776e-01,3.919593130549e-27
ism_continuous_jumps,fullhide_1d,total,1 keV,2.417989242000e+17,8.439481965654e-01,7.077826824104e-27
ism_continuous_jumps,fullhide_1d,total,1 keV,2.417989242000e+17,1.024533859387e+00,1.276281167200e-26
ism_continuous_jumps,fullhide_1d,total,1 keV,2.417989242000e+17,1.243760734726e+00,2.287836832500e-26
ism_continuous_jumps,fullhide_1d,total,1 keV,2.417989242000e+17,1.509897160618e+00,4.053118892885e-26
ism_continuous_jumps,fullhide_1d,total,1 keV,2.417989242000e+17,1.832980710832e+00,7.051337850617e-26
ism_continuous_jumps,fullhide_1d,total,1 keV,2.417989242000e+17,2.225196770956e+00,1.194525860622e-25
ism_continuous_jumps,fullhide_1d,total,1 keV,2.417989242000e+17,2.701338121133e+00,1.931099224917e-25
ism_continuous_jumps,fullhide_1d,total,1 keV,2.417989242000e+17,3.279362859021e+00,2.962714871824e-25
ism_continuous_jumps,fullhide_1d,total,1 keV,2.417989242000e+17,3.981071705535e+00,4.273048899908e-25
ism_continuous_jumps,fullhide_1d,total,1 keV,2.417989242000e+17,4.832930238572e+00,5.797951538839e-25
ism_continuous_jumps,fullhide_1d,total,1 keV,2.417989242000e+17,5.867067065993e+00,7.472614670137e-25
ism_continuous_jumps,fullhide_1d,total,1 keV,2.417989242000e+17,7.122485584860e+00,9.218745336363e-25
ism_continuous_jumps,fullhide_1d,total,1 keV,2.417989242000e+17,8.646535029500e+00,1.046721003170e-24
ism_continuous_jumps,fullhide_1d,total,1 keV,2.417989242000e+17,1.049669629031e+01,1.126947542739e-24
ism_continuous_jumps,fullhide_1d,total,1 keV,2.417989242000e+17,1.274274985703e+01,1.319199226400e-24
ism_continuous_jumps,fullhide_1d,total,1 keV,2.417989242000e+17,1.546940765246e+01,1.532783062502e-24
ism_continuous_jumps,fullhide_1d,total,1 keV,2.417989242000e+17,1.877950801851e+01,1.694167329512e-24
ism_continuous_jumps,fullhide_1d,total,1 keV,2.417989242000e+17,2.279789435644e+01,1.873562043578e-24
ism_continuous_jumps,fullhide_1d,total,1 keV,2.417989242000e+17,2.767612370754e+01,2.043434699640e-24
ism_continuous_jumps,fullhide_1d,total,1 keV,2.417989242000e+17,3.359818286284e+01,2.196644712711e-24
ism_continuous_jumps,fullhide_1d,total,1 keV,2.417989242000e+17,4.078742758969e+01,2.347616897420e-24
ism_continuous_jumps,fullhide_1d,total,1 keV,2.417989242000e+17,4.951500669473e+01,2.455561771570e-24
ism_continuous_jumps,fullhide_1d,total,1 keV,2.417989242000e+17,6.011008864406e+01,2.461848906514e-24
ism_continuous_jumps,fullhide_1d,total,1 keV,2.417989242000e+17,7.297227644686e+01,2.448916417733e-24
ism_continuous_jumps,fullhide_1d,total,1 keV,2.417989242000e+17,8.858667904101e+01,2.398009213733e-24
ism_continuous_jumps,fullhide_1d,total,1 keV,2.417989242000e+17,1.075422076113e+02,2.286892180341e-24
ism_continuous_jumps,fullhide_1d,total,1 keV,2.417989242000e+17,1.305537869023e+02,2.139978463276e-24
ism_continuous_jumps,fullhide_1d,total,1 keV,2.417989242000e+17,1.584893192461e+02,1.968411491879e-24
ism_continuous_jumps,fullhide_1d,total,1 keV,2.417989242000e+17,1.924024182760e+02,1.782851274529e-24
ism_continuous_jumps,fullhide_1d,total,1 keV,2.417989242000e+17,2.335721469090e+02,1.577500926284e-24
ism_continuous_jumps,fullhide_1d,total,1 keV,2.417989242000e+17,2.835512583497e+02,1.348331402398e-24
ism_continuous_jumps,fullhide_1d,total,1 keV,2.417989242000e+17,3.442247595686e+02,1.153790648328e-24
ism_continuous_jumps,fullhide_1d,total,1 keV,2.417989242000e+17,4.178810060294e+02,9.845498227442e-25
ism_continuous_jumps,fullhide_1d,total,1 keV,2.417989242000e+17,5.072980090654e+02,8.261255324647e-25
ism_continuous_jumps,fullhide_1d,total,1 keV,2.417989242000e+17,6.158482110660e+02,6.841863447860e-25
ism_continuous_jumps,fullhide_1d,total,1 keV,2.417989242000e+17,7.476256801638e+02,5.637016246292e-25
ism_continuous_jumps,fullhide_1d,total,1 keV,2.417989242000e+17,9.076005216818e+02,4.622826039749e-25
ism_continuous_jumps,fullhide_1d,total,1 keV,2.417989242000e+17,1.101806330110e+03,3.757969198974e-25
ism_continuous_jumps,fullhide_1d,total,1 keV,2.417989242000e+17,1.337567751526e+03,3.062074876739e-25
ism_continuous_jumps,fullhide_1d,total,1 keV,2.417989242000e+17,1.623776739189e+03,2.485255168310e-25
ism_continuous_jumps,fullhide_1d,total,1 keV,2.417989242000e+17,1.971227921518e+03,2.013713920306e-25
ism_continuous_jumps,fullhide_1d,total,1 keV,2.417989242000e+17,2.393025731180e+03,1.634810988934e-25
ism_continuous_jumps,fullhide_1d,total,1 keV,2.417989242000e+17,2.905078650511e+03,1.324155042000e-25
ism_continuous_jumps,fullhide_1d,total,1 keV,2.417989242000e+17,3.526699214175e+03,1.071141348307e-25
ism_continuous_jumps,fullhide_1d,total,1 keV,2.417989242000e+17,4.281332398719e+03,8.653937030210e-26
ism_continuous_jumps,fullhide_1d,total,1 keV,2.417989242000e+17,5.197439870872e+03,6.972428954316e-26
ism_continuous_jumps,fullhide_1d,total,1 keV,2.417989242000e+17,6.309573444802e+03,5.614213271225e-26
ism_continuous_jumps,fullhide_1d,total,1 keV,2.417989242000e+17,7.659678234752e+03,4.537148797981e-26
ism_continuous_jumps,fullhide_1d,total,1 keV,2.417989242000e+17,9.298674652605e+03,3.666501628358e-26
ism_continuous_jumps,fullhide_1d,total,1 keV,2.417989242000e+17,1.128837891685e+04,2.947367408197e-26
ism_continuous_jumps,fullhide_1d,total,1 keV,2.417989242000e+17,1.370383450663e+04,2.345619033407e-26
ism_continuous_jumps,fullhide_1d,total,1 keV,2.417989242000e+17,1.663614249384e+04,1.850394195186e-26
ism_continuous_jumps,fullhide_1d,total,1 keV,2.417989242000e+17,2.019589750164e+04,1.438326984954e-26
ism_continuous_jumps,fullhide_1d,total,1 keV,2.417989242000e+17,2.451735887979e+04,1.096869657226e-26
ism_continuous_jumps,fullhide_1d,total,1 keV,2.417989242000e+17,2.976351441631e+04,8.139184177880e-27
ism_continuous_jumps,fullhide_1d,total,1 keV,2.417989242000e+17,3.613222756796e+04,5.833065134969e-27
ism_continuous_jumps,fullhide_1d,total,1 keV,2.417989242000e+17,4.386370005780e+04,3.728389686937e-27
ism_continuous_jumps,fullhide_1d,total,1 keV,2.417989242000e+17,5.324953129838e+04,1.962107478285e-27
ism_continuous_jumps,fullhide_1d,total,1 keV,2.417989242000e+17,6.464371632490e+04,1.350518269470e-27
ism_continuous_jumps,fullhide_1d,total,1 keV,2.417989242000e+17,7.847599703515e+04,9.776534555507e-28
ism_continuous_jumps,fullhide_1d,total,1 keV,2.417989242000e+17,9.526807029020e+04,6.930551203803e-28
ism_continuous_jumps,fullhide_1d,total,1 keV,2.417989242000e+17,1.156532641790e+05,4.807933549056e-28
ism_continuous_jumps,fullhide_1d,total,1 keV,2.417989242000e+17,1.404004245548e+05,3.274751451566e-28
ism_continuous_jumps,fullhide_1d,total,1 keV,2.417989242000e+17,1.704429127453e+05,2.200793364791e-28
ism_continuous_jumps,fullhide_1d,total,1 keV,2.417989242000e+17,2.069138081115e+05,1.465611776968e-28
ism_continuous_jumps,fullhide_1d,total,1 keV,2.417989242000e+17,2.511886431510e+05,9.720950677691e-29
ism_continuous_jumps,fullhide_1d,total,1 keV,2.417989242000e+17,3.049372829387e+05,6.441554201278e-29
ism_continuous_jumps,fullhide_1d,total,1 keV,2.417989242000e+17,3.701869055846e+05,4.275179747095e-29
ism_continuous_jumps,fullhide_1d,total,1 keV,2.417989242000e+17,4.493984590722e+05,2.840258962943e-29
ism_continuous_jumps,fullhide_1d,total,1 keV,2.417989242000e+17,5.455594781169e+05,1.893443785249e-29
ism_continuous_jumps,fullhide_1d,total,1 keV,2.417989242000e+17,6.622967617148e+05,1.266392747221e-29
ism_continuous_jumps,fullhide_1d,total,1 keV,2.417989242000e+17,8.040131611168e+05,8.491777131064e-30
ism_continuous_jumps,fullhide_1d,total,1 keV,2.417989242000e+17,9.760536373079e+05,5.714803951710e-30
ism_continuous_jumps,fullhide_1d,total,1 keV,2.417989242000e+17,1.184906851001e+06,3.864562713258e-30
ism_continuous_jumps,fullhide_1d,total,1 keV,2.417989242000e+17,1.438449888288e+06,2.627794505471e-30
ism_continuous_jumps,fullhide_1d,total,1 keV,2.417989242000e+17,1.746245352002e+06,1.791345760959e-30
ism_continuous_jumps,fullhide_1d,total,1 keV,2.417989242000e+17,2.119902023850e+06,1.223656134980e-30
ism_continuous_jumps,fullhide_1d,total,1 keV,2.417989242000e+17,2.573512700017e+06,8.369324480238e-31
ism_continuous_jumps,fullhide_1d,total,1 keV,2.417989242000e+17,3.124185713603e+06,5.745453497553e-31
ism_continuous_jumps,fullhide_1d,total,1 keV,2.417989242000e+17,3.792690190732e+06,3.969742876729e-31
ism_continuous_jumps,fullhide_1d,total,1 keV,2.417989242000e+17,4.604239376759e+06,2.761714886113e-31
ism_continuous_jumps,fullhide_1d,total,1 keV,2.417989242000e+17,5.589441576403e+06,1.926603886950e-31
ism_continuous_jumps,fullhide_1d,total,1 keV,2.417989242000e+17,6.785454573394e+06,1.347189441130e-31
ism_continuous_jumps,fullhide_1d,total,1 keV,2.417989242000e+17,8.237387069571e+06,9.441903170329e-32
ism_continuous_jumps,fullhide_1d,total,1 keV,2.417989242000e+17,1.000000000000e+07,6.632120522918e-32
ism_continuous_jumps,fullhide_1d,total,100 MeV,2.417989242000e+22,1.000000000000e-01,9.034494198930e-31
ism_continuous_jumps,fullhide_1d,total,100 MeV,2.417989242000e+22,1.213977189070e-01,1.366312068110e-30
ism_continuous_jumps,fullhide_1d,total,100 MeV,2.417989242000e+22,1.473740615582e-01,2.081304213297e-30
ism_continuous_jumps,fullhide_1d,total,100 MeV,2.417989242000e+22,1.789087489923e-01,3.186949204525e-30
ism_continuous_jumps,fullhide_1d,total,100 MeV,2.417989242000e+22,2.171911402017e-01,4.882559237471e-30
ism_continuous_jumps,fullhide_1d,total,100 MeV,2.417989242000e+22,2.636650898730e-01,7.467015656532e-30
ism_continuous_jumps,fullhide_1d,total,100 MeV,2.417989242000e+22,3.200834046600e-01,1.138830752316e-29
ism_continuous_jumps,fullhide_1d,total,100 MeV,2.417989242000e+22,3.885739518571e-01,1.735103483147e-29
ism_continuous_jumps,fullhide_1d,total,100 MeV,2.417989242000e+22,4.717199138213e-01,2.635566965855e-29
ism_continuous_jumps,fullhide_1d,total,100 MeV,2.417989242000e+22,5.726572150092e-01,3.988347805811e-29
ism_continuous_jumps,fullhide_1d,total,100 MeV,2.417989242000e+22,6.951927961776e-01,5.999606685787e-29
ism_continuous_jumps,fullhide_1d,total,100 MeV,2.417989242000e+22,8.439481965654e-01,8.947496446011e-29
ism_continuous_jumps,fullhide_1d,total,100 MeV,2.417989242000e+22,1.024533859387e+00,1.318332370335e-28
ism_continuous_jumps,fullhide_1d,total,100 MeV,2.417989242000e+22,1.243760734726e+00,1.908905986326e-28
ism_continuous_jumps,fullhide_1d,total,100 MeV,2.417989242000e+22,1.509897160618e+00,2.694814243182e-28
ism_continuous_jumps,fullhide_1d,total,100 MeV,2.417989242000e+22,1.832980710832e+00,3.668741139359e-28
ism_continuous_jumps,fullhide_1d,total,100 MeV,2.417989242000e+22,2.225196770956e+00,4.744278912995e-28
ism_continuous_jumps,fullhide_1d,total,100 MeV,2.417989242000e+22,2.701338121133e+00,5.745493558974e-28
ism_continuous_jumps,fullhide_1d,total,100 MeV,2.417989242000e+22,3.279362859021e+00,6.461308744190e-28
ism_continuous_jumps,fullhide_1d,total,100 MeV,2.417989242000e+22,3.981071705535e+00,6.762541300407e-28
ism_continuous_jumps,fullhide_1d,total,100 MeV,2.417989242000e+22,4.832930238572e+00,6.643823535427e-28
ism_continuous_jumps,fullhide_1d,total,100 MeV,2.417989242000e+22,5.867067065993e+00,6.190446225571e-28
ism_continuous_jumps,fullhide_1d,total,100 MeV,2.417989242000e+22,7.122485584860e+00,5.534582957638e-28
ism_continuous_jumps,fullhide_1d,total,100 MeV,2.417989242000e+22,8.646535029500e+00,4.598178398011e-28
ism_continuous_jumps,fullhide_1d,total,100 MeV,2.417989242000e+22,1.049669629031e+01,3.875491596574e-28
ism_continuous_jumps,fullhide_1d,total,100 MeV,2.417989242000e+22,1.274274985703e+01,3.394716787356e-28
ism_continuous_jumps,fullhide_1d,total,100 MeV,2.417989242000e+22,1.546940765246e+01,2.770191446419e-28
ism_continuous_jumps,fullhide_1d,total,100 MeV,2.417989242000e+22,1.877950801851e+01,2.277856834967e-28
ism_continuous_jumps,fullhide_1d,total,100 MeV,2.417989242000e+22,2.279789435644e+01,1.870020957949e-28
ism_continuous_jumps,fullhide_1d,total,100 MeV,2.417989242000e+22,2.767612370754e+01,1.509649098468e-28
ism_continuous_jumps,fullhide_1d,total,100 MeV,2.417989242000e+22,3.359818286284e+01,1.180092909457e-28
ism_continuous_jumps,fullhide_1d,total,100 MeV,2.417989242000e+22,4.078742758969e+01,8.968398699252e-29
ism_continuous_jumps,fullhide_1d,total,100 MeV,2.417989242000e+22,4.951500669473e+01,6.306540393704e-29
ism_continuous_jumps,fullhide_1d,total,100 MeV,2.417989242000e+22,6.011008864406e+01,5.254460230120e-29
ism_continuous_jumps,fullhide_1d,total,100 MeV,2.417989242000e+22,7.297227644686e+01,5.304803017102e-29
ism_continuous_jumps,fullhide_1d,total,100 MeV,2.417989242000e+22,8.858667904101e+01,3.349151482560e-29
ism_continuous_jumps,fullhide_1d,total,100 MeV,2.417989242000e+22,1.075422076113e+02,3.171787480049e-29
ism_continuous_jumps,fullhide_1d,total,100 MeV,2.417989242000e+22,1.305537869023e+02,2.465529131857e-29
ism_continuous_jumps,fullhide_1d,total,100 MeV,2.417989242000e+22,1.584893192461e+02,1.899122151560e-29
ism_continuous_jumps,fullhide_1d,total,100 MeV,2.417989242000e+22,1.924024182760e+02,1.531592148380e-29
ism_continuous_jumps,fullhide_1d,total,100 MeV,2.417989242000e+22,2.335721469090e+02,1.184264046503e-29
ism_continuous_jumps,fullhide_1d,total,100 MeV,2.417989242000e+22,2.835512583497e+02,9.017046053251e-30
ism_continuous_jumps,fullhide_1d,total,100 MeV,2.417989242000e+22,3.442247595686e+02,7.106568604047e-30
ism_continuous_jumps,fullhide_1d,total,100 MeV,2.417989242000e+22,4.178810060294e+02,5.688543967477e-30
ism_continuous_jumps,fullhide_1d,total,100 MeV,2.417989242000e+22,5.072980090654e+02,4.517613512621e-30
ism_continuous_jumps,fullhide_1d,total,100 MeV,2.417989242000e+22,6.158482110660e+02,3.541443790650e-30
ism_continuous_jumps,fullhide_1d,total,100 MeV,2.417989242000e+22,7.476256801638e+02,2.781888349381e-30
ism_continuous_jumps,fullhide_1d,total,100 MeV,2.417989242000e+22,9.076005216818e+02,2.184540605403e-30
ism_continuous_jumps,fullhide_1d,total,100 MeV,2.417989242000e+22,1.101806330110e+03,1.703191355570e-30
ism_continuous_jumps,fullhide_1d,total,100 MeV,2.417989242000e+22,1.337567751526e+03,1.334980915594e-30
ism_continuous_jumps,fullhide_1d,total,100 MeV,2.417989242000e+22,1.623776739189e+03,1.043770964414e-30
ism_continuous_jumps,fullhide_1d,total,100 MeV,2.417989242000e+22,1.971227921518e+03,8.155992157723e-31
ism_continuous_jumps,fullhide_1d,total,100 MeV,2.417989242000e+22,2.393025731180e+03,6.396601638118e-31
ism_continuous_jumps,fullhide_1d,total,100 MeV,2.417989242000e+22,2.905078650511e+03,5.009320939438e-31
ism_continuous_jumps,fullhide_1d,total,100 MeV,2.417989242000e+22,3.526699214175e+03,3.925652711461e-31
ism_continuous_jumps,fullhide_1d,total,100 MeV,2.417989242000e+22,4.281332398719e+03,3.081606526145e-31
ism_continuous_jumps,fullhide_1d,total,100 MeV,2.417989242000e+22,5.197439870872e+03,2.419655695161e-31
ism_continuous_jumps,fullhide_1d,total,100 MeV,2.417989242000e+22,6.309573444802e+03,1.905922155480e-31
ism_continuous_jumps,fullhide_1d,total,100 MeV,2.417989242000e+22,7.659678234752e+03,1.510975264030e-31
ism_continuous_jumps,fullhide_1d,total,100 MeV,2.417989242000e+22,9.298674652605e+03,1.198862650925e-31
ism_continuous_jumps,fullhide_1d,total,100 MeV,2.417989242000e+22,1.128837891685e+04,9.480574633828e-32
ism_continuous_jumps,fullhide_1d,total,100 MeV,2.417989242000e+22,1.370383450663e+04,7.455252935847e-32
ism_continuous_jumps,fullhide_1d,total,100 MeV,2.417989242000e+22,1.663614249384e+04,5.841760978277e-32
ism_continuous_jumps,fullhide_1d,total,100 MeV,2.417989242000e+22,2.019589750164e+04,4.547324876766e-32
ism_continuous_jumps,fullhide_1d,total,100 MeV,2.417989242000e+22,2.451735887979e+04,3.515314531256e-32
ism_continuous_jumps,fullhide_1d,total,100 MeV,2.417989242000e+22,2.976351441631e+04,2.674789599617e-32
ism_continuous_jumps,fullhide_1d,total,100 MeV,2.417989242000e+22,3.613222756796e+04,1.982369111924e-32
ism_continuous_jumps,fullhide_1d,total,100 MeV,2.417989242000e+22,4.386370005780e+04,1.323865107937e-32
ism_continuous_jumps,fullhide_1d,total,100 MeV,2.417989242000e+22,5.324953129838e+04,7.648965304297e-33
ism_continuous_jumps,fullhide_1d,total,100 MeV,2.417989242000e+22,6.464371632490e+04,5.462914881513e-33
ism_continuous_jumps,fullhide_1d,total,100 MeV,2.417989242000e+22,7.847599703515e+04,3.952378222744e-33
ism_continuous_jumps,fullhide_1d,total,100 MeV,2.417989242000e+22,9.526807029020e+04,2.754321149745e-33
ism_continuous_jumps,fullhide_1d,total,100 MeV,2.417989242000e+22,1.156532641790e+05,1.865028793279e-33
ism_continuous_jumps,fullhide_1d,total,100 MeV,2.417989242000e+22,1.404004245548e+05,1.238030120974e-33
ism_continuous_jumps,fullhide_1d,total,100 MeV,2.417989242000e+22,1.704429127453e+05,8.117287333456e-34
ism_continuous_jumps,fullhide_1d,total,100 MeV,2.417989242000e+22,2.069138081115e+05,5.283446279561e-34
ism_continuous_jumps,fullhide_1d,total,100 MeV,2.417989242000e+22,2.511886431510e+05,3.430326559860e-34
ism_continuous_jumps,fullhide_1d,total,100 MeV,2.417989242000e+22,3.049372829387e+05,2.226571450465e-34
ism_continuous_jumps,fullhide_1d,total,100 MeV,2.417989242000e+22,3.701869055846e+05,1.448103615294e-34
ism_continuous_jumps,fullhide_1d,total,100 MeV,2.417989242000e+22,4.493984590722e+05,9.425968158517e-35
ism_continuous_jumps,fullhide_1d,total,100 MeV,2.417989242000e+22,5.455594781169e+05,6.153276050105e-35
ism_continuous_jumps,fullhide_1d,total,100 MeV,2.417989242000e+22,6.622967617148e+05,4.023092565200e-35
ism_continuous_jumps,fullhide_1d,total,100 MeV,2.417989242000e+22,8.040131611168e+05,2.634689888215e-35
ism_continuous_jumps,fullhide_1d,total,100 MeV,2.417989242000e+22,9.760536373079e+05,1.729890202937e-35
ism_continuous_jumps,fullhide_1d,total,100 MeV,2.417989242000e+22,1.184906851001e+06,1.140121854992e-35
ism_continuous_jumps,fullhide_1d,total,100 MeV,2.417989242000e+22,1.438449888288e+06,7.549356892771e-36
ism_continuous_jumps,fullhide_1d,total,100 MeV,2.417989242000e+22,1.746245352002e+06,5.005187624729e-36
ism_continuous_jumps,fullhide_1d,total,100 MeV,2.417989242000e+22,2.119902023850e+06,3.320581615078e-36
ism_continuous_jumps,fullhide_1d,total,100 MeV,2.417989242000e+22,2.573512700017e+06,2.199470780949e-36
ism_continuous_jumps,fullhide_1d,total,100 MeV,2.417989242000e+22,3.124185713603e+06,1.460307586955e-36
ism_continuous_jumps,fullhide_1d,total,100 MeV,2.417989242000e+22,3.792690190732e+06,9.753177961211e-37
ism_continuous_jumps,fullhide_1d,total,100 MeV,2.417989242000e+22,4.604239376759e+06,6.556407766976e-37
ism_continuous_jumps,fullhide_1d,total,100 MeV,2.417989242000e+22,5.589441576403e+06,4.415698078448e-37
ism_continuous_jumps,fullhide_1d,total,100 MeV,2.417989242000e+22,6.785454573394e+06,2.978406243865e-37
ism_continuous_jumps,fullhide_1d,total,100 MeV,2.417989242000e+22,8.237387069571e+06,2.012103515319e-37
ism_continuous_jumps,fullhide_1d,total,100 MeV,2.417989242000e+22,1.000000000000e+07,1.361434220279e-37
ism_continuous_jumps,fullhide_1d,sync,10 GHz,1.000000000000e+10,1.000000000000e-01,6.643632447035e-32
ism_continuous_jumps,fullhide_1d,sync,10 GHz,1.000000000000e+10,1.213977189070e-01,1.054302147320e-31
ism_continuous_jumps,fullhide_1d,sync,10 GHz,1.000000000000e+10,1.473740615582e-01,1.713494458017e-31
ism_continuous_jumps,fullhide_1d,sync,10 GHz,1.000000000000e+10,1.789087489923e-01,2.851474035217e-31
ism_continuous_jumps,fullhide_1d,sync,10 GHz,1.000000000000e+10,2.171911402017e-01,4.824254400532e-31
ism_continuous_jumps,fullhide_1d,sync,10 GHz,1.000000000000e+10,2.636650898730e-01,8.263868017821e-31
ism_continuous_jumps,fullhide_1d,sync,10 GHz,1.000000000000e+10,3.200834046600e-01,1.430646773578e-30
ism_continuous_jumps,fullhide_1d,sync,10 GHz,1.000000000000e+10,3.885739518571e-01,2.513967081792e-30
ism_continuous_jumps,fullhide_1d,sync,10 GHz,1.000000000000e+10,4.717199138213e-01,4.467279754229e-30
ism_continuous_jumps,fullhide_1d,sync,10 GHz,1.000000000000e+10,5.726572150092e-01,8.024230621845e-30
ism_continuous_jumps,fullhide_1d,sync,10 GHz,1.000000000000e+10,6.951927961776e-01,1.451693422469e-29
ism_continuous_jumps,fullhide_1d,sync,10 GHz,1.000000000000e+10,8.439481965654e-01,2.634795591336e-29
ism_continuous_jumps,fullhide_1d,sync,10 GHz,1.000000000000e+10,1.024533859387e+00,4.781473569672e-29
ism_continuous_jumps,fullhide_1d,sync,10 GHz,1.000000000000e+10,1.243760734726e+00,8.639287078698e-29
ism_continuous_jumps,fullhide_1d,sync,10 GHz,1.000000000000e+10,1.509897160618e+00,1.545610988126e-28
ism_continuous_jumps,fullhide_1d,sync,10 GHz,1.000000000000e+10,1.832980710832e+00,2.722065193148e-28
ism_continuous_jumps,fullhide_1d,sync,10 GHz,1.000000000000e+10,2.225196770956e+00,4.683564798037e-28
ism_continuous_jumps,fullhide_1d,sync,10 GHz,1.000000000000e+10,2.701338121133e+00,7.714480503029e-28
ism_continuous_jumps,fullhide_1d,sync,10 GHz,1.000000000000e+10,3.279362859021e+00,1.210530198061e-27
ism_continuous_jumps,fullhide_1d,sync,10 GHz,1.000000000000e+10,3.981071705535e+00,1.791090370064e-27
ism_continuous_jumps,fullhide_1d,sync,10 GHz,1.000000000000e+10,4.832930238572e+00,2.501205980486e-27
ism_continuous_jumps,fullhide_1d,sync,10 GHz,1.000000000000e+10,5.867067065993e+00,3.325704261073e-27
ism_continuous_jumps,fullhide_1d,sync,10 GHz,1.000000000000e+10,7.122485584860e+00,4.239645139920e-27
ism_continuous_jumps,fullhide_1d,sync,10 GHz,1.000000000000e+10,8.646535029500e+00,4.989651564596e-27
ism_continuous_jumps,fullhide_1d,sync,10 GHz,1.000000000000e+10,1.049669629031e+01,5.513167252721e-27
ism_continuous_jumps,fullhide_1d,sync,10 GHz,1.000000000000e+10,1.274274985703e+01,6.587032003145e-27
ism_continuous_jumps,fullhide_1d,sync,10 GHz,1.000000000000e+10,1.546940765246e+01,7.996115322949e-27
ism_continuous_jumps,fullhide_1d,sync,10 GHz,1.000000000000e+10,1.877950801851e+01,9.401628239231e-27
ism_continuous_jumps,fullhide_1d,sync,10 GHz,1.000000000000e+10,2.279789435644e+01,1.109176892816e-26
ism_continuous_jumps,fullhide_1d,sync,10 GHz,1.000000000000e+10,2.767612370754e+01,1.299352181367e-26
ism_continuous_jumps,fullhide_1d,sync,10 GHz,1.000000000000e+10,3.359818286284e+01,1.509649755648e-26
ism_continuous_jumps,fullhide_1d,sync,10 GHz,1.000000000000e+10,4.078742758969e+01,1.743057277029e-26
ism_continuous_jumps,fullhide_1d,sync,10 GHz,1.000000000000e+10,4.951500669473e+01,1.982230951657e-26
ism_continuous_jumps,fullhide_1d,sync,10 GHz,1.000000000000e+10,6.011008864406e+01,2.192337788037e-26
ism_continuous_jumps,fullhide_1d,sync,10 GHz,1.000000000000e+10,7.297227644686e+01,2.408983574715e-26
ism_continuous_jumps,fullhide_1d,sync,10 GHz,1.000000000000e+10,8.858667904101e+01,2.633883541367e-26
ism_continuous_jumps,fullhide_1d,sync,10 GHz,1.000000000000e+10,1.075422076113e+02,2.840944316688e-26
ism_continuous_jumps,fullhide_1d,sync,10 GHz,1.000000000000e+10,1.305537869023e+02,3.055292536180e-26
ism_continuous_jumps,fullhide_1d,sync,10 GHz,1.000000000000e+10,1.584893192461e+02,3.274062326037e-26
ism_continuous_jumps,fullhide_1d,sync,10 GHz,1.000000000000e+10,1.924024182760e+02,3.505837131559e-26
ism_continuous_jumps,fullhide_1d,sync,10 GHz,1.000000000000e+10,2.335721469090e+02,3.755766186587e-26
ism_continuous_jumps,fullhide_1d,sync,10 GHz,1.000000000000e+10,2.835512583497e+02,3.967678954895e-26
ism_continuous_jumps,fullhide_1d,sync,10 GHz,1.000000000000e+10,3.442247595686e+02,4.223009478914e-26
ism_continuous_jumps,fullhide_1d,sync,10 GHz,1.000000000000e+10,4.178810060294e+02,4.504630710150e-26
ism_continuous_jumps,fullhide_1d,sync,10 GHz,1.000000000000e+10,5.072980090654e+02,4.781437006257e-26
ism_continuous_jumps,fullhide_1d,sync,10 GHz,1.000000000000e+10,6.158482110660e+02,5.073558785049e-26
ism_continuous_jumps,fullhide_1d,sync,10 GHz,1.000000000000e+10,7.476256801638e+02,5.400526404063e-26
ism_continuous_jumps,fullhide_1d,sync,10 GHz,1.000000000000e+10,9.076005216818e+02,5.769212931482e-26
ism_continuous_jumps,fullhide_1d,sync,10 GHz,1.000000000000e+10,1.101806330110e+03,6.171609105059e-26
ism_continuous_jumps,fullhide_1d,sync,10 GHz,1.000000000000e+10,1.337567751526e+03,6.627898088549e-26
ism_continuous_jumps,fullhide_1d,sync,10 GHz,1.000000000000e+10,1.623776739189e+03,7.136119462844e-26
ism_continuous_jumps,fullhide_1d,sync,10 GHz,1.000000000000e+10,1.971227921518e+03,7.710546306225e-26
ism_continuous_jumps,fullhide_1d,sync,10 GHz,1.000000000000e+10,2.393025731180e+03,8.359168877418e-26
ism_continuous_jumps,fullhide_1d,sync,10 GHz,1.000000000000e+10,2.905078650511e+03,9.072879739808e-26
ism_continuous_jumps,fullhide_1d,sync,10 GHz,1.000000000000e+10,3.526699214175e+03,9.856086323566e-26
ism_continuous_jumps,fullhide_1d,sync,10 GHz,1.000000000000e+10,4.281332398719e+03,1.071737555642e-25
ism_continuous_jumps,fullhide_1d,sync,10 GHz,1.000000000000e+10,5.197439870872e+03,1.163567011166e-25
ism_continuous_jumps,fullhide_1d,sync,10 GHz,1.000000000000e+10,6.309573444802e+03,1.256364961338e-25
ism_continuous_jumps,fullhide_1d,sync,10 GHz,1.000000000000e+10,7.659678234752e+03,1.354297066110e-25
ism_continuous_jumps,fullhide_1d,sync,10 GHz,1.000000000000e+10,9.298674652605e+03,1.473583555726e-25
ism_continuous_jumps,fullhide_1d,sync,10 GHz,1.000000000000e+10,1.128837891685e+04,1.625326390727e-25
ism_continuous_jumps,fullhide_1d,sync,10 GHz,1.000000000000e+10,1.370383450663e+04,1.804411319940e-25
ism_continuous_jumps,fullhide_1d,sync,10 GHz,1.000000000000e+10,1.663614249384e+04,2.004528827364e-25
ism_continuous_jumps,fullhide_1d,sync,10 GHz,1.000000000000e+10,2.019589750164e+04,2.229791696289e-25
ism_continuous_jumps,fullhide_1d,sync,10 GHz,1.000000000000e+10,2.451735887979e+04,2.487878351426e-25
ism_continuous_jumps,fullhide_1d,sync,10 GHz,1.000000000000e+10,2.976351441631e+04,2.769890024051e-25
ism_continuous_jumps,fullhide_1d,sync,10 GHz,1.000000000000e+10,3.613222756796e+04,3.052412483359e-25
ism_continuous_jumps,fullhide_1d,sync,10 GHz,1.000000000000e+10,4.386370005780e+04,3.281495207985e-25
ism_continuous_jumps,fullhide_1d,sync,10 GHz,1.000000000000e+10,5.324953129838e+04,3.349018075880e-25
ism_continuous_jumps,fullhide_1d,sync,10 GHz,1.000000000000e+10,6.464371632490e+04,3.399312700590e-25
ism_continuous_jumps,fullhide_1d,sync,10 GHz,1.000000000000e+10,7.847599703515e+04,3.431862669310e-25
ism_continuous_jumps,fullhide_1d,sync,10 GHz,1.000000000000e+10,9.526807029020e+04,3.427057212182e-25
ism_continuous_jumps,fullhide_1d,sync,10 GHz,1.000000000000e+10,1.156532641790e+05,3.391080869245e-25
ism_continuous_jumps,fullhide_1d,sync,10 GHz,1.000000000000e+10,1.404004245548e+05,3.321031007471e-25
ism_continuous_jumps,fullhide_1d,sync,10 GHz,1.000000000000e+10,1.704429127453e+05,3.229302925760e-25
ism_continuous_jumps,fullhide_1d,sync,10 GHz,1.000000000000e+10,2.069138081115e+05,3.142065498138e-25
ism_continuous_jumps,fullhide_1d,sync,10 GHz,1.000000000000e+10,2.511886431510e+05,3.052257671938e-25
ism_continuous_jumps,fullhide_1d,sync,10 GHz,1.000000000000e+10,3.049372829387e+05,2.943915549306e-25
ism_continuous_jumps,fullhide_1d,sync,10 GHz,1.000000000000e+10,3.701869055846e+05,2.843822719628e-25
ism_continuous_jumps,fullhide_1d,sync,10 GHz,1.000000000000e+10,4.493984590722e+05,2.758062335042e-25
ism_continuous_jumps,fullhide_1d,sync,10 GHz,1.000000000000e+10,5.455594781169e+05,2.657576074997e-25
ism_continuous_jumps,fullhide_1d,sync,10 GHz,1.000000000000e+10,6.622967617148e+05,2.546698930122e-25
ism_continuous_jumps,fullhide_1d,sync,10 GHz,1.000000000000e+10,8.040131611168e+05,2.448183965543e-25
ism_continuous_jumps,fullhide_1d,sync,10 GHz,1.000000000000e+10,9.760536373079e+05,2.339902782963e-25
ism_continuous_jumps,fullhide_1d,sync,10 GHz,1.000000000000e+10,1.184906851001e+06,2.206403375259e-25
ism_continuous_jumps,fullhide_1d,sync,10 GHz,1.000000000000e+10,1.438449888288e+06,2.067161490300e-25
ism_continuous_jumps,fullhide_1d,sync,10 GHz,1.000000000000e+10,1.746245352002e+06,1.913654034907e-25
ism_continuous_jumps,fullhide_1d,sync,10 GHz,1.000000000000e+10,2.119902023850e+06,1.726080747699e-25
ism_continuous_jumps,fullhide_1d,sync,10 GHz,1.000000000000e+10,2.573512700017e+06,1.515568608860e-25
ism_continuous_jumps,fullhide_1d,sync,10 GHz,1.000000000000e+10,3.124185713603e+06,1.299076070885e-25
ism_continuous_jumps,fullhide_1d,sync,10 GHz,1.000000000000e+10,3.792690190732e+06,1.080024046677e-25
ism_continuous_jumps,fullhide_1d,sync,10 GHz,1.000000000000e+10,4.604239376759e+06,8.755413004683e-26
ism_continuous_jumps,fullhide_1d,sync,10 GHz,1.000000000000e+10,5.589441576403e+06,6.950414262817e-26
ism_continuous_jumps,fullhide_1d,sync,10 GHz,1.000000000000e+10,6.785454573394e+06,5.428518437807e-26
ism_continuous_jumps,fullhide_1d,sync,10 GHz,1.000000000000e+10,8.237387069571e+06,4.191160011738e-26
ism_continuous_jumps,fullhide_1d,sync,10 GHz,1.000000000000e+10,1.000000000000e+07,3.210079547742e-26
ism_continuous_jumps,fullhide_1d,sync,R band,4.560000000000e+14,1.000000000000e-01,2.372044153779e-30
ism_continuous_jumps,fullhide_1d,sync,R band,4.560000000000e+14,1.213977189070e-01,3.763986737603e-30
ism_continuous_jumps,fullhide_1d,sync,R band,4.560000000000e+14,1.473740615582e-01,6.116884367246e-30
ism_continuous_jumps,fullhide_1d,sync,R band,4.560000000000e+14,1.789087489923e-01,1.017840874826e-29
ism_continuous_jumps,fullhide_1d,sync,R band,4.560000000000e+14,2.171911402017e-01,1.721883846983e-29
ism_continuous_jumps,fullhide_1d,sync,R band,4.560000000000e+14,2.636650898730e-01,2.949318550115e-29
ism_continuous_jumps,fullhide_1d,sync,R band,4.560000000000e+14,3.200834046600e-01,5.105474249637e-29
ism_continuous_jumps,fullhide_1d,sync,R band,4.560000000000e+14,3.885739518571e-01,8.970766977950e-29
ism_continuous_jumps,fullhide_1d,sync,R band,4.560000000000e+14,4.717199138213e-01,1.593976637675e-28
ism_continuous_jumps,fullhide_1d,sync,R band,4.560000000000e+14,5.726572150092e-01,2.862948197435e-28
ism_continuous_jumps,fullhide_1d,sync,R band,4.560000000000e+14,6.951927961776e-01,5.179134824427e-28
ism_continuous_jumps,fullhide_1d,sync,R band,4.560000000000e+14,8.439481965654e-01,9.399431569042e-28
ism_continuous_jumps,fullhide_1d,sync,R band,4.560000000000e+14,1.024533859387e+00,1.705641466361e-27
ism_continuous_jumps,fullhide_1d,sync,R band,4.560000000000e+14,1.243760734726e+00,3.081574619095e-27
ism_continuous_jumps,fullhide_1d,sync,R band,4.560000000000e+14,1.509897160618e+00,5.512620545830e-27
ism_continuous_jumps,fullhide_1d,sync,R band,4.560000000000e+14,1.832980710832e+00,9.707512666494e-27
ism_continuous_jumps,fullhide_1d,sync,R band,4.560000000000e+14,2.225196770956e+00,1.669997657466e-26
ism_continuous_jumps,fullhide_1d,sync,R band,4.560000000000e+14,2.701338121133e+00,2.750038820633e-26
ism_continuous_jumps,fullhide_1d,sync,R band,4.560000000000e+14,3.279362859021e+00,4.313594846364e-26
ism_continuous_jumps,fullhide_1d,sync,R band,4.560000000000e+14,3.981071705535e+00,6.379129026745e-26
ism_continuous_jumps,fullhide_1d,sync,R band,4.560000000000e+14,4.832930238572e+00,8.902730702931e-26
ism_continuous_jumps,fullhide_1d,sync,R band,4.560000000000e+14,5.867067065993e+00,1.182822124028e-25
ism_continuous_jumps,fullhide_1d,sync,R band,4.560000000000e+14,7.122485584860e+00,1.506480936137e-25
ism_continuous_jumps,fullhide_1d,sync,R band,4.560000000000e+14,8.646535029500e+00,1.770766388916e-25
ism_continuous_jumps,fullhide_1d,sync,R band,4.560000000000e+14,1.049669629031e+01,1.954762876643e-25
ism_continuous_jumps,fullhide_1d,sync,R band,4.560000000000e+14,1.274274985703e+01,2.334884498258e-25
ism_continuous_jumps,fullhide_1d,sync,R band,4.560000000000e+14,1.546940765246e+01,2.832180545344e-25
ism_continuous_jumps,fullhide_1d,sync,R band,4.560000000000e+14,1.877950801851e+01,3.325548784906e-25
ism_continuous_jumps,fullhide_1d,sync,R band,4.560000000000e+14,2.279789435644e+01,3.917912241485e-25
ism_continuous_jumps,fullhide_1d,sync,R band,4.560000000000e+14,2.767612370754e+01,4.582552140743e-25
ism_continuous_jumps,fullhide_1d,sync,R band,4.560000000000e+14,3.359818286284e+01,5.314922700017e-25
ism_continuous_jumps,fullhide_1d,sync,R band,4.560000000000e+14,4.078742758969e+01,6.125189549488e-25
ism_continuous_jumps,fullhide_1d,sync,R band,4.560000000000e+14,4.951500669473e+01,6.950282005777e-25
ism_continuous_jumps,fullhide_1d,sync,R band,4.560000000000e+14,6.011008864406e+01,7.665543337190e-25
ism_continuous_jumps,fullhide_1d,sync,R band,4.560000000000e+14,7.297227644686e+01,8.396212547065e-25
ism_continuous_jumps,fullhide_1d,sync,R band,4.560000000000e+14,8.858667904101e+01,9.146063001920e-25
ism_continuous_jumps,fullhide_1d,sync,R band,4.560000000000e+14,1.075422076113e+02,9.822676063341e-25
ism_continuous_jumps,fullhide_1d,sync,R band,4.560000000000e+14,1.305537869023e+02,1.051410480335e-24
ism_continuous_jumps,fullhide_1d,sync,R band,4.560000000000e+14,1.584893192461e+02,1.120839075470e-24
ism_continuous_jumps,fullhide_1d,sync,R band,4.560000000000e+14,1.924024182760e+02,1.193212082818e-24
ism_continuous_jumps,fullhide_1d,sync,R band,4.560000000000e+14,2.335721469090e+02,1.269102240965e-24
ism_continuous_jumps,fullhide_1d,sync,R band,4.560000000000e+14,2.835512583497e+02,1.327693729229e-24
ism_continuous_jumps,fullhide_1d,sync,R band,4.560000000000e+14,3.442247595686e+02,1.400036212959e-24
ism_continuous_jumps,fullhide_1d,sync,R band,4.560000000000e+14,4.178810060294e+02,1.479484490261e-24
ism_continuous_jumps,fullhide_1d,sync,R band,4.560000000000e+14,5.072980090654e+02,1.553921589624e-24
ism_continuous_jumps,fullhide_1d,sync,R band,4.560000000000e+14,6.158482110660e+02,1.629414581458e-24
ism_continuous_jumps,fullhide_1d,sync,R band,4.560000000000e+14,7.476256801638e+02,1.711042258076e-24
ism_continuous_jumps,fullhide_1d,sync,R band,4.560000000000e+14,9.076005216818e+02,1.797924061188e-24
ism_continuous_jumps,fullhide_1d,sync,R band,4.560000000000e+14,1.101806330110e+03,1.886120345704e-24
ism_continuous_jumps,fullhide_1d,sync,R band,4.560000000000e+14,1.337567751526e+03,1.980401805549e-24
ism_continuous_jumps,fullhide_1d,sync,R band,4.560000000000e+14,1.623776739189e+03,2.075742040914e-24
ism_continuous_jumps,fullhide_1d,sync,R band,4.560000000000e+14,1.971227921518e+03,2.171913519469e-24
ism_continuous_jumps,fullhide_1d,sync,R band,4.560000000000e+14,2.393025731180e+03,2.265128410659e-24
ism_continuous_jumps,fullhide_1d,sync,R band,4.560000000000e+14,2.905078650511e+03,2.341205974481e-24
ism_continuous_jumps,fullhide_1d,sync,R band,4.560000000000e+14,3.526699214175e+03,2.398423149838e-24
ism_continuous_jumps,fullhide_1d,sync,R band,4.560000000000e+14,4.281332398719e+03,2.432017719692e-24
ism_continuous_jumps,fullhide_1d,sync,R band,4.560000000000e+14,5.197439870872e+03,2.433845013617e-24
ism_continuous_jumps,fullhide_1d,sync,R band,4.560000000000e+14,6.309573444802e+03,2.402360543765e-24
ism_continuous_jumps,fullhide_1d,sync,R band,4.560000000000e+14,7.659678234752e+03,2.341251111177e-24
ism_continuous_jumps,fullhide_1d,sync,R band,4.560000000000e+14,9.298674652605e+03,2.244465986680e-24
ism_continuous_jumps,fullhide_1d,sync,R band,4.560000000000e+14,1.128837891685e+04,2.110029520394e-24
ism_continuous_jumps,fullhide_1d,sync,R band,4.560000000000e+14,1.370383450663e+04,1.939837645722e-24
ism_continuous_jumps,fullhide_1d,sync,R band,4.560000000000e+14,1.663614249384e+04,1.745364075102e-24
ism_continuous_jumps,fullhide_1d,sync,R band,4.560000000000e+14,2.019589750164e+04,1.541297972646e-24
ism_continuous_jumps,fullhide_1d,sync,R band,4.560000000000e+14,2.451735887979e+04,1.330625756715e-24
ism_continuous_jumps,fullhide_1d,sync,R band,4.560000000000e+14,2.976351441631e+04,1.106706768920e-24
ism_continuous_jumps,fullhide_1d,sync,R band,4.560000000000e+14,3.613222756796e+04,8.768486955558e-25
ism_continuous_jumps,fullhide_1d,sync,R band,4.560000000000e+14,4.386370005780e+04,6.283849711745e-25
ism_continuous_jumps,fullhide_1d,sync,R band,4.560000000000e+14,5.324953129838e+04,3.840960773889e-25
ism_continuous_jumps,fullhide_1d,sync,R band,4.560000000000e+14,6.464371632490e+04,2.727274460880e-25
ism_continuous_jumps,fullhide_1d,sync,R band,4.560000000000e+14,7.847599703515e+04,1.972208777538e-25
ism_continuous_jumps,fullhide_1d,sync,R band,4.560000000000e+14,9.526807029020e+04,1.386516058651e-25
ism_continuous_jumps,fullhide_1d,sync,R band,4.560000000000e+14,1.156532641790e+05,9.544364650662e-26
ism_continuous_jumps,fullhide_1d,sync,R band,4.560000000000e+14,1.404004245548e+05,6.485870193548e-26
ism_continuous_jumps,fullhide_1d,sync,R band,4.560000000000e+14,1.704429127453e+05,4.381022974541e-26
ism_continuous_jumps,fullhide_1d,sync,R band,4.560000000000e+14,2.069138081115e+05,2.954138475340e-26
ism_continuous_jumps,fullhide_1d,sync,R band,4.560000000000e+14,2.511886431510e+05,1.993585738671e-26
ism_continuous_jumps,fullhide_1d,sync,R band,4.560000000000e+14,3.049372829387e+05,1.348872486009e-26
ism_continuous_jumps,fullhide_1d,sync,R band,4.560000000000e+14,3.701869055846e+05,9.160989938252e-27
ism_continuous_jumps,fullhide_1d,sync,R band,4.560000000000e+14,4.493984590722e+05,6.236416577056e-27
ism_continuous_jumps,fullhide_1d,sync,R band,4.560000000000e+14,5.455594781169e+05,4.265923320898e-27
ism_continuous_jumps,fullhide_1d,sync,R band,4.560000000000e+14,6.622967617148e+05,2.933959006204e-27
ism_continuous_jumps,fullhide_1d,sync,R band,4.560000000000e+14,8.040131611168e+05,2.024833784667e-27
ism_continuous_jumps,fullhide_1d,sync,R band,4.560000000000e+14,9.760536373079e+05,1.403252337810e-27
ism_continuous_jumps,fullhide_1d,sync,R band,4.560000000000e+14,1.184906851001e+06,9.775220616829e-28
ism_continuous_jumps,fullhide_1d,sync,R band,4.560000000000e+14,1.438449888288e+06,6.844678768347e-28
ism_continuous_jumps,fullhide_1d,sync,R band,4.560000000000e+14,1.746245352002e+06,4.805253716792e-28
ism_continuous_jumps,fullhide_1d,sync,R band,4.560000000000e+14,2.119902023850e+06,3.381947494370e-28
ism_continuous_jumps,fullhide_1d,sync,R band,4.560000000000e+14,2.573512700017e+06,2.386268195232e-28
ism_continuous_jumps,fullhide_1d,sync,R band,4.560000000000e+14,3.124185713603e+06,1.690780089414e-28
ism_continuous_jumps,fullhide_1d,sync,R band,4.560000000000e+14,3.792690190732e+06,1.205795164171e-28
ism_continuous_jumps,fullhide_1d,sync,R band,4.560000000000e+14,4.604239376759e+06,8.658155117184e-29
ism_continuous_jumps,fullhide_1d,sync,R band,4.560000000000e+14,5.589441576403e+06,6.236598817953e-29
ism_continuous_jumps,fullhide_1d,sync,R band,4.560000000000e+14,6.785454573394e+06,4.502777158675e-29
ism_continuous_jumps,fullhide_1d,sync,R band,4.560000000000e+14,8.237387069571e+06,3.258634899322e-29
ism_continuous_jumps,fullhide_1d,sync,R band,4.560000000000e+14,1.000000000000e+07,2.364581318339e-29
ism_continuous_jumps,fullhide_1d,sync,1 keV,2.417989242000e+17,1.000000000000e-01,1.834604948472e-29
ism_continuous_jumps,fullhide_1d,sync,1 keV,2.417989242000e+17,1.213977189070e-01,2.902702783001e-29
ism_continuous_jumps,fullhide_1d,sync,1 keV,2.417989242000e+17,1.473740615582e-01,4.706826439917e-29
ism_continuous_jumps,fullhide_1d,sync,1 keV,2.417989242000e+17,1.789087489923e-01,7.818909590323e-29
ism_continuous_jumps,fullhide_1d,sync,1 keV,2.417989242000e+17,2.171911402017e-01,1.320967320072e-28
ism_continuous_jumps,fullhide_1d,sync,1 keV,2.417989242000e+17,2.636650898730e-01,2.259841155535e-28
ism_continuous_jumps,fullhide_1d,sync,1 keV,2.417989242000e+17,3.200834046600e-01,3.906653900495e-28
ism_continuous_jumps,fullhide_1d,sync,1 keV,2.417989242000e+17,3.885739518571e-01,6.852474974503e-28
ism_continuous_jumps,fullhide_1d,sync,1 keV,2.417989242000e+17,4.717199138213e-01,1.214805756599e-27
ism_continuous_jumps,fullhide_1d,sync,1 keV,2.417989242000e+17,5.726572150092e-01,2.175292333673e-27
ism_continuous_jumps,fullhide_1d,sync,1 keV,2.417989242000e+17,6.951927961776e-01,3.919593130549e-27
ism_continuous_jumps,fullhide_1d,sync,1 keV,2.417989242000e+17,8.439481965654e-01,7.077826824104e-27
ism_continuous_jumps,fullhide_1d,sync,1 keV,2.417989242000e+17,1.024533859387e+00,1.276281167200e-26
ism_continuous_jumps,fullhide_1d,sync,1 keV,2.417989242000e+17,1.243760734726e+00,2.287836832500e-26
ism_continuous_jumps,fullhide_1d,sync,1 keV,2.417989242000e+17,1.509897160618e+00,4.053118892885e-26
ism_continuous_jumps,fullhide_1d,sync,1 keV,2.417989242000e+17,1.832980710832e+00,7.051337850617e-26
ism_continuous_jumps,fullhide_1d,sync,1 keV,2.417989242000e+17,2.225196770956e+00,1.194525860621e-25
ism_continuous_jumps,fullhide_1d,sync,1 keV,2.417989242000e+17,2.701338121133e+00,1.931099224917e-25
ism_continuous_jumps,fullhide_1d,sync,1 keV,2.417989242000e+17,3.279362859021e+00,2.962714871824e-25
ism_continuous_jumps,fullhide_1d,sync,1 keV,2.417989242000e+17,3.981071705535e+00,4.273048899907e-25
ism_continuous_jumps,fullhide_1d,sync,1 keV,2.417989242000e+17,4.832930238572e+00,5.797951538838e-25
ism_continuous_jumps,fullhide_1d,sync,1 keV,2.417989242000e+17,5.867067065993e+00,7.472614670135e-25
ism_continuous_jumps,fullhide_1d,sync,1 keV,2.417989242000e+17,7.122485584860e+00,9.218745336360e-25
ism_continuous_jumps,fullhide_1d,sync,1 keV,2.417989242000e+17,8.646535029500e+00,1.046721003170e-24
ism_continuous_jumps,fullhide_1d,sync,1 keV,2.417989242000e+17,1.049669629031e+01,1.126947542739e-24
ism_continuous_jumps,fullhide_1d,sync,1 keV,2.417989242000e+17,1.274274985703e+01,1.319199226399e-24
ism_continuous_jumps,fullhide_1d,sync,1 keV,2.417989242000e+17,1.546940765246e+01,1.532783062500e-24
ism_continuous_jumps,fullhide_1d,sync,1 keV,2.417989242000e+17,1.877950801851e+01,1.694167329510e-24
ism_continuous_jumps,fullhide_1d,sync,1 keV,2.417989242000e+17,2.279789435644e+01,1.873562043575e-24
ism_continuous_jumps,fullhide_1d,sync,1 keV,2.417989242000e+17,2.767612370754e+01,2.043434699637e-24
ism_continuous_jumps,fullhide_1d,sync,1 keV,2.417989242000e+17,3.359818286284e+01,2.196644712707e-24
ism_continuous_jumps,fullhide_1d,sync,1 keV,2.417989242000e+17,4.078742758969e+01,2.347616897415e-24
ism_continuous_jumps,fullhide_1d,sync,1 keV,2.417989242000e+17,4.951500669473e+01,2.455561771563e-24
ism_continuous_jumps,fullhide_1d,sync,1 keV,2.417989242000e+17,6.011008864406e+01,2.461848906506e-24
ism_continuous_jumps,fullhide_1d,sync,1 keV,2.417989242000e+17,7.297227644686e+01,2.448916417724e-24
ism_continuous_jumps,fullhide_1d,sync,1 keV,2.417989242000e+17,8.858667904101e+01,2.398009213722e-24
ism_continuous_jumps,fullhide_1d,sync,1 keV,2.417989242000e+17,1.075422076113e+02,2.286892180328e-24
ism_continuous_jumps,fullhide_1d,sync,1 keV,2.417989242000e+17,1.305537869023e+02,2.139978463261e-24
ism_continuous_jumps,fullhide_1d,sync,1 keV,2.417989242000e+17,1.584893192461e+02,1.968411491861e-24
ism_continuous_jumps,fullhide_1d,sync,1 keV,2.417989242000e+17,1.924024182760e+02,1.782851274509e-24
ism_continuous_jumps,fullhide_1d,sync,1 keV,2.417989242000e+17,2.335721469090e+02,1.577500926261e-24
ism_continuous_jumps,fullhide_1d,sync,1 keV,2.417989242000e+17,2.835512583497e+02,1.348331402372e-24
ism_continuous_jumps,fullhide_1d,sync,1 keV,2.417989242000e+17,3.442247595686e+02,1.153790648298e-24
ism_continuous_jumps,fullhide_1d,sync,1 keV,2.417989242000e+17,4.178810060294e+02,9.845498227100e-25
ism_continuous_jumps,fullhide_1d,sync,1 keV,2.417989242000e+17,5.072980090654e+02,8.261255324255e-25
ism_continuous_jumps,fullhide_1d,sync,1 keV,2.417989242000e+17,6.158482110660e+02,6.841863447408e-25
ism_continuous_jumps,fullhide_1d,sync,1 keV,2.417989242000e+17,7.476256801638e+02,5.637016245767e-25
ism_continuous_jumps,fullhide_1d,sync,1 keV,2.417989242000e+17,9.076005216818e+02,4.622826039136e-25
ism_continuous_jumps,fullhide_1d,sync,1 keV,2.417989242000e+17,1.101806330110e+03,3.757969198257e-25
ism_continuous_jumps,fullhide_1d,sync,1 keV,2.417989242000e+17,1.337567751526e+03,3.062074875897e-25
ism_continuous_jumps,fullhide_1d,sync,1 keV,2.417989242000e+17,1.623776739189e+03,2.485255167315e-25
ism_continuous_jumps,fullhide_1d,sync,1 keV,2.417989242000e+17,1.971227921518e+03,2.013713919123e-25
ism_continuous_jumps,fullhide_1d,sync,1 keV,2.417989242000e+17,2.393025731180e+03,1.634810987525e-25
ism_continuous_jumps,fullhide_1d,sync,1 keV,2.417989242000e+17,2.905078650511e+03,1.324155040320e-25
ism_continuous_jumps,fullhide_1d,sync,1 keV,2.417989242000e+17,3.526699214175e+03,1.071141346304e-25
ism_continuous_jumps,fullhide_1d,sync,1 keV,2.417989242000e+17,4.281332398719e+03,8.653937006279e-26
ism_continuous_jumps,fullhide_1d,sync,1 keV,2.417989242000e+17,5.197439870872e+03,6.972428925710e-26
ism_continuous_jumps,fullhide_1d,sync,1 keV,2.417989242000e+17,6.309573444802e+03,5.614213236908e-26
ism_continuous_jumps,fullhide_1d,sync,1 keV,2.417989242000e+17,7.659678234752e+03,4.537148755764e-26
ism_continuous_jumps,fullhide_1d,sync,1 keV,2.417989242000e+17,9.298674652605e+03,3.666501574254e-26
ism_continuous_jumps,fullhide_1d,sync,1 keV,2.417989242000e+17,1.128837891685e+04,2.947367337130e-26
ism_continuous_jumps,fullhide_1d,sync,1 keV,2.417989242000e+17,1.370383450663e+04,2.345618940760e-26
ism_continuous_jumps,fullhide_1d,sync,1 keV,2.417989242000e+17,1.663614249384e+04,1.850394077429e-26
ism_continuous_jumps,fullhide_1d,sync,1 keV,2.417989242000e+17,2.019589750164e+04,1.438326838283e-26
ism_continuous_jumps,fullhide_1d,sync,1 keV,2.417989242000e+17,2.451735887979e+04,1.096869476294e-26
ism_continuous_jumps,fullhide_1d,sync,1 keV,2.417989242000e+17,2.976351441631e+04,8.139181965870e-27
ism_continuous_jumps,fullhide_1d,sync,1 keV,2.417989242000e+17,3.613222756796e+04,5.833062465180e-27
ism_continuous_jumps,fullhide_1d,sync,1 keV,2.417989242000e+17,4.386370005780e+04,3.728386533862e-27
ism_continuous_jumps,fullhide_1d,sync,1 keV,2.417989242000e+17,5.324953129838e+04,1.962103958008e-27
ism_continuous_jumps,fullhide_1d,sync,1 keV,2.417989242000e+17,6.464371632490e+04,1.350514404596e-27
ism_continuous_jumps,fullhide_1d,sync,1 keV,2.417989242000e+17,7.847599703515e+04,9.776492294538e-28
ism_continuous_jumps,fullhide_1d,sync,1 keV,2.417989242000e+17,9.526807029020e+04,6.930505470401e-28
ism_continuous_jumps,fullhide_1d,sync,1 keV,2.417989242000e+17,1.156532641790e+05,4.807884708657e-28
ism_continuous_jumps,fullhide_1d,sync,1 keV,2.417989242000e+17,1.404004245548e+05,3.274700182518e-28
ism_continuous_jumps,fullhide_1d,sync,1 keV,2.417989242000e+17,1.704429127453e+05,2.200740254799e-28
ism_continuous_jumps,fullhide_1d,sync,1 keV,2.417989242000e+17,2.069138081115e+05,1.465557293171e-28
ism_continuous_jumps,fullhide_1d,sync,1 keV,2.417989242000e+17,2.511886431510e+05,9.720402859453e-29
ism_continuous_jumps,fullhide_1d,sync,1 keV,2.417989242000e+17,3.049372829387e+05,6.441016626392e-29
ism_continuous_jumps,fullhide_1d,sync,1 keV,2.417989242000e+17,3.701869055846e+05,4.274660708378e-29
ism_continuous_jumps,fullhide_1d,sync,1 keV,2.417989242000e+17,4.493984590722e+05,2.839769306805e-29
ism_continuous_jumps,fullhide_1d,sync,1 keV,2.417989242000e+17,5.455594781169e+05,1.892997523453e-29
ism_continuous_jumps,fullhide_1d,sync,1 keV,2.417989242000e+17,6.622967617148e+05,1.266000561160e-29
ism_continuous_jumps,fullhide_1d,sync,1 keV,2.417989242000e+17,8.040131611168e+05,8.488427055622e-30
ism_continuous_jumps,fullhide_1d,sync,1 keV,2.417989242000e+17,9.760536373079e+05,5.712036221223e-30
ism_continuous_jumps,fullhide_1d,sync,1 keV,2.417989242000e+17,1.184906851001e+06,3.862343331696e-30
ism_continuous_jumps,fullhide_1d,sync,1 keV,2.417989242000e+17,1.438449888288e+06,2.626052041266e-30
ism_continuous_jumps,fullhide_1d,sync,1 keV,2.417989242000e+17,1.746245352002e+06,1.790006203690e-30
ism_continuous_jumps,fullhide_1d,sync,1 keV,2.417989242000e+17,2.119902023850e+06,1.222645810874e-30
ism_continuous_jumps,fullhide_1d,sync,1 keV,2.417989242000e+17,2.573512700017e+06,8.361812169837e-31
ism_continuous_jumps,fullhide_1d,sync,1 keV,2.417989242000e+17,3.124185713603e+06,5.739931041266e-31
ism_continuous_jumps,fullhide_1d,sync,1 keV,2.417989242000e+17,3.792690190732e+06,3.965718291746e-31
ism_continuous_jumps,fullhide_1d,sync,1 keV,2.417989242000e+17,4.604239376759e+06,2.758794272647e-31
ism_continuous_jumps,fullhide_1d,sync,1 keV,2.417989242000e+17,5.589441576403e+06,1.924499696235e-31
ism_continuous_jumps,fullhide_1d,sync,1 keV,2.417989242000e+17,6.785454573394e+06,1.345684642917e-31
ism_continuous_jumps,fullhide_1d,sync,1 keV,2.417989242000e+17,8.237387069571e+06,9.431208084801e-32
ism_continuous_jumps,fullhide_1d,sync,1 keV,2.417989242000e+17,1.000000000000e+07,6.624570277547e-32
ism_continuous_jumps,fullhide_1d,sync,100 MeV,2.417989242000e+22,1.000000000000e-01,9.034494198858e-31
ism_continuous_jumps,fullhide_1d,sync,100 MeV,2.417989242000e+22,1.213977189070e-01,1.366312068097e-30
ism_continuous_jumps,fullhide_1d,sync,100 MeV,2.417989242000e+22,1.473740615582e-01,2.081304213271e-30
ism_continuous_jumps,fullhide_1d,sync,100 MeV,2.417989242000e+22,1.789087489923e-01,3.186949204472e-30
ism_continuous_jumps,fullhide_1d,sync,100 MeV,2.417989242000e+22,2.171911402017e-01,4.882559237363e-30
ism_continuous_jumps,fullhide_1d,sync,100 MeV,2.417989242000e+22,2.636650898730e-01,7.467015656305e-30
ism_continuous_jumps,fullhide_1d,sync,100 MeV,2.417989242000e+22,3.200834046600e-01,1.138830752268e-29
ism_continuous_jumps,fullhide_1d,sync,100 MeV,2.417989242000e+22,3.885739518571e-01,1.735103483043e-29
ism_continuous_jumps,fullhide_1d,sync,100 MeV,2.417989242000e+22,4.717199138213e-01,2.635566965625e-29
ism_continuous_jumps,fullhide_1d,sync,100 MeV,2.417989242000e+22,5.726572150092e-01,3.988347805291e-29
ism_continuous_jumps,fullhide_1d,sync,100 MeV,2.417989242000e+22,6.951927961776e-01,5.999606684603e-29
ism_continuous_jumps,fullhide_1d,sync,100 MeV,2.417989242000e+22,8.439481965654e-01,8.947496443299e-29
ism_continuous_jumps,fullhide_1d,sync,100 MeV,2.417989242000e+22,1.024533859387e+00,1.318332369714e-28
ism_continuous_jumps,fullhide_1d,sync,100 MeV,2.417989242000e+22,1.243760734726e+00,1.908905984914e-28
ism_continuous_jumps,fullhide_1d,sync,100 MeV,2.417989242000e+22,1.509897160618e+00,2.694814240014e-28
ism_continuous_jumps,fullhide_1d,sync,100 MeV,2.417989242000e+22,1.832980710832e+00,3.668741132401e-28
ism_continuous_jumps,fullhide_1d,sync,100 MeV,2.417989242000e+22,2.225196770956e+00,4.744278898130e-28
ism_continuous_jumps,fullhide_1d,sync,100 MeV,2.417989242000e+22,2.701338121133e+00,5.745493529184e-28
ism_continuous_jumps,fullhide_1d,sync,100 MeV,2.417989242000e+22,3.279362859021e+00,6.461308688338e-28
ism_continuous_jumps,fullhide_1d,sync,100 MeV,2.417989242000e+22,3.981071705535e+00,6.762541204191e-28
ism_continuous_jumps,fullhide_1d,sync,100 MeV,2.417989242000e+22,4.832930238572e+00,6.643823382515e-28
ism_continuous_jumps,fullhide_1d,sync,100 MeV,2.417989242000e+22,5.867067065993e+00,6.190445997720e-28
ism_continuous_jumps,fullhide_1d,sync,100 MeV,2.417989242000e+22,7.122485584860e+00,5.534582635985e-28
ism_continuous_jumps,fullhide_1d,sync,100 MeV,2.417989242000e+22,8.646535029500e+00,4.598177987000e-28
ism_continuous_jumps,fullhide_1d,sync,100 MeV,2.417989242000e+22,1.049669629031e+01,3.875491050533e-28
ism_continuous_jumps,fullhide_1d,sync,100 MeV,2.417989242000e+22,1.274274985703e+01,3.394715921285e-28
ism_continuous_jumps,fullhide_1d,sync,100 MeV,2.417989242000e+22,1.546940765246e+01,2.770190165158e-28
ism_continuous_jumps,fullhide_1d,sync,100 MeV,2.417989242000e+22,1.877950801851e+01,2.277855144632e-28
ism_continuous_jumps,fullhide_1d,sync,100 MeV,2.417989242000e+22,2.279789435644e+01,1.870018787841e-28
ism_continuous_jumps,fullhide_1d,sync,100 MeV,2.417989242000e+22,2.767612370754e+01,1.509646392039e-28
ism_continuous_jumps,fullhide_1d,sync,100 MeV,2.417989242000e+22,3.359818286284e+01,1.180089606190e-28
ism_continuous_jumps,fullhide_1d,sync,100 MeV,2.417989242000e+22,4.078742758969e+01,8.968358957524e-29
ism_continuous_jumps,fullhide_1d,sync,100 MeV,2.417989242000e+22,4.951500669473e+01,6.306493520087e-29
ism_continuous_jumps,fullhide_1d,sync,100 MeV,2.417989242000e+22,6.011008864406e+01,5.254406617145e-29
ism_continuous_jumps,fullhide_1d,sync,100 MeV,2.417989242000e+22,7.297227644686e+01,5.304742003014e-29
ism_continuous_jumps,fullhide_1d,sync,100 MeV,2.417989242000e+22,8.858667904101e+01,3.349082405327e-29
ism_continuous_jumps,fullhide_1d,sync,100 MeV,2.417989242000e+22,1.075422076113e+02,3.171710038852e-29
ism_continuous_jumps,fullhide_1d,sync,100 MeV,2.417989242000e+22,1.305537869023e+02,2.465442438851e-29
ism_continuous_jumps,fullhide_1d,sync,100 MeV,2.417989242000e+22,1.584893192461e+02,1.899025290469e-29
ism_continuous_jumps,fullhide_1d,sync,100 MeV,2.417989242000e+22,1.924024182760e+02,1.531483791888e-29
ism_continuous_jumps,fullhide_1d,sync,100 MeV,2.417989242000e+22,2.335721469090e+02,1.184143098194e-29
ism_continuous_jumps,fullhide_1d,sync,100 MeV,2.417989242000e+22,2.835512583497e+02,9.015732494109e-30
ism_continuous_jumps,fullhide_1d,sync,100 MeV,2.417989242000e+22,3.442247595686e+02,7.105123671938e-30
ism_continuous_jumps,fullhide_1d,sync,100 MeV,2.417989242000e+22,4.178810060294e+02,5.686938459366e-30
ism_continuous_jumps,fullhide_1d,sync,100 MeV,2.417989242000e+22,5.072980090654e+02,4.515830975256e-30
ism_continuous_jumps,fullhide_1d,sync,100 MeV,2.417989242000e+22,6.158482110660e+02,3.539455314450e-30
ism_continuous_jumps,fullhide_1d,sync,100 MeV,2.417989242000e+22,7.476256801638e+02,2.779654542585e-30
ism_continuous_jumps,fullhide_1d,sync,100 MeV,2.417989242000e+22,9.076005216818e+02,2.182019682671e-30
ism_continuous_jumps,fullhide_1d,sync,100 MeV,2.417989242000e+22,1.101806330110e+03,1.700347339575e-30
ism_continuous_jumps,fullhide_1d,sync,100 MeV,2.417989242000e+22,1.337567751526e+03,1.331772770576e-30
ism_continuous_jumps,fullhide_1d,sync,100 MeV,2.417989242000e+22,1.623776739189e+03,1.040156192105e-30
ism_continuous_jumps,fullhide_1d,sync,100 MeV,2.417989242000e+22,1.971227921518e+03,8.115318212201e-31
ism_continuous_jumps,fullhide_1d,sync,100 MeV,2.417989242000e+22,2.393025731180e+03,6.351035076244e-31
ism_continuous_jumps,fullhide_1d,sync,100 MeV,2.417989242000e+22,2.905078650511e+03,4.958697111369e-31
ism_continuous_jumps,fullhide_1d,sync,100 MeV,2.417989242000e+22,3.526699214175e+03,3.869927367134e-31
ism_continuous_jumps,fullhide_1d,sync,100 MeV,2.417989242000e+22,4.281332398719e+03,3.020934569334e-31
ism_continuous_jumps,fullhide_1d,sync,100 MeV,2.417989242000e+22,5.197439870872e+03,2.354491706440e-31
ism_continuous_jumps,fullhide_1d,sync,100 MeV,2.417989242000e+22,6.309573444802e+03,1.836671234350e-31
ism_continuous_jumps,fullhide_1d,sync,100 MeV,2.417989242000e+22,7.659678234752e+03,1.437386052694e-31
ism_continuous_jumps,fullhide_1d,sync,100 MeV,2.417989242000e+22,9.298674652605e+03,1.120828949531e-31
ism_continuous_jumps,fullhide_1d,sync,100 MeV,2.417989242000e+22,1.128837891685e+04,8.666478728954e-32
ism_continuous_jumps,fullhide_1d,sync,100 MeV,2.417989242000e+22,1.370383450663e+04,6.631735135620e-32
ism_continuous_jumps,fullhide_1d,sync,100 MeV,2.417989242000e+22,1.663614249384e+04,5.035134019532e-32
ism_continuous_jumps,fullhide_1d,sync,100 MeV,2.417989242000e+22,2.019589750164e+04,3.774172915001e-32
ism_continuous_jumps,fullhide_1d,sync,100 MeV,2.417989242000e+22,2.451735887979e+04,2.786351228022e-32
ism_continuous_jumps,fullhide_1d,sync,100 MeV,2.417989242000e+22,2.976351441631e+04,2.004884267894e-32
ism_continuous_jumps,fullhide_1d,sync,100 MeV,2.417989242000e+22,3.613222756796e+04,1.392034304002e-32
ism_continuous_jumps,fullhide_1d,sync,100 MeV,2.417989242000e+22,4.386370005780e+04,8.487536078374e-33
ism_continuous_jumps,fullhide_1d,sync,100 MeV,2.417989242000e+22,5.324953129838e+04,4.519896678517e-33
ism_continuous_jumps,fullhide_1d,sync,100 MeV,2.417989242000e+22,6.464371632490e+04,3.263325412911e-33
ism_continuous_jumps,fullhide_1d,sync,100 MeV,2.417989242000e+22,7.847599703515e+04,2.388770509392e-33
ism_continuous_jumps,fullhide_1d,sync,100 MeV,2.417989242000e+22,9.526807029020e+04,1.672986628399e-33
ism_continuous_jumps,fullhide_1d,sync,100 MeV,2.417989242000e+22,1.156532641790e+05,1.132426562267e-33
ism_continuous_jumps,fullhide_1d,sync,100 MeV,2.417989242000e+22,1.404004245548e+05,7.489066078424e-34
ism_continuous_jumps,fullhide_1d,sync,100 MeV,2.417989242000e+22,1.704429127453e+05,4.880999291348e-34
ism_continuous_jumps,fullhide_1d,sync,100 MeV,2.417989242000e+22,2.069138081115e+05,3.151890222864e-34
ism_continuous_jumps,fullhide_1d,sync,100 MeV,2.417989242000e+22,2.511886431510e+05,2.029818538487e-34
ism_continuous_jumps,fullhide_1d,sync,100 MeV,2.417989242000e+22,3.049372829387e+05,1.307695788851e-34
ism_continuous_jumps,fullhide_1d,sync,100 MeV,2.417989242000e+22,3.701869055846e+05,8.448076089829e-35
ism_continuous_jumps,fullhide_1d,sync,100 MeV,2.417989242000e+22,4.493984590722e+05,5.467970930240e-35
ism_continuous_jumps,fullhide_1d,sync,100 MeV,2.417989242000e+22,5.455594781169e+05,3.554263493601e-35
ism_continuous_jumps,fullhide_1d,sync,100 MeV,2.417989242000e+22,6.622967617148e+05,2.314594144007e-35
ism_continuous_jumps,fullhide_1d,sync,100 MeV,2.417989242000e+22,8.040131611168e+05,1.511662418465e-35
ism_continuous_jumps,fullhide_1d,sync,100 MeV,2.417989242000e+22,9.760536373079e+05,9.913341062844e-36
ism_continuous_jumps,fullhide_1d,sync,100 MeV,2.417989242000e+22,1.184906851001e+06,6.536073486195e-36
ism_continuous_jumps,fullhide_1d,sync,100 MeV,2.417989242000e+22,1.438449888288e+06,4.335695342855e-36
ism_continuous_jumps,fullhide_1d,sync,100 MeV,2.417989242000e+22,1.746245352002e+06,2.884373242163e-36
ism_continuous_jumps,fullhide_1d,sync,100 MeV,2.417989242000e+22,2.119902023850e+06,1.923408653917e-36
ism_continuous_jumps,fullhide_1d,sync,100 MeV,2.417989242000e+22,2.573512700017e+06,1.281244436094e-36
ism_continuous_jumps,fullhide_1d,sync,100 MeV,2.417989242000e+22,3.124185713603e+06,8.566186382825e-37
ism_continuous_jumps,fullhide_1d,sync,100 MeV,2.417989242000e+22,3.792690190732e+06,5.769474096126e-37
ism_continuous_jumps,fullhide_1d,sync,100 MeV,2.417989242000e+22,4.604239376759e+06,3.915542969073e-37
ism_continuous_jumps,fullhide_1d,sync,100 MeV,2.417989242000e+22,5.589441576403e+06,2.666044373942e-37
ism_continuous_jumps,fullhide_1d,sync,100 MeV,2.417989242000e+22,6.785454573394e+06,1.820627802943e-37
ism_continuous_jumps,fullhide_1d,sync,100 MeV,2.417989242000e+22,8.237387069571e+06,1.247010187835e-37
ism_continuous_jumps,fullhide_1d,sync,100 MeV,2.417989242000e+22,1.000000000000e+07,8.566157374114e-38
ism_continuous_jumps,fullhide_1d,ssc,10 GHz,1.000000000000e+10,1.000000000000e-01,1.097428723644e-51
ism_continuous_jumps,fullhide_1d,ssc,10 GHz,1.000000000000e+10,1.213977189070e-01,2.286080130621e-51
ism_continuous_jumps,fullhide_1d,ssc,10 GHz,1.000000000000e+10,1.473740615582e-01,4.889528653808e-51
ism_continuous_jumps,fullhide_1d,ssc,10 GHz,1.000000000000e+10,1.789087489923e-01,1.077479441305e-50
ism_continuous_jumps,fullhide_1d,ssc,10 GHz,1.000000000000e+10,2.171911402017e-01,2.418747926145e-50
ism_continuous_jumps,fullhide_1d,ssc,10 GHz,1.000000000000e+10,2.636650898730e-01,5.501498905645e-50
ism_continuous_jumps,fullhide_1d,ssc,10 GHz,1.000000000000e+10,3.200834046600e-01,1.266460115110e-49
ism_continuous_jumps,fullhide_1d,ssc,10 GHz,1.000000000000e+10,3.885739518571e-01,2.996736481479e-49
ism_continuous_jumps,fullhide_1d,ssc,10 GHz,1.000000000000e+10,4.717199138213e-01,7.227288856954e-49
ism_continuous_jumps,fullhide_1d,ssc,10 GHz,1.000000000000e+10,5.726572150092e-01,1.784184025427e-48
ism_continuous_jumps,fullhide_1d,ssc,10 GHz,1.000000000000e+10,6.951927961776e-01,4.456069659042e-48
ism_continuous_jumps,fullhide_1d,ssc,10 GHz,1.000000000000e+10,8.439481965654e-01,1.119000441099e-47
ism_continuous_jumps,fullhide_1d,ssc,10 GHz,1.000000000000e+10,1.024533859387e+00,2.813418954881e-47
ism_continuous_jumps,fullhide_1d,ssc,10 GHz,1.000000000000e+10,1.243760734726e+00,7.050278670613e-47
ism_continuous_jumps,fullhide_1d,ssc,10 GHz,1.000000000000e+10,1.509897160618e+00,1.748953562472e-46
ism_continuous_jumps,fullhide_1d,ssc,10 GHz,1.000000000000e+10,1.832980710832e+00,4.271355059167e-46
ism_continuous_jumps,fullhide_1d,ssc,10 GHz,1.000000000000e+10,2.225196770956e+00,1.022743692852e-45
ism_continuous_jumps,fullhide_1d,ssc,10 GHz,1.000000000000e+10,2.701338121133e+00,2.298315406202e-45
ism_continuous_jumps,fullhide_1d,ssc,10 GHz,1.000000000000e+10,3.279362859021e+00,4.838434949659e-45
ism_continuous_jumps,fullhide_1d,ssc,10 GHz,1.000000000000e+10,3.981071705535e+00,9.299329094468e-45
ism_continuous_jumps,fullhide_1d,ssc,10 GHz,1.000000000000e+10,4.832930238572e+00,1.637289587326e-44
ism_continuous_jumps,fullhide_1d,ssc,10 GHz,1.000000000000e+10,5.867067065993e+00,2.688357194322e-44
ism_continuous_jumps,fullhide_1d,ssc,10 GHz,1.000000000000e+10,7.122485584860e+00,4.157495833742e-44
ism_continuous_jumps,fullhide_1d,ssc,10 GHz,1.000000000000e+10,8.646535029500e+00,5.856976162019e-44
ism_continuous_jumps,fullhide_1d,ssc,10 GHz,1.000000000000e+10,1.049669629031e+01,8.128381729198e-44
ism_continuous_jumps,fullhide_1d,ssc,10 GHz,1.000000000000e+10,1.274274985703e+01,1.272068207937e-43
ism_continuous_jumps,fullhide_1d,ssc,10 GHz,1.000000000000e+10,1.546940765246e+01,1.894950975797e-43
ism_continuous_jumps,fullhide_1d,ssc,10 GHz,1.000000000000e+10,1.877950801851e+01,2.593382921480e-43
ism_continuous_jumps,fullhide_1d,ssc,10 GHz,1.000000000000e+10,2.279789435644e+01,3.499452011723e-43
ism_continuous_jumps,fullhide_1d,ssc,10 GHz,1.000000000000e+10,2.767612370754e+01,4.646320123509e-43
ism_continuous_jumps,fullhide_1d,ssc,10 GHz,1.000000000000e+10,3.359818286284e+01,6.102650493520e-43
ism_continuous_jumps,fullhide_1d,ssc,10 GHz,1.000000000000e+10,4.078742758969e+01,7.950167230350e-43
ism_continuous_jumps,fullhide_1d,ssc,10 GHz,1.000000000000e+10,4.951500669473e+01,1.021568329035e-42
ism_continuous_jumps,fullhide_1d,ssc,10 GHz,1.000000000000e+10,6.011008864406e+01,1.282054640062e-42
ism_continuous_jumps,fullhide_1d,ssc,10 GHz,1.000000000000e+10,7.297227644686e+01,1.600654156384e-42
ism_continuous_jumps,fullhide_1d,ssc,10 GHz,1.000000000000e+10,8.858667904101e+01,1.986705885612e-42
ism_continuous_jumps,fullhide_1d,ssc,10 GHz,1.000000000000e+10,1.075422076113e+02,2.442007353688e-42
ism_continuous_jumps,fullhide_1d,ssc,10 GHz,1.000000000000e+10,1.305537869023e+02,2.991639139643e-42
ism_continuous_jumps,fullhide_1d,ssc,10 GHz,1.000000000000e+10,1.584893192461e+02,3.652078149210e-42
ism_continuous_jumps,fullhide_1d,ssc,10 GHz,1.000000000000e+10,1.924024182760e+02,4.455164120460e-42
ism_continuous_jumps,fullhide_1d,ssc,10 GHz,1.000000000000e+10,2.335721469090e+02,5.416234253016e-42
ism_continuous_jumps,fullhide_1d,ssc,10 GHz,1.000000000000e+10,2.835512583497e+02,6.452927844021e-42
ism_continuous_jumps,fullhide_1d,ssc,10 GHz,1.000000000000e+10,3.442247595686e+02,7.805414947409e-42
ism_continuous_jumps,fullhide_1d,ssc,10 GHz,1.000000000000e+10,4.178810060294e+02,9.506819005699e-42
ism_continuous_jumps,fullhide_1d,ssc,10 GHz,1.000000000000e+10,5.072980090654e+02,1.155778726780e-41
ism_continuous_jumps,fullhide_1d,ssc,10 GHz,1.000000000000e+10,6.158482110660e+02,1.410813743442e-41
ism_continuous_jumps,fullhide_1d,ssc,10 GHz,1.000000000000e+10,7.476256801638e+02,1.734617711366e-41
ism_continuous_jumps,fullhide_1d,ssc,10 GHz,1.000000000000e+10,9.076005216818e+02,2.147332704628e-41
ism_continuous_jumps,fullhide_1d,ssc,10 GHz,1.000000000000e+10,1.101806330110e+03,2.669641641701e-41
ism_continuous_jumps,fullhide_1d,ssc,10 GHz,1.000000000000e+10,1.337567751526e+03,3.344395440926e-41
ism_continuous_jumps,fullhide_1d,ssc,10 GHz,1.000000000000e+10,1.623776739189e+03,4.224681125526e-41
ism_continuous_jumps,fullhide_1d,ssc,10 GHz,1.000000000000e+10,1.971227921518e+03,5.383195192893e-41
ism_continuous_jumps,fullhide_1d,ssc,10 GHz,1.000000000000e+10,2.393025731180e+03,6.905158189993e-41
ism_continuous_jumps,fullhide_1d,ssc,10 GHz,1.000000000000e+10,2.905078650511e+03,8.892424754096e-41
ism_continuous_jumps,fullhide_1d,ssc,10 GHz,1.000000000000e+10,3.526699214175e+03,1.151923953636e-40
ism_continuous_jumps,fullhide_1d,ssc,10 GHz,1.000000000000e+10,4.281332398719e+03,1.503237322825e-40
ism_continuous_jumps,fullhide_1d,ssc,10 GHz,1.000000000000e+10,5.197439870872e+03,1.973875486468e-40
ism_continuous_jumps,fullhide_1d,ssc,10 GHz,1.000000000000e+10,6.309573444802e+03,2.621636805165e-40
ism_continuous_jumps,fullhide_1d,ssc,10 GHz,1.000000000000e+10,7.659678234752e+03,3.620251456277e-40
ism_continuous_jumps,fullhide_1d,ssc,10 GHz,1.000000000000e+10,9.298674652605e+03,5.252941111783e-40
ism_continuous_jumps,fullhide_1d,ssc,10 GHz,1.000000000000e+10,1.128837891685e+04,7.771233054016e-40
ism_continuous_jumps,fullhide_1d,ssc,10 GHz,1.000000000000e+10,1.370383450663e+04,1.131107597773e-39
ism_continuous_jumps,fullhide_1d,ssc,10 GHz,1.000000000000e+10,1.663614249384e+04,1.594993982139e-39
ism_continuous_jumps,fullhide_1d,ssc,10 GHz,1.000000000000e+10,2.019589750164e+04,2.196943823717e-39
ism_continuous_jumps,fullhide_1d,ssc,10 GHz,1.000000000000e+10,2.451735887979e+04,2.994291560473e-39
ism_continuous_jumps,fullhide_1d,ssc,10 GHz,1.000000000000e+10,2.976351441631e+04,4.051516178691e-39
ism_continuous_jumps,fullhide_1d,ssc,10 GHz,1.000000000000e+10,3.613222756796e+04,5.433223991975e-39
ism_continuous_jumps,fullhide_1d,ssc,10 GHz,1.000000000000e+10,4.386370005780e+04,7.180900174397e-39
ism_continuous_jumps,fullhide_1d,ssc,10 GHz,1.000000000000e+10,5.324953129838e+04,9.150377654208e-39
ism_continuous_jumps,fullhide_1d,ssc,10 GHz,1.000000000000e+10,6.464371632490e+04,1.153721841764e-38
ism_continuous_jumps,fullhide_1d,ssc,10 GHz,1.000000000000e+10,7.847599703515e+04,1.455283195380e-38
ism_continuous_jumps,fullhide_1d,ssc,10 GHz,1.000000000000e+10,9.526807029020e+04,1.828618938327e-38
ism_continuous_jumps,fullhide_1d,ssc,10 GHz,1.000000000000e+10,1.156532641790e+05,2.279696266017e-38
ism_continuous_jumps,fullhide_1d,ssc,10 GHz,1.000000000000e+10,1.404004245548e+05,2.823703415052e-38
ism_continuous_jumps,fullhide_1d,ssc,10 GHz,1.000000000000e+10,1.704429127453e+05,3.505856957056e-38
ism_continuous_jumps,fullhide_1d,ssc,10 GHz,1.000000000000e+10,2.069138081115e+05,4.373585945447e-38
ism_continuous_jumps,fullhide_1d,ssc,10 GHz,1.000000000000e+10,2.511886431510e+05,5.408116015068e-38
ism_continuous_jumps,fullhide_1d,ssc,10 GHz,1.000000000000e+10,3.049372829387e+05,6.684381398336e-38
ism_continuous_jumps,fullhide_1d,ssc,10 GHz,1.000000000000e+10,3.701869055846e+05,8.372709102107e-38
ism_continuous_jumps,fullhide_1d,ssc,10 GHz,1.000000000000e+10,4.493984590722e+05,1.046219478298e-37
ism_continuous_jumps,fullhide_1d,ssc,10 GHz,1.000000000000e+10,5.455594781169e+05,1.298303975415e-37
ism_continuous_jumps,fullhide_1d,ssc,10 GHz,1.000000000000e+10,6.622967617148e+05,1.636451114169e-37
ism_continuous_jumps,fullhide_1d,ssc,10 GHz,1.000000000000e+10,8.040131611168e+05,2.080392744652e-37
ism_continuous_jumps,fullhide_1d,ssc,10 GHz,1.000000000000e+10,9.760536373079e+05,2.619921061660e-37
ism_continuous_jumps,fullhide_1d,ssc,10 GHz,1.000000000000e+10,1.184906851001e+06,3.335115566849e-37
ism_continuous_jumps,fullhide_1d,ssc,10 GHz,1.000000000000e+10,1.438449888288e+06,4.319580975762e-37
ism_continuous_jumps,fullhide_1d,ssc,10 GHz,1.000000000000e+10,1.746245352002e+06,5.531135701749e-37
ism_continuous_jumps,fullhide_1d,ssc,10 GHz,1.000000000000e+10,2.119902023850e+06,7.126694041254e-37
ism_continuous_jumps,fullhide_1d,ssc,10 GHz,1.000000000000e+10,2.573512700017e+06,9.334203228757e-37
ism_continuous_jumps,fullhide_1d,ssc,10 GHz,1.000000000000e+10,3.124185713603e+06,1.214450225890e-36
ism_continuous_jumps,fullhide_1d,ssc,10 GHz,1.000000000000e+10,3.792690190732e+06,1.582657185194e-36
ism_continuous_jumps,fullhide_1d,ssc,10 GHz,1.000000000000e+10,4.604239376759e+06,2.099362043050e-36
ism_continuous_jumps,fullhide_1d,ssc,10 GHz,1.000000000000e+10,5.589441576403e+06,2.744994126651e-36
ism_continuous_jumps,fullhide_1d,ssc,10 GHz,1.000000000000e+10,6.785454573394e+06,3.582762746391e-36
ism_continuous_jumps,fullhide_1d,ssc,10 GHz,1.000000000000e+10,8.237387069571e+06,4.680104192935e-36
ism_continuous_jumps,fullhide_1d,ssc,10 GHz,1.000000000000e+10,1.000000000000e+07,5.983648219301e-36
ism_continuous_jumps,fullhide_1d,ssc,R band,4.560000000000e+14,1.000000000000e-01,5.661871220285e-47
ism_continuous_jumps,fullhide_1d,ssc,R band,4.560000000000e+14,1.213977189070e-01,1.162490930114e-46
ism_continuous_jumps,fullhide_1d,ssc,R band,4.560000000000e+14,1.473740615582e-01,2.438378480916e-46
ism_continuous_jumps,fullhide_1d,ssc,R band,4.560000000000e+14,1.789087489923e-01,5.240852068730e-46
ism_continuous_jumps,fullhide_1d,ssc,R band,4.560000000000e+14,2.171911402017e-01,1.142304192648e-45
ism_continuous_jumps,fullhide_1d,ssc,R band,4.560000000000e+14,2.636650898730e-01,2.514683276642e-45
ism_continuous_jumps,fullhide_1d,ssc,R band,4.560000000000e+14,3.200834046600e-01,5.593461559147e-45
ism_continuous_jumps,fullhide_1d,ssc,R band,4.560000000000e+14,3.885739518571e-01,1.277188465155e-44
ism_continuous_jumps,fullhide_1d,ssc,R band,4.560000000000e+14,4.717199138213e-01,2.977819278766e-44
ism_continuous_jumps,fullhide_1d,ssc,R band,4.560000000000e+14,5.726572150092e-01,7.136766715629e-44
ism_continuous_jumps,fullhide_1d,ssc,R band,4.560000000000e+14,6.951927961776e-01,1.741712182017e-43
ism_continuous_jumps,fullhide_1d,ssc,R band,4.560000000000e+14,8.439481965654e-01,4.306147410471e-43
ism_continuous_jumps,fullhide_1d,ssc,R band,4.560000000000e+14,1.024533859387e+00,1.073771228305e-42
ism_continuous_jumps,fullhide_1d,ssc,R band,4.560000000000e+14,1.243760734726e+00,2.685360612556e-42
ism_continuous_jumps,fullhide_1d,ssc,R band,4.560000000000e+14,1.509897160618e+00,6.677073768420e-42
ism_continuous_jumps,fullhide_1d,ssc,R band,4.560000000000e+14,1.832980710832e+00,1.638046503259e-41
ism_continuous_jumps,fullhide_1d,ssc,R band,4.560000000000e+14,2.225196770956e+00,3.942144544258e-41
ism_continuous_jumps,fullhide_1d,ssc,R band,4.560000000000e+14,2.701338121133e+00,8.884434937316e-41
ism_continuous_jumps,fullhide_1d,ssc,R band,4.560000000000e+14,3.279362859021e+00,1.869951057376e-40
ism_continuous_jumps,fullhide_1d,ssc,R band,4.560000000000e+14,3.981071705535e+00,3.586117462545e-40
ism_continuous_jumps,fullhide_1d,ssc,R band,4.560000000000e+14,4.832930238572e+00,6.289349275635e-40
ism_continuous_jumps,fullhide_1d,ssc,R band,4.560000000000e+14,5.867067065993e+00,1.026413156325e-39
ism_continuous_jumps,fullhide_1d,ssc,R band,4.560000000000e+14,7.122485584860e+00,1.575255253257e-39
ism_continuous_jumps,fullhide_1d,ssc,R band,4.560000000000e+14,8.646535029500e+00,2.192346556735e-39
ism_continuous_jumps,fullhide_1d,ssc,R band,4.560000000000e+14,1.049669629031e+01,3.039143569788e-39
ism_continuous_jumps,fullhide_1d,ssc,R band,4.560000000000e+14,1.274274985703e+01,4.828638475955e-39
ism_continuous_jumps,fullhide_1d,ssc,R band,4.560000000000e+14,1.546940765246e+01,7.266529033062e-39
ism_continuous_jumps,fullhide_1d,ssc,R band,4.560000000000e+14,1.877950801851e+01,9.983641828384e-39
ism_continuous_jumps,fullhide_1d,ssc,R band,4.560000000000e+14,2.279789435644e+01,1.350265037716e-38
ism_continuous_jumps,fullhide_1d,ssc,R band,4.560000000000e+14,2.767612370754e+01,1.793933453155e-38
ism_continuous_jumps,fullhide_1d,ssc,R band,4.560000000000e+14,3.359818286284e+01,2.353265368706e-38
ism_continuous_jumps,fullhide_1d,ssc,R band,4.560000000000e+14,4.078742758969e+01,3.056709410481e-38
ism_continuous_jumps,fullhide_1d,ssc,R band,4.560000000000e+14,4.951500669473e+01,3.910022752649e-38
ism_continuous_jumps,fullhide_1d,ssc,R band,4.560000000000e+14,6.011008864406e+01,4.878105342826e-38
ism_continuous_jumps,fullhide_1d,ssc,R band,4.560000000000e+14,7.297227644686e+01,6.048266348657e-38
ism_continuous_jumps,fullhide_1d,ssc,R band,4.560000000000e+14,8.858667904101e+01,7.446848298697e-38
ism_continuous_jumps,fullhide_1d,ssc,R band,4.560000000000e+14,1.075422076113e+02,9.077302073219e-38
ism_continuous_jumps,fullhide_1d,ssc,R band,4.560000000000e+14,1.305537869023e+02,1.102552182252e-37
ism_continuous_jumps,fullhide_1d,ssc,R band,4.560000000000e+14,1.584893192461e+02,1.334392952542e-37
ism_continuous_jumps,fullhide_1d,ssc,R band,4.560000000000e+14,1.924024182760e+02,1.614281065630e-37
ism_continuous_jumps,fullhide_1d,ssc,R band,4.560000000000e+14,2.335721469090e+02,1.946611488212e-37
ism_continuous_jumps,fullhide_1d,ssc,R band,4.560000000000e+14,2.835512583497e+02,2.295905721949e-37
ism_continuous_jumps,fullhide_1d,ssc,R band,4.560000000000e+14,3.442247595686e+02,2.748308261012e-37
ism_continuous_jumps,fullhide_1d,ssc,R band,4.560000000000e+14,4.178810060294e+02,3.318599925524e-37
ism_continuous_jumps,fullhide_1d,ssc,R band,4.560000000000e+14,5.072980090654e+02,4.006795763164e-37
ism_continuous_jumps,fullhide_1d,ssc,R band,4.560000000000e+14,6.158482110660e+02,4.868038581187e-37
ism_continuous_jumps,fullhide_1d,ssc,R band,4.560000000000e+14,7.476256801638e+02,5.969857544387e-37
ism_continuous_jumps,fullhide_1d,ssc,R band,4.560000000000e+14,9.076005216818e+02,7.380910430388e-37
ism_continuous_jumps,fullhide_1d,ssc,R band,4.560000000000e+14,1.101806330110e+03,9.178202885311e-37
ism_continuous_jumps,fullhide_1d,ssc,R band,4.560000000000e+14,1.337567751526e+03,1.152105660225e-36
ism_continuous_jumps,fullhide_1d,ssc,R band,4.560000000000e+14,1.623776739189e+03,1.460507610538e-36
ism_continuous_jumps,fullhide_1d,ssc,R band,4.560000000000e+14,1.971227921518e+03,1.869146556196e-36
ism_continuous_jumps,fullhide_1d,ssc,R band,4.560000000000e+14,2.393025731180e+03,2.407214133964e-36
ism_continuous_jumps,fullhide_1d,ssc,R band,4.560000000000e+14,2.905078650511e+03,3.107387631962e-36
ism_continuous_jumps,fullhide_1d,ssc,R band,4.560000000000e+14,3.526699214175e+03,4.031552037197e-36
ism_continuous_jumps,fullhide_1d,ssc,R band,4.560000000000e+14,4.281332398719e+03,5.265546742428e-36
ism_continuous_jumps,fullhide_1d,ssc,R band,4.560000000000e+14,5.197439870872e+03,6.907539842649e-36
ism_continuous_jumps,fullhide_1d,ssc,R band,4.560000000000e+14,6.309573444802e+03,9.147633252448e-36
ism_continuous_jumps,fullhide_1d,ssc,R band,4.560000000000e+14,7.659678234752e+03,1.255900386307e-35
ism_continuous_jumps,fullhide_1d,ssc,R band,4.560000000000e+14,9.298674652605e+03,1.805162978144e-35
ism_continuous_jumps,fullhide_1d,ssc,R band,4.560000000000e+14,1.128837891685e+04,2.635999942844e-35
ism_continuous_jumps,fullhide_1d,ssc,R band,4.560000000000e+14,1.370383450663e+04,3.772751538118e-35
ism_continuous_jumps,fullhide_1d,ssc,R band,4.560000000000e+14,1.663614249384e+04,5.213133585606e-35
ism_continuous_jumps,fullhide_1d,ssc,R band,4.560000000000e+14,2.019589750164e+04,7.010822314220e-35
ism_continuous_jumps,fullhide_1d,ssc,R band,4.560000000000e+14,2.451735887979e+04,9.291762562446e-35
ism_continuous_jumps,fullhide_1d,ssc,R band,4.560000000000e+14,2.976351441631e+04,1.217678263045e-34
ism_continuous_jumps,fullhide_1d,ssc,R band,4.560000000000e+14,3.613222756796e+04,1.574577809710e-34
ism_continuous_jumps,fullhide_1d,ssc,R band,4.560000000000e+14,4.386370005780e+04,1.995492334867e-34
ism_continuous_jumps,fullhide_1d,ssc,R band,4.560000000000e+14,5.324953129838e+04,2.411604244529e-34
ism_continuous_jumps,fullhide_1d,ssc,R band,4.560000000000e+14,6.464371632490e+04,2.863258205258e-34
ism_continuous_jumps,fullhide_1d,ssc,R band,4.560000000000e+14,7.847599703515e+04,3.384092061696e-34
ism_continuous_jumps,fullhide_1d,ssc,R band,4.560000000000e+14,9.526807029020e+04,3.965828442808e-34
ism_continuous_jumps,fullhide_1d,ssc,R band,4.560000000000e+14,1.156532641790e+05,4.581346804317e-34
ism_continuous_jumps,fullhide_1d,ssc,R band,4.560000000000e+14,1.404004245548e+05,5.222157728424e-34
ism_continuous_jumps,fullhide_1d,ssc,R band,4.560000000000e+14,1.704429127453e+05,5.932653256592e-34
ism_continuous_jumps,fullhide_1d,ssc,R band,4.560000000000e+14,2.069138081115e+05,6.749698440743e-34
ism_continuous_jumps,fullhide_1d,ssc,R band,4.560000000000e+14,2.511886431510e+05,7.597689969383e-34
ism_continuous_jumps,fullhide_1d,ssc,R band,4.560000000000e+14,3.049372829387e+05,8.485856474651e-34
ism_continuous_jumps,fullhide_1d,ssc,R band,4.560000000000e+14,3.701869055846e+05,9.532609856648e-34
ism_continuous_jumps,fullhide_1d,ssc,R band,4.560000000000e+14,4.493984590722e+05,1.065789437296e-33
ism_continuous_jumps,fullhide_1d,ssc,R band,4.560000000000e+14,5.455594781169e+05,1.178400336817e-33
ism_continuous_jumps,fullhide_1d,ssc,R band,4.560000000000e+14,6.622967617148e+05,1.308637986788e-33
ism_continuous_jumps,fullhide_1d,ssc,R band,4.560000000000e+14,8.040131611168e+05,1.461263325731e-33
ism_continuous_jumps,fullhide_1d,ssc,R band,4.560000000000e+14,9.760536373079e+05,1.610803031180e-33
ism_continuous_jumps,fullhide_1d,ssc,R band,4.560000000000e+14,1.184906851001e+06,1.763095392042e-33
ism_continuous_jumps,fullhide_1d,ssc,R band,4.560000000000e+14,1.438449888288e+06,1.931179134509e-33
ism_continuous_jumps,fullhide_1d,ssc,R band,4.560000000000e+14,1.746245352002e+06,2.074169093646e-33
ism_continuous_jumps,fullhide_1d,ssc,R band,4.560000000000e+14,2.119902023850e+06,2.179725426202e-33
ism_continuous_jumps,fullhide_1d,ssc,R band,4.560000000000e+14,2.573512700017e+06,2.263856089497e-33
ism_continuous_jumps,fullhide_1d,ssc,R band,4.560000000000e+14,3.124185713603e+06,2.289070397517e-33
ism_continuous_jumps,fullhide_1d,ssc,R band,4.560000000000e+14,3.792690190732e+06,2.231245863091e-33
ism_continuous_jumps,fullhide_1d,ssc,R band,4.560000000000e+14,4.604239376759e+06,2.113293554224e-33
ism_continuous_jumps,fullhide_1d,ssc,R band,4.560000000000e+14,5.589441576403e+06,1.923649040254e-33
ism_continuous_jumps,fullhide_1d,ssc,R band,4.560000000000e+14,6.785454573394e+06,1.681335158508e-33
ism_continuous_jumps,fullhide_1d,ssc,R band,4.560000000000e+14,8.237387069571e+06,1.420046600725e-33
ism_continuous_jumps,fullhide_1d,ssc,R band,4.560000000000e+14,1.000000000000e+07,1.158880403079e-33
ism_continuous_jumps,fullhide_1d,ssc,1 keV,2.417989242000e+17,1.000000000000e-01,1.976513390975e-44
ism_continuous_jumps,fullhide_1d,ssc,1 keV,2.417989242000e+17,1.213977189070e-01,3.785160254070e-44
ism_continuous_jumps,fullhide_1d,ssc,1 keV,2.417989242000e+17,1.473740615582e-01,7.457302451407e-44
ism_continuous_jumps,fullhide_1d,ssc,1 keV,2.417989242000e+17,1.789087489923e-01,1.518371780444e-43
ism_continuous_jumps,fullhide_1d,ssc,1 keV,2.417989242000e+17,2.171911402017e-01,3.169028207893e-43
ism_continuous_jumps,fullhide_1d,ssc,1 keV,2.417989242000e+17,2.636650898730e-01,6.752484299073e-43
ism_continuous_jumps,fullhide_1d,ssc,1 keV,2.417989242000e+17,3.200834046600e-01,1.467413316898e-42
ism_continuous_jumps,fullhide_1d,ssc,1 keV,2.417989242000e+17,3.885739518571e-01,3.296732185960e-42
ism_continuous_jumps,fullhide_1d,ssc,1 keV,2.417989242000e+17,4.717199138213e-01,7.603553440697e-42
ism_continuous_jumps,fullhide_1d,ssc,1 keV,2.417989242000e+17,5.726572150092e-01,1.808389112825e-41
ism_continuous_jumps,fullhide_1d,ssc,1 keV,2.417989242000e+17,6.951927961776e-01,4.382497256425e-41
ism_continuous_jumps,fullhide_1d,ssc,1 keV,2.417989242000e+17,8.439481965654e-01,1.074649951790e-40
ism_continuous_jumps,fullhide_1d,ssc,1 keV,2.417989242000e+17,1.024533859387e+00,2.650637660942e-40
ism_continuous_jumps,fullhide_1d,ssc,1 keV,2.417989242000e+17,1.243760734726e+00,6.532455695799e-40
ism_continuous_jumps,fullhide_1d,ssc,1 keV,2.417989242000e+17,1.509897160618e+00,1.593604807438e-39
ism_continuous_jumps,fullhide_1d,ssc,1 keV,2.417989242000e+17,1.832980710832e+00,3.816554531102e-39
ism_continuous_jumps,fullhide_1d,ssc,1 keV,2.417989242000e+17,2.225196770956e+00,8.915408916389e-39
ism_continuous_jumps,fullhide_1d,ssc,1 keV,2.417989242000e+17,2.701338121133e+00,1.943998406975e-38
ism_continuous_jumps,fullhide_1d,ssc,1 keV,2.417989242000e+17,3.279362859021e+00,3.947870704044e-38
ism_continuous_jumps,fullhide_1d,ssc,1 keV,2.417989242000e+17,3.981071705535e+00,7.304182487761e-38
ism_continuous_jumps,fullhide_1d,ssc,1 keV,2.417989242000e+17,4.832930238572e+00,1.235510274426e-37
ism_continuous_jumps,fullhide_1d,ssc,1 keV,2.417989242000e+17,5.867067065993e+00,1.946798823449e-37
ism_continuous_jumps,fullhide_1d,ssc,1 keV,2.417989242000e+17,7.122485584860e+00,2.890126348605e-37
ism_continuous_jumps,fullhide_1d,ssc,1 keV,2.417989242000e+17,8.646535029500e+00,3.886414908123e-37
ism_continuous_jumps,fullhide_1d,ssc,1 keV,2.417989242000e+17,1.049669629031e+01,5.445122511194e-37
ism_continuous_jumps,fullhide_1d,ssc,1 keV,2.417989242000e+17,1.274274985703e+01,9.082664716379e-37
ism_continuous_jumps,fullhide_1d,ssc,1 keV,2.417989242000e+17,1.546940765246e+01,1.401435062738e-36
ism_continuous_jumps,fullhide_1d,ssc,1 keV,2.417989242000e+17,1.877950801851e+01,1.927570113187e-36
ism_continuous_jumps,fullhide_1d,ssc,1 keV,2.417989242000e+17,2.279789435644e+01,2.580993029858e-36
ism_continuous_jumps,fullhide_1d,ssc,1 keV,2.417989242000e+17,2.767612370754e+01,3.360067567638e-36
ism_continuous_jumps,fullhide_1d,ssc,1 keV,2.417989242000e+17,3.359818286284e+01,4.280494011982e-36
ism_continuous_jumps,fullhide_1d,ssc,1 keV,2.417989242000e+17,4.078742758969e+01,5.368440178398e-36
ism_continuous_jumps,fullhide_1d,ssc,1 keV,2.417989242000e+17,4.951500669473e+01,6.596558678172e-36
ism_continuous_jumps,fullhide_1d,ssc,1 keV,2.417989242000e+17,6.011008864406e+01,7.868145314145e-36
ism_continuous_jumps,fullhide_1d,ssc,1 keV,2.417989242000e+17,7.297227644686e+01,9.319530164368e-36
ism_continuous_jumps,fullhide_1d,ssc,1 keV,2.417989242000e+17,8.858667904101e+01,1.096718639789e-35
ism_continuous_jumps,fullhide_1d,ssc,1 keV,2.417989242000e+17,1.075422076113e+02,1.277812211186e-35
ism_continuous_jumps,fullhide_1d,ssc,1 keV,2.417989242000e+17,1.305537869023e+02,1.483541055206e-35
ism_continuous_jumps,fullhide_1d,ssc,1 keV,2.417989242000e+17,1.584893192461e+02,1.718638795846e-35
ism_continuous_jumps,fullhide_1d,ssc,1 keV,2.417989242000e+17,1.924024182760e+02,1.993646816783e-35
ism_continuous_jumps,fullhide_1d,ssc,1 keV,2.417989242000e+17,2.335721469090e+02,2.308070788655e-35
ism_continuous_jumps,fullhide_1d,ssc,1 keV,2.417989242000e+17,2.835512583497e+02,2.603321835098e-35
ism_continuous_jumps,fullhide_1d,ssc,1 keV,2.417989242000e+17,3.442247595686e+02,2.971752753100e-35
ism_continuous_jumps,fullhide_1d,ssc,1 keV,2.417989242000e+17,4.178810060294e+02,3.417133395361e-35
ism_continuous_jumps,fullhide_1d,ssc,1 keV,2.417989242000e+17,5.072980090654e+02,3.918575932422e-35
ism_continuous_jumps,fullhide_1d,ssc,1 keV,2.417989242000e+17,6.158482110660e+02,4.516782771870e-35
ism_continuous_jumps,fullhide_1d,ssc,1 keV,2.417989242000e+17,7.476256801638e+02,5.245678410933e-35
ism_continuous_jumps,fullhide_1d,ssc,1 keV,2.417989242000e+17,9.076005216818e+02,6.126141342322e-35
ism_continuous_jumps,fullhide_1d,ssc,1 keV,2.417989242000e+17,1.101806330110e+03,7.168264319701e-35
ism_continuous_jumps,fullhide_1d,ssc,1 keV,2.417989242000e+17,1.337567751526e+03,8.427078025771e-35
ism_continuous_jumps,fullhide_1d,ssc,1 keV,2.417989242000e+17,1.623776739189e+03,9.956733099817e-35
ism_continuous_jumps,fullhide_1d,ssc,1 keV,2.417989242000e+17,1.971227921518e+03,1.182795203259e-34
ism_continuous_jumps,fullhide_1d,ssc,1 keV,2.417989242000e+17,2.393025731180e+03,1.409269329298e-34
ism_continuous_jumps,fullhide_1d,ssc,1 keV,2.417989242000e+17,2.905078650511e+03,1.679170532139e-34
ism_continuous_jumps,fullhide_1d,ssc,1 keV,2.417989242000e+17,3.526699214175e+03,2.002924513526e-34
ism_continuous_jumps,fullhide_1d,ssc,1 keV,2.417989242000e+17,4.281332398719e+03,2.393183406947e-34
ism_continuous_jumps,fullhide_1d,ssc,1 keV,2.417989242000e+17,5.197439870872e+03,2.860546741236e-34
ism_continuous_jumps,fullhide_1d,ssc,1 keV,2.417989242000e+17,6.309573444802e+03,3.431724727458e-34
ism_continuous_jumps,fullhide_1d,ssc,1 keV,2.417989242000e+17,7.659678234752e+03,4.221661095579e-34
ism_continuous_jumps,fullhide_1d,ssc,1 keV,2.417989242000e+17,9.298674652605e+03,5.410448397927e-34
ism_continuous_jumps,fullhide_1d,ssc,1 keV,2.417989242000e+17,1.128837891685e+04,7.106674322478e-34
ism_continuous_jumps,fullhide_1d,ssc,1 keV,2.417989242000e+17,1.370383450663e+04,9.264725328735e-34
ism_continuous_jumps,fullhide_1d,ssc,1 keV,2.417989242000e+17,1.663614249384e+04,1.177570199196e-33
ism_continuous_jumps,fullhide_1d,ssc,1 keV,2.417989242000e+17,2.019589750164e+04,1.466713782986e-33
ism_continuous_jumps,fullhide_1d,ssc,1 keV,2.417989242000e+17,2.451735887979e+04,1.809313808931e-33
ism_continuous_jumps,fullhide_1d,ssc,1 keV,2.417989242000e+17,2.976351441631e+04,2.212010489100e-33
ism_continuous_jumps,fullhide_1d,ssc,1 keV,2.417989242000e+17,3.613222756796e+04,2.669789089625e-33
ism_continuous_jumps,fullhide_1d,ssc,1 keV,2.417989242000e+17,4.386370005780e+04,3.153074647417e-33
ism_continuous_jumps,fullhide_1d,ssc,1 keV,2.417989242000e+17,5.324953129838e+04,3.520277098429e-33
ism_continuous_jumps,fullhide_1d,ssc,1 keV,2.417989242000e+17,6.464371632490e+04,3.864874230175e-33
ism_continuous_jumps,fullhide_1d,ssc,1 keV,2.417989242000e+17,7.847599703515e+04,4.226096865511e-33
ism_continuous_jumps,fullhide_1d,ssc,1 keV,2.417989242000e+17,9.526807029020e+04,4.573340282279e-33
ism_continuous_jumps,fullhide_1d,ssc,1 keV,2.417989242000e+17,1.156532641790e+05,4.884039831126e-33
ism_continuous_jumps,fullhide_1d,ssc,1 keV,2.417989242000e+17,1.404004245548e+05,5.126904824835e-33
ism_continuous_jumps,fullhide_1d,ssc,1 keV,2.417989242000e+17,1.704429127453e+05,5.310999246095e-33
ism_continuous_jumps,fullhide_1d,ssc,1 keV,2.417989242000e+17,2.069138081115e+05,5.448379640464e-33
ism_continuous_jumps,fullhide_1d,ssc,1 keV,2.417989242000e+17,2.511886431510e+05,5.478182380427e-33
ism_continuous_jumps,fullhide_1d,ssc,1 keV,2.417989242000e+17,3.049372829387e+05,5.375748860316e-33
ism_continuous_jumps,fullhide_1d,ssc,1 keV,2.417989242000e+17,3.701869055846e+05,5.190387174998e-33
ism_continuous_jumps,fullhide_1d,ssc,1 keV,2.417989242000e+17,4.493984590722e+05,4.896561385436e-33
ism_continuous_jumps,fullhide_1d,ssc,1 keV,2.417989242000e+17,5.455594781169e+05,4.462617959278e-33
ism_continuous_jumps,fullhide_1d,ssc,1 keV,2.417989242000e+17,6.622967617148e+05,3.921860606355e-33
ism_continuous_jumps,fullhide_1d,ssc,1 keV,2.417989242000e+17,8.040131611168e+05,3.350075441596e-33
ism_continuous_jumps,fullhide_1d,ssc,1 keV,2.417989242000e+17,9.760536373079e+05,2.767730487617e-33
ism_continuous_jumps,fullhide_1d,ssc,1 keV,2.417989242000e+17,1.184906851001e+06,2.219381561734e-33
ism_continuous_jumps,fullhide_1d,ssc,1 keV,2.417989242000e+17,1.438449888288e+06,1.742464205358e-33
ism_continuous_jumps,fullhide_1d,ssc,1 keV,2.417989242000e+17,1.746245352002e+06,1.339557268769e-33
ism_continuous_jumps,fullhide_1d,ssc,1 keV,2.417989242000e+17,2.119902023850e+06,1.010324106319e-33
ism_continuous_jumps,fullhide_1d,ssc,1 keV,2.417989242000e+17,2.573512700017e+06,7.512310400517e-34
ism_continuous_jumps,fullhide_1d,ssc,1 keV,2.417989242000e+17,3.124185713603e+06,5.522456287314e-34
ism_continuous_jumps,fullhide_1d,ssc,1 keV,2.417989242000e+17,3.792690190732e+06,4.024584982959e-34
ism_continuous_jumps,fullhide_1d,ssc,1 keV,2.417989242000e+17,4.604239376759e+06,2.920613466016e-34
ism_continuous_jumps,fullhide_1d,ssc,1 keV,2.417989242000e+17,5.589441576403e+06,2.104190714946e-34
ism_continuous_jumps,fullhide_1d,ssc,1 keV,2.417989242000e+17,6.785454573394e+06,1.504798213357e-34
ism_continuous_jumps,fullhide_1d,ssc,1 keV,2.417989242000e+17,8.237387069571e+06,1.069508552808e-34
ism_continuous_jumps,fullhide_1d,ssc,1 keV,2.417989242000e+17,1.000000000000e+07,7.550245371336e-35
ism_continuous_jumps,fullhide_1d,ssc,100 MeV,2.417989242000e+22,1.000000000000e-01,7.129374641164e-42
ism_continuous_jumps,fullhide_1d,ssc,100 MeV,2.417989242000e+22,1.213977189070e-01,1.344951482025e-41
ism_continuous_jumps,fullhide_1d,ssc,100 MeV,2.417989242000e+22,1.473740615582e-01,2.622132109987e-41
ism_continuous_jumps,fullhide_1d,ssc,100 MeV,2.417989242000e+22,1.789087489923e-01,5.278729952125e-41
ism_continuous_jumps,fullhide_1d,ssc,100 MeV,2.417989242000e+22,2.171911402017e-01,1.085743981079e-40
ism_continuous_jumps,fullhide_1d,ssc,100 MeV,2.417989242000e+22,2.636650898730e-01,2.268169619737e-40
ism_continuous_jumps,fullhide_1d,ssc,100 MeV,2.417989242000e+22,3.200834046600e-01,4.802011707556e-40
ism_continuous_jumps,fullhide_1d,ssc,100 MeV,2.417989242000e+22,3.885739518571e-01,1.042170576599e-39
ism_continuous_jumps,fullhide_1d,ssc,100 MeV,2.417989242000e+22,4.717199138213e-01,2.302351738027e-39
ism_continuous_jumps,fullhide_1d,ssc,100 MeV,2.417989242000e+22,5.726572150092e-01,5.195046496164e-39
ism_continuous_jumps,fullhide_1d,ssc,100 MeV,2.417989242000e+22,6.951927961776e-01,1.184361555676e-38
ism_continuous_jumps,fullhide_1d,ssc,100 MeV,2.417989242000e+22,8.439481965654e-01,2.712164507781e-38
ism_continuous_jumps,fullhide_1d,ssc,100 MeV,2.417989242000e+22,1.024533859387e+00,6.207718629434e-38
ism_continuous_jumps,fullhide_1d,ssc,100 MeV,2.417989242000e+22,1.243760734726e+00,1.412275810493e-37
ism_continuous_jumps,fullhide_1d,ssc,100 MeV,2.417989242000e+22,1.509897160618e+00,3.168396006523e-37
ism_continuous_jumps,fullhide_1d,ssc,100 MeV,2.417989242000e+22,1.832980710832e+00,6.958315091839e-37
ism_continuous_jumps,fullhide_1d,ssc,100 MeV,2.417989242000e+22,2.225196770956e+00,1.486515047307e-36
ism_continuous_jumps,fullhide_1d,ssc,100 MeV,2.417989242000e+22,2.701338121133e+00,2.979034653444e-36
ism_continuous_jumps,fullhide_1d,ssc,100 MeV,2.417989242000e+22,3.279362859021e+00,5.585128051284e-36
ism_continuous_jumps,fullhide_1d,ssc,100 MeV,2.417989242000e+22,3.981071705535e+00,9.621605042968e-36
ism_continuous_jumps,fullhide_1d,ssc,100 MeV,2.417989242000e+22,4.832930238572e+00,1.529127727438e-35
ism_continuous_jumps,fullhide_1d,ssc,100 MeV,2.417989242000e+22,5.867067065993e+00,2.278519580501e-35
ism_continuous_jumps,fullhide_1d,ssc,100 MeV,2.417989242000e+22,7.122485584860e+00,3.216523081228e-35
ism_continuous_jumps,fullhide_1d,ssc,100 MeV,2.417989242000e+22,8.646535029500e+00,4.110107487933e-35
ism_continuous_jumps,fullhide_1d,ssc,100 MeV,2.417989242000e+22,1.049669629031e+01,5.460410550797e-35
ism_continuous_jumps,fullhide_1d,ssc,100 MeV,2.417989242000e+22,1.274274985703e+01,8.660716464830e-35
ism_continuous_jumps,fullhide_1d,ssc,100 MeV,2.417989242000e+22,1.546940765246e+01,1.281260487875e-34
ism_continuous_jumps,fullhide_1d,ssc,100 MeV,2.417989242000e+22,1.877950801851e+01,1.690334853408e-34
ism_continuous_jumps,fullhide_1d,ssc,100 MeV,2.417989242000e+22,2.279789435644e+01,2.170107775600e-34
ism_continuous_jumps,fullhide_1d,ssc,100 MeV,2.417989242000e+22,2.767612370754e+01,2.706428777454e-34
ism_continuous_jumps,fullhide_1d,ssc,100 MeV,2.417989242000e+22,3.359818286284e+01,3.303266849836e-34
ism_continuous_jumps,fullhide_1d,ssc,100 MeV,2.417989242000e+22,4.078742758969e+01,3.974172789714e-34
ism_continuous_jumps,fullhide_1d,ssc,100 MeV,2.417989242000e+22,4.951500669473e+01,4.687361737789e-34
ism_continuous_jumps,fullhide_1d,ssc,100 MeV,2.417989242000e+22,6.011008864406e+01,5.361297554671e-34
ism_continuous_jumps,fullhide_1d,ssc,100 MeV,2.417989242000e+22,7.297227644686e+01,6.101408823219e-34
ism_continuous_jumps,fullhide_1d,ssc,100 MeV,2.417989242000e+22,8.858667904101e+01,6.907723297991e-34
ism_continuous_jumps,fullhide_1d,ssc,100 MeV,2.417989242000e+22,1.075422076113e+02,7.744119666346e-34
ism_continuous_jumps,fullhide_1d,ssc,100 MeV,2.417989242000e+22,1.305537869023e+02,8.669300544162e-34
ism_continuous_jumps,fullhide_1d,ssc,100 MeV,2.417989242000e+22,1.584893192461e+02,9.686109113666e-34
ism_continuous_jumps,fullhide_1d,ssc,100 MeV,2.417989242000e+22,1.924024182760e+02,1.083564919035e-33
ism_continuous_jumps,fullhide_1d,ssc,100 MeV,2.417989242000e+22,2.335721469090e+02,1.209483092782e-33
ism_continuous_jumps,fullhide_1d,ssc,100 MeV,2.417989242000e+22,2.835512583497e+02,1.313559141836e-33
ism_continuous_jumps,fullhide_1d,ssc,100 MeV,2.417989242000e+22,3.442247595686e+02,1.444932109049e-33
ism_continuous_jumps,fullhide_1d,ssc,100 MeV,2.417989242000e+22,4.178810060294e+02,1.605508111677e-33
ism_continuous_jumps,fullhide_1d,ssc,100 MeV,2.417989242000e+22,5.072980090654e+02,1.782537365464e-33
ism_continuous_jumps,fullhide_1d,ssc,100 MeV,2.417989242000e+22,6.158482110660e+02,1.988476200463e-33
ism_continuous_jumps,fullhide_1d,ssc,100 MeV,2.417989242000e+22,7.476256801638e+02,2.233806796167e-33
ism_continuous_jumps,fullhide_1d,ssc,100 MeV,2.417989242000e+22,9.076005216818e+02,2.520922731940e-33
ism_continuous_jumps,fullhide_1d,ssc,100 MeV,2.417989242000e+22,1.101806330110e+03,2.844015995239e-33
ism_continuous_jumps,fullhide_1d,ssc,100 MeV,2.417989242000e+22,1.337567751526e+03,3.208145018236e-33
ism_continuous_jumps,fullhide_1d,ssc,100 MeV,2.417989242000e+22,1.623776739189e+03,3.614772309457e-33
ism_continuous_jumps,fullhide_1d,ssc,100 MeV,2.417989242000e+22,1.971227921518e+03,4.067394552171e-33
ism_continuous_jumps,fullhide_1d,ssc,100 MeV,2.417989242000e+22,2.393025731180e+03,4.556656187435e-33
ism_continuous_jumps,fullhide_1d,ssc,100 MeV,2.417989242000e+22,2.905078650511e+03,5.062382806905e-33
ism_continuous_jumps,fullhide_1d,ssc,100 MeV,2.417989242000e+22,3.526699214175e+03,5.572534432678e-33
ism_continuous_jumps,fullhide_1d,ssc,100 MeV,2.417989242000e+22,4.281332398719e+03,6.067195681024e-33
ism_continuous_jumps,fullhide_1d,ssc,100 MeV,2.417989242000e+22,5.197439870872e+03,6.516398872133e-33
ism_continuous_jumps,fullhide_1d,ssc,100 MeV,2.417989242000e+22,6.309573444802e+03,6.925092112923e-33
ism_continuous_jumps,fullhide_1d,ssc,100 MeV,2.417989242000e+22,7.659678234752e+03,7.358921133616e-33
ism_continuous_jumps,fullhide_1d,ssc,100 MeV,2.417989242000e+22,9.298674652605e+03,7.803370139372e-33
ism_continuous_jumps,fullhide_1d,ssc,100 MeV,2.417989242000e+22,1.128837891685e+04,8.140959048739e-33
ism_continuous_jumps,fullhide_1d,ssc,100 MeV,2.417989242000e+22,1.370383450663e+04,8.235178002272e-33
ism_continuous_jumps,fullhide_1d,ssc,100 MeV,2.417989242000e+22,1.663614249384e+04,8.066269587446e-33
ism_continuous_jumps,fullhide_1d,ssc,100 MeV,2.417989242000e+22,2.019589750164e+04,7.731519617652e-33
ism_continuous_jumps,fullhide_1d,ssc,100 MeV,2.417989242000e+22,2.451735887979e+04,7.289633032346e-33
ism_continuous_jumps,fullhide_1d,ssc,100 MeV,2.417989242000e+22,2.976351441631e+04,6.699053317232e-33
ism_continuous_jumps,fullhide_1d,ssc,100 MeV,2.417989242000e+22,3.613222756796e+04,5.903348079220e-33
ism_continuous_jumps,fullhide_1d,ssc,100 MeV,2.417989242000e+22,4.386370005780e+04,4.751115000995e-33
ism_continuous_jumps,fullhide_1d,ssc,100 MeV,2.417989242000e+22,5.324953129838e+04,3.129068625780e-33
ism_continuous_jumps,fullhide_1d,ssc,100 MeV,2.417989242000e+22,6.464371632490e+04,2.199589468602e-33
ism_continuous_jumps,fullhide_1d,ssc,100 MeV,2.417989242000e+22,7.847599703515e+04,1.563607713351e-33
ism_continuous_jumps,fullhide_1d,ssc,100 MeV,2.417989242000e+22,9.526807029020e+04,1.081334521345e-33
ism_continuous_jumps,fullhide_1d,ssc,100 MeV,2.417989242000e+22,1.156532641790e+05,7.326022310118e-34
ism_continuous_jumps,fullhide_1d,ssc,100 MeV,2.417989242000e+22,1.404004245548e+05,4.891235131315e-34
ism_continuous_jumps,fullhide_1d,ssc,100 MeV,2.417989242000e+22,1.704429127453e+05,3.236288042108e-34
ism_continuous_jumps,fullhide_1d,ssc,100 MeV,2.417989242000e+22,2.069138081115e+05,2.131556056697e-34
ism_continuous_jumps,fullhide_1d,ssc,100 MeV,2.417989242000e+22,2.511886431510e+05,1.400508021373e-34
ism_continuous_jumps,fullhide_1d,ssc,100 MeV,2.417989242000e+22,3.049372829387e+05,9.188756616145e-35
ism_continuous_jumps,fullhide_1d,ssc,100 MeV,2.417989242000e+22,3.701869055846e+05,6.032960063109e-35
ism_continuous_jumps,fullhide_1d,ssc,100 MeV,2.417989242000e+22,4.493984590722e+05,3.957997228278e-35
ism_continuous_jumps,fullhide_1d,ssc,100 MeV,2.417989242000e+22,5.455594781169e+05,2.599012556504e-35
ism_continuous_jumps,fullhide_1d,ssc,100 MeV,2.417989242000e+22,6.622967617148e+05,1.708498421194e-35
ism_continuous_jumps,fullhide_1d,ssc,100 MeV,2.417989242000e+22,8.040131611168e+05,1.123027469749e-35
ism_continuous_jumps,fullhide_1d,ssc,100 MeV,2.417989242000e+22,9.760536373079e+05,7.385560966529e-36
ism_continuous_jumps,fullhide_1d,ssc,100 MeV,2.417989242000e+22,1.184906851001e+06,4.865145063723e-36
ism_continuous_jumps,fullhide_1d,ssc,100 MeV,2.417989242000e+22,1.438449888288e+06,3.213661549916e-36
ism_continuous_jumps,fullhide_1d,ssc,100 MeV,2.417989242000e+22,1.746245352002e+06,2.120814382565e-36
ism_continuous_jumps,fullhide_1d,ssc,100 MeV,2.417989242000e+22,2.119902023850e+06,1.397172961162e-36
ism_continuous_jumps,fullhide_1d,ssc,100 MeV,2.417989242000e+22,2.573512700017e+06,9.182263448543e-37
ism_continuous_jumps,fullhide_1d,ssc,100 MeV,2.417989242000e+22,3.124185713603e+06,6.036889486727e-37
ism_continuous_jumps,fullhide_1d,ssc,100 MeV,2.417989242000e+22,3.792690190732e+06,3.983703865086e-37
ism_continuous_jumps,fullhide_1d,ssc,100 MeV,2.417989242000e+22,4.604239376759e+06,2.640864797903e-37
ism_continuous_jumps,fullhide_1d,ssc,100 MeV,2.417989242000e+22,5.589441576403e+06,1.749653704505e-37
ism_continuous_jumps,fullhide_1d,ssc,100 MeV,2.417989242000e+22,6.785454573394e+06,1.157778440922e-37
ism_continuous_jumps,fullhide_1d,ssc,100 MeV,2.417989242000e+22,8.237387069571e+06,7.650933274840e-38
ism_continuous_jumps,fullhide_1d,ssc,100 MeV,2.417989242000e+22,1.000000000000e+07,5.048184828679e-38
ism_continuous_jumps,dg_1d,total,10 GHz,1.000000000000e+10,1.000000000000e-01,6.797630000209e-32
ism_continuous_jumps,dg_1d,total,10 GHz,1.000000000000e+10,1.213977189070e-01,1.053764513565e-31
ism_continuous_jumps,dg_1d,total,10 GHz,1.000000000000e+10,1.473740615582e-01,1.682186146908e-31
ism_continuous_jumps,dg_1d,total,10 GHz,1.000000000000e+10,1.789087489923e-01,2.761830287931e-31
ism_continuous_jumps,dg_1d,total,10 GHz,1.000000000000e+10,2.171911402017e-01,4.614908703174e-31
ism_continuous_jumps,dg_1d,total,10 GHz,1.000000000000e+10,2.636650898730e-01,7.820919834858e-31
ism_continuous_jumps,dg_1d,total,10 GHz,1.000000000000e+10,3.200834046600e-01,1.345409555580e-30
ism_continuous_jumps,dg_1d,total,10 GHz,1.000000000000e+10,3.885739518571e-01,2.346814047835e-30
ism_continuous_jumps,dg_1d,total,10 GHz,1.000000000000e+10,4.717199138213e-01,4.143224102153e-30
ism_continuous_jumps,dg_1d,total,10 GHz,1.000000000000e+10,5.726572150092e-01,7.402064107428e-30
ism_continuous_jumps,dg_1d,total,10 GHz,1.000000000000e+10,6.951927961776e-01,1.330637910096e-29
ism_continuous_jumps,dg_1d,total,10 GHz,1.000000000000e+10,8.439481965654e-01,2.401658846771e-29
ism_continuous_jumps,dg_1d,total,10 GHz,1.000000000000e+10,1.024533859387e+00,4.331281623621e-29
ism_continuous_jumps,dg_1d,total,10 GHz,1.000000000000e+10,1.243760734726e+00,7.791247827685e-29
ism_continuous_jumps,dg_1d,total,10 GHz,1.000000000000e+10,1.509897160618e+00,1.387499907013e-28
ism_continuous_jumps,dg_1d,total,10 GHz,1.000000000000e+10,1.832980710832e+00,2.432647770894e-28
ism_continuous_jumps,dg_1d,total,10 GHz,1.000000000000e+10,2.225196770956e+00,4.171243202659e-28
ism_continuous_jumps,dg_1d,total,10 GHz,1.000000000000e+10,2.701338121133e+00,6.849199046875e-28
ism_continuous_jumps,dg_1d,total,10 GHz,1.000000000000e+10,3.279362859021e+00,1.073005392427e-27
ism_continuous_jumps,dg_1d,total,10 GHz,1.000000000000e+10,3.981071705535e+00,1.589586638140e-27
ism_continuous_jumps,dg_1d,total,10 GHz,1.000000000000e+10,4.832930238572e+00,2.227542679165e-27
ism_continuous_jumps,dg_1d,total,10 GHz,1.000000000000e+10,5.867067065993e+00,2.975782326132e-27
ism_continuous_jumps,dg_1d,total,10 GHz,1.000000000000e+10,7.122485584860e+00,3.813737194901e-27
ism_continuous_jumps,dg_1d,total,10 GHz,1.000000000000e+10,8.646535029500e+00,4.508271012993e-27
ism_continuous_jumps,dg_1d,total,10 GHz,1.000000000000e+10,1.049669629031e+01,5.308359089193e-27
ism_continuous_jumps,dg_1d,total,10 GHz,1.000000000000e+10,1.274274985703e+01,6.795240791828e-27
ism_continuous_jumps,dg_1d,total,10 GHz,1.000000000000e+10,1.546940765246e+01,8.334640280240e-27
ism_continuous_jumps,dg_1d,total,10 GHz,1.000000000000e+10,1.877950801851e+01,9.755994677794e-27
ism_continuous_jumps,dg_1d,total,10 GHz,1.000000000000e+10,2.279789435644e+01,1.141383352956e-26
ism_continuous_jumps,dg_1d,total,10 GHz,1.000000000000e+10,2.767612370754e+01,1.322113754882e-26
ism_continuous_jumps,dg_1d,total,10 GHz,1.000000000000e+10,3.359818286284e+01,1.517312859933e-26
ism_continuous_jumps,dg_1d,total,10 GHz,1.000000000000e+10,4.078742758969e+01,1.732869838148e-26
ism_continuous_jumps,dg_1d,total,10 GHz,1.000000000000e+10,4.951500669473e+01,1.947013349626e-26
ism_continuous_jumps,dg_1d,total,10 GHz,1.000000000000e+10,6.011008864406e+01,2.146967136165e-26
ism_continuous_jumps,dg_1d,total,10 GHz,1.000000000000e+10,7.297227644686e+01,2.374122665258e-26
ism_continuous_jumps,dg_1d,total,10 GHz,1.000000000000e+10,8.858667904101e+01,2.577055276186e-26
ism_continuous_jumps,dg_1d,total,10 GHz,1.000000000000e+10,1.075422076113e+02,2.797910297229e-26
ism_continuous_jumps,dg_1d,total,10 GHz,1.000000000000e+10,1.305537869023e+02,3.003243043448e-26
ism_continuous_jumps,dg_1d,total,10 GHz,1.000000000000e+10,1.584893192461e+02,3.209986263366e-26
ism_continuous_jumps,dg_1d,total,10 GHz,1.000000000000e+10,1.924024182760e+02,3.428581552765e-26
ism_continuous_jumps,dg_1d,total,10 GHz,1.000000000000e+10,2.335721469090e+02,3.667473711643e-26
ism_continuous_jumps,dg_1d,total,10 GHz,1.000000000000e+10,2.835512583497e+02,3.886432890664e-26
ism_continuous_jumps,dg_1d,total,10 GHz,1.000000000000e+10,3.442247595686e+02,4.145185439883e-26
ism_continuous_jumps,dg_1d,total,10 GHz,1.000000000000e+10,4.178810060294e+02,4.425258115751e-26
ism_continuous_jumps,dg_1d,total,10 GHz,1.000000000000e+10,5.072980090654e+02,4.693058043588e-26
ism_continuous_jumps,dg_1d,total,10 GHz,1.000000000000e+10,6.158482110660e+02,4.968597382670e-26
ism_continuous_jumps,dg_1d,total,10 GHz,1.000000000000e+10,7.476256801638e+02,5.330482670823e-26
ism_continuous_jumps,dg_1d,total,10 GHz,1.000000000000e+10,9.076005216818e+02,5.739976095063e-26
ism_continuous_jumps,dg_1d,total,10 GHz,1.000000000000e+10,1.101806330110e+03,6.164230460210e-26
ism_continuous_jumps,dg_1d,total,10 GHz,1.000000000000e+10,1.337567751526e+03,6.604988604000e-26
ism_continuous_jumps,dg_1d,total,10 GHz,1.000000000000e+10,1.623776739189e+03,7.080324965795e-26
ism_continuous_jumps,dg_1d,total,10 GHz,1.000000000000e+10,1.971227921518e+03,7.678707870503e-26
ism_continuous_jumps,dg_1d,total,10 GHz,1.000000000000e+10,2.393025731180e+03,8.355952106494e-26
ism_continuous_jumps,dg_1d,total,10 GHz,1.000000000000e+10,2.905078650511e+03,9.101757135526e-26
ism_continuous_jumps,dg_1d,total,10 GHz,1.000000000000e+10,3.526699214175e+03,9.877578114499e-26
ism_continuous_jumps,dg_1d,total,10 GHz,1.000000000000e+10,4.281332398719e+03,1.072841001680e-25
ism_continuous_jumps,dg_1d,total,10 GHz,1.000000000000e+10,5.197439870872e+03,1.170260150296e-25
ism_continuous_jumps,dg_1d,total,10 GHz,1.000000000000e+10,6.309573444802e+03,1.270662579428e-25
ism_continuous_jumps,dg_1d,total,10 GHz,1.000000000000e+10,7.659678234752e+03,1.388404970381e-25
ism_continuous_jumps,dg_1d,total,10 GHz,1.000000000000e+10,9.298674652605e+03,1.540028350470e-25
ism_continuous_jumps,dg_1d,total,10 GHz,1.000000000000e+10,1.128837891685e+04,1.707987799864e-25
ism_continuous_jumps,dg_1d,total,10 GHz,1.000000000000e+10,1.370383450663e+04,1.888040014445e-25
ism_continuous_jumps,dg_1d,total,10 GHz,1.000000000000e+10,1.663614249384e+04,2.083487493232e-25
ism_continuous_jumps,dg_1d,total,10 GHz,1.000000000000e+10,2.019589750164e+04,2.313770992853e-25
ism_continuous_jumps,dg_1d,total,10 GHz,1.000000000000e+10,2.451735887979e+04,2.574817521103e-25
ism_continuous_jumps,dg_1d,total,10 GHz,1.000000000000e+10,2.976351441631e+04,2.847903320135e-25
ism_continuous_jumps,dg_1d,total,10 GHz,1.000000000000e+10,3.613222756796e+04,3.120825375202e-25
ism_continuous_jumps,dg_1d,total,10 GHz,1.000000000000e+10,4.386370005780e+04,3.348561888490e-25
ism_continuous_jumps,dg_1d,total,10 GHz,1.000000000000e+10,5.324953129838e+04,3.364227453320e-25
ism_continuous_jumps,dg_1d,total,10 GHz,1.000000000000e+10,6.464371632490e+04,3.378468868404e-25
ism_continuous_jumps,dg_1d,total,10 GHz,1.000000000000e+10,7.847599703515e+04,3.446881152475e-25
ism_continuous_jumps,dg_1d,total,10 GHz,1.000000000000e+10,9.526807029020e+04,3.482854217784e-25
ism_continuous_jumps,dg_1d,total,10 GHz,1.000000000000e+10,1.156532641790e+05,3.490267229288e-25
ism_continuous_jumps,dg_1d,total,10 GHz,1.000000000000e+10,1.404004245548e+05,3.391345419719e-25
ism_continuous_jumps,dg_1d,total,10 GHz,1.000000000000e+10,1.704429127453e+05,3.243830508869e-25
ism_continuous_jumps,dg_1d,total,10 GHz,1.000000000000e+10,2.069138081115e+05,3.166047862487e-25
ism_continuous_jumps,dg_1d,total,10 GHz,1.000000000000e+10,2.511886431510e+05,3.104707206748e-25
ism_continuous_jumps,dg_1d,total,10 GHz,1.000000000000e+10,3.049372829387e+05,2.991025319075e-25
ism_continuous_jumps,dg_1d,total,10 GHz,1.000000000000e+10,3.701869055846e+05,2.866190674959e-25
ism_continuous_jumps,dg_1d,total,10 GHz,1.000000000000e+10,4.493984590722e+05,2.838310770279e-25
ism_continuous_jumps,dg_1d,total,10 GHz,1.000000000000e+10,5.455594781169e+05,2.733061790447e-25
ism_continuous_jumps,dg_1d,total,10 GHz,1.000000000000e+10,6.622967617148e+05,2.576560891330e-25
ism_continuous_jumps,dg_1d,total,10 GHz,1.000000000000e+10,8.040131611168e+05,2.520379121301e-25
ism_continuous_jumps,dg_1d,total,10 GHz,1.000000000000e+10,9.760536373079e+05,2.414258717095e-25
ism_continuous_jumps,dg_1d,total,10 GHz,1.000000000000e+10,1.184906851001e+06,2.286929617767e-25
ism_continuous_jumps,dg_1d,total,10 GHz,1.000000000000e+10,1.438449888288e+06,2.145704521016e-25
ism_continuous_jumps,dg_1d,total,10 GHz,1.000000000000e+10,1.746245352002e+06,2.021369101342e-25
ism_continuous_jumps,dg_1d,total,10 GHz,1.000000000000e+10,2.119902023850e+06,1.827398434886e-25
ism_continuous_jumps,dg_1d,total,10 GHz,1.000000000000e+10,2.573512700017e+06,1.614522121641e-25
ism_continuous_jumps,dg_1d,total,10 GHz,1.000000000000e+10,3.124185713603e+06,1.388672475438e-25
ism_continuous_jumps,dg_1d,total,10 GHz,1.000000000000e+10,3.792690190732e+06,1.155578686249e-25
ism_continuous_jumps,dg_1d,total,10 GHz,1.000000000000e+10,4.604239376759e+06,9.326845534435e-26
ism_continuous_jumps,dg_1d,total,10 GHz,1.000000000000e+10,5.589441576403e+06,7.356508032920e-26
ism_continuous_jumps,dg_1d,total,10 GHz,1.000000000000e+10,6.785454573394e+06,5.691707258434e-26
ism_continuous_jumps,dg_1d,total,10 GHz,1.000000000000e+10,8.237387069571e+06,4.351229292962e-26
ism_continuous_jumps,dg_1d,total,10 GHz,1.000000000000e+10,1.000000000000e+07,3.294881049453e-26
ism_continuous_jumps,dg_1d,total,R band,4.560000000000e+14,1.000000000000e-01,2.427613117839e-30
ism_continuous_jumps,dg_1d,total,R band,4.560000000000e+14,1.213977189070e-01,3.763300316103e-30
ism_continuous_jumps,dg_1d,total,R band,4.560000000000e+14,1.473740615582e-01,6.007602619331e-30
ism_continuous_jumps,dg_1d,total,R band,4.560000000000e+14,1.789087489923e-01,9.863397126954e-30
ism_continuous_jumps,dg_1d,total,R band,4.560000000000e+14,2.171911402017e-01,1.648143995175e-29
ism_continuous_jumps,dg_1d,total,R band,4.560000000000e+14,2.636650898730e-01,2.793130968835e-29
ism_continuous_jumps,dg_1d,total,R band,4.560000000000e+14,3.200834046600e-01,4.804946282054e-29
ism_continuous_jumps,dg_1d,total,R band,4.560000000000e+14,3.885739518571e-01,8.381324097696e-29
ism_continuous_jumps,dg_1d,total,R band,4.560000000000e+14,4.717199138213e-01,1.479694148578e-28
ism_continuous_jumps,dg_1d,total,R band,4.560000000000e+14,5.726572150092e-01,2.643534752359e-28
ism_continuous_jumps,dg_1d,total,R band,4.560000000000e+14,6.951927961776e-01,4.752144631895e-28
ism_continuous_jumps,dg_1d,total,R band,4.560000000000e+14,8.439481965654e-01,8.577087004238e-28
ism_continuous_jumps,dg_1d,total,R band,4.560000000000e+14,1.024533859387e+00,1.546834839529e-27
ism_continuous_jumps,dg_1d,total,R band,4.560000000000e+14,1.243760734726e+00,2.782491955443e-27
ism_continuous_jumps,dg_1d,total,R band,4.560000000000e+14,1.509897160618e+00,4.955166191087e-27
ism_continuous_jumps,dg_1d,total,R band,4.560000000000e+14,1.832980710832e+00,8.687618226925e-27
ism_continuous_jumps,dg_1d,total,R band,4.560000000000e+14,2.225196770956e+00,1.489629500442e-26
ism_continuous_jumps,dg_1d,total,R band,4.560000000000e+14,2.701338121133e+00,2.445864365086e-26
ism_continuous_jumps,dg_1d,total,R band,4.560000000000e+14,3.279362859021e+00,3.831369161714e-26
ism_continuous_jumps,dg_1d,total,R band,4.560000000000e+14,3.981071705535e+00,5.675152614262e-26
ism_continuous_jumps,dg_1d,total,R band,4.560000000000e+14,4.832930238572e+00,7.951352209102e-26
ism_continuous_jumps,dg_1d,total,R band,4.560000000000e+14,5.867067065993e+00,1.061961112403e-25
ism_continuous_jumps,dg_1d,total,R band,4.560000000000e+14,7.122485584860e+00,1.360568763451e-25
ism_continuous_jumps,dg_1d,total,R band,4.560000000000e+14,8.646535029500e+00,1.607602777141e-25
ism_continuous_jumps,dg_1d,total,R band,4.560000000000e+14,1.049669629031e+01,1.892471755158e-25
ism_continuous_jumps,dg_1d,total,R band,4.560000000000e+14,1.274274985703e+01,2.422186624544e-25
ism_continuous_jumps,dg_1d,total,R band,4.560000000000e+14,1.546940765246e+01,2.969196866448e-25
ism_continuous_jumps,dg_1d,total,R band,4.560000000000e+14,1.877950801851e+01,3.472700422604e-25
ism_continuous_jumps,dg_1d,total,R band,4.560000000000e+14,2.279789435644e+01,4.059371751303e-25
ism_continuous_jumps,dg_1d,total,R band,4.560000000000e+14,2.767612370754e+01,4.697744540285e-25
ism_continuous_jumps,dg_1d,total,R band,4.560000000000e+14,3.359818286284e+01,5.385681861556e-25
ism_continuous_jumps,dg_1d,total,R band,4.560000000000e+14,4.078742758969e+01,6.143930615446e-25
ism_continuous_jumps,dg_1d,total,R band,4.560000000000e+14,4.951500669473e+01,6.894099860761e-25
ism_continuous_jumps,dg_1d,total,R band,4.560000000000e+14,6.011008864406e+01,7.590201178634e-25
ism_continuous_jumps,dg_1d,total,R band,4.560000000000e+14,7.297227644686e+01,8.378764620714e-25
ism_continuous_jumps,dg_1d,total,R band,4.560000000000e+14,8.858667904101e+01,9.074459917582e-25
ism_continuous_jumps,dg_1d,total,R band,4.560000000000e+14,1.075422076113e+02,9.827986321226e-25
ism_continuous_jumps,dg_1d,total,R band,4.560000000000e+14,1.305537869023e+02,1.051914756668e-24
ism_continuous_jumps,dg_1d,total,R band,4.560000000000e+14,1.584893192461e+02,1.120629104807e-24
ism_continuous_jumps,dg_1d,total,R band,4.560000000000e+14,1.924024182760e+02,1.192442956215e-24
ism_continuous_jumps,dg_1d,total,R band,4.560000000000e+14,2.335721469090e+02,1.269352943098e-24
ism_continuous_jumps,dg_1d,total,R band,4.560000000000e+14,2.835512583497e+02,1.336002282844e-24
ism_continuous_jumps,dg_1d,total,R band,4.560000000000e+14,3.442247595686e+02,1.415806699407e-24
ism_continuous_jumps,dg_1d,total,R band,4.560000000000e+14,4.178810060294e+02,1.501492882944e-24
ism_continuous_jumps,dg_1d,total,R band,4.560000000000e+14,5.072980090654e+02,1.579935551038e-24
ism_continuous_jumps,dg_1d,total,R band,4.560000000000e+14,6.158482110660e+02,1.657283269325e-24
ism_continuous_jumps,dg_1d,total,R band,4.560000000000e+14,7.476256801638e+02,1.757562163247e-24
ism_continuous_jumps,dg_1d,total,R band,4.560000000000e+14,9.076005216818e+02,1.865623863556e-24
ism_continuous_jumps,dg_1d,total,R band,4.560000000000e+14,1.101806330110e+03,1.969636896993e-24
ism_continuous_jumps,dg_1d,total,R band,4.560000000000e+14,1.337567751526e+03,2.070294438224e-24
ism_continuous_jumps,dg_1d,total,R band,4.560000000000e+14,1.623776739189e+03,2.167843294605e-24
ism_continuous_jumps,dg_1d,total,R band,4.560000000000e+14,1.971227921518e+03,2.280262537049e-24
ism_continuous_jumps,dg_1d,total,R band,4.560000000000e+14,2.393025731180e+03,2.391794738605e-24
ism_continuous_jumps,dg_1d,total,R band,4.560000000000e+14,2.905078650511e+03,2.486490653392e-24
ism_continuous_jumps,dg_1d,total,R band,4.560000000000e+14,3.526699214175e+03,2.556434101405e-24
ism_continuous_jumps,dg_1d,total,R band,4.560000000000e+14,4.281332398719e+03,2.598310609459e-24
ism_continuous_jumps,dg_1d,total,R band,4.560000000000e+14,5.197439870872e+03,2.609960449548e-24
ism_continuous_jumps,dg_1d,total,R band,4.560000000000e+14,6.309573444802e+03,2.587296280035e-24
ism_continuous_jumps,dg_1d,total,R band,4.560000000000e+14,7.659678234752e+03,2.537544785861e-24
ism_continuous_jumps,dg_1d,total,R band,4.560000000000e+14,9.298674652605e+03,2.446143095401e-24
ism_continuous_jumps,dg_1d,total,R band,4.560000000000e+14,1.128837891685e+04,2.302788514289e-24
ism_continuous_jumps,dg_1d,total,R band,4.560000000000e+14,1.370383450663e+04,2.112094064013e-24
ism_continuous_jumps,dg_1d,total,R band,4.560000000000e+14,1.663614249384e+04,1.891611573281e-24
ism_continuous_jumps,dg_1d,total,R band,4.560000000000e+14,2.019589750164e+04,1.660058496784e-24
ism_continuous_jumps,dg_1d,total,R band,4.560000000000e+14,2.451735887979e+04,1.420608390064e-24
ism_continuous_jumps,dg_1d,total,R band,4.560000000000e+14,2.976351441631e+04,1.168907683301e-24
ism_continuous_jumps,dg_1d,total,R band,4.560000000000e+14,3.613222756796e+04,9.137774003232e-25
ism_continuous_jumps,dg_1d,total,R band,4.560000000000e+14,4.386370005780e+04,6.419406875387e-25
ism_continuous_jumps,dg_1d,total,R band,4.560000000000e+14,5.324953129838e+04,3.767861647029e-25
ism_continuous_jumps,dg_1d,total,R band,4.560000000000e+14,6.464371632490e+04,2.641245110626e-25
ism_continuous_jumps,dg_1d,total,R band,4.560000000000e+14,7.847599703515e+04,1.896977071201e-25
ism_continuous_jumps,dg_1d,total,R band,4.560000000000e+14,9.526807029020e+04,1.326273319184e-25
ism_continuous_jumps,dg_1d,total,R band,4.560000000000e+14,1.156532641790e+05,9.089003154174e-26
ism_continuous_jumps,dg_1d,total,R band,4.560000000000e+14,1.404004245548e+05,6.156680097339e-26
ism_continuous_jumps,dg_1d,total,R band,4.560000000000e+14,1.704429127453e+05,4.148825680147e-26
ism_continuous_jumps,dg_1d,total,R band,4.560000000000e+14,2.069138081115e+05,2.791726635481e-26
ism_continuous_jumps,dg_1d,total,R band,4.560000000000e+14,2.511886431510e+05,1.880365620185e-26
ism_continuous_jumps,dg_1d,total,R band,4.560000000000e+14,3.049372829387e+05,1.270484272093e-26
ism_continuous_jumps,dg_1d,total,R band,4.560000000000e+14,3.701869055846e+05,8.625502152761e-27
ism_continuous_jumps,dg_1d,total,R band,4.560000000000e+14,4.493984590722e+05,5.870158483299e-27
ism_continuous_jumps,dg_1d,total,R band,4.560000000000e+14,5.455594781169e+05,4.015997068412e-27
ism_continuous_jumps,dg_1d,total,R band,4.560000000000e+14,6.622967617148e+05,2.762927385432e-27
ism_continuous_jumps,dg_1d,total,R band,4.560000000000e+14,8.040131611168e+05,1.906761199124e-27
ism_continuous_jumps,dg_1d,total,R band,4.560000000000e+14,9.760536373079e+05,1.321634240288e-27
ism_continuous_jumps,dg_1d,total,R band,4.560000000000e+14,1.184906851001e+06,9.200696468205e-28
ism_continuous_jumps,dg_1d,total,R band,4.560000000000e+14,1.438449888288e+06,6.438354112138e-28
ism_continuous_jumps,dg_1d,total,R band,4.560000000000e+14,1.746245352002e+06,4.517109973619e-28
ism_continuous_jumps,dg_1d,total,R band,4.560000000000e+14,2.119902023850e+06,3.176002105210e-28
ism_continuous_jumps,dg_1d,total,R band,4.560000000000e+14,2.573512700017e+06,2.238718927868e-28
ism_continuous_jumps,dg_1d,total,R band,4.560000000000e+14,3.124185713603e+06,1.586017555525e-28
ism_continuous_jumps,dg_1d,total,R band,4.560000000000e+14,3.792690190732e+06,1.129085648641e-28
ism_continuous_jumps,dg_1d,total,R band,4.560000000000e+14,4.604239376759e+06,8.093307569857e-29
ism_continuous_jumps,dg_1d,total,R band,4.560000000000e+14,5.589441576403e+06,5.822268187573e-29
ism_continuous_jumps,dg_1d,total,R band,4.560000000000e+14,6.785454573394e+06,4.192404094135e-29
ism_continuous_jumps,dg_1d,total,R band,4.560000000000e+14,8.237387069571e+06,3.027497575212e-29
ism_continuous_jumps,dg_1d,total,R band,4.560000000000e+14,1.000000000000e+07,2.190619160720e-29
ism_continuous_jumps,dg_1d,total,1 keV,2.417989242000e+17,1.000000000000e-01,1.909094265805e-29
ism_continuous_jumps,dg_1d,total,1 keV,2.417989242000e+17,1.213977189070e-01,2.959634504815e-29
ism_continuous_jumps,dg_1d,total,1 keV,2.417989242000e+17,1.473740615582e-01,4.724796321633e-29
ism_continuous_jumps,dg_1d,total,1 keV,2.417989242000e+17,1.789087489923e-01,7.758539209052e-29
ism_continuous_jumps,dg_1d,total,1 keV,2.417989242000e+17,2.171911402017e-01,1.296693727375e-28
ism_continuous_jumps,dg_1d,total,1 keV,2.417989242000e+17,2.636650898730e-01,2.197931461597e-28
ism_continuous_jumps,dg_1d,total,1 keV,2.417989242000e+17,3.200834046600e-01,3.781584401986e-28
ism_continuous_jumps,dg_1d,total,1 keV,2.417989242000e+17,3.885739518571e-01,6.595960731284e-28
ism_continuous_jumps,dg_1d,total,1 keV,2.417989242000e+17,4.717199138213e-01,1.164195979960e-27
ism_continuous_jumps,dg_1d,total,1 keV,2.417989242000e+17,5.726572150092e-01,2.078720437564e-27
ism_continuous_jumps,dg_1d,total,1 keV,2.417989242000e+17,6.951927961776e-01,3.733034645722e-27
ism_continuous_jumps,dg_1d,total,1 keV,2.417989242000e+17,8.439481965654e-01,6.727429621233e-27
ism_continuous_jumps,dg_1d,total,1 keV,2.417989242000e+17,1.024533859387e+00,1.210601065663e-26
ism_continuous_jumps,dg_1d,total,1 keV,2.417989242000e+17,1.243760734726e+00,2.171170280252e-26
ism_continuous_jumps,dg_1d,total,1 keV,2.417989242000e+17,1.509897160618e+00,3.850936570549e-26
ism_continuous_jumps,dg_1d,total,1 keV,2.417989242000e+17,1.832980710832e+00,6.715095085300e-26
ism_continuous_jumps,dg_1d,total,1 keV,2.417989242000e+17,2.225196770956e+00,1.142850081362e-25
ism_continuous_jumps,dg_1d,total,1 keV,2.417989242000e+17,2.701338121133e+00,1.858184534532e-25
ism_continuous_jumps,dg_1d,total,1 keV,2.417989242000e+17,3.279362859021e+00,2.873433654157e-25
ism_continuous_jumps,dg_1d,total,1 keV,2.417989242000e+17,3.981071705535e+00,4.188975359147e-25
ism_continuous_jumps,dg_1d,total,1 keV,2.417989242000e+17,4.832930238572e+00,5.755343538902e-25
ism_continuous_jumps,dg_1d,total,1 keV,2.417989242000e+17,5.867067065993e+00,7.513327829102e-25
ism_continuous_jumps,dg_1d,total,1 keV,2.417989242000e+17,7.122485584860e+00,9.381559397582e-25
ism_continuous_jumps,dg_1d,total,1 keV,2.417989242000e+17,8.646535029500e+00,1.076031866316e-24
ism_continuous_jumps,dg_1d,total,1 keV,2.417989242000e+17,1.049669629031e+01,1.242307157826e-24
ism_continuous_jumps,dg_1d,total,1 keV,2.417989242000e+17,1.274274985703e+01,1.557647551977e-24
ism_continuous_jumps,dg_1d,total,1 keV,2.417989242000e+17,1.546940765246e+01,1.829476338614e-24
ism_continuous_jumps,dg_1d,total,1 keV,2.417989242000e+17,1.877950801851e+01,2.024947646244e-24
ism_continuous_jumps,dg_1d,total,1 keV,2.417989242000e+17,2.279789435644e+01,2.230639841215e-24
ism_continuous_jumps,dg_1d,total,1 keV,2.417989242000e+17,2.767612370754e+01,2.411974728751e-24
ism_continuous_jumps,dg_1d,total,1 keV,2.417989242000e+17,3.359818286284e+01,2.558621879766e-24
ism_continuous_jumps,dg_1d,total,1 keV,2.417989242000e+17,4.078742758969e+01,2.690780493560e-24
ism_continuous_jumps,dg_1d,total,1 keV,2.417989242000e+17,4.951500669473e+01,2.753202357486e-24
ism_continuous_jumps,dg_1d,total,1 keV,2.417989242000e+17,6.011008864406e+01,2.734978020890e-24
ism_continuous_jumps,dg_1d,total,1 keV,2.417989242000e+17,7.297227644686e+01,2.733520301468e-24
ism_continuous_jumps,dg_1d,total,1 keV,2.417989242000e+17,8.858667904101e+01,2.596154499350e-24
ism_continuous_jumps,dg_1d,total,1 keV,2.417989242000e+17,1.075422076113e+02,2.474390068867e-24
ism_continuous_jumps,dg_1d,total,1 keV,2.417989242000e+17,1.305537869023e+02,2.277568080433e-24
ism_continuous_jumps,dg_1d,total,1 keV,2.417989242000e+17,1.584893192461e+02,2.056541598204e-24
ism_continuous_jumps,dg_1d,total,1 keV,2.417989242000e+17,1.924024182760e+02,1.834438892308e-24
ism_continuous_jumps,dg_1d,total,1 keV,2.417989242000e+17,2.335721469090e+02,1.591489606355e-24
ism_continuous_jumps,dg_1d,total,1 keV,2.417989242000e+17,2.835512583497e+02,1.336100656273e-24
ism_continuous_jumps,dg_1d,total,1 keV,2.417989242000e+17,3.442247595686e+02,1.124049554212e-24
ism_continuous_jumps,dg_1d,total,1 keV,2.417989242000e+17,4.178810060294e+02,9.482472946333e-25
ism_continuous_jumps,dg_1d,total,1 keV,2.417989242000e+17,5.072980090654e+02,7.892155610719e-25
ism_continuous_jumps,dg_1d,total,1 keV,2.417989242000e+17,6.158482110660e+02,6.483885563967e-25
ism_continuous_jumps,dg_1d,total,1 keV,2.417989242000e+17,7.476256801638e+02,5.312800082131e-25
ism_continuous_jumps,dg_1d,total,1 keV,2.417989242000e+17,9.076005216818e+02,4.340841567170e-25
ism_continuous_jumps,dg_1d,total,1 keV,2.417989242000e+17,1.101806330110e+03,3.519710711328e-25
ism_continuous_jumps,dg_1d,total,1 keV,2.417989242000e+17,1.337567751526e+03,2.862109851905e-25
ism_continuous_jumps,dg_1d,total,1 keV,2.417989242000e+17,1.623776739189e+03,2.319578325337e-25
ism_continuous_jumps,dg_1d,total,1 keV,2.417989242000e+17,1.971227921518e+03,1.876335307707e-25
ism_continuous_jumps,dg_1d,total,1 keV,2.417989242000e+17,2.393025731180e+03,1.520612844071e-25
ism_continuous_jumps,dg_1d,total,1 keV,2.417989242000e+17,2.905078650511e+03,1.228683625969e-25
ism_continuous_jumps,dg_1d,total,1 keV,2.417989242000e+17,3.526699214175e+03,9.910882951374e-26
ism_continuous_jumps,dg_1d,total,1 keV,2.417989242000e+17,4.281332398719e+03,7.982741657636e-26
ism_continuous_jumps,dg_1d,total,1 keV,2.417989242000e+17,5.197439870872e+03,6.411539589600e-26
ism_continuous_jumps,dg_1d,total,1 keV,2.417989242000e+17,6.309573444802e+03,5.150763737452e-26
ism_continuous_jumps,dg_1d,total,1 keV,2.417989242000e+17,7.659678234752e+03,4.162818690307e-26
ism_continuous_jumps,dg_1d,total,1 keV,2.417989242000e+17,9.298674652605e+03,3.367428377234e-26
ism_continuous_jumps,dg_1d,total,1 keV,2.417989242000e+17,1.128837891685e+04,2.707390365699e-26
ism_continuous_jumps,dg_1d,total,1 keV,2.417989242000e+17,1.370383450663e+04,2.151747452935e-26
ism_continuous_jumps,dg_1d,total,1 keV,2.417989242000e+17,1.663614249384e+04,1.693474675437e-26
ism_continuous_jumps,dg_1d,total,1 keV,2.417989242000e+17,2.019589750164e+04,1.311463772437e-26
ism_continuous_jumps,dg_1d,total,1 keV,2.417989242000e+17,2.451735887979e+04,9.957807489472e-27
ism_continuous_jumps,dg_1d,total,1 keV,2.417989242000e+17,2.976351441631e+04,7.357807725295e-27
ism_continuous_jumps,dg_1d,total,1 keV,2.417989242000e+17,3.613222756796e+04,5.249530998265e-27
ism_continuous_jumps,dg_1d,total,1 keV,2.417989242000e+17,4.386370005780e+04,3.309689754257e-27
ism_continuous_jumps,dg_1d,total,1 keV,2.417989242000e+17,5.324953129838e+04,1.679717118099e-27
ism_continuous_jumps,dg_1d,total,1 keV,2.417989242000e+17,6.464371632490e+04,1.162913570127e-27
ism_continuous_jumps,dg_1d,total,1 keV,2.417989242000e+17,7.847599703515e+04,8.534969129207e-28
ism_continuous_jumps,dg_1d,total,1 keV,2.417989242000e+17,9.526807029020e+04,6.118048391666e-28
ism_continuous_jumps,dg_1d,total,1 keV,2.417989242000e+17,1.156532641790e+05,4.264922998196e-28
ism_continuous_jumps,dg_1d,total,1 keV,2.417989242000e+17,1.404004245548e+05,2.907513722213e-28
ism_continuous_jumps,dg_1d,total,1 keV,2.417989242000e+17,1.704429127453e+05,1.951796590310e-28
ism_continuous_jumps,dg_1d,total,1 keV,2.417989242000e+17,2.069138081115e+05,1.296442745053e-28
ism_continuous_jumps,dg_1d,total,1 keV,2.417989242000e+17,2.511886431510e+05,8.564194520583e-29
ism_continuous_jumps,dg_1d,total,1 keV,2.417989242000e+17,3.049372829387e+05,5.657063403455e-29
ism_continuous_jumps,dg_1d,total,1 keV,2.417989242000e+17,3.701869055846e+05,3.752752955102e-29
ism_continuous_jumps,dg_1d,total,1 keV,2.417989242000e+17,4.493984590722e+05,2.490352347515e-29
ism_continuous_jumps,dg_1d,total,1 keV,2.417989242000e+17,5.455594781169e+05,1.659044348604e-29
ism_continuous_jumps,dg_1d,total,1 keV,2.417989242000e+17,6.622967617148e+05,1.108140660765e-29
ism_continuous_jumps,dg_1d,total,1 keV,2.417989242000e+17,8.040131611168e+05,7.407669906141e-30
ism_continuous_jumps,dg_1d,total,1 keV,2.417989242000e+17,9.760536373079e+05,4.974288967645e-30
ism_continuous_jumps,dg_1d,total,1 keV,2.417989242000e+17,1.184906851001e+06,3.346772294311e-30
ism_continuous_jumps,dg_1d,total,1 keV,2.417989242000e+17,1.438449888288e+06,2.268797382308e-30
ism_continuous_jumps,dg_1d,total,1 keV,2.417989242000e+17,1.746245352002e+06,1.544116256867e-30
ism_continuous_jumps,dg_1d,total,1 keV,2.417989242000e+17,2.119902023850e+06,1.052887119472e-30
ism_continuous_jumps,dg_1d,total,1 keV,2.417989242000e+17,2.573512700017e+06,7.197735885791e-31
ism_continuous_jumps,dg_1d,total,1 keV,2.417989242000e+17,3.124185713603e+06,4.961924424905e-31
ism_continuous_jumps,dg_1d,total,1 keV,2.417989242000e+17,3.792690190732e+06,3.414390597443e-31
ism_continuous_jumps,dg_1d,total,1 keV,2.417989242000e+17,4.604239376759e+06,2.367941626982e-31
ism_continuous_jumps,dg_1d,total,1 keV,2.417989242000e+17,5.589441576403e+06,1.653958556374e-31
ism_continuous_jumps,dg_1d,total,1 keV,2.417989242000e+17,6.785454573394e+06,1.149869173794e-31
ism_continuous_jumps,dg_1d,total,1 keV,2.417989242000e+17,8.237387069571e+06,8.055560645249e-32
ism_continuous_jumps,dg_1d,total,1 keV,2.417989242000e+17,1.000000000000e+07,5.636489829732e-32
ism_continuous_jumps,dg_1d,total,100 MeV,2.417989242000e+22,1.000000000000e-01,9.038186372927e-31
ism_continuous_jumps,dg_1d,total,100 MeV,2.417989242000e+22,1.213977189070e-01,1.368988251304e-30
ism_continuous_jumps,dg_1d,total,100 MeV,2.417989242000e+22,1.473740615582e-01,2.081064731028e-30
ism_continuous_jumps,dg_1d,total,100 MeV,2.417989242000e+22,1.789087489923e-01,3.173846629574e-30
ism_continuous_jumps,dg_1d,total,100 MeV,2.417989242000e+22,2.171911402017e-01,4.859627149828e-30
ism_continuous_jumps,dg_1d,total,100 MeV,2.417989242000e+22,2.636650898730e-01,7.435814256554e-30
ism_continuous_jumps,dg_1d,total,100 MeV,2.417989242000e+22,3.200834046600e-01,1.124378085335e-29
ism_continuous_jumps,dg_1d,total,100 MeV,2.417989242000e+22,3.885739518571e-01,1.709968312416e-29
ism_continuous_jumps,dg_1d,total,100 MeV,2.417989242000e+22,4.717199138213e-01,2.585331392173e-29
ism_continuous_jumps,dg_1d,total,100 MeV,2.417989242000e+22,5.726572150092e-01,3.888067283705e-29
ism_continuous_jumps,dg_1d,total,100 MeV,2.417989242000e+22,6.951927961776e-01,5.842211914862e-29
ism_continuous_jumps,dg_1d,total,100 MeV,2.417989242000e+22,8.439481965654e-01,8.665125847513e-29
ism_continuous_jumps,dg_1d,total,100 MeV,2.417989242000e+22,1.024533859387e+00,1.276499013411e-28
ism_continuous_jumps,dg_1d,total,100 MeV,2.417989242000e+22,1.243760734726e+00,1.831876292908e-28
ism_continuous_jumps,dg_1d,total,100 MeV,2.417989242000e+22,1.509897160618e+00,2.578050225286e-28
ism_continuous_jumps,dg_1d,total,100 MeV,2.417989242000e+22,1.832980710832e+00,3.508064988032e-28
ism_continuous_jumps,dg_1d,total,100 MeV,2.417989242000e+22,2.225196770956e+00,4.494728160662e-28
ism_continuous_jumps,dg_1d,total,100 MeV,2.417989242000e+22,2.701338121133e+00,5.398310816053e-28
ism_continuous_jumps,dg_1d,total,100 MeV,2.417989242000e+22,3.279362859021e+00,6.029066168163e-28
ism_continuous_jumps,dg_1d,total,100 MeV,2.417989242000e+22,3.981071705535e+00,6.264730711272e-28
ism_continuous_jumps,dg_1d,total,100 MeV,2.417989242000e+22,4.832930238572e+00,6.123314072073e-28
ism_continuous_jumps,dg_1d,total,100 MeV,2.417989242000e+22,5.867067065993e+00,5.659695617368e-28
ism_continuous_jumps,dg_1d,total,100 MeV,2.417989242000e+22,7.122485584860e+00,5.022132023140e-28
ism_continuous_jumps,dg_1d,total,100 MeV,2.417989242000e+22,8.646535029500e+00,4.142216964620e-28
ism_continuous_jumps,dg_1d,total,100 MeV,2.417989242000e+22,1.049669629031e+01,3.475307822096e-28
ism_continuous_jumps,dg_1d,total,100 MeV,2.417989242000e+22,1.274274985703e+01,3.023990872070e-28
ism_continuous_jumps,dg_1d,total,100 MeV,2.417989242000e+22,1.546940765246e+01,2.449065340573e-28
ism_continuous_jumps,dg_1d,total,100 MeV,2.417989242000e+22,1.877950801851e+01,2.001907073915e-28
ism_continuous_jumps,dg_1d,total,100 MeV,2.417989242000e+22,2.279789435644e+01,1.635920620879e-28
ism_continuous_jumps,dg_1d,total,100 MeV,2.417989242000e+22,2.767612370754e+01,1.315030526413e-28
ism_continuous_jumps,dg_1d,total,100 MeV,2.417989242000e+22,3.359818286284e+01,1.023590914165e-28
ism_continuous_jumps,dg_1d,total,100 MeV,2.417989242000e+22,4.078742758969e+01,7.742197144452e-29
ism_continuous_jumps,dg_1d,total,100 MeV,2.417989242000e+22,4.951500669473e+01,5.407570551358e-29
ism_continuous_jumps,dg_1d,total,100 MeV,2.417989242000e+22,6.011008864406e+01,4.493756519540e-29
ism_continuous_jumps,dg_1d,total,100 MeV,2.417989242000e+22,7.297227644686e+01,4.542366665316e-29
ism_continuous_jumps,dg_1d,total,100 MeV,2.417989242000e+22,8.858667904101e+01,2.851252334754e-29
ism_continuous_jumps,dg_1d,total,100 MeV,2.417989242000e+22,1.075422076113e+02,2.703398733076e-29
ism_continuous_jumps,dg_1d,total,100 MeV,2.417989242000e+22,1.305537869023e+02,2.095897901914e-29
ism_continuous_jumps,dg_1d,total,100 MeV,2.417989242000e+22,1.584893192461e+02,1.611340947577e-29
ism_continuous_jumps,dg_1d,total,100 MeV,2.417989242000e+22,1.924024182760e+02,1.297666102463e-29
ism_continuous_jumps,dg_1d,total,100 MeV,2.417989242000e+22,2.335721469090e+02,1.003095770128e-29
ism_continuous_jumps,dg_1d,total,100 MeV,2.417989242000e+22,2.835512583497e+02,7.632746869387e-30
ism_continuous_jumps,dg_1d,total,100 MeV,2.417989242000e+22,3.442247595686e+02,6.013705494007e-30
ism_continuous_jumps,dg_1d,total,100 MeV,2.417989242000e+22,4.178810060294e+02,4.815063336462e-30
ism_continuous_jumps,dg_1d,total,100 MeV,2.417989242000e+22,5.072980090654e+02,3.823545888866e-30
ism_continuous_jumps,dg_1d,total,100 MeV,2.417989242000e+22,6.158482110660e+02,2.994935305886e-30
ism_continuous_jumps,dg_1d,total,100 MeV,2.417989242000e+22,7.476256801638e+02,2.351705370585e-30
ism_continuous_jumps,dg_1d,total,100 MeV,2.417989242000e+22,9.076005216818e+02,1.846566797937e-30
ism_continuous_jumps,dg_1d,total,100 MeV,2.417989242000e+22,1.101806330110e+03,1.439142123211e-30
ism_continuous_jumps,dg_1d,total,100 MeV,2.417989242000e+22,1.337567751526e+03,1.127564918352e-30
ism_continuous_jumps,dg_1d,total,100 MeV,2.417989242000e+22,1.623776739189e+03,8.805205929186e-31
ism_continuous_jumps,dg_1d,total,100 MeV,2.417989242000e+22,1.971227921518e+03,6.873654661317e-31
ism_continuous_jumps,dg_1d,total,100 MeV,2.417989242000e+22,2.393025731180e+03,5.387783118216e-31
ism_continuous_jumps,dg_1d,total,100 MeV,2.417989242000e+22,2.905078650511e+03,4.217499883329e-31
ism_continuous_jumps,dg_1d,total,100 MeV,2.417989242000e+22,3.526699214175e+03,3.304583153122e-31
ism_continuous_jumps,dg_1d,total,100 MeV,2.417989242000e+22,4.281332398719e+03,2.595376003912e-31
ism_continuous_jumps,dg_1d,total,100 MeV,2.417989242000e+22,5.197439870872e+03,2.039890105605e-31
ism_continuous_jumps,dg_1d,total,100 MeV,2.417989242000e+22,6.309573444802e+03,1.609699694368e-31
ism_continuous_jumps,dg_1d,total,100 MeV,2.417989242000e+22,7.659678234752e+03,1.280901112731e-31
ism_continuous_jumps,dg_1d,total,100 MeV,2.417989242000e+22,9.298674652605e+03,1.021759198307e-31
ism_continuous_jumps,dg_1d,total,100 MeV,2.417989242000e+22,1.128837891685e+04,8.135892550088e-32
ism_continuous_jumps,dg_1d,total,100 MeV,2.417989242000e+22,1.370383450663e+04,6.445186998829e-32
ism_continuous_jumps,dg_1d,total,100 MeV,2.417989242000e+22,1.663614249384e+04,5.090165993276e-32
ism_continuous_jumps,dg_1d,total,100 MeV,2.417989242000e+22,2.019589750164e+04,3.997990128986e-32
ism_continuous_jumps,dg_1d,total,100 MeV,2.417989242000e+22,2.451735887979e+04,3.120631844694e-32
ism_continuous_jumps,dg_1d,total,100 MeV,2.417989242000e+22,2.976351441631e+04,2.401248337318e-32
ism_continuous_jumps,dg_1d,total,100 MeV,2.417989242000e+22,3.613222756796e+04,1.798927510151e-32
ism_continuous_jumps,dg_1d,total,100 MeV,2.417989242000e+22,4.386370005780e+04,1.212749275490e-32
ism_continuous_jumps,dg_1d,total,100 MeV,2.417989242000e+22,5.324953129838e+04,6.958771750653e-33
ism_continuous_jumps,dg_1d,total,100 MeV,2.417989242000e+22,6.464371632490e+04,4.914856303375e-33
ism_continuous_jumps,dg_1d,total,100 MeV,2.417989242000e+22,7.847599703515e+04,3.529223810475e-33
ism_continuous_jumps,dg_1d,total,100 MeV,2.417989242000e+22,9.526807029020e+04,2.445345318468e-33
ism_continuous_jumps,dg_1d,total,100 MeV,2.417989242000e+22,1.156532641790e+05,1.648678489680e-33
ism_continuous_jumps,dg_1d,total,100 MeV,2.417989242000e+22,1.404004245548e+05,1.090452336088e-33
ism_continuous_jumps,dg_1d,total,100 MeV,2.417989242000e+22,1.704429127453e+05,7.122850910539e-34
ism_continuous_jumps,dg_1d,total,100 MeV,2.417989242000e+22,2.069138081115e+05,4.620750643551e-34
ism_continuous_jumps,dg_1d,total,100 MeV,2.417989242000e+22,2.511886431510e+05,2.990417576872e-34
ism_continuous_jumps,dg_1d,total,100 MeV,2.417989242000e+22,3.049372829387e+05,1.937973178084e-34
ism_continuous_jumps,dg_1d,total,100 MeV,2.417989242000e+22,3.701869055846e+05,1.262290042684e-34
ism_continuous_jumps,dg_1d,total,100 MeV,2.417989242000e+22,4.493984590722e+05,8.198809294719e-35
ism_continuous_jumps,dg_1d,total,100 MeV,2.417989242000e+22,5.455594781169e+05,5.351754109412e-35
ism_continuous_jumps,dg_1d,total,100 MeV,2.417989242000e+22,6.622967617148e+05,3.486482140229e-35
ism_continuous_jumps,dg_1d,total,100 MeV,2.417989242000e+22,8.040131611168e+05,2.277764158593e-35
ism_continuous_jumps,dg_1d,total,100 MeV,2.417989242000e+22,9.760536373079e+05,1.492054258685e-35
ism_continuous_jumps,dg_1d,total,100 MeV,2.417989242000e+22,1.184906851001e+06,9.769142998188e-36
ism_continuous_jumps,dg_1d,total,100 MeV,2.417989242000e+22,1.438449888288e+06,6.459356936820e-36
ism_continuous_jumps,dg_1d,total,100 MeV,2.417989242000e+22,1.746245352002e+06,4.273640890672e-36
ism_continuous_jumps,dg_1d,total,100 MeV,2.417989242000e+22,2.119902023850e+06,2.828337208396e-36
ism_continuous_jumps,dg_1d,total,100 MeV,2.417989242000e+22,2.573512700017e+06,1.871195139082e-36
ism_continuous_jumps,dg_1d,total,100 MeV,2.417989242000e+22,3.124185713603e+06,1.246940750394e-36
ism_continuous_jumps,dg_1d,total,100 MeV,2.417989242000e+22,3.792690190732e+06,8.247548813553e-37
ism_continuous_jumps,dg_1d,total,100 MeV,2.417989242000e+22,4.604239376759e+06,5.536643768615e-37
ism_continuous_jumps,dg_1d,total,100 MeV,2.417989242000e+22,5.589441576403e+06,3.733125300454e-37
ism_continuous_jumps,dg_1d,total,100 MeV,2.417989242000e+22,6.785454573394e+06,2.496579169880e-37
ism_continuous_jumps,dg_1d,total,100 MeV,2.417989242000e+22,8.237387069571e+06,1.688709219859e-37
ism_continuous_jumps,dg_1d,total,100 MeV,2.417989242000e+22,1.000000000000e+07,1.134725890981e-37
ism_continuous_jumps,dg_1d,sync,10 GHz,1.000000000000e+10,1.000000000000e-01,6.797630000209e-32
ism_continuous_jumps,dg_1d,sync,10 GHz,1.000000000000e+10,1.213977189070e-01,1.053764513565e-31
ism_continuous_jumps,dg_1d,sync,10 GHz,1.000000000000e+10,1.473740615582e-01,1.682186146908e-31
ism_continuous_jumps,dg_1d,sync,10 GHz,1.000000000000e+10,1.789087489923e-01,2.761830287931e-31
ism_continuous_jumps,dg_1d,sync,10 GHz,1.000000000000e+10,2.171911402017e-01,4.614908703174e-31
ism_continuous_jumps,dg_1d,sync,10 GHz,1.000000000000e+10,2.636650898730e-01,7.820919834858e-31
ism_continuous_jumps,dg_1d,sync,10 GHz,1.000000000000e+10,3.200834046600e-01,1.345409555580e-30
ism_continuous_jumps,dg_1d,sync,10 GHz,1.000000000000e+10,3.885739518571e-01,2.346814047835e-30
ism_continuous_jumps,dg_1d,sync,10 GHz,1.000000000000e+10,4.717199138213e-01,4.143224102153e-30
ism_continuous_jumps,dg_1d,sync,10 GHz,1.000000000000e+10,5.726572150092e-01,7.402064107428e-30
ism_continuous_jumps,dg_1d,sync,10 GHz,1.000000000000e+10,6.951927961776e-01,1.330637910096e-29
ism_continuous_jumps,dg_1d,sync,10 GHz,1.000000000000e+10,8.439481965654e-01,2.401658846771e-29
ism_continuous_jumps,dg_1d,sync,10 GHz,1.000000000000e+10,1.024533859387e+00,4.331281623621e-29
ism_continuous_jumps,dg_1d,sync,10 GHz,1.000000000000e+10,1.243760734726e+00,7.791247827685e-29
ism_continuous_jumps,dg_1d,sync,10 GHz,1.000000000000e+10,1.509897160618e+00,1.387499907013e-28
ism_continuous_jumps,dg_1d,sync,10 GHz,1.000000000000e+10,1.832980710832e+00,2.432647770894e-28
ism_continuous_jumps,dg_1d,sync,10 GHz,1.000000000000e+10,2.225196770956e+00,4.171243202659e-28
ism_continuous_jumps,dg_1d,sync,10 GHz,1.000000000000e+10,2.701338121133e+00,6.849199046875e-28
ism_continuous_jumps,dg_1d,sync,10 GHz,1.000000000000e+10,3.279362859021e+00,1.073005392427e-27
ism_continuous_jumps,dg_1d,sync,10 GHz,1.000000000000e+10,3.981071705535e+00,1.589586638140e-27
ism_continuous_jumps,dg_1d,sync,10 GHz,1.000000000000e+10,4.832930238572e+00,2.227542679165e-27
ism_continuous_jumps,dg_1d,sync,10 GHz,1.000000000000e+10,5.867067065993e+00,2.975782326132e-27
ism_continuous_jumps,dg_1d,sync,10 GHz,1.000000000000e+10,7.122485584860e+00,3.813737194901e-27
ism_continuous_jumps,dg_1d,sync,10 GHz,1.000000000000e+10,8.646535029500e+00,4.508271012993e-27
ism_continuous_jumps,dg_1d,sync,10 GHz,1.000000000000e+10,1.049669629031e+01,5.308359089193e-27
ism_continuous_jumps,dg_1d,sync,10 GHz,1.000000000000e+10,1.274274985703e+01,6.795240791828e-27
ism_continuous_jumps,dg_1d,sync,10 GHz,1.000000000000e+10,1.546940765246e+01,8.334640280240e-27
ism_continuous_jumps,dg_1d,sync,10 GHz,1.000000000000e+10,1.877950801851e+01,9.755994677794e-27
ism_continuous_jumps,dg_1d,sync,10 GHz,1.000000000000e+10,2.279789435644e+01,1.141383352956e-26
ism_continuous_jumps,dg_1d,sync,10 GHz,1.000000000000e+10,2.767612370754e+01,1.322113754882e-26
ism_continuous_jumps,dg_1d,sync,10 GHz,1.000000000000e+10,3.359818286284e+01,1.517312859933e-26
ism_continuous_jumps,dg_1d,sync,10 GHz,1.000000000000e+10,4.078742758969e+01,1.732869838148e-26
ism_continuous_jumps,dg_1d,sync,10 GHz,1.000000000000e+10,4.951500669473e+01,1.947013349626e-26
ism_continuous_jumps,dg_1d,sync,10 GHz,1.000000000000e+10,6.011008864406e+01,2.146967136165e-26
ism_continuous_jumps,dg_1d,sync,10 GHz,1.000000000000e+10,7.297227644686e+01,2.374122665258e-26
ism_continuous_jumps,dg_1d,sync,10 GHz,1.000000000000e+10,8.858667904101e+01,2.577055276186e-26
ism_continuous_jumps,dg_1d,sync,10 GHz,1.000000000000e+10,1.075422076113e+02,2.797910297229e-26
ism_continuous_jumps,dg_1d,sync,10 GHz,1.000000000000e+10,1.305537869023e+02,3.003243043448e-26
ism_continuous_jumps,dg_1d,sync,10 GHz,1.000000000000e+10,1.584893192461e+02,3.209986263366e-26
ism_continuous_jumps,dg_1d,sync,10 GHz,1.000000000000e+10,1.924024182760e+02,3.428581552765e-26
ism_continuous_jumps,dg_1d,sync,10 GHz,1.000000000000e+10,2.335721469090e+02,3.667473711643e-26
ism_continuous_jumps,dg_1d,sync,10 GHz,1.000000000000e+10,2.835512583497e+02,3.886432890664e-26
ism_continuous_jumps,dg_1d,sync,10 GHz,1.000000000000e+10,3.442247595686e+02,4.145185439883e-26
ism_continuous_jumps,dg_1d,sync,10 GHz,1.000000000000e+10,4.178810060294e+02,4.425258115751e-26
ism_continuous_jumps,dg_1d,sync,10 GHz,1.000000000000e+10,5.072980090654e+02,4.693058043588e-26
ism_continuous_jumps,dg_1d,sync,10 GHz,1.000000000000e+10,6.158482110660e+02,4.968597382670e-26
ism_continuous_jumps,dg_1d,sync,10 GHz,1.000000000000e+10,7.476256801638e+02,5.330482670823e-26
ism_continuous_jumps,dg_1d,sync,10 GHz,1.000000000000e+10,9.076005216818e+02,5.739976095063e-26
ism_continuous_jumps,dg_1d,sync,10 GHz,1.000000000000e+10,1.101806330110e+03,6.164230460210e-26
ism_continuous_jumps,dg_1d,sync,10 GHz,1.000000000000e+10,1.337567751526e+03,6.604988604000e-26
ism_continuous_jumps,dg_1d,sync,10 GHz,1.000000000000e+10,1.623776739189e+03,7.080324965795e-26
ism_continuous_jumps,dg_1d,sync,10 GHz,1.000000000000e+10,1.971227921518e+03,7.678707870503e-26
ism_continuous_jumps,dg_1d,sync,10 GHz,1.000000000000e+10,2.393025731180e+03,8.355952106494e-26
ism_continuous_jumps,dg_1d,sync,10 GHz,1.000000000000e+10,2.905078650511e+03,9.101757135526e-26
ism_continuous_jumps,dg_1d,sync,10 GHz,1.000000000000e+10,3.526699214175e+03,9.877578114499e-26
ism_continuous_jumps,dg_1d,sync,10 GHz,1.000000000000e+10,4.281332398719e+03,1.072841001680e-25
ism_continuous_jumps,dg_1d,sync,10 GHz,1.000000000000e+10,5.197439870872e+03,1.170260150296e-25
ism_continuous_jumps,dg_1d,sync,10 GHz,1.000000000000e+10,6.309573444802e+03,1.270662579428e-25
ism_continuous_jumps,dg_1d,sync,10 GHz,1.000000000000e+10,7.659678234752e+03,1.388404970381e-25
ism_continuous_jumps,dg_1d,sync,10 GHz,1.000000000000e+10,9.298674652605e+03,1.540028350470e-25
ism_continuous_jumps,dg_1d,sync,10 GHz,1.000000000000e+10,1.128837891685e+04,1.707987799864e-25
ism_continuous_jumps,dg_1d,sync,10 GHz,1.000000000000e+10,1.370383450663e+04,1.888040014445e-25
ism_continuous_jumps,dg_1d,sync,10 GHz,1.000000000000e+10,1.663614249384e+04,2.083487493232e-25
ism_continuous_jumps,dg_1d,sync,10 GHz,1.000000000000e+10,2.019589750164e+04,2.313770992853e-25
ism_continuous_jumps,dg_1d,sync,10 GHz,1.000000000000e+10,2.451735887979e+04,2.574817521103e-25
ism_continuous_jumps,dg_1d,sync,10 GHz,1.000000000000e+10,2.976351441631e+04,2.847903320135e-25
ism_continuous_jumps,dg_1d,sync,10 GHz,1.000000000000e+10,3.613222756796e+04,3.120825375202e-25
ism_continuous_jumps,dg_1d,sync,10 GHz,1.000000000000e+10,4.386370005780e+04,3.348561888490e-25
ism_continuous_jumps,dg_1d,sync,10 GHz,1.000000000000e+10,5.324953129838e+04,3.364227453320e-25
ism_continuous_jumps,dg_1d,sync,10 GHz,1.000000000000e+10,6.464371632490e+04,3.378468868404e-25
ism_continuous_jumps,dg_1d,sync,10 GHz,1.000000000000e+10,7.847599703515e+04,3.446881152475e-25
ism_continuous_jumps,dg_1d,sync,10 GHz,1.000000000000e+10,9.526807029020e+04,3.482854217784e-25
ism_continuous_jumps,dg_1d,sync,10 GHz,1.000000000000e+10,1.156532641790e+05,3.490267229288e-25
ism_continuous_jumps,dg_1d,sync,10 GHz,1.000000000000e+10,1.404004245548e+05,3.391345419719e-25
ism_continuous_jumps,dg_1d,sync,10 GHz,1.000000000000e+10,1.704429127453e+05,3.243830508868e-25
ism_continuous_jumps,dg_1d,sync,10 GHz,1.000000000000e+10,2.069138081115e+05,3.166047862486e-25
ism_continuous_jumps,dg_1d,sync,10 GHz,1.000000000000e+10,2.511886431510e+05,3.104707206747e-25
ism_continuous_jumps,dg_1d,sync,10 GHz,1.000000000000e+10,3.049372829387e+05,2.991025319074e-25
ism_continuous_jumps,dg_1d,sync,10 GHz,1.000000000000e+10,3.701869055846e+05,2.866190674959e-25
ism_continuous_jumps,dg_1d,sync,10 GHz,1.000000000000e+10,4.493984590722e+05,2.838310770278e-25
ism_continuous_jumps,dg_1d,sync,10 GHz,1.000000000000e+10,5.455594781169e+05,2.733061790445e-25
ism_continuous_jumps,dg_1d,sync,10 GHz,1.000000000000e+10,6.622967617148e+05,2.576560891328e-25
ism_continuous_jumps,dg_1d,sync,10 GHz,1.000000000000e+10,8.040131611168e+05,2.520379121299e-25
ism_continuous_jumps,dg_1d,sync,10 GHz,1.000000000000e+10,9.760536373079e+05,2.414258717092e-25
ism_continuous_jumps,dg_1d,sync,10 GHz,1.000000000000e+10,1.184906851001e+06,2.286929617764e-25
ism_continuous_jumps,dg_1d,sync,10 GHz,1.000000000000e+10,1.438449888288e+06,2.145704521012e-25
ism_continuous_jumps,dg_1d,sync,10 GHz,1.000000000000e+10,1.746245352002e+06,2.021369101337e-25
ism_continuous_jumps,dg_1d,sync,10 GHz,1.000000000000e+10,2.119902023850e+06,1.827398434879e-25
ism_continuous_jumps,dg_1d,sync,10 GHz,1.000000000000e+10,2.573512700017e+06,1.614522121633e-25
ism_continuous_jumps,dg_1d,sync,10 GHz,1.000000000000e+10,3.124185713603e+06,1.388672475426e-25
ism_continuous_jumps,dg_1d,sync,10 GHz,1.000000000000e+10,3.792690190732e+06,1.155578686234e-25
ism_continuous_jumps,dg_1d,sync,10 GHz,1.000000000000e+10,4.604239376759e+06,9.326845534233e-26
ism_continuous_jumps,dg_1d,sync,10 GHz,1.000000000000e+10,5.589441576403e+06,7.356508032664e-26
ism_continuous_jumps,dg_1d,sync,10 GHz,1.000000000000e+10,6.785454573394e+06,5.691707258097e-26
ism_continuous_jumps,dg_1d,sync,10 GHz,1.000000000000e+10,8.237387069571e+06,4.351229292504e-26
ism_continuous_jumps,dg_1d,sync,10 GHz,1.000000000000e+10,1.000000000000e+07,3.294881048907e-26
ism_continuous_jumps,dg_1d,sync,R band,4.560000000000e+14,1.000000000000e-01,2.427613117839e-30
ism_continuous_jumps,dg_1d,sync,R band,4.560000000000e+14,1.213977189070e-01,3.763300316103e-30
ism_continuous_jumps,dg_1d,sync,R band,4.560000000000e+14,1.473740615582e-01,6.007602619331e-30
ism_continuous_jumps,dg_1d,sync,R band,4.560000000000e+14,1.789087489923e-01,9.863397126954e-30
ism_continuous_jumps,dg_1d,sync,R band,4.560000000000e+14,2.171911402017e-01,1.648143995175e-29
ism_continuous_jumps,dg_1d,sync,R band,4.560000000000e+14,2.636650898730e-01,2.793130968835e-29
ism_continuous_jumps,dg_1d,sync,R band,4.560000000000e+14,3.200834046600e-01,4.804946282054e-29
ism_continuous_jumps,dg_1d,sync,R band,4.560000000000e+14,3.885739518571e-01,8.381324097696e-29
ism_continuous_jumps,dg_1d,sync,R band,4.560000000000e+14,4.717199138213e-01,1.479694148578e-28
ism_continuous_jumps,dg_1d,sync,R band,4.560000000000e+14,5.726572150092e-01,2.643534752359e-28
ism_continuous_jumps,dg_1d,sync,R band,4.560000000000e+14,6.951927961776e-01,4.752144631895e-28
ism_continuous_jumps,dg_1d,sync,R band,4.560000000000e+14,8.439481965654e-01,8.577087004238e-28
ism_continuous_jumps,dg_1d,sync,R band,4.560000000000e+14,1.024533859387e+00,1.546834839529e-27
ism_continuous_jumps,dg_1d,sync,R band,4.560000000000e+14,1.243760734726e+00,2.782491955443e-27
ism_continuous_jumps,dg_1d,sync,R band,4.560000000000e+14,1.509897160618e+00,4.955166191087e-27
ism_continuous_jumps,dg_1d,sync,R band,4.560000000000e+14,1.832980710832e+00,8.687618226925e-27
ism_continuous_jumps,dg_1d,sync,R band,4.560000000000e+14,2.225196770956e+00,1.489629500442e-26
ism_continuous_jumps,dg_1d,sync,R band,4.560000000000e+14,2.701338121133e+00,2.445864365086e-26
ism_continuous_jumps,dg_1d,sync,R band,4.560000000000e+14,3.279362859021e+00,3.831369161714e-26
ism_continuous_jumps,dg_1d,sync,R band,4.560000000000e+14,3.981071705535e+00,5.675152614262e-26
ism_continuous_jumps,dg_1d,sync,R band,4.560000000000e+14,4.832930238572e+00,7.951352209102e-26
ism_continuous_jumps,dg_1d,sync,R band,4.560000000000e+14,5.867067065993e+00,1.061961112403e-25
ism_continuous_jumps,dg_1d,sync,R band,4.560000000000e+14,7.122485584860e+00,1.360568763451e-25
ism_continuous_jumps,dg_1d,sync,R band,4.560000000000e+14,8.646535029500e+00,1.607602777141e-25
ism_continuous_jumps,dg_1d,sync,R band,4.560000000000e+14,1.049669629031e+01,1.892471755158e-25
ism_continuous_jumps,dg_1d,sync,R band,4.560000000000e+14,1.274274985703e+01,2.422186624544e-25
ism_continuous_jumps,dg_1d,sync,R band,4.560000000000e+14,1.546940765246e+01,2.969196866448e-25
ism_continuous_jumps,dg_1d,sync,R band,4.560000000000e+14,1.877950801851e+01,3.472700422604e-25
ism_continuous_jumps,dg_1d,sync,R band,4.560000000000e+14,2.279789435644e+01,4.059371751302e-25
ism_continuous_jumps,dg_1d,sync,R band,4.560000000000e+14,2.767612370754e+01,4.697744540285e-25
ism_continuous_jumps,dg_1d,sync,R band,4.560000000000e+14,3.359818286284e+01,5.385681861556e-25
ism_continuous_jumps,dg_1d,sync,R band,4.560000000000e+14,4.078742758969e+01,6.143930615446e-25
ism_continuous_jumps,dg_1d,sync,R band,4.560000000000e+14,4.951500669473e+01,6.894099860761e-25
ism_continuous_jumps,dg_1d,sync,R band,4.560000000000e+14,6.011008864406e+01,7.590201178633e-25
ism_continuous_jumps,dg_1d,sync,R band,4.560000000000e+14,7.297227644686e+01,8.378764620714e-25
ism_continuous_jumps,dg_1d,sync,R band,4.560000000000e+14,8.858667904101e+01,9.074459917582e-25
ism_continuous_jumps,dg_1d,sync,R band,4.560000000000e+14,1.075422076113e+02,9.827986321225e-25
ism_continuous_jumps,dg_1d,sync,R band,4.560000000000e+14,1.305537869023e+02,1.051914756668e-24
ism_continuous_jumps,dg_1d,sync,R band,4.560000000000e+14,1.584893192461e+02,1.120629104807e-24
ism_continuous_jumps,dg_1d,sync,R band,4.560000000000e+14,1.924024182760e+02,1.192442956215e-24
ism_continuous_jumps,dg_1d,sync,R band,4.560000000000e+14,2.335721469090e+02,1.269352943098e-24
ism_continuous_jumps,dg_1d,sync,R band,4.560000000000e+14,2.835512583497e+02,1.336002282844e-24
ism_continuous_jumps,dg_1d,sync,R band,4.560000000000e+14,3.442247595686e+02,1.415806699407e-24
ism_continuous_jumps,dg_1d,sync,R band,4.560000000000e+14,4.178810060294e+02,1.501492882944e-24
ism_continuous_jumps,dg_1d,sync,R band,4.560000000000e+14,5.072980090654e+02,1.579935551037e-24
ism_continuous_jumps,dg_1d,sync,R band,4.560000000000e+14,6.158482110660e+02,1.657283269325e-24
ism_continuous_jumps,dg_1d,sync,R band,4.560000000000e+14,7.476256801638e+02,1.757562163247e-24
ism_continuous_jumps,dg_1d,sync,R band,4.560000000000e+14,9.076005216818e+02,1.865623863556e-24
ism_continuous_jumps,dg_1d,sync,R band,4.560000000000e+14,1.101806330110e+03,1.969636896993e-24
ism_continuous_jumps,dg_1d,sync,R band,4.560000000000e+14,1.337567751526e+03,2.070294438224e-24
ism_continuous_jumps,dg_1d,sync,R band,4.560000000000e+14,1.623776739189e+03,2.167843294604e-24
ism_continuous_jumps,dg_1d,sync,R band,4.560000000000e+14,1.971227921518e+03,2.280262537048e-24
ism_continuous_jumps,dg_1d,sync,R band,4.560000000000e+14,2.393025731180e+03,2.391794738603e-24
ism_continuous_jumps,dg_1d,sync,R band,4.560000000000e+14,2.905078650511e+03,2.486490653389e-24
ism_continuous_jumps,dg_1d,sync,R band,4.560000000000e+14,3.526699214175e+03,2.556434101402e-24
ism_continuous_jumps,dg_1d,sync,R band,4.560000000000e+14,4.281332398719e+03,2.598310609455e-24
ism_continuous_jumps,dg_1d,sync,R band,4.560000000000e+14,5.197439870872e+03,2.609960449542e-24
ism_continuous_jumps,dg_1d,sync,R band,4.560000000000e+14,6.309573444802e+03,2.587296280027e-24
ism_continuous_jumps,dg_1d,sync,R band,4.560000000000e+14,7.659678234752e+03,2.537544785848e-24
ism_continuous_jumps,dg_1d,sync,R band,4.560000000000e+14,9.298674652605e+03,2.446143095382e-24
ism_continuous_jumps,dg_1d,sync,R band,4.560000000000e+14,1.128837891685e+04,2.302788514261e-24
ism_continuous_jumps,dg_1d,sync,R band,4.560000000000e+14,1.370383450663e+04,2.112094063975e-24
ism_continuous_jumps,dg_1d,sync,R band,4.560000000000e+14,1.663614249384e+04,1.891611573228e-24
ism_continuous_jumps,dg_1d,sync,R band,4.560000000000e+14,2.019589750164e+04,1.660058496713e-24
ism_continuous_jumps,dg_1d,sync,R band,4.560000000000e+14,2.451735887979e+04,1.420608389971e-24
ism_continuous_jumps,dg_1d,sync,R band,4.560000000000e+14,2.976351441631e+04,1.168907683180e-24
ism_continuous_jumps,dg_1d,sync,R band,4.560000000000e+14,3.613222756796e+04,9.137774001663e-25
ism_continuous_jumps,dg_1d,sync,R band,4.560000000000e+14,4.386370005780e+04,6.419406873425e-25
ism_continuous_jumps,dg_1d,sync,R band,4.560000000000e+14,5.324953129838e+04,3.767861644717e-25
ism_continuous_jumps,dg_1d,sync,R band,4.560000000000e+14,6.464371632490e+04,2.641245107852e-25
ism_continuous_jumps,dg_1d,sync,R band,4.560000000000e+14,7.847599703515e+04,1.896977067785e-25
ism_continuous_jumps,dg_1d,sync,R band,4.560000000000e+14,9.526807029020e+04,1.326273315084e-25
ism_continuous_jumps,dg_1d,sync,R band,4.560000000000e+14,1.156532641790e+05,9.089003106226e-26
ism_continuous_jumps,dg_1d,sync,R band,4.560000000000e+14,1.404004245548e+05,6.156680044310e-26
ism_continuous_jumps,dg_1d,sync,R band,4.560000000000e+14,1.704429127453e+05,4.148825620717e-26
ism_continuous_jumps,dg_1d,sync,R band,4.560000000000e+14,2.069138081115e+05,2.791726566662e-26
ism_continuous_jumps,dg_1d,sync,R band,4.560000000000e+14,2.511886431510e+05,1.880365541905e-26
ism_continuous_jumps,dg_1d,sync,R band,4.560000000000e+14,3.049372829387e+05,1.270484185938e-26
ism_continuous_jumps,dg_1d,sync,R band,4.560000000000e+14,3.701869055846e+05,8.625501172486e-27
ism_continuous_jumps,dg_1d,sync,R band,4.560000000000e+14,4.493984590722e+05,5.870157367465e-27
ism_continuous_jumps,dg_1d,sync,R band,4.560000000000e+14,5.455594781169e+05,4.015995859981e-27
ism_continuous_jumps,dg_1d,sync,R band,4.560000000000e+14,6.622967617148e+05,2.762926055427e-27
ism_continuous_jumps,dg_1d,sync,R band,4.560000000000e+14,8.040131611168e+05,1.906759683950e-27
ism_continuous_jumps,dg_1d,sync,R band,4.560000000000e+14,9.760536373079e+05,1.321632566781e-27
ism_continuous_jumps,dg_1d,sync,R band,4.560000000000e+14,1.184906851001e+06,9.200678341300e-28
ism_continuous_jumps,dg_1d,sync,R band,4.560000000000e+14,1.438449888288e+06,6.438333755718e-28
ism_continuous_jumps,dg_1d,sync,R band,4.560000000000e+14,1.746245352002e+06,4.517087865323e-28
ism_continuous_jumps,dg_1d,sync,R band,4.560000000000e+14,2.119902023850e+06,3.175978787842e-28
ism_continuous_jumps,dg_1d,sync,R band,4.560000000000e+14,2.573512700017e+06,2.238694447784e-28
ism_continuous_jumps,dg_1d,sync,R band,4.560000000000e+14,3.124185713603e+06,1.585992552328e-28
ism_continuous_jumps,dg_1d,sync,R band,4.560000000000e+14,3.792690190732e+06,1.129061392552e-28
ism_continuous_jumps,dg_1d,sync,R band,4.560000000000e+14,4.604239376759e+06,8.093074020327e-29
ism_continuous_jumps,dg_1d,sync,R band,4.560000000000e+14,5.589441576403e+06,5.822054118360e-29
ism_continuous_jumps,dg_1d,sync,R band,4.560000000000e+14,6.785454573394e+06,4.192217919464e-29
ism_continuous_jumps,dg_1d,sync,R band,4.560000000000e+14,8.237387069571e+06,3.027340201545e-29
ism_continuous_jumps,dg_1d,sync,R band,4.560000000000e+14,1.000000000000e+07,2.190492048085e-29
ism_continuous_jumps,dg_1d,sync,1 keV,2.417989242000e+17,1.000000000000e-01,1.909094265805e-29
ism_continuous_jumps,dg_1d,sync,1 keV,2.417989242000e+17,1.213977189070e-01,2.959634504815e-29
ism_continuous_jumps,dg_1d,sync,1 keV,2.417989242000e+17,1.473740615582e-01,4.724796321633e-29
ism_continuous_jumps,dg_1d,sync,1 keV,2.417989242000e+17,1.789087489923e-01,7.758539209052e-29
ism_continuous_jumps,dg_1d,sync,1 keV,2.417989242000e+17,2.171911402017e-01,1.296693727375e-28
ism_continuous_jumps,dg_1d,sync,1 keV,2.417989242000e+17,2.636650898730e-01,2.197931461597e-28
ism_continuous_jumps,dg_1d,sync,1 keV,2.417989242000e+17,3.200834046600e-01,3.781584401986e-28
ism_continuous_jumps,dg_1d,sync,1 keV,2.417989242000e+17,3.885739518571e-01,6.595960731284e-28
ism_continuous_jumps,dg_1d,sync,1 keV,2.417989242000e+17,4.717199138213e-01,1.164195979960e-27
ism_continuous_jumps,dg_1d,sync,1 keV,2.417989242000e+17,5.726572150092e-01,2.078720437564e-27
ism_continuous_jumps,dg_1d,sync,1 keV,2.417989242000e+17,6.951927961776e-01,3.733034645722e-27
ism_continuous_jumps,dg_1d,sync,1 keV,2.417989242000e+17,8.439481965654e-01,6.727429621233e-27
ism_continuous_jumps,dg_1d,sync,1 keV,2.417989242000e+17,1.024533859387e+00,1.210601065663e-26
ism_continuous_jumps,dg_1d,sync,1 keV,2.417989242000e+17,1.243760734726e+00,2.171170280252e-26
ism_continuous_jumps,dg_1d,sync,1 keV,2.417989242000e+17,1.509897160618e+00,3.850936570549e-26
ism_continuous_jumps,dg_1d,sync,1 keV,2.417989242000e+17,1.832980710832e+00,6.715095085300e-26
ism_continuous_jumps,dg_1d,sync,1 keV,2.417989242000e+17,2.225196770956e+00,1.142850081362e-25
ism_continuous_jumps,dg_1d,sync,1 keV,2.417989242000e+17,2.701338121133e+00,1.858184534531e-25
ism_continuous_jumps,dg_1d,sync,1 keV,2.417989242000e+17,3.279362859021e+00,2.873433654156e-25
ism_continuous_jumps,dg_1d,sync,1 keV,2.417989242000e+17,3.981071705535e+00,4.188975359147e-25
ism_continuous_jumps,dg_1d,sync,1 keV,2.417989242000e+17,4.832930238572e+00,5.755343538901e-25
ism_continuous_jumps,dg_1d,sync,1 keV,2.417989242000e+17,5.867067065993e+00,7.513327829101e-25
ism_continuous_jumps,dg_1d,sync,1 keV,2.417989242000e+17,7.122485584860e+00,9.381559397580e-25
ism_continuous_jumps,dg_1d,sync,1 keV,2.417989242000e+17,8.646535029500e+00,1.076031866315e-24
ism_continuous_jumps,dg_1d,sync,1 keV,2.417989242000e+17,1.049669629031e+01,1.242307157825e-24
ism_continuous_jumps,dg_1d,sync,1 keV,2.417989242000e+17,1.274274985703e+01,1.557647551976e-24
ism_continuous_jumps,dg_1d,sync,1 keV,2.417989242000e+17,1.546940765246e+01,1.829476338612e-24
ism_continuous_jumps,dg_1d,sync,1 keV,2.417989242000e+17,1.877950801851e+01,2.024947646243e-24
ism_continuous_jumps,dg_1d,sync,1 keV,2.417989242000e+17,2.279789435644e+01,2.230639841212e-24
ism_continuous_jumps,dg_1d,sync,1 keV,2.417989242000e+17,2.767612370754e+01,2.411974728748e-24
ism_continuous_jumps,dg_1d,sync,1 keV,2.417989242000e+17,3.359818286284e+01,2.558621879762e-24
ism_continuous_jumps,dg_1d,sync,1 keV,2.417989242000e+17,4.078742758969e+01,2.690780493555e-24
ism_continuous_jumps,dg_1d,sync,1 keV,2.417989242000e+17,4.951500669473e+01,2.753202357480e-24
ism_continuous_jumps,dg_1d,sync,1 keV,2.417989242000e+17,6.011008864406e+01,2.734978020883e-24
ism_continuous_jumps,dg_1d,sync,1 keV,2.417989242000e+17,7.297227644686e+01,2.733520301460e-24
ism_continuous_jumps,dg_1d,sync,1 keV,2.417989242000e+17,8.858667904101e+01,2.596154499340e-24
ism_continuous_jumps,dg_1d,sync,1 keV,2.417989242000e+17,1.075422076113e+02,2.474390068855e-24
ism_continuous_jumps,dg_1d,sync,1 keV,2.417989242000e+17,1.305537869023e+02,2.277568080419e-24
ism_continuous_jumps,dg_1d,sync,1 keV,2.417989242000e+17,1.584893192461e+02,2.056541598188e-24
ism_continuous_jumps,dg_1d,sync,1 keV,2.417989242000e+17,1.924024182760e+02,1.834438892289e-24
ism_continuous_jumps,dg_1d,sync,1 keV,2.417989242000e+17,2.335721469090e+02,1.591489606332e-24
ism_continuous_jumps,dg_1d,sync,1 keV,2.417989242000e+17,2.835512583497e+02,1.336100656247e-24
ism_continuous_jumps,dg_1d,sync,1 keV,2.417989242000e+17,3.442247595686e+02,1.124049554183e-24
ism_continuous_jumps,dg_1d,sync,1 keV,2.417989242000e+17,4.178810060294e+02,9.482472945999e-25
ism_continuous_jumps,dg_1d,sync,1 keV,2.417989242000e+17,5.072980090654e+02,7.892155610339e-25
ism_continuous_jumps,dg_1d,sync,1 keV,2.417989242000e+17,6.158482110660e+02,6.483885563526e-25
ism_continuous_jumps,dg_1d,sync,1 keV,2.417989242000e+17,7.476256801638e+02,5.312800081608e-25
ism_continuous_jumps,dg_1d,sync,1 keV,2.417989242000e+17,9.076005216818e+02,4.340841566552e-25
ism_continuous_jumps,dg_1d,sync,1 keV,2.417989242000e+17,1.101806330110e+03,3.519710710606e-25
ism_continuous_jumps,dg_1d,sync,1 keV,2.417989242000e+17,1.337567751526e+03,2.862109851067e-25
ism_continuous_jumps,dg_1d,sync,1 keV,2.417989242000e+17,1.623776739189e+03,2.319578324350e-25
ism_continuous_jumps,dg_1d,sync,1 keV,2.417989242000e+17,1.971227921518e+03,1.876335306523e-25
ism_continuous_jumps,dg_1d,sync,1 keV,2.417989242000e+17,2.393025731180e+03,1.520612842649e-25
ism_continuous_jumps,dg_1d,sync,1 keV,2.417989242000e+17,2.905078650511e+03,1.228683624270e-25
ism_continuous_jumps,dg_1d,sync,1 keV,2.417989242000e+17,3.526699214175e+03,9.910882931215e-26
ism_continuous_jumps,dg_1d,sync,1 keV,2.417989242000e+17,4.281332398719e+03,7.982741633457e-26
ism_continuous_jumps,dg_1d,sync,1 keV,2.417989242000e+17,5.197439870872e+03,6.411539560310e-26
ism_continuous_jumps,dg_1d,sync,1 keV,2.417989242000e+17,6.309573444802e+03,5.150763701416e-26
ism_continuous_jumps,dg_1d,sync,1 keV,2.417989242000e+17,7.659678234752e+03,4.162818643825e-26
ism_continuous_jumps,dg_1d,sync,1 keV,2.417989242000e+17,9.298674652605e+03,3.367428315858e-26
ism_continuous_jumps,dg_1d,sync,1 keV,2.417989242000e+17,1.128837891685e+04,2.707390285838e-26
ism_continuous_jumps,dg_1d,sync,1 keV,2.417989242000e+17,1.370383450663e+04,2.151747351496e-26
ism_continuous_jumps,dg_1d,sync,1 keV,2.417989242000e+17,1.663614249384e+04,1.693474548493e-26
ism_continuous_jumps,dg_1d,sync,1 keV,2.417989242000e+17,2.019589750164e+04,1.311463615265e-26
ism_continuous_jumps,dg_1d,sync,1 keV,2.417989242000e+17,2.451735887979e+04,9.957805572574e-27
ism_continuous_jumps,dg_1d,sync,1 keV,2.417989242000e+17,2.976351441631e+04,7.357805416825e-27
ism_continuous_jumps,dg_1d,sync,1 keV,2.417989242000e+17,3.613222756796e+04,5.249528224678e-27
ism_continuous_jumps,dg_1d,sync,1 keV,2.417989242000e+17,4.386370005780e+04,3.309686508675e-27
ism_continuous_jumps,dg_1d,sync,1 keV,2.417989242000e+17,5.324953129838e+04,1.679713584093e-27
ism_continuous_jumps,dg_1d,sync,1 keV,2.417989242000e+17,6.464371632490e+04,1.162909691831e-27
ism_continuous_jumps,dg_1d,sync,1 keV,2.417989242000e+17,7.847599703515e+04,8.534925358699e-28
ism_continuous_jumps,dg_1d,sync,1 keV,2.417989242000e+17,9.526807029020e+04,6.118000074859e-28
ism_continuous_jumps,dg_1d,sync,1 keV,2.417989242000e+17,1.156532641790e+05,4.264870524701e-28
ism_continuous_jumps,dg_1d,sync,1 keV,2.417989242000e+17,1.404004245548e+05,2.907459684359e-28
ism_continuous_jumps,dg_1d,sync,1 keV,2.417989242000e+17,1.704429127453e+05,1.951741199753e-28
ism_continuous_jumps,dg_1d,sync,1 keV,2.417989242000e+17,2.069138081115e+05,1.296385001772e-28
ism_continuous_jumps,dg_1d,sync,1 keV,2.417989242000e+17,2.511886431510e+05,8.563604391383e-29
ism_continuous_jumps,dg_1d,sync,1 keV,2.417989242000e+17,3.049372829387e+05,5.656484124809e-29
ism_continuous_jumps,dg_1d,sync,1 keV,2.417989242000e+17,3.701869055846e+05,3.752186657714e-29
ism_continuous_jumps,dg_1d,sync,1 keV,2.417989242000e+17,4.493984590722e+05,2.489807948901e-29
ism_continuous_jumps,dg_1d,sync,1 keV,2.417989242000e+17,5.455594781169e+05,1.658550633293e-29
ism_continuous_jumps,dg_1d,sync,1 keV,2.417989242000e+17,6.622967617148e+05,1.107709386527e-29
ism_continuous_jumps,dg_1d,sync,1 keV,2.417989242000e+17,8.040131611168e+05,7.403970062494e-30
ism_continuous_jumps,dg_1d,sync,1 keV,2.417989242000e+17,9.760536373079e+05,4.971247583685e-30
ism_continuous_jumps,dg_1d,sync,1 keV,2.417989242000e+17,1.184906851001e+06,3.344364315548e-30
ism_continuous_jumps,dg_1d,sync,1 keV,2.417989242000e+17,1.438449888288e+06,2.266921188569e-30
ism_continuous_jumps,dg_1d,sync,1 keV,2.417989242000e+17,1.746245352002e+06,1.542689293145e-30
ism_continuous_jumps,dg_1d,sync,1 keV,2.417989242000e+17,2.119902023850e+06,1.051825738851e-30
ism_continuous_jumps,dg_1d,sync,1 keV,2.417989242000e+17,2.573512700017e+06,7.189926134752e-31
ism_continuous_jumps,dg_1d,sync,1 keV,2.417989242000e+17,3.124185713603e+06,4.956236891671e-31
ism_continuous_jumps,dg_1d,sync,1 keV,2.417989242000e+17,3.792690190732e+06,3.410293371240e-31
ism_continuous_jumps,dg_1d,sync,1 keV,2.417989242000e+17,4.604239376759e+06,2.364988546357e-31
ism_continuous_jumps,dg_1d,sync,1 keV,2.417989242000e+17,5.589441576403e+06,1.651844825986e-31
ism_continuous_jumps,dg_1d,sync,1 keV,2.417989242000e+17,6.785454573394e+06,1.148369822140e-31
ism_continuous_jumps,dg_1d,sync,1 keV,2.417989242000e+17,8.237387069571e+06,8.044961735370e-32
ism_continuous_jumps,dg_1d,sync,1 keV,2.417989242000e+17,1.000000000000e+07,5.629060941643e-32
ism_continuous_jumps,dg_1d,sync,100 MeV,2.417989242000e+22,1.000000000000e-01,9.038186372855e-31
ism_continuous_jumps,dg_1d,sync,100 MeV,2.417989242000e+22,1.213977189070e-01,1.368988251291e-30
ism_continuous_jumps,dg_1d,sync,100 MeV,2.417989242000e+22,1.473740615582e-01,2.081064731004e-30
ism_continuous_jumps,dg_1d,sync,100 MeV,2.417989242000e+22,1.789087489923e-01,3.173846629525e-30
ism_continuous_jumps,dg_1d,sync,100 MeV,2.417989242000e+22,2.171911402017e-01,4.859627149730e-30
ism_continuous_jumps,dg_1d,sync,100 MeV,2.417989242000e+22,2.636650898730e-01,7.435814256353e-30
ism_continuous_jumps,dg_1d,sync,100 MeV,2.417989242000e+22,3.200834046600e-01,1.124378085293e-29
ism_continuous_jumps,dg_1d,sync,100 MeV,2.417989242000e+22,3.885739518571e-01,1.709968312327e-29
ism_continuous_jumps,dg_1d,sync,100 MeV,2.417989242000e+22,4.717199138213e-01,2.585331391977e-29
ism_continuous_jumps,dg_1d,sync,100 MeV,2.417989242000e+22,5.726572150092e-01,3.888067283267e-29
ism_continuous_jumps,dg_1d,sync,100 MeV,2.417989242000e+22,6.951927961776e-01,5.842211913875e-29
ism_continuous_jumps,dg_1d,sync,100 MeV,2.417989242000e+22,8.439481965654e-01,8.665125845280e-29
ism_continuous_jumps,dg_1d,sync,100 MeV,2.417989242000e+22,1.024533859387e+00,1.276499012905e-28
ism_continuous_jumps,dg_1d,sync,100 MeV,2.417989242000e+22,1.243760734726e+00,1.831876291767e-28
ism_continuous_jumps,dg_1d,sync,100 MeV,2.417989242000e+22,1.509897160618e+00,2.578050222748e-28
ism_continuous_jumps,dg_1d,sync,100 MeV,2.417989242000e+22,1.832980710832e+00,3.508064982496e-28
ism_continuous_jumps,dg_1d,sync,100 MeV,2.417989242000e+22,2.225196770956e+00,4.494728148913e-28
ism_continuous_jumps,dg_1d,sync,100 MeV,2.417989242000e+22,2.701338121133e+00,5.398310792598e-28
ism_continuous_jumps,dg_1d,sync,100 MeV,2.417989242000e+22,3.279362859021e+00,6.029066124117e-28
ism_continuous_jumps,dg_1d,sync,100 MeV,2.417989242000e+22,3.981071705535e+00,6.264730634846e-28
ism_continuous_jumps,dg_1d,sync,100 MeV,2.417989242000e+22,4.832930238572e+00,6.123313949346e-28
ism_continuous_jumps,dg_1d,sync,100 MeV,2.417989242000e+22,5.867067065993e+00,5.659695432281e-28
ism_continuous_jumps,dg_1d,sync,100 MeV,2.417989242000e+22,7.122485584860e+00,5.022131758745e-28
ism_continuous_jumps,dg_1d,sync,100 MeV,2.417989242000e+22,8.646535029500e+00,4.142216604646e-28
ism_continuous_jumps,dg_1d,sync,100 MeV,2.417989242000e+22,1.049669629031e+01,3.475307239914e-28
ism_continuous_jumps,dg_1d,sync,100 MeV,2.417989242000e+22,1.274274985703e+01,3.023989887658e-28
ism_continuous_jumps,dg_1d,sync,100 MeV,2.417989242000e+22,1.546940765246e+01,2.449063938285e-28
ism_continuous_jumps,dg_1d,sync,100 MeV,2.417989242000e+22,1.877950801851e+01,2.001905280030e-28
ism_continuous_jumps,dg_1d,sync,100 MeV,2.417989242000e+22,2.279789435644e+01,1.635918373698e-28
ism_continuous_jumps,dg_1d,sync,100 MeV,2.417989242000e+22,2.767612370754e+01,1.315027776309e-28
ism_continuous_jumps,dg_1d,sync,100 MeV,2.417989242000e+22,3.359818286284e+01,1.023587612007e-28
ism_continuous_jumps,dg_1d,sync,100 MeV,2.417989242000e+22,4.078742758969e+01,7.742157987119e-29
ism_continuous_jumps,dg_1d,sync,100 MeV,2.417989242000e+22,4.951500669473e+01,5.407524996121e-29
ism_continuous_jumps,dg_1d,sync,100 MeV,2.417989242000e+22,6.011008864406e+01,4.493704453116e-29
ism_continuous_jumps,dg_1d,sync,100 MeV,2.417989242000e+22,7.297227644686e+01,4.542306815832e-29
ism_continuous_jumps,dg_1d,sync,100 MeV,2.417989242000e+22,8.858667904101e+01,2.851184579426e-29
ism_continuous_jumps,dg_1d,sync,100 MeV,2.417989242000e+22,1.075422076113e+02,2.703322121521e-29
ism_continuous_jumps,dg_1d,sync,100 MeV,2.417989242000e+22,1.305537869023e+02,2.095812195682e-29
ism_continuous_jumps,dg_1d,sync,100 MeV,2.417989242000e+22,1.584893192461e+02,1.611245484669e-29
ism_continuous_jumps,dg_1d,sync,100 MeV,2.417989242000e+22,1.924024182760e+02,1.297559423002e-29
ism_continuous_jumps,dg_1d,sync,100 MeV,2.417989242000e+22,2.335721469090e+02,1.002975906655e-29
ism_continuous_jumps,dg_1d,sync,100 MeV,2.417989242000e+22,2.835512583497e+02,7.631432033268e-30
ism_continuous_jumps,dg_1d,sync,100 MeV,2.417989242000e+22,3.442247595686e+02,6.012248404992e-30
ism_continuous_jumps,dg_1d,sync,100 MeV,2.417989242000e+22,4.178810060294e+02,4.813438366985e-30
ism_continuous_jumps,dg_1d,sync,100 MeV,2.417989242000e+22,5.072980090654e+02,3.821742896686e-30
ism_continuous_jumps,dg_1d,sync,100 MeV,2.417989242000e+22,6.158482110660e+02,2.992906735675e-30
ism_continuous_jumps,dg_1d,sync,100 MeV,2.417989242000e+22,7.476256801638e+02,2.349372856976e-30
ism_continuous_jumps,dg_1d,sync,100 MeV,2.417989242000e+22,9.076005216818e+02,1.843889814149e-30
ism_continuous_jumps,dg_1d,sync,100 MeV,2.417989242000e+22,1.101806330110e+03,1.436109123994e-30
ism_continuous_jumps,dg_1d,sync,100 MeV,2.417989242000e+22,1.337567751526e+03,1.124164939883e-30
ism_continuous_jumps,dg_1d,sync,100 MeV,2.417989242000e+22,1.623776739189e+03,8.766873255578e-31
ism_continuous_jumps,dg_1d,sync,100 MeV,2.417989242000e+22,1.971227921518e+03,6.830083216592e-31
ism_continuous_jumps,dg_1d,sync,100 MeV,2.417989242000e+22,2.393025731180e+03,5.338460131902e-31
ism_continuous_jumps,dg_1d,sync,100 MeV,2.417989242000e+22,2.905078650511e+03,4.162332419296e-31
ism_continuous_jumps,dg_1d,sync,100 MeV,2.417989242000e+22,3.526699214175e+03,3.243731230066e-31
ism_continuous_jumps,dg_1d,sync,100 MeV,2.417989242000e+22,4.281332398719e+03,2.528731093272e-31
ism_continuous_jumps,dg_1d,sync,100 MeV,2.417989242000e+22,5.197439870872e+03,1.967541934260e-31
ism_continuous_jumps,dg_1d,sync,100 MeV,2.417989242000e+22,6.309573444802e+03,1.531519606062e-31
ism_continuous_jumps,dg_1d,sync,100 MeV,2.417989242000e+22,7.659678234752e+03,1.195785562881e-31
ism_continuous_jumps,dg_1d,sync,100 MeV,2.417989242000e+22,9.298674652605e+03,9.299170226516e-32
ism_continuous_jumps,dg_1d,sync,100 MeV,2.417989242000e+22,1.128837891685e+04,7.174675555093e-32
ism_continuous_jumps,dg_1d,sync,100 MeV,2.417989242000e+22,1.370383450663e+04,5.478495287042e-32
ism_continuous_jumps,dg_1d,sync,100 MeV,2.417989242000e+22,1.663614249384e+04,4.151386505770e-32
ism_continuous_jumps,dg_1d,sync,100 MeV,2.417989242000e+22,2.019589750164e+04,3.106438277242e-32
ism_continuous_jumps,dg_1d,sync,100 MeV,2.417989242000e+22,2.451735887979e+04,2.288709567305e-32
ism_continuous_jumps,dg_1d,sync,100 MeV,2.417989242000e+22,2.976351441631e+04,1.644965885749e-32
ism_continuous_jumps,dg_1d,sync,100 MeV,2.417989242000e+22,3.613222756796e+04,1.140312479646e-32
ism_continuous_jumps,dg_1d,sync,100 MeV,2.417989242000e+22,4.386370005780e+04,6.968782890513e-33
ism_continuous_jumps,dg_1d,sync,100 MeV,2.417989242000e+22,5.324953129838e+04,3.740206579742e-33
ism_continuous_jumps,dg_1d,sync,100 MeV,2.417989242000e+22,6.464371632490e+04,2.698011818998e-33
ism_continuous_jumps,dg_1d,sync,100 MeV,2.417989242000e+22,7.847599703515e+04,1.973229611168e-33
ism_continuous_jumps,dg_1d,sync,100 MeV,2.417989242000e+22,9.526807029020e+04,1.382440866541e-33
ism_continuous_jumps,dg_1d,sync,100 MeV,2.417989242000e+22,1.156532641790e+05,9.338943399185e-34
ism_continuous_jumps,dg_1d,sync,100 MeV,2.417989242000e+22,1.404004245548e+05,6.181500408010e-34
ism_continuous_jumps,dg_1d,sync,100 MeV,2.417989242000e+22,1.704429127453e+05,4.028636872273e-34
ism_continuous_jumps,dg_1d,sync,100 MeV,2.417989242000e+22,2.069138081115e+05,2.594240262509e-34
ism_continuous_jumps,dg_1d,sync,100 MeV,2.417989242000e+22,2.511886431510e+05,1.664983307772e-34
ism_continuous_jumps,dg_1d,sync,100 MeV,2.417989242000e+22,3.049372829387e+05,1.072078028756e-34
ism_continuous_jumps,dg_1d,sync,100 MeV,2.417989242000e+22,3.701869055846e+05,6.952113168127e-35
ism_continuous_jumps,dg_1d,sync,100 MeV,2.417989242000e+22,4.493984590722e+05,4.487232116478e-35
ism_continuous_jumps,dg_1d,sync,100 MeV,2.417989242000e+22,5.455594781169e+05,2.922743714786e-35
ism_continuous_jumps,dg_1d,sync,100 MeV,2.417989242000e+22,6.622967617148e+05,1.895396545299e-35
ism_continuous_jumps,dg_1d,sync,100 MeV,2.417989242000e+22,8.040131611168e+05,1.234969479610e-35
ism_continuous_jumps,dg_1d,sync,100 MeV,2.417989242000e+22,9.760536373079e+05,8.090351893042e-36
ism_continuous_jumps,dg_1d,sync,100 MeV,2.417989242000e+22,1.184906851001e+06,5.293251290035e-36
ism_continuous_jumps,dg_1d,sync,100 MeV,2.417989242000e+22,1.438449888288e+06,3.514358540515e-36
ism_continuous_jumps,dg_1d,sync,100 MeV,2.417989242000e+22,1.746245352002e+06,2.337473093752e-36
ism_continuous_jumps,dg_1d,sync,100 MeV,2.417989242000e+22,2.119902023850e+06,1.557865718340e-36
ism_continuous_jumps,dg_1d,sync,100 MeV,2.417989242000e+22,2.573512700017e+06,1.038434120124e-36
ism_continuous_jumps,dg_1d,sync,100 MeV,2.417989242000e+22,3.124185713603e+06,7.008498816879e-37
ism_continuous_jumps,dg_1d,sync,100 MeV,2.417989242000e+22,3.792690190732e+06,4.658909820776e-37
ism_continuous_jumps,dg_1d,sync,100 MeV,2.417989242000e+22,4.604239376759e+06,3.164380659487e-37
ism_continuous_jumps,dg_1d,sync,100 MeV,2.417989242000e+22,5.589441576403e+06,2.166579527424e-37
ism_continuous_jumps,dg_1d,sync,100 MeV,2.417989242000e+22,6.785454573394e+06,1.464357525302e-37
ism_continuous_jumps,dg_1d,sync,100 MeV,2.417989242000e+22,8.237387069571e+06,1.009146740652e-37
ism_continuous_jumps,dg_1d,sync,100 MeV,2.417989242000e+22,1.000000000000e+07,6.882413956100e-38
ism_continuous_jumps,dg_1d,ssc,10 GHz,1.000000000000e+10,1.000000000000e-01,6.322175602852e-52
ism_continuous_jumps,dg_1d,ssc,10 GHz,1.000000000000e+10,1.213977189070e-01,1.123219034755e-51
ism_continuous_jumps,dg_1d,ssc,10 GHz,1.000000000000e+10,1.473740615582e-01,2.065513767474e-51
ism_continuous_jumps,dg_1d,ssc,10 GHz,1.000000000000e+10,1.789087489923e-01,3.986221346664e-51
ism_continuous_jumps,dg_1d,ssc,10 GHz,1.000000000000e+10,2.171911402017e-01,7.909833055497e-51
ism_continuous_jumps,dg_1d,ssc,10 GHz,1.000000000000e+10,2.636650898730e-01,1.616711725763e-50
ism_continuous_jumps,dg_1d,ssc,10 GHz,1.000000000000e+10,3.200834046600e-01,3.396285469703e-50
ism_continuous_jumps,dg_1d,ssc,10 GHz,1.000000000000e+10,3.885739518571e-01,7.371856300668e-50
ism_continuous_jumps,dg_1d,ssc,10 GHz,1.000000000000e+10,4.717199138213e-01,1.650106624156e-49
ism_continuous_jumps,dg_1d,ssc,10 GHz,1.000000000000e+10,5.726572150092e-01,3.816896100886e-49
ism_continuous_jumps,dg_1d,ssc,10 GHz,1.000000000000e+10,6.951927961776e-01,9.039139790532e-49
ism_continuous_jumps,dg_1d,ssc,10 GHz,1.000000000000e+10,8.439481965654e-01,2.180272971201e-48
ism_continuous_jumps,dg_1d,ssc,10 GHz,1.000000000000e+10,1.024533859387e+00,5.333027862724e-48
ism_continuous_jumps,dg_1d,ssc,10 GHz,1.000000000000e+10,1.243760734726e+00,1.316805002319e-47
ism_continuous_jumps,dg_1d,ssc,10 GHz,1.000000000000e+10,1.509897160618e+00,3.248835290427e-47
ism_continuous_jumps,dg_1d,ssc,10 GHz,1.000000000000e+10,1.832980710832e+00,7.974927728854e-47
ism_continuous_jumps,dg_1d,ssc,10 GHz,1.000000000000e+10,2.225196770956e+00,1.939672543899e-46
ism_continuous_jumps,dg_1d,ssc,10 GHz,1.000000000000e+10,2.701338121133e+00,4.466180960331e-46
ism_continuous_jumps,dg_1d,ssc,10 GHz,1.000000000000e+10,3.279362859021e+00,9.728276413633e-46
ism_continuous_jumps,dg_1d,ssc,10 GHz,1.000000000000e+10,3.981071705535e+00,1.945519407420e-45
ism_continuous_jumps,dg_1d,ssc,10 GHz,1.000000000000e+10,4.832930238572e+00,3.573326774562e-45
ism_continuous_jumps,dg_1d,ssc,10 GHz,1.000000000000e+10,5.867067065993e+00,6.124924773617e-45
ism_continuous_jumps,dg_1d,ssc,10 GHz,1.000000000000e+10,7.122485584860e+00,9.883104420665e-45
ism_continuous_jumps,dg_1d,ssc,10 GHz,1.000000000000e+10,8.646535029500e+00,1.512028670118e-44
ism_continuous_jumps,dg_1d,ssc,10 GHz,1.000000000000e+10,1.049669629031e+01,2.802608149010e-44
ism_continuous_jumps,dg_1d,ssc,10 GHz,1.000000000000e+10,1.274274985703e+01,5.334157323978e-44
ism_continuous_jumps,dg_1d,ssc,10 GHz,1.000000000000e+10,1.546940765246e+01,8.264483431696e-44
ism_continuous_jumps,dg_1d,ssc,10 GHz,1.000000000000e+10,1.877950801851e+01,1.140497874907e-43
ism_continuous_jumps,dg_1d,ssc,10 GHz,1.000000000000e+10,2.279789435644e+01,1.545742057689e-43
ism_continuous_jumps,dg_1d,ssc,10 GHz,1.000000000000e+10,2.767612370754e+01,2.056440061614e-43
ism_continuous_jumps,dg_1d,ssc,10 GHz,1.000000000000e+10,3.359818286284e+01,2.702295566596e-43
ism_continuous_jumps,dg_1d,ssc,10 GHz,1.000000000000e+10,4.078742758969e+01,3.517898756859e-43
ism_continuous_jumps,dg_1d,ssc,10 GHz,1.000000000000e+10,4.951500669473e+01,4.513748250316e-43
ism_continuous_jumps,dg_1d,ssc,10 GHz,1.000000000000e+10,6.011008864406e+01,5.703905146742e-43
ism_continuous_jumps,dg_1d,ssc,10 GHz,1.000000000000e+10,7.297227644686e+01,7.227830653452e-43
ism_continuous_jumps,dg_1d,ssc,10 GHz,1.000000000000e+10,8.858667904101e+01,9.039280591329e-43
ism_continuous_jumps,dg_1d,ssc,10 GHz,1.000000000000e+10,1.075422076113e+02,1.127519031540e-42
ism_continuous_jumps,dg_1d,ssc,10 GHz,1.000000000000e+10,1.305537869023e+02,1.392611120989e-42
ism_continuous_jumps,dg_1d,ssc,10 GHz,1.000000000000e+10,1.584893192461e+02,1.711328527166e-42
ism_continuous_jumps,dg_1d,ssc,10 GHz,1.000000000000e+10,1.924024182760e+02,2.104794229000e-42
ism_continuous_jumps,dg_1d,ssc,10 GHz,1.000000000000e+10,2.335721469090e+02,2.598843413337e-42
ism_continuous_jumps,dg_1d,ssc,10 GHz,1.000000000000e+10,2.835512583497e+02,3.136285072293e-42
ism_continuous_jumps,dg_1d,ssc,10 GHz,1.000000000000e+10,3.442247595686e+02,3.837291257846e-42
ism_continuous_jumps,dg_1d,ssc,10 GHz,1.000000000000e+10,4.178810060294e+02,4.732117450639e-42
ism_continuous_jumps,dg_1d,ssc,10 GHz,1.000000000000e+10,5.072980090654e+02,5.822824347286e-42
ism_continuous_jumps,dg_1d,ssc,10 GHz,1.000000000000e+10,6.158482110660e+02,7.327337999595e-42
ism_continuous_jumps,dg_1d,ssc,10 GHz,1.000000000000e+10,7.476256801638e+02,9.458599285359e-42
ism_continuous_jumps,dg_1d,ssc,10 GHz,1.000000000000e+10,9.076005216818e+02,1.220672599650e-41
ism_continuous_jumps,dg_1d,ssc,10 GHz,1.000000000000e+10,1.101806330110e+03,1.553009178817e-41
ism_continuous_jumps,dg_1d,ssc,10 GHz,1.000000000000e+10,1.337567751526e+03,1.971353555598e-41
ism_continuous_jumps,dg_1d,ssc,10 GHz,1.000000000000e+10,1.623776739189e+03,2.578598898571e-41
ism_continuous_jumps,dg_1d,ssc,10 GHz,1.000000000000e+10,1.971227921518e+03,3.436288937190e-41
ism_continuous_jumps,dg_1d,ssc,10 GHz,1.000000000000e+10,2.393025731180e+03,4.590478706445e-41
ism_continuous_jumps,dg_1d,ssc,10 GHz,1.000000000000e+10,2.905078650511e+03,6.064779633546e-41
ism_continuous_jumps,dg_1d,ssc,10 GHz,1.000000000000e+10,3.526699214175e+03,8.009850486166e-41
ism_continuous_jumps,dg_1d,ssc,10 GHz,1.000000000000e+10,4.281332398719e+03,1.085864818055e-40
ism_continuous_jumps,dg_1d,ssc,10 GHz,1.000000000000e+10,5.197439870872e+03,1.490147273094e-40
ism_continuous_jumps,dg_1d,ssc,10 GHz,1.000000000000e+10,6.309573444802e+03,2.111123993746e-40
ism_continuous_jumps,dg_1d,ssc,10 GHz,1.000000000000e+10,7.659678234752e+03,3.218074370005e-40
ism_continuous_jumps,dg_1d,ssc,10 GHz,1.000000000000e+10,9.298674652605e+03,4.910357481157e-40
ism_continuous_jumps,dg_1d,ssc,10 GHz,1.000000000000e+10,1.128837891685e+04,7.277062309758e-40
ism_continuous_jumps,dg_1d,ssc,10 GHz,1.000000000000e+10,1.370383450663e+04,1.044707255874e-39
ism_continuous_jumps,dg_1d,ssc,10 GHz,1.000000000000e+10,1.663614249384e+04,1.487033840758e-39
ism_continuous_jumps,dg_1d,ssc,10 GHz,1.000000000000e+10,2.019589750164e+04,2.063286810612e-39
ism_continuous_jumps,dg_1d,ssc,10 GHz,1.000000000000e+10,2.451735887979e+04,2.782954144368e-39
ism_continuous_jumps,dg_1d,ssc,10 GHz,1.000000000000e+10,2.976351441631e+04,3.720268492486e-39
ism_continuous_jumps,dg_1d,ssc,10 GHz,1.000000000000e+10,3.613222756796e+04,5.005074308501e-39
ism_continuous_jumps,dg_1d,ssc,10 GHz,1.000000000000e+10,4.386370005780e+04,6.455508172359e-39
ism_continuous_jumps,dg_1d,ssc,10 GHz,1.000000000000e+10,5.324953129838e+04,7.935046351553e-39
ism_continuous_jumps,dg_1d,ssc,10 GHz,1.000000000000e+10,6.464371632490e+04,1.013952207275e-38
ism_continuous_jumps,dg_1d,ssc,10 GHz,1.000000000000e+10,7.847599703515e+04,1.328043938868e-38
ism_continuous_jumps,dg_1d,ssc,10 GHz,1.000000000000e+10,9.526807029020e+04,1.695999579495e-38
ism_continuous_jumps,dg_1d,ssc,10 GHz,1.000000000000e+10,1.156532641790e+05,2.112844215168e-38
ism_continuous_jumps,dg_1d,ssc,10 GHz,1.000000000000e+10,1.404004245548e+05,2.513961239908e-38
ism_continuous_jumps,dg_1d,ssc,10 GHz,1.000000000000e+10,1.704429127453e+05,3.091855331000e-38
ism_continuous_jumps,dg_1d,ssc,10 GHz,1.000000000000e+10,2.069138081115e+05,3.946121355358e-38
ism_continuous_jumps,dg_1d,ssc,10 GHz,1.000000000000e+10,2.511886431510e+05,4.896277773764e-38
ism_continuous_jumps,dg_1d,ssc,10 GHz,1.000000000000e+10,3.049372829387e+05,5.909660159323e-38
ism_continuous_jumps,dg_1d,ssc,10 GHz,1.000000000000e+10,3.701869055846e+05,7.667605827190e-38
ism_continuous_jumps,dg_1d,ssc,10 GHz,1.000000000000e+10,4.493984590722e+05,9.726839370007e-38
ism_continuous_jumps,dg_1d,ssc,10 GHz,1.000000000000e+10,5.455594781169e+05,1.157618209345e-37
ism_continuous_jumps,dg_1d,ssc,10 GHz,1.000000000000e+10,6.622967617148e+05,1.478166028794e-37
ism_continuous_jumps,dg_1d,ssc,10 GHz,1.000000000000e+10,8.040131611168e+05,1.899977489722e-37
ism_continuous_jumps,dg_1d,ssc,10 GHz,1.000000000000e+10,9.760536373079e+05,2.405218869403e-37
ism_continuous_jumps,dg_1d,ssc,10 GHz,1.000000000000e+10,1.184906851001e+06,2.964017772811e-37
ism_continuous_jumps,dg_1d,ssc,10 GHz,1.000000000000e+10,1.438449888288e+06,4.041584548062e-37
ism_continuous_jumps,dg_1d,ssc,10 GHz,1.000000000000e+10,1.746245352002e+06,5.119974716035e-37
ism_continuous_jumps,dg_1d,ssc,10 GHz,1.000000000000e+10,2.119902023850e+06,6.649617418918e-37
ism_continuous_jumps,dg_1d,ssc,10 GHz,1.000000000000e+10,2.573512700017e+06,8.714366715985e-37
ism_continuous_jumps,dg_1d,ssc,10 GHz,1.000000000000e+10,3.124185713603e+06,1.145879538624e-36
ism_continuous_jumps,dg_1d,ssc,10 GHz,1.000000000000e+10,3.792690190732e+06,1.407525886496e-36
ism_continuous_jumps,dg_1d,ssc,10 GHz,1.000000000000e+10,4.604239376759e+06,2.015643494097e-36
ism_continuous_jumps,dg_1d,ssc,10 GHz,1.000000000000e+10,5.589441576403e+06,2.563498307146e-36
ism_continuous_jumps,dg_1d,ssc,10 GHz,1.000000000000e+10,6.785454573394e+06,3.367581105878e-36
ism_continuous_jumps,dg_1d,ssc,10 GHz,1.000000000000e+10,8.237387069571e+06,4.582259685601e-36
ism_continuous_jumps,dg_1d,ssc,10 GHz,1.000000000000e+10,1.000000000000e+07,5.455720786072e-36
ism_continuous_jumps,dg_1d,ssc,R band,4.560000000000e+14,1.000000000000e-01,3.204073193315e-47
ism_continuous_jumps,dg_1d,ssc,R band,4.560000000000e+14,1.213977189070e-01,5.733757355931e-47
ism_continuous_jumps,dg_1d,ssc,R band,4.560000000000e+14,1.473740615582e-01,1.067612401945e-46
ism_continuous_jumps,dg_1d,ssc,R band,4.560000000000e+14,1.789087489923e-01,2.068517645755e-46
ism_continuous_jumps,dg_1d,ssc,R band,4.560000000000e+14,2.171911402017e-01,4.131581071035e-46
ism_continuous_jumps,dg_1d,ssc,R band,4.560000000000e+14,2.636650898730e-01,8.473877641175e-46
ism_continuous_jumps,dg_1d,ssc,R band,4.560000000000e+14,3.200834046600e-01,1.783876048315e-45
ism_continuous_jumps,dg_1d,ssc,R band,4.560000000000e+14,3.885739518571e-01,3.878311121075e-45
ism_continuous_jumps,dg_1d,ssc,R band,4.560000000000e+14,4.717199138213e-01,8.692093123604e-45
ism_continuous_jumps,dg_1d,ssc,R band,4.560000000000e+14,5.726572150092e-01,2.012928872914e-44
ism_continuous_jumps,dg_1d,ssc,R band,4.560000000000e+14,6.951927961776e-01,4.769757098787e-44
ism_continuous_jumps,dg_1d,ssc,R band,4.560000000000e+14,8.439481965654e-01,1.150697084160e-43
ism_continuous_jumps,dg_1d,ssc,R band,4.560000000000e+14,1.024533859387e+00,2.814139262121e-43
ism_continuous_jumps,dg_1d,ssc,R band,4.560000000000e+14,1.243760734726e+00,6.944545117277e-43
ism_continuous_jumps,dg_1d,ssc,R band,4.560000000000e+14,1.509897160618e+00,1.711304043842e-42
ism_continuous_jumps,dg_1d,ssc,R band,4.560000000000e+14,1.832980710832e+00,4.191769427977e-42
ism_continuous_jumps,dg_1d,ssc,R band,4.560000000000e+14,2.225196770956e+00,1.016118784376e-41
ism_continuous_jumps,dg_1d,ssc,R band,4.560000000000e+14,2.701338121133e+00,2.328431139875e-41
ism_continuous_jumps,dg_1d,ssc,R band,4.560000000000e+14,3.279362859021e+00,5.039679191815e-41
ism_continuous_jumps,dg_1d,ssc,R band,4.560000000000e+14,3.981071705535e+00,1.001810209049e-40
ism_continuous_jumps,dg_1d,ssc,R band,4.560000000000e+14,4.832930238572e+00,1.829711170061e-40
ism_continuous_jumps,dg_1d,ssc,R band,4.560000000000e+14,5.867067065993e+00,3.116865862718e-40
ism_continuous_jumps,dg_1d,ssc,R band,4.560000000000e+14,7.122485584860e+00,4.996639870700e-40
ism_continuous_jumps,dg_1d,ssc,R band,4.560000000000e+14,8.646535029500e+00,7.581310806321e-40
ism_continuous_jumps,dg_1d,ssc,R band,4.560000000000e+14,1.049669629031e+01,1.388620488769e-39
ism_continuous_jumps,dg_1d,ssc,R band,4.560000000000e+14,1.274274985703e+01,2.617981632354e-39
ism_continuous_jumps,dg_1d,ssc,R band,4.560000000000e+14,1.546940765246e+01,4.032861535873e-39
ism_continuous_jumps,dg_1d,ssc,R band,4.560000000000e+14,1.877950801851e+01,5.542875039858e-39
ism_continuous_jumps,dg_1d,ssc,R band,4.560000000000e+14,2.279789435644e+01,7.490036677202e-39
ism_continuous_jumps,dg_1d,ssc,R band,4.560000000000e+14,2.767612370754e+01,9.939465017131e-39
ism_continuous_jumps,dg_1d,ssc,R band,4.560000000000e+14,3.359818286284e+01,1.302461742236e-38
ism_continuous_jumps,dg_1d,ssc,R band,4.560000000000e+14,4.078742758969e+01,1.690414329776e-38
ism_continuous_jumps,dg_1d,ssc,R band,4.560000000000e+14,4.951500669473e+01,2.161484923806e-38
ism_continuous_jumps,dg_1d,ssc,R band,4.560000000000e+14,6.011008864406e+01,2.721004785413e-38
ism_continuous_jumps,dg_1d,ssc,R band,4.560000000000e+14,7.297227644686e+01,3.433637609513e-38
ism_continuous_jumps,dg_1d,ssc,R band,4.560000000000e+14,8.858667904101e+01,4.274969051577e-38
ism_continuous_jumps,dg_1d,ssc,R band,4.560000000000e+14,1.075422076113e+02,5.307364347414e-38
ism_continuous_jumps,dg_1d,ssc,R band,4.560000000000e+14,1.305537869023e+02,6.523973258455e-38
ism_continuous_jumps,dg_1d,ssc,R band,4.560000000000e+14,1.584893192461e+02,7.977825380613e-38
ism_continuous_jumps,dg_1d,ssc,R band,4.560000000000e+14,1.924024182760e+02,9.765461502424e-38
ism_continuous_jumps,dg_1d,ssc,R band,4.560000000000e+14,2.335721469090e+02,1.200491099835e-37
ism_continuous_jumps,dg_1d,ssc,R band,4.560000000000e+14,2.835512583497e+02,1.441611764513e-37
ism_continuous_jumps,dg_1d,ssc,R band,4.560000000000e+14,3.442247595686e+02,1.754321983930e-37
ism_continuous_jumps,dg_1d,ssc,R band,4.560000000000e+14,4.178810060294e+02,2.152739025526e-37
ism_continuous_jumps,dg_1d,ssc,R band,4.560000000000e+14,5.072980090654e+02,2.636064499136e-37
ism_continuous_jumps,dg_1d,ssc,R band,4.560000000000e+14,6.158482110660e+02,3.303183879220e-37
ism_continuous_jumps,dg_1d,ssc,R band,4.560000000000e+14,7.476256801638e+02,4.246410864033e-37
ism_continuous_jumps,dg_1d,ssc,R band,4.560000000000e+14,9.076005216818e+02,5.452645610034e-37
ism_continuous_jumps,dg_1d,ssc,R band,4.560000000000e+14,1.101806330110e+03,6.903038863644e-37
ism_continuous_jumps,dg_1d,ssc,R band,4.560000000000e+14,1.337567751526e+03,8.716450348471e-37
ism_continuous_jumps,dg_1d,ssc,R band,4.560000000000e+14,1.623776739189e+03,1.133463918466e-36
ism_continuous_jumps,dg_1d,ssc,R band,4.560000000000e+14,1.971227921518e+03,1.501724407917e-36
ism_continuous_jumps,dg_1d,ssc,R band,4.560000000000e+14,2.393025731180e+03,1.993104768278e-36
ism_continuous_jumps,dg_1d,ssc,R band,4.560000000000e+14,2.905078650511e+03,2.612521497544e-36
ism_continuous_jumps,dg_1d,ssc,R band,4.560000000000e+14,3.526699214175e+03,3.417782273069e-36
ism_continuous_jumps,dg_1d,ssc,R band,4.560000000000e+14,4.281332398719e+03,4.579322123926e-36
ism_continuous_jumps,dg_1d,ssc,R band,4.560000000000e+14,5.197439870872e+03,6.201891713372e-36
ism_continuous_jumps,dg_1d,ssc,R band,4.560000000000e+14,6.309573444802e+03,8.630324031690e-36
ism_continuous_jumps,dg_1d,ssc,R band,4.560000000000e+14,7.659678234752e+03,1.279183728042e-35
ism_continuous_jumps,dg_1d,ssc,R band,4.560000000000e+14,9.298674652605e+03,1.900198749377e-35
ism_continuous_jumps,dg_1d,ssc,R band,4.560000000000e+14,1.128837891685e+04,2.741551226474e-35
ism_continuous_jumps,dg_1d,ssc,R band,4.560000000000e+14,1.370383450663e+04,3.826371834277e-35
ism_continuous_jumps,dg_1d,ssc,R band,4.560000000000e+14,1.663614249384e+04,5.271351607561e-35
ism_continuous_jumps,dg_1d,ssc,R band,4.560000000000e+14,2.019589750164e+04,7.103929566292e-35
ism_continuous_jumps,dg_1d,ssc,R band,4.560000000000e+14,2.451735887979e+04,9.329146588347e-35
ism_continuous_jumps,dg_1d,ssc,R band,4.560000000000e+14,2.976351441631e+04,1.209221484353e-34
ism_continuous_jumps,dg_1d,ssc,R band,4.560000000000e+14,3.613222756796e+04,1.569112004794e-34
ism_continuous_jumps,dg_1d,ssc,R band,4.560000000000e+14,4.386370005780e+04,1.961991316864e-34
ism_continuous_jumps,dg_1d,ssc,R band,4.560000000000e+14,5.324953129838e+04,2.311225777208e-34
ism_continuous_jumps,dg_1d,ssc,R band,4.560000000000e+14,6.464371632490e+04,2.774401374975e-34
ism_continuous_jumps,dg_1d,ssc,R band,4.560000000000e+14,7.847599703515e+04,3.416052586641e-34
ism_continuous_jumps,dg_1d,ssc,R band,4.560000000000e+14,9.526807029020e+04,4.099181512872e-34
ism_continuous_jumps,dg_1d,ssc,R band,4.560000000000e+14,1.156532641790e+05,4.794752308810e-34
ism_continuous_jumps,dg_1d,ssc,R band,4.560000000000e+14,1.404004245548e+05,5.302932449087e-34
ism_continuous_jumps,dg_1d,ssc,R band,4.560000000000e+14,1.704429127453e+05,5.943060137015e-34
ism_continuous_jumps,dg_1d,ssc,R band,4.560000000000e+14,2.069138081115e+05,6.881874794785e-34
ism_continuous_jumps,dg_1d,ssc,R band,4.560000000000e+14,2.511886431510e+05,7.828052773341e-34
ism_continuous_jumps,dg_1d,ssc,R band,4.560000000000e+14,3.049372829387e+05,8.615583262598e-34
ism_continuous_jumps,dg_1d,ssc,R band,4.560000000000e+14,3.701869055846e+05,9.802749336860e-34
ism_continuous_jumps,dg_1d,ssc,R band,4.560000000000e+14,4.493984590722e+05,1.115833741114e-33
ism_continuous_jumps,dg_1d,ssc,R band,4.560000000000e+14,5.455594781169e+05,1.208430617169e-33
ism_continuous_jumps,dg_1d,ssc,R band,4.560000000000e+14,6.622967617148e+05,1.330005062346e-33
ism_continuous_jumps,dg_1d,ssc,R band,4.560000000000e+14,8.040131611168e+05,1.515174431574e-33
ism_continuous_jumps,dg_1d,ssc,R band,4.560000000000e+14,9.760536373079e+05,1.673506949762e-33
ism_continuous_jumps,dg_1d,ssc,R band,4.560000000000e+14,1.184906851001e+06,1.812690507886e-33
ism_continuous_jumps,dg_1d,ssc,R band,4.560000000000e+14,1.438449888288e+06,2.035641962769e-33
ism_continuous_jumps,dg_1d,ssc,R band,4.560000000000e+14,1.746245352002e+06,2.210829684153e-33
ism_continuous_jumps,dg_1d,ssc,R band,4.560000000000e+14,2.119902023850e+06,2.331736735602e-33
ism_continuous_jumps,dg_1d,ssc,R band,4.560000000000e+14,2.573512700017e+06,2.448008366681e-33
ism_continuous_jumps,dg_1d,ssc,R band,4.560000000000e+14,3.124185713603e+06,2.500319725461e-33
ism_continuous_jumps,dg_1d,ssc,R band,4.560000000000e+14,3.792690190732e+06,2.425608905506e-33
ism_continuous_jumps,dg_1d,ssc,R band,4.560000000000e+14,4.604239376759e+06,2.335495297936e-33
ism_continuous_jumps,dg_1d,ssc,R band,4.560000000000e+14,5.589441576403e+06,2.140692130412e-33
ism_continuous_jumps,dg_1d,ssc,R band,4.560000000000e+14,6.785454573394e+06,1.861746701639e-33
ism_continuous_jumps,dg_1d,ssc,R band,4.560000000000e+14,8.237387069571e+06,1.573736661801e-33
ism_continuous_jumps,dg_1d,ssc,R band,4.560000000000e+14,1.000000000000e+07,1.271126353048e-33
ism_continuous_jumps,dg_1d,ssc,1 keV,2.417989242000e+17,1.000000000000e-01,1.480792202415e-44
ism_continuous_jumps,dg_1d,ssc,1 keV,2.417989242000e+17,1.213977189070e-01,2.637512671265e-44
ism_continuous_jumps,dg_1d,ssc,1 keV,2.417989242000e+17,1.473740615582e-01,4.884801283506e-44
ism_continuous_jumps,dg_1d,ssc,1 keV,2.417989242000e+17,1.789087489923e-01,9.431965924583e-44
ism_continuous_jumps,dg_1d,ssc,1 keV,2.417989242000e+17,2.171911402017e-01,1.873911451366e-43
ism_continuous_jumps,dg_1d,ssc,1 keV,2.417989242000e+17,2.636650898730e-01,3.825394260330e-43
ism_continuous_jumps,dg_1d,ssc,1 keV,2.417989242000e+17,3.200834046600e-01,8.013415249634e-43
ism_continuous_jumps,dg_1d,ssc,1 keV,2.417989242000e+17,3.885739518571e-01,1.735671996221e-42
ism_continuous_jumps,dg_1d,ssc,1 keV,2.417989242000e+17,4.717199138213e-01,3.883519331855e-42
ism_continuous_jumps,dg_1d,ssc,1 keV,2.417989242000e+17,5.726572150092e-01,8.992826440916e-42
ism_continuous_jumps,dg_1d,ssc,1 keV,2.417989242000e+17,6.951927961776e-01,2.131941713367e-41
ism_continuous_jumps,dg_1d,ssc,1 keV,2.417989242000e+17,8.439481965654e-01,5.142729643977e-41
ism_continuous_jumps,dg_1d,ssc,1 keV,2.417989242000e+17,1.024533859387e+00,1.255628957125e-40
ism_continuous_jumps,dg_1d,ssc,1 keV,2.417989242000e+17,1.243760734726e+00,3.085255643782e-40
ism_continuous_jumps,dg_1d,ssc,1 keV,2.417989242000e+17,1.509897160618e+00,7.544114718566e-40
ism_continuous_jumps,dg_1d,ssc,1 keV,2.417989242000e+17,1.832980710832e+00,1.826110604912e-39
ism_continuous_jumps,dg_1d,ssc,1 keV,2.417989242000e+17,2.225196770956e+00,4.351317157659e-39
ism_continuous_jumps,dg_1d,ssc,1 keV,2.417989242000e+17,2.701338121133e+00,9.758179900526e-39
ism_continuous_jumps,dg_1d,ssc,1 keV,2.417989242000e+17,3.279362859021e+00,2.057339410686e-38
ism_continuous_jumps,dg_1d,ssc,1 keV,2.417989242000e+17,3.981071705535e+00,3.972587688499e-38
ism_continuous_jumps,dg_1d,ssc,1 keV,2.417989242000e+17,4.832930238572e+00,7.026923009875e-38
ism_continuous_jumps,dg_1d,ssc,1 keV,2.417989242000e+17,5.867067065993e+00,1.157713159427e-37
ism_continuous_jumps,dg_1d,ssc,1 keV,2.417989242000e+17,7.122485584860e+00,1.794004376180e-37
ism_continuous_jumps,dg_1d,ssc,1 keV,2.417989242000e+17,8.646535029500e+00,2.637854546059e-37
ism_continuous_jumps,dg_1d,ssc,1 keV,2.417989242000e+17,1.049669629031e+01,4.713190332681e-37
ism_continuous_jumps,dg_1d,ssc,1 keV,2.417989242000e+17,1.274274985703e+01,8.690516910628e-37
ism_continuous_jumps,dg_1d,ssc,1 keV,2.417989242000e+17,1.546940765246e+01,1.314674874690e-36
ism_continuous_jumps,dg_1d,ssc,1 keV,2.417989242000e+17,1.877950801851e+01,1.773314935655e-36
ism_continuous_jumps,dg_1d,ssc,1 keV,2.417989242000e+17,2.279789435644e+01,2.342923233831e-36
ism_continuous_jumps,dg_1d,ssc,1 keV,2.417989242000e+17,2.767612370754e+01,3.027370734330e-36
ism_continuous_jumps,dg_1d,ssc,1 keV,2.417989242000e+17,3.359818286284e+01,3.841026097758e-36
ism_continuous_jumps,dg_1d,ssc,1 keV,2.417989242000e+17,4.078742758969e+01,4.809437204042e-36
ism_continuous_jumps,dg_1d,ssc,1 keV,2.417989242000e+17,4.951500669473e+01,5.907818571831e-36
ism_continuous_jumps,dg_1d,ssc,1 keV,2.417989242000e+17,6.011008864406e+01,7.124829124798e-36
ism_continuous_jumps,dg_1d,ssc,1 keV,2.417989242000e+17,7.297227644686e+01,8.606279914333e-36
ism_continuous_jumps,dg_1d,ssc,1 keV,2.417989242000e+17,8.858667904101e+01,1.023038022125e-35
ism_continuous_jumps,dg_1d,ssc,1 keV,2.417989242000e+17,1.075422076113e+02,1.209624434084e-35
ism_continuous_jumps,dg_1d,ssc,1 keV,2.417989242000e+17,1.305537869023e+02,1.409626944857e-35
ism_continuous_jumps,dg_1d,ssc,1 keV,2.417989242000e+17,1.584893192461e+02,1.633077255020e-35
ism_continuous_jumps,dg_1d,ssc,1 keV,2.417989242000e+17,1.924024182760e+02,1.898121359474e-35
ism_continuous_jumps,dg_1d,ssc,1 keV,2.417989242000e+17,2.335721469090e+02,2.219971781205e-35
ism_continuous_jumps,dg_1d,ssc,1 keV,2.417989242000e+17,2.835512583497e+02,2.528972461572e-35
ism_continuous_jumps,dg_1d,ssc,1 keV,2.417989242000e+17,3.442247595686e+02,2.901650547434e-35
ism_continuous_jumps,dg_1d,ssc,1 keV,2.417989242000e+17,4.178810060294e+02,3.335376579794e-35
ism_continuous_jumps,dg_1d,ssc,1 keV,2.417989242000e+17,5.072980090654e+02,3.803064960972e-35
ism_continuous_jumps,dg_1d,ssc,1 keV,2.417989242000e+17,6.158482110660e+02,4.407748981482e-35
ism_continuous_jumps,dg_1d,ssc,1 keV,2.417989242000e+17,7.476256801638e+02,5.224703793453e-35
ism_continuous_jumps,dg_1d,ssc,1 keV,2.417989242000e+17,9.076005216818e+02,6.178243997458e-35
ism_continuous_jumps,dg_1d,ssc,1 keV,2.417989242000e+17,1.101806330110e+03,7.219419151298e-35
ism_continuous_jumps,dg_1d,ssc,1 keV,2.417989242000e+17,1.337567751526e+03,8.380433362085e-35
ism_continuous_jumps,dg_1d,ssc,1 keV,2.417989242000e+17,1.623776739189e+03,9.872802304025e-35
ism_continuous_jumps,dg_1d,ssc,1 keV,2.417989242000e+17,1.971227921518e+03,1.183369159248e-34
ism_continuous_jumps,dg_1d,ssc,1 keV,2.417989242000e+17,2.393025731180e+03,1.421997180229e-34
ism_continuous_jumps,dg_1d,ssc,1 keV,2.417989242000e+17,2.905078650511e+03,1.698348492991e-34
ism_continuous_jumps,dg_1d,ssc,1 keV,2.417989242000e+17,3.526699214175e+03,2.015888363136e-34
ism_continuous_jumps,dg_1d,ssc,1 keV,2.417989242000e+17,4.281332398719e+03,2.417878476056e-34
ism_continuous_jumps,dg_1d,ssc,1 keV,2.417989242000e+17,5.197439870872e+03,2.929024705194e-34
ism_continuous_jumps,dg_1d,ssc,1 keV,2.417989242000e+17,6.309573444802e+03,3.603676662600e-34
ism_continuous_jumps,dg_1d,ssc,1 keV,2.417989242000e+17,7.659678234752e+03,4.648227471389e-34
ism_continuous_jumps,dg_1d,ssc,1 keV,2.417989242000e+17,9.298674652605e+03,6.137623501625e-34
ism_continuous_jumps,dg_1d,ssc,1 keV,2.417989242000e+17,1.128837891685e+04,7.986073127517e-34
ism_continuous_jumps,dg_1d,ssc,1 keV,2.417989242000e+17,1.370383450663e+04,1.014392074493e-33
ism_continuous_jumps,dg_1d,ssc,1 keV,2.417989242000e+17,1.663614249384e+04,1.269433099214e-33
ism_continuous_jumps,dg_1d,ssc,1 keV,2.417989242000e+17,2.019589750164e+04,1.571717972309e-33
ism_continuous_jumps,dg_1d,ssc,1 keV,2.417989242000e+17,2.451735887979e+04,1.916897828003e-33
ism_continuous_jumps,dg_1d,ssc,1 keV,2.417989242000e+17,2.976351441631e+04,2.308469310824e-33
ism_continuous_jumps,dg_1d,ssc,1 keV,2.417989242000e+17,3.613222756796e+04,2.773586501616e-33
ism_continuous_jumps,dg_1d,ssc,1 keV,2.417989242000e+17,4.386370005780e+04,3.245582036296e-33
ism_continuous_jumps,dg_1d,ssc,1 keV,2.417989242000e+17,5.324953129838e+04,3.534005847388e-33
ism_continuous_jumps,dg_1d,ssc,1 keV,2.417989242000e+17,6.464371632490e+04,3.878296572287e-33
ism_continuous_jumps,dg_1d,ssc,1 keV,2.417989242000e+17,7.847599703515e+04,4.377050763841e-33
ism_continuous_jumps,dg_1d,ssc,1 keV,2.417989242000e+17,9.526807029020e+04,4.831680659432e-33
ism_continuous_jumps,dg_1d,ssc,1 keV,2.417989242000e+17,1.156532641790e+05,5.247349451184e-33
ism_continuous_jumps,dg_1d,ssc,1 keV,2.417989242000e+17,1.404004245548e+05,5.403785393462e-33
ism_continuous_jumps,dg_1d,ssc,1 keV,2.417989242000e+17,1.704429127453e+05,5.539055625910e-33
ism_continuous_jumps,dg_1d,ssc,1 keV,2.417989242000e+17,2.069138081115e+05,5.774328175911e-33
ism_continuous_jumps,dg_1d,ssc,1 keV,2.417989242000e+17,2.511886431510e+05,5.901291994912e-33
ism_continuous_jumps,dg_1d,ssc,1 keV,2.417989242000e+17,3.049372829387e+05,5.792786456109e-33
ism_continuous_jumps,dg_1d,ssc,1 keV,2.417989242000e+17,3.701869055846e+05,5.662973881793e-33
ism_continuous_jumps,dg_1d,ssc,1 keV,2.417989242000e+17,4.493984590722e+05,5.443986135574e-33
ism_continuous_jumps,dg_1d,ssc,1 keV,2.417989242000e+17,5.455594781169e+05,4.937153112095e-33
ism_continuous_jumps,dg_1d,ssc,1 keV,2.417989242000e+17,6.622967617148e+05,4.312742377461e-33
ism_continuous_jumps,dg_1d,ssc,1 keV,2.417989242000e+17,8.040131611168e+05,3.699843646670e-33
ism_continuous_jumps,dg_1d,ssc,1 keV,2.417989242000e+17,9.760536373079e+05,3.041383959678e-33
ism_continuous_jumps,dg_1d,ssc,1 keV,2.417989242000e+17,1.184906851001e+06,2.407978762903e-33
ism_continuous_jumps,dg_1d,ssc,1 keV,2.417989242000e+17,1.438449888288e+06,1.876193738557e-33
ism_continuous_jumps,dg_1d,ssc,1 keV,2.417989242000e+17,1.746245352002e+06,1.426963721439e-33
ism_continuous_jumps,dg_1d,ssc,1 keV,2.417989242000e+17,2.119902023850e+06,1.061380620688e-33
ism_continuous_jumps,dg_1d,ssc,1 keV,2.417989242000e+17,2.573512700017e+06,7.809751038806e-34
ism_continuous_jumps,dg_1d,ssc,1 keV,2.417989242000e+17,3.124185713603e+06,5.687533233597e-34
ism_continuous_jumps,dg_1d,ssc,1 keV,2.417989242000e+17,3.792690190732e+06,4.097226203313e-34
ism_continuous_jumps,dg_1d,ssc,1 keV,2.417989242000e+17,4.604239376759e+06,2.953080625380e-34
ism_continuous_jumps,dg_1d,ssc,1 keV,2.417989242000e+17,5.589441576403e+06,2.113730387202e-34
ism_continuous_jumps,dg_1d,ssc,1 keV,2.417989242000e+17,6.785454573394e+06,1.499351654058e-34
ism_continuous_jumps,dg_1d,ssc,1 keV,2.417989242000e+17,8.237387069571e+06,1.059890987942e-34
ism_continuous_jumps,dg_1d,ssc,1 keV,2.417989242000e+17,1.000000000000e+07,7.428888089338e-35
ism_continuous_jumps,dg_1d,ssc,100 MeV,2.417989242000e+22,1.000000000000e-01,7.206164371337e-42
ism_continuous_jumps,dg_1d,ssc,100 MeV,2.417989242000e+22,1.213977189070e-01,1.306185428249e-41
ism_continuous_jumps,dg_1d,ssc,100 MeV,2.417989242000e+22,1.473740615582e-01,2.470495699094e-41
ism_continuous_jumps,dg_1d,ssc,100 MeV,2.417989242000e+22,1.789087489923e-01,4.852943138688e-41
ism_continuous_jumps,dg_1d,ssc,100 MeV,2.417989242000e+22,2.171911402017e-01,9.765440145879e-41
ism_continuous_jumps,dg_1d,ssc,100 MeV,2.417989242000e+22,2.636650898730e-01,2.008171382667e-40
ism_continuous_jumps,dg_1d,ssc,100 MeV,2.417989242000e+22,3.200834046600e-01,4.199226426564e-40
ism_continuous_jumps,dg_1d,ssc,100 MeV,2.417989242000e+22,3.885739518571e-01,8.988724859511e-40
ism_continuous_jumps,dg_1d,ssc,100 MeV,2.417989242000e+22,4.717199138213e-01,1.964930100223e-39
ism_continuous_jumps,dg_1d,ssc,100 MeV,2.417989242000e+22,5.726572150092e-01,4.381022593255e-39
ism_continuous_jumps,dg_1d,ssc,100 MeV,2.417989242000e+22,6.951927961776e-01,9.867936517487e-39
ism_continuous_jumps,dg_1d,ssc,100 MeV,2.417989242000e+22,8.439481965654e-01,2.233341688592e-38
ism_continuous_jumps,dg_1d,ssc,100 MeV,2.417989242000e+22,1.024533859387e+00,5.059724355967e-38
ism_continuous_jumps,dg_1d,ssc,100 MeV,2.417989242000e+22,1.243760734726e+00,1.141199719872e-37
ism_continuous_jumps,dg_1d,ssc,100 MeV,2.417989242000e+22,1.509897160618e+00,2.537968706669e-37
ism_continuous_jumps,dg_1d,ssc,100 MeV,2.417989242000e+22,1.832980710832e+00,5.535316786472e-37
ism_continuous_jumps,dg_1d,ssc,100 MeV,2.417989242000e+22,2.225196770956e+00,1.174880623986e-36
ism_continuous_jumps,dg_1d,ssc,100 MeV,2.417989242000e+22,2.701338121133e+00,2.345491052152e-36
ism_continuous_jumps,dg_1d,ssc,100 MeV,2.417989242000e+22,3.279362859021e+00,4.404648825802e-36
ism_continuous_jumps,dg_1d,ssc,100 MeV,2.417989242000e+22,3.981071705535e+00,7.642606856373e-36
ism_continuous_jumps,dg_1d,ssc,100 MeV,2.417989242000e+22,4.832930238572e+00,1.227274731172e-35
ism_continuous_jumps,dg_1d,ssc,100 MeV,2.417989242000e+22,5.867067065993e+00,1.850867119658e-35
ism_continuous_jumps,dg_1d,ssc,100 MeV,2.417989242000e+22,7.122485584860e+00,2.643947971899e-35
ism_continuous_jumps,dg_1d,ssc,100 MeV,2.417989242000e+22,8.646535029500e+00,3.599747465923e-35
ism_continuous_jumps,dg_1d,ssc,100 MeV,2.417989242000e+22,1.049669629031e+01,5.821823354812e-35
ism_continuous_jumps,dg_1d,ssc,100 MeV,2.417989242000e+22,1.274274985703e+01,9.844116409476e-35
ism_continuous_jumps,dg_1d,ssc,100 MeV,2.417989242000e+22,1.546940765246e+01,1.402287814088e-34
ism_continuous_jumps,dg_1d,ssc,100 MeV,2.417989242000e+22,1.877950801851e+01,1.793885767762e-34
ism_continuous_jumps,dg_1d,ssc,100 MeV,2.417989242000e+22,2.279789435644e+01,2.247181077932e-34
ism_continuous_jumps,dg_1d,ssc,100 MeV,2.417989242000e+22,2.767612370754e+01,2.750104007131e-34
ism_continuous_jumps,dg_1d,ssc,100 MeV,2.417989242000e+22,3.359818286284e+01,3.302158073131e-34
ism_continuous_jumps,dg_1d,ssc,100 MeV,2.417989242000e+22,4.078742758969e+01,3.915733244794e-34
ism_continuous_jumps,dg_1d,ssc,100 MeV,2.417989242000e+22,4.951500669473e+01,4.555523697089e-34
ism_continuous_jumps,dg_1d,ssc,100 MeV,2.417989242000e+22,6.011008864406e+01,5.206642465973e-34
ism_continuous_jumps,dg_1d,ssc,100 MeV,2.417989242000e+22,7.297227644686e+01,5.984948361349e-34
ism_continuous_jumps,dg_1d,ssc,100 MeV,2.417989242000e+22,8.858667904101e+01,6.775532789971e-34
ism_continuous_jumps,dg_1d,ssc,100 MeV,2.417989242000e+22,1.075422076113e+02,7.661155494029e-34
ism_continuous_jumps,dg_1d,ssc,100 MeV,2.417989242000e+22,1.305537869023e+02,8.570623136586e-34
ism_continuous_jumps,dg_1d,ssc,100 MeV,2.417989242000e+22,1.584893192461e+02,9.546290845524e-34
ism_continuous_jumps,dg_1d,ssc,100 MeV,2.417989242000e+22,1.924024182760e+02,1.066794607469e-33
ism_continuous_jumps,dg_1d,ssc,100 MeV,2.417989242000e+22,2.335721469090e+02,1.198634725990e-33
ism_continuous_jumps,dg_1d,ssc,100 MeV,2.417989242000e+22,2.835512583497e+02,1.314836118956e-33
ism_continuous_jumps,dg_1d,ssc,100 MeV,2.417989242000e+22,3.442247595686e+02,1.457089015865e-33
ism_continuous_jumps,dg_1d,ssc,100 MeV,2.417989242000e+22,4.178810060294e+02,1.624969477332e-33
ism_continuous_jumps,dg_1d,ssc,100 MeV,2.417989242000e+22,5.072980090654e+02,1.802992180769e-33
ism_continuous_jumps,dg_1d,ssc,100 MeV,2.417989242000e+22,6.158482110660e+02,2.028570211132e-33
ism_continuous_jumps,dg_1d,ssc,100 MeV,2.417989242000e+22,7.476256801638e+02,2.332513609701e-33
ism_continuous_jumps,dg_1d,ssc,100 MeV,2.417989242000e+22,9.076005216818e+02,2.676983788218e-33
ism_continuous_jumps,dg_1d,ssc,100 MeV,2.417989242000e+22,1.101806330110e+03,3.032999217560e-33
ism_continuous_jumps,dg_1d,ssc,100 MeV,2.417989242000e+22,1.337567751526e+03,3.399978468993e-33
ism_continuous_jumps,dg_1d,ssc,100 MeV,2.417989242000e+22,1.623776739189e+03,3.833267360759e-33
ism_continuous_jumps,dg_1d,ssc,100 MeV,2.417989242000e+22,1.971227921518e+03,4.357144472470e-33
ism_continuous_jumps,dg_1d,ssc,100 MeV,2.417989242000e+22,2.393025731180e+03,4.932298631341e-33
ism_continuous_jumps,dg_1d,ssc,100 MeV,2.417989242000e+22,2.905078650511e+03,5.516746403341e-33
ism_continuous_jumps,dg_1d,ssc,100 MeV,2.417989242000e+22,3.526699214175e+03,6.085192305592e-33
ism_continuous_jumps,dg_1d,ssc,100 MeV,2.417989242000e+22,4.281332398719e+03,6.664491063953e-33
ism_continuous_jumps,dg_1d,ssc,100 MeV,2.417989242000e+22,5.197439870872e+03,7.234817134586e-33
ism_continuous_jumps,dg_1d,ssc,100 MeV,2.417989242000e+22,6.309573444802e+03,7.818008830627e-33
ism_continuous_jumps,dg_1d,ssc,100 MeV,2.417989242000e+22,7.659678234752e+03,8.511554985014e-33
ism_continuous_jumps,dg_1d,ssc,100 MeV,2.417989242000e+22,9.298674652605e+03,9.184217565513e-33
ism_continuous_jumps,dg_1d,ssc,100 MeV,2.417989242000e+22,1.128837891685e+04,9.612169949959e-33
ism_continuous_jumps,dg_1d,ssc,100 MeV,2.417989242000e+22,1.370383450663e+04,9.666917117868e-33
ism_continuous_jumps,dg_1d,ssc,100 MeV,2.417989242000e+22,1.663614249384e+04,9.387794875063e-33
ism_continuous_jumps,dg_1d,ssc,100 MeV,2.417989242000e+22,2.019589750164e+04,8.915518517448e-33
ism_continuous_jumps,dg_1d,ssc,100 MeV,2.417989242000e+22,2.451735887979e+04,8.319222773889e-33
ism_continuous_jumps,dg_1d,ssc,100 MeV,2.417989242000e+22,2.976351441631e+04,7.562824515691e-33
ism_continuous_jumps,dg_1d,ssc,100 MeV,2.417989242000e+22,3.613222756796e+04,6.586150305048e-33
ism_continuous_jumps,dg_1d,ssc,100 MeV,2.417989242000e+22,4.386370005780e+04,5.158709864382e-33
ism_continuous_jumps,dg_1d,ssc,100 MeV,2.417989242000e+22,5.324953129838e+04,3.218565170911e-33
ism_continuous_jumps,dg_1d,ssc,100 MeV,2.417989242000e+22,6.464371632490e+04,2.216844484376e-33
ism_continuous_jumps,dg_1d,ssc,100 MeV,2.417989242000e+22,7.847599703515e+04,1.555994199307e-33
ism_continuous_jumps,dg_1d,ssc,100 MeV,2.417989242000e+22,9.526807029020e+04,1.062904451927e-33
ism_continuous_jumps,dg_1d,ssc,100 MeV,2.417989242000e+22,1.156532641790e+05,7.147841497617e-34
ism_continuous_jumps,dg_1d,ssc,100 MeV,2.417989242000e+22,1.404004245548e+05,4.723022952869e-34
ism_continuous_jumps,dg_1d,ssc,100 MeV,2.417989242000e+22,1.704429127453e+05,3.094214038266e-34
ism_continuous_jumps,dg_1d,ssc,100 MeV,2.417989242000e+22,2.069138081115e+05,2.026510381041e-34
ism_continuous_jumps,dg_1d,ssc,100 MeV,2.417989242000e+22,2.511886431510e+05,1.325434269100e-34
ism_continuous_jumps,dg_1d,ssc,100 MeV,2.417989242000e+22,3.049372829387e+05,8.658951493274e-35
ism_continuous_jumps,dg_1d,ssc,100 MeV,2.417989242000e+22,3.701869055846e+05,5.670787258710e-35
ism_continuous_jumps,dg_1d,ssc,100 MeV,2.417989242000e+22,4.493984590722e+05,3.711577178242e-35
ism_continuous_jumps,dg_1d,ssc,100 MeV,2.417989242000e+22,5.455594781169e+05,2.429010394626e-35
ism_continuous_jumps,dg_1d,ssc,100 MeV,2.417989242000e+22,6.622967617148e+05,1.591085594930e-35
ism_continuous_jumps,dg_1d,ssc,100 MeV,2.417989242000e+22,8.040131611168e+05,1.042794678983e-35
ism_continuous_jumps,dg_1d,ssc,100 MeV,2.417989242000e+22,9.760536373079e+05,6.830190693803e-36
ism_continuous_jumps,dg_1d,ssc,100 MeV,2.417989242000e+22,1.184906851001e+06,4.475891708154e-36
ism_continuous_jumps,dg_1d,ssc,100 MeV,2.417989242000e+22,1.438449888288e+06,2.944998396306e-36
ism_continuous_jumps,dg_1d,ssc,100 MeV,2.417989242000e+22,1.746245352002e+06,1.936167796921e-36
ism_continuous_jumps,dg_1d,ssc,100 MeV,2.417989242000e+22,2.119902023850e+06,1.270471490056e-36
ism_continuous_jumps,dg_1d,ssc,100 MeV,2.417989242000e+22,2.573512700017e+06,8.327610189576e-37
ism_continuous_jumps,dg_1d,ssc,100 MeV,2.417989242000e+22,3.124185713603e+06,5.460908687058e-37
ism_continuous_jumps,dg_1d,ssc,100 MeV,2.417989242000e+22,3.792690190732e+06,3.588638992777e-37
ism_continuous_jumps,dg_1d,ssc,100 MeV,2.417989242000e+22,4.604239376759e+06,2.372263109128e-37
ism_continuous_jumps,dg_1d,ssc,100 MeV,2.417989242000e+22,5.589441576403e+06,1.566545773030e-37
ism_continuous_jumps,dg_1d,ssc,100 MeV,2.417989242000e+22,6.785454573394e+06,1.032221644578e-37
ism_continuous_jumps,dg_1d,ssc,100 MeV,2.417989242000e+22,8.237387069571e+06,6.795624792068e-38
ism_continuous_jumps,dg_1d,ssc,100 MeV,2.417989242000e+22,1.000000000000e+07,4.464844953708e-38
wind_ism_jump,fullhide_1d,total,10 GHz,1.000000000000e+10,1.000000000000e-01,1.536720037292e-27
wind_ism_jump,fullhide_1d,total,10 GHz,1.000000000000e+10,1.213977189070e-01,1.738027737242e-27
wind_ism_jump,fullhide_1d,total,10 GHz,1.000000000000e+10,1.473740615582e-01,1.947410405268e-27
wind_ism_jump,fullhide_1d,total,10 GHz,1.000000000000e+10,1.789087489923e-01,2.169503960744e-27
wind_ism_jump,fullhide_1d,total,10 GHz,1.000000000000e+10,2.171911402017e-01,2.408630967428e-27
wind_ism_jump,fullhide_1d,total,10 GHz,1.000000000000e+10,2.636650898730e-01,2.670357693966e-27
wind_ism_jump,fullhide_1d,total,10 GHz,1.000000000000e+10,3.200834046600e-01,3.052317324538e-27
wind_ism_jump,fullhide_1d,total,10 GHz,1.000000000000e+10,3.885739518571e-01,3.367888286555e-27
wind_ism_jump,fullhide_1d,total,10 GHz,1.000000000000e+10,4.717199138213e-01,3.797725355127e-27
wind_ism_jump,fullhide_1d,total,10 GHz,1.000000000000e+10,5.726572150092e-01,4.251255761257e-27
wind_ism_jump,fullhide_1d,total,10 GHz,1.000000000000e+10,6.951927961776e-01,4.739299696837e-27
wind_ism_jump,fullhide_1d,total,10 GHz,1.000000000000e+10,8.439481965654e-01,5.302221859779e-27
wind_ism_jump,fullhide_1d,total,10 GHz,1.000000000000e+10,1.024533859387e+00,5.866139830192e-27
wind_ism_jump,fullhide_1d,total,10 GHz,1.000000000000e+10,1.243760734726e+00,6.501333575946e-27
wind_ism_jump,fullhide_1d,total,10 GHz,1.000000000000e+10,1.509897160618e+00,7.179041048769e-27
wind_ism_jump,fullhide_1d,total,10 GHz,1.000000000000e+10,1.832980710832e+00,7.918172198115e-27
wind_ism_jump,fullhide_1d,total,10 GHz,1.000000000000e+10,2.225196770956e+00,8.711257287221e-27
wind_ism_jump,fullhide_1d,total,10 GHz,1.000000000000e+10,2.701338121133e+00,9.569252404643e-27
wind_ism_jump,fullhide_1d,total,10 GHz,1.000000000000e+10,3.279362859021e+00,1.050723097590e-26
wind_ism_jump,fullhide_1d,total,10 GHz,1.000000000000e+10,3.981071705535e+00,1.153127407592e-26
wind_ism_jump,fullhide_1d,total,10 GHz,1.000000000000e+10,4.832930238572e+00,1.265852298853e-26
wind_ism_jump,fullhide_1d,total,10 GHz,1.000000000000e+10,5.867067065993e+00,1.389958061584e-26
wind_ism_jump,fullhide_1d,total,10 GHz,1.000000000000e+10,7.122485584860e+00,1.527300405178e-26
wind_ism_jump,fullhide_1d,total,10 GHz,1.000000000000e+10,8.646535029500e+00,1.679723206339e-26
wind_ism_jump,fullhide_1d,total,10 GHz,1.000000000000e+10,1.049669629031e+01,1.849417763449e-26
wind_ism_jump,fullhide_1d,total,10 GHz,1.000000000000e+10,1.274274985703e+01,2.038611864124e-26
wind_ism_jump,fullhide_1d,total,10 GHz,1.000000000000e+10,1.546940765246e+01,2.250398707190e-26
wind_ism_jump,fullhide_1d,total,10 GHz,1.000000000000e+10,1.877950801851e+01,2.487779515612e-26
wind_ism_jump,fullhide_1d,total,10 GHz,1.000000000000e+10,2.279789435644e+01,2.754565232602e-26
wind_ism_jump,fullhide_1d,total,10 GHz,1.000000000000e+10,2.767612370754e+01,3.055063235906e-26
wind_ism_jump,fullhide_1d,total,10 GHz,1.000000000000e+10,3.359818286284e+01,3.394533225647e-26
wind_ism_jump,fullhide_1d,total,10 GHz,1.000000000000e+10,4.078742758969e+01,3.778688404366e-26
wind_ism_jump,fullhide_1d,total,10 GHz,1.000000000000e+10,4.951500669473e+01,4.214770623614e-26
wind_ism_jump,fullhide_1d,total,10 GHz,1.000000000000e+10,6.011008864406e+01,4.711159130498e-26
wind_ism_jump,fullhide_1d,total,10 GHz,1.000000000000e+10,7.297227644686e+01,5.277972432637e-26
wind_ism_jump,fullhide_1d,total,10 GHz,1.000000000000e+10,8.858667904101e+01,5.927112929209e-26
wind_ism_jump,fullhide_1d,total,10 GHz,1.000000000000e+10,1.075422076113e+02,6.673706150863e-26
wind_ism_jump,fullhide_1d,total,10 GHz,1.000000000000e+10,1.305537869023e+02,7.534601635655e-26
wind_ism_jump,fullhide_1d,total,10 GHz,1.000000000000e+10,1.584893192461e+02,8.531585590001e-26
wind_ism_jump,fullhide_1d,total,10 GHz,1.000000000000e+10,1.924024182760e+02,9.691204000179e-26
wind_ism_jump,fullhide_1d,total,10 GHz,1.000000000000e+10,2.335721469090e+02,1.104719749520e-25
wind_ism_jump,fullhide_1d,total,10 GHz,1.000000000000e+10,2.835512583497e+02,1.263966405259e-25
wind_ism_jump,fullhide_1d,total,10 GHz,1.000000000000e+10,3.442247595686e+02,1.450151045096e-25
wind_ism_jump,fullhide_1d,total,10 GHz,1.000000000000e+10,4.178810060294e+02,1.667976698206e-25
wind_ism_jump,fullhide_1d,total,10 GHz,1.000000000000e+10,5.072980090654e+02,1.925588469619e-25
wind_ism_jump,fullhide_1d,total,10 GHz,1.000000000000e+10,6.158482110660e+02,2.230479196699e-25
wind_ism_jump,fullhide_1d,total,10 GHz,1.000000000000e+10,7.476256801638e+02,2.589727724926e-25
wind_ism_jump,fullhide_1d,total,10 GHz,1.000000000000e+10,9.076005216818e+02,3.008294433639e-25
wind_ism_jump,fullhide_1d,total,10 GHz,1.000000000000e+10,1.101806330110e+03,3.485960414976e-25
wind_ism_jump,fullhide_1d,total,10 GHz,1.000000000000e+10,1.337567751526e+03,3.977999653467e-25
wind_ism_jump,fullhide_1d,total,10 GHz,1.000000000000e+10,1.623776739189e+03,4.472794797823e-25
wind_ism_jump,fullhide_1d,total,10 GHz,1.000000000000e+10,1.971227921518e+03,4.996171319871e-25
wind_ism_jump,fullhide_1d,total,10 GHz,1.000000000000e+10,2.393025731180e+03,5.536345502039e-25
wind_ism_jump,fullhide_1d,total,10 GHz,1.000000000000e+10,2.905078650511e+03,6.076211646343e-25
wind_ism_jump,fullhide_1d,total,10 GHz,1.000000000000e+10,3.526699214175e+03,6.592714241166e-25
wind_ism_jump,fullhide_1d,total,10 GHz,1.000000000000e+10,4.281332398719e+03,7.062438573801e-25
wind_ism_jump,fullhide_1d,total,10 GHz,1.000000000000e+10,5.197439870872e+03,7.463234243000e-25
wind_ism_jump,fullhide_1d,total,10 GHz,1.000000000000e+10,6.309573444802e+03,7.772871868240e-25
wind_ism_jump,fullhide_1d,total,10 GHz,1.000000000000e+10,7.659678234752e+03,7.967137457070e-25
wind_ism_jump,fullhide_1d,total,10 GHz,1.000000000000e+10,9.298674652605e+03,8.039476424852e-25
wind_ism_jump,fullhide_1d,total,10 GHz,1.000000000000e+10,1.128837891685e+04,8.024608299876e-25
wind_ism_jump,fullhide_1d,total,10 GHz,1.000000000000e+10,1.370383450663e+04,7.939589229367e-25
wind_ism_jump,fullhide_1d,total,10 GHz,1.000000000000e+10,1.663614249384e+04,7.792760446655e-25
wind_ism_jump,fullhide_1d,total,10 GHz,1.000000000000e+10,2.019589750164e+04,7.597804463333e-25
wind_ism_jump,fullhide_1d,total,10 GHz,1.000000000000e+10,2.451735887979e+04,7.366531923449e-25
wind_ism_jump,fullhide_1d,total,10 GHz,1.000000000000e+10,2.976351441631e+04,7.106298790182e-25
wind_ism_jump,fullhide_1d,total,10 GHz,1.000000000000e+10,3.613222756796e+04,6.823419014846e-25
wind_ism_jump,fullhide_1d,total,10 GHz,1.000000000000e+10,4.386370005780e+04,6.525581278154e-25
wind_ism_jump,fullhide_1d,total,10 GHz,1.000000000000e+10,5.324953129838e+04,6.215427920569e-25
wind_ism_jump,fullhide_1d,total,10 GHz,1.000000000000e+10,6.464371632490e+04,5.890588123311e-25
wind_ism_jump,fullhide_1d,total,10 GHz,1.000000000000e+10,7.847599703515e+04,5.550150547190e-25
wind_ism_jump,fullhide_1d,total,10 GHz,1.000000000000e+10,9.526807029020e+04,5.203116741629e-25
wind_ism_jump,fullhide_1d,total,10 GHz,1.000000000000e+10,1.156532641790e+05,4.862221224772e-25
wind_ism_jump,fullhide_1d,total,10 GHz,1.000000000000e+10,1.404004245548e+05,4.532630794506e-25
wind_ism_jump,fullhide_1d,total,10 GHz,1.000000000000e+10,1.704429127453e+05,4.123649074869e-25
wind_ism_jump,fullhide_1d,total,10 GHz,1.000000000000e+10,2.069138081115e+05,3.216737769597e-25
wind_ism_jump,fullhide_1d,total,10 GHz,1.000000000000e+10,2.511886431510e+05,2.774235992798e-25
wind_ism_jump,fullhide_1d,total,10 GHz,1.000000000000e+10,3.049372829387e+05,2.757796020108e-25
wind_ism_jump,fullhide_1d,total,10 GHz,1.000000000000e+10,3.701869055846e+05,2.476547041037e-25
wind_ism_jump,fullhide_1d,total,10 GHz,1.000000000000e+10,4.493984590722e+05,2.287656892964e-25
wind_ism_jump,fullhide_1d,total,10 GHz,1.000000000000e+10,5.455594781169e+05,2.142126921648e-25
wind_ism_jump,fullhide_1d,total,10 GHz,1.000000000000e+10,6.622967617148e+05,2.039971902919e-25
wind_ism_jump,fullhide_1d,total,10 GHz,1.000000000000e+10,8.040131611168e+05,1.934021506253e-25
wind_ism_jump,fullhide_1d,total,10 GHz,1.000000000000e+10,9.760536373079e+05,1.830455023811e-25
wind_ism_jump,fullhide_1d,total,10 GHz,1.000000000000e+10,1.184906851001e+06,1.734900859856e-25
wind_ism_jump,fullhide_1d,total,10 GHz,1.000000000000e+10,1.438449888288e+06,1.618646468940e-25
wind_ism_jump,fullhide_1d,total,10 GHz,1.000000000000e+10,1.746245352002e+06,1.485625803815e-25
wind_ism_jump,fullhide_1d,total,10 GHz,1.000000000000e+10,2.119902023850e+06,1.336295187448e-25
wind_ism_jump,fullhide_1d,total,10 GHz,1.000000000000e+10,2.573512700017e+06,1.168997767236e-25
wind_ism_jump,fullhide_1d,total,10 GHz,1.000000000000e+10,3.124185713603e+06,9.935625434923e-26
wind_ism_jump,fullhide_1d,total,10 GHz,1.000000000000e+10,3.792690190732e+06,8.234905647932e-26
wind_ism_jump,fullhide_1d,total,10 GHz,1.000000000000e+10,4.604239376759e+06,6.666433650047e-26
wind_ism_jump,fullhide_1d,total,10 GHz,1.000000000000e+10,5.589441576403e+06,5.294060797162e-26
wind_ism_jump,fullhide_1d,total,10 GHz,1.000000000000e+10,6.785454573394e+06,4.143930205899e-26
wind_ism_jump,fullhide_1d,total,10 GHz,1.000000000000e+10,8.237387069571e+06,3.209626801991e-26
wind_ism_jump,fullhide_1d,total,10 GHz,1.000000000000e+10,1.000000000000e+07,2.466793639953e-26
wind_ism_jump,fullhide_1d,total,R band,4.560000000000e+14,1.000000000000e-01,3.003794092475e-23
wind_ism_jump,fullhide_1d,total,R band,4.560000000000e+14,1.213977189070e-01,3.523133939213e-23
wind_ism_jump,fullhide_1d,total,R band,4.560000000000e+14,1.473740615582e-01,4.131692243096e-23
wind_ism_jump,fullhide_1d,total,R band,4.560000000000e+14,1.789087489923e-01,4.842297698884e-23
wind_ism_jump,fullhide_1d,total,R band,4.560000000000e+14,2.171911402017e-01,5.669108413502e-23
wind_ism_jump,fullhide_1d,total,R band,4.560000000000e+14,2.636650898730e-01,6.623317609972e-23
wind_ism_jump,fullhide_1d,total,R band,4.560000000000e+14,3.200834046600e-01,7.711315795760e-23
wind_ism_jump,fullhide_1d,total,R band,4.560000000000e+14,3.885739518571e-01,8.918750892295e-23
wind_ism_jump,fullhide_1d,total,R band,4.560000000000e+14,4.717199138213e-01,1.021433757207e-22
wind_ism_jump,fullhide_1d,total,R band,4.560000000000e+14,5.726572150092e-01,1.152322234608e-22
wind_ism_jump,fullhide_1d,total,R band,4.560000000000e+14,6.951927961776e-01,1.272514580496e-22
wind_ism_jump,fullhide_1d,total,R band,4.560000000000e+14,8.439481965654e-01,1.367486126704e-22
wind_ism_jump,fullhide_1d,total,R band,4.560000000000e+14,1.024533859387e+00,1.423010307719e-22
wind_ism_jump,fullhide_1d,total,R band,4.560000000000e+14,1.243760734726e+00,1.431175649649e-22
wind_ism_jump,fullhide_1d,total,R band,4.560000000000e+14,1.509897160618e+00,1.390487541430e-22
wind_ism_jump,fullhide_1d,total,R band,4.560000000000e+14,1.832980710832e+00,1.309883394005e-22
wind_ism_jump,fullhide_1d,total,R band,4.560000000000e+14,2.225196770956e+00,1.201348242032e-22
wind_ism_jump,fullhide_1d,total,R band,4.560000000000e+14,2.701338121133e+00,1.074322876665e-22
wind_ism_jump,fullhide_1d,total,R band,4.560000000000e+14,3.279362859021e+00,9.413152338305e-23
wind_ism_jump,fullhide_1d,total,R band,4.560000000000e+14,3.981071705535e+00,8.096527438221e-23
wind_ism_jump,fullhide_1d,total,R band,4.560000000000e+14,4.832930238572e+00,6.871773433643e-23
wind_ism_jump,fullhide_1d,total,R band,4.560000000000e+14,5.867067065993e+00,5.756318518475e-23
wind_ism_jump,fullhide_1d,total,R band,4.560000000000e+14,7.122485584860e+00,4.757038710499e-23
wind_ism_jump,fullhide_1d,total,R band,4.560000000000e+14,8.646535029500e+00,3.889994511436e-23
wind_ism_jump,fullhide_1d,total,R band,4.560000000000e+14,1.049669629031e+01,3.165878561231e-23
wind_ism_jump,fullhide_1d,total,R band,4.560000000000e+14,1.274274985703e+01,2.564546598972e-23
wind_ism_jump,fullhide_1d,total,R band,4.560000000000e+14,1.546940765246e+01,2.082296056210e-23
wind_ism_jump,fullhide_1d,total,R band,4.560000000000e+14,1.877950801851e+01,1.697992337944e-23
wind_ism_jump,fullhide_1d,total,R band,4.560000000000e+14,2.279789435644e+01,1.401532263377e-23
wind_ism_jump,fullhide_1d,total,R band,4.560000000000e+14,2.767612370754e+01,1.179299372516e-23
wind_ism_jump,fullhide_1d,total,R band,4.560000000000e+14,3.359818286284e+01,1.017779756493e-23
wind_ism_jump,fullhide_1d,total,R band,4.560000000000e+14,4.078742758969e+01,9.033354854558e-24
wind_ism_jump,fullhide_1d,total,R band,4.560000000000e+14,4.951500669473e+01,8.260360058738e-24
wind_ism_jump,fullhide_1d,total,R band,4.560000000000e+14,6.011008864406e+01,7.784241160576e-24
wind_ism_jump,fullhide_1d,total,R band,4.560000000000e+14,7.297227644686e+01,7.534608831009e-24
wind_ism_jump,fullhide_1d,total,R band,4.560000000000e+14,8.858667904101e+01,7.453158390993e-24
wind_ism_jump,fullhide_1d,total,R band,4.560000000000e+14,1.075422076113e+02,7.488409790810e-24
wind_ism_jump,fullhide_1d,total,R band,4.560000000000e+14,1.305537869023e+02,7.610759576410e-24
wind_ism_jump,fullhide_1d,total,R band,4.560000000000e+14,1.584893192461e+02,7.794489781756e-24
wind_ism_jump,fullhide_1d,total,R band,4.560000000000e+14,1.924024182760e+02,8.023948564370e-24
wind_ism_jump,fullhide_1d,total,R band,4.560000000000e+14,2.335721469090e+02,8.288416783122e-24
wind_ism_jump,fullhide_1d,total,R band,4.560000000000e+14,2.835512583497e+02,8.573277824503e-24
wind_ism_jump,fullhide_1d,total,R band,4.560000000000e+14,3.442247595686e+02,8.877983476320e-24
wind_ism_jump,fullhide_1d,total,R band,4.560000000000e+14,4.178810060294e+02,9.200055712856e-24
wind_ism_jump,fullhide_1d,total,R band,4.560000000000e+14,5.072980090654e+02,9.531381003743e-24
wind_ism_jump,fullhide_1d,total,R band,4.560000000000e+14,6.158482110660e+02,9.864451282248e-24
wind_ism_jump,fullhide_1d,total,R band,4.560000000000e+14,7.476256801638e+02,1.019749851095e-23
wind_ism_jump,fullhide_1d,total,R band,4.560000000000e+14,9.076005216818e+02,1.050181459411e-23
wind_ism_jump,fullhide_1d,total,R band,4.560000000000e+14,1.101806330110e+03,1.077295457013e-23
wind_ism_jump,fullhide_1d,total,R band,4.560000000000e+14,1.337567751526e+03,1.099676564043e-23
wind_ism_jump,fullhide_1d,total,R band,4.560000000000e+14,1.623776739189e+03,1.115691864539e-23
wind_ism_jump,fullhide_1d,total,R band,4.560000000000e+14,1.971227921518e+03,1.123644106055e-23
wind_ism_jump,fullhide_1d,total,R band,4.560000000000e+14,2.393025731180e+03,1.121417770679e-23
wind_ism_jump,fullhide_1d,total,R band,4.560000000000e+14,2.905078650511e+03,1.106714328031e-23
wind_ism_jump,fullhide_1d,total,R band,4.560000000000e+14,3.526699214175e+03,1.077225691961e-23
wind_ism_jump,fullhide_1d,total,R band,4.560000000000e+14,4.281332398719e+03,1.031157983146e-23
wind_ism_jump,fullhide_1d,total,R band,4.560000000000e+14,5.197439870872e+03,9.674630584446e-24
wind_ism_jump,fullhide_1d,total,R band,4.560000000000e+14,6.309573444802e+03,8.865858266433e-24
wind_ism_jump,fullhide_1d,total,R band,4.560000000000e+14,7.659678234752e+03,7.871474907678e-24
wind_ism_jump,fullhide_1d,total,R band,4.560000000000e+14,9.298674652605e+03,6.699601648895e-24
wind_ism_jump,fullhide_1d,total,R band,4.560000000000e+14,1.128837891685e+04,5.460452026501e-24
wind_ism_jump,fullhide_1d,total,R band,4.560000000000e+14,1.370383450663e+04,4.265075100527e-24
wind_ism_jump,fullhide_1d,total,R band,4.560000000000e+14,1.663614249384e+04,3.198286228585e-24
wind_ism_jump,fullhide_1d,total,R band,4.560000000000e+14,2.019589750164e+04,2.316723702424e-24
wind_ism_jump,fullhide_1d,total,R band,4.560000000000e+14,2.451735887979e+04,1.635200338198e-24
wind_ism_jump,fullhide_1d,total,R band,4.560000000000e+14,2.976351441631e+04,1.134553429593e-24
wind_ism_jump,fullhide_1d,total,R band,4.560000000000e+14,3.613222756796e+04,7.794766105874e-25
wind_ism_jump,fullhide_1d,total,R band,4.560000000000e+14,4.386370005780e+04,5.327199656328e-25
wind_ism_jump,fullhide_1d,total,R band,4.560000000000e+14,5.324953129838e+04,3.628517060979e-25
wind_ism_jump,fullhide_1d,total,R band,4.560000000000e+14,6.464371632490e+04,2.466408061439e-25
wind_ism_jump,fullhide_1d,total,R band,4.560000000000e+14,7.847599703515e+04,1.672386408614e-25
wind_ism_jump,fullhide_1d,total,R band,4.560000000000e+14,9.526807029020e+04,1.132158702986e-25
wind_ism_jump,fullhide_1d,total,R band,4.560000000000e+14,1.156532641790e+05,7.650779069251e-26
wind_ism_jump,fullhide_1d,total,R band,4.560000000000e+14,1.404004245548e+05,5.165856510892e-26
wind_ism_jump,fullhide_1d,total,R band,4.560000000000e+14,1.704429127453e+05,3.401564209080e-26
wind_ism_jump,fullhide_1d,total,R band,4.560000000000e+14,2.069138081115e+05,1.903865781482e-26
wind_ism_jump,fullhide_1d,total,R band,4.560000000000e+14,2.511886431510e+05,1.400085267456e-26
wind_ism_jump,fullhide_1d,total,R band,4.560000000000e+14,3.049372829387e+05,1.197978256907e-26
wind_ism_jump,fullhide_1d,total,R band,4.560000000000e+14,3.701869055846e+05,7.187806789291e-27
wind_ism_jump,fullhide_1d,total,R band,4.560000000000e+14,4.493984590722e+05,4.560725327925e-27
wind_ism_jump,fullhide_1d,total,R band,4.560000000000e+14,5.455594781169e+05,3.011093829195e-27
wind_ism_jump,fullhide_1d,total,R band,4.560000000000e+14,6.622967617148e+05,2.042299043847e-27
wind_ism_jump,fullhide_1d,total,R band,4.560000000000e+14,8.040131611168e+05,1.407414930262e-27
wind_ism_jump,fullhide_1d,total,R band,4.560000000000e+14,9.760536373079e+05,9.813621871592e-28
wind_ism_jump,fullhide_1d,total,R band,4.560000000000e+14,1.184906851001e+06,6.906841965543e-28
wind_ism_jump,fullhide_1d,total,R band,4.560000000000e+14,1.438449888288e+06,4.896911847507e-28
wind_ism_jump,fullhide_1d,total,R band,4.560000000000e+14,1.746245352002e+06,3.484382326053e-28
wind_ism_jump,fullhide_1d,total,R band,4.560000000000e+14,2.119902023850e+06,2.484938378814e-28
wind_ism_jump,fullhide_1d,total,R band,4.560000000000e+14,2.573512700017e+06,1.775212789713e-28
wind_ism_jump,fullhide_1d,total,R band,4.560000000000e+14,3.124185713603e+06,1.271955991552e-28
wind_ism_jump,fullhide_1d,total,R band,4.560000000000e+14,3.792690190732e+06,9.160080292107e-29
wind_ism_jump,fullhide_1d,total,R band,4.560000000000e+14,4.604239376759e+06,6.631244139879e-29
wind_ism_jump,fullhide_1d,total,R band,4.560000000000e+14,5.589441576403e+06,4.808528254315e-29
wind_ism_jump,fullhide_1d,total,R band,4.560000000000e+14,6.785454573394e+06,3.488643737188e-29
wind_ism_jump,fullhide_1d,total,R band,4.560000000000e+14,8.237387069571e+06,2.535156577075e-29
wind_ism_jump,fullhide_1d,total,R band,4.560000000000e+14,1.000000000000e+07,1.845420410576e-29
wind_ism_jump,fullhide_1d,total,1 keV,2.417989242000e+17,1.000000000000e-01,2.187614313537e-22
wind_ism_jump,fullhide_1d,total,1 keV,2.417989242000e+17,1.213977189070e-01,2.453957317598e-22
wind_ism_jump,fullhide_1d,total,1 keV,2.417989242000e+17,1.473740615582e-01,2.704781248383e-22
wind_ism_jump,fullhide_1d,total,1 keV,2.417989242000e+17,1.789087489923e-01,2.909182417690e-22
wind_ism_jump,fullhide_1d,total,1 keV,2.417989242000e+17,2.171911402017e-01,3.036801508523e-22
wind_ism_jump,fullhide_1d,total,1 keV,2.417989242000e+17,2.636650898730e-01,3.055426173657e-22
wind_ism_jump,fullhide_1d,total,1 keV,2.417989242000e+17,3.200834046600e-01,2.940490269395e-22
wind_ism_jump,fullhide_1d,total,1 keV,2.417989242000e+17,3.885739518571e-01,2.683250666556e-22
wind_ism_jump,fullhide_1d,total,1 keV,2.417989242000e+17,4.717199138213e-01,2.309400736187e-22
wind_ism_jump,fullhide_1d,total,1 keV,2.417989242000e+17,5.726572150092e-01,1.866863267564e-22
wind_ism_jump,fullhide_1d,total,1 keV,2.417989242000e+17,6.951927961776e-01,1.416361653828e-22
wind_ism_jump,fullhide_1d,total,1 keV,2.417989242000e+17,8.439481965654e-01,1.012299830217e-22
wind_ism_jump,fullhide_1d,total,1 keV,2.417989242000e+17,1.024533859387e+00,6.890113655209e-23
wind_ism_jump,fullhide_1d,total,1 keV,2.417989242000e+17,1.243760734726e+00,4.543323702434e-23
wind_ism_jump,fullhide_1d,total,1 keV,2.417989242000e+17,1.509897160618e+00,2.999651213352e-23
wind_ism_jump,fullhide_1d,total,1 keV,2.417989242000e+17,1.832980710832e+00,2.033491174409e-23
wind_ism_jump,fullhide_1d,total,1 keV,2.417989242000e+17,2.225196770956e+00,1.457389668761e-23
wind_ism_jump,fullhide_1d,total,1 keV,2.417989242000e+17,2.701338121133e+00,1.140659812526e-23
wind_ism_jump,fullhide_1d,total,1 keV,2.417989242000e+17,3.279362859021e+00,9.760892588090e-24
wind_ism_jump,fullhide_1d,total,1 keV,2.417989242000e+17,3.981071705535e+00,8.993961542737e-24
wind_ism_jump,fullhide_1d,total,1 keV,2.417989242000e+17,4.832930238572e+00,8.698240580727e-24
wind_ism_jump,fullhide_1d,total,1 keV,2.417989242000e+17,5.867067065993e+00,8.654437757745e-24
wind_ism_jump,fullhide_1d,total,1 keV,2.417989242000e+17,7.122485584860e+00,8.722528158225e-24
wind_ism_jump,fullhide_1d,total,1 keV,2.417989242000e+17,8.646535029500e+00,8.821618085809e-24
wind_ism_jump,fullhide_1d,total,1 keV,2.417989242000e+17,1.049669629031e+01,8.913781525265e-24
wind_ism_jump,fullhide_1d,total,1 keV,2.417989242000e+17,1.274274985703e+01,8.945029568043e-24
wind_ism_jump,fullhide_1d,total,1 keV,2.417989242000e+17,1.546940765246e+01,8.946611309022e-24
wind_ism_jump,fullhide_1d,total,1 keV,2.417989242000e+17,1.877950801851e+01,8.903370712203e-24
wind_ism_jump,fullhide_1d,total,1 keV,2.417989242000e+17,2.279789435644e+01,8.814577615504e-24
wind_ism_jump,fullhide_1d,total,1 keV,2.417989242000e+17,2.767612370754e+01,8.672001818391e-24
wind_ism_jump,fullhide_1d,total,1 keV,2.417989242000e+17,3.359818286284e+01,8.473618135154e-24
wind_ism_jump,fullhide_1d,total,1 keV,2.417989242000e+17,4.078742758969e+01,8.193857015137e-24
wind_ism_jump,fullhide_1d,total,1 keV,2.417989242000e+17,4.951500669473e+01,7.858834740584e-24
wind_ism_jump,fullhide_1d,total,1 keV,2.417989242000e+17,6.011008864406e+01,7.464939533710e-24
wind_ism_jump,fullhide_1d,total,1 keV,2.417989242000e+17,7.297227644686e+01,7.014029148185e-24
wind_ism_jump,fullhide_1d,total,1 keV,2.417989242000e+17,8.858667904101e+01,6.512900414504e-24
wind_ism_jump,fullhide_1d,total,1 keV,2.417989242000e+17,1.075422076113e+02,5.959899789577e-24
wind_ism_jump,fullhide_1d,total,1 keV,2.417989242000e+17,1.305537869023e+02,5.346178977711e-24
wind_ism_jump,fullhide_1d,total,1 keV,2.417989242000e+17,1.584893192461e+02,4.721783934807e-24
wind_ism_jump,fullhide_1d,total,1 keV,2.417989242000e+17,1.924024182760e+02,4.109345798278e-24
wind_ism_jump,fullhide_1d,total,1 keV,2.417989242000e+17,2.335721469090e+02,3.524011901040e-24
wind_ism_jump,fullhide_1d,total,1 keV,2.417989242000e+17,2.835512583497e+02,2.978009019785e-24
wind_ism_jump,fullhide_1d,total,1 keV,2.417989242000e+17,3.442247595686e+02,2.481828782464e-24
wind_ism_jump,fullhide_1d,total,1 keV,2.417989242000e+17,4.178810060294e+02,2.039201095955e-24
wind_ism_jump,fullhide_1d,total,1 keV,2.417989242000e+17,5.072980090654e+02,1.656905101709e-24
wind_ism_jump,fullhide_1d,total,1 keV,2.417989242000e+17,6.158482110660e+02,1.332433887390e-24
wind_ism_jump,fullhide_1d,total,1 keV,2.417989242000e+17,7.476256801638e+02,1.062933141417e-24
wind_ism_jump,fullhide_1d,total,1 keV,2.417989242000e+17,9.076005216818e+02,8.425250912413e-25
wind_ism_jump,fullhide_1d,total,1 keV,2.417989242000e+17,1.101806330110e+03,6.649502903062e-25
wind_ism_jump,fullhide_1d,total,1 keV,2.417989242000e+17,1.337567751526e+03,5.230205269063e-25
wind_ism_jump,fullhide_1d,total,1 keV,2.417989242000e+17,1.623776739189e+03,4.104257732462e-25
wind_ism_jump,fullhide_1d,total,1 keV,2.417989242000e+17,1.971227921518e+03,3.216626411219e-25
wind_ism_jump,fullhide_1d,total,1 keV,2.417989242000e+17,2.393025731180e+03,2.518184979959e-25
wind_ism_jump,fullhide_1d,total,1 keV,2.417989242000e+17,2.905078650511e+03,1.969210682912e-25
wind_ism_jump,fullhide_1d,total,1 keV,2.417989242000e+17,3.526699214175e+03,1.538029069170e-25
wind_ism_jump,fullhide_1d,total,1 keV,2.417989242000e+17,4.281332398719e+03,1.198357873576e-25
wind_ism_jump,fullhide_1d,total,1 keV,2.417989242000e+17,5.197439870872e+03,9.287713985562e-26
wind_ism_jump,fullhide_1d,total,1 keV,2.417989242000e+17,6.309573444802e+03,7.113606111928e-26
wind_ism_jump,fullhide_1d,total,1 keV,2.417989242000e+17,7.659678234752e+03,5.324577746177e-26
wind_ism_jump,fullhide_1d,total,1 keV,2.417989242000e+17,9.298674652605e+03,3.902337813436e-26
wind_ism_jump,fullhide_1d,total,1 keV,2.417989242000e+17,1.128837891685e+04,2.851296575388e-26
wind_ism_jump,fullhide_1d,total,1 keV,2.417989242000e+17,1.370383450663e+04,2.076981318954e-26
wind_ism_jump,fullhide_1d,total,1 keV,2.417989242000e+17,1.663614249384e+04,1.507344054841e-26
wind_ism_jump,fullhide_1d,total,1 keV,2.417989242000e+17,2.019589750164e+04,1.089194943497e-26
wind_ism_jump,fullhide_1d,total,1 keV,2.417989242000e+17,2.451735887979e+04,7.833552184025e-27
wind_ism_jump,fullhide_1d,total,1 keV,2.417989242000e+17,2.976351441631e+04,5.606728244744e-27
wind_ism_jump,fullhide_1d,total,1 keV,2.417989242000e+17,3.613222756796e+04,3.993686837788e-27
wind_ism_jump,fullhide_1d,total,1 keV,2.417989242000e+17,4.386370005780e+04,2.831373375791e-27
wind_ism_jump,fullhide_1d,total,1 keV,2.417989242000e+17,5.324953129838e+04,1.998037476534e-27
wind_ism_jump,fullhide_1d,total,1 keV,2.417989242000e+17,6.464371632490e+04,1.404332472691e-27
wind_ism_jump,fullhide_1d,total,1 keV,2.417989242000e+17,7.847599703515e+04,9.829308337507e-28
wind_ism_jump,fullhide_1d,total,1 keV,2.417989242000e+17,9.526807029020e+04,6.858295385330e-28
wind_ism_jump,fullhide_1d,total,1 keV,2.417989242000e+17,1.156532641790e+05,4.771113438082e-28
wind_ism_jump,fullhide_1d,total,1 keV,2.417989242000e+17,1.404004245548e+05,3.312171192714e-28
wind_ism_jump,fullhide_1d,total,1 keV,2.417989242000e+17,1.704429127453e+05,2.234917908086e-28
wind_ism_jump,fullhide_1d,total,1 keV,2.417989242000e+17,2.069138081115e+05,1.280652921598e-28
wind_ism_jump,fullhide_1d,total,1 keV,2.417989242000e+17,2.511886431510e+05,1.024798149460e-28
wind_ism_jump,fullhide_1d,total,1 keV,2.417989242000e+17,3.049372829387e+05,8.686181941653e-29
wind_ism_jump,fullhide_1d,total,1 keV,2.417989242000e+17,3.701869055846e+05,4.669246148692e-29
wind_ism_jump,fullhide_1d,total,1 keV,2.417989242000e+17,4.493984590722e+05,2.653473096527e-29
wind_ism_jump,fullhide_1d,total,1 keV,2.417989242000e+17,5.455594781169e+05,1.589740530673e-29
wind_ism_jump,fullhide_1d,total,1 keV,2.417989242000e+17,6.622967617148e+05,9.930512815943e-30
wind_ism_jump,fullhide_1d,total,1 keV,2.417989242000e+17,8.040131611168e+05,6.379392141822e-30
wind_ism_jump,fullhide_1d,total,1 keV,2.417989242000e+17,9.760536373079e+05,4.187293011583e-30
wind_ism_jump,fullhide_1d,total,1 keV,2.417989242000e+17,1.184906851001e+06,2.796678586380e-30
wind_ism_jump,fullhide_1d,total,1 keV,2.417989242000e+17,1.438449888288e+06,1.894208465844e-30
wind_ism_jump,fullhide_1d,total,1 keV,2.417989242000e+17,1.746245352002e+06,1.292903907845e-30
wind_ism_jump,fullhide_1d,total,1 keV,2.417989242000e+17,2.119902023850e+06,8.868973444741e-31
wind_ism_jump,fullhide_1d,total,1 keV,2.417989242000e+17,2.573512700017e+06,6.106048096409e-31
wind_ism_jump,fullhide_1d,total,1 keV,2.417989242000e+17,3.124185713603e+06,4.225159648918e-31
wind_ism_jump,fullhide_1d,total,1 keV,2.417989242000e+17,3.792690190732e+06,2.944111858551e-31
wind_ism_jump,fullhide_1d,total,1 keV,2.417989242000e+17,4.604239376759e+06,2.065248229387e-31
wind_ism_jump,fullhide_1d,total,1 keV,2.417989242000e+17,5.589441576403e+06,1.452144578437e-31
wind_ism_jump,fullhide_1d,total,1 keV,2.417989242000e+17,6.785454573394e+06,1.022965856765e-31
wind_ism_jump,fullhide_1d,total,1 keV,2.417989242000e+17,8.237387069571e+06,7.218732007935e-32
wind_ism_jump,fullhide_1d,total,1 keV,2.417989242000e+17,1.000000000000e+07,5.102258293926e-32
wind_ism_jump,fullhide_1d,total,100 MeV,2.417989242000e+22,1.000000000000e-01,6.741736956829e-26
wind_ism_jump,fullhide_1d,total,100 MeV,2.417989242000e+22,1.213977189070e-01,3.959755123601e-26
wind_ism_jump,fullhide_1d,total,100 MeV,2.417989242000e+22,1.473740615582e-01,2.078869263588e-26
wind_ism_jump,fullhide_1d,total,100 MeV,2.417989242000e+22,1.789087489923e-01,9.586911548742e-27
wind_ism_jump,fullhide_1d,total,100 MeV,2.417989242000e+22,2.171911402017e-01,3.596142342574e-27
wind_ism_jump,fullhide_1d,total,100 MeV,2.417989242000e+22,2.636650898730e-01,1.367361790819e-27
wind_ism_jump,fullhide_1d,total,100 MeV,2.417989242000e+22,3.200834046600e-01,1.940574649367e-27
wind_ism_jump,fullhide_1d,total,100 MeV,2.417989242000e+22,3.885739518571e-01,1.280255339354e-27
wind_ism_jump,fullhide_1d,total,100 MeV,2.417989242000e+22,4.717199138213e-01,1.585588834779e-27
wind_ism_jump,fullhide_1d,total,100 MeV,2.417989242000e+22,5.726572150092e-01,1.933057042393e-27
wind_ism_jump,fullhide_1d,total,100 MeV,2.417989242000e+22,6.951927961776e-01,2.325612898632e-27
wind_ism_jump,fullhide_1d,total,100 MeV,2.417989242000e+22,8.439481965654e-01,2.723509634240e-27
wind_ism_jump,fullhide_1d,total,100 MeV,2.417989242000e+22,1.024533859387e+00,2.956357176711e-27
wind_ism_jump,fullhide_1d,total,100 MeV,2.417989242000e+22,1.243760734726e+00,3.038761849476e-27
wind_ism_jump,fullhide_1d,total,100 MeV,2.417989242000e+22,1.509897160618e+00,2.940094507605e-27
wind_ism_jump,fullhide_1d,total,100 MeV,2.417989242000e+22,1.832980710832e+00,2.705493725095e-27
wind_ism_jump,fullhide_1d,total,100 MeV,2.417989242000e+22,2.225196770956e+00,2.393409407105e-27
wind_ism_jump,fullhide_1d,total,100 MeV,2.417989242000e+22,2.701338121133e+00,2.055126957642e-27
wind_ism_jump,fullhide_1d,total,100 MeV,2.417989242000e+22,3.279362859021e+00,1.726362024046e-27
wind_ism_jump,fullhide_1d,total,100 MeV,2.417989242000e+22,3.981071705535e+00,1.424763757109e-27
wind_ism_jump,fullhide_1d,total,100 MeV,2.417989242000e+22,4.832930238572e+00,1.164029690231e-27
wind_ism_jump,fullhide_1d,total,100 MeV,2.417989242000e+22,5.867067065993e+00,9.418687667030e-28
wind_ism_jump,fullhide_1d,total,100 MeV,2.417989242000e+22,7.122485584860e+00,7.560028877149e-28
wind_ism_jump,fullhide_1d,total,100 MeV,2.417989242000e+22,8.646535029500e+00,6.037450567924e-28
wind_ism_jump,fullhide_1d,total,100 MeV,2.417989242000e+22,1.049669629031e+01,4.807140436438e-28
wind_ism_jump,fullhide_1d,total,100 MeV,2.417989242000e+22,1.274274985703e+01,3.805867382806e-28
wind_ism_jump,fullhide_1d,total,100 MeV,2.417989242000e+22,1.546940765246e+01,3.011166461580e-28
wind_ism_jump,fullhide_1d,total,100 MeV,2.417989242000e+22,1.877950801851e+01,2.374465560880e-28
wind_ism_jump,fullhide_1d,total,100 MeV,2.417989242000e+22,2.279789435644e+01,1.869811441749e-28
wind_ism_jump,fullhide_1d,total,100 MeV,2.417989242000e+22,2.767612370754e+01,1.468720457850e-28
wind_ism_jump,fullhide_1d,total,100 MeV,2.417989242000e+22,3.359818286284e+01,1.153896463321e-28
wind_ism_jump,fullhide_1d,total,100 MeV,2.417989242000e+22,4.078742758969e+01,9.046392101983e-29
wind_ism_jump,fullhide_1d,total,100 MeV,2.417989242000e+22,4.951500669473e+01,7.081811122565e-29
wind_ism_jump,fullhide_1d,total,100 MeV,2.417989242000e+22,6.011008864406e+01,5.541761251824e-29
wind_ism_jump,fullhide_1d,total,100 MeV,2.417989242000e+22,7.297227644686e+01,4.336081199747e-29
wind_ism_jump,fullhide_1d,total,100 MeV,2.417989242000e+22,8.858667904101e+01,3.391592904921e-29
wind_ism_jump,fullhide_1d,total,100 MeV,2.417989242000e+22,1.075422076113e+02,2.652593305150e-29
wind_ism_jump,fullhide_1d,total,100 MeV,2.417989242000e+22,1.305537869023e+02,2.073085253400e-29
wind_ism_jump,fullhide_1d,total,100 MeV,2.417989242000e+22,1.584893192461e+02,1.620586462846e-29
wind_ism_jump,fullhide_1d,total,100 MeV,2.417989242000e+22,1.924024182760e+02,1.267148895118e-29
wind_ism_jump,fullhide_1d,total,100 MeV,2.417989242000e+22,2.335721469090e+02,9.921706722396e-30
wind_ism_jump,fullhide_1d,total,100 MeV,2.417989242000e+22,2.835512583497e+02,7.776816640513e-30
wind_ism_jump,fullhide_1d,total,100 MeV,2.417989242000e+22,3.442247595686e+02,6.108171393973e-30
wind_ism_jump,fullhide_1d,total,100 MeV,2.417989242000e+22,4.178810060294e+02,4.809146694177e-30
wind_ism_jump,fullhide_1d,total,100 MeV,2.417989242000e+22,5.072980090654e+02,3.796780519132e-30
wind_ism_jump,fullhide_1d,total,100 MeV,2.417989242000e+22,6.158482110660e+02,3.008378357827e-30
wind_ism_jump,fullhide_1d,total,100 MeV,2.417989242000e+22,7.476256801638e+02,2.398597248545e-30
wind_ism_jump,fullhide_1d,total,100 MeV,2.417989242000e+22,9.076005216818e+02,1.927332857322e-30
wind_ism_jump,fullhide_1d,total,100 MeV,2.417989242000e+22,1.101806330110e+03,1.563513558533e-30
wind_ism_jump,fullhide_1d,total,100 MeV,2.417989242000e+22,1.337567751526e+03,1.281338652843e-30
wind_ism_jump,fullhide_1d,total,100 MeV,2.417989242000e+22,1.623776739189e+03,1.061273197056e-30
wind_ism_jump,fullhide_1d,total,100 MeV,2.417989242000e+22,1.971227921518e+03,8.881719101665e-31
wind_ism_jump,fullhide_1d,total,100 MeV,2.417989242000e+22,2.393025731180e+03,7.499019805742e-31
wind_ism_jump,fullhide_1d,total,100 MeV,2.417989242000e+22,2.905078650511e+03,6.372154537190e-31
wind_ism_jump,fullhide_1d,total,100 MeV,2.417989242000e+22,3.526699214175e+03,5.432058146739e-31
wind_ism_jump,fullhide_1d,total,100 MeV,2.417989242000e+22,4.281332398719e+03,4.627499358080e-31
wind_ism_jump,fullhide_1d,total,100 MeV,2.417989242000e+22,5.197439870872e+03,3.921949406116e-31
wind_ism_jump,fullhide_1d,total,100 MeV,2.417989242000e+22,6.309573444802e+03,3.286014413270e-31
wind_ism_jump,fullhide_1d,total,100 MeV,2.417989242000e+22,7.659678234752e+03,2.691564214983e-31
wind_ism_jump,fullhide_1d,total,100 MeV,2.417989242000e+22,9.298674652605e+03,2.131870197327e-31
wind_ism_jump,fullhide_1d,total,100 MeV,2.417989242000e+22,1.128837891685e+04,1.634250291750e-31
wind_ism_jump,fullhide_1d,total,100 MeV,2.417989242000e+22,1.370383450663e+04,1.212722840674e-31
wind_ism_jump,fullhide_1d,total,100 MeV,2.417989242000e+22,1.663614249384e+04,8.730252420548e-32
wind_ism_jump,fullhide_1d,total,100 MeV,2.417989242000e+22,2.019589750164e+04,6.136884880079e-32
wind_ism_jump,fullhide_1d,total,100 MeV,2.417989242000e+22,2.451735887979e+04,4.239744087016e-32
wind_ism_jump,fullhide_1d,total,100 MeV,2.417989242000e+22,2.976351441631e+04,2.892736669697e-32
wind_ism_jump,fullhide_1d,total,100 MeV,2.417989242000e+22,3.613222756796e+04,1.958042620335e-32
wind_ism_jump,fullhide_1d,total,100 MeV,2.417989242000e+22,4.386370005780e+04,1.320421436089e-32
wind_ism_jump,fullhide_1d,total,100 MeV,2.417989242000e+22,5.324953129838e+04,8.892386618397e-33
wind_ism_jump,fullhide_1d,total,100 MeV,2.417989242000e+22,6.464371632490e+04,5.991737329174e-33
wind_ism_jump,fullhide_1d,total,100 MeV,2.417989242000e+22,7.847599703515e+04,4.039639901538e-33
wind_ism_jump,fullhide_1d,total,100 MeV,2.417989242000e+22,9.526807029020e+04,2.730181549219e-33
wind_ism_jump,fullhide_1d,total,100 MeV,2.417989242000e+22,1.156532641790e+05,1.850734001216e-33
wind_ism_jump,fullhide_1d,total,100 MeV,2.417989242000e+22,1.404004245548e+05,1.259793416210e-33
wind_ism_jump,fullhide_1d,total,100 MeV,2.417989242000e+22,1.704429127453e+05,8.373708435762e-34
wind_ism_jump,fullhide_1d,total,100 MeV,2.417989242000e+22,2.069138081115e+05,4.619064595209e-34
wind_ism_jump,fullhide_1d,total,100 MeV,2.417989242000e+22,2.511886431510e+05,3.124862796812e-34
wind_ism_jump,fullhide_1d,total,100 MeV,2.417989242000e+22,3.049372829387e+05,2.362672597682e-34
wind_ism_jump,fullhide_1d,total,100 MeV,2.417989242000e+22,3.701869055846e+05,1.224413735158e-34
wind_ism_jump,fullhide_1d,total,100 MeV,2.417989242000e+22,4.493984590722e+05,7.014207737375e-35
wind_ism_jump,fullhide_1d,total,100 MeV,2.417989242000e+22,5.455594781169e+05,4.262896774585e-35
wind_ism_jump,fullhide_1d,total,100 MeV,2.417989242000e+22,6.622967617148e+05,2.687170351971e-35
wind_ism_jump,fullhide_1d,total,100 MeV,2.417989242000e+22,8.040131611168e+05,1.729898909108e-35
wind_ism_jump,fullhide_1d,total,100 MeV,2.417989242000e+22,9.760536373079e+05,1.130409100597e-35
wind_ism_jump,fullhide_1d,total,100 MeV,2.417989242000e+22,1.184906851001e+06,7.473939775188e-36
wind_ism_jump,fullhide_1d,total,100 MeV,2.417989242000e+22,1.438449888288e+06,4.987610299094e-36
wind_ism_jump,fullhide_1d,total,100 MeV,2.417989242000e+22,1.746245352002e+06,3.341149432336e-36
wind_ism_jump,fullhide_1d,total,100 MeV,2.417989242000e+22,2.119902023850e+06,2.239811346867e-36
wind_ism_jump,fullhide_1d,total,100 MeV,2.417989242000e+22,2.573512700017e+06,1.500868352787e-36
wind_ism_jump,fullhide_1d,total,100 MeV,2.417989242000e+22,3.124185713603e+06,1.008560313455e-36
wind_ism_jump,fullhide_1d,total,100 MeV,2.417989242000e+22,3.792690190732e+06,6.814988850145e-37
wind_ism_jump,fullhide_1d,total,100 MeV,2.417989242000e+22,4.604239376759e+06,4.631359775053e-37
wind_ism_jump,fullhide_1d,total,100 MeV,2.417989242000e+22,5.589441576403e+06,3.150857431468e-37
wind_ism_jump,fullhide_1d,total,100 MeV,2.417989242000e+22,6.785454573394e+06,2.145071624951e-37
wind_ism_jump,fullhide_1d,total,100 MeV,2.417989242000e+22,8.237387069571e+06,1.461322323743e-37
wind_ism_jump,fullhide_1d,total,100 MeV,2.417989242000e+22,1.000000000000e+07,9.962872178824e-38
wind_ism_jump,fullhide_1d,sync,10 GHz,1.000000000000e+10,1.000000000000e-01,1.536720037292e-27
wind_ism_jump,fullhide_1d,sync,10 GHz,1.000000000000e+10,1.213977189070e-01,1.738027737242e-27
wind_ism_jump,fullhide_1d,sync,10 GHz,1.000000000000e+10,1.473740615582e-01,1.947410405267e-27
wind_ism_jump,fullhide_1d,sync,10 GHz,1.000000000000e+10,1.789087489923e-01,2.169503960744e-27
wind_ism_jump,fullhide_1d,sync,10 GHz,1.000000000000e+10,2.171911402017e-01,2.408630967427e-27
wind_ism_jump,fullhide_1d,sync,10 GHz,1.000000000000e+10,2.636650898730e-01,2.670357693965e-27
wind_ism_jump,fullhide_1d,sync,10 GHz,1.000000000000e+10,3.200834046600e-01,3.052317324537e-27
wind_ism_jump,fullhide_1d,sync,10 GHz,1.000000000000e+10,3.885739518571e-01,3.367888286553e-27
wind_ism_jump,fullhide_1d,sync,10 GHz,1.000000000000e+10,4.717199138213e-01,3.797725355125e-27
wind_ism_jump,fullhide_1d,sync,10 GHz,1.000000000000e+10,5.726572150092e-01,4.251255761253e-27
wind_ism_jump,fullhide_1d,sync,10 GHz,1.000000000000e+10,6.951927961776e-01,4.739299696833e-27
wind_ism_jump,fullhide_1d,sync,10 GHz,1.000000000000e+10,8.439481965654e-01,5.302221859774e-27
wind_ism_jump,fullhide_1d,sync,10 GHz,1.000000000000e+10,1.024533859387e+00,5.866139830186e-27
wind_ism_jump,fullhide_1d,sync,10 GHz,1.000000000000e+10,1.243760734726e+00,6.501333575939e-27
wind_ism_jump,fullhide_1d,sync,10 GHz,1.000000000000e+10,1.509897160618e+00,7.179041048760e-27
wind_ism_jump,fullhide_1d,sync,10 GHz,1.000000000000e+10,1.832980710832e+00,7.918172198105e-27
wind_ism_jump,fullhide_1d,sync,10 GHz,1.000000000000e+10,2.225196770956e+00,8.711257287209e-27
wind_ism_jump,fullhide_1d,sync,10 GHz,1.000000000000e+10,2.701338121133e+00,9.569252404629e-27
wind_ism_jump,fullhide_1d,sync,10 GHz,1.000000000000e+10,3.279362859021e+00,1.050723097589e-26
wind_ism_jump,fullhide_1d,sync,10 GHz,1.000000000000e+10,3.981071705535e+00,1.153127407591e-26
wind_ism_jump,fullhide_1d,sync,10 GHz,1.000000000000e+10,4.832930238572e+00,1.265852298851e-26
wind_ism_jump,fullhide_1d,sync,10 GHz,1.000000000000e+10,5.867067065993e+00,1.389958061582e-26
wind_ism_jump,fullhide_1d,sync,10 GHz,1.000000000000e+10,7.122485584860e+00,1.527300405176e-26
wind_ism_jump,fullhide_1d,sync,10 GHz,1.000000000000e+10,8.646535029500e+00,1.679723206336e-26
wind_ism_jump,fullhide_1d,sync,10 GHz,1.000000000000e+10,1.049669629031e+01,1.849417763446e-26
wind_ism_jump,fullhide_1d,sync,10 GHz,1.000000000000e+10,1.274274985703e+01,2.038611864120e-26
wind_ism_jump,fullhide_1d,sync,10 GHz,1.000000000000e+10,1.546940765246e+01,2.250398707186e-26
wind_ism_jump,fullhide_1d,sync,10 GHz,1.000000000000e+10,1.877950801851e+01,2.487779515608e-26
wind_ism_jump,fullhide_1d,sync,10 GHz,1.000000000000e+10,2.279789435644e+01,2.754565232597e-26
wind_ism_jump,fullhide_1d,sync,10 GHz,1.000000000000e+10,2.767612370754e+01,3.055063235900e-26
wind_ism_jump,fullhide_1d,sync,10 GHz,1.000000000000e+10,3.359818286284e+01,3.394533225641e-26
wind_ism_jump,fullhide_1d,sync,10 GHz,1.000000000000e+10,4.078742758969e+01,3.778688404359e-26
wind_ism_jump,fullhide_1d,sync,10 GHz,1.000000000000e+10,4.951500669473e+01,4.214770623606e-26
wind_ism_jump,fullhide_1d,sync,10 GHz,1.000000000000e+10,6.011008864406e+01,4.711159130490e-26
wind_ism_jump,fullhide_1d,sync,10 GHz,1.000000000000e+10,7.297227644686e+01,5.277972432628e-26
wind_ism_jump,fullhide_1d,sync,10 GHz,1.000000000000e+10,8.858667904101e+01,5.927112929199e-26
wind_ism_jump,fullhide_1d,sync,10 GHz,1.000000000000e+10,1.075422076113e+02,6.673706150852e-26
wind_ism_jump,fullhide_1d,sync,10 GHz,1.000000000000e+10,1.305537869023e+02,7.534601635643e-26
wind_ism_jump,fullhide_1d,sync,10 GHz,1.000000000000e+10,1.584893192461e+02,8.531585589987e-26
wind_ism_jump,fullhide_1d,sync,10 GHz,1.000000000000e+10,1.924024182760e+02,9.691204000164e-26
wind_ism_jump,fullhide_1d,sync,10 GHz,1.000000000000e+10,2.335721469090e+02,1.104719749518e-25
wind_ism_jump,fullhide_1d,sync,10 GHz,1.000000000000e+10,2.835512583497e+02,1.263966405257e-25
wind_ism_jump,fullhide_1d,sync,10 GHz,1.000000000000e+10,3.442247595686e+02,1.450151045093e-25
wind_ism_jump,fullhide_1d,sync,10 GHz,1.000000000000e+10,4.178810060294e+02,1.667976698203e-25
wind_ism_jump,fullhide_1d,sync,10 GHz,1.000000000000e+10,5.072980090654e+02,1.925588469616e-25
wind_ism_jump,fullhide_1d,sync,10 GHz,1.000000000000e+10,6.158482110660e+02,2.230479196696e-25
wind_ism_jump,fullhide_1d,sync,10 GHz,1.000000000000e+10,7.476256801638e+02,2.589727724923e-25
wind_ism_jump,fullhide_1d,sync,10 GHz,1.000000000000e+10,9.076005216818e+02,3.008294433635e-25
wind_ism_jump,fullhide_1d,sync,10 GHz,1.000000000000e+10,1.101806330110e+03,3.485960414971e-25
wind_ism_jump,fullhide_1d,sync,10 GHz,1.000000000000e+10,1.337567751526e+03,3.977999653462e-25
wind_ism_jump,fullhide_1d,sync,10 GHz,1.000000000000e+10,1.623776739189e+03,4.472794797817e-25
wind_ism_jump,fullhide_1d,sync,10 GHz,1.000000000000e+10,1.971227921518e+03,4.996171319865e-25
wind_ism_jump,fullhide_1d,sync,10 GHz,1.000000000000e+10,2.393025731180e+03,5.536345502032e-25
wind_ism_jump,fullhide_1d,sync,10 GHz,1.000000000000e+10,2.905078650511e+03,6.076211646335e-25
wind_ism_jump,fullhide_1d,sync,10 GHz,1.000000000000e+10,3.526699214175e+03,6.592714241156e-25
wind_ism_jump,fullhide_1d,sync,10 GHz,1.000000000000e+10,4.281332398719e+03,7.062438573791e-25
wind_ism_jump,fullhide_1d,sync,10 GHz,1.000000000000e+10,5.197439870872e+03,7.463234242988e-25
wind_ism_jump,fullhide_1d,sync,10 GHz,1.000000000000e+10,6.309573444802e+03,7.772871868226e-25
wind_ism_jump,fullhide_1d,sync,10 GHz,1.000000000000e+10,7.659678234752e+03,7.967137457055e-25
wind_ism_jump,fullhide_1d,sync,10 GHz,1.000000000000e+10,9.298674652605e+03,8.039476424836e-25
wind_ism_jump,fullhide_1d,sync,10 GHz,1.000000000000e+10,1.128837891685e+04,8.024608299858e-25
wind_ism_jump,fullhide_1d,sync,10 GHz,1.000000000000e+10,1.370383450663e+04,7.939589229349e-25
wind_ism_jump,fullhide_1d,sync,10 GHz,1.000000000000e+10,1.663614249384e+04,7.792760446636e-25
wind_ism_jump,fullhide_1d,sync,10 GHz,1.000000000000e+10,2.019589750164e+04,7.597804463313e-25
wind_ism_jump,fullhide_1d,sync,10 GHz,1.000000000000e+10,2.451735887979e+04,7.366531923429e-25
wind_ism_jump,fullhide_1d,sync,10 GHz,1.000000000000e+10,2.976351441631e+04,7.106298790162e-25
wind_ism_jump,fullhide_1d,sync,10 GHz,1.000000000000e+10,3.613222756796e+04,6.823419014826e-25
wind_ism_jump,fullhide_1d,sync,10 GHz,1.000000000000e+10,4.386370005780e+04,6.525581278134e-25
wind_ism_jump,fullhide_1d,sync,10 GHz,1.000000000000e+10,5.324953129838e+04,6.215427920550e-25
wind_ism_jump,fullhide_1d,sync,10 GHz,1.000000000000e+10,6.464371632490e+04,5.890588123293e-25
wind_ism_jump,fullhide_1d,sync,10 GHz,1.000000000000e+10,7.847599703515e+04,5.550150547173e-25
wind_ism_jump,fullhide_1d,sync,10 GHz,1.000000000000e+10,9.526807029020e+04,5.203116741614e-25
wind_ism_jump,fullhide_1d,sync,10 GHz,1.000000000000e+10,1.156532641790e+05,4.862221224759e-25
wind_ism_jump,fullhide_1d,sync,10 GHz,1.000000000000e+10,1.404004245548e+05,4.532630794495e-25
wind_ism_jump,fullhide_1d,sync,10 GHz,1.000000000000e+10,1.704429127453e+05,4.123649074859e-25
wind_ism_jump,fullhide_1d,sync,10 GHz,1.000000000000e+10,2.069138081115e+05,3.216737769590e-25
wind_ism_jump,fullhide_1d,sync,10 GHz,1.000000000000e+10,2.511886431510e+05,2.774235992793e-25
wind_ism_jump,fullhide_1d,sync,10 GHz,1.000000000000e+10,3.049372829387e+05,2.757796020103e-25
wind_ism_jump,fullhide_1d,sync,10 GHz,1.000000000000e+10,3.701869055846e+05,2.476547041033e-25
wind_ism_jump,fullhide_1d,sync,10 GHz,1.000000000000e+10,4.493984590722e+05,2.287656892960e-25
wind_ism_jump,fullhide_1d,sync,10 GHz,1.000000000000e+10,5.455594781169e+05,2.142126921644e-25
wind_ism_jump,fullhide_1d,sync,10 GHz,1.000000000000e+10,6.622967617148e+05,2.039971902915e-25
wind_ism_jump,fullhide_1d,sync,10 GHz,1.000000000000e+10,8.040131611168e+05,1.934021506249e-25
wind_ism_jump,fullhide_1d,sync,10 GHz,1.000000000000e+10,9.760536373079e+05,1.830455023807e-25
wind_ism_jump,fullhide_1d,sync,10 GHz,1.000000000000e+10,1.184906851001e+06,1.734900859851e-25
wind_ism_jump,fullhide_1d,sync,10 GHz,1.000000000000e+10,1.438449888288e+06,1.618646468935e-25
wind_ism_jump,fullhide_1d,sync,10 GHz,1.000000000000e+10,1.746245352002e+06,1.485625803809e-25
wind_ism_jump,fullhide_1d,sync,10 GHz,1.000000000000e+10,2.119902023850e+06,1.336295187441e-25
wind_ism_jump,fullhide_1d,sync,10 GHz,1.000000000000e+10,2.573512700017e+06,1.168997767228e-25
wind_ism_jump,fullhide_1d,sync,10 GHz,1.000000000000e+10,3.124185713603e+06,9.935625434811e-26
wind_ism_jump,fullhide_1d,sync,10 GHz,1.000000000000e+10,3.792690190732e+06,8.234905647790e-26
wind_ism_jump,fullhide_1d,sync,10 GHz,1.000000000000e+10,4.604239376759e+06,6.666433649864e-26
wind_ism_jump,fullhide_1d,sync,10 GHz,1.000000000000e+10,5.589441576403e+06,5.294060796924e-26
wind_ism_jump,fullhide_1d,sync,10 GHz,1.000000000000e+10,6.785454573394e+06,4.143930205592e-26
wind_ism_jump,fullhide_1d,sync,10 GHz,1.000000000000e+10,8.237387069571e+06,3.209626801594e-26
wind_ism_jump,fullhide_1d,sync,10 GHz,1.000000000000e+10,1.000000000000e+07,2.466793639443e-26
wind_ism_jump,fullhide_1d,sync,R band,4.560000000000e+14,1.000000000000e-01,3.003794092444e-23
wind_ism_jump,fullhide_1d,sync,R band,4.560000000000e+14,1.213977189070e-01,3.523133939170e-23
wind_ism_jump,fullhide_1d,sync,R band,4.560000000000e+14,1.473740615582e-01,4.131692243039e-23
wind_ism_jump,fullhide_1d,sync,R band,4.560000000000e+14,1.789087489923e-01,4.842297698806e-23
wind_ism_jump,fullhide_1d,sync,R band,4.560000000000e+14,2.171911402017e-01,5.669108413398e-23
wind_ism_jump,fullhide_1d,sync,R band,4.560000000000e+14,2.636650898730e-01,6.623317609833e-23
wind_ism_jump,fullhide_1d,sync,R band,4.560000000000e+14,3.200834046600e-01,7.711315795576e-23
wind_ism_jump,fullhide_1d,sync,R band,4.560000000000e+14,3.885739518571e-01,8.918750892053e-23
wind_ism_jump,fullhide_1d,sync,R band,4.560000000000e+14,4.717199138213e-01,1.021433757176e-22
wind_ism_jump,fullhide_1d,sync,R band,4.560000000000e+14,5.726572150092e-01,1.152322234568e-22
wind_ism_jump,fullhide_1d,sync,R band,4.560000000000e+14,6.951927961776e-01,1.272514580446e-22
wind_ism_jump,fullhide_1d,sync,R band,4.560000000000e+14,8.439481965654e-01,1.367486126643e-22
wind_ism_jump,fullhide_1d,sync,R band,4.560000000000e+14,1.024533859387e+00,1.423010307646e-22
wind_ism_jump,fullhide_1d,sync,R band,4.560000000000e+14,1.243760734726e+00,1.431175649567e-22
wind_ism_jump,fullhide_1d,sync,R band,4.560000000000e+14,1.509897160618e+00,1.390487541339e-22
wind_ism_jump,fullhide_1d,sync,R band,4.560000000000e+14,1.832980710832e+00,1.309883393906e-22
wind_ism_jump,fullhide_1d,sync,R band,4.560000000000e+14,2.225196770956e+00,1.201348241927e-22
wind_ism_jump,fullhide_1d,sync,R band,4.560000000000e+14,2.701338121133e+00,1.074322876554e-22
wind_ism_jump,fullhide_1d,sync,R band,4.560000000000e+14,3.279362859021e+00,9.413152337170e-23
wind_ism_jump,fullhide_1d,sync,R band,4.560000000000e+14,3.981071705535e+00,8.096527437068e-23
wind_ism_jump,fullhide_1d,sync,R band,4.560000000000e+14,4.832930238572e+00,6.871773432481e-23
wind_ism_jump,fullhide_1d,sync,R band,4.560000000000e+14,5.867067065993e+00,5.756318517315e-23
wind_ism_jump,fullhide_1d,sync,R band,4.560000000000e+14,7.122485584860e+00,4.757038709348e-23
wind_ism_jump,fullhide_1d,sync,R band,4.560000000000e+14,8.646535029500e+00,3.889994510302e-23
wind_ism_jump,fullhide_1d,sync,R band,4.560000000000e+14,1.049669629031e+01,3.165878560119e-23
wind_ism_jump,fullhide_1d,sync,R band,4.560000000000e+14,1.274274985703e+01,2.564546597889e-23
wind_ism_jump,fullhide_1d,sync,R band,4.560000000000e+14,1.546940765246e+01,2.082296055158e-23
wind_ism_jump,fullhide_1d,sync,R band,4.560000000000e+14,1.877950801851e+01,1.697992336928e-23
wind_ism_jump,fullhide_1d,sync,R band,4.560000000000e+14,2.279789435644e+01,1.401532262399e-23
wind_ism_jump,fullhide_1d,sync,R band,4.560000000000e+14,2.767612370754e+01,1.179299371581e-23
wind_ism_jump,fullhide_1d,sync,R band,4.560000000000e+14,3.359818286284e+01,1.017779755601e-23
wind_ism_jump,fullhide_1d,sync,R band,4.560000000000e+14,4.078742758969e+01,9.033354846086e-24
wind_ism_jump,fullhide_1d,sync,R band,4.560000000000e+14,4.951500669473e+01,8.260360050722e-24
wind_ism_jump,fullhide_1d,sync,R band,4.560000000000e+14,6.011008864406e+01,7.784241153019e-24
wind_ism_jump,fullhide_1d,sync,R band,4.560000000000e+14,7.297227644686e+01,7.534608823913e-24
wind_ism_jump,fullhide_1d,sync,R band,4.560000000000e+14,8.858667904101e+01,7.453158384359e-24
wind_ism_jump,fullhide_1d,sync,R band,4.560000000000e+14,1.075422076113e+02,7.488409784626e-24
wind_ism_jump,fullhide_1d,sync,R band,4.560000000000e+14,1.305537869023e+02,7.610759570662e-24
wind_ism_jump,fullhide_1d,sync,R band,4.560000000000e+14,1.584893192461e+02,7.794489776427e-24
wind_ism_jump,fullhide_1d,sync,R band,4.560000000000e+14,1.924024182760e+02,8.023948559442e-24
wind_ism_jump,fullhide_1d,sync,R band,4.560000000000e+14,2.335721469090e+02,8.288416778573e-24
wind_ism_jump,fullhide_1d,sync,R band,4.560000000000e+14,2.835512583497e+02,8.573277820315e-24
wind_ism_jump,fullhide_1d,sync,R band,4.560000000000e+14,3.442247595686e+02,8.877983472464e-24
wind_ism_jump,fullhide_1d,sync,R band,4.560000000000e+14,4.178810060294e+02,9.200055709306e-24
wind_ism_jump,fullhide_1d,sync,R band,4.560000000000e+14,5.072980090654e+02,9.531381000470e-24
wind_ism_jump,fullhide_1d,sync,R band,4.560000000000e+14,6.158482110660e+02,9.864451279226e-24
wind_ism_jump,fullhide_1d,sync,R band,4.560000000000e+14,7.476256801638e+02,1.019749850816e-23
wind_ism_jump,fullhide_1d,sync,R band,4.560000000000e+14,9.076005216818e+02,1.050181459151e-23
wind_ism_jump,fullhide_1d,sync,R band,4.560000000000e+14,1.101806330110e+03,1.077295456771e-23
wind_ism_jump,fullhide_1d,sync,R band,4.560000000000e+14,1.337567751526e+03,1.099676563816e-23
wind_ism_jump,fullhide_1d,sync,R band,4.560000000000e+14,1.623776739189e+03,1.115691864326e-23
wind_ism_jump,fullhide_1d,sync,R band,4.560000000000e+14,1.971227921518e+03,1.123644105854e-23
wind_ism_jump,fullhide_1d,sync,R band,4.560000000000e+14,2.393025731180e+03,1.121417770489e-23
wind_ism_jump,fullhide_1d,sync,R band,4.560000000000e+14,2.905078650511e+03,1.106714327850e-23
wind_ism_jump,fullhide_1d,sync,R band,4.560000000000e+14,3.526699214175e+03,1.077225691790e-23
wind_ism_jump,fullhide_1d,sync,R band,4.560000000000e+14,4.281332398719e+03,1.031157982984e-23
wind_ism_jump,fullhide_1d,sync,R band,4.560000000000e+14,5.197439870872e+03,9.674630582904e-24
wind_ism_jump,fullhide_1d,sync,R band,4.560000000000e+14,6.309573444802e+03,8.865858264975e-24
wind_ism_jump,fullhide_1d,sync,R band,4.560000000000e+14,7.659678234752e+03,7.871474906312e-24
wind_ism_jump,fullhide_1d,sync,R band,4.560000000000e+14,9.298674652605e+03,6.699601647627e-24
wind_ism_jump,fullhide_1d,sync,R band,4.560000000000e+14,1.128837891685e+04,5.460452025330e-24
wind_ism_jump,fullhide_1d,sync,R band,4.560000000000e+14,1.370383450663e+04,4.265075099445e-24
wind_ism_jump,fullhide_1d,sync,R band,4.560000000000e+14,1.663614249384e+04,3.198286227585e-24
wind_ism_jump,fullhide_1d,sync,R band,4.560000000000e+14,2.019589750164e+04,2.316723701494e-24
wind_ism_jump,fullhide_1d,sync,R band,4.560000000000e+14,2.451735887979e+04,1.635200337325e-24
wind_ism_jump,fullhide_1d,sync,R band,4.560000000000e+14,2.976351441631e+04,1.134553428765e-24
wind_ism_jump,fullhide_1d,sync,R band,4.560000000000e+14,3.613222756796e+04,7.794766097924e-25
wind_ism_jump,fullhide_1d,sync,R band,4.560000000000e+14,4.386370005780e+04,5.327199648609e-25
wind_ism_jump,fullhide_1d,sync,R band,4.560000000000e+14,5.324953129838e+04,3.628517053422e-25
wind_ism_jump,fullhide_1d,sync,R band,4.560000000000e+14,6.464371632490e+04,2.466408054017e-25
wind_ism_jump,fullhide_1d,sync,R band,4.560000000000e+14,7.847599703515e+04,1.672386401332e-25
wind_ism_jump,fullhide_1d,sync,R band,4.560000000000e+14,9.526807029020e+04,1.132158695860e-25
wind_ism_jump,fullhide_1d,sync,R band,4.560000000000e+14,1.156532641790e+05,7.650778999748e-26
wind_ism_jump,fullhide_1d,sync,R band,4.560000000000e+14,1.404004245548e+05,5.165856443513e-26
wind_ism_jump,fullhide_1d,sync,R band,4.560000000000e+14,1.704429127453e+05,3.401564145393e-26
wind_ism_jump,fullhide_1d,sync,R band,4.560000000000e+14,2.069138081115e+05,1.903865726987e-26
wind_ism_jump,fullhide_1d,sync,R band,4.560000000000e+14,2.511886431510e+05,1.400085211671e-26
wind_ism_jump,fullhide_1d,sync,R band,4.560000000000e+14,3.049372829387e+05,1.197978191040e-26
wind_ism_jump,fullhide_1d,sync,R band,4.560000000000e+14,3.701869055846e+05,7.187806068769e-27
wind_ism_jump,fullhide_1d,sync,R band,4.560000000000e+14,4.493984590722e+05,4.560724537718e-27
wind_ism_jump,fullhide_1d,sync,R band,4.560000000000e+14,5.455594781169e+05,3.011092951128e-27
wind_ism_jump,fullhide_1d,sync,R band,4.560000000000e+14,6.622967617148e+05,2.042298064311e-27
wind_ism_jump,fullhide_1d,sync,R band,4.560000000000e+14,8.040131611168e+05,1.407413849026e-27
wind_ism_jump,fullhide_1d,sync,R band,4.560000000000e+14,9.760536373079e+05,9.813609840846e-28
wind_ism_jump,fullhide_1d,sync,R band,4.560000000000e+14,1.184906851001e+06,6.906828650589e-28
wind_ism_jump,fullhide_1d,sync,R band,4.560000000000e+14,1.438449888288e+06,4.896897407976e-28
wind_ism_jump,fullhide_1d,sync,R band,4.560000000000e+14,1.746245352002e+06,3.484366716199e-28
wind_ism_jump,fullhide_1d,sync,R band,4.560000000000e+14,2.119902023850e+06,2.484921760343e-28
wind_ism_jump,fullhide_1d,sync,R band,4.560000000000e+14,2.573512700017e+06,1.775195639752e-28
wind_ism_jump,fullhide_1d,sync,R band,4.560000000000e+14,3.124185713603e+06,1.271938657603e-28
wind_ism_jump,fullhide_1d,sync,R band,4.560000000000e+14,3.792690190732e+06,9.159910450901e-29
wind_ism_jump,fullhide_1d,sync,R band,4.560000000000e+14,4.604239376759e+06,6.631084557815e-29
wind_ism_jump,fullhide_1d,sync,R band,4.560000000000e+14,5.589441576403e+06,4.808383394628e-29
wind_ism_jump,fullhide_1d,sync,R band,4.560000000000e+14,6.785454573394e+06,3.488517681733e-29
wind_ism_jump,fullhide_1d,sync,R band,4.560000000000e+14,8.237387069571e+06,2.535050800963e-29
wind_ism_jump,fullhide_1d,sync,R band,4.560000000000e+14,1.000000000000e+07,1.845334330071e-29
wind_ism_jump,fullhide_1d,sync,1 keV,2.417989242000e+17,1.000000000000e-01,2.187614311938e-22
wind_ism_jump,fullhide_1d,sync,1 keV,2.417989242000e+17,1.213977189070e-01,2.453957315452e-22
wind_ism_jump,fullhide_1d,sync,1 keV,2.417989242000e+17,1.473740615582e-01,2.704781245526e-22
wind_ism_jump,fullhide_1d,sync,1 keV,2.417989242000e+17,1.789087489923e-01,2.909182413924e-22
wind_ism_jump,fullhide_1d,sync,1 keV,2.417989242000e+17,2.171911402017e-01,3.036801503622e-22
wind_ism_jump,fullhide_1d,sync,1 keV,2.417989242000e+17,2.636650898730e-01,3.055426167371e-22
wind_ism_jump,fullhide_1d,sync,1 keV,2.417989242000e+17,3.200834046600e-01,2.940490261467e-22
wind_ism_jump,fullhide_1d,sync,1 keV,2.417989242000e+17,3.885739518571e-01,2.683250656769e-22
wind_ism_jump,fullhide_1d,sync,1 keV,2.417989242000e+17,4.717199138213e-01,2.309400724403e-22
wind_ism_jump,fullhide_1d,sync,1 keV,2.417989242000e+17,5.726572150092e-01,1.866863253791e-22
wind_ism_jump,fullhide_1d,sync,1 keV,2.417989242000e+17,6.951927961776e-01,1.416361638282e-22
wind_ism_jump,fullhide_1d,sync,1 keV,2.417989242000e+17,8.439481965654e-01,1.012299813319e-22
wind_ism_jump,fullhide_1d,sync,1 keV,2.417989242000e+17,1.024533859387e+00,6.890113478626e-23
wind_ism_jump,fullhide_1d,sync,1 keV,2.417989242000e+17,1.243760734726e+00,4.543323524725e-23
wind_ism_jump,fullhide_1d,sync,1 keV,2.417989242000e+17,1.509897160618e+00,2.999651040807e-23
wind_ism_jump,fullhide_1d,sync,1 keV,2.417989242000e+17,1.832980710832e+00,2.033491011612e-23
wind_ism_jump,fullhide_1d,sync,1 keV,2.417989242000e+17,2.225196770956e+00,1.457389518658e-23
wind_ism_jump,fullhide_1d,sync,1 keV,2.417989242000e+17,2.701338121133e+00,1.140659676871e-23
wind_ism_jump,fullhide_1d,sync,1 keV,2.417989242000e+17,3.279362859021e+00,9.760891380763e-24
wind_ism_jump,fullhide_1d,sync,1 keV,2.417989242000e+17,3.981071705535e+00,8.993960483604e-24
wind_ism_jump,fullhide_1d,sync,1 keV,2.417989242000e+17,4.832930238572e+00,8.698239660781e-24
wind_ism_jump,fullhide_1d,sync,1 keV,2.417989242000e+17,5.867067065993e+00,8.654436965780e-24
wind_ism_jump,fullhide_1d,sync,1 keV,2.417989242000e+17,7.122485584860e+00,8.722527482596e-24
wind_ism_jump,fullhide_1d,sync,1 keV,2.417989242000e+17,8.646535029500e+00,8.821617513476e-24
wind_ism_jump,fullhide_1d,sync,1 keV,2.417989242000e+17,1.049669629031e+01,8.913781043202e-24
wind_ism_jump,fullhide_1d,sync,1 keV,2.417989242000e+17,1.274274985703e+01,8.945029165076e-24
wind_ism_jump,fullhide_1d,sync,1 keV,2.417989242000e+17,1.546940765246e+01,8.946610973312e-24
wind_ism_jump,fullhide_1d,sync,1 keV,2.417989242000e+17,1.877950801851e+01,8.903370433929e-24
wind_ism_jump,fullhide_1d,sync,1 keV,2.417989242000e+17,2.279789435644e+01,8.814577385603e-24
wind_ism_jump,fullhide_1d,sync,1 keV,2.417989242000e+17,2.767612370754e+01,8.672001629053e-24
wind_ism_jump,fullhide_1d,sync,1 keV,2.417989242000e+17,3.359818286284e+01,8.473617979425e-24
wind_ism_jump,fullhide_1d,sync,1 keV,2.417989242000e+17,4.078742758969e+01,8.193856887252e-24
wind_ism_jump,fullhide_1d,sync,1 keV,2.417989242000e+17,4.951500669473e+01,7.858834635589e-24
wind_ism_jump,fullhide_1d,sync,1 keV,2.417989242000e+17,6.011008864406e+01,7.464939447324e-24
wind_ism_jump,fullhide_1d,sync,1 keV,2.417989242000e+17,7.297227644686e+01,7.014029076849e-24
wind_ism_jump,fullhide_1d,sync,1 keV,2.417989242000e+17,8.858667904101e+01,6.512900355232e-24
wind_ism_jump,fullhide_1d,sync,1 keV,2.417989242000e+17,1.075422076113e+02,5.959899739948e-24
wind_ism_jump,fullhide_1d,sync,1 keV,2.417989242000e+17,1.305537869023e+02,5.346178935699e-24
wind_ism_jump,fullhide_1d,sync,1 keV,2.417989242000e+17,1.584893192461e+02,4.721783898777e-24
wind_ism_jump,fullhide_1d,sync,1 keV,2.417989242000e+17,1.924024182760e+02,4.109345766918e-24
wind_ism_jump,fullhide_1d,sync,1 keV,2.417989242000e+17,2.335721469090e+02,3.524011873253e-24
wind_ism_jump,fullhide_1d,sync,1 keV,2.417989242000e+17,2.835512583497e+02,2.978008994698e-24
wind_ism_jump,fullhide_1d,sync,1 keV,2.417989242000e+17,3.442247595686e+02,2.481828759390e-24
wind_ism_jump,fullhide_1d,sync,1 keV,2.417989242000e+17,4.178810060294e+02,2.039201074323e-24
wind_ism_jump,fullhide_1d,sync,1 keV,2.417989242000e+17,5.072980090654e+02,1.656905081064e-24
wind_ism_jump,fullhide_1d,sync,1 keV,2.417989242000e+17,6.158482110660e+02,1.332433867366e-24
wind_ism_jump,fullhide_1d,sync,1 keV,2.417989242000e+17,7.476256801638e+02,1.062933121705e-24
wind_ism_jump,fullhide_1d,sync,1 keV,2.417989242000e+17,9.076005216818e+02,8.425250715932e-25
wind_ism_jump,fullhide_1d,sync,1 keV,2.417989242000e+17,1.101806330110e+03,6.649502705189e-25
wind_ism_jump,fullhide_1d,sync,1 keV,2.417989242000e+17,1.337567751526e+03,5.230205068148e-25
wind_ism_jump,fullhide_1d,sync,1 keV,2.417989242000e+17,1.623776739189e+03,4.104257527143e-25
wind_ism_jump,fullhide_1d,sync,1 keV,2.417989242000e+17,1.971227921518e+03,3.216626200316e-25
wind_ism_jump,fullhide_1d,sync,1 keV,2.417989242000e+17,2.393025731180e+03,2.518184762534e-25
wind_ism_jump,fullhide_1d,sync,1 keV,2.417989242000e+17,2.905078650511e+03,1.969210458358e-25
wind_ism_jump,fullhide_1d,sync,1 keV,2.417989242000e+17,3.526699214175e+03,1.538028837275e-25
wind_ism_jump,fullhide_1d,sync,1 keV,2.417989242000e+17,4.281332398719e+03,1.198357634560e-25
wind_ism_jump,fullhide_1d,sync,1 keV,2.417989242000e+17,5.197439870872e+03,9.287711531397e-26
wind_ism_jump,fullhide_1d,sync,1 keV,2.417989242000e+17,6.309573444802e+03,7.113603607677e-26
wind_ism_jump,fullhide_1d,sync,1 keV,2.417989242000e+17,7.659678234752e+03,5.324575217447e-26
wind_ism_jump,fullhide_1d,sync,1 keV,2.417989242000e+17,9.298674652605e+03,3.902335297191e-26
wind_ism_jump,fullhide_1d,sync,1 keV,2.417989242000e+17,1.128837891685e+04,2.851294105327e-26
wind_ism_jump,fullhide_1d,sync,1 keV,2.417989242000e+17,1.370383450663e+04,2.076978925989e-26
wind_ism_jump,fullhide_1d,sync,1 keV,2.417989242000e+17,1.663614249384e+04,1.507341767845e-26
wind_ism_jump,fullhide_1d,sync,1 keV,2.417989242000e+17,2.019589750164e+04,1.089192784651e-26
wind_ism_jump,fullhide_1d,sync,1 keV,2.417989242000e+17,2.451735887979e+04,7.833532036947e-27
wind_ism_jump,fullhide_1d,sync,1 keV,2.417989242000e+17,2.976351441631e+04,5.606709660266e-27
wind_ism_jump,fullhide_1d,sync,1 keV,2.417989242000e+17,3.613222756796e+04,3.993669886895e-27
wind_ism_jump,fullhide_1d,sync,1 keV,2.417989242000e+17,4.386370005780e+04,2.831358074809e-27
wind_ism_jump,fullhide_1d,sync,1 keV,2.417989242000e+17,5.324953129838e+04,1.998023816089e-27
wind_ism_jump,fullhide_1d,sync,1 keV,2.417989242000e+17,6.464371632490e+04,1.404320439284e-27
wind_ism_jump,fullhide_1d,sync,1 keV,2.417989242000e+17,7.847599703515e+04,9.829203911538e-28
wind_ism_jump,fullhide_1d,sync,1 keV,2.417989242000e+17,9.526807029020e+04,6.858205921034e-28
wind_ism_jump,fullhide_1d,sync,1 keV,2.417989242000e+17,1.156532641790e+05,4.771037570344e-28
wind_ism_jump,fullhide_1d,sync,1 keV,2.417989242000e+17,1.404004245548e+05,3.312107511828e-28
wind_ism_jump,fullhide_1d,sync,1 keV,2.417989242000e+17,1.704429127453e+05,2.234865957203e-28
wind_ism_jump,fullhide_1d,sync,1 keV,2.417989242000e+17,2.069138081115e+05,1.280614364844e-28
wind_ism_jump,fullhide_1d,sync,1 keV,2.417989242000e+17,2.511886431510e+05,1.024761580744e-28
wind_ism_jump,fullhide_1d,sync,1 keV,2.417989242000e+17,3.049372829387e+05,8.685787056719e-29
wind_ism_jump,fullhide_1d,sync,1 keV,2.417989242000e+17,3.701869055846e+05,4.668881594449e-29
wind_ism_jump,fullhide_1d,sync,1 keV,2.417989242000e+17,4.493984590722e+05,2.653139895921e-29
wind_ism_jump,fullhide_1d,sync,1 keV,2.417989242000e+17,5.455594781169e+05,1.589442666848e-29
wind_ism_jump,fullhide_1d,sync,1 keV,2.417989242000e+17,6.622967617148e+05,9.927920160986e-30
wind_ism_jump,fullhide_1d,sync,1 keV,2.417989242000e+17,8.040131611168e+05,6.377206478850e-30
wind_ism_jump,fullhide_1d,sync,1 keV,2.417989242000e+17,9.760536373079e+05,4.185494507461e-30
wind_ism_jump,fullhide_1d,sync,1 keV,2.417989242000e+17,1.184906851001e+06,2.795231850519e-30
wind_ism_jump,fullhide_1d,sync,1 keV,2.417989242000e+17,1.438449888288e+06,1.893070815678e-30
wind_ism_jump,fullhide_1d,sync,1 keV,2.417989242000e+17,1.746245352002e+06,1.292024839012e-30
wind_ism_jump,fullhide_1d,sync,1 keV,2.417989242000e+17,2.119902023850e+06,8.862286273485e-31
wind_ism_jump,fullhide_1d,sync,1 keV,2.417989242000e+17,2.573512700017e+06,6.101038610147e-31
wind_ism_jump,fullhide_1d,sync,1 keV,2.417989242000e+17,3.124185713603e+06,4.221444943952e-31
wind_ism_jump,fullhide_1d,sync,1 keV,2.417989242000e+17,3.792690190732e+06,2.941375668945e-31
wind_ism_jump,fullhide_1d,sync,1 keV,2.417989242000e+17,4.604239376759e+06,2.063245342555e-31
wind_ism_jump,fullhide_1d,sync,1 keV,2.417989242000e+17,5.589441576403e+06,1.450688620048e-31
wind_ism_jump,fullhide_1d,sync,1 keV,2.417989242000e+17,6.785454573394e+06,1.021915561347e-31
wind_ism_jump,fullhide_1d,sync,1 keV,2.417989242000e+17,8.237387069571e+06,7.211214165215e-32
wind_ism_jump,fullhide_1d,sync,1 keV,2.417989242000e+17,1.000000000000e+07,5.096915855137e-32
wind_ism_jump,fullhide_1d,sync,100 MeV,2.417989242000e+22,1.000000000000e-01,6.711554357020e-26
wind_ism_jump,fullhide_1d,sync,100 MeV,2.417989242000e+22,1.213977189070e-01,3.929242269566e-26
wind_ism_jump,fullhide_1d,sync,100 MeV,2.417989242000e+22,1.473740615582e-01,2.048384507869e-26
wind_ism_jump,fullhide_1d,sync,100 MeV,2.417989242000e+22,1.789087489923e-01,9.286385191569e-27
wind_ism_jump,fullhide_1d,sync,100 MeV,2.417989242000e+22,2.171911402017e-01,3.304327201427e-27
wind_ism_jump,fullhide_1d,sync,100 MeV,2.417989242000e+22,2.636650898730e-01,1.089325232737e-27
wind_ism_jump,fullhide_1d,sync,100 MeV,2.417989242000e+22,3.200834046600e-01,1.681725218404e-27
wind_ism_jump,fullhide_1d,sync,100 MeV,2.417989242000e+22,3.885739518571e-01,1.046233959698e-27
wind_ism_jump,fullhide_1d,sync,100 MeV,2.417989242000e+22,4.717199138213e-01,1.381043248799e-27
wind_ism_jump,fullhide_1d,sync,100 MeV,2.417989242000e+22,5.726572150092e-01,1.760920639153e-27
wind_ism_jump,fullhide_1d,sync,100 MeV,2.417989242000e+22,6.951927961776e-01,2.186243499241e-27
wind_ism_jump,fullhide_1d,sync,100 MeV,2.417989242000e+22,8.439481965654e-01,2.614750074840e-27
wind_ism_jump,fullhide_1d,sync,100 MeV,2.417989242000e+22,1.024533859387e+00,2.874120955584e-27
wind_ism_jump,fullhide_1d,sync,100 MeV,2.417989242000e+22,1.243760734726e+00,2.978121193735e-27
wind_ism_jump,fullhide_1d,sync,100 MeV,2.417989242000e+22,1.509897160618e+00,2.896010360911e-27
wind_ism_jump,fullhide_1d,sync,100 MeV,2.417989242000e+22,1.832980710832e+00,2.673806396552e-27
wind_ism_jump,fullhide_1d,sync,100 MeV,2.417989242000e+22,2.225196770956e+00,2.370845529582e-27
wind_ism_jump,fullhide_1d,sync,100 MeV,2.417989242000e+22,2.701338121133e+00,2.039119952394e-27
wind_ism_jump,fullhide_1d,sync,100 MeV,2.417989242000e+22,3.279362859021e+00,1.715062301954e-27
wind_ism_jump,fullhide_1d,sync,100 MeV,2.417989242000e+22,3.981071705535e+00,1.416795333751e-27
wind_ism_jump,fullhide_1d,sync,100 MeV,2.417989242000e+22,4.832930238572e+00,1.158433667972e-27
wind_ism_jump,fullhide_1d,sync,100 MeV,2.417989242000e+22,5.867067065993e+00,9.379348799879e-28
wind_ism_jump,fullhide_1d,sync,100 MeV,2.417989242000e+22,7.122485584860e+00,7.532072759338e-28
wind_ism_jump,fullhide_1d,sync,100 MeV,2.417989242000e+22,8.646535029500e+00,6.017483576234e-28
wind_ism_jump,fullhide_1d,sync,100 MeV,2.417989242000e+22,1.049669629031e+01,4.792810500733e-28
wind_ism_jump,fullhide_1d,sync,100 MeV,2.417989242000e+22,1.274274985703e+01,3.795429687764e-28
wind_ism_jump,fullhide_1d,sync,100 MeV,2.417989242000e+22,1.546940765246e+01,3.003452110768e-28
wind_ism_jump,fullhide_1d,sync,100 MeV,2.417989242000e+22,1.877950801851e+01,2.368657975487e-28
wind_ism_jump,fullhide_1d,sync,100 MeV,2.417989242000e+22,2.279789435644e+01,1.865350315805e-28
wind_ism_jump,fullhide_1d,sync,100 MeV,2.417989242000e+22,2.767612370754e+01,1.465208083751e-28
wind_ism_jump,fullhide_1d,sync,100 MeV,2.417989242000e+22,3.359818286284e+01,1.151058783927e-28
wind_ism_jump,fullhide_1d,sync,100 MeV,2.417989242000e+22,4.078742758969e+01,9.022814827246e-29
wind_ism_jump,fullhide_1d,sync,100 MeV,2.417989242000e+22,4.951500669473e+01,7.061652051775e-29
wind_ism_jump,fullhide_1d,sync,100 MeV,2.417989242000e+22,6.011008864406e+01,5.524000039063e-29
wind_ism_jump,fullhide_1d,sync,100 MeV,2.417989242000e+22,7.297227644686e+01,4.319946639698e-29
wind_ism_jump,fullhide_1d,sync,100 MeV,2.417989242000e+22,8.858667904101e+01,3.376476030559e-29
wind_ism_jump,fullhide_1d,sync,100 MeV,2.417989242000e+22,1.075422076113e+02,2.638004048163e-29
wind_ism_jump,fullhide_1d,sync,100 MeV,2.417989242000e+22,1.305537869023e+02,2.058621624085e-29
wind_ism_jump,fullhide_1d,sync,100 MeV,2.417989242000e+22,1.584893192461e+02,1.605922857149e-29
wind_ism_jump,fullhide_1d,sync,100 MeV,2.417989242000e+22,1.924024182760e+02,1.252002050309e-29
wind_ism_jump,fullhide_1d,sync,100 MeV,2.417989242000e+22,2.335721469090e+02,9.762815036836e-30
wind_ism_jump,fullhide_1d,sync,100 MeV,2.417989242000e+22,2.835512583497e+02,7.608343941920e-30
wind_ism_jump,fullhide_1d,sync,100 MeV,2.417989242000e+22,3.442247595686e+02,5.928370724299e-30
wind_ism_jump,fullhide_1d,sync,100 MeV,2.417989242000e+22,4.178810060294e+02,4.616811504694e-30
wind_ism_jump,fullhide_1d,sync,100 MeV,2.417989242000e+22,5.072980090654e+02,3.591090712830e-30
wind_ism_jump,fullhide_1d,sync,100 MeV,2.417989242000e+22,6.158482110660e+02,2.789099919542e-30
wind_ism_jump,fullhide_1d,sync,100 MeV,2.417989242000e+22,7.476256801638e+02,2.166033219438e-30
wind_ism_jump,fullhide_1d,sync,100 MeV,2.417989242000e+22,9.076005216818e+02,1.682581284024e-30
wind_ism_jump,fullhide_1d,sync,100 MeV,2.417989242000e+22,1.101806330110e+03,1.308414678011e-30
wind_ism_jump,fullhide_1d,sync,100 MeV,2.417989242000e+22,1.337567751526e+03,1.018377340354e-30
wind_ism_jump,fullhide_1d,sync,100 MeV,2.417989242000e+22,1.623776739189e+03,7.935402700902e-31
wind_ism_jump,fullhide_1d,sync,100 MeV,2.417989242000e+22,1.971227921518e+03,6.192829489075e-31
wind_ism_jump,fullhide_1d,sync,100 MeV,2.417989242000e+22,2.393025731180e+03,4.839052516421e-31
wind_ism_jump,fullhide_1d,sync,100 MeV,2.417989242000e+22,2.905078650511e+03,3.785031948845e-31
wind_ism_jump,fullhide_1d,sync,100 MeV,2.417989242000e+22,3.526699214175e+03,2.962774926311e-31
wind_ism_jump,fullhide_1d,sync,100 MeV,2.417989242000e+22,4.281332398719e+03,2.318258334056e-31
wind_ism_jump,fullhide_1d,sync,100 MeV,2.417989242000e+22,5.197439870872e+03,1.808931523537e-31
wind_ism_jump,fullhide_1d,sync,100 MeV,2.417989242000e+22,6.309573444802e+03,1.400230643989e-31
wind_ism_jump,fullhide_1d,sync,100 MeV,2.417989242000e+22,7.659678234752e+03,1.065807549701e-31
wind_ism_jump,fullhide_1d,sync,100 MeV,2.417989242000e+22,9.298674652605e+03,7.986550057397e-32
wind_ism_jump,fullhide_1d,sync,100 MeV,2.417989242000e+22,1.128837891685e+04,5.966097355090e-32
wind_ism_jump,fullhide_1d,sync,100 MeV,2.417989242000e+22,1.370383450663e+04,4.443538328163e-32
wind_ism_jump,fullhide_1d,sync,100 MeV,2.417989242000e+22,1.663614249384e+04,3.298483931224e-32
wind_ism_jump,fullhide_1d,sync,100 MeV,2.417989242000e+22,2.019589750164e+04,2.439171280488e-32
wind_ism_jump,fullhide_1d,sync,100 MeV,2.417989242000e+22,2.451735887979e+04,1.796247838066e-32
wind_ism_jump,fullhide_1d,sync,100 MeV,2.417989242000e+22,2.976351441631e+04,1.317097505575e-32
wind_ism_jump,fullhide_1d,sync,100 MeV,2.417989242000e+22,3.613222756796e+04,9.616068711345e-33
wind_ism_jump,fullhide_1d,sync,100 MeV,2.417989242000e+22,4.386370005780e+04,6.990785037009e-33
wind_ism_jump,fullhide_1d,sync,100 MeV,2.417989242000e+22,5.324953129838e+04,5.060723160273e-33
wind_ism_jump,fullhide_1d,sync,100 MeV,2.417989242000e+22,6.464371632490e+04,3.649725556123e-33
wind_ism_jump,fullhide_1d,sync,100 MeV,2.417989242000e+22,7.847599703515e+04,2.621861813442e-33
wind_ism_jump,fullhide_1d,sync,100 MeV,2.417989242000e+22,9.526807029020e+04,1.877957482692e-33
wind_ism_jump,fullhide_1d,sync,100 MeV,2.417989242000e+22,1.156532641790e+05,1.341508223047e-33
wind_ism_jump,fullhide_1d,sync,100 MeV,2.417989242000e+22,1.404004245548e+05,9.564287779943e-34
wind_ism_jump,fullhide_1d,sync,100 MeV,2.417989242000e+22,1.704429127453e+05,6.602342566526e-34
wind_ism_jump,fullhide_1d,sync,100 MeV,2.417989242000e+22,2.069138081115e+05,3.667883202682e-34
wind_ism_jump,fullhide_1d,sync,100 MeV,2.417989242000e+22,2.511886431510e+05,2.389097268910e-34
wind_ism_jump,fullhide_1d,sync,100 MeV,2.417989242000e+22,3.049372829387e+05,1.726718459019e-34
wind_ism_jump,fullhide_1d,sync,100 MeV,2.417989242000e+22,3.701869055846e+05,8.393085564586e-35
wind_ism_jump,fullhide_1d,sync,100 MeV,2.417989242000e+22,4.493984590722e+05,4.591550588566e-35
wind_ism_jump,fullhide_1d,sync,100 MeV,2.417989242000e+22,5.455594781169e+05,2.696872895110e-35
wind_ism_jump,fullhide_1d,sync,100 MeV,2.417989242000e+22,6.622967617148e+05,1.656727521039e-35
wind_ism_jump,fullhide_1d,sync,100 MeV,2.417989242000e+22,8.040131611168e+05,1.046640504160e-35
wind_ism_jump,fullhide_1d,sync,100 MeV,2.417989242000e+22,9.760536373079e+05,6.750085133676e-36
wind_ism_jump,fullhide_1d,sync,100 MeV,2.417989242000e+22,1.184906851001e+06,4.425545290012e-36
wind_ism_jump,fullhide_1d,sync,100 MeV,2.417989242000e+22,1.438449888288e+06,2.940245318013e-36
wind_ism_jump,fullhide_1d,sync,100 MeV,2.417989242000e+22,1.746245352002e+06,1.967453118522e-36
wind_ism_jump,fullhide_1d,sync,100 MeV,2.417989242000e+22,2.119902023850e+06,1.320717496032e-36
wind_ism_jump,fullhide_1d,sync,100 MeV,2.417989242000e+22,2.573512700017e+06,8.880584370206e-37
wind_ism_jump,fullhide_1d,sync,100 MeV,2.417989242000e+22,3.124185713603e+06,6.002223504036e-37
wind_ism_jump,fullhide_1d,sync,100 MeV,2.417989242000e+22,3.792690190732e+06,4.086966565894e-37
wind_ism_jump,fullhide_1d,sync,100 MeV,2.417989242000e+22,4.604239376759e+06,2.803370212289e-37
wind_ism_jump,fullhide_1d,sync,100 MeV,2.417989242000e+22,5.589441576403e+06,1.928378993235e-37
wind_ism_jump,fullhide_1d,sync,100 MeV,2.417989242000e+22,6.785454573394e+06,1.329477349727e-37
wind_ism_jump,fullhide_1d,sync,100 MeV,2.417989242000e+22,8.237387069571e+06,9.185677702721e-38
wind_ism_jump,fullhide_1d,sync,100 MeV,2.417989242000e+22,1.000000000000e+07,6.360536046904e-38
wind_ism_jump,fullhide_1d,ssc,10 GHz,1.000000000000e+10,1.000000000000e-01,2.800498030641e-40
wind_ism_jump,fullhide_1d,ssc,10 GHz,1.000000000000e+10,1.213977189070e-01,3.704694834691e-40
wind_ism_jump,fullhide_1d,ssc,10 GHz,1.000000000000e+10,1.473740615582e-01,4.887383431626e-40
wind_ism_jump,fullhide_1d,ssc,10 GHz,1.000000000000e+10,1.789087489923e-01,6.436337399990e-40
wind_ism_jump,fullhide_1d,ssc,10 GHz,1.000000000000e+10,2.171911402017e-01,8.451115815854e-40
wind_ism_jump,fullhide_1d,ssc,10 GHz,1.000000000000e+10,2.636650898730e-01,1.106278093784e-39
wind_ism_jump,fullhide_1d,ssc,10 GHz,1.000000000000e+10,3.200834046600e-01,1.444069157506e-39
wind_ism_jump,fullhide_1d,ssc,10 GHz,1.000000000000e+10,3.885739518571e-01,1.875274422455e-39
wind_ism_jump,fullhide_1d,ssc,10 GHz,1.000000000000e+10,4.717199138213e-01,2.422234072799e-39
wind_ism_jump,fullhide_1d,ssc,10 GHz,1.000000000000e+10,5.726572150092e-01,3.103259721794e-39
wind_ism_jump,fullhide_1d,ssc,10 GHz,1.000000000000e+10,6.951927961776e-01,3.934728815315e-39
wind_ism_jump,fullhide_1d,ssc,10 GHz,1.000000000000e+10,8.439481965654e-01,4.924412492536e-39
wind_ism_jump,fullhide_1d,ssc,10 GHz,1.000000000000e+10,1.024533859387e+00,6.071293377968e-39
wind_ism_jump,fullhide_1d,ssc,10 GHz,1.000000000000e+10,1.243760734726e+00,7.365635646212e-39
wind_ism_jump,fullhide_1d,ssc,10 GHz,1.000000000000e+10,1.509897160618e+00,8.793102608184e-39
wind_ism_jump,fullhide_1d,ssc,10 GHz,1.000000000000e+10,1.832980710832e+00,1.035082693088e-38
wind_ism_jump,fullhide_1d,ssc,10 GHz,1.000000000000e+10,2.225196770956e+00,1.204006032895e-38
wind_ism_jump,fullhide_1d,ssc,10 GHz,1.000000000000e+10,2.701338121133e+00,1.386761966268e-38
wind_ism_jump,fullhide_1d,ssc,10 GHz,1.000000000000e+10,3.279362859021e+00,1.584771166241e-38
wind_ism_jump,fullhide_1d,ssc,10 GHz,1.000000000000e+10,3.981071705535e+00,1.799560511756e-38
wind_ism_jump,fullhide_1d,ssc,10 GHz,1.000000000000e+10,4.832930238572e+00,2.033356424329e-38
wind_ism_jump,fullhide_1d,ssc,10 GHz,1.000000000000e+10,5.867067065993e+00,2.287674833729e-38
wind_ism_jump,fullhide_1d,ssc,10 GHz,1.000000000000e+10,7.122485584860e+00,2.565476708296e-38
wind_ism_jump,fullhide_1d,ssc,10 GHz,1.000000000000e+10,8.646535029500e+00,2.869350314744e-38
wind_ism_jump,fullhide_1d,ssc,10 GHz,1.000000000000e+10,1.049669629031e+01,3.198256673574e-38
wind_ism_jump,fullhide_1d,ssc,10 GHz,1.000000000000e+10,1.274274985703e+01,3.555774670841e-38
wind_ism_jump,fullhide_1d,ssc,10 GHz,1.000000000000e+10,1.546940765246e+01,3.949497398440e-38
wind_ism_jump,fullhide_1d,ssc,10 GHz,1.000000000000e+10,1.877950801851e+01,4.382764308924e-38
wind_ism_jump,fullhide_1d,ssc,10 GHz,1.000000000000e+10,2.279789435644e+01,4.861604063766e-38
wind_ism_jump,fullhide_1d,ssc,10 GHz,1.000000000000e+10,2.767612370754e+01,5.390683431517e-38
wind_ism_jump,fullhide_1d,ssc,10 GHz,1.000000000000e+10,3.359818286284e+01,5.978935559263e-38
wind_ism_jump,fullhide_1d,ssc,10 GHz,1.000000000000e+10,4.078742758969e+01,6.632161248948e-38
wind_ism_jump,fullhide_1d,ssc,10 GHz,1.000000000000e+10,4.951500669473e+01,7.358047602687e-38
wind_ism_jump,fullhide_1d,ssc,10 GHz,1.000000000000e+10,6.011008864406e+01,8.166824359647e-38
wind_ism_jump,fullhide_1d,ssc,10 GHz,1.000000000000e+10,7.297227644686e+01,9.068885766191e-38
wind_ism_jump,fullhide_1d,ssc,10 GHz,1.000000000000e+10,8.858667904101e+01,1.007460491470e-37
wind_ism_jump,fullhide_1d,ssc,10 GHz,1.000000000000e+10,1.075422076113e+02,1.117105287758e-37
wind_ism_jump,fullhide_1d,ssc,10 GHz,1.000000000000e+10,1.305537869023e+02,1.237923397746e-37
wind_ism_jump,fullhide_1d,ssc,10 GHz,1.000000000000e+10,1.584893192461e+02,1.373427221989e-37
wind_ism_jump,fullhide_1d,ssc,10 GHz,1.000000000000e+10,1.924024182760e+02,1.525815161654e-37
wind_ism_jump,fullhide_1d,ssc,10 GHz,1.000000000000e+10,2.335721469090e+02,1.697994313380e-37
wind_ism_jump,fullhide_1d,ssc,10 GHz,1.000000000000e+10,2.835512583497e+02,1.892878820904e-37
wind_ism_jump,fullhide_1d,ssc,10 GHz,1.000000000000e+10,3.442247595686e+02,2.114009023152e-37
wind_ism_jump,fullhide_1d,ssc,10 GHz,1.000000000000e+10,4.178810060294e+02,2.366109790873e-37
wind_ism_jump,fullhide_1d,ssc,10 GHz,1.000000000000e+10,5.072980090654e+02,2.656558754856e-37
wind_ism_jump,fullhide_1d,ssc,10 GHz,1.000000000000e+10,6.158482110660e+02,2.993397141430e-37
wind_ism_jump,fullhide_1d,ssc,10 GHz,1.000000000000e+10,7.476256801638e+02,3.385541338017e-37
wind_ism_jump,fullhide_1d,ssc,10 GHz,1.000000000000e+10,9.076005216818e+02,3.841425119464e-37
wind_ism_jump,fullhide_1d,ssc,10 GHz,1.000000000000e+10,1.101806330110e+03,4.368631308239e-37
wind_ism_jump,fullhide_1d,ssc,10 GHz,1.000000000000e+10,1.337567751526e+03,4.955646072619e-37
wind_ism_jump,fullhide_1d,ssc,10 GHz,1.000000000000e+10,1.623776739189e+03,5.612947793324e-37
wind_ism_jump,fullhide_1d,ssc,10 GHz,1.000000000000e+10,1.971227921518e+03,6.368145343935e-37
wind_ism_jump,fullhide_1d,ssc,10 GHz,1.000000000000e+10,2.393025731180e+03,7.231406323696e-37
wind_ism_jump,fullhide_1d,ssc,10 GHz,1.000000000000e+10,2.905078650511e+03,8.210271653514e-37
wind_ism_jump,fullhide_1d,ssc,10 GHz,1.000000000000e+10,3.526699214175e+03,9.307160851407e-37
wind_ism_jump,fullhide_1d,ssc,10 GHz,1.000000000000e+10,4.281332398719e+03,1.051823030175e-36
wind_ism_jump,fullhide_1d,ssc,10 GHz,1.000000000000e+10,5.197439870872e+03,1.182997957314e-36
wind_ism_jump,fullhide_1d,ssc,10 GHz,1.000000000000e+10,6.309573444802e+03,1.321352315710e-36
wind_ism_jump,fullhide_1d,ssc,10 GHz,1.000000000000e+10,7.659678234752e+03,1.461564607239e-36
wind_ism_jump,fullhide_1d,ssc,10 GHz,1.000000000000e+10,9.298674652605e+03,1.597251967889e-36
wind_ism_jump,fullhide_1d,ssc,10 GHz,1.000000000000e+10,1.128837891685e+04,1.725328494971e-36
wind_ism_jump,fullhide_1d,ssc,10 GHz,1.000000000000e+10,1.370383450663e+04,1.841074740985e-36
wind_ism_jump,fullhide_1d,ssc,10 GHz,1.000000000000e+10,1.663614249384e+04,1.938130823961e-36
wind_ism_jump,fullhide_1d,ssc,10 GHz,1.000000000000e+10,2.019589750164e+04,2.011533616819e-36
wind_ism_jump,fullhide_1d,ssc,10 GHz,1.000000000000e+10,2.451735887979e+04,2.056979891432e-36
wind_ism_jump,fullhide_1d,ssc,10 GHz,1.000000000000e+10,2.976351441631e+04,2.070500741678e-36
wind_ism_jump,fullhide_1d,ssc,10 GHz,1.000000000000e+10,3.613222756796e+04,2.049722958511e-36
wind_ism_jump,fullhide_1d,ssc,10 GHz,1.000000000000e+10,4.386370005780e+04,1.994880244735e-36
wind_ism_jump,fullhide_1d,ssc,10 GHz,1.000000000000e+10,5.324953129838e+04,1.906622290186e-36
wind_ism_jump,fullhide_1d,ssc,10 GHz,1.000000000000e+10,6.464371632490e+04,1.785801967877e-36
wind_ism_jump,fullhide_1d,ssc,10 GHz,1.000000000000e+10,7.847599703515e+04,1.638428202216e-36
wind_ism_jump,fullhide_1d,ssc,10 GHz,1.000000000000e+10,9.526807029020e+04,1.474016856245e-36
wind_ism_jump,fullhide_1d,ssc,10 GHz,1.000000000000e+10,1.156532641790e+05,1.303256738331e-36
wind_ism_jump,fullhide_1d,ssc,10 GHz,1.000000000000e+10,1.404004245548e+05,1.133987886858e-36
wind_ism_jump,fullhide_1d,ssc,10 GHz,1.000000000000e+10,1.704429127453e+05,9.555838505812e-37
wind_ism_jump,fullhide_1d,ssc,10 GHz,1.000000000000e+10,2.069138081115e+05,6.978867690595e-37
wind_ism_jump,fullhide_1d,ssc,10 GHz,1.000000000000e+10,2.511886431510e+05,5.370592277077e-37
wind_ism_jump,fullhide_1d,ssc,10 GHz,1.000000000000e+10,3.049372829387e+05,4.959482578129e-37
wind_ism_jump,fullhide_1d,ssc,10 GHz,1.000000000000e+10,3.701869055846e+05,4.369753838639e-37
wind_ism_jump,fullhide_1d,ssc,10 GHz,1.000000000000e+10,4.493984590722e+05,4.019790628965e-37
wind_ism_jump,fullhide_1d,ssc,10 GHz,1.000000000000e+10,5.455594781169e+05,3.832374678023e-37
wind_ism_jump,fullhide_1d,ssc,10 GHz,1.000000000000e+10,6.622967617148e+05,3.805161235813e-37
wind_ism_jump,fullhide_1d,ssc,10 GHz,1.000000000000e+10,8.040131611168e+05,3.877271406712e-37
wind_ism_jump,fullhide_1d,ssc,10 GHz,1.000000000000e+10,9.760536373079e+05,4.121768333332e-37
wind_ism_jump,fullhide_1d,ssc,10 GHz,1.000000000000e+10,1.184906851001e+06,4.534812480844e-37
wind_ism_jump,fullhide_1d,ssc,10 GHz,1.000000000000e+10,1.438449888288e+06,5.108823818240e-37
wind_ism_jump,fullhide_1d,ssc,10 GHz,1.000000000000e+10,1.746245352002e+06,6.026318394174e-37
wind_ism_jump,fullhide_1d,ssc,10 GHz,1.000000000000e+10,2.119902023850e+06,7.260824377925e-37
wind_ism_jump,fullhide_1d,ssc,10 GHz,1.000000000000e+10,2.573512700017e+06,8.865498614216e-37
wind_ism_jump,fullhide_1d,ssc,10 GHz,1.000000000000e+10,3.124185713603e+06,1.121668515826e-36
wind_ism_jump,fullhide_1d,ssc,10 GHz,1.000000000000e+10,3.792690190732e+06,1.427099131380e-36
wind_ism_jump,fullhide_1d,ssc,10 GHz,1.000000000000e+10,4.604239376759e+06,1.824364621881e-36
wind_ism_jump,fullhide_1d,ssc,10 GHz,1.000000000000e+10,5.589441576403e+06,2.385632878385e-36
wind_ism_jump,fullhide_1d,ssc,10 GHz,1.000000000000e+10,6.785454573394e+06,3.069150450685e-36
wind_ism_jump,fullhide_1d,ssc,10 GHz,1.000000000000e+10,8.237387069571e+06,3.975499384565e-36
wind_ism_jump,fullhide_1d,ssc,10 GHz,1.000000000000e+10,1.000000000000e+07,5.101552239785e-36
wind_ism_jump,fullhide_1d,ssc,R band,4.560000000000e+14,1.000000000000e-01,3.102589525502e-34
wind_ism_jump,fullhide_1d,ssc,R band,4.560000000000e+14,1.213977189070e-01,4.220857548355e-34
wind_ism_jump,fullhide_1d,ssc,R band,4.560000000000e+14,1.473740615582e-01,5.719268847520e-34
wind_ism_jump,fullhide_1d,ssc,R band,4.560000000000e+14,1.789087489923e-01,7.724225760458e-34
wind_ism_jump,fullhide_1d,ssc,R band,4.560000000000e+14,2.171911402017e-01,1.037716421029e-33
wind_ism_jump,fullhide_1d,ssc,R band,4.560000000000e+14,2.636650898730e-01,1.385796692932e-33
wind_ism_jump,fullhide_1d,ssc,R band,4.560000000000e+14,3.200834046600e-01,1.837858465363e-33
wind_ism_jump,fullhide_1d,ssc,R band,4.560000000000e+14,3.885739518571e-01,2.416036468625e-33
wind_ism_jump,fullhide_1d,ssc,R band,4.560000000000e+14,4.717199138213e-01,3.138451379879e-33
wind_ism_jump,fullhide_1d,ssc,R band,4.560000000000e+14,5.726572150092e-01,4.009522593493e-33
wind_ism_jump,fullhide_1d,ssc,R band,4.560000000000e+14,6.951927961776e-01,5.013027365651e-33
wind_ism_jump,fullhide_1d,ssc,R band,4.560000000000e+14,8.439481965654e-01,6.102635519294e-33
wind_ism_jump,fullhide_1d,ssc,R band,4.560000000000e+14,1.024533859387e+00,7.210479906697e-33
wind_ism_jump,fullhide_1d,ssc,R band,4.560000000000e+14,1.243760734726e+00,8.262785340392e-33
wind_ism_jump,fullhide_1d,ssc,R band,4.560000000000e+14,1.509897160618e+00,9.191998871387e-33
wind_ism_jump,fullhide_1d,ssc,R band,4.560000000000e+14,1.832980710832e+00,9.967552391172e-33
wind_ism_jump,fullhide_1d,ssc,R band,4.560000000000e+14,2.225196770956e+00,1.058242410353e-32
wind_ism_jump,fullhide_1d,ssc,R band,4.560000000000e+14,2.701338121133e+00,1.103585981498e-32
wind_ism_jump,fullhide_1d,ssc,R band,4.560000000000e+14,3.279362859021e+00,1.134841678503e-32
wind_ism_jump,fullhide_1d,ssc,R band,4.560000000000e+14,3.981071705535e+00,1.153059699842e-32
wind_ism_jump,fullhide_1d,ssc,R band,4.560000000000e+14,4.832930238572e+00,1.161522800107e-32
wind_ism_jump,fullhide_1d,ssc,R band,4.560000000000e+14,5.867067065993e+00,1.160524387901e-32
wind_ism_jump,fullhide_1d,ssc,R band,4.560000000000e+14,7.122485584860e+00,1.150848156485e-32
wind_ism_jump,fullhide_1d,ssc,R band,4.560000000000e+14,8.646535029500e+00,1.133702090180e-32
wind_ism_jump,fullhide_1d,ssc,R band,4.560000000000e+14,1.049669629031e+01,1.111280100757e-32
wind_ism_jump,fullhide_1d,ssc,R band,4.560000000000e+14,1.274274985703e+01,1.083233496697e-32
wind_ism_jump,fullhide_1d,ssc,R band,4.560000000000e+14,1.546940765246e+01,1.051703968438e-32
wind_ism_jump,fullhide_1d,ssc,R band,4.560000000000e+14,1.877950801851e+01,1.016300827300e-32
wind_ism_jump,fullhide_1d,ssc,R band,4.560000000000e+14,2.279789435644e+01,9.774617853339e-33
wind_ism_jump,fullhide_1d,ssc,R band,4.560000000000e+14,2.767612370754e+01,9.352669533954e-33
wind_ism_jump,fullhide_1d,ssc,R band,4.560000000000e+14,3.359818286284e+01,8.919572456413e-33
wind_ism_jump,fullhide_1d,ssc,R band,4.560000000000e+14,4.078742758969e+01,8.472449255010e-33
wind_ism_jump,fullhide_1d,ssc,R band,4.560000000000e+14,4.951500669473e+01,8.016486571918e-33
wind_ism_jump,fullhide_1d,ssc,R band,4.560000000000e+14,6.011008864406e+01,7.557821016459e-33
wind_ism_jump,fullhide_1d,ssc,R band,4.560000000000e+14,7.297227644686e+01,7.096059051534e-33
wind_ism_jump,fullhide_1d,ssc,R band,4.560000000000e+14,8.858667904101e+01,6.633943547048e-33
wind_ism_jump,fullhide_1d,ssc,R band,4.560000000000e+14,1.075422076113e+02,6.184524786195e-33
wind_ism_jump,fullhide_1d,ssc,R band,4.560000000000e+14,1.305537869023e+02,5.748093531005e-33
wind_ism_jump,fullhide_1d,ssc,R band,4.560000000000e+14,1.584893192461e+02,5.328884713775e-33
wind_ism_jump,fullhide_1d,ssc,R band,4.560000000000e+14,1.924024182760e+02,4.928631063104e-33
wind_ism_jump,fullhide_1d,ssc,R band,4.560000000000e+14,2.335721469090e+02,4.549024042160e-33
wind_ism_jump,fullhide_1d,ssc,R band,4.560000000000e+14,2.835512583497e+02,4.188660893387e-33
wind_ism_jump,fullhide_1d,ssc,R band,4.560000000000e+14,3.442247595686e+02,3.855497183852e-33
wind_ism_jump,fullhide_1d,ssc,R band,4.560000000000e+14,4.178810060294e+02,3.550087017436e-33
wind_ism_jump,fullhide_1d,ssc,R band,4.560000000000e+14,5.072980090654e+02,3.272291347129e-33
wind_ism_jump,fullhide_1d,ssc,R band,4.560000000000e+14,6.158482110660e+02,3.021467735787e-33
wind_ism_jump,fullhide_1d,ssc,R band,4.560000000000e+14,7.476256801638e+02,2.797613420409e-33
wind_ism_jump,fullhide_1d,ssc,R band,4.560000000000e+14,9.076005216818e+02,2.597008421367e-33
wind_ism_jump,fullhide_1d,ssc,R band,4.560000000000e+14,1.101806330110e+03,2.420327399816e-33
wind_ism_jump,fullhide_1d,ssc,R band,4.560000000000e+14,1.337567751526e+03,2.264795898869e-33
wind_ism_jump,fullhide_1d,ssc,R band,4.560000000000e+14,1.623776739189e+03,2.127868777043e-33
wind_ism_jump,fullhide_1d,ssc,R band,4.560000000000e+14,1.971227921518e+03,2.006930200143e-33
wind_ism_jump,fullhide_1d,ssc,R band,4.560000000000e+14,2.393025731180e+03,1.899066216621e-33
wind_ism_jump,fullhide_1d,ssc,R band,4.560000000000e+14,2.905078650511e+03,1.801425884924e-33
wind_ism_jump,fullhide_1d,ssc,R band,4.560000000000e+14,3.526699214175e+03,1.711257937525e-33
wind_ism_jump,fullhide_1d,ssc,R band,4.560000000000e+14,4.281332398719e+03,1.625854700059e-33
wind_ism_jump,fullhide_1d,ssc,R band,4.560000000000e+14,5.197439870872e+03,1.542565922692e-33
wind_ism_jump,fullhide_1d,ssc,R band,4.560000000000e+14,6.309573444802e+03,1.457742158326e-33
wind_ism_jump,fullhide_1d,ssc,R band,4.560000000000e+14,7.659678234752e+03,1.366189491817e-33
wind_ism_jump,fullhide_1d,ssc,R band,4.560000000000e+14,9.298674652605e+03,1.267655370331e-33
wind_ism_jump,fullhide_1d,ssc,R band,4.560000000000e+14,1.128837891685e+04,1.171325876651e-33
wind_ism_jump,fullhide_1d,ssc,R band,4.560000000000e+14,1.370383450663e+04,1.081451345670e-33
wind_ism_jump,fullhide_1d,ssc,R band,4.560000000000e+14,1.663614249384e+04,1.000135669934e-33
wind_ism_jump,fullhide_1d,ssc,R band,4.560000000000e+14,2.019589750164e+04,9.300586134429e-34
wind_ism_jump,fullhide_1d,ssc,R band,4.560000000000e+14,2.451735887979e+04,8.727727025108e-34
wind_ism_jump,fullhide_1d,ssc,R band,4.560000000000e+14,2.976351441631e+04,8.280866555463e-34
wind_ism_jump,fullhide_1d,ssc,R band,4.560000000000e+14,3.613222756796e+04,7.950211516327e-34
wind_ism_jump,fullhide_1d,ssc,R band,4.560000000000e+14,4.386370005780e+04,7.718822182632e-34
wind_ism_jump,fullhide_1d,ssc,R band,4.560000000000e+14,5.324953129838e+04,7.556721007276e-34
wind_ism_jump,fullhide_1d,ssc,R band,4.560000000000e+14,6.464371632490e+04,7.422357648461e-34
wind_ism_jump,fullhide_1d,ssc,R band,4.560000000000e+14,7.847599703515e+04,7.281962950833e-34
wind_ism_jump,fullhide_1d,ssc,R band,4.560000000000e+14,9.526807029020e+04,7.125914841774e-34
wind_ism_jump,fullhide_1d,ssc,R band,4.560000000000e+14,1.156532641790e+05,6.950261489867e-34
wind_ism_jump,fullhide_1d,ssc,R band,4.560000000000e+14,1.404004245548e+05,6.737844542254e-34
wind_ism_jump,fullhide_1d,ssc,R band,4.560000000000e+14,1.704429127453e+05,6.368678867223e-34
wind_ism_jump,fullhide_1d,ssc,R band,4.560000000000e+14,2.069138081115e+05,5.449544103874e-34
wind_ism_jump,fullhide_1d,ssc,R band,4.560000000000e+14,2.511886431510e+05,5.578492125155e-34
wind_ism_jump,fullhide_1d,ssc,R band,4.560000000000e+14,3.049372829387e+05,6.586652981445e-34
wind_ism_jump,fullhide_1d,ssc,R band,4.560000000000e+14,3.701869055846e+05,7.205218447250e-34
wind_ism_jump,fullhide_1d,ssc,R band,4.560000000000e+14,4.493984590722e+05,7.902073415389e-34
wind_ism_jump,fullhide_1d,ssc,R band,4.560000000000e+14,5.455594781169e+05,8.780672680232e-34
wind_ism_jump,fullhide_1d,ssc,R band,4.560000000000e+14,6.622967617148e+05,9.795363249979e-34
wind_ism_jump,fullhide_1d,ssc,R band,4.560000000000e+14,8.040131611168e+05,1.081236530014e-33
wind_ism_jump,fullhide_1d,ssc,R band,4.560000000000e+14,9.760536373079e+05,1.203074614160e-33
wind_ism_jump,fullhide_1d,ssc,R band,4.560000000000e+14,1.184906851001e+06,1.331495358051e-33
wind_ism_jump,fullhide_1d,ssc,R band,4.560000000000e+14,1.438449888288e+06,1.443953131923e-33
wind_ism_jump,fullhide_1d,ssc,R band,4.560000000000e+14,1.746245352002e+06,1.560985422686e-33
wind_ism_jump,fullhide_1d,ssc,R band,4.560000000000e+14,2.119902023850e+06,1.661847157826e-33
wind_ism_jump,fullhide_1d,ssc,R band,4.560000000000e+14,2.573512700017e+06,1.714996062956e-33
wind_ism_jump,fullhide_1d,ssc,R band,4.560000000000e+14,3.124185713603e+06,1.733394935779e-33
wind_ism_jump,fullhide_1d,ssc,R band,4.560000000000e+14,3.792690190732e+06,1.698412062780e-33
wind_ism_jump,fullhide_1d,ssc,R band,4.560000000000e+14,4.604239376759e+06,1.595820638605e-33
wind_ism_jump,fullhide_1d,ssc,R band,4.560000000000e+14,5.589441576403e+06,1.448596868274e-33
wind_ism_jump,fullhide_1d,ssc,R band,4.560000000000e+14,6.785454573394e+06,1.260554553429e-33
wind_ism_jump,fullhide_1d,ssc,R band,4.560000000000e+14,8.237387069571e+06,1.057761127633e-33
wind_ism_jump,fullhide_1d,ssc,R band,4.560000000000e+14,1.000000000000e+07,8.608050568990e-34
wind_ism_jump,fullhide_1d,ssc,1 keV,2.417989242000e+17,1.000000000000e-01,1.598790406742e-31
wind_ism_jump,fullhide_1d,ssc,1 keV,2.417989242000e+17,1.213977189070e-01,2.146242004745e-31
wind_ism_jump,fullhide_1d,ssc,1 keV,2.417989242000e+17,1.473740615582e-01,2.856419615884e-31
wind_ism_jump,fullhide_1d,ssc,1 keV,2.417989242000e+17,1.789087489923e-01,3.765282833803e-31
wind_ism_jump,fullhide_1d,ssc,1 keV,2.417989242000e+17,2.171911402017e-01,4.901036653845e-31
wind_ism_jump,fullhide_1d,ssc,1 keV,2.417989242000e+17,2.636650898730e-01,6.286731735898e-31
wind_ism_jump,fullhide_1d,ssc,1 keV,2.417989242000e+17,3.200834046600e-01,7.927458956823e-31
wind_ism_jump,fullhide_1d,ssc,1 keV,2.417989242000e+17,3.885739518571e-01,9.787144913105e-31
wind_ism_jump,fullhide_1d,ssc,1 keV,2.417989242000e+17,4.717199138213e-01,1.178414386501e-30
wind_ism_jump,fullhide_1d,ssc,1 keV,2.417989242000e+17,5.726572150092e-01,1.377263292705e-30
wind_ism_jump,fullhide_1d,ssc,1 keV,2.417989242000e+17,6.951927961776e-01,1.554567313083e-30
wind_ism_jump,fullhide_1d,ssc,1 keV,2.417989242000e+17,8.439481965654e-01,1.689732051978e-30
wind_ism_jump,fullhide_1d,ssc,1 keV,2.417989242000e+17,1.024533859387e+00,1.765830387671e-30
wind_ism_jump,fullhide_1d,ssc,1 keV,2.417989242000e+17,1.243760734726e+00,1.777085893487e-30
wind_ism_jump,fullhide_1d,ssc,1 keV,2.417989242000e+17,1.509897160618e+00,1.725453738465e-30
wind_ism_jump,fullhide_1d,ssc,1 keV,2.417989242000e+17,1.832980710832e+00,1.627970469323e-30
wind_ism_jump,fullhide_1d,ssc,1 keV,2.417989242000e+17,2.225196770956e+00,1.501034972942e-30
wind_ism_jump,fullhide_1d,ssc,1 keV,2.417989242000e+17,2.701338121133e+00,1.356555750100e-30
wind_ism_jump,fullhide_1d,ssc,1 keV,2.417989242000e+17,3.279362859021e+00,1.207326976831e-30
wind_ism_jump,fullhide_1d,ssc,1 keV,2.417989242000e+17,3.981071705535e+00,1.059133740629e-30
wind_ism_jump,fullhide_1d,ssc,1 keV,2.417989242000e+17,4.832930238572e+00,9.199458248259e-31
wind_ism_jump,fullhide_1d,ssc,1 keV,2.417989242000e+17,5.867067065993e+00,7.919647278603e-31
wind_ism_jump,fullhide_1d,ssc,1 keV,2.417989242000e+17,7.122485584860e+00,6.756280962707e-31
wind_ism_jump,fullhide_1d,ssc,1 keV,2.417989242000e+17,8.646535029500e+00,5.723327601839e-31
wind_ism_jump,fullhide_1d,ssc,1 keV,2.417989242000e+17,1.049669629031e+01,4.820631779667e-31
wind_ism_jump,fullhide_1d,ssc,1 keV,2.417989242000e+17,1.274274985703e+01,4.029670447733e-31
wind_ism_jump,fullhide_1d,ssc,1 keV,2.417989242000e+17,1.546940765246e+01,3.357094092214e-31
wind_ism_jump,fullhide_1d,ssc,1 keV,2.417989242000e+17,1.877950801851e+01,2.782747509624e-31
wind_ism_jump,fullhide_1d,ssc,1 keV,2.417989242000e+17,2.279789435644e+01,2.299007480585e-31
wind_ism_jump,fullhide_1d,ssc,1 keV,2.417989242000e+17,2.767612370754e+01,1.893374701138e-31
wind_ism_jump,fullhide_1d,ssc,1 keV,2.417989242000e+17,3.359818286284e+01,1.557283115405e-31
wind_ism_jump,fullhide_1d,ssc,1 keV,2.417989242000e+17,4.078742758969e+01,1.278847710305e-31
wind_ism_jump,fullhide_1d,ssc,1 keV,2.417989242000e+17,4.951500669473e+01,1.049951300370e-31
wind_ism_jump,fullhide_1d,ssc,1 keV,2.417989242000e+17,6.011008864406e+01,8.638578342385e-32
wind_ism_jump,fullhide_1d,ssc,1 keV,2.417989242000e+17,7.297227644686e+01,7.133584529565e-32
wind_ism_jump,fullhide_1d,ssc,1 keV,2.417989242000e+17,8.858667904101e+01,5.927205614466e-32
wind_ism_jump,fullhide_1d,ssc,1 keV,2.417989242000e+17,1.075422076113e+02,4.962844138303e-32
wind_ism_jump,fullhide_1d,ssc,1 keV,2.417989242000e+17,1.305537869023e+02,4.201243112319e-32
wind_ism_jump,fullhide_1d,ssc,1 keV,2.417989242000e+17,1.584893192461e+02,3.602995936548e-32
wind_ism_jump,fullhide_1d,ssc,1 keV,2.417989242000e+17,1.924024182760e+02,3.136035998572e-32
wind_ism_jump,fullhide_1d,ssc,1 keV,2.417989242000e+17,2.335721469090e+02,2.778755183951e-32
wind_ism_jump,fullhide_1d,ssc,1 keV,2.417989242000e+17,2.835512583497e+02,2.508692148688e-32
wind_ism_jump,fullhide_1d,ssc,1 keV,2.417989242000e+17,3.442247595686e+02,2.307360090055e-32
wind_ism_jump,fullhide_1d,ssc,1 keV,2.417989242000e+17,4.178810060294e+02,2.163263594706e-32
wind_ism_jump,fullhide_1d,ssc,1 keV,2.417989242000e+17,5.072980090654e+02,2.064481183492e-32
wind_ism_jump,fullhide_1d,ssc,1 keV,2.417989242000e+17,6.158482110660e+02,2.002422398172e-32
wind_ism_jump,fullhide_1d,ssc,1 keV,2.417989242000e+17,7.476256801638e+02,1.971211414757e-32
wind_ism_jump,fullhide_1d,ssc,1 keV,2.417989242000e+17,9.076005216818e+02,1.964813857631e-32
wind_ism_jump,fullhide_1d,ssc,1 keV,2.417989242000e+17,1.101806330110e+03,1.978722656480e-32
wind_ism_jump,fullhide_1d,ssc,1 keV,2.417989242000e+17,1.337567751526e+03,2.009155691513e-32
wind_ism_jump,fullhide_1d,ssc,1 keV,2.417989242000e+17,1.623776739189e+03,2.053180869742e-32
wind_ism_jump,fullhide_1d,ssc,1 keV,2.417989242000e+17,1.971227921518e+03,2.109023335736e-32
wind_ism_jump,fullhide_1d,ssc,1 keV,2.417989242000e+17,2.393025731180e+03,2.174251472878e-32
wind_ism_jump,fullhide_1d,ssc,1 keV,2.417989242000e+17,2.905078650511e+03,2.245539155590e-32
wind_ism_jump,fullhide_1d,ssc,1 keV,2.417989242000e+17,3.526699214175e+03,2.318946558953e-32
wind_ism_jump,fullhide_1d,ssc,1 keV,2.417989242000e+17,4.281332398719e+03,2.390155073882e-32
wind_ism_jump,fullhide_1d,ssc,1 keV,2.417989242000e+17,5.197439870872e+03,2.454164952360e-32
wind_ism_jump,fullhide_1d,ssc,1 keV,2.417989242000e+17,6.309573444802e+03,2.504250556503e-32
wind_ism_jump,fullhide_1d,ssc,1 keV,2.417989242000e+17,7.659678234752e+03,2.528730602632e-32
wind_ism_jump,fullhide_1d,ssc,1 keV,2.417989242000e+17,9.298674652605e+03,2.516245002197e-32
wind_ism_jump,fullhide_1d,ssc,1 keV,2.417989242000e+17,1.128837891685e+04,2.470060928473e-32
wind_ism_jump,fullhide_1d,ssc,1 keV,2.417989242000e+17,1.370383450663e+04,2.392964829160e-32
wind_ism_jump,fullhide_1d,ssc,1 keV,2.417989242000e+17,1.663614249384e+04,2.286995762540e-32
wind_ism_jump,fullhide_1d,ssc,1 keV,2.417989242000e+17,2.019589750164e+04,2.158846383863e-32
wind_ism_jump,fullhide_1d,ssc,1 keV,2.417989242000e+17,2.451735887979e+04,2.014707861852e-32
wind_ism_jump,fullhide_1d,ssc,1 keV,2.417989242000e+17,2.976351441631e+04,1.858447734470e-32
wind_ism_jump,fullhide_1d,ssc,1 keV,2.417989242000e+17,3.613222756796e+04,1.695089243909e-32
wind_ism_jump,fullhide_1d,ssc,1 keV,2.417989242000e+17,4.386370005780e+04,1.530098192281e-32
wind_ism_jump,fullhide_1d,ssc,1 keV,2.417989242000e+17,5.324953129838e+04,1.366044426060e-32
wind_ism_jump,fullhide_1d,ssc,1 keV,2.417989242000e+17,6.464371632490e+04,1.203340679855e-32
wind_ism_jump,fullhide_1d,ssc,1 keV,2.417989242000e+17,7.847599703515e+04,1.044259688229e-32
wind_ism_jump,fullhide_1d,ssc,1 keV,2.417989242000e+17,9.526807029020e+04,8.946429665977e-33
wind_ism_jump,fullhide_1d,ssc,1 keV,2.417989242000e+17,1.156532641790e+05,7.586773859694e-33
wind_ism_jump,fullhide_1d,ssc,1 keV,2.417989242000e+17,1.404004245548e+05,6.368088608089e-33
wind_ism_jump,fullhide_1d,ssc,1 keV,2.417989242000e+17,1.704429127453e+05,5.195088339205e-33
wind_ism_jump,fullhide_1d,ssc,1 keV,2.417989242000e+17,2.069138081115e+05,3.855675410743e-33
wind_ism_jump,fullhide_1d,ssc,1 keV,2.417989242000e+17,2.511886431510e+05,3.656871598670e-33
wind_ism_jump,fullhide_1d,ssc,1 keV,2.417989242000e+17,3.049372829387e+05,3.948849335585e-33
wind_ism_jump,fullhide_1d,ssc,1 keV,2.417989242000e+17,3.701869055846e+05,3.645542420870e-33
wind_ism_jump,fullhide_1d,ssc,1 keV,2.417989242000e+17,4.493984590722e+05,3.332006056917e-33
wind_ism_jump,fullhide_1d,ssc,1 keV,2.417989242000e+17,5.455594781169e+05,2.978638253924e-33
wind_ism_jump,fullhide_1d,ssc,1 keV,2.417989242000e+17,6.622967617148e+05,2.592654957344e-33
wind_ism_jump,fullhide_1d,ssc,1 keV,2.417989242000e+17,8.040131611168e+05,2.185662971698e-33
wind_ism_jump,fullhide_1d,ssc,1 keV,2.417989242000e+17,9.760536373079e+05,1.798504122343e-33
wind_ism_jump,fullhide_1d,ssc,1 keV,2.417989242000e+17,1.184906851001e+06,1.446735860763e-33
wind_ism_jump,fullhide_1d,ssc,1 keV,2.417989242000e+17,1.438449888288e+06,1.137650166292e-33
wind_ism_jump,fullhide_1d,ssc,1 keV,2.417989242000e+17,1.746245352002e+06,8.790688321621e-34
wind_ism_jump,fullhide_1d,ssc,1 keV,2.417989242000e+17,2.119902023850e+06,6.687171256353e-34
wind_ism_jump,fullhide_1d,ssc,1 keV,2.417989242000e+17,2.573512700017e+06,5.009486262036e-34
wind_ism_jump,fullhide_1d,ssc,1 keV,2.417989242000e+17,3.124185713603e+06,3.714704965928e-34
wind_ism_jump,fullhide_1d,ssc,1 keV,2.417989242000e+17,3.792690190732e+06,2.736189606850e-34
wind_ism_jump,fullhide_1d,ssc,1 keV,2.417989242000e+17,4.604239376759e+06,2.002886831862e-34
wind_ism_jump,fullhide_1d,ssc,1 keV,2.417989242000e+17,5.589441576403e+06,1.455958389690e-34
wind_ism_jump,fullhide_1d,ssc,1 keV,2.417989242000e+17,6.785454573394e+06,1.050295417305e-34
wind_ism_jump,fullhide_1d,ssc,1 keV,2.417989242000e+17,8.237387069571e+06,7.517842719954e-35
wind_ism_jump,fullhide_1d,ssc,1 keV,2.417989242000e+17,1.000000000000e+07,5.342438788572e-35
wind_ism_jump,fullhide_1d,ssc,100 MeV,2.417989242000e+22,1.000000000000e-01,3.018259980842e-28
wind_ism_jump,fullhide_1d,ssc,100 MeV,2.417989242000e+22,1.213977189070e-01,3.051285403505e-28
wind_ism_jump,fullhide_1d,ssc,100 MeV,2.417989242000e+22,1.473740615582e-01,3.048475571928e-28
wind_ism_jump,fullhide_1d,ssc,100 MeV,2.417989242000e+22,1.789087489923e-01,3.005263571727e-28
wind_ism_jump,fullhide_1d,ssc,100 MeV,2.417989242000e+22,2.171911402017e-01,2.918151411471e-28
wind_ism_jump,fullhide_1d,ssc,100 MeV,2.417989242000e+22,2.636650898730e-01,2.780365580811e-28
wind_ism_jump,fullhide_1d,ssc,100 MeV,2.417989242000e+22,3.200834046600e-01,2.588494309626e-28
wind_ism_jump,fullhide_1d,ssc,100 MeV,2.417989242000e+22,3.885739518571e-01,2.340213796559e-28
wind_ism_jump,fullhide_1d,ssc,100 MeV,2.417989242000e+22,4.717199138213e-01,2.045455859805e-28
wind_ism_jump,fullhide_1d,ssc,100 MeV,2.417989242000e+22,5.726572150092e-01,1.721364032402e-28
wind_ism_jump,fullhide_1d,ssc,100 MeV,2.417989242000e+22,6.951927961776e-01,1.393693993909e-28
wind_ism_jump,fullhide_1d,ssc,100 MeV,2.417989242000e+22,8.439481965654e-01,1.087595593997e-28
wind_ism_jump,fullhide_1d,ssc,100 MeV,2.417989242000e+22,1.024533859387e+00,8.223622112659e-29
wind_ism_jump,fullhide_1d,ssc,100 MeV,2.417989242000e+22,1.243760734726e+00,6.064065574091e-29
wind_ism_jump,fullhide_1d,ssc,100 MeV,2.417989242000e+22,1.509897160618e+00,4.408414669360e-29
wind_ism_jump,fullhide_1d,ssc,100 MeV,2.417989242000e+22,1.832980710832e+00,3.168732854331e-29
wind_ism_jump,fullhide_1d,ssc,100 MeV,2.417989242000e+22,2.225196770956e+00,2.256387752328e-29
wind_ism_jump,fullhide_1d,ssc,100 MeV,2.417989242000e+22,2.701338121133e+00,1.600700524777e-29
wind_ism_jump,fullhide_1d,ssc,100 MeV,2.417989242000e+22,3.279362859021e+00,1.129972209218e-29
wind_ism_jump,fullhide_1d,ssc,100 MeV,2.417989242000e+22,3.981071705535e+00,7.968423357696e-30
wind_ism_jump,fullhide_1d,ssc,100 MeV,2.417989242000e+22,4.832930238572e+00,5.596022259035e-30
wind_ism_jump,fullhide_1d,ssc,100 MeV,2.417989242000e+22,5.867067065993e+00,3.933886715075e-30
wind_ism_jump,fullhide_1d,ssc,100 MeV,2.417989242000e+22,7.122485584860e+00,2.795611781117e-30
wind_ism_jump,fullhide_1d,ssc,100 MeV,2.417989242000e+22,8.646535029500e+00,1.996699169042e-30
wind_ism_jump,fullhide_1d,ssc,100 MeV,2.417989242000e+22,1.049669629031e+01,1.432993570464e-30
wind_ism_jump,fullhide_1d,ssc,100 MeV,2.417989242000e+22,1.274274985703e+01,1.043769504113e-30
wind_ism_jump,fullhide_1d,ssc,100 MeV,2.417989242000e+22,1.546940765246e+01,7.714350811614e-31
wind_ism_jump,fullhide_1d,ssc,100 MeV,2.417989242000e+22,1.877950801851e+01,5.807585393427e-31
wind_ism_jump,fullhide_1d,ssc,100 MeV,2.417989242000e+22,2.279789435644e+01,4.461125944733e-31
wind_ism_jump,fullhide_1d,ssc,100 MeV,2.417989242000e+22,2.767612370754e+01,3.512374098440e-31
wind_ism_jump,fullhide_1d,ssc,100 MeV,2.417989242000e+22,3.359818286284e+01,2.837679393782e-31
wind_ism_jump,fullhide_1d,ssc,100 MeV,2.417989242000e+22,4.078742758969e+01,2.357727473718e-31
wind_ism_jump,fullhide_1d,ssc,100 MeV,2.417989242000e+22,4.951500669473e+01,2.015907079064e-31
wind_ism_jump,fullhide_1d,ssc,100 MeV,2.417989242000e+22,6.011008864406e+01,1.776121276179e-31
wind_ism_jump,fullhide_1d,ssc,100 MeV,2.417989242000e+22,7.297227644686e+01,1.613456004895e-31
wind_ism_jump,fullhide_1d,ssc,100 MeV,2.417989242000e+22,8.858667904101e+01,1.511687436195e-31
wind_ism_jump,fullhide_1d,ssc,100 MeV,2.417989242000e+22,1.075422076113e+02,1.458925698726e-31
wind_ism_jump,fullhide_1d,ssc,100 MeV,2.417989242000e+22,1.305537869023e+02,1.446362931555e-31
wind_ism_jump,fullhide_1d,ssc,100 MeV,2.417989242000e+22,1.584893192461e+02,1.466360569677e-31
wind_ism_jump,fullhide_1d,ssc,100 MeV,2.417989242000e+22,1.924024182760e+02,1.514684480835e-31
wind_ism_jump,fullhide_1d,ssc,100 MeV,2.417989242000e+22,2.335721469090e+02,1.588916855602e-31
wind_ism_jump,fullhide_1d,ssc,100 MeV,2.417989242000e+22,2.835512583497e+02,1.684726985933e-31
wind_ism_jump,fullhide_1d,ssc,100 MeV,2.417989242000e+22,3.442247595686e+02,1.798006696740e-31
wind_ism_jump,fullhide_1d,ssc,100 MeV,2.417989242000e+22,4.178810060294e+02,1.923351894829e-31
wind_ism_jump,fullhide_1d,ssc,100 MeV,2.417989242000e+22,5.072980090654e+02,2.056898063017e-31
wind_ism_jump,fullhide_1d,ssc,100 MeV,2.417989242000e+22,6.158482110660e+02,2.192784382849e-31
wind_ism_jump,fullhide_1d,ssc,100 MeV,2.417989242000e+22,7.476256801638e+02,2.325640291069e-31
wind_ism_jump,fullhide_1d,ssc,100 MeV,2.417989242000e+22,9.076005216818e+02,2.447515732980e-31
wind_ism_jump,fullhide_1d,ssc,100 MeV,2.417989242000e+22,1.101806330110e+03,2.550988805221e-31
wind_ism_jump,fullhide_1d,ssc,100 MeV,2.417989242000e+22,1.337567751526e+03,2.629613124891e-31
wind_ism_jump,fullhide_1d,ssc,100 MeV,2.417989242000e+22,1.623776739189e+03,2.677329269663e-31
wind_ism_jump,fullhide_1d,ssc,100 MeV,2.417989242000e+22,1.971227921518e+03,2.688889612590e-31
wind_ism_jump,fullhide_1d,ssc,100 MeV,2.417989242000e+22,2.393025731180e+03,2.659967289320e-31
wind_ism_jump,fullhide_1d,ssc,100 MeV,2.417989242000e+22,2.905078650511e+03,2.587122588345e-31
wind_ism_jump,fullhide_1d,ssc,100 MeV,2.417989242000e+22,3.526699214175e+03,2.469283220428e-31
wind_ism_jump,fullhide_1d,ssc,100 MeV,2.417989242000e+22,4.281332398719e+03,2.309241024024e-31
wind_ism_jump,fullhide_1d,ssc,100 MeV,2.417989242000e+22,5.197439870872e+03,2.113017882579e-31
wind_ism_jump,fullhide_1d,ssc,100 MeV,2.417989242000e+22,6.309573444802e+03,1.885783769282e-31
wind_ism_jump,fullhide_1d,ssc,100 MeV,2.417989242000e+22,7.659678234752e+03,1.625756665281e-31
wind_ism_jump,fullhide_1d,ssc,100 MeV,2.417989242000e+22,9.298674652605e+03,1.333215191587e-31
wind_ism_jump,fullhide_1d,ssc,100 MeV,2.417989242000e+22,1.128837891685e+04,1.037640556241e-31
wind_ism_jump,fullhide_1d,ssc,100 MeV,2.417989242000e+22,1.370383450663e+04,7.683690078578e-32
wind_ism_jump,fullhide_1d,ssc,100 MeV,2.417989242000e+22,1.663614249384e+04,5.431768489324e-32
wind_ism_jump,fullhide_1d,ssc,100 MeV,2.417989242000e+22,2.019589750164e+04,3.697713599591e-32
wind_ism_jump,fullhide_1d,ssc,100 MeV,2.417989242000e+22,2.451735887979e+04,2.443496248950e-32
wind_ism_jump,fullhide_1d,ssc,100 MeV,2.417989242000e+22,2.976351441631e+04,1.575639164123e-32
wind_ism_jump,fullhide_1d,ssc,100 MeV,2.417989242000e+22,3.613222756796e+04,9.964357492003e-33
wind_ism_jump,fullhide_1d,ssc,100 MeV,2.417989242000e+22,4.386370005780e+04,6.213429323880e-33
wind_ism_jump,fullhide_1d,ssc,100 MeV,2.417989242000e+22,5.324953129838e+04,3.831663458124e-33
wind_ism_jump,fullhide_1d,ssc,100 MeV,2.417989242000e+22,6.464371632490e+04,2.342011773051e-33
wind_ism_jump,fullhide_1d,ssc,100 MeV,2.417989242000e+22,7.847599703515e+04,1.417778088096e-33
wind_ism_jump,fullhide_1d,ssc,100 MeV,2.417989242000e+22,9.526807029020e+04,8.522240665270e-34
wind_ism_jump,fullhide_1d,ssc,100 MeV,2.417989242000e+22,1.156532641790e+05,5.092257781682e-34
wind_ism_jump,fullhide_1d,ssc,100 MeV,2.417989242000e+22,1.404004245548e+05,3.033646382160e-34
wind_ism_jump,fullhide_1d,ssc,100 MeV,2.417989242000e+22,1.704429127453e+05,1.771365869236e-34
wind_ism_jump,fullhide_1d,ssc,100 MeV,2.417989242000e+22,2.069138081115e+05,9.511813925268e-35
wind_ism_jump,fullhide_1d,ssc,100 MeV,2.417989242000e+22,2.511886431510e+05,7.357655279023e-35
wind_ism_jump,fullhide_1d,ssc,100 MeV,2.417989242000e+22,3.049372829387e+05,6.359541386624e-35
wind_ism_jump,fullhide_1d,ssc,100 MeV,2.417989242000e+22,3.701869055846e+05,3.851051786997e-35
wind_ism_jump,fullhide_1d,ssc,100 MeV,2.417989242000e+22,4.493984590722e+05,2.422657148809e-35
wind_ism_jump,fullhide_1d,ssc,100 MeV,2.417989242000e+22,5.455594781169e+05,1.566023879475e-35
wind_ism_jump,fullhide_1d,ssc,100 MeV,2.417989242000e+22,6.622967617148e+05,1.030442830932e-35
wind_ism_jump,fullhide_1d,ssc,100 MeV,2.417989242000e+22,8.040131611168e+05,6.832584049482e-36
wind_ism_jump,fullhide_1d,ssc,100 MeV,2.417989242000e+22,9.760536373079e+05,4.554005872299e-36
wind_ism_jump,fullhide_1d,ssc,100 MeV,2.417989242000e+22,1.184906851001e+06,3.048394485175e-36
wind_ism_jump,fullhide_1d,ssc,100 MeV,2.417989242000e+22,1.438449888288e+06,2.047364981082e-36
wind_ism_jump,fullhide_1d,ssc,100 MeV,2.417989242000e+22,1.746245352002e+06,1.373696313814e-36
wind_ism_jump,fullhide_1d,ssc,100 MeV,2.417989242000e+22,2.119902023850e+06,9.190938508352e-37
wind_ism_jump,fullhide_1d,ssc,100 MeV,2.417989242000e+22,2.573512700017e+06,6.128099157665e-37
wind_ism_jump,fullhide_1d,ssc,100 MeV,2.417989242000e+22,3.124185713603e+06,4.083379630514e-37
wind_ism_jump,fullhide_1d,ssc,100 MeV,2.417989242000e+22,3.792690190732e+06,2.728022284252e-37
wind_ism_jump,fullhide_1d,ssc,100 MeV,2.417989242000e+22,4.604239376759e+06,1.827989562765e-37
wind_ism_jump,fullhide_1d,ssc,100 MeV,2.417989242000e+22,5.589441576403e+06,1.222478438233e-37
wind_ism_jump,fullhide_1d,ssc,100 MeV,2.417989242000e+22,6.785454573394e+06,8.155942752237e-38
wind_ism_jump,fullhide_1d,ssc,100 MeV,2.417989242000e+22,8.237387069571e+06,5.427545534705e-38
wind_ism_jump,fullhide_1d,ssc,100 MeV,2.417989242000e+22,1.000000000000e+07,3.602336131919e-38
wind_ism_jump,dg_1d,total,10 GHz,1.000000000000e+10,1.000000000000e-01,1.563258074757e-27
wind_ism_jump,dg_1d,total,10 GHz,1.000000000000e+10,1.213977189070e-01,1.820000549119e-27
wind_ism_jump,dg_1d,total,10 GHz,1.000000000000e+10,1.473740615582e-01,2.076316087435e-27
wind_ism_jump,dg_1d,total,10 GHz,1.000000000000e+10,1.789087489923e-01,2.365752281799e-27
wind_ism_jump,dg_1d,total,10 GHz,1.000000000000e+10,2.171911402017e-01,2.692312133910e-27
wind_ism_jump,dg_1d,total,10 GHz,1.000000000000e+10,2.636650898730e-01,3.051434001605e-27
wind_ism_jump,dg_1d,total,10 GHz,1.000000000000e+10,3.200834046600e-01,3.537872635697e-27
wind_ism_jump,dg_1d,total,10 GHz,1.000000000000e+10,3.885739518571e-01,4.011674963591e-27
wind_ism_jump,dg_1d,total,10 GHz,1.000000000000e+10,4.717199138213e-01,4.620213222801e-27
wind_ism_jump,dg_1d,total,10 GHz,1.000000000000e+10,5.726572150092e-01,5.286381075077e-27
wind_ism_jump,dg_1d,total,10 GHz,1.000000000000e+10,6.951927961776e-01,6.031471242919e-27
wind_ism_jump,dg_1d,total,10 GHz,1.000000000000e+10,8.439481965654e-01,6.893838657558e-27
wind_ism_jump,dg_1d,total,10 GHz,1.000000000000e+10,1.024533859387e+00,7.806104377547e-27
wind_ism_jump,dg_1d,total,10 GHz,1.000000000000e+10,1.243760734726e+00,8.836564615570e-27
wind_ism_jump,dg_1d,total,10 GHz,1.000000000000e+10,1.509897160618e+00,9.960100548272e-27
wind_ism_jump,dg_1d,total,10 GHz,1.000000000000e+10,1.832980710832e+00,1.119984642166e-26
wind_ism_jump,dg_1d,total,10 GHz,1.000000000000e+10,2.225196770956e+00,1.255112988858e-26
wind_ism_jump,dg_1d,total,10 GHz,1.000000000000e+10,2.701338121133e+00,1.402798601020e-26
wind_ism_jump,dg_1d,total,10 GHz,1.000000000000e+10,3.279362859021e+00,1.565703088676e-26
wind_ism_jump,dg_1d,total,10 GHz,1.000000000000e+10,3.981071705535e+00,1.745358908584e-26
wind_ism_jump,dg_1d,total,10 GHz,1.000000000000e+10,4.832930238572e+00,1.944704475087e-26
wind_ism_jump,dg_1d,total,10 GHz,1.000000000000e+10,5.867067065993e+00,2.166055373118e-26
wind_ism_jump,dg_1d,total,10 GHz,1.000000000000e+10,7.122485584860e+00,2.412642880338e-26
wind_ism_jump,dg_1d,total,10 GHz,1.000000000000e+10,8.646535029500e+00,2.688015417125e-26
wind_ism_jump,dg_1d,total,10 GHz,1.000000000000e+10,1.049669629031e+01,2.996500160836e-26
wind_ism_jump,dg_1d,total,10 GHz,1.000000000000e+10,1.274274985703e+01,3.342821091534e-26
wind_ism_jump,dg_1d,total,10 GHz,1.000000000000e+10,1.546940765246e+01,3.732829558955e-26
wind_ism_jump,dg_1d,total,10 GHz,1.000000000000e+10,1.877950801851e+01,4.172462280484e-26
wind_ism_jump,dg_1d,total,10 GHz,1.000000000000e+10,2.279789435644e+01,4.668930924697e-26
wind_ism_jump,dg_1d,total,10 GHz,1.000000000000e+10,2.767612370754e+01,5.230493122450e-26
wind_ism_jump,dg_1d,total,10 GHz,1.000000000000e+10,3.359818286284e+01,5.867121713012e-26
wind_ism_jump,dg_1d,total,10 GHz,1.000000000000e+10,4.078742758969e+01,6.590341488397e-26
wind_ism_jump,dg_1d,total,10 GHz,1.000000000000e+10,4.951500669473e+01,7.414213572076e-26
wind_ism_jump,dg_1d,total,10 GHz,1.000000000000e+10,6.011008864406e+01,8.354841952832e-26
wind_ism_jump,dg_1d,total,10 GHz,1.000000000000e+10,7.297227644686e+01,9.431107903418e-26
wind_ism_jump,dg_1d,total,10 GHz,1.000000000000e+10,8.858667904101e+01,1.066439702988e-25
wind_ism_jump,dg_1d,total,10 GHz,1.000000000000e+10,1.075422076113e+02,1.207963722448e-25
wind_ism_jump,dg_1d,total,10 GHz,1.000000000000e+10,1.305537869023e+02,1.370531442263e-25
wind_ism_jump,dg_1d,total,10 GHz,1.000000000000e+10,1.584893192461e+02,1.557907575806e-25
wind_ism_jump,dg_1d,total,10 GHz,1.000000000000e+10,1.924024182760e+02,1.774241323782e-25
wind_ism_jump,dg_1d,total,10 GHz,1.000000000000e+10,2.335721469090e+02,2.024240800071e-25
wind_ism_jump,dg_1d,total,10 GHz,1.000000000000e+10,2.835512583497e+02,2.311833010815e-25
wind_ism_jump,dg_1d,total,10 GHz,1.000000000000e+10,3.442247595686e+02,2.632926063297e-25
wind_ism_jump,dg_1d,total,10 GHz,1.000000000000e+10,4.178810060294e+02,2.986536640672e-25
wind_ism_jump,dg_1d,total,10 GHz,1.000000000000e+10,5.072980090654e+02,3.385219995300e-25
wind_ism_jump,dg_1d,total,10 GHz,1.000000000000e+10,6.158482110660e+02,3.828227981825e-25
wind_ism_jump,dg_1d,total,10 GHz,1.000000000000e+10,7.476256801638e+02,4.311928525409e-25
wind_ism_jump,dg_1d,total,10 GHz,1.000000000000e+10,9.076005216818e+02,4.833773112143e-25
wind_ism_jump,dg_1d,total,10 GHz,1.000000000000e+10,1.101806330110e+03,5.381265505889e-25
wind_ism_jump,dg_1d,total,10 GHz,1.000000000000e+10,1.337567751526e+03,5.890293627231e-25
wind_ism_jump,dg_1d,total,10 GHz,1.000000000000e+10,1.623776739189e+03,6.371705293697e-25
wind_ism_jump,dg_1d,total,10 GHz,1.000000000000e+10,1.971227921518e+03,6.855519778275e-25
wind_ism_jump,dg_1d,total,10 GHz,1.000000000000e+10,2.393025731180e+03,7.320228489001e-25
wind_ism_jump,dg_1d,total,10 GHz,1.000000000000e+10,2.905078650511e+03,7.754173080178e-25
wind_ism_jump,dg_1d,total,10 GHz,1.000000000000e+10,3.526699214175e+03,8.149332337547e-25
wind_ism_jump,dg_1d,total,10 GHz,1.000000000000e+10,4.281332398719e+03,8.487622357681e-25
wind_ism_jump,dg_1d,total,10 GHz,1.000000000000e+10,5.197439870872e+03,8.749685286608e-25
wind_ism_jump,dg_1d,total,10 GHz,1.000000000000e+10,6.309573444802e+03,8.921613743379e-25
wind_ism_jump,dg_1d,total,10 GHz,1.000000000000e+10,7.659678234752e+03,8.972247762618e-25
wind_ism_jump,dg_1d,total,10 GHz,1.000000000000e+10,9.298674652605e+03,8.876662380010e-25
wind_ism_jump,dg_1d,total,10 GHz,1.000000000000e+10,1.128837891685e+04,8.680388590962e-25
wind_ism_jump,dg_1d,total,10 GHz,1.000000000000e+10,1.370383450663e+04,8.421396038044e-25
wind_ism_jump,dg_1d,total,10 GHz,1.000000000000e+10,1.663614249384e+04,8.139668127171e-25
wind_ism_jump,dg_1d,total,10 GHz,1.000000000000e+10,2.019589750164e+04,7.847689980468e-25
wind_ism_jump,dg_1d,total,10 GHz,1.000000000000e+10,2.451735887979e+04,7.562849908926e-25
wind_ism_jump,dg_1d,total,10 GHz,1.000000000000e+10,2.976351441631e+04,7.287872827610e-25
wind_ism_jump,dg_1d,total,10 GHz,1.000000000000e+10,3.613222756796e+04,7.014408329862e-25
wind_ism_jump,dg_1d,total,10 GHz,1.000000000000e+10,4.386370005780e+04,6.713074752776e-25
wind_ism_jump,dg_1d,total,10 GHz,1.000000000000e+10,5.324953129838e+04,6.393220563921e-25
wind_ism_jump,dg_1d,total,10 GHz,1.000000000000e+10,6.464371632490e+04,6.045057380495e-25
wind_ism_jump,dg_1d,total,10 GHz,1.000000000000e+10,7.847599703515e+04,5.696044657320e-25
wind_ism_jump,dg_1d,total,10 GHz,1.000000000000e+10,9.526807029020e+04,5.374375136846e-25
wind_ism_jump,dg_1d,total,10 GHz,1.000000000000e+10,1.156532641790e+05,5.062332128321e-25
wind_ism_jump,dg_1d,total,10 GHz,1.000000000000e+10,1.404004245548e+05,4.729478185838e-25
wind_ism_jump,dg_1d,total,10 GHz,1.000000000000e+10,1.704429127453e+05,4.279960900371e-25
wind_ism_jump,dg_1d,total,10 GHz,1.000000000000e+10,2.069138081115e+05,3.328518834760e-25
wind_ism_jump,dg_1d,total,10 GHz,1.000000000000e+10,2.511886431510e+05,2.868011438322e-25
wind_ism_jump,dg_1d,total,10 GHz,1.000000000000e+10,3.049372829387e+05,2.896132513879e-25
wind_ism_jump,dg_1d,total,10 GHz,1.000000000000e+10,3.701869055846e+05,2.621627573630e-25
wind_ism_jump,dg_1d,total,10 GHz,1.000000000000e+10,4.493984590722e+05,2.367900046304e-25
wind_ism_jump,dg_1d,total,10 GHz,1.000000000000e+10,5.455594781169e+05,2.210193040226e-25
wind_ism_jump,dg_1d,total,10 GHz,1.000000000000e+10,6.622967617148e+05,2.103970893385e-25
wind_ism_jump,dg_1d,total,10 GHz,1.000000000000e+10,8.040131611168e+05,2.001367915592e-25
wind_ism_jump,dg_1d,total,10 GHz,1.000000000000e+10,9.760536373079e+05,1.866181193236e-25
wind_ism_jump,dg_1d,total,10 GHz,1.000000000000e+10,1.184906851001e+06,1.806445369627e-25
wind_ism_jump,dg_1d,total,10 GHz,1.000000000000e+10,1.438449888288e+06,1.686754390180e-25
wind_ism_jump,dg_1d,total,10 GHz,1.000000000000e+10,1.746245352002e+06,1.546849712788e-25
wind_ism_jump,dg_1d,total,10 GHz,1.000000000000e+10,2.119902023850e+06,1.394192395227e-25
wind_ism_jump,dg_1d,total,10 GHz,1.000000000000e+10,2.573512700017e+06,1.222370132709e-25
wind_ism_jump,dg_1d,total,10 GHz,1.000000000000e+10,3.124185713603e+06,1.034434780744e-25
wind_ism_jump,dg_1d,total,10 GHz,1.000000000000e+10,3.792690190732e+06,8.565654359715e-26
wind_ism_jump,dg_1d,total,10 GHz,1.000000000000e+10,4.604239376759e+06,6.896173933806e-26
wind_ism_jump,dg_1d,total,10 GHz,1.000000000000e+10,5.589441576403e+06,5.435590052186e-26
wind_ism_jump,dg_1d,total,10 GHz,1.000000000000e+10,6.785454573394e+06,4.221278278047e-26
wind_ism_jump,dg_1d,total,10 GHz,1.000000000000e+10,8.237387069571e+06,3.242767483976e-26
wind_ism_jump,dg_1d,total,10 GHz,1.000000000000e+10,1.000000000000e+07,2.471722187970e-26
wind_ism_jump,dg_1d,total,R band,4.560000000000e+14,1.000000000000e-01,3.999543050130e-23
wind_ism_jump,dg_1d,total,R band,4.560000000000e+14,1.213977189070e-01,4.676534403586e-23
wind_ism_jump,dg_1d,total,R band,4.560000000000e+14,1.473740615582e-01,5.489897327767e-23
wind_ism_jump,dg_1d,total,R band,4.560000000000e+14,1.789087489923e-01,6.409486747138e-23
wind_ism_jump,dg_1d,total,R band,4.560000000000e+14,2.171911402017e-01,7.506158019317e-23
wind_ism_jump,dg_1d,total,R band,4.560000000000e+14,2.636650898730e-01,8.768046863715e-23
wind_ism_jump,dg_1d,total,R band,4.560000000000e+14,3.200834046600e-01,1.020384699219e-22
wind_ism_jump,dg_1d,total,R band,4.560000000000e+14,3.885739518571e-01,1.181791026189e-22
wind_ism_jump,dg_1d,total,R band,4.560000000000e+14,4.717199138213e-01,1.356357184103e-22
wind_ism_jump,dg_1d,total,R band,4.560000000000e+14,5.726572150092e-01,1.536095111171e-22
wind_ism_jump,dg_1d,total,R band,4.560000000000e+14,6.951927961776e-01,1.706766830545e-22
wind_ism_jump,dg_1d,total,R band,4.560000000000e+14,8.439481965654e-01,1.850435820525e-22
wind_ism_jump,dg_1d,total,R band,4.560000000000e+14,1.024533859387e+00,1.949700608925e-22
wind_ism_jump,dg_1d,total,R band,4.560000000000e+14,1.243760734726e+00,1.992037836764e-22
wind_ism_jump,dg_1d,total,R band,4.560000000000e+14,1.509897160618e+00,1.973155556885e-22
wind_ism_jump,dg_1d,total,R band,4.560000000000e+14,1.832980710832e+00,1.900300283391e-22
wind_ism_jump,dg_1d,total,R band,4.560000000000e+14,2.225196770956e+00,1.784252218179e-22
wind_ism_jump,dg_1d,total,R band,4.560000000000e+14,2.701338121133e+00,1.633340416547e-22
wind_ism_jump,dg_1d,total,R band,4.560000000000e+14,3.279362859021e+00,1.461314557909e-22
wind_ism_jump,dg_1d,total,R band,4.560000000000e+14,3.981071705535e+00,1.278566736556e-22
wind_ism_jump,dg_1d,total,R band,4.560000000000e+14,4.832930238572e+00,1.097372449571e-22
wind_ism_jump,dg_1d,total,R band,4.560000000000e+14,5.867067065993e+00,9.224435396410e-23
wind_ism_jump,dg_1d,total,R band,4.560000000000e+14,7.122485584860e+00,7.568469668488e-23
wind_ism_jump,dg_1d,total,R band,4.560000000000e+14,8.646535029500e+00,6.059018815100e-23
wind_ism_jump,dg_1d,total,R band,4.560000000000e+14,1.049669629031e+01,4.772525399043e-23
wind_ism_jump,dg_1d,total,R band,4.560000000000e+14,1.274274985703e+01,3.696318463600e-23
wind_ism_jump,dg_1d,total,R band,4.560000000000e+14,1.546940765246e+01,2.836694738696e-23
wind_ism_jump,dg_1d,total,R band,4.560000000000e+14,1.877950801851e+01,2.160790545557e-23
wind_ism_jump,dg_1d,total,R band,4.560000000000e+14,2.279789435644e+01,1.656300885371e-23
wind_ism_jump,dg_1d,total,R band,4.560000000000e+14,2.767612370754e+01,1.299532959881e-23
wind_ism_jump,dg_1d,total,R band,4.560000000000e+14,3.359818286284e+01,1.055502690913e-23
wind_ism_jump,dg_1d,total,R band,4.560000000000e+14,4.078742758969e+01,8.967375958944e-24
wind_ism_jump,dg_1d,total,R band,4.560000000000e+14,4.951500669473e+01,8.015439909475e-24
wind_ism_jump,dg_1d,total,R band,4.560000000000e+14,6.011008864406e+01,7.536277303255e-24
wind_ism_jump,dg_1d,total,R band,4.560000000000e+14,7.297227644686e+01,7.364636657936e-24
wind_ism_jump,dg_1d,total,R band,4.560000000000e+14,8.858667904101e+01,7.391376053807e-24
wind_ism_jump,dg_1d,total,R band,4.560000000000e+14,1.075422076113e+02,7.533106043405e-24
wind_ism_jump,dg_1d,total,R band,4.560000000000e+14,1.305537869023e+02,7.749855527236e-24
wind_ism_jump,dg_1d,total,R band,4.560000000000e+14,1.584893192461e+02,8.011884375485e-24
wind_ism_jump,dg_1d,total,R band,4.560000000000e+14,1.924024182760e+02,8.308743422279e-24
wind_ism_jump,dg_1d,total,R band,4.560000000000e+14,2.335721469090e+02,8.626970049698e-24
wind_ism_jump,dg_1d,total,R band,4.560000000000e+14,2.835512583497e+02,8.940101037489e-24
wind_ism_jump,dg_1d,total,R band,4.560000000000e+14,3.442247595686e+02,9.266118092268e-24
wind_ism_jump,dg_1d,total,R band,4.560000000000e+14,4.178810060294e+02,9.614594218882e-24
wind_ism_jump,dg_1d,total,R band,4.560000000000e+14,5.072980090654e+02,9.995303679559e-24
wind_ism_jump,dg_1d,total,R band,4.560000000000e+14,6.158482110660e+02,1.037050862011e-23
wind_ism_jump,dg_1d,total,R band,4.560000000000e+14,7.476256801638e+02,1.071780149332e-23
wind_ism_jump,dg_1d,total,R band,4.560000000000e+14,9.076005216818e+02,1.103220902209e-23
wind_ism_jump,dg_1d,total,R band,4.560000000000e+14,1.101806330110e+03,1.131930232045e-23
wind_ism_jump,dg_1d,total,R band,4.560000000000e+14,1.337567751526e+03,1.156982302790e-23
wind_ism_jump,dg_1d,total,R band,4.560000000000e+14,1.623776739189e+03,1.178033987392e-23
wind_ism_jump,dg_1d,total,R band,4.560000000000e+14,1.971227921518e+03,1.190930841343e-23
wind_ism_jump,dg_1d,total,R band,4.560000000000e+14,2.393025731180e+03,1.189557865193e-23
wind_ism_jump,dg_1d,total,R band,4.560000000000e+14,2.905078650511e+03,1.171967067040e-23
wind_ism_jump,dg_1d,total,R band,4.560000000000e+14,3.526699214175e+03,1.137691495870e-23
wind_ism_jump,dg_1d,total,R band,4.560000000000e+14,4.281332398719e+03,1.084469358695e-23
wind_ism_jump,dg_1d,total,R band,4.560000000000e+14,5.197439870872e+03,1.011067237759e-23
wind_ism_jump,dg_1d,total,R band,4.560000000000e+14,6.309573444802e+03,9.193444448956e-24
wind_ism_jump,dg_1d,total,R band,4.560000000000e+14,7.659678234752e+03,8.084086620372e-24
wind_ism_jump,dg_1d,total,R band,4.560000000000e+14,9.298674652605e+03,6.789004292240e-24
wind_ism_jump,dg_1d,total,R band,4.560000000000e+14,1.128837891685e+04,5.442301987329e-24
wind_ism_jump,dg_1d,total,R band,4.560000000000e+14,1.370383450663e+04,4.157766895233e-24
wind_ism_jump,dg_1d,total,R band,4.560000000000e+14,1.663614249384e+04,3.051296182356e-24
wind_ism_jump,dg_1d,total,R band,4.560000000000e+14,2.019589750164e+04,2.170786624859e-24
wind_ism_jump,dg_1d,total,R band,4.560000000000e+14,2.451735887979e+04,1.513186333871e-24
wind_ism_jump,dg_1d,total,R band,4.560000000000e+14,2.976351441631e+04,1.042381111049e-24
wind_ism_jump,dg_1d,total,R band,4.560000000000e+14,3.613222756796e+04,7.143531789697e-25
wind_ism_jump,dg_1d,total,R band,4.560000000000e+14,4.386370005780e+04,4.881287991943e-25
wind_ism_jump,dg_1d,total,R band,4.560000000000e+14,5.324953129838e+04,3.325919304517e-25
wind_ism_jump,dg_1d,total,R band,4.560000000000e+14,6.464371632490e+04,2.262641134318e-25
wind_ism_jump,dg_1d,total,R band,4.560000000000e+14,7.847599703515e+04,1.535691750687e-25
wind_ism_jump,dg_1d,total,R band,4.560000000000e+14,9.526807029020e+04,1.040605265659e-25
wind_ism_jump,dg_1d,total,R band,4.560000000000e+14,1.156532641790e+05,7.032145027483e-26
wind_ism_jump,dg_1d,total,R band,4.560000000000e+14,1.404004245548e+05,4.747738603566e-26
wind_ism_jump,dg_1d,total,R band,4.560000000000e+14,1.704429127453e+05,3.126288332942e-26
wind_ism_jump,dg_1d,total,R band,4.560000000000e+14,2.069138081115e+05,1.751637358481e-26
wind_ism_jump,dg_1d,total,R band,4.560000000000e+14,2.511886431510e+05,1.295656429163e-26
wind_ism_jump,dg_1d,total,R band,4.560000000000e+14,3.049372829387e+05,1.117175234553e-26
wind_ism_jump,dg_1d,total,R band,4.560000000000e+14,3.701869055846e+05,6.750336894005e-27
wind_ism_jump,dg_1d,total,R band,4.560000000000e+14,4.493984590722e+05,4.293382324855e-27
wind_ism_jump,dg_1d,total,R band,4.560000000000e+14,5.455594781169e+05,2.840319580834e-27
wind_ism_jump,dg_1d,total,R band,4.560000000000e+14,6.622967617148e+05,1.928638398341e-27
wind_ism_jump,dg_1d,total,R band,4.560000000000e+14,8.040131611168e+05,1.328721882314e-27
wind_ism_jump,dg_1d,total,R band,4.560000000000e+14,9.760536373079e+05,9.272517765888e-28
wind_ism_jump,dg_1d,total,R band,4.560000000000e+14,1.184906851001e+06,6.517967555525e-28
wind_ism_jump,dg_1d,total,R band,4.560000000000e+14,1.438449888288e+06,4.614280402693e-28
wind_ism_jump,dg_1d,total,R band,4.560000000000e+14,1.746245352002e+06,3.280401853410e-28
wind_ism_jump,dg_1d,total,R band,4.560000000000e+14,2.119902023850e+06,2.335770323905e-28
wind_ism_jump,dg_1d,total,R band,4.560000000000e+14,2.573512700017e+06,1.664570813492e-28
wind_ism_jump,dg_1d,total,R band,4.560000000000e+14,3.124185713603e+06,1.188971785945e-28
wind_ism_jump,dg_1d,total,R band,4.560000000000e+14,3.792690190732e+06,8.547766737972e-29
wind_ism_jump,dg_1d,total,R band,4.560000000000e+14,4.604239376759e+06,6.164049262626e-29
wind_ism_jump,dg_1d,total,R band,4.560000000000e+14,5.589441576403e+06,4.452158757281e-29
wind_ism_jump,dg_1d,total,R band,4.560000000000e+14,6.785454573394e+06,3.216995741773e-29
wind_ism_jump,dg_1d,total,R band,4.560000000000e+14,8.237387069571e+06,2.330619029287e-29
wind_ism_jump,dg_1d,total,R band,4.560000000000e+14,1.000000000000e+07,1.692638931009e-29
wind_ism_jump,dg_1d,total,1 keV,2.417989242000e+17,1.000000000000e-01,2.990466243123e-22
wind_ism_jump,dg_1d,total,1 keV,2.417989242000e+17,1.213977189070e-01,3.389714191643e-22
wind_ism_jump,dg_1d,total,1 keV,2.417989242000e+17,1.473740615582e-01,3.804383124117e-22
wind_ism_jump,dg_1d,total,1 keV,2.417989242000e+17,1.789087489923e-01,4.164761978286e-22
wind_ism_jump,dg_1d,total,1 keV,2.417989242000e+17,2.171911402017e-01,4.449453172597e-22
wind_ism_jump,dg_1d,total,1 keV,2.417989242000e+17,2.636650898730e-01,4.565482763128e-22
wind_ism_jump,dg_1d,total,1 keV,2.417989242000e+17,3.200834046600e-01,4.430450093176e-22
wind_ism_jump,dg_1d,total,1 keV,2.417989242000e+17,3.885739518571e-01,3.996028985119e-22
wind_ism_jump,dg_1d,total,1 keV,2.417989242000e+17,4.717199138213e-01,3.288822135853e-22
wind_ism_jump,dg_1d,total,1 keV,2.417989242000e+17,5.726572150092e-01,2.453680967771e-22
wind_ism_jump,dg_1d,total,1 keV,2.417989242000e+17,6.951927961776e-01,1.668965150422e-22
wind_ism_jump,dg_1d,total,1 keV,2.417989242000e+17,8.439481965654e-01,1.059980323966e-22
wind_ism_jump,dg_1d,total,1 keV,2.417989242000e+17,1.024533859387e+00,6.483906479644e-23
wind_ism_jump,dg_1d,total,1 keV,2.417989242000e+17,1.243760734726e+00,3.930843574563e-23
wind_ism_jump,dg_1d,total,1 keV,2.417989242000e+17,1.509897160618e+00,2.456179419302e-23
wind_ism_jump,dg_1d,total,1 keV,2.417989242000e+17,1.832980710832e+00,1.635338456432e-23
wind_ism_jump,dg_1d,total,1 keV,2.417989242000e+17,2.225196770956e+00,1.201779153987e-23
wind_ism_jump,dg_1d,total,1 keV,2.417989242000e+17,2.701338121133e+00,9.932096282001e-24
wind_ism_jump,dg_1d,total,1 keV,2.417989242000e+17,3.279362859021e+00,9.037798742308e-24
wind_ism_jump,dg_1d,total,1 keV,2.417989242000e+17,3.981071705535e+00,8.711285574961e-24
wind_ism_jump,dg_1d,total,1 keV,2.417989242000e+17,4.832930238572e+00,8.673758095259e-24
wind_ism_jump,dg_1d,total,1 keV,2.417989242000e+17,5.867067065993e+00,8.764840197726e-24
wind_ism_jump,dg_1d,total,1 keV,2.417989242000e+17,7.122485584860e+00,8.887993880618e-24
wind_ism_jump,dg_1d,total,1 keV,2.417989242000e+17,8.646535029500e+00,8.997422371288e-24
wind_ism_jump,dg_1d,total,1 keV,2.417989242000e+17,1.049669629031e+01,9.077933710847e-24
wind_ism_jump,dg_1d,total,1 keV,2.417989242000e+17,1.274274985703e+01,9.083632301026e-24
wind_ism_jump,dg_1d,total,1 keV,2.417989242000e+17,1.546940765246e+01,9.055972170596e-24
wind_ism_jump,dg_1d,total,1 keV,2.417989242000e+17,1.877950801851e+01,8.976206966790e-24
wind_ism_jump,dg_1d,total,1 keV,2.417989242000e+17,2.279789435644e+01,8.850080936036e-24
wind_ism_jump,dg_1d,total,1 keV,2.417989242000e+17,2.767612370754e+01,8.671775187329e-24
wind_ism_jump,dg_1d,total,1 keV,2.417989242000e+17,3.359818286284e+01,8.435909031385e-24
wind_ism_jump,dg_1d,total,1 keV,2.417989242000e+17,4.078742758969e+01,8.110145382847e-24
wind_ism_jump,dg_1d,total,1 keV,2.417989242000e+17,4.951500669473e+01,7.720773393306e-24
wind_ism_jump,dg_1d,total,1 keV,2.417989242000e+17,6.011008864406e+01,7.275783936368e-24
wind_ism_jump,dg_1d,total,1 keV,2.417989242000e+17,7.297227644686e+01,6.780540945468e-24
wind_ism_jump,dg_1d,total,1 keV,2.417989242000e+17,8.858667904101e+01,6.239526251583e-24
wind_ism_jump,dg_1d,total,1 keV,2.417989242000e+17,1.075422076113e+02,5.649230186365e-24
wind_ism_jump,dg_1d,total,1 keV,2.417989242000e+17,1.305537869023e+02,5.006364048661e-24
wind_ism_jump,dg_1d,total,1 keV,2.417989242000e+17,1.584893192461e+02,4.368598253337e-24
wind_ism_jump,dg_1d,total,1 keV,2.417989242000e+17,1.924024182760e+02,3.756161586428e-24
wind_ism_jump,dg_1d,total,1 keV,2.417989242000e+17,2.335721469090e+02,3.183444659863e-24
wind_ism_jump,dg_1d,total,1 keV,2.417989242000e+17,2.835512583497e+02,2.659973882683e-24
wind_ism_jump,dg_1d,total,1 keV,2.417989242000e+17,3.442247595686e+02,2.193276443282e-24
wind_ism_jump,dg_1d,total,1 keV,2.417989242000e+17,4.178810060294e+02,1.785889592974e-24
wind_ism_jump,dg_1d,total,1 keV,2.417989242000e+17,5.072980090654e+02,1.439619294523e-24
wind_ism_jump,dg_1d,total,1 keV,2.417989242000e+17,6.158482110660e+02,1.149706817022e-24
wind_ism_jump,dg_1d,total,1 keV,2.417989242000e+17,7.476256801638e+02,9.120248734232e-25
wind_ism_jump,dg_1d,total,1 keV,2.417989242000e+17,9.076005216818e+02,7.198749625176e-25
wind_ism_jump,dg_1d,total,1 keV,2.417989242000e+17,1.101806330110e+03,5.664217194311e-25
wind_ism_jump,dg_1d,total,1 keV,2.417989242000e+17,1.337567751526e+03,4.445461594974e-25
wind_ism_jump,dg_1d,total,1 keV,2.417989242000e+17,1.623776739189e+03,3.483299993130e-25
wind_ism_jump,dg_1d,total,1 keV,2.417989242000e+17,1.971227921518e+03,2.727686206245e-25
wind_ism_jump,dg_1d,total,1 keV,2.417989242000e+17,2.393025731180e+03,2.135328398933e-25
wind_ism_jump,dg_1d,total,1 keV,2.417989242000e+17,2.905078650511e+03,1.670674769284e-25
wind_ism_jump,dg_1d,total,1 keV,2.417989242000e+17,3.526699214175e+03,1.305798449420e-25
wind_ism_jump,dg_1d,total,1 keV,2.417989242000e+17,4.281332398719e+03,1.018150433136e-25
wind_ism_jump,dg_1d,total,1 keV,2.417989242000e+17,5.197439870872e+03,7.897469483690e-26
wind_ism_jump,dg_1d,total,1 keV,2.417989242000e+17,6.309573444802e+03,6.057386461919e-26
wind_ism_jump,dg_1d,total,1 keV,2.417989242000e+17,7.659678234752e+03,4.543258475425e-26
wind_ism_jump,dg_1d,total,1 keV,2.417989242000e+17,9.298674652605e+03,3.340042355973e-26
wind_ism_jump,dg_1d,total,1 keV,2.417989242000e+17,1.128837891685e+04,2.447411292071e-26
wind_ism_jump,dg_1d,total,1 keV,2.417989242000e+17,1.370383450663e+04,1.787353000930e-26
wind_ism_jump,dg_1d,total,1 keV,2.417989242000e+17,1.663614249384e+04,1.298452006762e-26
wind_ism_jump,dg_1d,total,1 keV,2.417989242000e+17,2.019589750164e+04,9.401972986441e-27
wind_ism_jump,dg_1d,total,1 keV,2.417989242000e+17,2.451735887979e+04,6.774139909039e-27
wind_ism_jump,dg_1d,total,1 keV,2.417989242000e+17,2.976351441631e+04,4.853814687662e-27
wind_ism_jump,dg_1d,total,1 keV,2.417989242000e+17,3.613222756796e+04,3.459922719852e-27
wind_ism_jump,dg_1d,total,1 keV,2.417989242000e+17,4.386370005780e+04,2.457110163737e-27
wind_ism_jump,dg_1d,total,1 keV,2.417989242000e+17,5.324953129838e+04,1.736276346717e-27
wind_ism_jump,dg_1d,total,1 keV,2.417989242000e+17,6.464371632490e+04,1.223804081363e-27
wind_ism_jump,dg_1d,total,1 keV,2.417989242000e+17,7.847599703515e+04,8.591904945700e-28
wind_ism_jump,dg_1d,total,1 keV,2.417989242000e+17,9.526807029020e+04,6.010940123470e-28
wind_ism_jump,dg_1d,total,1 keV,2.417989242000e+17,1.156532641790e+05,4.181323120769e-28
wind_ism_jump,dg_1d,total,1 keV,2.417989242000e+17,1.404004245548e+05,2.903484172422e-28
wind_ism_jump,dg_1d,total,1 keV,2.417989242000e+17,1.704429127453e+05,1.961014649414e-28
wind_ism_jump,dg_1d,total,1 keV,2.417989242000e+17,2.069138081115e+05,1.126543016061e-28
wind_ism_jump,dg_1d,total,1 keV,2.417989242000e+17,2.511886431510e+05,9.056583267370e-29
wind_ism_jump,dg_1d,total,1 keV,2.417989242000e+17,3.049372829387e+05,7.656876716447e-29
wind_ism_jump,dg_1d,total,1 keV,2.417989242000e+17,3.701869055846e+05,4.059746566263e-29
wind_ism_jump,dg_1d,total,1 keV,2.417989242000e+17,4.493984590722e+05,2.271968800320e-29
wind_ism_jump,dg_1d,total,1 keV,2.417989242000e+17,5.455594781169e+05,1.354383889565e-29
wind_ism_jump,dg_1d,total,1 keV,2.417989242000e+17,6.622967617148e+05,8.459974875504e-30
wind_ism_jump,dg_1d,total,1 keV,2.417989242000e+17,8.040131611168e+05,5.422008110836e-30
wind_ism_jump,dg_1d,total,1 keV,2.417989242000e+17,9.760536373079e+05,3.573909694828e-30
wind_ism_jump,dg_1d,total,1 keV,2.417989242000e+17,1.184906851001e+06,2.380371918945e-30
wind_ism_jump,dg_1d,total,1 keV,2.417989242000e+17,1.438449888288e+06,1.608903128039e-30
wind_ism_jump,dg_1d,total,1 keV,2.417989242000e+17,1.746245352002e+06,1.101421434160e-30
wind_ism_jump,dg_1d,total,1 keV,2.417989242000e+17,2.119902023850e+06,7.555354816058e-31
wind_ism_jump,dg_1d,total,1 keV,2.417989242000e+17,2.573512700017e+06,5.188484571118e-31
wind_ism_jump,dg_1d,total,1 keV,2.417989242000e+17,3.124185713603e+06,3.577246308862e-31
wind_ism_jump,dg_1d,total,1 keV,2.417989242000e+17,3.792690190732e+06,2.505692949350e-31
wind_ism_jump,dg_1d,total,1 keV,2.417989242000e+17,4.604239376759e+06,1.748246826999e-31
wind_ism_jump,dg_1d,total,1 keV,2.417989242000e+17,5.589441576403e+06,1.224152702863e-31
wind_ism_jump,dg_1d,total,1 keV,2.417989242000e+17,6.785454573394e+06,8.610703900313e-32
wind_ism_jump,dg_1d,total,1 keV,2.417989242000e+17,8.237387069571e+06,6.105159251179e-32
wind_ism_jump,dg_1d,total,1 keV,2.417989242000e+17,1.000000000000e+07,4.342021181616e-32
wind_ism_jump,dg_1d,total,100 MeV,2.417989242000e+22,1.000000000000e-01,6.133259205061e-26
wind_ism_jump,dg_1d,total,100 MeV,2.417989242000e+22,1.213977189070e-01,3.667319672111e-26
wind_ism_jump,dg_1d,total,100 MeV,2.417989242000e+22,1.473740615582e-01,1.923488767773e-26
wind_ism_jump,dg_1d,total,100 MeV,2.417989242000e+22,1.789087489923e-01,8.662409942195e-27
wind_ism_jump,dg_1d,total,100 MeV,2.417989242000e+22,2.171911402017e-01,2.911041362437e-27
wind_ism_jump,dg_1d,total,100 MeV,2.417989242000e+22,2.636650898730e-01,1.118685887000e-27
wind_ism_jump,dg_1d,total,100 MeV,2.417989242000e+22,3.200834046600e-01,1.888423915971e-27
wind_ism_jump,dg_1d,total,100 MeV,2.417989242000e+22,3.885739518571e-01,1.272116647864e-27
wind_ism_jump,dg_1d,total,100 MeV,2.417989242000e+22,4.717199138213e-01,1.547743392804e-27
wind_ism_jump,dg_1d,total,100 MeV,2.417989242000e+22,5.726572150092e-01,1.844050980373e-27
wind_ism_jump,dg_1d,total,100 MeV,2.417989242000e+22,6.951927961776e-01,2.171111632543e-27
wind_ism_jump,dg_1d,total,100 MeV,2.417989242000e+22,8.439481965654e-01,2.501676002699e-27
wind_ism_jump,dg_1d,total,100 MeV,2.417989242000e+22,1.024533859387e+00,2.684669205688e-27
wind_ism_jump,dg_1d,total,100 MeV,2.417989242000e+22,1.243760734726e+00,2.745995739913e-27
wind_ism_jump,dg_1d,total,100 MeV,2.417989242000e+22,1.509897160618e+00,2.655382240360e-27
wind_ism_jump,dg_1d,total,100 MeV,2.417989242000e+22,1.832980710832e+00,2.440023139768e-27
wind_ism_jump,dg_1d,total,100 MeV,2.417989242000e+22,2.225196770956e+00,2.154746846714e-27
wind_ism_jump,dg_1d,total,100 MeV,2.417989242000e+22,2.701338121133e+00,1.849244826874e-27
wind_ism_jump,dg_1d,total,100 MeV,2.417989242000e+22,3.279362859021e+00,1.553954849364e-27
wind_ism_jump,dg_1d,total,100 MeV,2.417989242000e+22,3.981071705535e+00,1.282530412799e-27
wind_ism_jump,dg_1d,total,100 MeV,2.417989242000e+22,4.832930238572e+00,1.047304669525e-27
wind_ism_jump,dg_1d,total,100 MeV,2.417989242000e+22,5.867067065993e+00,8.466544884005e-28
wind_ism_jump,dg_1d,total,100 MeV,2.417989242000e+22,7.122485584860e+00,6.790731137983e-28
wind_ism_jump,dg_1d,total,100 MeV,2.417989242000e+22,8.646535029500e+00,5.421086733472e-28
wind_ism_jump,dg_1d,total,100 MeV,2.417989242000e+22,1.049669629031e+01,4.315362299220e-28
wind_ism_jump,dg_1d,total,100 MeV,2.417989242000e+22,1.274274985703e+01,3.417891764454e-28
wind_ism_jump,dg_1d,total,100 MeV,2.417989242000e+22,1.546940765246e+01,2.705968907506e-28
wind_ism_jump,dg_1d,total,100 MeV,2.417989242000e+22,1.877950801851e+01,2.133765393550e-28
wind_ism_jump,dg_1d,total,100 MeV,2.417989242000e+22,2.279789435644e+01,1.678867219343e-28
wind_ism_jump,dg_1d,total,100 MeV,2.417989242000e+22,2.767612370754e+01,1.318086620524e-28
wind_ism_jump,dg_1d,total,100 MeV,2.417989242000e+22,3.359818286284e+01,1.034308589496e-28
wind_ism_jump,dg_1d,total,100 MeV,2.417989242000e+22,4.078742758969e+01,8.103659409861e-29
wind_ism_jump,dg_1d,total,100 MeV,2.417989242000e+22,4.951500669473e+01,6.339296375281e-29
wind_ism_jump,dg_1d,total,100 MeV,2.417989242000e+22,6.011008864406e+01,4.960418529251e-29
wind_ism_jump,dg_1d,total,100 MeV,2.417989242000e+22,7.297227644686e+01,3.879378097966e-29
wind_ism_jump,dg_1d,total,100 MeV,2.417989242000e+22,8.858667904101e+01,3.034770585561e-29
wind_ism_jump,dg_1d,total,100 MeV,2.417989242000e+22,1.075422076113e+02,2.374540083508e-29
wind_ism_jump,dg_1d,total,100 MeV,2.417989242000e+22,1.305537869023e+02,1.856600719393e-29
wind_ism_jump,dg_1d,total,100 MeV,2.417989242000e+22,1.584893192461e+02,1.453239539179e-29
wind_ism_jump,dg_1d,total,100 MeV,2.417989242000e+22,1.924024182760e+02,1.137320043373e-29
wind_ism_jump,dg_1d,total,100 MeV,2.417989242000e+22,2.335721469090e+02,8.916755376401e-30
wind_ism_jump,dg_1d,total,100 MeV,2.417989242000e+22,2.835512583497e+02,7.003832463682e-30
wind_ism_jump,dg_1d,total,100 MeV,2.417989242000e+22,3.442247595686e+02,5.510417030302e-30
wind_ism_jump,dg_1d,total,100 MeV,2.417989242000e+22,4.178810060294e+02,4.350716951044e-30
wind_ism_jump,dg_1d,total,100 MeV,2.417989242000e+22,5.072980090654e+02,3.446628073194e-30
wind_ism_jump,dg_1d,total,100 MeV,2.417989242000e+22,6.158482110660e+02,2.741161790940e-30
wind_ism_jump,dg_1d,total,100 MeV,2.417989242000e+22,7.476256801638e+02,2.195792496008e-30
wind_ism_jump,dg_1d,total,100 MeV,2.417989242000e+22,9.076005216818e+02,1.774809641480e-30
wind_ism_jump,dg_1d,total,100 MeV,2.417989242000e+22,1.101806330110e+03,1.449848580488e-30
wind_ism_jump,dg_1d,total,100 MeV,2.417989242000e+22,1.337567751526e+03,1.198443579368e-30
wind_ism_jump,dg_1d,total,100 MeV,2.417989242000e+22,1.623776739189e+03,1.003061362289e-30
wind_ism_jump,dg_1d,total,100 MeV,2.417989242000e+22,1.971227921518e+03,8.486548559964e-31
wind_ism_jump,dg_1d,total,100 MeV,2.417989242000e+22,2.393025731180e+03,7.235166948992e-31
wind_ism_jump,dg_1d,total,100 MeV,2.417989242000e+22,2.905078650511e+03,6.196247164142e-31
wind_ism_jump,dg_1d,total,100 MeV,2.417989242000e+22,3.526699214175e+03,5.313252323606e-31
wind_ism_jump,dg_1d,total,100 MeV,2.417989242000e+22,4.281332398719e+03,4.542678542346e-31
wind_ism_jump,dg_1d,total,100 MeV,2.417989242000e+22,5.197439870872e+03,3.857028273363e-31
wind_ism_jump,dg_1d,total,100 MeV,2.417989242000e+22,6.309573444802e+03,3.233667711811e-31
wind_ism_jump,dg_1d,total,100 MeV,2.417989242000e+22,7.659678234752e+03,2.644180877069e-31
wind_ism_jump,dg_1d,total,100 MeV,2.417989242000e+22,9.298674652605e+03,2.082773187646e-31
wind_ism_jump,dg_1d,total,100 MeV,2.417989242000e+22,1.128837891685e+04,1.581524714505e-31
wind_ism_jump,dg_1d,total,100 MeV,2.417989242000e+22,1.370383450663e+04,1.154453161645e-31
wind_ism_jump,dg_1d,total,100 MeV,2.417989242000e+22,1.663614249384e+04,8.185554076712e-32
wind_ism_jump,dg_1d,total,100 MeV,2.417989242000e+22,2.019589750164e+04,5.679307348555e-32
wind_ism_jump,dg_1d,total,100 MeV,2.417989242000e+22,2.451735887979e+04,3.871708369753e-32
wind_ism_jump,dg_1d,total,100 MeV,2.417989242000e+22,2.976351441631e+04,2.609566637843e-32
wind_ism_jump,dg_1d,total,100 MeV,2.417989242000e+22,3.613222756796e+04,1.751999515887e-32
wind_ism_jump,dg_1d,total,100 MeV,2.417989242000e+22,4.386370005780e+04,1.173692018472e-32
wind_ism_jump,dg_1d,total,100 MeV,2.417989242000e+22,5.324953129838e+04,7.848280323853e-33
wind_ism_jump,dg_1d,total,100 MeV,2.417989242000e+22,6.464371632490e+04,5.257341589593e-33
wind_ism_jump,dg_1d,total,100 MeV,2.417989242000e+22,7.847599703515e+04,3.523348267921e-33
wind_ism_jump,dg_1d,total,100 MeV,2.417989242000e+22,9.526807029020e+04,2.369329590597e-33
wind_ism_jump,dg_1d,total,100 MeV,2.417989242000e+22,1.156532641790e+05,1.593765733107e-33
wind_ism_jump,dg_1d,total,100 MeV,2.417989242000e+22,1.404004245548e+05,1.079093317541e-33
wind_ism_jump,dg_1d,total,100 MeV,2.417989242000e+22,1.704429127453e+05,7.134832753168e-34
wind_ism_jump,dg_1d,total,100 MeV,2.417989242000e+22,2.069138081115e+05,3.943377937689e-34
wind_ism_jump,dg_1d,total,100 MeV,2.417989242000e+22,2.511886431510e+05,2.718567817911e-34
wind_ism_jump,dg_1d,total,100 MeV,2.417989242000e+22,3.049372829387e+05,2.068971275303e-34
wind_ism_jump,dg_1d,total,100 MeV,2.417989242000e+22,3.701869055846e+05,1.063535885688e-34
wind_ism_jump,dg_1d,total,100 MeV,2.417989242000e+22,4.493984590722e+05,6.068265699982e-35
wind_ism_jump,dg_1d,total,100 MeV,2.417989242000e+22,5.455594781169e+05,3.703471333806e-35
wind_ism_jump,dg_1d,total,100 MeV,2.417989242000e+22,6.622967617148e+05,2.328265878439e-35
wind_ism_jump,dg_1d,total,100 MeV,2.417989242000e+22,8.040131611168e+05,1.492202368080e-35
wind_ism_jump,dg_1d,total,100 MeV,2.417989242000e+22,9.760536373079e+05,9.819432103333e-36
wind_ism_jump,dg_1d,total,100 MeV,2.417989242000e+22,1.184906851001e+06,6.424820454879e-36
wind_ism_jump,dg_1d,total,100 MeV,2.417989242000e+22,1.438449888288e+06,4.286263537387e-36
wind_ism_jump,dg_1d,total,100 MeV,2.417989242000e+22,1.746245352002e+06,2.884318613943e-36
wind_ism_jump,dg_1d,total,100 MeV,2.417989242000e+22,2.119902023850e+06,1.922766389662e-36
wind_ism_jump,dg_1d,total,100 MeV,2.417989242000e+22,2.573512700017e+06,1.283516607542e-36
wind_ism_jump,dg_1d,total,100 MeV,2.417989242000e+22,3.124185713603e+06,8.586766475407e-37
wind_ism_jump,dg_1d,total,100 MeV,2.417989242000e+22,3.792690190732e+06,5.846570515585e-37
wind_ism_jump,dg_1d,total,100 MeV,2.417989242000e+22,4.604239376759e+06,3.921796929273e-37
wind_ism_jump,dg_1d,total,100 MeV,2.417989242000e+22,5.589441576403e+06,2.660561145202e-37
wind_ism_jump,dg_1d,total,100 MeV,2.417989242000e+22,6.785454573394e+06,1.809509142338e-37
wind_ism_jump,dg_1d,total,100 MeV,2.417989242000e+22,8.237387069571e+06,1.238761222846e-37
wind_ism_jump,dg_1d,total,100 MeV,2.417989242000e+22,1.000000000000e+07,8.465172790700e-38
wind_ism_jump,dg_1d,sync,10 GHz,1.000000000000e+10,1.000000000000e-01,1.563258074757e-27
wind_ism_jump,dg_1d,sync,10 GHz,1.000000000000e+10,1.213977189070e-01,1.820000549118e-27
wind_ism_jump,dg_1d,sync,10 GHz,1.000000000000e+10,1.473740615582e-01,2.076316087435e-27
wind_ism_jump,dg_1d,sync,10 GHz,1.000000000000e+10,1.789087489923e-01,2.365752281799e-27
wind_ism_jump,dg_1d,sync,10 GHz,1.000000000000e+10,2.171911402017e-01,2.692312133909e-27
wind_ism_jump,dg_1d,sync,10 GHz,1.000000000000e+10,2.636650898730e-01,3.051434001603e-27
wind_ism_jump,dg_1d,sync,10 GHz,1.000000000000e+10,3.200834046600e-01,3.537872635696e-27
wind_ism_jump,dg_1d,sync,10 GHz,1.000000000000e+10,3.885739518571e-01,4.011674963589e-27
wind_ism_jump,dg_1d,sync,10 GHz,1.000000000000e+10,4.717199138213e-01,4.620213222798e-27
wind_ism_jump,dg_1d,sync,10 GHz,1.000000000000e+10,5.726572150092e-01,5.286381075074e-27
wind_ism_jump,dg_1d,sync,10 GHz,1.000000000000e+10,6.951927961776e-01,6.031471242915e-27
wind_ism_jump,dg_1d,sync,10 GHz,1.000000000000e+10,8.439481965654e-01,6.893838657553e-27
wind_ism_jump,dg_1d,sync,10 GHz,1.000000000000e+10,1.024533859387e+00,7.806104377541e-27
wind_ism_jump,dg_1d,sync,10 GHz,1.000000000000e+10,1.243760734726e+00,8.836564615562e-27
wind_ism_jump,dg_1d,sync,10 GHz,1.000000000000e+10,1.509897160618e+00,9.960100548263e-27
wind_ism_jump,dg_1d,sync,10 GHz,1.000000000000e+10,1.832980710832e+00,1.119984642165e-26
wind_ism_jump,dg_1d,sync,10 GHz,1.000000000000e+10,2.225196770956e+00,1.255112988857e-26
wind_ism_jump,dg_1d,sync,10 GHz,1.000000000000e+10,2.701338121133e+00,1.402798601019e-26
wind_ism_jump,dg_1d,sync,10 GHz,1.000000000000e+10,3.279362859021e+00,1.565703088674e-26
wind_ism_jump,dg_1d,sync,10 GHz,1.000000000000e+10,3.981071705535e+00,1.745358908582e-26
wind_ism_jump,dg_1d,sync,10 GHz,1.000000000000e+10,4.832930238572e+00,1.944704475085e-26
wind_ism_jump,dg_1d,sync,10 GHz,1.000000000000e+10,5.867067065993e+00,2.166055373116e-26
wind_ism_jump,dg_1d,sync,10 GHz,1.000000000000e+10,7.122485584860e+00,2.412642880336e-26
wind_ism_jump,dg_1d,sync,10 GHz,1.000000000000e+10,8.646535029500e+00,2.688015417123e-26
wind_ism_jump,dg_1d,sync,10 GHz,1.000000000000e+10,1.049669629031e+01,2.996500160833e-26
wind_ism_jump,dg_1d,sync,10 GHz,1.000000000000e+10,1.274274985703e+01,3.342821091531e-26
wind_ism_jump,dg_1d,sync,10 GHz,1.000000000000e+10,1.546940765246e+01,3.732829558951e-26
wind_ism_jump,dg_1d,sync,10 GHz,1.000000000000e+10,1.877950801851e+01,4.172462280480e-26
wind_ism_jump,dg_1d,sync,10 GHz,1.000000000000e+10,2.279789435644e+01,4.668930924693e-26
wind_ism_jump,dg_1d,sync,10 GHz,1.000000000000e+10,2.767612370754e+01,5.230493122445e-26
wind_ism_jump,dg_1d,sync,10 GHz,1.000000000000e+10,3.359818286284e+01,5.867121713006e-26
wind_ism_jump,dg_1d,sync,10 GHz,1.000000000000e+10,4.078742758969e+01,6.590341488392e-26
wind_ism_jump,dg_1d,sync,10 GHz,1.000000000000e+10,4.951500669473e+01,7.414213572070e-26
wind_ism_jump,dg_1d,sync,10 GHz,1.000000000000e+10,6.011008864406e+01,8.354841952825e-26
wind_ism_jump,dg_1d,sync,10 GHz,1.000000000000e+10,7.297227644686e+01,9.431107903410e-26
wind_ism_jump,dg_1d,sync,10 GHz,1.000000000000e+10,8.858667904101e+01,1.066439702987e-25
wind_ism_jump,dg_1d,sync,10 GHz,1.000000000000e+10,1.075422076113e+02,1.207963722447e-25
wind_ism_jump,dg_1d,sync,10 GHz,1.000000000000e+10,1.305537869023e+02,1.370531442262e-25
wind_ism_jump,dg_1d,sync,10 GHz,1.000000000000e+10,1.584893192461e+02,1.557907575804e-25
wind_ism_jump,dg_1d,sync,10 GHz,1.000000000000e+10,1.924024182760e+02,1.774241323781e-25
wind_ism_jump,dg_1d,sync,10 GHz,1.000000000000e+10,2.335721469090e+02,2.024240800069e-25
wind_ism_jump,dg_1d,sync,10 GHz,1.000000000000e+10,2.835512583497e+02,2.311833010814e-25
wind_ism_jump,dg_1d,sync,10 GHz,1.000000000000e+10,3.442247595686e+02,2.632926063295e-25
wind_ism_jump,dg_1d,sync,10 GHz,1.000000000000e+10,4.178810060294e+02,2.986536640670e-25
wind_ism_jump,dg_1d,sync,10 GHz,1.000000000000e+10,5.072980090654e+02,3.385219995298e-25
wind_ism_jump,dg_1d,sync,10 GHz,1.000000000000e+10,6.158482110660e+02,3.828227981823e-25
wind_ism_jump,dg_1d,sync,10 GHz,1.000000000000e+10,7.476256801638e+02,4.311928525407e-25
wind_ism_jump,dg_1d,sync,10 GHz,1.000000000000e+10,9.076005216818e+02,4.833773112140e-25
wind_ism_jump,dg_1d,sync,10 GHz,1.000000000000e+10,1.101806330110e+03,5.381265505886e-25
wind_ism_jump,dg_1d,sync,10 GHz,1.000000000000e+10,1.337567751526e+03,5.890293627228e-25
wind_ism_jump,dg_1d,sync,10 GHz,1.000000000000e+10,1.623776739189e+03,6.371705293693e-25
wind_ism_jump,dg_1d,sync,10 GHz,1.000000000000e+10,1.971227921518e+03,6.855519778271e-25
wind_ism_jump,dg_1d,sync,10 GHz,1.000000000000e+10,2.393025731180e+03,7.320228488997e-25
wind_ism_jump,dg_1d,sync,10 GHz,1.000000000000e+10,2.905078650511e+03,7.754173080172e-25
wind_ism_jump,dg_1d,sync,10 GHz,1.000000000000e+10,3.526699214175e+03,8.149332337541e-25
wind_ism_jump,dg_1d,sync,10 GHz,1.000000000000e+10,4.281332398719e+03,8.487622357675e-25
wind_ism_jump,dg_1d,sync,10 GHz,1.000000000000e+10,5.197439870872e+03,8.749685286601e-25
wind_ism_jump,dg_1d,sync,10 GHz,1.000000000000e+10,6.309573444802e+03,8.921613743371e-25
wind_ism_jump,dg_1d,sync,10 GHz,1.000000000000e+10,7.659678234752e+03,8.972247762610e-25
wind_ism_jump,dg_1d,sync,10 GHz,1.000000000000e+10,9.298674652605e+03,8.876662380001e-25
wind_ism_jump,dg_1d,sync,10 GHz,1.000000000000e+10,1.128837891685e+04,8.680388590952e-25
wind_ism_jump,dg_1d,sync,10 GHz,1.000000000000e+10,1.370383450663e+04,8.421396038034e-25
wind_ism_jump,dg_1d,sync,10 GHz,1.000000000000e+10,1.663614249384e+04,8.139668127160e-25
wind_ism_jump,dg_1d,sync,10 GHz,1.000000000000e+10,2.019589750164e+04,7.847689980456e-25
wind_ism_jump,dg_1d,sync,10 GHz,1.000000000000e+10,2.451735887979e+04,7.562849908913e-25
wind_ism_jump,dg_1d,sync,10 GHz,1.000000000000e+10,2.976351441631e+04,7.287872827597e-25
wind_ism_jump,dg_1d,sync,10 GHz,1.000000000000e+10,3.613222756796e+04,7.014408329848e-25
wind_ism_jump,dg_1d,sync,10 GHz,1.000000000000e+10,4.386370005780e+04,6.713074752761e-25
wind_ism_jump,dg_1d,sync,10 GHz,1.000000000000e+10,5.324953129838e+04,6.393220563905e-25
wind_ism_jump,dg_1d,sync,10 GHz,1.000000000000e+10,6.464371632490e+04,6.045057380479e-25
wind_ism_jump,dg_1d,sync,10 GHz,1.000000000000e+10,7.847599703515e+04,5.696044657304e-25
wind_ism_jump,dg_1d,sync,10 GHz,1.000000000000e+10,9.526807029020e+04,5.374375136829e-25
wind_ism_jump,dg_1d,sync,10 GHz,1.000000000000e+10,1.156532641790e+05,5.062332128303e-25
wind_ism_jump,dg_1d,sync,10 GHz,1.000000000000e+10,1.404004245548e+05,4.729478185820e-25
wind_ism_jump,dg_1d,sync,10 GHz,1.000000000000e+10,1.704429127453e+05,4.279960900354e-25
wind_ism_jump,dg_1d,sync,10 GHz,1.000000000000e+10,2.069138081115e+05,3.328518834746e-25
wind_ism_jump,dg_1d,sync,10 GHz,1.000000000000e+10,2.511886431510e+05,2.868011438310e-25
wind_ism_jump,dg_1d,sync,10 GHz,1.000000000000e+10,3.049372829387e+05,2.896132513867e-25
wind_ism_jump,dg_1d,sync,10 GHz,1.000000000000e+10,3.701869055846e+05,2.621627573619e-25
wind_ism_jump,dg_1d,sync,10 GHz,1.000000000000e+10,4.493984590722e+05,2.367900046295e-25
wind_ism_jump,dg_1d,sync,10 GHz,1.000000000000e+10,5.455594781169e+05,2.210193040217e-25
wind_ism_jump,dg_1d,sync,10 GHz,1.000000000000e+10,6.622967617148e+05,2.103970893377e-25
wind_ism_jump,dg_1d,sync,10 GHz,1.000000000000e+10,8.040131611168e+05,2.001367915584e-25
wind_ism_jump,dg_1d,sync,10 GHz,1.000000000000e+10,9.760536373079e+05,1.866181193228e-25
wind_ism_jump,dg_1d,sync,10 GHz,1.000000000000e+10,1.184906851001e+06,1.806445369619e-25
wind_ism_jump,dg_1d,sync,10 GHz,1.000000000000e+10,1.438449888288e+06,1.686754390172e-25
wind_ism_jump,dg_1d,sync,10 GHz,1.000000000000e+10,1.746245352002e+06,1.546849712780e-25
wind_ism_jump,dg_1d,sync,10 GHz,1.000000000000e+10,2.119902023850e+06,1.394192395218e-25
wind_ism_jump,dg_1d,sync,10 GHz,1.000000000000e+10,2.573512700017e+06,1.222370132699e-25
wind_ism_jump,dg_1d,sync,10 GHz,1.000000000000e+10,3.124185713603e+06,1.034434780732e-25
wind_ism_jump,dg_1d,sync,10 GHz,1.000000000000e+10,3.792690190732e+06,8.565654359560e-26
wind_ism_jump,dg_1d,sync,10 GHz,1.000000000000e+10,4.604239376759e+06,6.896173933621e-26
wind_ism_jump,dg_1d,sync,10 GHz,1.000000000000e+10,5.589441576403e+06,5.435590051937e-26
wind_ism_jump,dg_1d,sync,10 GHz,1.000000000000e+10,6.785454573394e+06,4.221278277740e-26
wind_ism_jump,dg_1d,sync,10 GHz,1.000000000000e+10,8.237387069571e+06,3.242767483575e-26
wind_ism_jump,dg_1d,sync,10 GHz,1.000000000000e+10,1.000000000000e+07,2.471722187446e-26
wind_ism_jump,dg_1d,sync,R band,4.560000000000e+14,1.000000000000e-01,3.999543050090e-23
wind_ism_jump,dg_1d,sync,R band,4.560000000000e+14,1.213977189070e-01,4.676534403533e-23
wind_ism_jump,dg_1d,sync,R band,4.560000000000e+14,1.473740615582e-01,5.489897327697e-23
wind_ism_jump,dg_1d,sync,R band,4.560000000000e+14,1.789087489923e-01,6.409486747047e-23
wind_ism_jump,dg_1d,sync,R band,4.560000000000e+14,2.171911402017e-01,7.506158019198e-23
wind_ism_jump,dg_1d,sync,R band,4.560000000000e+14,2.636650898730e-01,8.768046863559e-23
wind_ism_jump,dg_1d,sync,R band,4.560000000000e+14,3.200834046600e-01,1.020384699199e-22
wind_ism_jump,dg_1d,sync,R band,4.560000000000e+14,3.885739518571e-01,1.181791026163e-22
wind_ism_jump,dg_1d,sync,R band,4.560000000000e+14,4.717199138213e-01,1.356357184071e-22
wind_ism_jump,dg_1d,sync,R band,4.560000000000e+14,5.726572150092e-01,1.536095111130e-22
wind_ism_jump,dg_1d,sync,R band,4.560000000000e+14,6.951927961776e-01,1.706766830494e-22
wind_ism_jump,dg_1d,sync,R band,4.560000000000e+14,8.439481965654e-01,1.850435820465e-22
wind_ism_jump,dg_1d,sync,R band,4.560000000000e+14,1.024533859387e+00,1.949700608854e-22
wind_ism_jump,dg_1d,sync,R band,4.560000000000e+14,1.243760734726e+00,1.992037836684e-22
wind_ism_jump,dg_1d,sync,R band,4.560000000000e+14,1.509897160618e+00,1.973155556796e-22
wind_ism_jump,dg_1d,sync,R band,4.560000000000e+14,1.832980710832e+00,1.900300283295e-22
wind_ism_jump,dg_1d,sync,R band,4.560000000000e+14,2.225196770956e+00,1.784252218077e-22
wind_ism_jump,dg_1d,sync,R band,4.560000000000e+14,2.701338121133e+00,1.633340416440e-22
wind_ism_jump,dg_1d,sync,R band,4.560000000000e+14,3.279362859021e+00,1.461314557798e-22
wind_ism_jump,dg_1d,sync,R band,4.560000000000e+14,3.981071705535e+00,1.278566736443e-22
wind_ism_jump,dg_1d,sync,R band,4.560000000000e+14,4.832930238572e+00,1.097372449455e-22
wind_ism_jump,dg_1d,sync,R band,4.560000000000e+14,5.867067065993e+00,9.224435395238e-23
wind_ism_jump,dg_1d,sync,R band,4.560000000000e+14,7.122485584860e+00,7.568469667307e-23
wind_ism_jump,dg_1d,sync,R band,4.560000000000e+14,8.646535029500e+00,6.059018813915e-23
wind_ism_jump,dg_1d,sync,R band,4.560000000000e+14,1.049669629031e+01,4.772525397857e-23
wind_ism_jump,dg_1d,sync,R band,4.560000000000e+14,1.274274985703e+01,3.696318462417e-23
wind_ism_jump,dg_1d,sync,R band,4.560000000000e+14,1.546940765246e+01,2.836694737518e-23
wind_ism_jump,dg_1d,sync,R band,4.560000000000e+14,1.877950801851e+01,2.160790544388e-23
wind_ism_jump,dg_1d,sync,R band,4.560000000000e+14,2.279789435644e+01,1.656300884214e-23
wind_ism_jump,dg_1d,sync,R band,4.560000000000e+14,2.767612370754e+01,1.299532958740e-23
wind_ism_jump,dg_1d,sync,R band,4.560000000000e+14,3.359818286284e+01,1.055502689791e-23
wind_ism_jump,dg_1d,sync,R band,4.560000000000e+14,4.078742758969e+01,8.967375947925e-24
wind_ism_jump,dg_1d,sync,R band,4.560000000000e+14,4.951500669473e+01,8.015439898689e-24
wind_ism_jump,dg_1d,sync,R band,4.560000000000e+14,6.011008864406e+01,7.536277292723e-24
wind_ism_jump,dg_1d,sync,R band,4.560000000000e+14,7.297227644686e+01,7.364636647690e-24
wind_ism_jump,dg_1d,sync,R band,4.560000000000e+14,8.858667904101e+01,7.391376043878e-24
wind_ism_jump,dg_1d,sync,R band,4.560000000000e+14,1.075422076113e+02,7.533106033811e-24
wind_ism_jump,dg_1d,sync,R band,4.560000000000e+14,1.305537869023e+02,7.749855517999e-24
wind_ism_jump,dg_1d,sync,R band,4.560000000000e+14,1.584893192461e+02,8.011884366622e-24
wind_ism_jump,dg_1d,sync,R band,4.560000000000e+14,1.924024182760e+02,8.308743413806e-24
wind_ism_jump,dg_1d,sync,R band,4.560000000000e+14,2.335721469090e+02,8.626970041638e-24
wind_ism_jump,dg_1d,sync,R band,4.560000000000e+14,2.835512583497e+02,8.940101029877e-24
wind_ism_jump,dg_1d,sync,R band,4.560000000000e+14,3.442247595686e+02,9.266118085108e-24
wind_ism_jump,dg_1d,sync,R band,4.560000000000e+14,4.178810060294e+02,9.614594212174e-24
wind_ism_jump,dg_1d,sync,R band,4.560000000000e+14,5.072980090654e+02,9.995303673296e-24
wind_ism_jump,dg_1d,sync,R band,4.560000000000e+14,6.158482110660e+02,1.037050861428e-23
wind_ism_jump,dg_1d,sync,R band,4.560000000000e+14,7.476256801638e+02,1.071780148792e-23
wind_ism_jump,dg_1d,sync,R band,4.560000000000e+14,9.076005216818e+02,1.103220901712e-23
wind_ism_jump,dg_1d,sync,R band,4.560000000000e+14,1.101806330110e+03,1.131930231587e-23
wind_ism_jump,dg_1d,sync,R band,4.560000000000e+14,1.337567751526e+03,1.156982302370e-23
wind_ism_jump,dg_1d,sync,R band,4.560000000000e+14,1.623776739189e+03,1.178033987006e-23
wind_ism_jump,dg_1d,sync,R band,4.560000000000e+14,1.971227921518e+03,1.190930840989e-23
wind_ism_jump,dg_1d,sync,R band,4.560000000000e+14,2.393025731180e+03,1.189557864868e-23
wind_ism_jump,dg_1d,sync,R band,4.560000000000e+14,2.905078650511e+03,1.171967066743e-23
wind_ism_jump,dg_1d,sync,R band,4.560000000000e+14,3.526699214175e+03,1.137691495598e-23
wind_ism_jump,dg_1d,sync,R band,4.560000000000e+14,4.281332398719e+03,1.084469358445e-23
wind_ism_jump,dg_1d,sync,R band,4.560000000000e+14,5.197439870872e+03,1.011067237530e-23
wind_ism_jump,dg_1d,sync,R band,4.560000000000e+14,6.309573444802e+03,9.193444446854e-24
wind_ism_jump,dg_1d,sync,R band,4.560000000000e+14,7.659678234752e+03,8.084086618458e-24
wind_ism_jump,dg_1d,sync,R band,4.560000000000e+14,9.298674652605e+03,6.789004290508e-24
wind_ism_jump,dg_1d,sync,R band,4.560000000000e+14,1.128837891685e+04,5.442301985765e-24
wind_ism_jump,dg_1d,sync,R band,4.560000000000e+14,1.370383450663e+04,4.157766893823e-24
wind_ism_jump,dg_1d,sync,R band,4.560000000000e+14,1.663614249384e+04,3.051296181085e-24
wind_ism_jump,dg_1d,sync,R band,4.560000000000e+14,2.019589750164e+04,2.170786623715e-24
wind_ism_jump,dg_1d,sync,R band,4.560000000000e+14,2.451735887979e+04,1.513186332839e-24
wind_ism_jump,dg_1d,sync,R band,4.560000000000e+14,2.976351441631e+04,1.042381110115e-24
wind_ism_jump,dg_1d,sync,R band,4.560000000000e+14,3.613222756796e+04,7.143531781154e-25
wind_ism_jump,dg_1d,sync,R band,4.560000000000e+14,4.386370005780e+04,4.881287984053e-25
wind_ism_jump,dg_1d,sync,R band,4.560000000000e+14,5.324953129838e+04,3.325919297133e-25
wind_ism_jump,dg_1d,sync,R band,4.560000000000e+14,6.464371632490e+04,2.262641127316e-25
wind_ism_jump,dg_1d,sync,R band,4.560000000000e+14,7.847599703515e+04,1.535691743911e-25
wind_ism_jump,dg_1d,sync,R band,4.560000000000e+14,9.526807029020e+04,1.040605258967e-25
wind_ism_jump,dg_1d,sync,R band,4.560000000000e+14,1.156532641790e+05,7.032144960980e-26
wind_ism_jump,dg_1d,sync,R band,4.560000000000e+14,1.404004245548e+05,4.747738538010e-26
wind_ism_jump,dg_1d,sync,R band,4.560000000000e+14,1.704429127453e+05,3.126288269943e-26
wind_ism_jump,dg_1d,sync,R band,4.560000000000e+14,2.069138081115e+05,1.751637303176e-26
wind_ism_jump,dg_1d,sync,R band,4.560000000000e+14,2.511886431510e+05,1.295656370444e-26
wind_ism_jump,dg_1d,sync,R band,4.560000000000e+14,3.049372829387e+05,1.117175162507e-26
wind_ism_jump,dg_1d,sync,R band,4.560000000000e+14,3.701869055846e+05,6.750336113139e-27
wind_ism_jump,dg_1d,sync,R band,4.560000000000e+14,4.493984590722e+05,4.293381490261e-27
wind_ism_jump,dg_1d,sync,R band,4.560000000000e+14,5.455594781169e+05,2.840318654896e-27
wind_ism_jump,dg_1d,sync,R band,4.560000000000e+14,6.622967617148e+05,1.928637364019e-27
wind_ism_jump,dg_1d,sync,R band,4.560000000000e+14,8.040131611168e+05,1.328720763651e-27
wind_ism_jump,dg_1d,sync,R band,4.560000000000e+14,9.760536373079e+05,9.272505228112e-28
wind_ism_jump,dg_1d,sync,R band,4.560000000000e+14,1.184906851001e+06,6.517953351268e-28
wind_ism_jump,dg_1d,sync,R band,4.560000000000e+14,1.438449888288e+06,4.614265082494e-28
wind_ism_jump,dg_1d,sync,R band,4.560000000000e+14,1.746245352002e+06,3.280385304590e-28
wind_ism_jump,dg_1d,sync,R band,4.560000000000e+14,2.119902023850e+06,2.335752525648e-28
wind_ism_jump,dg_1d,sync,R band,4.560000000000e+14,2.573512700017e+06,1.664552543822e-28
wind_ism_jump,dg_1d,sync,R band,4.560000000000e+14,3.124185713603e+06,1.188953212823e-28
wind_ism_jump,dg_1d,sync,R band,4.560000000000e+14,3.792690190732e+06,8.547582613008e-29
wind_ism_jump,dg_1d,sync,R band,4.560000000000e+14,4.604239376759e+06,6.163878431408e-29
wind_ism_jump,dg_1d,sync,R band,4.560000000000e+14,5.589441576403e+06,4.452003612685e-29
wind_ism_jump,dg_1d,sync,R band,4.560000000000e+14,6.785454573394e+06,3.216861194116e-29
wind_ism_jump,dg_1d,sync,R band,4.560000000000e+14,8.237387069571e+06,2.330506969862e-29
wind_ism_jump,dg_1d,sync,R band,4.560000000000e+14,1.000000000000e+07,1.692548517588e-29
wind_ism_jump,dg_1d,sync,1 keV,2.417989242000e+17,1.000000000000e-01,2.990466241028e-22
wind_ism_jump,dg_1d,sync,1 keV,2.417989242000e+17,1.213977189070e-01,3.389714188896e-22
wind_ism_jump,dg_1d,sync,1 keV,2.417989242000e+17,1.473740615582e-01,3.804383120546e-22
wind_ism_jump,dg_1d,sync,1 keV,2.417989242000e+17,1.789087489923e-01,4.164761973619e-22
wind_ism_jump,dg_1d,sync,1 keV,2.417989242000e+17,2.171911402017e-01,4.449453166561e-22
wind_ism_jump,dg_1d,sync,1 keV,2.417989242000e+17,2.636650898730e-01,4.565482755397e-22
wind_ism_jump,dg_1d,sync,1 keV,2.417989242000e+17,3.200834046600e-01,4.430450083377e-22
wind_ism_jump,dg_1d,sync,1 keV,2.417989242000e+17,3.885739518571e-01,3.996028972870e-22
wind_ism_jump,dg_1d,sync,1 keV,2.417989242000e+17,4.717199138213e-01,3.288822120830e-22
wind_ism_jump,dg_1d,sync,1 keV,2.417989242000e+17,5.726572150092e-01,2.453680949788e-22
wind_ism_jump,dg_1d,sync,1 keV,2.417989242000e+17,6.951927961776e-01,1.668965129522e-22
wind_ism_jump,dg_1d,sync,1 keV,2.417989242000e+17,8.439481965654e-01,1.059980300487e-22
wind_ism_jump,dg_1d,sync,1 keV,2.417989242000e+17,1.024533859387e+00,6.483906225482e-23
wind_ism_jump,dg_1d,sync,1 keV,2.417989242000e+17,1.243760734726e+00,3.930843309362e-23
wind_ism_jump,dg_1d,sync,1 keV,2.417989242000e+17,1.509897160618e+00,2.456179152546e-23
wind_ism_jump,dg_1d,sync,1 keV,2.417989242000e+17,1.832980710832e+00,1.635338196274e-23
wind_ism_jump,dg_1d,sync,1 keV,2.417989242000e+17,2.225196770956e+00,1.201778906728e-23
wind_ism_jump,dg_1d,sync,1 keV,2.417989242000e+17,2.701338121133e+00,9.932093985833e-24
wind_ism_jump,dg_1d,sync,1 keV,2.417989242000e+17,3.279362859021e+00,9.037796649145e-24
wind_ism_jump,dg_1d,sync,1 keV,2.417989242000e+17,3.981071705535e+00,8.711283699922e-24
wind_ism_jump,dg_1d,sync,1 keV,2.417989242000e+17,4.832930238572e+00,8.673756434671e-24
wind_ism_jump,dg_1d,sync,1 keV,2.417989242000e+17,5.867067065993e+00,8.764838742234e-24
wind_ism_jump,dg_1d,sync,1 keV,2.417989242000e+17,7.122485584860e+00,8.887992617869e-24
wind_ism_jump,dg_1d,sync,1 keV,2.417989242000e+17,8.646535029500e+00,8.997421284251e-24
wind_ism_jump,dg_1d,sync,1 keV,2.417989242000e+17,1.049669629031e+01,9.077932781054e-24
wind_ism_jump,dg_1d,sync,1 keV,2.417989242000e+17,1.274274985703e+01,9.083631512463e-24
wind_ism_jump,dg_1d,sync,1 keV,2.417989242000e+17,1.546940765246e+01,9.055971504321e-24
wind_ism_jump,dg_1d,sync,1 keV,2.417989242000e+17,1.877950801851e+01,8.976206406835e-24
wind_ism_jump,dg_1d,sync,1 keV,2.417989242000e+17,2.279789435644e+01,8.850080467184e-24
wind_ism_jump,dg_1d,sync,1 keV,2.417989242000e+17,2.767612370754e+01,8.671774796266e-24
wind_ism_jump,dg_1d,sync,1 keV,2.417989242000e+17,3.359818286284e+01,8.435908706080e-24
wind_ism_jump,dg_1d,sync,1 keV,2.417989242000e+17,4.078742758969e+01,8.110145113367e-24
wind_ism_jump,dg_1d,sync,1 keV,2.417989242000e+17,4.951500669473e+01,7.720773171028e-24
wind_ism_jump,dg_1d,sync,1 keV,2.417989242000e+17,6.011008864406e+01,7.275783753588e-24
wind_ism_jump,dg_1d,sync,1 keV,2.417989242000e+17,7.297227644686e+01,6.780540795529e-24
wind_ism_jump,dg_1d,sync,1 keV,2.417989242000e+17,8.858667904101e+01,6.239526128722e-24
wind_ism_jump,dg_1d,sync,1 keV,2.417989242000e+17,1.075422076113e+02,5.649230085640e-24
wind_ism_jump,dg_1d,sync,1 keV,2.417989242000e+17,1.305537869023e+02,5.006363965689e-24
wind_ism_jump,dg_1d,sync,1 keV,2.417989242000e+17,1.584893192461e+02,4.368598184444e-24
wind_ism_jump,dg_1d,sync,1 keV,2.417989242000e+17,1.924024182760e+02,3.756161528606e-24
wind_ism_jump,dg_1d,sync,1 keV,2.417989242000e+17,2.335721469090e+02,3.183444610576e-24
wind_ism_jump,dg_1d,sync,1 keV,2.417989242000e+17,2.835512583497e+02,2.659973839909e-24
wind_ism_jump,dg_1d,sync,1 keV,2.417989242000e+17,3.442247595686e+02,2.193276405397e-24
wind_ism_jump,dg_1d,sync,1 keV,2.417989242000e+17,4.178810060294e+02,1.785889558611e-24
wind_ism_jump,dg_1d,sync,1 keV,2.417989242000e+17,5.072980090654e+02,1.439619262585e-24
wind_ism_jump,dg_1d,sync,1 keV,2.417989242000e+17,6.158482110660e+02,1.149706786698e-24
wind_ism_jump,dg_1d,sync,1 keV,2.417989242000e+17,7.476256801638e+02,9.120248440968e-25
wind_ism_jump,dg_1d,sync,1 keV,2.417989242000e+17,9.076005216818e+02,7.198749336882e-25
wind_ism_jump,dg_1d,sync,1 keV,2.417989242000e+17,1.101806330110e+03,5.664216907063e-25
wind_ism_jump,dg_1d,sync,1 keV,2.417989242000e+17,1.337567751526e+03,4.445461305649e-25
wind_ism_jump,dg_1d,sync,1 keV,2.417989242000e+17,1.623776739189e+03,3.483299699555e-25
wind_ism_jump,dg_1d,sync,1 keV,2.417989242000e+17,1.971227921518e+03,2.727685907685e-25
wind_ism_jump,dg_1d,sync,1 keV,2.417989242000e+17,2.393025731180e+03,2.135328095770e-25
wind_ism_jump,dg_1d,sync,1 keV,2.417989242000e+17,2.905078650511e+03,1.670674461898e-25
wind_ism_jump,dg_1d,sync,1 keV,2.417989242000e+17,3.526699214175e+03,1.305798138296e-25
wind_ism_jump,dg_1d,sync,1 keV,2.417989242000e+17,4.281332398719e+03,1.018150119454e-25
wind_ism_jump,dg_1d,sync,1 keV,2.417989242000e+17,5.197439870872e+03,7.897466335096e-26
wind_ism_jump,dg_1d,sync,1 keV,2.417989242000e+17,6.309573444802e+03,6.057383319046e-26
wind_ism_jump,dg_1d,sync,1 keV,2.417989242000e+17,7.659678234752e+03,4.543255376059e-26
wind_ism_jump,dg_1d,sync,1 keV,2.417989242000e+17,9.298674652605e+03,3.340039359506e-26
wind_ism_jump,dg_1d,sync,1 keV,2.417989242000e+17,1.128837891685e+04,2.447408440179e-26
wind_ism_jump,dg_1d,sync,1 keV,2.417989242000e+17,1.370383450663e+04,1.787350319166e-26
wind_ism_jump,dg_1d,sync,1 keV,2.417989242000e+17,1.663614249384e+04,1.298449497940e-26
wind_ism_jump,dg_1d,sync,1 keV,2.417989242000e+17,2.019589750164e+04,9.401949608392e-27
wind_ism_jump,dg_1d,sync,1 keV,2.417989242000e+17,2.451735887979e+04,6.774118200853e-27
wind_ism_jump,dg_1d,sync,1 keV,2.417989242000e+17,2.976351441631e+04,4.853794637476e-27
wind_ism_jump,dg_1d,sync,1 keV,2.417989242000e+17,3.613222756796e+04,3.459904339688e-27
wind_ism_jump,dg_1d,sync,1 keV,2.417989242000e+17,4.386370005780e+04,2.457093518054e-27
wind_ism_jump,dg_1d,sync,1 keV,2.417989242000e+17,5.324953129838e+04,1.736261466636e-27
wind_ism_jump,dg_1d,sync,1 keV,2.417989242000e+17,6.464371632490e+04,1.223790994420e-27
wind_ism_jump,dg_1d,sync,1 keV,2.417989242000e+17,7.847599703515e+04,8.591790483326e-28
wind_ism_jump,dg_1d,sync,1 keV,2.417989242000e+17,9.526807029020e+04,6.010840357274e-28
wind_ism_jump,dg_1d,sync,1 keV,2.417989242000e+17,1.156532641790e+05,4.181237275993e-28
wind_ism_jump,dg_1d,sync,1 keV,2.417989242000e+17,1.404004245548e+05,2.903412063957e-28
wind_ism_jump,dg_1d,sync,1 keV,2.417989242000e+17,1.704429127453e+05,1.960956463949e-28
wind_ism_jump,dg_1d,sync,1 keV,2.417989242000e+17,2.069138081115e+05,1.126500215152e-28
wind_ism_jump,dg_1d,sync,1 keV,2.417989242000e+17,2.511886431510e+05,9.056176488449e-29
wind_ism_jump,dg_1d,sync,1 keV,2.417989242000e+17,3.049372829387e+05,7.656430647288e-29
wind_ism_jump,dg_1d,sync,1 keV,2.417989242000e+17,3.701869055846e+05,4.059340904809e-29
wind_ism_jump,dg_1d,sync,1 keV,2.417989242000e+17,4.493984590722e+05,2.271608062979e-29
wind_ism_jump,dg_1d,sync,1 keV,2.417989242000e+17,5.455594781169e+05,1.354065517466e-29
wind_ism_jump,dg_1d,sync,1 keV,2.417989242000e+17,6.622967617148e+05,8.457229619111e-30
wind_ism_jump,dg_1d,sync,1 keV,2.417989242000e+17,8.040131611168e+05,5.419718834990e-30
wind_ism_jump,dg_1d,sync,1 keV,2.417989242000e+17,9.760536373079e+05,3.572038665553e-30
wind_ism_jump,dg_1d,sync,1 keV,2.417989242000e+17,1.184906851001e+06,2.378874006450e-30
wind_ism_jump,dg_1d,sync,1 keV,2.417989242000e+17,1.438449888288e+06,1.607737469185e-30
wind_ism_jump,dg_1d,sync,1 keV,2.417989242000e+17,1.746245352002e+06,1.100530288117e-30
wind_ism_jump,dg_1d,sync,1 keV,2.417989242000e+17,2.119902023850e+06,7.548644954409e-31
wind_ism_jump,dg_1d,sync,1 keV,2.417989242000e+17,2.573512700017e+06,5.183511994671e-31
wind_ism_jump,dg_1d,sync,1 keV,2.417989242000e+17,3.124185713603e+06,3.573586520514e-31
wind_ism_jump,dg_1d,sync,1 keV,2.417989242000e+17,3.792690190732e+06,2.503009263963e-31
wind_ism_jump,dg_1d,sync,1 keV,2.417989242000e+17,4.604239376759e+06,1.746299052114e-31
wind_ism_jump,dg_1d,sync,1 keV,2.417989242000e+17,5.589441576403e+06,1.222744138294e-31
wind_ism_jump,dg_1d,sync,1 keV,2.417989242000e+17,6.785454573394e+06,8.600586854146e-32
wind_ism_jump,dg_1d,sync,1 keV,2.417989242000e+17,8.237387069571e+06,6.097947686772e-32
wind_ism_jump,dg_1d,sync,1 keV,2.417989242000e+17,1.000000000000e+07,4.336919857487e-32
wind_ism_jump,dg_1d,sync,100 MeV,2.417989242000e+22,1.000000000000e-01,6.079395610159e-26
wind_ism_jump,dg_1d,sync,100 MeV,2.417989242000e+22,1.213977189070e-01,3.613120365002e-26
wind_ism_jump,dg_1d,sync,100 MeV,2.417989242000e+22,1.473740615582e-01,1.869423738415e-26
wind_ism_jump,dg_1d,sync,100 MeV,2.417989242000e+22,1.789087489923e-01,8.128060589437e-27
wind_ism_jump,dg_1d,sync,100 MeV,2.417989242000e+22,2.171911402017e-01,2.388888068652e-27
wind_ism_jump,dg_1d,sync,100 MeV,2.417989242000e+22,2.636650898730e-01,6.167081446987e-28
wind_ism_jump,dg_1d,sync,100 MeV,2.417989242000e+22,3.200834046600e-01,1.414323888894e-27
wind_ism_jump,dg_1d,sync,100 MeV,2.417989242000e+22,3.885739518571e-01,8.347968201260e-28
wind_ism_jump,dg_1d,sync,100 MeV,2.417989242000e+22,4.717199138213e-01,1.156903531257e-27
wind_ism_jump,dg_1d,sync,100 MeV,2.417989242000e+22,5.726572150092e-01,1.507714798952e-27
wind_ism_jump,dg_1d,sync,100 MeV,2.417989242000e+22,6.951927961776e-01,1.893669769560e-27
wind_ism_jump,dg_1d,sync,100 MeV,2.417989242000e+22,8.439481965654e-01,2.282535387053e-27
wind_ism_jump,dg_1d,sync,100 MeV,2.417989242000e+22,1.024533859387e+00,2.518652453840e-27
wind_ism_jump,dg_1d,sync,100 MeV,2.417989242000e+22,1.243760734726e+00,2.624374545388e-27
wind_ism_jump,dg_1d,sync,100 MeV,2.417989242000e+22,1.509897160618e+00,2.567824909948e-27
wind_ism_jump,dg_1d,sync,100 MeV,2.417989242000e+22,1.832980710832e+00,2.377678438706e-27
wind_ism_jump,dg_1d,sync,100 MeV,2.417989242000e+22,2.225196770956e+00,2.110745367098e-27
wind_ism_jump,dg_1d,sync,100 MeV,2.417989242000e+22,2.701338121133e+00,1.818219364307e-27
wind_ism_jump,dg_1d,sync,100 MeV,2.417989242000e+22,3.279362859021e+00,1.532239485030e-27
wind_ism_jump,dg_1d,sync,100 MeV,2.417989242000e+22,3.981071705535e+00,1.267376696243e-27
wind_ism_jump,dg_1d,sync,100 MeV,2.417989242000e+22,4.832930238572e+00,1.036775354071e-27
wind_ism_jump,dg_1d,sync,100 MeV,2.417989242000e+22,5.867067065993e+00,8.393354107840e-28
wind_ism_jump,dg_1d,sync,100 MeV,2.417989242000e+22,7.122485584860e+00,6.739217979552e-28
wind_ism_jump,dg_1d,sync,100 MeV,2.417989242000e+22,8.646535029500e+00,5.384698674657e-28
wind_ism_jump,dg_1d,sync,100 MeV,2.417989242000e+22,1.049669629031e+01,4.289663198436e-28
wind_ism_jump,dg_1d,sync,100 MeV,2.417989242000e+22,1.274274985703e+01,3.399475219520e-28
wind_ism_jump,dg_1d,sync,100 MeV,2.417989242000e+22,1.546940765246e+01,2.692621548142e-28
wind_ism_jump,dg_1d,sync,100 MeV,2.417989242000e+22,1.877950801851e+01,2.123948738867e-28
wind_ism_jump,dg_1d,sync,100 MeV,2.417989242000e+22,2.279789435644e+01,1.671543103052e-28
wind_ism_jump,dg_1d,sync,100 MeV,2.417989242000e+22,2.767612370754e+01,1.312511873869e-28
wind_ism_jump,dg_1d,sync,100 MeV,2.417989242000e+22,3.359818286284e+01,1.029979813404e-28
wind_ism_jump,dg_1d,sync,100 MeV,2.417989242000e+22,4.078742758969e+01,8.069310086038e-29
wind_ism_jump,dg_1d,sync,100 MeV,2.417989242000e+22,4.951500669473e+01,6.311393232188e-29
wind_ism_jump,dg_1d,sync,100 MeV,2.417989242000e+22,6.011008864406e+01,4.937093366249e-29
wind_ism_jump,dg_1d,sync,100 MeV,2.417989242000e+22,7.297227644686e+01,3.859227723197e-29
wind_ism_jump,dg_1d,sync,100 MeV,2.417989242000e+22,8.858667904101e+01,3.016736265275e-29
wind_ism_jump,dg_1d,sync,100 MeV,2.417989242000e+22,1.075422076113e+02,2.357809731628e-29
wind_ism_jump,dg_1d,sync,100 MeV,2.417989242000e+22,1.305537869023e+02,1.840506964019e-29
wind_ism_jump,dg_1d,sync,100 MeV,2.417989242000e+22,1.584893192461e+02,1.437234121624e-29
wind_ism_jump,dg_1d,sync,100 MeV,2.417989242000e+22,1.924024182760e+02,1.120945327373e-29
wind_ism_jump,dg_1d,sync,100 MeV,2.417989242000e+22,2.335721469090e+02,8.745839730507e-30
wind_ism_jump,dg_1d,sync,100 MeV,2.417989242000e+22,2.835512583497e+02,6.823201236732e-30
wind_ism_jump,dg_1d,sync,100 MeV,2.417989242000e+22,3.442247595686e+02,5.317710841227e-30
wind_ism_jump,dg_1d,sync,100 MeV,2.417989242000e+22,4.178810060294e+02,4.143770584934e-30
wind_ism_jump,dg_1d,sync,100 MeV,2.417989242000e+22,5.072980090654e+02,3.223896334018e-30
wind_ism_jump,dg_1d,sync,100 MeV,2.417989242000e+22,6.158482110660e+02,2.503242351917e-30
wind_ism_jump,dg_1d,sync,100 MeV,2.417989242000e+22,7.476256801638e+02,1.943878435369e-30
wind_ism_jump,dg_1d,sync,100 MeV,2.417989242000e+22,9.076005216818e+02,1.509991844491e-30
wind_ism_jump,dg_1d,sync,100 MeV,2.417989242000e+22,1.101806330110e+03,1.173694368930e-30
wind_ism_jump,dg_1d,sync,100 MeV,2.417989242000e+22,1.337567751526e+03,9.127423404306e-31
wind_ism_jump,dg_1d,sync,100 MeV,2.417989242000e+22,1.623776739189e+03,7.105001564589e-31
wind_ism_jump,dg_1d,sync,100 MeV,2.417989242000e+22,1.971227921518e+03,5.540451810690e-31
wind_ism_jump,dg_1d,sync,100 MeV,2.417989242000e+22,2.393025731180e+03,4.328404933565e-31
wind_ism_jump,dg_1d,sync,100 MeV,2.417989242000e+22,2.905078650511e+03,3.384272470764e-31
wind_ism_jump,dg_1d,sync,100 MeV,2.417989242000e+22,3.526699214175e+03,2.646558052145e-31
wind_ism_jump,dg_1d,sync,100 MeV,2.417989242000e+22,4.281332398719e+03,2.067889405956e-31
wind_ism_jump,dg_1d,sync,100 MeV,2.417989242000e+22,5.197439870872e+03,1.611231328645e-31
wind_ism_jump,dg_1d,sync,100 MeV,2.417989242000e+22,6.309573444802e+03,1.246293697953e-31
wind_ism_jump,dg_1d,sync,100 MeV,2.417989242000e+22,7.659678234752e+03,9.470002065129e-32
wind_ism_jump,dg_1d,sync,100 MeV,2.417989242000e+22,9.298674652605e+03,7.088468167375e-32
wind_ism_jump,dg_1d,sync,100 MeV,2.417989242000e+22,1.128837891685e+04,5.286265953966e-32
wind_ism_jump,dg_1d,sync,100 MeV,2.417989242000e+22,1.370383450663e+04,3.926604909353e-32
wind_ism_jump,dg_1d,sync,100 MeV,2.417989242000e+22,1.663614249384e+04,2.902961410579e-32
wind_ism_jump,dg_1d,sync,100 MeV,2.417989242000e+22,2.019589750164e+04,2.142153108827e-32
wind_ism_jump,dg_1d,sync,100 MeV,2.417989242000e+22,2.451735887979e+04,1.571581111881e-32
wind_ism_jump,dg_1d,sync,100 MeV,2.417989242000e+22,2.976351441631e+04,1.147366602551e-32
wind_ism_jump,dg_1d,sync,100 MeV,2.417989242000e+22,3.613222756796e+04,8.340839936153e-33
wind_ism_jump,dg_1d,sync,100 MeV,2.417989242000e+22,4.386370005780e+04,6.042981858824e-33
wind_ism_jump,dg_1d,sync,100 MeV,2.417989242000e+22,5.324953129838e+04,4.357368835326e-33
wind_ism_jump,dg_1d,sync,100 MeV,2.417989242000e+22,6.464371632490e+04,3.140609482084e-33
wind_ism_jump,dg_1d,sync,100 MeV,2.417989242000e+22,7.847599703515e+04,2.248549910078e-33
wind_ism_jump,dg_1d,sync,100 MeV,2.417989242000e+22,9.526807029020e+04,1.604366004898e-33
wind_ism_jump,dg_1d,sync,100 MeV,2.417989242000e+22,1.156532641790e+05,1.137390455816e-33
wind_ism_jump,dg_1d,sync,100 MeV,2.417989242000e+22,1.404004245548e+05,8.080515146456e-34
wind_ism_jump,dg_1d,sync,100 MeV,2.417989242000e+22,1.704429127453e+05,5.561326457450e-34
wind_ism_jump,dg_1d,sync,100 MeV,2.417989242000e+22,2.069138081115e+05,3.100198504337e-34
wind_ism_jump,dg_1d,sync,100 MeV,2.417989242000e+22,2.511886431510e+05,2.059614432144e-34
wind_ism_jump,dg_1d,sync,100 MeV,2.417989242000e+22,3.049372829387e+05,1.493139764777e-34
wind_ism_jump,dg_1d,sync,100 MeV,2.417989242000e+22,3.701869055846e+05,7.126672020788e-35
wind_ism_jump,dg_1d,sync,100 MeV,2.417989242000e+22,4.493984590722e+05,3.859328880975e-35
wind_ism_jump,dg_1d,sync,100 MeV,2.417989242000e+22,5.455594781169e+05,2.277037387804e-35
wind_ism_jump,dg_1d,sync,100 MeV,2.417989242000e+22,6.622967617148e+05,1.392599433727e-35
wind_ism_jump,dg_1d,sync,100 MeV,2.417989242000e+22,8.040131611168e+05,8.728572236321e-36
wind_ism_jump,dg_1d,sync,100 MeV,2.417989242000e+22,9.760536373079e+05,5.699023000756e-36
wind_ism_jump,dg_1d,sync,100 MeV,2.417989242000e+22,1.184906851001e+06,3.676037863077e-36
wind_ism_jump,dg_1d,sync,100 MeV,2.417989242000e+22,1.438449888288e+06,2.445016838343e-36
wind_ism_jump,dg_1d,sync,100 MeV,2.417989242000e+22,1.746245352002e+06,1.651695079156e-36
wind_ism_jump,dg_1d,sync,100 MeV,2.417989242000e+22,2.119902023850e+06,1.101259424586e-36
wind_ism_jump,dg_1d,sync,100 MeV,2.417989242000e+22,2.573512700017e+06,7.381802567126e-37
wind_ism_jump,dg_1d,sync,100 MeV,2.417989242000e+22,3.124185713603e+06,4.963254302950e-37
wind_ism_jump,dg_1d,sync,100 MeV,2.417989242000e+22,3.792690190732e+06,3.431898105897e-37
wind_ism_jump,dg_1d,sync,100 MeV,2.417989242000e+22,4.604239376759e+06,2.311191795831e-37
wind_ism_jump,dg_1d,sync,100 MeV,2.417989242000e+22,5.589441576403e+06,1.588003878249e-37
wind_ism_jump,dg_1d,sync,100 MeV,2.417989242000e+22,6.785454573394e+06,1.096266013053e-37
wind_ism_jump,dg_1d,sync,100 MeV,2.417989242000e+22,8.237387069571e+06,7.649652639003e-38
wind_ism_jump,dg_1d,sync,100 MeV,2.417989242000e+22,1.000000000000e+07,5.327657028377e-38
wind_ism_jump,dg_1d,ssc,10 GHz,1.000000000000e+10,1.000000000000e-01,3.556829802223e-40
wind_ism_jump,dg_1d,ssc,10 GHz,1.000000000000e+10,1.213977189070e-01,4.587941850505e-40
wind_ism_jump,dg_1d,ssc,10 GHz,1.000000000000e+10,1.473740615582e-01,5.802543429519e-40
wind_ism_jump,dg_1d,ssc,10 GHz,1.000000000000e+10,1.789087489923e-01,7.592297497685e-40
wind_ism_jump,dg_1d,ssc,10 GHz,1.000000000000e+10,2.171911402017e-01,9.805175764013e-40
wind_ism_jump,dg_1d,ssc,10 GHz,1.000000000000e+10,2.636650898730e-01,1.255065995161e-39
wind_ism_jump,dg_1d,ssc,10 GHz,1.000000000000e+10,3.200834046600e-01,1.610437628189e-39
wind_ism_jump,dg_1d,ssc,10 GHz,1.000000000000e+10,3.885739518571e-01,2.060494820271e-39
wind_ism_jump,dg_1d,ssc,10 GHz,1.000000000000e+10,4.717199138213e-01,2.623724866001e-39
wind_ism_jump,dg_1d,ssc,10 GHz,1.000000000000e+10,5.726572150092e-01,3.310961714416e-39
wind_ism_jump,dg_1d,ssc,10 GHz,1.000000000000e+10,6.951927961776e-01,4.140783719807e-39
wind_ism_jump,dg_1d,ssc,10 GHz,1.000000000000e+10,8.439481965654e-01,5.114433442530e-39
wind_ism_jump,dg_1d,ssc,10 GHz,1.000000000000e+10,1.024533859387e+00,6.226994163073e-39
wind_ism_jump,dg_1d,ssc,10 GHz,1.000000000000e+10,1.243760734726e+00,7.467073587717e-39
wind_ism_jump,dg_1d,ssc,10 GHz,1.000000000000e+10,1.509897160618e+00,8.817458332444e-39
wind_ism_jump,dg_1d,ssc,10 GHz,1.000000000000e+10,1.832980710832e+00,1.027378358455e-38
wind_ism_jump,dg_1d,ssc,10 GHz,1.000000000000e+10,2.225196770956e+00,1.183596507476e-38
wind_ism_jump,dg_1d,ssc,10 GHz,1.000000000000e+10,2.701338121133e+00,1.350764535302e-38
wind_ism_jump,dg_1d,ssc,10 GHz,1.000000000000e+10,3.279362859021e+00,1.530190517394e-38
wind_ism_jump,dg_1d,ssc,10 GHz,1.000000000000e+10,3.981071705535e+00,1.723084402234e-38
wind_ism_jump,dg_1d,ssc,10 GHz,1.000000000000e+10,4.832930238572e+00,1.931245382160e-38
wind_ism_jump,dg_1d,ssc,10 GHz,1.000000000000e+10,5.867067065993e+00,2.155539224357e-38
wind_ism_jump,dg_1d,ssc,10 GHz,1.000000000000e+10,7.122485584860e+00,2.398090200802e-38
wind_ism_jump,dg_1d,ssc,10 GHz,1.000000000000e+10,8.646535029500e+00,2.661225369613e-38
wind_ism_jump,dg_1d,ssc,10 GHz,1.000000000000e+10,1.049669629031e+01,2.943640011148e-38
wind_ism_jump,dg_1d,ssc,10 GHz,1.000000000000e+10,1.274274985703e+01,3.248005583958e-38
wind_ism_jump,dg_1d,ssc,10 GHz,1.000000000000e+10,1.546940765246e+01,3.580733607664e-38
wind_ism_jump,dg_1d,ssc,10 GHz,1.000000000000e+10,1.877950801851e+01,3.944354783548e-38
wind_ism_jump,dg_1d,ssc,10 GHz,1.000000000000e+10,2.279789435644e+01,4.343064226624e-38
wind_ism_jump,dg_1d,ssc,10 GHz,1.000000000000e+10,2.767612370754e+01,4.778891269964e-38
wind_ism_jump,dg_1d,ssc,10 GHz,1.000000000000e+10,3.359818286284e+01,5.258711839229e-38
wind_ism_jump,dg_1d,ssc,10 GHz,1.000000000000e+10,4.078742758969e+01,5.786632636113e-38
wind_ism_jump,dg_1d,ssc,10 GHz,1.000000000000e+10,4.951500669473e+01,6.368180190086e-38
wind_ism_jump,dg_1d,ssc,10 GHz,1.000000000000e+10,6.011008864406e+01,7.010626638580e-38
wind_ism_jump,dg_1d,ssc,10 GHz,1.000000000000e+10,7.297227644686e+01,7.720341152805e-38
wind_ism_jump,dg_1d,ssc,10 GHz,1.000000000000e+10,8.858667904101e+01,8.502700642015e-38
wind_ism_jump,dg_1d,ssc,10 GHz,1.000000000000e+10,1.075422076113e+02,9.341347371613e-38
wind_ism_jump,dg_1d,ssc,10 GHz,1.000000000000e+10,1.305537869023e+02,1.024973155555e-37
wind_ism_jump,dg_1d,ssc,10 GHz,1.000000000000e+10,1.584893192461e+02,1.125427966491e-37
wind_ism_jump,dg_1d,ssc,10 GHz,1.000000000000e+10,1.924024182760e+02,1.236859915841e-37
wind_ism_jump,dg_1d,ssc,10 GHz,1.000000000000e+10,2.335721469090e+02,1.360781269461e-37
wind_ism_jump,dg_1d,ssc,10 GHz,1.000000000000e+10,2.835512583497e+02,1.498030184676e-37
wind_ism_jump,dg_1d,ssc,10 GHz,1.000000000000e+10,3.442247595686e+02,1.650369675127e-37
wind_ism_jump,dg_1d,ssc,10 GHz,1.000000000000e+10,4.178810060294e+02,1.820271429600e-37
wind_ism_jump,dg_1d,ssc,10 GHz,1.000000000000e+10,5.072980090654e+02,2.012763007550e-37
wind_ism_jump,dg_1d,ssc,10 GHz,1.000000000000e+10,6.158482110660e+02,2.229896344839e-37
wind_ism_jump,dg_1d,ssc,10 GHz,1.000000000000e+10,7.476256801638e+02,2.474121557197e-37
wind_ism_jump,dg_1d,ssc,10 GHz,1.000000000000e+10,9.076005216818e+02,2.750618622784e-37
wind_ism_jump,dg_1d,ssc,10 GHz,1.000000000000e+10,1.101806330110e+03,3.062869711395e-37
wind_ism_jump,dg_1d,ssc,10 GHz,1.000000000000e+10,1.337567751526e+03,3.403588241679e-37
wind_ism_jump,dg_1d,ssc,10 GHz,1.000000000000e+10,1.623776739189e+03,3.782279827350e-37
wind_ism_jump,dg_1d,ssc,10 GHz,1.000000000000e+10,1.971227921518e+03,4.210003243910e-37
wind_ism_jump,dg_1d,ssc,10 GHz,1.000000000000e+10,2.393025731180e+03,4.683430063929e-37
wind_ism_jump,dg_1d,ssc,10 GHz,1.000000000000e+10,2.905078650511e+03,5.205730317190e-37
wind_ism_jump,dg_1d,ssc,10 GHz,1.000000000000e+10,3.526699214175e+03,5.782888602054e-37
wind_ism_jump,dg_1d,ssc,10 GHz,1.000000000000e+10,4.281332398719e+03,6.410397363626e-37
wind_ism_jump,dg_1d,ssc,10 GHz,1.000000000000e+10,5.197439870872e+03,7.079458074677e-37
wind_ism_jump,dg_1d,ssc,10 GHz,1.000000000000e+10,6.309573444802e+03,7.783490659911e-37
wind_ism_jump,dg_1d,ssc,10 GHz,1.000000000000e+10,7.659678234752e+03,8.496949152890e-37
wind_ism_jump,dg_1d,ssc,10 GHz,1.000000000000e+10,9.298674652605e+03,9.180774606255e-37
wind_ism_jump,dg_1d,ssc,10 GHz,1.000000000000e+10,1.128837891685e+04,9.833156198868e-37
wind_ism_jump,dg_1d,ssc,10 GHz,1.000000000000e+10,1.370383450663e+04,1.046275962433e-36
wind_ism_jump,dg_1d,ssc,10 GHz,1.000000000000e+10,1.663614249384e+04,1.109362639743e-36
wind_ism_jump,dg_1d,ssc,10 GHz,1.000000000000e+10,2.019589750164e+04,1.172757307062e-36
wind_ism_jump,dg_1d,ssc,10 GHz,1.000000000000e+10,2.451735887979e+04,1.238526059560e-36
wind_ism_jump,dg_1d,ssc,10 GHz,1.000000000000e+10,2.976351441631e+04,1.307993462019e-36
wind_ism_jump,dg_1d,ssc,10 GHz,1.000000000000e+10,3.613222756796e+04,1.380926533091e-36
wind_ism_jump,dg_1d,ssc,10 GHz,1.000000000000e+10,4.386370005780e+04,1.453407060485e-36
wind_ism_jump,dg_1d,ssc,10 GHz,1.000000000000e+10,5.324953129838e+04,1.526584304224e-36
wind_ism_jump,dg_1d,ssc,10 GHz,1.000000000000e+10,6.464371632490e+04,1.595049930194e-36
wind_ism_jump,dg_1d,ssc,10 GHz,1.000000000000e+10,7.847599703515e+04,1.660456442906e-36
wind_ism_jump,dg_1d,ssc,10 GHz,1.000000000000e+10,9.526807029020e+04,1.724008650388e-36
wind_ism_jump,dg_1d,ssc,10 GHz,1.000000000000e+10,1.156532641790e+05,1.772724861224e-36
wind_ism_jump,dg_1d,ssc,10 GHz,1.000000000000e+10,1.404004245548e+05,1.787793662055e-36
wind_ism_jump,dg_1d,ssc,10 GHz,1.000000000000e+10,1.704429127453e+05,1.726273209353e-36
wind_ism_jump,dg_1d,ssc,10 GHz,1.000000000000e+10,2.069138081115e+05,1.417246616300e-36
wind_ism_jump,dg_1d,ssc,10 GHz,1.000000000000e+10,2.511886431510e+05,1.190457909450e-36
wind_ism_jump,dg_1d,ssc,10 GHz,1.000000000000e+10,3.049372829387e+05,1.157607779503e-36
wind_ism_jump,dg_1d,ssc,10 GHz,1.000000000000e+10,3.701869055846e+05,1.043173623122e-36
wind_ism_jump,dg_1d,ssc,10 GHz,1.000000000000e+10,4.493984590722e+05,9.293604486515e-37
wind_ism_jump,dg_1d,ssc,10 GHz,1.000000000000e+10,5.455594781169e+05,8.543510048158e-37
wind_ism_jump,dg_1d,ssc,10 GHz,1.000000000000e+10,6.622967617148e+05,8.099182675261e-37
wind_ism_jump,dg_1d,ssc,10 GHz,1.000000000000e+10,8.040131611168e+05,7.689128908515e-37
wind_ism_jump,dg_1d,ssc,10 GHz,1.000000000000e+10,9.760536373079e+05,7.514404827541e-37
wind_ism_jump,dg_1d,ssc,10 GHz,1.000000000000e+10,1.184906851001e+06,7.735381147722e-37
wind_ism_jump,dg_1d,ssc,10 GHz,1.000000000000e+10,1.438449888288e+06,7.866717264391e-37
wind_ism_jump,dg_1d,ssc,10 GHz,1.000000000000e+10,1.746245352002e+06,8.373370166974e-37
wind_ism_jump,dg_1d,ssc,10 GHz,1.000000000000e+10,2.119902023850e+06,9.388108345169e-37
wind_ism_jump,dg_1d,ssc,10 GHz,1.000000000000e+10,2.573512700017e+06,1.027803956892e-36
wind_ism_jump,dg_1d,ssc,10 GHz,1.000000000000e+10,3.124185713603e+06,1.270639582231e-36
wind_ism_jump,dg_1d,ssc,10 GHz,1.000000000000e+10,3.792690190732e+06,1.552483639096e-36
wind_ism_jump,dg_1d,ssc,10 GHz,1.000000000000e+10,4.604239376759e+06,1.845314298202e-36
wind_ism_jump,dg_1d,ssc,10 GHz,1.000000000000e+10,5.589441576403e+06,2.485255167751e-36
wind_ism_jump,dg_1d,ssc,10 GHz,1.000000000000e+10,6.785454573394e+06,3.066458060340e-36
wind_ism_jump,dg_1d,ssc,10 GHz,1.000000000000e+10,8.237387069571e+06,4.010634142874e-36
wind_ism_jump,dg_1d,ssc,10 GHz,1.000000000000e+10,1.000000000000e+07,5.243789595558e-36
wind_ism_jump,dg_1d,ssc,R band,4.560000000000e+14,1.000000000000e-01,4.061326451200e-34
wind_ism_jump,dg_1d,ssc,R band,4.560000000000e+14,1.213977189070e-01,5.330543975387e-34
wind_ism_jump,dg_1d,ssc,R band,4.560000000000e+14,1.473740615582e-01,6.924420429418e-34
wind_ism_jump,dg_1d,ssc,R band,4.560000000000e+14,1.789087489923e-01,9.137745851842e-34
wind_ism_jump,dg_1d,ssc,R band,4.560000000000e+14,2.171911402017e-01,1.194020693733e-33
wind_ism_jump,dg_1d,ssc,R band,4.560000000000e+14,2.636650898730e-01,1.550966784116e-33
wind_ism_jump,dg_1d,ssc,R band,4.560000000000e+14,3.200834046600e-01,2.007054232342e-33
wind_ism_jump,dg_1d,ssc,R band,4.560000000000e+14,3.885739518571e-01,2.578999117607e-33
wind_ism_jump,dg_1d,ssc,R band,4.560000000000e+14,4.717199138213e-01,3.279223602022e-33
wind_ism_jump,dg_1d,ssc,R band,4.560000000000e+14,5.726572150092e-01,4.105988934928e-33
wind_ism_jump,dg_1d,ssc,R band,4.560000000000e+14,6.951927961776e-01,5.043965618883e-33
wind_ism_jump,dg_1d,ssc,R band,4.560000000000e+14,8.439481965654e-01,6.048606773303e-33
wind_ism_jump,dg_1d,ssc,R band,4.560000000000e+14,1.024533859387e+00,7.060975882292e-33
wind_ism_jump,dg_1d,ssc,R band,4.560000000000e+14,1.243760734726e+00,8.021126420095e-33
wind_ism_jump,dg_1d,ssc,R band,4.560000000000e+14,1.509897160618e+00,8.874702303714e-33
wind_ism_jump,dg_1d,ssc,R band,4.560000000000e+14,1.832980710832e+00,9.602290325775e-33
wind_ism_jump,dg_1d,ssc,R band,4.560000000000e+14,2.225196770956e+00,1.020342825239e-32
wind_ism_jump,dg_1d,ssc,R band,4.560000000000e+14,2.701338121133e+00,1.068235399022e-32
wind_ism_jump,dg_1d,ssc,R band,4.560000000000e+14,3.279362859021e+00,1.105899159518e-32
wind_ism_jump,dg_1d,ssc,R band,4.560000000000e+14,3.981071705535e+00,1.134264298686e-32
wind_ism_jump,dg_1d,ssc,R band,4.560000000000e+14,4.832930238572e+00,1.156078513833e-32
wind_ism_jump,dg_1d,ssc,R band,4.560000000000e+14,5.867067065993e+00,1.171393408182e-32
wind_ism_jump,dg_1d,ssc,R band,4.560000000000e+14,7.122485584860e+00,1.180750402287e-32
wind_ism_jump,dg_1d,ssc,R band,4.560000000000e+14,8.646535029500e+00,1.185200012370e-32
wind_ism_jump,dg_1d,ssc,R band,4.560000000000e+14,1.049669629031e+01,1.186230635090e-32
wind_ism_jump,dg_1d,ssc,R band,4.560000000000e+14,1.274274985703e+01,1.183133966299e-32
wind_ism_jump,dg_1d,ssc,R band,4.560000000000e+14,1.546940765246e+01,1.177547428166e-32
wind_ism_jump,dg_1d,ssc,R band,4.560000000000e+14,1.877950801851e+01,1.168801461315e-32
wind_ism_jump,dg_1d,ssc,R band,4.560000000000e+14,2.279789435644e+01,1.156733174312e-32
wind_ism_jump,dg_1d,ssc,R band,4.560000000000e+14,2.767612370754e+01,1.140759845232e-32
wind_ism_jump,dg_1d,ssc,R band,4.560000000000e+14,3.359818286284e+01,1.122629117452e-32
wind_ism_jump,dg_1d,ssc,R band,4.560000000000e+14,4.078742758969e+01,1.101846194996e-32
wind_ism_jump,dg_1d,ssc,R band,4.560000000000e+14,4.951500669473e+01,1.078630502497e-32
wind_ism_jump,dg_1d,ssc,R band,4.560000000000e+14,6.011008864406e+01,1.053149720864e-32
wind_ism_jump,dg_1d,ssc,R band,4.560000000000e+14,7.297227644686e+01,1.024668592962e-32
wind_ism_jump,dg_1d,ssc,R band,4.560000000000e+14,8.858667904101e+01,9.929718334302e-33
wind_ism_jump,dg_1d,ssc,R band,4.560000000000e+14,1.075422076113e+02,9.593737881666e-33
wind_ism_jump,dg_1d,ssc,R band,4.560000000000e+14,1.305537869023e+02,9.236799343026e-33
wind_ism_jump,dg_1d,ssc,R band,4.560000000000e+14,1.584893192461e+02,8.862662049191e-33
wind_ism_jump,dg_1d,ssc,R band,4.560000000000e+14,1.924024182760e+02,8.472814626745e-33
wind_ism_jump,dg_1d,ssc,R band,4.560000000000e+14,2.335721469090e+02,8.060272623294e-33
wind_ism_jump,dg_1d,ssc,R band,4.560000000000e+14,2.835512583497e+02,7.612641608207e-33
wind_ism_jump,dg_1d,ssc,R band,4.560000000000e+14,3.442247595686e+02,7.159942226905e-33
wind_ism_jump,dg_1d,ssc,R band,4.560000000000e+14,4.178810060294e+02,6.708067535617e-33
wind_ism_jump,dg_1d,ssc,R band,4.560000000000e+14,5.072980090654e+02,6.263291433917e-33
wind_ism_jump,dg_1d,ssc,R band,4.560000000000e+14,6.158482110660e+02,5.825205218142e-33
wind_ism_jump,dg_1d,ssc,R band,4.560000000000e+14,7.476256801638e+02,5.396655673021e-33
wind_ism_jump,dg_1d,ssc,R band,4.560000000000e+14,9.076005216818e+02,4.976870698692e-33
wind_ism_jump,dg_1d,ssc,R band,4.560000000000e+14,1.101806330110e+03,4.579027896224e-33
wind_ism_jump,dg_1d,ssc,R band,4.560000000000e+14,1.337567751526e+03,4.205826079230e-33
wind_ism_jump,dg_1d,ssc,R band,4.560000000000e+14,1.623776739189e+03,3.860393000914e-33
wind_ism_jump,dg_1d,ssc,R band,4.560000000000e+14,1.971227921518e+03,3.541011520859e-33
wind_ism_jump,dg_1d,ssc,R band,4.560000000000e+14,2.393025731180e+03,3.244017278278e-33
wind_ism_jump,dg_1d,ssc,R band,4.560000000000e+14,2.905078650511e+03,2.971196190230e-33
wind_ism_jump,dg_1d,ssc,R band,4.560000000000e+14,3.526699214175e+03,2.724689140957e-33
wind_ism_jump,dg_1d,ssc,R band,4.560000000000e+14,4.281332398719e+03,2.500765010192e-33
wind_ism_jump,dg_1d,ssc,R band,4.560000000000e+14,5.197439870872e+03,2.294649192081e-33
wind_ism_jump,dg_1d,ssc,R band,4.560000000000e+14,6.309573444802e+03,2.101983073803e-33
wind_ism_jump,dg_1d,ssc,R band,4.560000000000e+14,7.659678234752e+03,1.914658646740e-33
wind_ism_jump,dg_1d,ssc,R band,4.560000000000e+14,9.298674652605e+03,1.731496217979e-33
wind_ism_jump,dg_1d,ssc,R band,4.560000000000e+14,1.128837891685e+04,1.564199551133e-33
wind_ism_jump,dg_1d,ssc,R band,4.560000000000e+14,1.370383450663e+04,1.410014831554e-33
wind_ism_jump,dg_1d,ssc,R band,4.560000000000e+14,1.663614249384e+04,1.270823870878e-33
wind_ism_jump,dg_1d,ssc,R band,4.560000000000e+14,2.019589750164e+04,1.144186333876e-33
wind_ism_jump,dg_1d,ssc,R band,4.560000000000e+14,2.451735887979e+04,1.031662436926e-33
wind_ism_jump,dg_1d,ssc,R band,4.560000000000e+14,2.976351441631e+04,9.343174712354e-34
wind_ism_jump,dg_1d,ssc,R band,4.560000000000e+14,3.613222756796e+04,8.543694045551e-34
wind_ism_jump,dg_1d,ssc,R band,4.560000000000e+14,4.386370005780e+04,7.889170296486e-34
wind_ism_jump,dg_1d,ssc,R band,4.560000000000e+14,5.324953129838e+04,7.383799927013e-34
wind_ism_jump,dg_1d,ssc,R band,4.560000000000e+14,6.464371632490e+04,7.001842696500e-34
wind_ism_jump,dg_1d,ssc,R band,4.560000000000e+14,7.847599703515e+04,6.776640100427e-34
wind_ism_jump,dg_1d,ssc,R band,4.560000000000e+14,9.526807029020e+04,6.692244859956e-34
wind_ism_jump,dg_1d,ssc,R band,4.560000000000e+14,1.156532641790e+05,6.650304448863e-34
wind_ism_jump,dg_1d,ssc,R band,4.560000000000e+14,1.404004245548e+05,6.555591194652e-34
wind_ism_jump,dg_1d,ssc,R band,4.560000000000e+14,1.704429127453e+05,6.299927683720e-34
wind_ism_jump,dg_1d,ssc,R band,4.560000000000e+14,2.069138081115e+05,5.530479228346e-34
wind_ism_jump,dg_1d,ssc,R band,4.560000000000e+14,2.511886431510e+05,5.871917811180e-34
wind_ism_jump,dg_1d,ssc,R band,4.560000000000e+14,3.049372829387e+05,7.204615362911e-34
wind_ism_jump,dg_1d,ssc,R band,4.560000000000e+14,3.701869055846e+05,7.808663164991e-34
wind_ism_jump,dg_1d,ssc,R band,4.560000000000e+14,4.493984590722e+05,8.345939890609e-34
wind_ism_jump,dg_1d,ssc,R band,4.560000000000e+14,5.455594781169e+05,9.259376346511e-34
wind_ism_jump,dg_1d,ssc,R band,4.560000000000e+14,6.622967617148e+05,1.034321700033e-33
wind_ism_jump,dg_1d,ssc,R band,4.560000000000e+14,8.040131611168e+05,1.118662609261e-33
wind_ism_jump,dg_1d,ssc,R band,4.560000000000e+14,9.760536373079e+05,1.253777568026e-33
wind_ism_jump,dg_1d,ssc,R band,4.560000000000e+14,1.184906851001e+06,1.420425728991e-33
wind_ism_jump,dg_1d,ssc,R band,4.560000000000e+14,1.438449888288e+06,1.532019912861e-33
wind_ism_jump,dg_1d,ssc,R band,4.560000000000e+14,1.746245352002e+06,1.654882088204e-33
wind_ism_jump,dg_1d,ssc,R band,4.560000000000e+14,2.119902023850e+06,1.779825652904e-33
wind_ism_jump,dg_1d,ssc,R band,4.560000000000e+14,2.573512700017e+06,1.826966996257e-33
wind_ism_jump,dg_1d,ssc,R band,4.560000000000e+14,3.124185713603e+06,1.857312160925e-33
wind_ism_jump,dg_1d,ssc,R band,4.560000000000e+14,3.792690190732e+06,1.841249641458e-33
wind_ism_jump,dg_1d,ssc,R band,4.560000000000e+14,4.604239376759e+06,1.708312177861e-33
wind_ism_jump,dg_1d,ssc,R band,4.560000000000e+14,5.589441576403e+06,1.551445959843e-33
wind_ism_jump,dg_1d,ssc,R band,4.560000000000e+14,6.785454573394e+06,1.345476574690e-33
wind_ism_jump,dg_1d,ssc,R band,4.560000000000e+14,8.237387069571e+06,1.120594248781e-33
wind_ism_jump,dg_1d,ssc,R band,4.560000000000e+14,1.000000000000e+07,9.041342123835e-34
wind_ism_jump,dg_1d,ssc,1 keV,2.417989242000e+17,1.000000000000e-01,2.095124139958e-31
wind_ism_jump,dg_1d,ssc,1 keV,2.417989242000e+17,1.213977189070e-01,2.747356722331e-31
wind_ism_jump,dg_1d,ssc,1 keV,2.417989242000e+17,1.473740615582e-01,3.570977037175e-31
wind_ism_jump,dg_1d,ssc,1 keV,2.417989242000e+17,1.789087489923e-01,4.666336847234e-31
wind_ism_jump,dg_1d,ssc,1 keV,2.417989242000e+17,2.171911402017e-01,6.036740896467e-31
wind_ism_jump,dg_1d,ssc,1 keV,2.417989242000e+17,2.636650898730e-01,7.730985519841e-31
wind_ism_jump,dg_1d,ssc,1 keV,2.417989242000e+17,3.200834046600e-01,9.799311876989e-31
wind_ism_jump,dg_1d,ssc,1 keV,2.417989242000e+17,3.885739518571e-01,1.224847372574e-30
wind_ism_jump,dg_1d,ssc,1 keV,2.417989242000e+17,4.717199138213e-01,1.502250318683e-30
wind_ism_jump,dg_1d,ssc,1 keV,2.417989242000e+17,5.726572150092e-01,1.798265055617e-30
wind_ism_jump,dg_1d,ssc,1 keV,2.417989242000e+17,6.951927961776e-01,2.090055421779e-30
wind_ism_jump,dg_1d,ssc,1 keV,2.417989242000e+17,8.439481965654e-01,2.347867835421e-30
wind_ism_jump,dg_1d,ssc,1 keV,2.417989242000e+17,1.024533859387e+00,2.541622568039e-30
wind_ism_jump,dg_1d,ssc,1 keV,2.417989242000e+17,1.243760734726e+00,2.652011059570e-30
wind_ism_jump,dg_1d,ssc,1 keV,2.417989242000e+17,1.509897160618e+00,2.667559882338e-30
wind_ism_jump,dg_1d,ssc,1 keV,2.417989242000e+17,1.832980710832e+00,2.601578832089e-30
wind_ism_jump,dg_1d,ssc,1 keV,2.417989242000e+17,2.225196770956e+00,2.472595404020e-30
wind_ism_jump,dg_1d,ssc,1 keV,2.417989242000e+17,2.701338121133e+00,2.296168438726e-30
wind_ism_jump,dg_1d,ssc,1 keV,2.417989242000e+17,3.279362859021e+00,2.093162977643e-30
wind_ism_jump,dg_1d,ssc,1 keV,2.417989242000e+17,3.981071705535e+00,1.875039391490e-30
wind_ism_jump,dg_1d,ssc,1 keV,2.417989242000e+17,4.832930238572e+00,1.660587277800e-30
wind_ism_jump,dg_1d,ssc,1 keV,2.417989242000e+17,5.867067065993e+00,1.455491852531e-30
wind_ism_jump,dg_1d,ssc,1 keV,2.417989242000e+17,7.122485584860e+00,1.262749161506e-30
wind_ism_jump,dg_1d,ssc,1 keV,2.417989242000e+17,8.646535029500e+00,1.087036475548e-30
wind_ism_jump,dg_1d,ssc,1 keV,2.417989242000e+17,1.049669629031e+01,9.297926659401e-31
wind_ism_jump,dg_1d,ssc,1 keV,2.417989242000e+17,1.274274985703e+01,7.885636473334e-31
wind_ism_jump,dg_1d,ssc,1 keV,2.417989242000e+17,1.546940765246e+01,6.662750311594e-31
wind_ism_jump,dg_1d,ssc,1 keV,2.417989242000e+17,1.877950801851e+01,5.599547438233e-31
wind_ism_jump,dg_1d,ssc,1 keV,2.417989242000e+17,2.279789435644e+01,4.688520034381e-31
wind_ism_jump,dg_1d,ssc,1 keV,2.417989242000e+17,2.767612370754e+01,3.910624761798e-31
wind_ism_jump,dg_1d,ssc,1 keV,2.417989242000e+17,3.359818286284e+01,3.253050969140e-31
wind_ism_jump,dg_1d,ssc,1 keV,2.417989242000e+17,4.078742758969e+01,2.694802085208e-31
wind_ism_jump,dg_1d,ssc,1 keV,2.417989242000e+17,4.951500669473e+01,2.222775691589e-31
wind_ism_jump,dg_1d,ssc,1 keV,2.417989242000e+17,6.011008864406e+01,1.827804292711e-31
wind_ism_jump,dg_1d,ssc,1 keV,2.417989242000e+17,7.297227644686e+01,1.499388140637e-31
wind_ism_jump,dg_1d,ssc,1 keV,2.417989242000e+17,8.858667904101e+01,1.228605623660e-31
wind_ism_jump,dg_1d,ssc,1 keV,2.417989242000e+17,1.075422076113e+02,1.007252077987e-31
wind_ism_jump,dg_1d,ssc,1 keV,2.417989242000e+17,1.305537869023e+02,8.297185314065e-32
wind_ism_jump,dg_1d,ssc,1 keV,2.417989242000e+17,1.584893192461e+02,6.889272419030e-32
wind_ism_jump,dg_1d,ssc,1 keV,2.417989242000e+17,1.924024182760e+02,5.782117634708e-32
wind_ism_jump,dg_1d,ssc,1 keV,2.417989242000e+17,2.335721469090e+02,4.928691335613e-32
wind_ism_jump,dg_1d,ssc,1 keV,2.417989242000e+17,2.835512583497e+02,4.277374841880e-32
wind_ism_jump,dg_1d,ssc,1 keV,2.417989242000e+17,3.442247595686e+02,3.788549796178e-32
wind_ism_jump,dg_1d,ssc,1 keV,2.417989242000e+17,4.178810060294e+02,3.436312044022e-32
wind_ism_jump,dg_1d,ssc,1 keV,2.417989242000e+17,5.072980090654e+02,3.193814623783e-32
wind_ism_jump,dg_1d,ssc,1 keV,2.417989242000e+17,6.158482110660e+02,3.032350516779e-32
wind_ism_jump,dg_1d,ssc,1 keV,2.417989242000e+17,7.476256801638e+02,2.932637330279e-32
wind_ism_jump,dg_1d,ssc,1 keV,2.417989242000e+17,9.076005216818e+02,2.882941021661e-32
wind_ism_jump,dg_1d,ssc,1 keV,2.417989242000e+17,1.101806330110e+03,2.872479426086e-32
wind_ism_jump,dg_1d,ssc,1 keV,2.417989242000e+17,1.337567751526e+03,2.893252136152e-32
wind_ism_jump,dg_1d,ssc,1 keV,2.417989242000e+17,1.623776739189e+03,2.935756306953e-32
wind_ism_jump,dg_1d,ssc,1 keV,2.417989242000e+17,1.971227921518e+03,2.985599073870e-32
wind_ism_jump,dg_1d,ssc,1 keV,2.417989242000e+17,2.393025731180e+03,3.031631677110e-32
wind_ism_jump,dg_1d,ssc,1 keV,2.417989242000e+17,2.905078650511e+03,3.073866296406e-32
wind_ism_jump,dg_1d,ssc,1 keV,2.417989242000e+17,3.526699214175e+03,3.111233692981e-32
wind_ism_jump,dg_1d,ssc,1 keV,2.417989242000e+17,4.281332398719e+03,3.136820802597e-32
wind_ism_jump,dg_1d,ssc,1 keV,2.417989242000e+17,5.197439870872e+03,3.148593821125e-32
wind_ism_jump,dg_1d,ssc,1 keV,2.417989242000e+17,6.309573444802e+03,3.142872386633e-32
wind_ism_jump,dg_1d,ssc,1 keV,2.417989242000e+17,7.659678234752e+03,3.099366025797e-32
wind_ism_jump,dg_1d,ssc,1 keV,2.417989242000e+17,9.298674652605e+03,2.996466339905e-32
wind_ism_jump,dg_1d,ssc,1 keV,2.417989242000e+17,1.128837891685e+04,2.851892286893e-32
wind_ism_jump,dg_1d,ssc,1 keV,2.417989242000e+17,1.370383450663e+04,2.681764195594e-32
wind_ism_jump,dg_1d,ssc,1 keV,2.417989242000e+17,1.663614249384e+04,2.508821941983e-32
wind_ism_jump,dg_1d,ssc,1 keV,2.417989242000e+17,2.019589750164e+04,2.337804921139e-32
wind_ism_jump,dg_1d,ssc,1 keV,2.417989242000e+17,2.451735887979e+04,2.170818647764e-32
wind_ism_jump,dg_1d,ssc,1 keV,2.417989242000e+17,2.976351441631e+04,2.005018661064e-32
wind_ism_jump,dg_1d,ssc,1 keV,2.417989242000e+17,3.613222756796e+04,1.838016337150e-32
wind_ism_jump,dg_1d,ssc,1 keV,2.417989242000e+17,4.386370005780e+04,1.664568208730e-32
wind_ism_jump,dg_1d,ssc,1 keV,2.417989242000e+17,5.324953129838e+04,1.488008106395e-32
wind_ism_jump,dg_1d,ssc,1 keV,2.417989242000e+17,6.464371632490e+04,1.308694282977e-32
wind_ism_jump,dg_1d,ssc,1 keV,2.417989242000e+17,7.847599703515e+04,1.144623744859e-32
wind_ism_jump,dg_1d,ssc,1 keV,2.417989242000e+17,9.526807029020e+04,9.976619615184e-33
wind_ism_jump,dg_1d,ssc,1 keV,2.417989242000e+17,1.156532641790e+05,8.584477631650e-33
wind_ism_jump,dg_1d,ssc,1 keV,2.417989242000e+17,1.404004245548e+05,7.210846492767e-33
wind_ism_jump,dg_1d,ssc,1 keV,2.417989242000e+17,1.704429127453e+05,5.818546508839e-33
wind_ism_jump,dg_1d,ssc,1 keV,2.417989242000e+17,2.069138081115e+05,4.280090897595e-33
wind_ism_jump,dg_1d,ssc,1 keV,2.417989242000e+17,2.511886431510e+05,4.067789213969e-33
wind_ism_jump,dg_1d,ssc,1 keV,2.417989242000e+17,3.049372829387e+05,4.460691588233e-33
wind_ism_jump,dg_1d,ssc,1 keV,2.417989242000e+17,3.701869055846e+05,4.056614537556e-33
wind_ism_jump,dg_1d,ssc,1 keV,2.417989242000e+17,4.493984590722e+05,3.607373404019e-33
wind_ism_jump,dg_1d,ssc,1 keV,2.417989242000e+17,5.455594781169e+05,3.183720995490e-33
wind_ism_jump,dg_1d,ssc,1 keV,2.417989242000e+17,6.622967617148e+05,2.745256392836e-33
wind_ism_jump,dg_1d,ssc,1 keV,2.417989242000e+17,8.040131611168e+05,2.289275845470e-33
wind_ism_jump,dg_1d,ssc,1 keV,2.417989242000e+17,9.760536373079e+05,1.871029275194e-33
wind_ism_jump,dg_1d,ssc,1 keV,2.417989242000e+17,1.184906851001e+06,1.497912494391e-33
wind_ism_jump,dg_1d,ssc,1 keV,2.417989242000e+17,1.438449888288e+06,1.165658854011e-33
wind_ism_jump,dg_1d,ssc,1 keV,2.417989242000e+17,1.746245352002e+06,8.911460430012e-34
wind_ism_jump,dg_1d,ssc,1 keV,2.417989242000e+17,2.119902023850e+06,6.709861649424e-34
wind_ism_jump,dg_1d,ssc,1 keV,2.417989242000e+17,2.573512700017e+06,4.972576446890e-34
wind_ism_jump,dg_1d,ssc,1 keV,2.417989242000e+17,3.124185713603e+06,3.659788347254e-34
wind_ism_jump,dg_1d,ssc,1 keV,2.417989242000e+17,3.792690190732e+06,2.683685387693e-34
wind_ism_jump,dg_1d,ssc,1 keV,2.417989242000e+17,4.604239376759e+06,1.947774884789e-34
wind_ism_jump,dg_1d,ssc,1 keV,2.417989242000e+17,5.589441576403e+06,1.408564568963e-34
wind_ism_jump,dg_1d,ssc,1 keV,2.417989242000e+17,6.785454573394e+06,1.011704616660e-34
wind_ism_jump,dg_1d,ssc,1 keV,2.417989242000e+17,8.237387069571e+06,7.211564406473e-35
wind_ism_jump,dg_1d,ssc,1 keV,2.417989242000e+17,1.000000000000e+07,5.101324129006e-35
wind_ism_jump,dg_1d,ssc,100 MeV,2.417989242000e+22,1.000000000000e-01,5.386359490168e-28
wind_ism_jump,dg_1d,ssc,100 MeV,2.417989242000e+22,1.213977189070e-01,5.419930710837e-28
wind_ism_jump,dg_1d,ssc,100 MeV,2.417989242000e+22,1.473740615582e-01,5.406502935811e-28
wind_ism_jump,dg_1d,ssc,100 MeV,2.417989242000e+22,1.789087489923e-01,5.343493527588e-28
wind_ism_jump,dg_1d,ssc,100 MeV,2.417989242000e+22,2.171911402017e-01,5.221532937853e-28
wind_ism_jump,dg_1d,ssc,100 MeV,2.417989242000e+22,2.636650898730e-01,5.019777423013e-28
wind_ism_jump,dg_1d,ssc,100 MeV,2.417989242000e+22,3.200834046600e-01,4.741000270762e-28
wind_ism_jump,dg_1d,ssc,100 MeV,2.417989242000e+22,3.885739518571e-01,4.373198277376e-28
wind_ism_jump,dg_1d,ssc,100 MeV,2.417989242000e+22,4.717199138213e-01,3.908398615470e-28
wind_ism_jump,dg_1d,ssc,100 MeV,2.417989242000e+22,5.726572150092e-01,3.363361814204e-28
wind_ism_jump,dg_1d,ssc,100 MeV,2.417989242000e+22,6.951927961776e-01,2.774418629833e-28
wind_ism_jump,dg_1d,ssc,100 MeV,2.417989242000e+22,8.439481965654e-01,2.191406156459e-28
wind_ism_jump,dg_1d,ssc,100 MeV,2.417989242000e+22,1.024533859387e+00,1.660167518489e-28
wind_ism_jump,dg_1d,ssc,100 MeV,2.417989242000e+22,1.243760734726e+00,1.216211945251e-28
wind_ism_jump,dg_1d,ssc,100 MeV,2.417989242000e+22,1.509897160618e+00,8.755733041173e-29
wind_ism_jump,dg_1d,ssc,100 MeV,2.417989242000e+22,1.832980710832e+00,6.234470106216e-29
wind_ism_jump,dg_1d,ssc,100 MeV,2.417989242000e+22,2.225196770956e+00,4.400147961644e-29
wind_ism_jump,dg_1d,ssc,100 MeV,2.417989242000e+22,2.701338121133e+00,3.102546256628e-29
wind_ism_jump,dg_1d,ssc,100 MeV,2.417989242000e+22,3.279362859021e+00,2.171536433471e-29
wind_ism_jump,dg_1d,ssc,100 MeV,2.417989242000e+22,3.981071705535e+00,1.515371655597e-29
wind_ism_jump,dg_1d,ssc,100 MeV,2.417989242000e+22,4.832930238572e+00,1.052931545455e-29
wind_ism_jump,dg_1d,ssc,100 MeV,2.417989242000e+22,5.867067065993e+00,7.319077616494e-30
wind_ism_jump,dg_1d,ssc,100 MeV,2.417989242000e+22,7.122485584860e+00,5.151315843096e-30
wind_ism_jump,dg_1d,ssc,100 MeV,2.417989242000e+22,8.646535029500e+00,3.638805881449e-30
wind_ism_jump,dg_1d,ssc,100 MeV,2.417989242000e+22,1.049669629031e+01,2.569910078392e-30
wind_ism_jump,dg_1d,ssc,100 MeV,2.417989242000e+22,1.274274985703e+01,1.841654493436e-30
wind_ism_jump,dg_1d,ssc,100 MeV,2.417989242000e+22,1.546940765246e+01,1.334735936384e-30
wind_ism_jump,dg_1d,ssc,100 MeV,2.417989242000e+22,1.877950801851e+01,9.816654682354e-31
wind_ism_jump,dg_1d,ssc,100 MeV,2.417989242000e+22,2.279789435644e+01,7.324116290938e-31
wind_ism_jump,dg_1d,ssc,100 MeV,2.417989242000e+22,2.767612370754e+01,5.574746655560e-31
wind_ism_jump,dg_1d,ssc,100 MeV,2.417989242000e+22,3.359818286284e+01,4.328776091818e-31
wind_ism_jump,dg_1d,ssc,100 MeV,2.417989242000e+22,4.078742758969e+01,3.434932382249e-31
wind_ism_jump,dg_1d,ssc,100 MeV,2.417989242000e+22,4.951500669473e+01,2.790314309346e-31
wind_ism_jump,dg_1d,ssc,100 MeV,2.417989242000e+22,6.011008864406e+01,2.332516300184e-31
wind_ism_jump,dg_1d,ssc,100 MeV,2.417989242000e+22,7.297227644686e+01,2.015037476916e-31
wind_ism_jump,dg_1d,ssc,100 MeV,2.417989242000e+22,8.858667904101e+01,1.803432028575e-31
wind_ism_jump,dg_1d,ssc,100 MeV,2.417989242000e+22,1.075422076113e+02,1.673035187995e-31
wind_ism_jump,dg_1d,ssc,100 MeV,2.417989242000e+22,1.305537869023e+02,1.609375537401e-31
wind_ism_jump,dg_1d,ssc,100 MeV,2.417989242000e+22,1.584893192461e+02,1.600541755455e-31
wind_ism_jump,dg_1d,ssc,100 MeV,2.417989242000e+22,1.924024182760e+02,1.637471600087e-31
wind_ism_jump,dg_1d,ssc,100 MeV,2.417989242000e+22,2.335721469090e+02,1.709156458932e-31
wind_ism_jump,dg_1d,ssc,100 MeV,2.417989242000e+22,2.835512583497e+02,1.806312269496e-31
wind_ism_jump,dg_1d,ssc,100 MeV,2.417989242000e+22,3.442247595686e+02,1.927061890756e-31
wind_ism_jump,dg_1d,ssc,100 MeV,2.417989242000e+22,4.178810060294e+02,2.069463661107e-31
wind_ism_jump,dg_1d,ssc,100 MeV,2.417989242000e+22,5.072980090654e+02,2.227317391760e-31
wind_ism_jump,dg_1d,ssc,100 MeV,2.417989242000e+22,6.158482110660e+02,2.379194390235e-31
wind_ism_jump,dg_1d,ssc,100 MeV,2.417989242000e+22,7.476256801638e+02,2.519140606391e-31
wind_ism_jump,dg_1d,ssc,100 MeV,2.417989242000e+22,9.076005216818e+02,2.648177969896e-31
wind_ism_jump,dg_1d,ssc,100 MeV,2.417989242000e+22,1.101806330110e+03,2.761542115578e-31
wind_ism_jump,dg_1d,ssc,100 MeV,2.417989242000e+22,1.337567751526e+03,2.857012389369e-31
wind_ism_jump,dg_1d,ssc,100 MeV,2.417989242000e+22,1.623776739189e+03,2.925612058305e-31
wind_ism_jump,dg_1d,ssc,100 MeV,2.417989242000e+22,1.971227921518e+03,2.946096749274e-31
wind_ism_jump,dg_1d,ssc,100 MeV,2.417989242000e+22,2.393025731180e+03,2.906762015427e-31
wind_ism_jump,dg_1d,ssc,100 MeV,2.417989242000e+22,2.905078650511e+03,2.811974693377e-31
wind_ism_jump,dg_1d,ssc,100 MeV,2.417989242000e+22,3.526699214175e+03,2.666694271461e-31
wind_ism_jump,dg_1d,ssc,100 MeV,2.417989242000e+22,4.281332398719e+03,2.474789136390e-31
wind_ism_jump,dg_1d,ssc,100 MeV,2.417989242000e+22,5.197439870872e+03,2.245796944718e-31
wind_ism_jump,dg_1d,ssc,100 MeV,2.417989242000e+22,6.309573444802e+03,1.987374013858e-31
wind_ism_jump,dg_1d,ssc,100 MeV,2.417989242000e+22,7.659678234752e+03,1.697180670556e-31
wind_ism_jump,dg_1d,ssc,100 MeV,2.417989242000e+22,9.298674652605e+03,1.373926370908e-31
wind_ism_jump,dg_1d,ssc,100 MeV,2.417989242000e+22,1.128837891685e+04,1.052898119108e-31
wind_ism_jump,dg_1d,ssc,100 MeV,2.417989242000e+22,1.370383450663e+04,7.617926707100e-32
wind_ism_jump,dg_1d,ssc,100 MeV,2.417989242000e+22,1.663614249384e+04,5.282592666132e-32
wind_ism_jump,dg_1d,ssc,100 MeV,2.417989242000e+22,2.019589750164e+04,3.537154239728e-32
wind_ism_jump,dg_1d,ssc,100 MeV,2.417989242000e+22,2.451735887979e+04,2.300127257873e-32
wind_ism_jump,dg_1d,ssc,100 MeV,2.417989242000e+22,2.976351441631e+04,1.462200035292e-32
wind_ism_jump,dg_1d,ssc,100 MeV,2.417989242000e+22,3.613222756796e+04,9.179155222720e-33
wind_ism_jump,dg_1d,ssc,100 MeV,2.417989242000e+22,4.386370005780e+04,5.693938325900e-33
wind_ism_jump,dg_1d,ssc,100 MeV,2.417989242000e+22,5.324953129838e+04,3.490911488527e-33
wind_ism_jump,dg_1d,ssc,100 MeV,2.417989242000e+22,6.464371632490e+04,2.116732107509e-33
wind_ism_jump,dg_1d,ssc,100 MeV,2.417989242000e+22,7.847599703515e+04,1.274798357843e-33
wind_ism_jump,dg_1d,ssc,100 MeV,2.417989242000e+22,9.526807029020e+04,7.649635856988e-34
wind_ism_jump,dg_1d,ssc,100 MeV,2.417989242000e+22,1.156532641790e+05,4.563752772912e-34
wind_ism_jump,dg_1d,ssc,100 MeV,2.417989242000e+22,1.404004245548e+05,2.710418028953e-34
wind_ism_jump,dg_1d,ssc,100 MeV,2.417989242000e+22,1.704429127453e+05,1.573506295719e-34
wind_ism_jump,dg_1d,ssc,100 MeV,2.417989242000e+22,2.069138081115e+05,8.431794333517e-35
wind_ism_jump,dg_1d,ssc,100 MeV,2.417989242000e+22,2.511886431510e+05,6.589533857665e-35
wind_ism_jump,dg_1d,ssc,100 MeV,2.417989242000e+22,3.049372829387e+05,5.758315105267e-35
wind_ism_jump,dg_1d,ssc,100 MeV,2.417989242000e+22,3.701869055846e+05,3.508686836096e-35
wind_ism_jump,dg_1d,ssc,100 MeV,2.417989242000e+22,4.493984590722e+05,2.208936819007e-35
wind_ism_jump,dg_1d,ssc,100 MeV,2.417989242000e+22,5.455594781169e+05,1.426433946002e-35
wind_ism_jump,dg_1d,ssc,100 MeV,2.417989242000e+22,6.622967617148e+05,9.356664447117e-36
wind_ism_jump,dg_1d,ssc,100 MeV,2.417989242000e+22,8.040131611168e+05,6.193451444476e-36
wind_ism_jump,dg_1d,ssc,100 MeV,2.417989242000e+22,9.760536373079e+05,4.120409102577e-36
wind_ism_jump,dg_1d,ssc,100 MeV,2.417989242000e+22,1.184906851001e+06,2.748782591802e-36
wind_ism_jump,dg_1d,ssc,100 MeV,2.417989242000e+22,1.438449888288e+06,1.841246699045e-36
wind_ism_jump,dg_1d,ssc,100 MeV,2.417989242000e+22,1.746245352002e+06,1.232623534787e-36
wind_ism_jump,dg_1d,ssc,100 MeV,2.417989242000e+22,2.119902023850e+06,8.215069650767e-37
wind_ism_jump,dg_1d,ssc,100 MeV,2.417989242000e+22,2.573512700017e+06,5.453363508298e-37
wind_ism_jump,dg_1d,ssc,100 MeV,2.417989242000e+22,3.124185713603e+06,3.623512172457e-37
wind_ism_jump,dg_1d,ssc,100 MeV,2.417989242000e+22,3.792690190732e+06,2.414672409688e-37
wind_ism_jump,dg_1d,ssc,100 MeV,2.417989242000e+22,4.604239376759e+06,1.610605133442e-37
wind_ism_jump,dg_1d,ssc,100 MeV,2.417989242000e+22,5.589441576403e+06,1.072557266954e-37
wind_ism_jump,dg_1d,ssc,100 MeV,2.417989242000e+22,6.785454573394e+06,7.132431292846e-38
wind_ism_jump,dg_1d,ssc,100 MeV,2.417989242000e+22,8.237387069571e+06,4.737959589460e-38
wind_ism_jump,dg_1d,ssc,100 MeV,2.417989242000e+22,1.000000000000e+07,3.137515762323e-38
