time_s,magnetic_field_g,gamma34,energy_density_erg_cm3,specific_energy_erg_g,sigma
0.10481674515154274,31.27591794019454,1.000005170961205,389.2609358672357,3798374681298427.5,0.0
0.10504146756341784,31.891545666543166,1.000005260272386,404.68872261981727,3969622192004338.0,0.0
0.10531485124973836,32.35532006514416,1.0000053302743783,416.5413596071694,4112006781901535.0,0.0
0.10564743329761944,32.686605435310575,1.0000053884115523,425.11288631443466,4229291044786155.0,0.0
0.1060520324895518,32.899172298872905,1.0000054404730363,430.6587079076117,4325020946278616.5,0.0
0.10654424338053428,33.00293237364566,1.0000054910493057,433.3786677102253,4402372753623555.5,0.0
0.10714303736241218,33.00423535423936,1.0000055439558864,433.4124433239568,4464110591039032.0,0.0
0.10787149388237563,32.90625649510192,1.0000056025966522,430.8427858188474,4512608351226152.0,0.0
0.1087576899991319,32.70943075787918,1.000005670272517,425.7042049841913,4549909050011216.0,0.0
0.10983578256311,32.41193529772806,1.000005750454512,417.9961275907284,4577808424978608.0,0.0
0.11114732473140466,32.010248703969424,1.0000058470446478,407.70037024011094,4597958758625232.0,0.0
0.11274286756018352,31.499828811520825,1.0000059646498698,394.8030321169346,4611995072037885.0,0.0
0.11468390840508276,30.87595270242736,1.0000061088969112,379.3206301057465,4621690131801117.0,0.0
0.1170452612272133,30.13475068967046,1.0000062868209239,361.3294372106297,4629147901825334.0,0.0
0.11991794016399962,29.27443645483231,1.0000065073697288,340.99555672505755,4637047604608027.0,0.0
0.12341266750695129,28.29668400317391,1.0000067820801657,318.6014409476585,4648952840798498.0,0.0
0.1276641412951209,27.208028387356837,1.000007126005559,294.56280858082636,4669702928434120.0,0.0
0.13283622701103465,26.021079835629063,1.0000075590072262,269.42904755193246,4705908180062969.0,0.0
0.13912827348376514,24.75526236749471,1.0000081075731377,243.86124261753392,4766579914635151.0,0.0
0.14678279643437833,23.436755593043717,1.0000088074004359,218.58573300891092,4863943970824885.0,0.0
0.15609482581232365,22.09737635418981,1.0000097070855398,194.32741810944364,5014519429478983.0,0.0
0.16742327719919567,20.772315739451024,1.000010873419994,171.73418292447715,5240599282117805.0,0.0
0.1812047855703643,19.496934580799316,1.0000123990112202,151.30876388573284,5572353746531332.0,0.0
0.1979705346121699,18.30314007368667,1.0000144132614397,133.3641175759329,6050895238926120.0,0.0
0.2183667302507298,17.21608682996674,1.0000170981819196,118.01197952694685,6732800958141230.0,0.0
0.24317950750804748,16.251938604362966,1.0000207111458967,105.18415613163381,7696791131257650.0,0.0
0.2733652306758181,15.417150522122318,1.000025617566025,94.67678048179818,9053522898533166.0,0.0
0.31008735467314563,14.709283681709469,1.0000323377253966,86.20330493058334,1.09598119332316e+16,0.0
0.3547612683435296,14.130194780643523,1.0000416136946275,79.44314657995916,1.363915244442624e+16,0.0
0.4091088480961105,13.64485956532229,1.000054504871011,74.0795406529802,1.7410711130949414e+16,0.0
0.4752248245640785,13.247022676135684,1.000072523414674,69.82270982105754,2.2730958211306876e+16,0.0
0.555657520264852,12.92034028611263,1.0000978256869737,66.42140289822176,3.0252057226529572e+16,0.0
0.6535070701512952,12.649510517173509,1.0001334805716633,63.66600239421754,4.090392731086547e+16,0.0
0.772544910790116,12.420975802630045,1.0001838419352063,61.38631615449481,5.600851276052476e+16,0.0
0.9173591436649524,12.223158331415092,1.0002550592199317,59.44659925281903,7.743721782641309e+16,0.0
1.0935313753736668,12.046383598151325,1.0003557666155445,57.73956627858436,1.0782483644869221e+17,0.0
1.307851850710189,11.882636373751348,1.0004979956956646,56.180520025988024,1.5085526396506864e+17,0.0
1.5685811705522632,11.725261176714282,1.0006983560480962,54.70225010913946,2.116350605991876e+17,0.0
1.8857686820047714,11.568681246842129,1.0009795192500683,53.25101013577806,2.971693969278811e+17,0.0
2.2716398125794766,11.408176156157205,1.0013720185638553,51.78364032221036,4.1694954608214246e+17,0.0
2.741067277517025,11.239733008257627,1.0019163350522124,50.26574576455717,5.836502785978074e+17,0.0
3.3121443220979336,11.059944079239486,1.002665098745722,48.67052181961388,8.139138957463316e+17,0.0
4.006882093546069,10.865447077964015,1.0036848509306844,46.97376188679963,1.1290724366341146e+18,0.0
4.852058021482255,10.653694995022866,1.0050587667864483,45.16069934993052,1.5559501507529216e+18,0.0
5.8802479062409825,10.423397141832265,1.006887795325879,43.229350506426044,2.1276245290267443e+18,0.0
7.131081495055615,10.174059391241306,1.0092909896504787,41.18591106099731,2.883815570726379e+18,0.0
8.65276994005919,9.905924310605153,1.0124046948081684,39.04362662012822,3.870948399450451e+18,0.0
10.503964011247923,9.619982284126,1.0163803644377671,36.82211116754391,5.141820091643349e+18,0.0
12.75601468591563,9.317938181449966,1.0213810955787448,34.546160788108644,6.754857117056571e+18,0.0
15.495723244950964,9.002114148356718,1.0275772132132188,32.244019226778455,8.773023287753399e+18,0.0
18.828686873559807,8.675299739740176,1.0351414276800714,29.94533102833125,1.1262503312659739e+19,0.0
22.88336871663182,8.330029695626383,1.0442441786059258,27.679620559111385,1.4291319011251931e+19,0.0
27.81604926178361,7.991605683073976,1.0550496646458396,25.472748968368087,1.7928100161643823e+19,0.0
33.816849892317194,7.651478934537705,1.067713068121569,23.347496640065927,2.2240991104093913e+19,0.0
41.11706077720917,7.312539452318043,1.0823790061256324,21.32208861331604,2.729698780493787e+19,0.0
49.998055538595985,6.977372235984201,1.099181237227492,19.40990286834245,3.3161581815455932e+19,0.0
60.80213629672967,6.648197079763053,1.1182434031141295,17.61962112092665,3.9898724324179575e+19,0.0
73.94572709534054,6.326844912407833,1.1396805171531665,15.955689781240029,4.7571048228221346e+19,0.0
89.9354242244807,6.014762938946892,1.1636008991503817,14.418960498831865,5.624027240772489e+19,0.0
109.38752207194662,5.713040097507209,1.1901082920856503,13.007399754855179,6.596771379670072e+19,0.0
133.0517670924362,5.422444942094956,1.2193039599506585,11.71678578319307,7.681484446489572e+19,0.0
161.84025544885824,5.146695466866881,1.2512887873180216,10.541224575241417,8.884370826397557e+19,0.0
196.86258813389756,4.879254740934839,1.2861644826085157,9.474087453079564,1.021179282096386e+20,0.0
239.4686385633547,4.623808328029047,1.3240356470997325,8.507983695080675,1.16702578850574e+20,0.0
291.3005810419571,4.380498586122748,1.3650107615691252,7.635295320018668,1.326648608400071e+20,0.0
354.35618544615545,4.148650920420643,1.4092031937740745,6.848440918378996,1.500744838798213e+20,0.0
431.0658177046827,3.9282762193097955,1.4567320402675166,6.140041576708418,1.690039169679231e+20,0.0
524.3861139232173,3.7189470080437177,1.5077228205122755,5.503051949710241,1.8952867824192324e+20,0.0
637.9139386553835,2.7532691411877956,1.6382651302941451,3.0181549134867827,1.5520096835923257e+20,0.0
776.0250196386177,1.9982682099208757,1.7951873605709814,1.5901908047481352,1.2137523187070904e+20,0.0
944.0426024237923,1.492673685649433,1.962224726331238,0.8871200688339897,9.684894476851157e+19,0.0
1148.4426253908093,1.1388172594363322,2.140100956955023,0.516301077898383,7.84523088976185e+19,0.0
1397.1033232556083,0.8829508373775804,2.3297528125141587,0.3103335555951773,6.429101754951658e+19,0.0
1699.6088795910182,0.6932148521349963,2.5322532771184356,0.19127738231735336,5.316742301358196e+19,0.0
2067.6188321069185,0.5496963758381098,2.7487788300916502,0.1202688975454562,4.428885816466001e+19,0.0
2515.317468758056,0.4394775861019135,2.98044693976561,0.07685123194439769,3.711170279438461e+19,0.0
3059.9605358518047,0.3536692895057726,3.2274512098815555,0.04978257724275366,3.1254649677295305e+19,0.0
3722.540330045902,0.286231670968431,3.491052818342785,0.03260675601690641,2.642987004838582e+19,0.0
4528.594809022175,0.23269119756707501,3.7728301258616965,0.021548849456771258,2.242407180445173e+19,0.0
5509.191906565684,0.18985830478675592,4.074425680990568,0.014345545691492101,1.9077052499095912e+19,0.0
6702.126990720279,0.15537760208696652,4.397560991645144,0.009607926956389826,1.6265964171383597e+19,0.0
8153.379618911788,0.12747810027119694,4.744049689814364,0.006467255084112753,1.3894941939332624e+19,0.0
9918.885738069346,0.10480793081160207,5.115809677064567,0.004371533692732287,1.1888062529589654e+19,0.0
12066.693636041677,0.08632193709940404,5.514874629858442,0.002965412991254363,1.0184437268942969e+19,0.0
14679.586741613912,0.07120335956071892,5.9434051037779465,0.002017630140624746,8.734712249376584e+18,0.0
17858.274364278914,0.0588080992566863,6.403699376589775,0.001376299638597028,7.49851968445761e+18,0.0
21725.273355143087,0.04862429449855038,6.898204094617728,0.0009409006253119001,6.442586860218155e+18,0.0
26429.630300670036,0.04024250814636393,7.429524724195228,0.000644474701761445,5.539309090018782e+18,0.0
32152.666257806806,0.03333341131124564,8.000435752776875,0.0004421749904687263,4.765656255184159e+18,0.0
39114.96545107346,0.027630857250602287,8.61389052740589,0.00030382422156453984,4.1023233354921677e+18,0.0
47584.87729849305,0.02291889339845424,9.27303055770607,0.00020903553634056863,3.533062260216172e+18,0.0
57888.859461804976,0.019021692604502278,9.981194043151957,0.00014398936732433696,3.044150506435352e+18,0.0
70424.06057540259,0.015795676822211568,10.741923307264704,9.92905578369184e-05,2.623964243345261e+18,0.0
85673.62763286679,0.013123306994463055,11.558970732096906,6.853580128505607e-05,2.2626324155904668e+18,0.0
104225.32802703422,0.01090815272303633,12.436302682734159,4.735140297747264e-05,1.951754218241997e+18,0.0
126794.2039969587,0.00907095431478039,13.37810079182561,3.274431897099077e-05,1.6841667488912952e+18,0.0
154250.1326570593,0.0075464608941255805,14.388759837315593,2.2662941340539017e-05,1.4537527620571955e+18,0.0
187651.3538606817,0.006280880009215199,15.472881292633348,1.569893812824965e-05,1.2552807553849467e+18,0.0
228285.2581698274,0.0052298122807548295,16.635261459320187,1.0884317017020802e-05,1.0842713289994932e+18,0.0
277718.00703069277,0.004356573061075186,17.88087291160385,7.552986559162878e-06,9.368850461167032e+17,0.0
337854.8976762542,0.0036308244868270933,19.214837798389702,5.246129083823572e-06,8.098280011049513e+17,0.0
411013.79941354826,0.003027457610697019,20.642391372844138,3.647408257235745e-06,7.002720526775099e+17,0.0
500014.491766469,0.002525676822258307,22.168833971565537,2.5385375054923183e-06,6.057872632110245e+17,0.0
608287.3478536634,0.0021082484728454872,23.799469570115754,1.76877023717255e-06,5.242845423654074e+17,0.0
740005.5520086625,0.0017608831975163613,25.53952903386055,1.2339249616817588e-06,4.539668547816817e+17,0.0
900245.9477348682,0.0014717273864083408,27.394076306166117,8.619502918741421e-07,3.9328764008363085e+17,0.0
1095184.7155932172,0.001230943973686204,29.367896081760897,6.029813570413801e-07,3.409153253260685e+17,0.0
1332335.4230781368,0.001030366465451255,31.465362058478625,4.224843062417837e-07,2.957029978463513e+17,0.0
1620838.621690028,0.0008632131301116825,33.690285701805095,2.9652619572836414e-07,2.5666245956535325e+17,0.0
1971814.153207636,0.0007238506868892138,36.04574663904961,2.0850900399966285e-07,2.22942009287191e+17,0.0
2398789.744177692,0.0006075987739890804,38.5339073439632,1.4691307575098901e-07,1.9380740294205827e+17,0.0
2918222.4080330245,0.0005105680531269392,41.155816655932696,1.0373702477538113e-07,1.6862552724447728e+17,0.0
3550132.751354643,0.0004295260861365795,43.9112088164386,7.341848928760764e-08,1.468503932160572e+17,0.0
4318876.632482735,0.00036178616080439883,46.79830693768857,5.2087090120372386e-08,1.2801111507127432e+17,0.0
5254083.914682769,0.00030511509316407694,49.813641898947665,3.7047032296405036e-08,1.11701589197092e+17,0.0
6391800.4964349065,0.0002576567290598438,52.95189927716058,2.6418543607463045e-08,9.757162910416722e+16,0.0
7775877.636369941,0.00021786843832177107,56.20580770377353,1.888923639251741e-08,8.531934674324318e+16,0.0
9459662.121905362,0.00018446836408382748,59.56608166372521,1.354158319404733e-08,7.468459971091259e+16,0.0
11508052.426121343,0.00015639157669839596,63.0214299777077,9.733124665603251e-09,6.544334869046225e+16,0.0
14000000.103778962,0.0001327536017110268,66.55863797382055,7.013231241310025e-09,5.740279090452113e+16,0.0
0.10481674515154274,0.0,1.0000000002168226,1.7490717353884423e-07,6658647.755106303,0.0001
0.10504146756341784,0.0,1.000000000285801,1.7490717353884423e-07,6658647.755106303,0.0001
0.10531485124973836,0.0,1.0000000003827845,1.7490717353884423e-07,6658647.755106303,0.0001
0.10564743329761944,0.0,1.0000000005202596,1.7490717353884423e-07,6658647.755106303,0.0001
0.1060520324895518,0.0,1.0000000007166197,1.7490717353884423e-07,6658647.755106303,0.0001
0.10654424338053428,0.0,1.0000000009990784,1.7490717353884423e-07,6658647.755106303,0.0001
0.10714303736241218,0.0,1.0000000014080785,1.7490717353884423e-07,6658647.755106303,0.0001
0.10787149388237563,0.0,1.000000002003998,1.7490717353884423e-07,6658647.755106303,0.0001
0.1087576899991319,0.0,1.0000000028774132,1.7490717353884423e-07,6658647.755106303,0.0001
0.10983578256311,0.0,1.0000000041649133,1.7490717353884423e-07,6658647.755106303,0.0001
0.11114732473140466,0.0,1.0000000060736687,1.7490717353884423e-07,6658647.755106303,0.0001
0.11274286756018352,0.0,1.0000000089199195,1.7490717353884423e-07,6658647.755106303,0.0001
0.11468390840508276,0.0,1.0000000131898885,1.7490717353884423e-07,6658647.755106303,0.0001
0.1170452612272133,0.0,1.0000000196372156,1.7490717353884423e-07,6658647.755106303,0.0001
0.11991794016399962,0.0,1.0000000294406914,1.7490717353884423e-07,6658647.755106303,0.0001
0.12341266750695129,0.0,1.000000044462909,1.7490717353884423e-07,6658647.755106303,0.0001
0.1276641412951209,0.0,1.0000000676802652,1.7490717353884423e-07,6658647.755106303,0.0001
0.13283622701103465,0.0,1.000000103908267,1.7490717353884423e-07,6658647.755106303,0.0001
0.13912827348376514,0.0,1.0000001610435079,1.7490717353884423e-07,6658647.755106303,0.0001
0.14678279643437833,0.0,1.0000002522234896,1.7490717353884423e-07,6658647.755106303,0.0001
0.15609482581232365,0.0,1.0000003996417661,1.7490717353884423e-07,6658647.755106303,0.0001
0.16742327719919567,0.0,1.0000006413927525,1.7490717353884423e-07,6658647.755106303,0.0001
0.1812047855703643,129.68332781066846,1.0000052599598879,6.050541271675375,584383267970568.0,0.0001
0.1979705346121699,123.70913422411206,1.00000599237303,5.660159460189216,635270793650218.1,0.0001
0.2183667302507298,115.49531973660922,1.0000073108278809,5.1091905754653775,719091291098926.6,0.0001
0.24317950750804748,107.51990060863044,1.00000917071835,4.697810604217548,846136139159845.0,0.0001
0.2733652306758181,99.97106585140224,1.0000118507907758,4.472853336611425,1049955648173822.2,0.0001
0.31008735467314563,92.99024797596337,1.0000157788229498,4.454257113839554,1384669695951179.5,0.0001
0.3547612683435296,86.6563906109127,1.0000216160659596,4.662293992658885,1945095058251095.5,0.0001
0.4091088480961105,80.96753723803911,1.0000303776784862,5.127409860648031,2900672647056409.5,0.0001
0.4752248245640785,75.8290917531021,1.0000435993734358,5.892697872388421,4553075628282286.0,0.0001
0.555657520264852,71.06415591247081,1.0000635572917314,7.009161903756125,7427962060805740.0,0.0001
0.6535070701512952,66.43228474546272,1.0000935478355306,8.522495055399897,1.2406673860959142e+16,0.0001
0.772544910790116,61.717291870404225,1.0001382413269309,10.453062373428768,2.0894345399300216e+16,0.0001
0.9173591436649524,56.78191760719341,1.0002041436375595,12.775432827463398,3.5007901933967736e+16,0.0001
1.0935313753736668,51.61452505812773,1.0003002231429998,15.40820800311472,5.777181003989989e+16,0.0001
1.307851850710189,46.3226396246175,1.0004387726345427,18.22114714625494,9.333350045073373e+16,0.0001
1.5685811705522632,41.08534907054805,1.0006365667141872,21.057404018680845,1.472416808278922e+17,0.0001
1.8857686820047714,36.09319738688636,1.0009163495281093,23.76089398458549,2.2684191294761626e+17,0.0001
2.2716398125794766,31.502001947319407,1.0013086535203999,26.198304001818062,3.4182489906711686e+17,0.0001
2.741067277517025,27.41118913059483,1.0018539069545889,28.270622323898387,5.049272147269447e+17,0.0001
3.3121443220979336,23.862938719900196,1.0026046431526434,29.914809739867856,7.327447623800293e+17,0.0001
4.006882093546069,20.85264295171813,1.0036272850772363,31.096384285158912,1.0464933789533972e+18,0.0001
4.852058021482255,18.343388500081794,1.005004860922207,31.807686726350575,1.4728456886990838e+18,0.0001
5.8802479062409825,16.278856724253675,1.0068381418873067,32.06460125717974,2.0447085842920556e+18,0.0001
7.131081495055615,14.593606173944712,1.009245979941119,31.898827657840254,2.801629855534525e+18,0.0001
8.65276994005919,13.220750192552577,1.012364498849889,31.353260586951297,3.7898689088131927e+18,0.0001
10.503964011247923,12.097382852299889,1.0163449203548165,30.478664822488682,5.062067353779009e+18,0.0001
12.75601468591563,11.168043562570737,1.0213501131098839,29.33072082356614,6.676509037380495e+18,0.0001
15.495723244950964,10.38644219151578,1.027550193069149,27.967151741842013,8.696030518592562e+18,0.0001
18.828686873559807,9.715744123933915,1.0351176951830636,26.444963639275507,1.1186707013645472e+19,0.0001
22.88336871663182,9.11922091639862,1.0442229275519208,24.818440908710638,1.4216470470591486e+19,0.0001
27.81604926178361,8.593990675754789,1.0550300046387031,23.135641958010414,1.7853880318490137e+19,0.0001
33.816849892317194,8.116050546526248,1.0676940703917133,21.438661728150418,2.216703022506181e+19,0.0001
41.11706077720917,7.6750376986774285,1.0823597428528287,19.762365933861158,2.7222882370019045e+19,0.0001
49.998055538595985,7.26384933794085,1.099160811522688,18.13427763717394,3.3086908444177113e+19,0.0001
60.80213629672967,6.877669352648248,1.1182209687604925,16.574960640921148,3.9823050294486065e+19,0.0001
73.94572709534054,6.513235524363623,1.1396552887318598,15.098741168599558,4.749393860313185e+19,0.0001
89.9354242244807,6.168311014433006,1.1635721541053246,13.71461560340192,5.6161294106537255e+19,0.0001
109.38752207194662,5.841316677895816,1.190075367003389,12.427217700544494,6.588643724791388e+19,0.0001
133.0517670924362,5.5310833944649875,1.2192662426592604,11.23775308852749,7.6730843297904e+19,0.0001
161.84025544885824,5.23973251838672,1.2512457046532388,10.144732205010376,8.875655868460545e+19,0.0001
196.86258813389756,4.960091913556292,1.2861154940441204,9.145072936806073,1.0202720365101e+20,0.0001
239.4686385633547,4.694861507631674,1.3239802307848325,8.234252636754642,1.1660784935844805e+20,0.0001
291.3005810419571,4.443609364444059,1.3649484034990882,7.406963069414894,1.3256568953862778e+20,0.0001
354.35618544615545,4.205262600839547,1.4091333783405937,6.657481936887701,1.4997042337815524e+20,0.0001
431.0658177046827,3.9795018601737184,1.456654241634085,5.979927611531623,1.6889450630911662e+20,0.0001
524.3861139232173,3.765663978600279,1.5076364946564627,5.368461390531261,1.8941343960073922e+20,0.0001
637.9139386553835,2.788617936244231,1.6382684805850376,2.9422811809709364,1.5500378770154537e+20,0.0001
776.0250196386177,2.0260599148304497,1.7951224206087806,1.5504106837644982,1.2122548418806689e+20,0.0001
944.0426024237923,1.5149221938341102,1.9621105638333773,0.8649765752598111,9.673072562775466e+19,0.0001
1148.4426253908093,1.1568781332894227,2.1399499892405522,0.5034250252244652,7.835671659365009e+19,0.0001
1397.1033232556083,0.8977728238030532,2.32957317745178,0.3025961001775505,6.421250866685289e+19,0.0001
1699.6088795910182,0.7054833826691032,2.5320502767261672,0.18650815555685715,5.310225737152936e+19,0.0001
2067.6188321069185,0.5599204981920505,2.748555827783208,0.117269724333604,4.423435895575666e+19,0.0001
2515.317468758056,0.4480467668354098,2.9802076046761043,0.07493438330950647,3.706585554144083e+19,0.0001
3059.9605358518047,0.36088335796887466,3.2271982356160716,0.04854065222730342,3.1215907286318977e+19,0.0001
3722.540330045902,0.292330663359647,3.490786114457442,0.03179322880738257,2.6397029040431514e+19,0.0001
4528.594809022175,0.2378637034146996,3.772549089252249,0.02101119557942464,2.239616489021e+19,0.0001
5509.191906565684,0.194256017382267,4.074129316572166,0.013987629415764877,1.9053291635406918e+19,0.0001
6702.126990720279,0.15912402032938716,4.397247992303638,0.00936823389145086,1.6245700755803304e+19,0.0001
8153.379618911788,0.13067476486591267,4.743718489918901,0.006305935494413108,1.3877637937656764e+19,0.0001
9918.885738069346,0.10753900346153619,5.115458488249682,0.004262508674140424,1.1873268895631303e+19,0.0001
12066.693636041677,0.08865763594505897,5.514501464569559,0.002891471164384873,1.0171777416667259e+19,0.0001
14679.586741613912,0.07320258592348192,5.9430077901619525,0.0019673322520958885,8.723869141203389e+18,0.0001
17858.274364278914,0.06052047997293193,6.403275567143881,0.001341997779285567,7.489225580798257e+18,0.0001
21725.273355143087,0.050091793435566766,6.897751270280583,0.0009174561527512334,6.434615074526901e+18,0.0001
26429.630300670036,0.04150071428947879,7.429040195103337,0.0006284203727656764,5.532467286003722e+18,0.0001
32152.666257806806,0.034412579966487895,7.99991665661793,0.0004311629144424618,4.759780950278244e+18,0.0001
39114.96545107346,0.028556759909656834,8.613333826120435,0.00029625960910812206,4.0972753614858793e+18,0.0001
47584.87729849305,0.02371351725951652,9.272433033184926,0.00020383227893546095,3.5287229925755643e+18,0.0001
57888.859461804976,0.019703820485304405,9.980552292527955,0.00014040610133193398,3.040418717162132e+18,0.0001
70424.06057540259,0.01638137085643355,10.741233738390829,9.682023748352302e-05,2.620753463878685e+18,0.0001
85673.62763286679,0.01362631416302814,11.558229559831094,6.683104081788654e-05,2.2598687198138665e+18,0.0001
104225.32802703422,0.01134024633323049,12.435505926709348,4.617384156469566e-05,1.9493743535171638e+18,0.0001
126794.2039969587,0.009442222594225854,13.377244276469039,3.193018444368394e-05,1.6821165567994816e+18,0.0001
154250.1326570593,0.007865551633377089,14.387839194991747,2.209957498359825e-05,1.4519858412707822e+18,0.0001
187651.3538606817,0.006555208471755198,15.47189197091759,1.530875861037081e-05,1.2537573275926702e+18,0.0001
228285.2581698274,0.005465738265862422,16.63419873356146,1.0613846319610114e-05,1.0829572756033147e+18,0.0001
277718.00703069277,0.0045595519563505615,17.879731904098545,7.365328158605757e-06,9.357510889022115e+17,0.0001
337854.8976762542,0.0038055363132819785,19.21361350565599,5.115805193772656e-06,8.088490045481208e+17,0.0001
411013.79941354826,0.0031779173935457673,20.64107870264167,3.5568118912818308e-06,6.994264292040623e+17,0.0001
500014.491766469,0.002655329077585817,22.16742779143016,2.4754915904107166e-06,6.050564657339808e+17,0.0001
608287.3478536634,0.0022200481564880513,23.79796476924362,1.7248466873487718e-06,5.236526309172204e+17,0.0001
740005.5520086625,0.0018573650969604348,25.537920600145238,1.2032860660423619e-06,4.5342012612748384e+17,0.0001
900245.9477348682,0.0015550656334827916,27.39235942002018,8.405494601578858e-07,3.9281431092862483e+17,0.0001
1095184.7155932172,0.0013030031031553374,29.366066227987577,5.880113460804293e-07,3.405052611743171e+17,0.0001
1332335.4230781368,0.0010927452328813197,31.463415156844686,4.1199602495652134e-07,2.953474807794392e+17,0.0001
1620838.621690028,0.0009172821241826832,33.68821825604931,2.891651760478008e-07,2.5635398922753802e+17,0.0001
1971814.153207636,0.0007707846207856515,36.04355590280645,2.033330971183473e-07,2.2267413222129802e+17,0.0001
2398789.744177692,0.0006484042129216788,38.53159150048085,1.4326625661474428e-07,1.9357456614428605e+17,0.0001
2918222.4080330245,0.0005461072266024095,41.153375006558804,1.011619794686265e-07,1.6842295241856758e+17,0.0001
3550132.751354643,0.00046053734119071567,43.90864197074327,7.15960263285925e-08,1.4667396872633008e+17,0.0001
4318876.632482735,0.00038890153348028163,46.795616995977674,5.07941155095253e-08,1.2785730303510314e+17,0.0001
5254083.914682769,0.0003288754079248678,49.81083261605316,3.612737950374076e-08,1.1156734553323994e+17,0.0001
6391800.4964349065,0.0002785245778036502,52.948976195104656,2.5762710690262988e-08,9.745433467457301e+16,0.0001
7775877.636369941,0.00023623934073910676,56.20277824052969,1.8420298678479146e-08,8.521674800101291e+16,0.0001
9459662.121905362,0.00020068036804158948,59.56295514613953,1.320539045371374e-08,7.459475750348072e+16,0.0001
11508052.426121343,0.00017073352013896665,63.01821760886572,9.491472838959127e-09,6.536459406974454e+16,0.0001
14000000.103778962,0.00014547222539806873,66.55535272872777,6.8391008163398635e-09,5.733368696980614e+16,0.0001
0.10481674515154274,0.0,1.0000000000610612,5.5258354915948644e-08,2106516.7834556727,0.001
0.10504146756341784,0.0,1.0000000000720715,5.5258354915948644e-08,2106516.7834556727,0.001
0.10531485124973836,0.0,1.000000000086732,5.5258354915948644e-08,2106516.7834556727,0.001
0.10564743329761944,0.0,1.0000000001064553,5.5258354915948644e-08,2106516.7834556727,0.001
0.1060520324895518,0.0,1.0000000001332698,5.5258354915948644e-08,2106516.7834556727,0.001
0.10654424338053428,0.0,1.000000000170112,5.5258354915948644e-08,2106516.7834556727,0.001
0.10714303736241218,0.0,1.000000000221264,5.5258354915948644e-08,2106516.7834556727,0.001
0.10787149388237563,0.0,1.0000000002930172,5.5258354915948644e-08,2106516.7834556727,0.001
0.1087576899991319,0.0,1.0000000003946845,5.5258354915948644e-08,2106516.7834556727,0.001
0.10983578256311,0.0,1.0000000005401481,5.5258354915948644e-08,2106516.7834556727,0.001
0.11114732473140466,0.0,1.000000000750266,5.5258354915948644e-08,2106516.7834556727,0.001
0.11274286756018352,0.0,1.0000000010566252,5.5258354915948644e-08,2106516.7834556727,0.001
0.11468390840508276,0.0,1.000000001507471,5.5258354915948644e-08,2106516.7834556727,0.001
0.1170452612272133,0.0,1.0000000021771818,5.5258354915948644e-08,2106516.7834556727,0.001
0.11991794016399962,0.0,1.000000003181581,5.5258354915948644e-08,2106516.7834556727,0.001
0.12341266750695129,0.0,1.0000000047030337,5.5258354915948644e-08,2106516.7834556727,0.001
0.1276641412951209,0.0,1.000000007032143,5.5258354915948644e-08,2106516.7834556727,0.001
0.13283622701103465,0.0,1.0000000106380862,5.5258354915948644e-08,2106516.7834556727,0.001
0.13912827348376514,0.0,1.000000016289098,5.5258354915948644e-08,2106516.7834556727,0.001
0.14678279643437833,0.0,1.0000000252621808,5.5258354915948644e-08,2106516.7834556727,0.001
0.15609482581232365,0.0,1.0000000397140973,5.5258354915948644e-08,2106516.7834556727,0.001
0.16742327719919567,0.0,1.000000063348476,5.5258354915948644e-08,2106516.7834556727,0.001
0.1812047855703643,0.0,1.000000102634943,5.5258354915948644e-08,2106516.7834556727,0.001
0.1979705346121699,0.0,1.000000169072666,5.5258354915948644e-08,2106516.7834556727,0.001
0.2183667302507298,0.0,1.0000002834576573,5.5258354915948644e-08,2106516.7834556727,0.001
0.24317950750804748,0.0,1.0000004840445287,5.5258354915948644e-08,2106516.7834556727,0.001
0.2733652306758181,0.0,1.0000008423661932,5.5258354915948644e-08,2106516.7834556727,0.001
0.31008735467314563,0.0,1.000001494263851,5.5258354915948644e-08,2106516.7834556727,0.001
0.3547612683435296,0.0,1.0000027013709842,5.5258354915948644e-08,2106516.7834556727,0.001
0.4091088480961105,0.0,1.0000049739077457,5.5258354915948644e-08,2106516.7834556727,0.001
0.4752248245640785,0.0,1.0000093171855962,5.5258354915948644e-08,2106516.7834556727,0.001
0.555657520264852,133.3498129181859,1.0000420363552027,4.875568625886109,4213401632571989.0,0.001
0.6535070701512952,119.3131413562278,1.0000608037317846,4.863973222669686,6017319349437504.0,0.001
0.772544910790116,106.56167930445781,1.000085809617079,4.257586493743517,7706729004318460.0,0.001
0.9173591436649524,95.86080735986631,1.0001244315654598,4.010284043321211,1.0664170735015372e+16,0.001
1.0935313753736668,87.01685837135749,1.000184843101423,4.111023545743398,1.6053114289725042e+16,0.001
1.307851850710189,79.71427285513153,1.0002794015394456,4.541149708523692,2.5941490822103756e+16,0.001
1.5685811705522632,73.55836588125251,1.000426280668588,5.3067335387002394,4.405735470504032e+16,0.001
1.8857686820047714,68.11794379989496,1.0006510942523257,6.421795880663881,7.680827989715477e+16,0.001
2.2716398125794766,62.99763170940176,1.0009883805269466,7.882438746310114,1.344573849219766e+17,0.001
2.741067277517025,57.91887284704627,1.0014829447704934,9.643594396864914,2.3214769033247635e+17,0.001
3.3121443220979336,52.76627514236409,1.0021911183374967,11.60962762656263,3.904505562383129e+17,0.001
4.006882093546069,47.5751368494497,1.003181991953216,13.643242786213044,6.353043079958042e+17,0.001
4.852058021482255,42.47538832580389,1.0045397335664026,15.593651087672391,9.977846006048495e+17,0.001
5.8802479062409825,37.61984252864571,1.0063648607193187,17.325570335108008,1.5140039164143355e+18,0.001
7.131081495055615,33.135063912579945,1.0087749280781448,18.737972977929385,2.225184694216476e+18,0.001
8.65276994005919,29.099742939581933,1.0119040520344247,19.771465620259537,3.1778267465755356e+18,0.001
10.503964011247923,25.544119232130765,1.015901041350627,20.406194709382223,4.423723381089362e+18,0.001
12.75601468591563,22.460221065625056,1.0209262060385593,20.654390590895247,6.019634809910061e+18,0.001
15.495723244950964,19.814920511461676,1.027147174782402,20.55113834084041,8.026564921751352e+18,0.001
18.828686873559807,17.557154170870504,1.0347342563686919,20.145934829282176,1.0508706384217197e+19,0.001
22.88336871663182,15.643976314776133,1.0438558501114996,19.494121143032554,1.353230290098322e+19,0.001
27.81604926178361,14.020097253750176,1.0546746419170776,18.652366241116585,1.7164388086364856e+19,0.001
33.816849892317194,12.638533198975567,1.0673447722777893,17.67428002713453,2.1471840279930016e+19,0.001
41.11706077720917,11.457894277776996,1.082010259818783,16.607830772449493,2.6520672720174576e+19,0.001
49.998055538595985,10.44286512252971,1.0988046298628849,15.493983756520267,3.237564659930127e+19,0.001
60.80213629672967,9.56400323900293,1.1178515618661558,14.366275612261417,3.9100190894264205e+19,0.001
73.94572709534054,8.797168635439377,1.139266284374881,13.251050203680903,4.675657678239166e+19,0.001
89.9354242244807,8.122796072650155,1.163157427138792,12.168113286216673,5.540627691072805e+19,0.001
109.38752207194662,7.525142816796473,1.189629072209449,11.131608323210417,6.511043875932677e+19,0.001
133.0517670924362,6.991587524127117,1.2187828040511317,10.150966217172531,7.593041055982038e+19,0.001
161.84025544885824,6.514277382737818,1.2507197585469554,9.231731379178308,8.792814438065027e+19,0.001
196.86258813389756,6.080375120448736,1.2855418701725705,8.376734142522832,1.0116714789570978e+20,0.001
239.4686385633547,5.685801363829183,1.3233538620294434,7.586429171484644,1.1571239571179912e+20,0.001
291.3005810419571,5.325411120239293,1.3642642584252422,6.859655264920444,1.3163097198948311e+20,0.001
354.35618544615545,4.994511009911012,1.4083863968817625,6.1941298067791095,1.4899244748498728e+20,0.001
431.0658177046827,4.689741730887798,1.4558392719297675,5.586816782452951,1.6786913140659906e+20,0.001
524.3861139232173,4.408069886725351,1.5067482358669482,5.034226362900651,1.883363580654846e+20,0.001
637.9139386553835,3.2649191254982477,1.638073357170801,2.7378106882936417,1.5326215474210426e+20,0.001
776.0250196386177,2.387783559189866,1.7943146755339754,1.4440749510501871,1.1989585012884863e+20,0.001
944.0426024237923,1.7960808226752785,1.9608627089725785,0.805966036860078,9.56768390711266e+19,0.001
1148.4426253908093,1.379282213478582,2.138373729235348,0.4691358268423494,7.750199928871584e+19,0.001
1397.1033232556083,1.07610440949901,2.3277410825876523,0.2819843591258114,6.350898953457998e+19,0.001
1699.6088795910182,0.8500076020112425,2.530009010046119,0.1737943180434207,5.2517356054784295e+19,0.001
2067.6188321069185,0.6780430784082357,2.746334368515283,0.10926816335376845,4.3744608669515145e+19,0.001
2515.317468758056,0.5451911282194426,2.977832982705147,0.06981654021538082,3.6653527657729667e+19,0.001
3059.9605358518047,0.4413599555480586,3.2247011888896115,0.04522250801900047,3.0867223705550983e+19,0.001
3722.540330045902,0.3592821082052479,3.4881636543627317,0.02961872304657522,2.6101308756924723e+19,0.001
4528.594809022175,0.29378221204650845,3.7697937110086164,0.019573779699876524,2.2144788005844468e+19,0.001
5509.191906565684,0.24110845849372628,4.071230056693832,0.013030721703753445,1.8839213568808096e+19,0.001
6702.126990720279,0.19848227602891996,4.39419112373712,0.008727489040152654,1.6063109553659132e+19,0.001
8153.379618911788,0.1638081138383929,4.740487982492558,0.005874810868860489,1.3721703647122635e+19,0.001
9918.885738069346,0.13548117611524282,5.1120363120574535,0.003971246337740058,1.1739954871282176e+19,0.001
12066.693636041677,0.11225651571927717,5.5108677851634695,0.0026940212388693735,1.0057694899720452e+19,0.001
14679.586741613912,0.09315773092115538,5.939141087364015,0.0018330867333780094,8.626163056448768e+18,0.001
17858.274364278914,0.0774119099363979,6.3991526988874305,0.0012504953370828086,7.405483474806587e+18,0.001
21725.273355143087,0.06440238966986775,6.893347496421754,0.0008549520960523991,6.362793606975055e+18,0.001
26429.630300670036,0.053633866411389106,7.424329172072969,0.0005856438620893805,5.47083229595851e+18,0.001
32152.666257806806,0.04470623879751673,7.9948704112291304,0.00040183880996038724,4.706858193171202e+18,0.001
39114.96545107346,0.03729473387039372,8.607922715286637,0.00027612770164513986,4.051809748834911e+18,0.001
47584.87729849305,0.031134627101996177,9.266625695427507,0.0001899928120458477,3.4896446842543514e+18,0.001
57888.859461804976,0.026009370736589654,9.974315596773897,0.0001308808970544307,3.0068147885709204e+18,0.001
70424.06057540259,0.02174128454627169,10.734532735567873,9.025716887372593e-05,2.591844144167559e+18,0.001
85673.62763286679,0.018184196304776152,11.551027443093249,6.230431572010846e-05,2.2349874024332457e+18,0.001
104225.32802703422,0.015217581946881668,12.427764006730444,4.304861701367165e-05,1.9279507367303926e+18,0.001
126794.2039969587,0.012741870549030284,13.36892197910104,2.9770543973846763e-05,1.663662392839001e+18,0.001
154250.1326570593,0.010674661965307244,14.378894089678854,2.06058342383735e-05,1.4360828678150164e+18,0.001
187651.3538606817,0.00894766512881146,15.462279839562814,1.4274665193182166e-05,1.2400470306847939e+18,0.001
228285.2581698274,0.007504209365342577,16.623873691025008,9.897308896442782e-06,1.0711321936686339e+18,0.001
277718.00703069277,0.006297214118071939,17.86864658310918,6.8683667080941275e-06,9.255474165235572e+17,0.001
337854.8976762542,0.0052875273923339095,19.201719320546644,4.770798363916428e-06,8.000402946236961e+17,0.001
411013.79941354826,0.004442562196791974,20.62832620784227,3.317052001406035e-06,6.918182249135665e+17,0.001
500014.491766469,0.003735174836246866,22.15376715186546,2.3086908063411628e-06,5.984817208050586e+17,0.001
608287.3478536634,0.003142740215551472,23.783346360421806,1.6086677598802589e-06,5.1796779911910714e+17,0.001
740005.5520086625,0.0026463881493734307,25.52229575542915,1.1222636205565305e-06,4.485018195856962e+17,0.001
900245.9477348682,0.0022303716285627514,27.375681340909985,7.839673968617425e-07,3.885564424368609e+17,0.001
1095184.7155932172,0.0018815435065812317,29.348291069702558,5.484382764586295e-07,3.3681659872322496e+17,0.001
1332335.4230781368,0.0015889224643295212,31.444503295531394,3.8427399613090204e-07,2.921495534665698e+17,0.001
1620838.621690028,0.0013433326341118887,33.66813573505783,2.697108950110469e-07,2.5357929291605162e+17,0.001
1971814.153207636,0.0011371041000053429,36.02227604330468,1.896547563123427e-07,2.2026459106926998e+17,0.001
2398789.744177692,0.0009638237856865975,38.50909664614685,1.336292129442538e-07,1.914802126724953e+17,0.001
2918222.4080330245,0.0008181281025088304,41.129658353599424,9.435727208780419e-08,1.666007943217402e+17,0.001
3550132.751354643,0.0006955302465870553,43.883709414065265,6.67799887792779e-08,1.4508701532661686e+17,0.001
4318876.632482735,0.0005922762716020271,46.769488901782395,4.737716775669887e-08,1.2647372826518157e+17,0.001
5254083.914682769,0.0005052250775832978,49.78354541299758,3.3696861810816266e-08,1.1035976773488957e+17,0.001
6391800.4964349065,0.00043174828781856924,52.92058366361803,2.4029295896752813e-08,9.639919640233005e+16,0.001
7775877.636369941,0.0003696466705593609,56.173352376219576,1.718074625340104e-08,8.429378150803629e+16,0.001
9459662.121905362,0.0003170803270351173,59.53258648132732,1.2316634461654201e-08,7.378652372168645e+16,0.001
11508052.426121343,0.00027251033485893567,62.987014897828324,8.85257625617788e-09,6.4656084729316136e+16,0.001
14000000.103778962,0.00023464992433321142,66.52344193696501,6.378673732396913e-09,5.671198107425033e+16,0.001
0.10481674515154274,0.0,1.000000000031697,1.7393485363737505e-08,669119.0391561799,0.01
0.10504146756341784,0.0,1.0000000000339835,1.7393485363737505e-08,669119.0391561799,0.01
0.10531485124973836,0.0,1.0000000000368794,1.7393485363737505e-08,669119.0391561799,0.01
0.10564743329761944,0.0,1.0000000000405727,1.7393485363737505e-08,669119.0391561799,0.01
0.1060520324895518,0.0,1.0000000000453204,1.7393485363737505e-08,669119.0391561799,0.01
0.10654424338053428,0.0,1.000000000051477,1.7393485363737505e-08,669119.0391561799,0.01
0.10714303736241218,0.0,1.000000000059538,1.7393485363737505e-08,669119.0391561799,0.01
0.10787149388237563,0.0,1.0000000000702027,1.7393485363737505e-08,669119.0391561799,0.01
0.1087576899991319,0.0,1.0000000000844722,1.7393485363737505e-08,669119.0391561799,0.01
0.10983578256311,0.0,1.000000000103793,1.7393485363737505e-08,669119.0391561799,0.01
0.11114732473140466,0.0,1.0000000001302798,1.7393485363737505e-08,669119.0391561799,0.01
0.11274286756018352,0.0,1.0000000001670626,1.7393485363737505e-08,669119.0391561799,0.01
0.11468390840508276,0.0,1.0000000002188265,1.7393485363737505e-08,669119.0391561799,0.01
0.1170452612272133,0.0,1.0000000002926714,1.7393485363737505e-08,669119.0391561799,0.01
0.11991794016399962,0.0,1.000000000399493,1.7393485363737505e-08,669119.0391561799,0.01
0.12341266750695129,0.0,1.000000000556234,1.7393485363737505e-08,669119.0391561799,0.01
0.1276641412951209,0.0,1.0000000007896133,1.7393485363737505e-08,669119.0391561799,0.01
0.13283622701103465,0.0,1.0000000011423902,1.7393485363737505e-08,669119.0391561799,0.01
0.13912827348376514,0.0,1.0000000016840664,1.7393485363737505e-08,669119.0391561799,0.01
0.14678279643437833,0.0,1.0000000025294735,1.7393485363737505e-08,669119.0391561799,0.01
0.15609482581232365,0.0,1.0000000038715966,1.7393485363737505e-08,669119.0391561799,0.01
0.16742327719919567,0.0,1.0000000060405307,1.7393485363737505e-08,669119.0391561799,0.01
0.1812047855703643,0.0,1.000000009611168,1.7393485363737505e-08,669119.0391561799,0.01
0.1979705346121699,0.0,1.000000015603166,1.7393485363737505e-08,669119.0391561799,0.01
0.2183667302507298,0.0,1.0000000258582797,1.7393485363737505e-08,669119.0391561799,0.01
0.24317950750804748,0.0,1.0000000437633931,1.7393485363737505e-08,669119.0391561799,0.01
0.2733652306758181,0.0,1.0000000756562024,1.7393485363737505e-08,669119.0391561799,0.01
0.31008735467314563,0.0,1.0000001335950524,1.7393485363737505e-08,669119.0391561799,0.01
0.3547612683435296,0.0,1.0000002408838178,1.7393485363737505e-08,669119.0391561799,0.01
0.4091088480961105,0.0,1.0000004432116065,1.7393485363737505e-08,669119.0391561799,0.01
0.4752248245640785,0.0,1.0000008313201931,1.7393485363737505e-08,669119.0391561799,0.01
0.555657520264852,0.0,1.0000015874664823,1.7393485363737505e-08,669119.0391561799,0.01
0.6535070701512952,0.0,1.0000030811492056,1.7393485363737505e-08,669119.0391561799,0.01
0.772544910790116,0.0,1.0000060668364499,1.7393485363737505e-08,669119.0391561799,0.01
0.9173591436649524,0.0,1.0000120920991253,1.7393485363737505e-08,669119.0391561799,0.01
1.0935313753736668,0.0,1.0000243359686427,1.7393485363737505e-08,669119.0391561799,0.01
1.307851850710189,0.0,1.0000493132013522,1.7393485363737505e-08,669119.0391561799,0.01
1.5685811705522632,0.0,1.0001002770008653,1.7393485363737505e-08,669119.0391561799,0.01
1.8857686820047714,124.21572339839676,1.000394495171011,3.410578475621858,3.48616943879442e+16,0.01
2.2716398125794766,109.49169775905855,1.0005883708746488,3.244890403754922,4.987018989432195e+16,0.01
2.741067277517025,96.92119034465058,1.000860972819829,2.9511571780110897,6.861352958701881e+16,0.01
3.3121443220979336,86.67942853790753,1.0012769243861994,2.884786400774353,1.0094474294511472e+17,0.01
4.006882093546069,78.37222370880619,1.0019111389447861,3.0367206027214535,1.585192728595661e+17,0.01
4.852058021482255,71.5526913052159,1.0028632788222207,3.3834512771668295,2.6048152351080074e+17,0.01
5.8802479062409825,65.78104923246595,1.0042588211967645,3.9041060004645964,4.37407751034968e+17,0.01
7.131081495055615,60.67277143266705,1.0062451668041608,4.570548743966792,7.344766488402223e+17,0.01
8.65276994005919,55.94258012458777,1.0089843336723527,5.339233910914679,1.2124280977117138e+18,0.01
10.503964011247923,51.42510790302839,1.012644982464817,6.151277798897048,1.9452469210402058e+18,0.01
12.75601468591563,47.062386259252605,1.01739621470148,6.9406577030992205,3.015065033706595e+18,0.01
15.495723244950964,42.86813739104636,1.0234038945331745,7.645964937750449,4.5061860867546086e+18,0.01
18.828686873559807,38.885318684777594,1.0308288045737404,8.220321389112595,6.500222904075168e+18,0.01
22.88336871663182,35.16778450769505,1.0398253924853404,8.635723077269773,9.073468042834952e+18,0.01
27.81604926178361,31.74690400671482,1.0505409328249362,8.883009316980111,1.2296053083042984e+19,0.01
33.816849892317194,28.63875954947976,1.0631147054496237,8.96823408475938,1.623257069446145e+19,0.01
41.11706077720917,25.842654207638635,1.0776775878328895,8.907859005653254,2.0943225039706444e+19,0.01
49.998055538595985,23.34535171318788,1.094352195758141,8.724160567101832,2.6485100395267146e+19,0.01
60.80213629672967,21.125651377549044,1.1132536007399545,8.44155205125466,3.2913322460607107e+19,0.01
73.94572709534054,19.158239290897622,1.1344905268931111,8.083998516756392,4.028204291727207e+19,0.01
89.9354242244807,17.416511577573463,1.1581668667845617,7.673418558691366,4.86452521131579e+19,0.01
109.38752207194662,15.874435861411765,1.1843833469141958,7.228856329007523,5.805744818993751e+19,0.01
133.0517670924362,14.507651990650112,1.2132392010553075,6.766196088341255,6.8574192225945e+19,0.01
161.84025544885824,13.295061233649074,1.244833764594324,6.29816737682898,8.02525118383289e+19,0.01
196.86258813389756,12.214815070892577,1.2792678355804292,5.834797514343776,9.315148962507838e+19,0.01
239.4686385633547,11.250724588966479,1.3166450120927427,5.383560559280436,1.0733237161026608e+20,0.01
291.3005810419571,10.387813473475394,1.3570727078719067,4.9498435073907885,1.228589328546928e+20,0.01
354.35618544615545,9.612902620406171,1.4006630621205178,4.537328686951039,1.39797731703547e+20,0.01
431.0658177046827,8.91488359110105,1.4475336878262408,4.148327114692606,1.58218292481791e+20,0.01
524.3861139232173,8.284094791664042,1.4978083280507954,3.7840797582733336,1.7819329969386393e+20,0.01
637.9139386553835,5.9909813041483355,1.6339610335041006,1.9083973445432838,1.3773474994211244e+20,0.01
776.0250196386177,4.446788874402684,1.7844723635988233,1.0138395588482,1.079456678575938e+20,0.01
944.0426024237923,3.3820108327479494,1.9468708624567401,0.5670911970281798,8.615400759929867e+19,0.01
1148.4426253908093,2.6209680693856123,2.1212785584737563,0.3300807594568224,6.9749541044149084e+19,0.01
1397.1033232556083,2.061290246149132,2.3082286835038874,0.19821080304754016,5.71102156996099e+19,0.01
1699.6088795910182,1.6401772022441539,2.508520659822613,0.12200822619366916,4.718635317250545e+19,0.01
2067.6188321069185,1.3174122379359519,2.7231416872164296,0.07661289390509823,3.92736725064843e+19,0.01
2515.317468758056,1.0662743320672965,2.953202010640062,0.04889432455921727,3.288455876038583e+19,0.01
3059.9605358518047,0.8687142851230092,3.1989339776138164,0.031638036469358366,2.767673184842883e+19,0.01
3722.540330045902,0.7116353606908559,3.46121786899598,0.020706878920956476,2.3393168523982033e+19,0.01
4528.594809022175,0.5855489809350516,3.7415840617971665,0.013678414077651295,1.984112205725799e+19,0.01
5509.191906565684,0.483554121056025,4.0416384248164166,0.009104214658905537,1.6876187170795473e+19,0.01
6702.126990720279,0.40052366290104446,4.363073178746971,0.006097600806743335,1.4387935403686904e+19,0.01
8153.379618911788,0.3325781219339244,4.707677528381247,0.004105124454256731,1.2290433175333233e+19,0.01
9918.885738069346,0.27673616175447396,5.077348116176688,0.002775719433769293,1.051580382588041e+19,0.01
12066.693636041677,0.23067625591215402,5.474099365200564,0.0018836835366926948,9.009745593134481e+18,0.01
14679.586741613912,0.1925702651437767,5.900073765393604,0.0012822718452254226,7.728340520593527e+18,0.01
17858.274364278914,0.160964754332164,6.357552130082983,0.0008751710573095534,6.635736063538054e+18,0.01
21725.273355143087,0.13469474039509394,6.84896381692298,0.0005986638418751287,5.702429578677805e+18,0.01
26429.630300670036,0.11281993712484575,7.3768968708734555,0.00041031366086128685,4.903977608645235e+18,0.01
32152.666257806806,0.09457690635074484,7.944108006152284,0.0002816964102384152,4.220009958026237e+18,0.01
39114.96545107346,0.07934265357352718,8.553532298070047,0.00019368161860359526,3.6334661552817085e+18,0.01
47584.87729849305,0.06660659068092145,9.208292402591958,0.000133340869582883,3.129996719255376e+18,0.01
57888.859461804976,0.05594870637663441,9.911707059483602,9.190647581509862e-05,2.6974883391137224e+18,0.01
70424.06057540259,0.047022404670067436,10.66729856199511,6.341459527724613e-05,2.325683486200319e+18,0.01
85673.62763286679,0.039540897120977476,11.478798790233903,4.379812822655181e-05,2.0058728973096904e+18,0.01
104225.32802703422,0.033266331042753644,12.350153304794121,3.0277318885653213e-05,1.730644947793672e+18,0.01
126794.2039969587,0.028001045605771255,13.285522880284105,2.0948628913479573e-05,1.493679915939225e+18,0.01
154250.1326570593,0.02358049820289013,14.289281724133788,1.450636705621755e-05,1.289580020601469e+18,0.01
187651.3538606817,0.01986751273805393,15.366011474484326,1.0053618001880815e-05,1.1137282231124141e+18,0.01
228285.2581698274,0.01674758190895795,16.52048990364209,6.9734778230033356e-06,9.621703470167864e+17,0.01
277718.00703069277,0.014125015411103883,17.75767307444546,4.841156209485059e-06,8.315162400797759e+17,0.01
337854.8976762542,0.01191977104523975,19.082669513200823,3.363854257966359e-06,7.188565901107689e+17,0.01
411013.79941354826,0.010064839980696232,20.500704786398934,2.3395686746145102e-06,6.216926853743173e+17,0.01
500014.491766469,0.008504083752233165,22.017074716928228,1.6288212275263058e-06,5.378769357278943e+17,0.01
608287.3478536634,0.007190440975993281,23.637085373991454,1.1352321798334939e-06,4.655623809456764e+17,0.01
740005.5520086625,0.0060844377260025565,25.36597795292587,7.921553110370579e-07,4.031597361185855e+17,0.01
900245.9477348682,0.005152948085571536,27.208836769215893,5.534735986484321e-07,3.493007811861327e+17,0.01
1095184.7155932172,0.004368161366290158,29.170478876117823,3.872544405246087e-07,3.02807107798386e+17,0.01
1332335.4230781368,0.003706720458068942,31.255324334082257,2.7137240674177906e-07,2.6266340319272022e+17,0.01
1620838.621690028,0.00314900217812037,33.46724696907404,1.9048711893845915e-07,2.2799458614864765e+17,0.01
1971814.153207636,0.0026785156596448342,35.809406602887734,1.3395529717145498e-07,1.9804622083792317e+17,0.01
2398789.744177692,0.0022813990184946025,38.284065245204324,9.438729454019355e-08,1.7216772547369978e+17,0.01
2918222.4080330245,0.001945997956004724,40.89239158722512,6.66485870839187e-08,1.4979796790427363e+17,0.01
3550132.751354643,0.001662512752452221,43.63426025321935,4.7168662627525916e-08,1.3045290267034645e+17,0.01
4318876.632482735,0.0014227023990701427,46.508054496071395,3.3462405681307205e-08,1.1371495589461157e+17,0.01
5254083.914682769,0.001219636502860878,49.510483129174204,2.37984578781529e-08,9.92239075759836e+16,0.01
6391800.4964349065,0.0010474871540029221,52.63642415851005,1.696929058099678e-08,8.666905695116958e+16,0.01
7775877.636369941,0.0009013542319289657,55.87880846143409,1.2131702507729154e-08,7.578248684561627e+16,0.01
9459662.121905362,0.0007771186930478676,59.22855661232169,8.696104349538208e-09,6.633326845909064e+16,0.01
11508052.426121343,0.0006713192712129152,62.67458032916625,6.2496180743873156e-09,5.812246976315248e+16,0.01
14000000.103778962,0.000581048764473297,66.2038569275698,4.502625873253208e-09,5.097884943633845e+16,0.01
0.10481674515154274,0.0,1.000000000024489,5.270232456362044e-09,220819.4627182927,0.1
0.10504146756341784,0.0,1.0000000000249971,5.270232456362044e-09,220819.4627182927,0.1
0.10531485124973836,0.0,1.0000000000256237,5.270232456362044e-09,220819.4627182927,0.1
0.10564743329761944,0.0,1.0000000000263989,5.270232456362044e-09,220819.4627182927,0.1
0.1060520324895518,0.0,1.0000000000273608,5.270232456362044e-09,220819.4627182927,0.1
0.10654424338053428,0.0,1.0000000000285594,5.270232456362044e-09,220819.4627182927,0.1
0.10714303736241218,0.0,1.0000000000300597,5.270232456362044e-09,220819.4627182927,0.1
0.10787149388237563,0.0,1.0000000000319487,5.270232456362044e-09,220819.4627182927,0.1
0.1087576899991319,0.0,1.0000000000343423,5.270232456362044e-09,220819.4627182927,0.1
0.10983578256311,0.0,1.000000000037399,5.270232456362044e-09,220819.4627182927,0.1
0.11114732473140466,0.0,1.0000000000413367,5.270232456362044e-09,220819.4627182927,0.1
0.11274286756018352,0.0,1.0000000000464613,5.270232456362044e-09,220819.4627182927,0.1
0.11468390840508276,0.0,1.0000000000532077,5.270232456362044e-09,220819.4627182927,0.1
0.1170452612272133,0.0,1.0000000000622051,5.270232456362044e-09,220819.4627182927,0.1
0.11991794016399962,0.0,1.000000000074378,5.270232456362044e-09,220819.4627182927,0.1
0.12341266750695129,0.0,1.0000000000911118,5.270232456362044e-09,220819.4627182927,0.1
0.1276641412951209,0.0,1.0000000001145184,5.270232456362044e-09,220819.4627182927,0.1
0.13283622701103465,0.0,1.000000000147878,5.270232456362044e-09,220819.4627182927,0.1
0.13912827348376514,0.0,1.0000000001963858,5.270232456362044e-09,220819.4627182927,0.1
0.14678279643437833,0.0,1.0000000002684328,5.270232456362044e-09,220819.4627182927,0.1
0.15609482581232365,0.0,1.0000000003778493,5.270232456362044e-09,220819.4627182927,0.1
0.16742327719919567,0.0,1.000000000547902,5.270232456362044e-09,220819.4627182927,0.1
0.1812047855703643,0.0,1.0000000008185488,5.270232456362044e-09,220819.4627182927,0.1
0.1979705346121699,0.0,1.0000000012598418,5.270232456362044e-09,220819.4627182927,0.1
0.2183667302507298,0.0,1.0000000019971174,5.270232456362044e-09,220819.4627182927,0.1
0.24317950750804748,0.0,1.0000000032591263,5.270232456362044e-09,220819.4627182927,0.1
0.2733652306758181,0.0,1.0000000054714422,5.270232456362044e-09,220819.4627182927,0.1
0.31008735467314563,0.0,1.0000000094403885,5.270232456362044e-09,220819.4627182927,0.1
0.3547612683435296,0.0,1.0000000167200807,5.270232456362044e-09,220819.4627182927,0.1
0.4091088480961105,0.0,1.0000000303537828,5.270232456362044e-09,220819.4627182927,0.1
0.4752248245640785,0.0,1.0000000563874871,5.270232456362044e-09,220819.4627182927,0.1
0.555657520264852,0.0,1.0000001069891145,5.270232456362044e-09,220819.4627182927,0.1
0.6535070701512952,0.0,1.0000002069276168,5.270232456362044e-09,220819.4627182927,0.1
0.772544910790116,0.0,1.0000004071175725,5.270232456362044e-09,220819.4627182927,0.1
0.9173591436649524,0.0,1.0000008130702982,5.270232456362044e-09,220819.4627182927,0.1
1.0935313753736668,0.0,1.0000016448369462,5.270232456362044e-09,220819.4627182927,0.1
1.307851850710189,0.0,1.0000033634189982,5.270232456362044e-09,220819.4627182927,0.1
1.5685811705522632,0.0,1.0000069369149749,5.270232456362044e-09,220819.4627182927,0.1
1.8857686820047714,0.0,1.000014398118231,5.270232456362044e-09,220819.4627182927,0.1
2.2716398125794766,0.0,1.0000300018577348,5.270232456362044e-09,220819.4627182927,0.1
2.741067277517025,0.0,1.0000625890338461,5.270232456362044e-09,220819.4627182927,0.1
3.3121443220979336,0.0,1.0001302940374026,5.270232456362044e-09,220819.4627182927,0.1
4.006882093546069,0.0,1.0002695908082824,5.270232456362044e-09,220819.4627182927,0.1
4.852058021482255,0.0,1.0005517269378588,5.270232456362044e-09,220819.4627182927,0.1
5.8802479062409825,115.07067606089186,1.001889074355733,1.0528947216416467,1.1649439663315331e+17,0.1
7.131081495055615,101.31204635097032,1.0030175732901307,1.1474437574409135,1.902936781137298e+17,0.1
8.65276994005919,89.01632711927584,1.004345784152445,1.0604631529023698,2.647658874382936e+17,0.1
10.503964011247923,78.80832107816896,1.0062086327865145,1.0084723585032118,3.7686897331245734e+17,0.1
12.75601468591563,70.39717625446565,1.0088350576610683,1.005704343528549,5.572200628506125e+17,0.1
15.495723244950964,63.444008497643175,1.0124681254880037,1.0435386747249273,8.470611177468613e+17,0.1
18.828686873559807,57.63229299049641,1.0173589229692472,1.1110233372332725,1.3033294748729183e+18,0.1
22.88336871663182,52.69100459659394,1.0237473448113394,1.1974180634213056,2.0003595785656343e+18,0.1
27.81604926178361,48.404183694955904,1.031844794593194,1.292410529907421,3.0283242609201956e+18,0.1
33.816849892317194,44.61134327631419,1.0418254173458688,1.3864906076419958,4.488653365874282e+18,0.1
41.11706077720917,41.20060351815229,1.0538268606667387,1.471583981858631,6.487681199930062e+18,0.1
49.998055538595985,38.0977930200275,1.067957467403292,1.5416104603711347,9.130306000160879e+18,0.1
60.80213629672967,35.25500845872614,1.084305675538076,1.5927256340365912,1.2515128192562717e+19,0.1
73.94572709534054,32.64097664364255,1.1029485550048383,1.623209281483147,1.6731716618373542e+19,0.1
89.9354242244807,30.23407828883526,1.123958174262214,1.6331036963306549,2.185987867895955e+19,0.1
109.38752207194662,28.017862685261772,1.1474057632025148,1.6237434583191062,2.797038480637388e+19,0.1
133.0517670924362,25.979974103765542,1.1733639338634718,1.597279221109603,3.512656033248787e+19,0.1
161.84025544885824,24.104537225521984,1.2019088918138559,1.5563159776779616,4.338595378032494e+19,0.1
196.86258813389756,22.381240977576184,1.2331204860708895,1.5035851834070044,5.2802461201649254e+19,0.1
239.4686385633547,20.79858048286381,1.2670829775879522,1.441743195037411,6.3427832805912625e+19,0.1
291.3005810419571,19.345150457226605,1.303885531405321,1.3732443353867256,7.531305585673791e+19,0.1
354.35618544615545,18.010388489881908,1.34362252944825,1.3002695313033361,8.850948916549699e+19,0.1
431.0658177046827,16.56785607955869,1.3884229110306492,1.1840356160611958,1.0081110477383742e+20,0.1
524.3861139232173,12.14886274973749,1.4819067519882672,0.5961568281392238,7.71914427046178e+19,0.1
637.9139386553835,9.036182699383922,1.5946519336968157,0.31170909361997734,5.988808059343577e+19,0.1
776.0250196386177,6.83353368155252,1.7248875075687353,0.16951118958581163,4.713193100680572e+19,0.1
944.0426024237923,5.249216560965316,1.87108976219055,0.09564563179535657,3.7605450624915145e+19,0.1
1148.4426253908093,4.089682203052118,2.032284589535991,0.055761290169521645,3.0377079399742763e+19,0.1
1397.1033232556083,3.2258247011220758,2.2080588712434275,0.03343529326821552,2.480222742162487e+19,0.1
1699.6088795910182,2.571381917758905,2.3984686709993355,0.020530564266004796,2.043590733886432e+19,0.1
2067.6188321069185,2.0680489149955132,2.6039369405881114,0.012860743781071158,1.6968263094858662e+19,0.1
2515.317468758056,1.6757636607021933,2.8251712255939636,0.00819210138756693,1.4180437962234737e+19,0.1
3059.9605358518047,1.3664887834544863,3.0631053525082463,0.005291930979309246,1.1915248515562359e+19,0.1
3722.540330045902,1.1204651413289606,3.3181469069924514,0.0034601444090927576,1.005917770703356e+19,0.1
4528.594809022175,0.9231956770184235,3.590621589532945,0.002286128364994104,8.526797881329037e+18,0.1
5509.191906565684,0.7636723381557493,3.881998673203157,0.001523353994483379,7.251870030110832e+18,0.1
6702.126990720279,0.633770230848748,4.193867423367413,0.0010221863849158327,6.184375270659951e+18,0.1
8153.379618911788,0.5273782531342478,4.5279258784240985,0.0006898511222105467,5.285860999499841e+18,0.1
9918.885738069346,0.4398247225253325,4.885986165805486,0.000467785087233866,4.526285086514989e+18,0.1
12066.693636041677,0.36748777887020045,5.269981360467926,0.0003184591156232276,3.881843210223626e+18,0.1
14679.586741613912,0.30752514803949804,5.681973351524774,0.000217516555218566,3.333440764164722e+18,0.1
17858.274364278914,0.25768284058257773,6.124161387583219,0.00014898036112648419,2.865596839636823e+18,0.1
21725.273355143087,0.2161571861866276,6.598891077186479,0.00010227570923274232,2.4656437978545756e+18,0.1
26429.630300670036,0.18149362741651973,7.108663669437807,7.035026275768992e-05,2.1231328873422072e+18,0.1
32152.666257806806,0.152511316051926,7.656145453458984,4.847076907286257e-05,1.829386006355677e+18,0.1
39114.96545107346,0.12824613133336102,8.244177105344649,3.344334666171596e-05,1.5771528166949985e+18,0.1
47584.87729849305,0.10790706010259263,8.875782783503917,2.310305968768483e-05,1.3603449636364534e+18,0.1
57888.859461804976,0.09084241244453517,9.554178730302617,1.597681262121726e-05,1.173827541573323e+18,0.1
70424.06057540259,0.0765133771401114,10.282781080451247,1.1059022918827072e-05,1.01325363772307e+18,0.1
85673.62763286679,0.06447312489643653,11.065212504285288,7.661374631925518e-06,8.749317087024296e+17,0.1
104225.32802703422,0.05435015482191029,11.905307226052354,5.31163264579089e-06,7.557182847799384e+17,0.1
126794.2039969587,0.04583492207974037,12.807113852476531,3.6851768383797168e-06,6.529304354199999e+17,0.1
154250.1326570593,0.038669028424518075,13.774895324325513,2.558490220756871e-06,5.642738183844618e+17,0.1
187651.3538606817,0.03263643304290517,14.813125163187562,1.777453887097757e-06,4.877831408459658e+17,0.1
228285.2581698274,0.027556269318496564,15.926479028049561,1.2356726737574626e-06,4.217725981807081e+17,0.1
277718.00703069277,0.023276947764287827,17.11982042428028,8.596217327749575e-07,3.647944020920644e+17,0.1
337854.8976762542,0.01967129599216372,18.39817922672259,5.984463100342486e-07,3.1560391833403706e+17,0.1
411013.79941354826,0.016632539872560432,19.766721498090362,4.1694463747662233e-07,2.7313024326433818e+17,0.1
500014.491766469,0.014070970653160392,21.230708918181293,2.907333768072101e-07,2.3645128442327363e+17,0.1
608287.3478536634,0.01191117407013797,22.79544600953137,2.0291252984877886e-07,2.047725923317419e+17,0.1
740005.5520086625,0.010089721776710626,24.466213279885096,1.4176225328843752e-07,1.7740933242656243e+17,0.1
900245.9477348682,0.008553244452542248,26.24818443888016,9.91508252504956e-08,1.5377089744773382e+17,0.1
1095184.7155932172,0.007256821001632139,28.146326032128876,6.94333075097578e-08,1.3334774893876909e+17,0.1
1332335.4230781368,0.006162630223590513,30.165278224200115,4.868913806246508e-08,1.1570014718782482e+17,0.1
1620838.621690028,0.005238820944618421,32.30921610991534,3.4194033888790244e-08,1.0044848591653683e+17,0.1
1971814.153207636,0.004458564339350605,34.58169189382455,2.405399979978659e-08,8.72649943061064e+16,0.1
2398789.744177692,0.0037992584567985693,36.98545958810602,1.6951562225795523e-08,7.586660679377634e+16,0.1
2918222.4080330245,0.003241860084280528,39.52228554576037,1.1969739367403405e-08,6.600883219429322e+16,0.1
3550132.751354643,0.0027703232751058516,42.19275012566797,8.46988469047117e-09,5.748047941764547e+16,0.1
4318876.632482735,0.0023711273101483074,44.99604796800133,6.006882534118693e-09,5.009911838762003e+16,0.1
5254083.914682769,0.002032879702838849,47.92979655124947,4.270251510685486e-09,4.370717251896529e+16,0.1
6391800.4964349065,0.001745982204721636,50.98986463332927,3.043224499397473e-09,3.8168553928412984e+16,0.1
7775877.636369941,0.0015023497153188337,54.17023351456264,2.174306465318386e-09,3.3365764965926596e+16,0.1
9459662.121905362,0.001295173619113307,57.4629044466409,1.557496354609072e-09,2.919740010372841e+16,0.1
11508052.426121343,0.0011187224238755676,60.85786464361162,1.118527089052255e-09,2.5575991095746996e+16,0.1
14000000.103778962,0.0009681737072894615,64.34312204952214,8.052872937186631e-10,2.2426145950187264e+16,0.1
0.10481674515154274,0.0,1.0000000000226204,1.2359628167135946e-09,94157.69138711707,1.0
0.10504146756341784,0.0,1.0000000000227074,1.2359628167135946e-09,94157.69138711707,1.0
0.10531485124973836,0.0,1.0000000000228135,1.2359628167135946e-09,94157.69138711707,1.0
0.10564743329761944,0.0,1.0000000000229436,1.2359628167135946e-09,94157.69138711707,1.0
0.1060520324895518,0.0,1.0000000000231029,1.2359628167135946e-09,94157.69138711707,1.0
0.10654424338053428,0.0,1.000000000023298,1.2359628167135946e-09,94157.69138711707,1.0
0.10714303736241218,0.0,1.0000000000235378,1.2359628167135946e-09,94157.69138711707,1.0
0.10787149388237563,0.0,1.0000000000238332,1.2359628167135946e-09,94157.69138711707,1.0
0.1087576899991319,0.0,1.0000000000241975,1.2359628167135946e-09,94157.69138711707,1.0
0.10983578256311,0.0,1.0000000000246485,1.2359628167135946e-09,94157.69138711707,1.0
0.11114732473140466,0.0,1.000000000025209,1.2359628167135946e-09,94157.69138711707,1.0
0.11274286756018352,0.0,1.0000000000259086,1.2359628167135946e-09,94157.69138711707,1.0
0.11468390840508276,0.0,1.0000000000267861,1.2359628167135946e-09,94157.69138711707,1.0
0.1170452612272133,0.0,1.0000000000278944,1.2359628167135946e-09,94157.69138711707,1.0
0.11991794016399962,0.0,1.0000000000293043,1.2359628167135946e-09,94157.69138711707,1.0
0.12341266750695129,0.0,1.0000000000311144,1.2359628167135946e-09,94157.69138711707,1.0
0.1276641412951209,0.0,1.0000000000334632,1.2359628167135946e-09,94157.69138711707,1.0
0.13283622701103465,0.0,1.0000000000365503,1.2359628167135946e-09,94157.69138711707,1.0
0.13912827348376514,0.0,1.0000000000406672,1.2359628167135946e-09,94157.69138711707,1.0
0.14678279643437833,0.0,1.0000000000462526,1.2359628167135946e-09,94157.69138711707,1.0
0.15609482581232365,0.0,1.0000000000539802,1.2359628167135946e-09,94157.69138711707,1.0
0.16742327719919567,0.0,1.0000000000649132,1.2359628167135946e-09,94157.69138711707,1.0
0.1812047855703643,0.0,1.0000000000807723,1.2359628167135946e-09,94157.69138711707,1.0
0.1979705346121699,0.0,1.0000000001044167,1.2359628167135946e-09,94157.69138711707,1.0
0.2183667302507298,0.0,1.000000000140729,1.2359628167135946e-09,94157.69138711707,1.0
0.24317950750804748,0.0,1.0000000001982658,1.2359628167135946e-09,94157.69138711707,1.0
0.2733652306758181,0.0,1.0000000002924143,1.2359628167135946e-09,94157.69138711707,1.0
0.31008735467314563,0.0,1.0000000004515237,1.2359628167135946e-09,94157.69138711707,1.0
0.3547612683435296,0.0,1.0000000007290217,1.2359628167135946e-09,94157.69138711707,1.0
0.4091088480961105,0.0,1.0000000012277175,1.2359628167135946e-09,94157.69138711707,1.0
0.4752248245640785,0.0,1.0000000021491773,1.2359628167135946e-09,94157.69138711707,1.0
0.555657520264852,0.0,1.0000000038952115,1.2359628167135946e-09,94157.69138711707,1.0
0.6535070701512952,0.0,1.0000000072785087,1.2359628167135946e-09,94157.69138711707,1.0
0.772544910790116,0.0,1.0000000139634944,1.2359628167135946e-09,94157.69138711707,1.0
0.9173591436649524,0.0,1.0000000273955136,1.2359628167135946e-09,94157.69138711707,1.0
1.0935313753736668,0.0,1.0000000547704986,1.2359628167135946e-09,94157.69138711707,1.0
1.307851850710189,0.0,1.0000001112291974,1.2359628167135946e-09,94157.69138711707,1.0
1.5685811705522632,0.0,1.0000002288184981,1.2359628167135946e-09,94157.69138711707,1.0
1.8857686820047714,0.0,1.0000004756795204,1.2359628167135946e-09,94157.69138711707,1.0
2.2716398125794766,0.0,1.000000997168179,1.2359628167135946e-09,94157.69138711707,1.0
2.741067277517025,0.0,1.0000021039031353,1.2359628167135946e-09,94157.69138711707,1.0
3.3121443220979336,0.0,1.0000044597623807,1.2359628167135946e-09,94157.69138711707,1.0
4.006882093546069,0.0,1.0000094811886227,1.2359628167135946e-09,94157.69138711707,1.0
4.852058021482255,0.0,1.0000201775286426,1.2359628167135946e-09,94157.69138711707,1.0
5.8802479062409825,0.0,1.0000428944819255,1.2359628167135946e-09,94157.69138711707,1.0
7.131081495055615,0.0,1.0000908534559354,1.2359628167135946e-09,94157.69138711707,1.0
8.65276994005919,0.0,1.0001911074842542,1.2359628167135946e-09,94157.69138711707,1.0
10.503964011247923,0.0,1.0003975724432237,1.2359628167135946e-09,94157.69138711707,1.0
12.75601468591563,108.11860451091947,1.0009092757024276,0.02203024381861843,2.2705890721512708e+16,1.0
15.495723244950964,94.68570464873585,1.0028130687573138,0.04944511223917212,7.763448063897256e+16,1.0
18.828686873559807,81.31920642221039,1.0041567220892718,0.047207996518466855,1.1322685404457653e+17,1.0
22.88336871663182,70.11471847050392,1.0059369128681213,0.043930576400485394,1.6024243865461043e+17,1.0
27.81604926178361,60.811638059218325,1.0083939124085308,0.04217205687960329,2.3223724113442982e+17,1.0
33.816849892317194,53.10348208162458,1.0117573648490685,0.041910152645316084,3.452034425766262e+17,1.0
41.11706077720917,46.71073101110657,1.016269147369226,0.04276978685076827,5.211971182760954e+17,1.0
49.998055538595985,41.39077798063605,1.0221731170281247,0.044375108332830815,7.90381828833552e+17,1.0
60.80213629672967,36.938739744079555,1.0296996498363362,0.04639995936782238,1.1923349681252298e+18,1.0
73.94572709534054,33.185416862066,1.039052625896627,0.048569826669803404,1.7765405652092485e+18,1.0
89.9354242244807,29.993739000386633,1.0504023410349277,0.05066079432974722,2.601989459960331e+18,1.0
109.38752207194662,27.254291857823816,1.063884985105902,0.05249993155568279,3.735962159939792e+18,1.0
133.0517670924362,24.88110614499026,1.0796068887271517,0.05396458658398735,5.252243741413978e+18,1.0
161.84025544885824,22.287239947216673,1.0985163162685416,0.05106816706500114,6.823448086091217e+18,1.0
196.86258813389756,15.985637148307859,1.1346152974841348,0.02367425594706824,5.020128083633019e+18,1.0
239.4686385633547,11.548816873091157,1.1863081190942473,0.011310714241988968,3.7375385924406687e+18,1.0
291.3005810419571,8.459638759249597,1.2542919536632973,0.005636784826368328,2.829655557007609e+18,1.0
354.35618544615545,6.305073019792932,1.3377986962478987,0.002942931563609283,2.1823616407708168e+18,1.0
431.0658177046827,4.782048144574166,1.435519550673832,0.0016069470714171797,1.71349457454081e+18,1.0
524.3861139232173,3.689140548688995,1.5462807592168486,0.0009132779773790807,1.3670146022869972e+18,1.0
637.9139386553835,2.887694509391626,1.669309119511296,0.0005371397442871258,1.1056164645936488e+18,1.0
776.0250196386177,2.288561869427747,1.8042574491254402,0.0003251246429083842,9.045206538046516e+17,1.0
944.0426024237923,1.8327396641589544,1.9511415354586037,0.0002015467818272934,7.470876344280539e+17,1.0
1148.4426253908093,1.4805392644512139,2.110265067094098,0.0001274331976889481,6.219453902635863e+17,1.0
1397.1033232556083,1.2047352250849779,2.282157885915456,8.190248761298969e-05,5.211617930268775e+17,1.0
1699.6088795910182,0.9862648415101605,2.4675316073732403,5.3359590411480545e-05,4.3908696366154976e+17,1.0
2067.6188321069185,0.8115109039513587,2.667249988687213,3.515944613450671e-05,3.7161400196583206e+17,1.0
2515.317468758056,0.6705609429823642,2.8823103192463275,2.3387197100417806e-05,3.156999940895087e+17,1.0
3059.9605358518047,0.5561636602493547,3.113694015215281,1.5681609873420816e-05,2.6905825318445366e+17,1.0
3722.540330045902,0.4627245312285089,3.361478258120221,1.0591052492856259e-05,2.299700739223148e+17,1.0
4528.594809022175,0.3861056054261564,3.6267868326633645,7.195594344258033e-06,1.9702760368253837e+17,1.0
5509.191906565684,0.3229004238206275,3.911100844315584,4.912164092511975e-06,1.691272376211589e+17,1.0
6702.126990720279,0.2705363670328335,4.215992743204307,3.3663521980102797e-06,1.454024181559174e+17,1.0
8153.379618911788,0.2270019137191763,4.543134732117519,2.3142365684813153e-06,1.2516237801468149e+17,1.0
9918.885738069346,0.1907046673858787,4.894307444171859,1.5949995939010477e-06,1.078493195848063e+17,1.0
12066.693636041677,0.16037071653950458,5.271408855284648,1.1015656024854006e-06,9.300781499196784e+16,1.0
14679.586741613912,0.13497183050111342,5.6764634103528495,7.620595143019082e-07,8.026249661814608e+16,1.0
17858.274364278914,0.11367181417141492,6.111631338654156,5.27909871112184e-07,6.9301490844521384e+16,1.0
21725.273355143087,0.09578631542200033,6.579218120326743,3.6611089329833247e-07,5.986390735615338e+16,1.0
26429.630300670036,0.08075225363691228,7.081684044696964,2.541314636999609e-07,5.173024336405368e+16,1.0
32152.666257806806,0.06810424734075687,7.621653773517872,1.7653294297091227e-07,4.471491772037942e+16,1.0
39114.96545107346,0.05745621459155613,8.201925787583257,1.2270379909077747e-07,3.866038557810901e+16,1.0
47584.87729849305,0.048486852947215,8.825481552796717,8.533182386703284e-08,3.3432443176320956e+16,1.0
57888.859461804976,0.040928069021329595,9.495494190318961,5.936784558680082e-08,2.8916441223379396e+16,1.0
70424.06057540259,0.03455567897053677,10.215336373350036,4.1319440857509907e-08,2.5014201054619492e+16,1.0
85673.62763286679,0.02918187773143621,10.988587098737554,2.8767634297109775e-08,2.1641481090973108e+16,1.0
104225.32802703422,0.024649100478258714,11.819036893207608,2.003508846869668e-08,1.872587920251775e+16,1.0
126794.2039969587,0.020824990438134374,12.710690909984859,1.3957675786532955e-08,1.6205084088356394e+16,1.0
154250.1326570593,0.017598253465102923,13.66776925063704,9.726867465579355e-09,1.402540888778134e+16,1.0
187651.3538606817,0.014875228807783402,14.694703708561201,6.7807842107829845e-09,1.2140555096816464e+16,1.0
228285.2581698274,0.012577042226499071,15.796129975180841,4.728771230244734e-09,1.051056596918537e+16,1.0
277718.00703069277,0.010637235435219758,16.976874179987924,3.2991182270040315e-09,9100936971002848.0,1.0
337854.8976762542,0.008999787154935117,18.241932456001198,2.302786423649734e-09,7881857266396837.0,1.0
411013.79941354826,0.007617457564370342,19.59644204167038,1.6082217650067061e-09,6827561157617761.0,1.0
500014.491766469,0.006450400836343356,21.045642262304312,1.123855041077453e-09,5915772261613782.0,1.0
608287.3478536634,0.005465000632672044,22.59482359863467,7.85936887948895e-10,5127226245848358.0,1.0
740005.5520086625,0.004632891539932302,24.24926297467984,5.500780335404496e-10,4445260366501449.0,1.0
900245.9477348682,0.0039301359369079076,26.014143417843467,3.853644561502418e-10,3855459997127728.0,1.0
1095184.7155932172,0.0033365310460008943,27.894456406201357,2.7026276246264856e-10,3345353912840627.0,1.0
1332335.4230781368,0.0028350252016082615,29.894885573795257,1.8977066307434483e-10,2904151384471060.5,1.0
1620838.621690028,0.0024112258711759546,32.01967105100785,1.3343364724028748e-10,2522515199415342.0,1.0
1971814.153207636,0.00205298484496961,34.27245462742142,9.396438515761289e-11,2192365606965233.5,1.0
2398789.744177692,0.0017500483892599738,36.65610717897775,6.628159076274073e-11,1906710920953966.8,1.0
2918222.4080330245,0.001493762129078716,39.172541411263744,4.684083658978601e-11,1659501128675219.8,1.0
3550132.751354643,0.001276822065583771,41.822514901330095,3.316859074896073e-11,1445501373373662.8,1.0
4318876.632482735,0.0010930644988676017,44.605430571801556,2.35377232505267e-11,1260182614838827.2,1.0
5254083.914682769,0.0009372887676168984,47.5191439246999,1.6741500168234334e-11,1099627142148246.8,1.0
6391800.4964349065,0.0008051076712811205,50.55978833868284,1.1936147532761909e-11,960446925412074.9,1.0
7775877.636369941,0.0006928212402421436,53.72163116715897,8.531158916799796e-12,839713058803935.5,1.0
9459662.121905362,0.0005973101913153875,56.996973914785535,6.112849129994995e-12,734894773380791.9,1.0
11508052.426121343,0.0005159459717615527,60.37610910175584,4.3910614780699525e-12,643806692485645.4,1.0
14000000.103778962,0.0004465147732072283,63.84734434870643,3.1620023083567135e-12,564563171407274.4,1.0
0.10481674515154274,0.0,1.0000000000223146,3.1912183240068836e-10,72933.84184466269,5.0
0.10504146756341784,0.0,1.0000000000223344,3.1912183240068836e-10,72933.84184466269,5.0
0.10531485124973836,0.0,1.0000000000223588,3.1912183240068836e-10,72933.84184466269,5.0
0.10564743329761944,0.0,1.0000000000223883,3.1912183240068836e-10,72933.84184466269,5.0
0.1060520324895518,0.0,1.0000000000224245,3.1912183240068836e-10,72933.84184466269,5.0
0.10654424338053428,0.0,1.000000000022469,3.1912183240068836e-10,72933.84184466269,5.0
0.10714303736241218,0.0,1.0000000000225229,3.1912183240068836e-10,72933.84184466269,5.0
0.10787149388237563,0.0,1.0000000000225895,3.1912183240068836e-10,72933.84184466269,5.0
0.1087576899991319,0.0,1.000000000022671,3.1912183240068836e-10,72933.84184466269,5.0
0.10983578256311,0.0,1.0000000000227713,3.1912183240068836e-10,72933.84184466269,5.0
0.11114732473140466,0.0,1.0000000000228948,3.1912183240068836e-10,72933.84184466269,5.0
0.11274286756018352,0.0,1.0000000000230476,3.1912183240068836e-10,72933.84184466269,5.0
0.11468390840508276,0.0,1.0000000000232374,3.1912183240068836e-10,72933.84184466269,5.0
0.1170452612272133,0.0,1.0000000000234732,3.1912183240068836e-10,72933.84184466269,5.0
0.11991794016399962,0.0,1.0000000000237688,3.1912183240068836e-10,72933.84184466269,5.0
0.12341266750695129,0.0,1.00000000002414,3.1912183240068836e-10,72933.84184466269,5.0
0.1276641412951209,0.0,1.0000000000246105,3.1912183240068836e-10,72933.84184466269,5.0
0.13283622701103465,0.0,1.0000000000252107,3.1912183240068836e-10,72933.84184466269,5.0
0.13912827348376514,0.0,1.0000000000259834,3.1912183240068836e-10,72933.84184466269,5.0
0.14678279643437833,0.0,1.000000000026989,3.1912183240068836e-10,72933.84184466269,5.0
0.15609482581232365,0.0,1.0000000000283127,3.1912183240068836e-10,72933.84184466269,5.0
0.16742327719919567,0.0,1.0000000000300804,3.1912183240068836e-10,72933.84184466269,5.0
0.1812047855703643,0.0,1.0000000000324787,3.1912183240068836e-10,72933.84184466269,5.0
0.1979705346121699,0.0,1.0000000000357931,3.1912183240068836e-10,72933.84184466269,5.0
0.2183667302507298,0.0,1.0000000000404718,3.1912183240068836e-10,72933.84184466269,5.0
0.24317950750804748,0.0,1.0000000000472367,3.1912183240068836e-10,72933.84184466269,5.0
0.2733652306758181,0.0,1.0000000000572868,3.1912183240068836e-10,72933.84184466269,5.0
0.31008735467314563,0.0,1.0000000000726768,3.1912183240068836e-10,72933.84184466269,5.0
0.3547612683435296,0.0,1.0000000000970364,3.1912183240068836e-10,72933.84184466269,5.0
0.4091088480961105,0.0,1.0000000001369729,3.1912183240068836e-10,72933.84184466269,5.0
0.4752248245640785,0.0,1.0000000002048626,3.1912183240068836e-10,72933.84184466269,5.0
0.555657520264852,0.0,1.000000000324488,3.1912183240068836e-10,72933.84184466269,5.0
0.6535070701512952,0.0,1.0000000005426,3.1912183240068836e-10,72933.84184466269,5.0
0.772544910790116,0.0,1.0000000009529098,3.1912183240068836e-10,72933.84184466269,5.0
0.9173591436649524,0.0,1.000000001746364,3.1912183240068836e-10,72933.84184466269,5.0
1.0935313753736668,0.0,1.0000000033173455,3.1912183240068836e-10,72933.84184466269,5.0
1.307851850710189,0.0,1.000000006489464,3.1912183240068836e-10,72933.84184466269,5.0
1.5685811705522632,0.0,1.0000000129980926,3.1912183240068836e-10,72933.84184466269,5.0
1.8857686820047714,0.0,1.0000000265257654,3.1912183240068836e-10,72933.84184466269,5.0
2.2716398125794766,0.0,1.0000000549306858,3.1912183240068836e-10,72933.84184466269,5.0
2.741067277517025,0.0,1.000000115053363,3.1912183240068836e-10,72933.84184466269,5.0
3.3121443220979336,0.0,1.0000002430966413,3.1912183240068836e-10,72933.84184466269,5.0
4.006882093546069,0.0,1.0000005170483042,3.1912183240068836e-10,72933.84184466269,5.0
4.852058021482255,0.0,1.0000011050735058,3.1912183240068836e-10,72933.84184466269,5.0
5.8802479062409825,0.0,1.0000023697119178,3.1912183240068836e-10,72933.84184466269,5.0
7.131081495055615,0.0,1.0000050912710872,3.1912183240068836e-10,72933.84184466269,5.0
8.65276994005919,0.0,1.0000109434252733,3.1912183240068836e-10,72933.84184466269,5.0
10.503964011247923,0.0,1.0000234948010829,3.1912183240068836e-10,72933.84184466269,5.0
12.75601468591563,0.0,1.000050283868429,3.1912183240068836e-10,72933.84184466269,5.0
15.495723244950964,0.0,1.000107013310609,3.1912183240068836e-10,72933.84184466269,5.0
18.828686873559807,91.32972446442993,1.0005193046035155,0.0006383849849876488,4920335062376814.0,5.0
22.88336871663182,76.48382780512915,1.0007880549183978,0.0005865975589538057,7146009690710804.0,5.0
27.81604926178361,64.20941402510893,1.0011796054553266,0.0005443286100972935,1.0440173697146862e+16,5.0
33.816849892317194,54.100376751266715,1.0017693986632723,0.000534746683386724,1.6057205024218016e+16,5.0
41.11706077720917,45.792869327386505,1.0026559798727426,0.000554238819315113,2.5874155199277304e+16,5.0
49.998055538595985,38.89324426468745,1.0039827936415409,0.0005926631356674153,4.271437459525538e+16,5.0
60.80213629672967,26.432372627724394,1.0084208526849017,0.00023349684081861206,2.9428288877438468e+16,5.0
73.94572709534054,18.001984644630145,1.0186467977191798,9.420762537656264e-05,2.0468600560600308e+16,5.0
89.9354242244807,12.384055937102636,1.0389067279183715,3.969886459557819e-05,1.4486573982627344e+16,5.0
109.38752207194662,8.682494356488998,1.0725985271811354,1.7769017299694563e-05,1.0503167466541778e+16,5.0
133.0517670924362,6.2379382324577195,1.12082603053858,8.505675427330892e-06,7822377327603263.0,5.0
161.84025544885824,4.596415724790116,1.1828801448518964,4.341473505877767e-06,5977372423046871.0,5.0
196.86258813389756,3.464692381071715,1.2574434356487914,2.343799145436162e-06,4671144205860625.0,5.0
239.4686385633547,2.6651945262997208,1.3433539784530852,1.3258341600678729e-06,3719208919290556.5,5.0
291.3005810419571,2.0841891920956135,1.4398504344846983,7.791083356858258e-07,3006726181737251.0,5.0
354.35618544615545,1.6519744523512725,1.5465703249875153,4.7216529328360473e-07,2460890298928848.5,5.0
431.0658177046827,1.3238991442132457,1.6634768948876657,2.933767829171375e-07,2034346123313735.2,5.0
524.3861139232173,1.0705806173504688,1.7907849235403261,1.860190400696751e-07,1695420559246977.5,5.0
637.9139386553835,0.8721547970767262,1.9289036330495948,1.1991433733720178e-07,1422338214775931.2,5.0
776.0250196386177,0.7148445740647095,2.0783971330325173,7.835703961636188e-08,1199735742309149.5,5.0
944.0426024237923,0.5888668426799164,2.239958563573094,5.1778136243062105e-08,1016512950178611.1,5.0
1148.4426253908093,0.48712491343236014,2.4143940444116674,3.453389451195696e-08,864475197539442.8,5.0
1397.1033232556083,0.4044442671517096,2.602453989765629,2.3213882311380383e-08,737485423014798.1,5.0
1699.6088795910182,0.3368240137305748,2.804195428447977,1.5714543871247722e-08,630921037553714.0,5.0
2067.6188321069185,0.28129915983945486,3.0205878927118524,1.0698834103344206e-08,540989514528358.8,5.0
2515.317468758056,0.2354362247656971,3.2528397193982337,7.317427809118384e-09,464726689927333.4,5.0
3059.9605358518047,0.19739480905297552,3.502238047296438,5.023157954160351e-09,399801981003706.7,5.0
3722.540330045902,0.16573360745135268,3.77015550405429,3.458434446972738e-09,344354686921689.7,5.0
4528.594809022175,0.1393096905608739,4.058057311816452,2.3868000388338208e-09,296879742854795.94,5.0
5509.191906565684,0.11720714112301035,4.367508759308537,1.6503813137555165e-09,256146155170126.8,5.0
6702.126990720279,0.09868542197688183,4.700183015019874,1.1429336788202398e-09,221137556235622.34,5.0
8153.379618911788,0.08314130861969041,5.057869265485547,7.924904763008042e-10,191008056671289.6,5.0
9918.885738069346,0.07008034005528749,5.4424811618525615,5.500427038813e-10,165048887003517.53,5.0
12066.693636041677,0.05909507586153995,5.856065550381444,3.8206895496367793e-10,142662788384365.78,5.0
14679.586741613912,0.04984830585238576,6.300811449702464,2.655587906946428e-10,123344063527155.5,5.0
17858.274364278914,0.0420599223452945,6.779059219842302,1.8467064296633223e-10,106662828105668.53,5.0
21725.273355143087,0.03549654203151729,7.293309844950598,1.284723565330685e-10,92252426263100.23,5.0
26429.630300670036,0.029963220934387486,7.846234222561408,8.940513811738457e-11,79799263480893.55,5.0
32152.666257806806,0.02529678324119512,8.440682316095074,6.22344675801818e-11,69034511107193.9,5.0
39114.96545107346,0.02136040920116445,9.079691982871712,4.333085230787936e-11,59727278351721.086,5.0
47584.87729849305,0.01803921582397623,9.766497235698703,3.017516564121133e-11,51678948447155.68,5.0
57888.859461804976,0.015236627992947081,10.50453563048917,2.1017564317638804e-11,44718448502011.34,5.0
70424.06057540259,0.012871384302279848,11.297454393655883,1.464180702506508e-11,38698275760264.69,5.0
85673.62763286679,0.010875056497296674,12.149114809522992,1.020212443513404e-11,33491142282381.293,5.0
104225.32802703422,0.009189987305109205,13.06359427821369,7.110150841663843e-12,28987129428884.996,5.0
126794.2039969587,0.0077675710919099614,14.045185327372725,4.9564677984693925e-12,25091265718463.688,5.0
154250.1326570593,0.006566816854663188,15.098390716461722,3.456116718196933e-12,21721458587844.72,5.0
187651.3538606817,0.005553144741350821,16.227913611377957,2.410731667198216e-12,18806723678162.82,5.0
228285.2581698274,0.004697376448312943,17.43864163301544,1.682208657245915e-12,16285665499610.078,5.0
277718.00703069277,0.0039748870827413,18.735623402327448,1.1743892877684116e-12,14105171396324.48,5.0
337854.8976762542,0.003364891854050374,20.12403602679654,8.203154921679621e-13,12219287166751.875,5.0
411013.79941354826,0.002849845602678621,21.60914181475615,5.733588989486944e-13,10588247873208.283,5.0
500014.491766469,0.002414936937326643,23.19623238733752,4.010459299243975e-13,9177641581245.863,5.0
608287.3478536634,0.0020476618190054404,24.89055831363777,2.8075895327308457e-13,7957687216281.966,5.0
740005.5520086625,0.001737463945185067,26.69724246255298,1.9674330114499555e-13,6902610571305.506,5.0
900245.9477348682,0.0014754313595230326,28.62117549271618,1.3802337965943562e-13,5990104866603.367,5.0
1095184.7155932172,0.001254040427349339,30.666892344763202,9.695170631916264e-14,5200864243383.009,5.0
1332335.4230781368,0.0010669397411246105,32.83842931418887,6.819862370925396e-14,4518180239866.073,5.0
1620838.621690028,0.0009087677063449487,35.13916231839262,4.8048840273866084e-14,3927592707037.4043,5.0
1971814.153207636,0.0007749985490245265,37.57162835943966,3.3911604015773443e-14,3416587815920.929,5.0
2398789.744177692,0.0006618123148684781,40.13733392086951,2.3979620004133863e-14,2974336824092.299,5.0
2918222.4080330245,0.0005659851250441292,42.83655606536836,1.6991530895196403e-14,2591470134277.161,5.0
3550132.751354643,0.00048479653651891486,45.66814419224902,1.2066502765173587e-14,2259881915273.4653,5.0
4318876.632482735,0.00041595134473610264,48.62933256015718,8.589014110380459e-15,1972561184176.6064,5.0
5254083.914682769,0.0003575135782788706,51.715575494123435,6.12859936878523e-15,1723445785337.1938,5.0
6391800.4964349065,0.00030785078195352106,54.92041833633275,4.383930937704204e-15,1507296160098.017,5.0
7775877.636369941,0.00026558697719872504,58.23541732110168,3.1438490442268344e-15,1319586195265.3442,5.0
9459662.121905362,0.00022956293601197748,61.65012037557579,2.2601943156486115e-15,1156408779517.566,5.0
11508052.426121343,0.00019880261434418475,65.15211823104741,1.62886110768271e-15,1014393996431.814,5.0
14000000.103778962,0.00017248476952738887,68.72717124830613,1.1765778323595775e-15,890638149888.2742,5.0
0.10481674515154274,0.0,1.0000000000222702,1.6665520548968995e-10,69828.55051624333,10.0
0.10504146756341784,0.0,1.00000000002228,1.6665520548968995e-10,69828.55051624333,10.0
0.10531485124973836,0.0,1.0000000000222926,1.6665520548968995e-10,69828.55051624333,10.0
0.10564743329761944,0.0,1.0000000000223077,1.6665520548968995e-10,69828.55051624333,10.0
0.1060520324895518,0.0,1.0000000000223261,1.6665520548968995e-10,69828.55051624333,10.0
0.10654424338053428,0.0,1.0000000000223488,1.6665520548968995e-10,69828.55051624333,10.0
0.10714303736241218,0.0,1.0000000000223763,1.6665520548968995e-10,69828.55051624333,10.0
0.10787149388237563,0.0,1.0000000000224103,1.6665520548968995e-10,69828.55051624333,10.0
0.1087576899991319,0.0,1.0000000000224516,1.6665520548968995e-10,69828.55051624333,10.0
0.10983578256311,0.0,1.0000000000225027,1.6665520548968995e-10,69828.55051624333,10.0
0.11114732473140466,0.0,1.0000000000225655,1.6665520548968995e-10,69828.55051624333,10.0
0.11274286756018352,0.0,1.0000000000226432,1.6665520548968995e-10,69828.55051624333,10.0
0.11468390840508276,0.0,1.0000000000227391,1.6665520548968995e-10,69828.55051624333,10.0
0.1170452612272133,0.0,1.0000000000228584,1.6665520548968995e-10,69828.55051624333,10.0
0.11991794016399962,0.0,1.0000000000230072,1.6665520548968995e-10,69828.55051624333,10.0
0.12341266750695129,0.0,1.000000000023194,1.6665520548968995e-10,69828.55051624333,10.0
0.1276641412951209,0.0,1.0000000000234293,1.6665520548968995e-10,69828.55051624333,10.0
0.13283622701103465,0.0,1.000000000023728,1.6665520548968995e-10,69828.55051624333,10.0
0.13912827348376514,0.0,1.00000000002411,1.6665520548968995e-10,69828.55051624333,10.0
0.14678279643437833,0.0,1.0000000000246032,1.6665520548968995e-10,69828.55051624333,10.0
0.15609482581232365,0.0,1.000000000025246,1.6665520548968995e-10,69828.55051624333,10.0
0.16742327719919567,0.0,1.000000000026094,1.6665520548968995e-10,69828.55051624333,10.0
0.1812047855703643,0.0,1.0000000000272264,1.6665520548968995e-10,69828.55051624333,10.0
0.1979705346121699,0.0,1.000000000028762,1.6665520548968995e-10,69828.55051624333,10.0
0.2183667302507298,0.0,1.000000000030879,1.6665520548968995e-10,69828.55051624333,10.0
0.24317950750804748,0.0,1.0000000000338531,1.6665520548968995e-10,69828.55051624333,10.0
0.2733652306758181,0.0,1.0000000000381222,1.6665520548968995e-10,69828.55051624333,10.0
0.31008735467314563,0.0,1.0000000000444016,1.6665520548968995e-10,69828.55051624333,10.0
0.3547612683435296,0.0,1.0000000000538978,1.6665520548968995e-10,69828.55051624333,10.0
0.4091088480961105,0.0,1.0000000000687115,1.6665520548968995e-10,69828.55051624333,10.0
0.4752248245640785,0.0,1.0000000000926217,1.6665520548968995e-10,69828.55051624333,10.0
0.555657520264852,0.0,1.0000000001326388,1.6665520548968995e-10,69828.55051624333,10.0
0.6535070701512952,0.0,1.0000000002021472,1.6665520548968995e-10,69828.55051624333,10.0
0.772544910790116,0.0,1.000000000327355,1.6665520548968995e-10,69828.55051624333,10.0
0.9173591436649524,0.0,1.0000000005607055,1.6665520548968995e-10,69828.55051624333,10.0
1.0935313753736668,0.0,1.0000000010090533,1.6665520548968995e-10,69828.55051624333,10.0
1.307851850710189,0.0,1.0000000018933377,1.6665520548968995e-10,69828.55051624333,10.0
1.5685811705522632,0.0,1.0000000036757997,1.6665520548968995e-10,69828.55051624333,10.0
1.8857686820047714,0.0,1.0000000073325568,1.6665520548968995e-10,69828.55051624333,10.0
2.2716398125794766,0.0,1.0000000149399304,1.6665520548968995e-10,69828.55051624333,10.0
2.741067277517025,0.0,1.0000000309393666,1.6665520548968995e-10,69828.55051624333,10.0
3.3121443220979336,0.0,1.000000064872025,1.6665520548968995e-10,69828.55051624333,10.0
4.006882093546069,0.0,1.0000001372982732,1.6665520548968995e-10,69828.55051624333,10.0
4.852058021482255,0.0,1.0000002926171363,1.6665520548968995e-10,69828.55051624333,10.0
5.8802479062409825,0.0,1.0000006268154216,1.6665520548968995e-10,69828.55051624333,10.0
7.131081495055615,0.0,1.000001347436229,1.6665520548968995e-10,69828.55051624333,10.0
8.65276994005919,0.0,1.0000029027705666,1.6665520548968995e-10,69828.55051624333,10.0
10.503964011247923,0.0,1.0000062587268341,1.6665520548968995e-10,69828.55051624333,10.0
12.75601468591563,0.0,1.0000134873504904,1.6665520548968995e-10,69828.55051624333,10.0
15.495723244950964,0.0,1.0000290023264877,1.6665520548968995e-10,69828.55051624333,10.0
18.828686873559807,93.07866048293573,1.0001642835482127,6.252255223779038e-05,896011434134665.6,10.0
22.88336871663182,77.35614463984828,1.0002515781415262,5.5976629094955925e-05,1282328591226923.2,10.0
27.81604926178361,64.38601796145242,1.0003829929058328,5.127021969446488e-05,1871059080925431.2,10.0
33.816849892317194,53.206209980797354,1.0006020588804183,4.829560292029801e-05,2810074556665497.5,10.0
41.11706077720917,35.93528282975411,1.001667397881829,1.846399395858554e-05,1912867789735948.8,10.0
49.998055538595985,24.25224100087754,1.0048917291975594,7.149646125387092e-06,1308785206826643.8,10.0
60.80213629672967,16.420288447119255,1.0133877305694001,2.845910136692054e-06,905405024076657.1,10.0
73.94572709534054,11.245607017438925,1.0315877078088564,1.1879105173525519e-06,638363148021541.6,10.0
89.9354242244807,7.861190138043067,1.0631159122734821,5.287026122103192e-07,461783928836466.3,10.0
109.38752207194662,5.638847223810482,1.1091704602471464,2.5242329085827567e-07,343562647189535.3,10.0
133.0517670924362,4.152338957166645,1.1690305649697093,1.2877186342572142e-07,262471722224434.75,10.0
161.84025544885824,3.1298702076537697,1.241340475398209,6.956580623057368e-08,205169091762666.12,10.0
196.86258813389756,2.40843257981548,1.3249064725879705,3.940428878658983e-08,163444626218655.16,10.0
239.4686385633547,1.884389677364226,1.4189447179820516,2.31938827866428e-08,132221591648581.62,10.0
291.3005810419571,1.4945395360570695,1.5230754708052108,1.4081552981715255e-08,108296154640990.6,10.0
354.35618544615545,1.1985266023926682,1.6372466714260978,8.765493358032023e-09,89590760339560.03,10.0
431.0658177046827,0.9698508595663474,1.7616579839211035,5.567881754065411e-09,74718573050471.66,10.0
524.3861139232173,0.7906203424001628,1.896702876186368,3.5955060452199202e-09,62727284783809.08,10.0
637.9139386553835,0.6484348505603779,2.0429286943523555,2.3533729986258237e-09,52945458354279.8,10.0
776.0250196386177,0.5344919311884695,2.201010632137285,1.5575698998806651e-09,44888114203667.23,10.0
944.0426024237923,0.4424179744655698,2.3716564237054567,1.0404573942789208e-09,38198121521903.02,10.0
1148.4426253908093,0.36761277839088363,2.554882203762219,7.007523855196313e-10,32612047693200.94,10.0
1397.1033232556083,0.3064202786650275,2.7514499929018466,4.751423593541516e-10,27917831966234.836,10.0
1699.6088795910182,0.2560619137746963,2.9624523044394087,3.23905531336031e-10,23950770683766.637,10.0
2067.6188321069185,0.214416942554191,3.1890563854248253,2.2176242504132304e-10,20582934506745.39,10.0
2515.317468758056,0.1798413211427203,3.432509455938861,1.523582660782691e-10,17713259228104.188,10.0
3059.9605358518047,0.15104265784814705,3.6941446791548387,1.0496846291265733e-10,15260739147745.926,10.0
3722.540330045902,0.1269929345244651,3.9753876953555882,7.248194647718474e-11,13159637864264.742,10.0
4528.594809022175,0.10686622483683206,4.277763629160459,5.014040208547713e-11,11356044620285.217,10.0
5509.191906565684,0.08999335355892561,4.602904517918351,3.473583804854107e-11,9805348745549.848,10.0
6702.126990720279,0.07582828674313731,4.952557127150466,2.409206910945617e-11,8470353585467.085,10.0
8153.379618911788,0.06392280659593494,5.328591124441846,1.6725339648828618e-11,7319844345556.789,10.0
9918.885738069346,0.053907144597986976,5.7330075804638545,1.1619783002242684e-11,6327483815242.547,10.0
12066.693636041677,0.045474972523802164,6.1679477568168,8.077502875393665e-12,5470948830953.999,10.0
14679.586741613912,0.03837163113790559,6.635702125832605,5.6177116719595244e-12,4731246234969.785,10.0
17858.274364278914,0.03238479951859216,7.138719547346602,3.908439437252194e-12,4092164624359.972,10.0
21725.273355143087,0.02733702910561538,7.67961650122583,2.7200495315390635e-12,3539830247933.079,10.0
26429.630300670036,0.023079720243504544,8.261186241266499,1.8934579917611195e-12,3062343826800.2437,10.0
32152.666257806806,0.01948822734464185,8.886407694807854,1.3183262854442043e-12,2649481026700.1294,10.0
39114.96545107346,0.016457856257026227,9.558453881685928,9.180526530743596e-13,2292443572699.0586,10.0
47584.87729849305,0.013900573538582168,10.280699564420127,6.39417092288768e-13,1983651085901.5264,10.0
57888.859461804976,0.01174228851880425,11.056727767122306,4.4542271817920467e-13,1716565986457.9749,10.0
70424.06057540259,0.009920599623340451,11.890334711852823,3.103387943477717e-13,1485545486285.37,10.0
85673.62763286679,0.008382919442958225,12.785532616467,2.162638059608676e-13,1285715953818.287,10.0
104225.32802703422,0.007084910529296712,13.746549676203031,1.507399653446197e-13,1112865887387.2344,10.0
126794.2039969587,0.005989177361892015,14.777826411870656,1.0509612368430592e-13,963354465112.9755,10.0
154250.1326570593,0.005064170396329304,15.884007411199693,7.32959268801534e-14,834033205688.8699,10.0
187651.3538606817,0.00428326632055236,17.069927319229127,5.113676813113427e-14,722178717917.392,10.0
228285.2581698274,0.0036239951584878844,18.340589753783107,3.569249111865915e-14,625434867685.7075,10.0
277718.00703069277,0.003067390065358251,19.701137642083623,2.4925564756201794e-14,541762971362.22345,10.0
337854.8976762542,0.0025974398522029723,21.156813308412275,1.7417139885768735e-14,469398850695.6855,10.0
411013.79941354826,0.002200627678780844,22.712906510907395,1.2179131041799859e-14,406815768327.69006,10.0
500014.491766469,0.0018655421308965195,24.37468855625084,8.523387387989538e-15,352692414075.1256,10.0
608287.3478536634,0.0015825491775617664,26.147330651058986,5.9706043824331764e-15,305885237066.32544,10.0
740005.5520086625,0.0013435153834055313,28.035804823929535,4.1869027371572945e-15,265404522857.19553,10.0
900245.9477348682,0.001141574308790028,30.04476612537489,2.9396704722229073e-15,230393701834.4495,10.0
1095184.7155932172,0.0009709293242063919,32.17841544089037,2.0668171260996374e-15,200111448652.5613,10.0
1332335.4230781368,0.0008266871442950068,34.4403431881946,1.4553663844707902e-15,173916194588.75113,10.0
1620838.621690028,0.0007047172882882638,36.83335545159074,1.026550649527195e-15,151252727459.97006,10.0
1971814.153207636,0.0006015334284303127,39.35928574295184,7.254325382448207e-16,131640598657.22993,10.0
2398789.744177692,0.0005141932208358777,42.018797530586276,5.136781506056379e-16,114664095145.1377,10.0
2918222.4080330245,0.00044021374461376177,44.811184838667245,3.645246446459829e-16,99963566949.19186,10.0
3550132.751354643,0.0003775001216215791,47.73418040618865,2.592755067186028e-16,87227928541.78549,10.0
4318876.632482735,0.0003242852648113865,50.78378284004316,1.8485942497351793e-16,76188176348.4804,10.0
5254083.914682769,0.00027907901937566844,53.95411557311242,1.321296809747568e-16,66611784952.20425,10.0
6391800.4964349065,0.00024062522757914193,57.23733089467544,9.467914620381642e-17,58297862038.683846,10.0
7775877.636369941,0.00020786547352171037,60.623571548865634,6.80143149069377e-17,51072957220.760086,10.0
9459662.121905362,0.0001799084550909341,64.10100020947529,4.8979381510296584e-17,44787433076.32675,10.0
11508052.426121343,0.00015600409285751696,67.65590354139059,3.535448849946402e-17,39312318450.76909,10.0
14000000.103778962,0.00013552162443291138,71.27287279276788,2.557532243656614e-17,34536574647.401306,10.0
0.10481674515154274,0.0,1.0000000000222329,3.461420194489201e-11,67242.84351350905,50.0
0.10504146756341784,0.0,1.0000000000222349,3.461420194489201e-11,67242.84351350905,50.0
0.10531485124973836,0.0,1.0000000000222375,3.461420194489201e-11,67242.84351350905,50.0
0.10564743329761944,0.0,1.0000000000222404,3.461420194489201e-11,67242.84351350905,50.0
0.1060520324895518,0.0,1.0000000000222444,3.461420194489201e-11,67242.84351350905,50.0
0.10654424338053428,0.0,1.0000000000222489,3.461420194489201e-11,67242.84351350905,50.0
0.10714303736241218,0.0,1.0000000000222546,3.461420194489201e-11,67242.84351350905,50.0
0.10787149388237563,0.0,1.0000000000222615,3.461420194489201e-11,67242.84351350905,50.0
0.1087576899991319,0.0,1.00000000002227,3.461420194489201e-11,67242.84351350905,50.0
0.10983578256311,0.0,1.0000000000222804,3.461420194489201e-11,67242.84351350905,50.0
0.11114732473140466,0.0,1.000000000022293,3.461420194489201e-11,67242.84351350905,50.0
0.11274286756018352,0.0,1.0000000000223088,3.461420194489201e-11,67242.84351350905,50.0
0.11468390840508276,0.0,1.0000000000223281,3.461420194489201e-11,67242.84351350905,50.0
0.1170452612272133,0.0,1.0000000000223523,3.461420194489201e-11,67242.84351350905,50.0
0.11991794016399962,0.0,1.0000000000223823,3.461420194489201e-11,67242.84351350905,50.0
0.12341266750695129,0.0,1.00000000002242,3.461420194489201e-11,67242.84351350905,50.0
0.1276641412951209,0.0,1.000000000022467,3.461420194489201e-11,67242.84351350905,50.0
0.13283622701103465,0.0,1.0000000000225266,3.461420194489201e-11,67242.84351350905,50.0
0.13912827348376514,0.0,1.0000000000226024,3.461420194489201e-11,67242.84351350905,50.0
0.14678279643437833,0.0,1.0000000000226996,3.461420194489201e-11,67242.84351350905,50.0
0.15609482581232365,0.0,1.000000000022825,3.461420194489201e-11,67242.84351350905,50.0
0.16742327719919567,0.0,1.0000000000229885,3.461420194489201e-11,67242.84351350905,50.0
0.1812047855703643,0.0,1.000000000023204,3.461420194489201e-11,67242.84351350905,50.0
0.1979705346121699,0.0,1.0000000000234903,3.461420194489201e-11,67242.84351350905,50.0
0.2183667302507298,0.0,1.0000000000238758,3.461420194489201e-11,67242.84351350905,50.0
0.24317950750804748,0.0,1.0000000000244005,3.461420194489201e-11,67242.84351350905,50.0
0.2733652306758181,0.0,1.000000000025124,3.461420194489201e-11,67242.84351350905,50.0
0.31008735467314563,0.0,1.000000000026135,3.461420194489201e-11,67242.84351350905,50.0
0.3547612683435296,0.0,1.0000000000275704,3.461420194489201e-11,67242.84351350905,50.0
0.4091088480961105,0.0,1.0000000000296403,3.461420194489201e-11,67242.84351350905,50.0
0.4752248245640785,0.0,1.0000000000326832,3.461420194489201e-11,67242.84351350905,50.0
0.555657520264852,0.0,1.0000000000372529,3.461420194489201e-11,67242.84351350905,50.0
0.6535070701512952,0.0,1.000000000044291,3.461420194489201e-11,67242.84351350905,50.0
0.772544910790116,0.0,1.0000000000554519,3.461420194489201e-11,67242.84351350905,50.0
0.9173591436649524,0.0,1.0000000000737466,3.461420194489201e-11,67242.84351350905,50.0
1.0935313753736668,0.0,1.0000000001048426,3.461420194489201e-11,67242.84351350905,50.0
1.307851850710189,0.0,1.0000000001597382,3.461420194489201e-11,67242.84351350905,50.0
1.5685811705522632,0.0,1.0000000002603455,3.461420194489201e-11,67242.84351350905,50.0
1.8857686820047714,0.0,1.0000000004512766,3.461420194489201e-11,67242.84351350905,50.0
2.2716398125794766,0.0,1.0000000008249443,3.461420194489201e-11,67242.84351350905,50.0
2.741067277517025,0.0,1.0000000015753632,3.461420194489201e-11,67242.84351350905,50.0
3.3121443220979336,0.0,1.0000000031140266,3.461420194489201e-11,67242.84351350905,50.0
4.006882093546069,0.0,1.000000006534916,3.461420194489201e-11,67242.84351350905,50.0
4.852058021482255,0.0,1.0000000156844981,3.461420194489201e-11,67242.84351350905,50.0
5.8802479062409825,0.0,1.0000000418085038,3.461420194489201e-11,67242.84351350905,50.0
7.131081495055615,0.0,1.0000001197297517,3.461420194489201e-11,67242.84351350905,50.0
8.65276994005919,0.0,1.0000003588222854,3.461420194489201e-11,67242.84351350905,50.0
10.503964011247923,0.0,1.0000011047914983,3.461420194489201e-11,67242.84351350905,50.0
12.75601468591563,0.0,1.0000034511092692,3.461420194489201e-11,67242.84351350905,50.0
15.495723244950964,0.0,1.0000108382261435,3.461420194489201e-11,67242.84351350905,50.0
18.828686873559807,94.7051852766695,1.0000086794407606,2.0478817583938114e-07,13707224596777.414,50.0
22.88336871663182,68.9261990365603,1.0000381806492076,9.508071259112185e-08,11002337464660.48,50.0
27.81604926178361,46.42135394189421,1.0002260509300616,3.583463692310195e-08,7446732706920.646,50.0
33.816849892317194,31.276714519950286,1.0010505601266952,1.35967140874396e-08,5053798225502.662,50.0
41.11706077720917,21.045198125451765,1.004029701115303,5.237820688232582e-09,3450677204824.072,50.0
49.998055538595985,14.219326489008093,1.0125515952586468,2.080939470890228e-09,2385325612842.309,50.0
60.80213629672967,9.732426927874434,1.031364853984392,8.704113194057041e-10,1683191602689.1096,50.0
73.94572709534054,6.810473248614849,1.0641391677840988,3.8959924754251293e-10,1220368188015.0215,50.0
89.9354242244807,4.896243905498253,1.1118613307787135,1.874945017342228e-10,910833451312.9607,50.0
109.38752207194662,3.616064148621271,1.1735812783013726,9.650283003424613e-11,698328112151.7717,50.0
133.0517670924362,2.7343043245412457,1.2478079136839377,5.260262392220338e-11,547830186175.2809,50.0
161.84025544885824,2.1107020622702795,1.3332924957946766,3.0053333072837066e-11,437924967541.8225,50.0
196.86258813389756,1.6564679207068396,1.4292392222979775,1.78332763380275e-11,355414270833.8877,50.0
239.4686385633547,1.3175513849529092,1.5352750567752647,1.0908642445825679e-11,291978258006.0357,50.0
291.3005810419571,1.0594452391513172,1.6513614353157378,6.837876365958987e-12,242220332132.19492,50.0
354.35618544615545,0.8594705772273534,1.7777133138364678,4.371593415739889e-12,202533980799.37695,50.0
431.0658177046827,0.7022929509339982,1.9147394016252395,2.8399785372545565e-12,170438589794.37326,50.0
524.3861139232173,0.5772651713298341,2.062997332634408,1.869272892442115e-12,144181958759.72827,50.0
637.9139386553835,0.47695341962750376,2.22255328999712,1.244216396079073e-12,122518069161.84763,50.0
776.0250196386177,0.39580374870844015,2.393706042579162,8.359476761226775e-13,104499294852.26724,50.0
944.0426024237923,0.32961067360645335,2.5773848864658806,5.65837734209484e-13,89396071956.12587,50.0
1148.4426253908093,0.275257715050626,2.774592969885042,3.852885141761575e-13,76657747748.37561,50.0
1397.1033232556083,0.2303865577029664,2.9864088112179368,2.6360273134417476e-13,65859973567.42664,50.0
1699.6088795910182,0.19318124188377106,3.2139896495202316,1.8104064118256206e-13,56669839561.65429,50.0
2067.6188321069185,0.1622225283397059,3.458576016935868,1.2472054841478362e-13,48822129662.97061,50.0
2515.317468758056,0.1363871290247336,3.7214971897644733,8.613358042554441e-14,42102751635.95685,50.0
3059.9605358518047,0.11477639568633362,4.004177320685448,5.960278965773736e-14,36336917328.20124,50.0
3722.540330045902,0.09666481744491359,4.308142135067787,4.130927137753814e-14,31380541017.70925,50.0
4528.594809022175,0.08146213120687594,4.635026118227356,2.866652655030168e-14,27113863780.728004,50.0
5509.191906565684,0.06868497464056608,4.98658014303436,1.9912937747729422e-14,23436647212.45607,50.0
6702.126990720279,0.057935352234135234,5.364679496435932,1.3843186586845956e-14,20264493147.8072,50.0
8153.379618911788,0.04888404912604866,5.771332263463953,9.629480362096535e-15,17525984612.456142,50.0
9918.885738069346,0.041257695456914455,6.20868802025085,6.701561725979526e-15,15160435011.203009,50.0
12066.693636041677,0.034828564184534776,6.6790467743505735,4.6656083176375304e-15,13116094404.840437,50.0
14679.586741613912,0.02940644401923527,7.18486807136061,3.24909714759738e-15,11348704064.497925,50.0
17858.274364278914,0.024832107925131935,7.728780161052061,2.2631387650984823e-15,9820319899.186989,50.0
21725.273355143087,0.020972022990432306,8.313589083146654,1.5766423976918157e-15,8498346052.758933,50.0
26429.630300670036,0.017714036580161106,8.942287491440577,1.0985372310193852e-15,7354734721.800608,50.0
32152.666257806806,0.014963837867212846,9.618062983833234,7.655044843122852e-16,6365318888.837882,50.0
39114.96545107346,0.01264204065561277,10.344305643447928,5.334934362243255e-16,5509252429.393597,50.0
47584.87729849305,0.010681767983549598,11.124614420786544,3.718438012335363e-16,4768537778.305192,50.0
57888.859461804976,0.009026644831973156,11.962801897077627,2.5920793904924576e-16,4127625610.7440104,50.0
70424.06057540259,0.007629124799447388,12.862896863135996,1.8071854433008711e-16,3573074211.4210935,50.0
85673.62763286679,0.00644909153958765,13.829144025014656,1.2601965802529514e-16,3093258656.617247,50.0
104225.32802703422,0.005452687300168872,14.866000007090884,8.789690836752355e-17,2678121820.5683155,50.0
126794.2039969587,0.004611329915511028,15.978124665811889,6.132411927117834e-17,2318960685.612701,50.0
154250.1326570593,0.003900886709005215,17.170366555849075,4.2799467171445785e-17,2008242589.3303218,50.0
187651.3538606817,0.0033009794149566614,18.447741210364434,2.988312280298197e-17,1739446958.119791,50.0
228285.2581698274,0.0027943987628890397,19.815400717826563,2.0875165111421634e-17,1506928811.391426,50.0
277718.00703069277,0.002366611031945183,21.278592913818436,1.4591185327014094e-17,1305800915.3105526,50.0
337854.8976762542,0.002005341864988712,22.842608378564776,1.0205942066865664e-17,1131831950.7628944,50.0
411013.79941354826,0.0017002250733025262,24.512713368323425,7.144428169459821e-18,981358460.1968951,50.0
500014.491766469,0.001442506172089311,26.294066848904365,5.005972558338882e-18,851208669.8617293,50.0
608287.3478536634,0.0012247920484071096,28.191619988724916,3.5113606723826266e-18,738636561.1808507,50.0
740005.5520086625,0.0010408395424176004,30.209996860427154,2.465993961974755e-18,641264797.968604,50.0
900245.9477348682,0.0008853768716705395,32.35335575071918,1.7342248174079019e-18,557035312.9856502,50.0
1095184.7155932172,0.0007539527877700015,34.62523143996397,1.2214776945044356e-18,484166524.2664175,50.0
1332335.4230781368,0.0006428091581697507,37.02836012259774,8.617947090244006e-19,421116293.7385703,50.0
1620838.621690028,0.0005487733396849157,39.56449030198255,6.091600656863425e-19,366549861.8768888,50.0
1971814.153207636,0.00046916727627632315,42.234184964669815,4.3145674480420573e-19,319312095.7029086,50.0
2398789.744177692,0.00040173072954362364,45.03662250782346,3.0625665283485593e-19,278403475.9822277,50.0
2918222.4080330245,0.00034455645083737767,47.969406068520186,2.178877877924478e-19,242959325.17295668,50.0
3550132.751354643,0.0002960354411918701,51.02839281369254,1.553908264040372e-19,212231842.42001218,50.0
4318876.632482735,0.00025481072964153513,54.207556062903826,1.1109517909433306e-19,185574567.3345931,50.0
5254083.914682769,0.00021973834057102933,57.49889348383745,7.962650693742237e-20,162428941.96382347,50.0
6391800.4964349065,0.00018985432389540227,60.89239372158225,5.721477365852352e-20,142312681.64595747,50.0
7775877.636369941,0.00016434689427177087,64.37607152307474,4.121165844682565e-20,124809701.64670402,50.0
9459662.121905362,0.0001425328723949057,67.93607772059043,2.9753838418152844e-20,109561378.70779428,50.0
11508052.426121343,0.00012383774698429775,71.55688560435672,2.1527925983353627e-20,96258955.81427221,50.0
14000000.103778962,0.00010777878373062673,75.22154973315996,1.5606268180134867e-20,84636925.22570366,50.0
0.10481674515154274,0.0,1.000000000022228,1.7392407632521883e-11,66911.79257144633,100.0
0.10504146756341784,0.0,1.000000000022229,1.7392407632521883e-11,66911.79257144633,100.0
0.10531485124973836,0.0,1.0000000000222304,1.7392407632521883e-11,66911.79257144633,100.0
0.10564743329761944,0.0,1.000000000022232,1.7392407632521883e-11,66911.79257144633,100.0
0.1060520324895518,0.0,1.0000000000222338,1.7392407632521883e-11,66911.79257144633,100.0
0.10654424338053428,0.0,1.0000000000222362,1.7392407632521883e-11,66911.79257144633,100.0
0.10714303736241218,0.0,1.000000000022239,1.7392407632521883e-11,66911.79257144633,100.0
0.10787149388237563,0.0,1.0000000000222427,1.7392407632521883e-11,66911.79257144633,100.0
0.1087576899991319,0.0,1.0000000000222469,1.7392407632521883e-11,66911.79257144633,100.0
0.10983578256311,0.0,1.000000000022252,1.7392407632521883e-11,66911.79257144633,100.0
0.11114732473140466,0.0,1.0000000000222582,1.7392407632521883e-11,66911.79257144633,100.0
0.11274286756018352,0.0,1.0000000000222662,1.7392407632521883e-11,66911.79257144633,100.0
0.11468390840508276,0.0,1.000000000022276,1.7392407632521883e-11,66911.79257144633,100.0
0.1170452612272133,0.0,1.000000000022288,1.7392407632521883e-11,66911.79257144633,100.0
0.11991794016399962,0.0,1.0000000000223033,1.7392407632521883e-11,66911.79257144633,100.0
0.12341266750695129,0.0,1.000000000022322,1.7392407632521883e-11,66911.79257144633,100.0
0.1276641412951209,0.0,1.0000000000223457,1.7392407632521883e-11,66911.79257144633,100.0
0.13283622701103465,0.0,1.0000000000223754,1.7392407632521883e-11,66911.79257144633,100.0
0.13912827348376514,0.0,1.0000000000224134,1.7392407632521883e-11,66911.79257144633,100.0
0.14678279643437833,0.0,1.0000000000224618,1.7392407632521883e-11,66911.79257144633,100.0
0.15609482581232365,0.0,1.0000000000225246,1.7392407632521883e-11,66911.79257144633,100.0
0.16742327719919567,0.0,1.0000000000226061,1.7392407632521883e-11,66911.79257144633,100.0
0.1812047855703643,0.0,1.0000000000227134,1.7392407632521883e-11,66911.79257144633,100.0
0.1979705346121699,0.0,1.0000000000228555,1.7392407632521883e-11,66911.79257144633,100.0
0.2183667302507298,0.0,1.000000000023046,1.7392407632521883e-11,66911.79257144633,100.0
0.24317950750804748,0.0,1.0000000000233042,1.7392407632521883e-11,66911.79257144633,100.0
0.2733652306758181,0.0,1.0000000000236582,1.7392407632521883e-11,66911.79257144633,100.0
0.31008735467314563,0.0,1.000000000024149,1.7392407632521883e-11,66911.79257144633,100.0
0.3547612683435296,0.0,1.0000000000248375,1.7392407632521883e-11,66911.79257144633,100.0
0.4091088480961105,0.0,1.0000000000258162,1.7392407632521883e-11,66911.79257144633,100.0
0.4752248245640785,0.0,1.0000000000272264,1.7392407632521883e-11,66911.79257144633,100.0
0.555657520264852,0.0,1.0000000000292908,1.7392407632521883e-11,66911.79257144633,100.0
0.6535070701512952,0.0,1.0000000000323672,1.7392407632521883e-11,66911.79257144633,100.0
0.772544910790116,0.0,1.0000000000370493,1.7392407632521883e-11,66911.79257144633,100.0
0.9173591436649524,0.0,1.0000000000443554,1.7392407632521883e-11,66911.79257144633,100.0
1.0935313753736668,0.0,1.000000000056096,1.7392407632521883e-11,66911.79257144633,100.0
1.307851850710189,0.0,1.0000000000756053,1.7392407632521883e-11,66911.79257144633,100.0
1.5685811705522632,0.0,1.0000000001092366,1.7392407632521883e-11,66911.79257144633,100.0
1.8857686820047714,0.0,1.0000000001706235,1.7392407632521883e-11,66911.79257144633,100.0
2.2716398125794766,0.0,1.0000000003072664,1.7392407632521883e-11,66911.79257144633,100.0
2.741067277517025,0.0,1.0000000006466234,1.7392407632521883e-11,66911.79257144633,100.0
3.3121443220979336,0.0,1.0000000015556962,1.7392407632521883e-11,66911.79257144633,100.0
4.006882093546069,0.0,1.000000004142555,1.7392407632521883e-11,66911.79257144633,100.0
4.852058021482255,0.0,1.0000000118302865,1.7392407632521883e-11,66911.79257144633,100.0
5.8802479062409825,0.0,1.0000000353481295,1.7392407632521883e-11,66911.79257144633,100.0
7.131081495055615,0.0,1.0000001086222186,1.7392407632521883e-11,66911.79257144633,100.0
8.65276994005919,0.0,1.0000003394371255,1.7392407632521883e-11,66911.79257144633,100.0
10.503964011247923,0.0,1.0000010707082516,1.7392407632521883e-11,66911.79257144633,100.0
12.75601468591563,0.0,1.0000033911004107,1.7392407632521883e-11,66911.79257144633,100.0
15.495723244950964,0.0,1.00001073306786,1.7392407632521883e-11,66911.79257144633,100.0
18.828686873559807,93.86028592470001,1.000002823871846,1.6772167544228853e-08,2237168463509.5303,100.0
22.88336871663182,63.21533141269756,1.000042915786252,6.297011557550532e-09,1511866045641.8062,100.0
27.81604926178361,42.6212335241851,1.000275248642395,2.3727591829797408e-09,1023200449991.142,100.0
33.816849892317194,28.672728878848964,1.0013015235599534,9.012156211632433e-10,694689114177.6534,100.0
41.11706077720917,19.29085403698421,1.0049362554374632,3.4834704278439767e-10,474967218724.01984,100.0
49.998055538595985,13.049681305696147,1.0149640421618527,1.39383347502976e-10,329263019489.4384,100.0
60.80213629672967,8.959430588474552,1.0362157511027958,5.894821297174055e-11,233370908139.59064,100.0
73.94572709534054,6.298043202140326,1.0719620291791088,2.673834136263227e-11,170103065663.20624,100.0
89.9354242244807,4.550696538705796,1.1227215697267368,1.3040981395684192e-11,127638706240.6478,100.0
109.38752207194662,3.3770657305918617,1.187314663442357,6.793910187166869e-12,98334554752.383,100.0
133.0517670924362,2.5645278292087705,1.26422134700517,3.742017094251085e-12,77464026515.35178,100.0
161.84025544885824,1.9868754827802515,1.3522467130962317,2.156710891593819e-12,62140423717.18083,100.0
196.86258813389756,1.5641068426998432,1.4506642386269015,1.2891752920901141e-12,50580369813.35216,100.0
239.4686385633547,1.2473356573753667,1.5591623628051223,7.934571170020642e-13,41654931986.49853,100.0
291.3005810419571,1.0052070766651722,1.677752112442025,4.999584364432879e-13,34628244938.72069,100.0
354.35618544615545,0.8170139710717469,1.8066879622614804,3.210556606849868e-13,29006074230.18429,100.0
431.0658177046827,0.6686889280746965,1.9464108851331308,2.0937028832782544e-13,24446841743.325924,100.0
524.3861139232173,0.550547373123478,2.0973288181036738,1.3828605455047242e-13,20709427366.78244,100.0
637.9139386553835,0.4554800407948291,2.259305525063277,9.234349069570562e-14,17620539106.87714,100.0
776.0250196386177,0.3784379823566287,2.4330875401564955,6.220851897000034e-14,15045151653.221416,100.0
944.0426024237923,0.31546454670349766,2.6196160565220503,4.220197493128892e-14,12882189652.344784,100.0
1148.4426253908093,0.26366630382622,2.819907104554815,2.87903191682001e-14,11054907874.769905,100.0
1397.1033232556083,0.22084278340492688,3.035053334882767,1.9729184305231498e-14,9503862585.57307,100.0
1699.6088795910182,0.185292381175434,3.266227522361998,1.3568633327628937e-14,8182215271.617613,100.0
2067.6188321069185,0.1556804224824731,3.514687238782518,9.358762719026693e-15,7052511412.871972,100.0
2515.317468758056,0.13094728487882104,3.7817803797400327,6.470036273675372e-15,6084418452.436029,100.0
3059.9605358518047,0.11024300793988348,4.068951362196441,4.481247573798675e-15,5253103167.810568,100.0
3722.540330045902,0.09287982625936307,4.377747882159695,3.108358883530373e-15,4538044857.629146,100.0
4528.594809022175,0.07829708869600902,4.709828161825294,2.1585903200569824e-15,3922151636.1867867,100.0
5509.191906565684,0.0660349045707449,5.066968635761783,1.500403665207694e-15,3391091473.4358993,100.0
6702.126990720279,0.05571404951714721,5.451072033413578,1.0436560838416708e-15,2932778005.2374125,100.0
8153.379618911788,0.04702043649239263,5.864175814092223,7.263529525596953e-16,2536969688.401424,100.0
9918.885738069346,0.03969296815273614,6.3084609025869405,5.057347100596551e-16,2194953223.962188,100.0
12066.693636041677,0.03351393024675778,6.786260659272049,3.5223959506668153e-16,1899290532.7416463,100.0
14679.586741613912,0.028301320419036012,7.300069998132303,2.453915077297804e-16,1643614315.2572641,100.0
17858.274364278914,0.02390266969271346,7.852554538988182,1.7098614373681941e-16,1422461235.9390967,100.0
21725.273355143087,0.020190028527269806,8.446559645535036,1.191581463767751e-16,1231134602.9503968,100.0
26429.630300670036,0.017055871115608464,9.085119157478049,8.304925832526884e-17,1065590439.6752384,100.0
32152.666257806806,0.01440973067181091,9.77146357167709,5.788824354763553e-17,922342308.8110689,100.0
39114.96545107346,0.012175421695786523,10.509027362260465,4.035394907393634e-17,798381321.6944106,100.0
47584.87729849305,0.010288737222723592,11.301455051468658,2.8133636685411184e-17,691108558.0863019,100.0
57888.859461804976,0.008695533063410487,12.152605549903967,1.9616310953026296e-17,598277714.1275731,100.0
70424.06057540259,0.0073501292338007135,13.066554175429708,1.367955809922392e-17,517946243.78525,100.0
85673.62763286679,0.006213972716883606,14.047591633173315,9.5412613157238e-18,448433600.8623255,100.0
104225.32802703422,0.0052545165030765725,15.100219094754673,6.6563829222615566e-18,388285452.33024406,100.0
126794.2039969587,0.004444278309900998,16.22913835415586,4.64508331413037e-18,336242939.3370784,100.0
154250.1326570593,0.0037600490616460356,17.43923586380698,3.2426461959350987e-18,291216224.20735896,100.0
187651.3538606817,0.003182226534636937,18.735559273708073,2.2645868343594415e-18,252261690.63672602,100.0
228285.2581698274,0.002694253853308885,20.123284919081925,1.5823362148600033e-18,218562267.85825446,100.0
277718.00703069277,0.0022821459873934346,21.607674543935136,1.1062941496506247e-18,189410433.56956342,100.0
337854.8976762542,0.001934090224945283,23.19401943158288,7.740178404512744e-19,164193519.1570385,100.0
411013.79941354826,0.0016401089118017618,24.887570069337475,5.4198977422292645e-19,142380997.46992105,100.0
500014.491766469,0.0013917746568373084,26.693449542653457,3.7988048713445722e-19,123513480.53808805,100.0
608287.3478536634,0.0011819697827098977,28.61654908210908,2.6655030646874275e-19,107193194.07219657,100.0
740005.5520086625,0.0010046831152640474,30.66140462921429,1.8726315632883764e-19,93075728.7842836,100.0
900245.9477348682,0.0008548382999761732,32.83205400050534,1.3174511769930046e-19,80862896.64987679,100.0
1095184.7155932172,0.0007281487495339097,35.13187526360396,9.2831698672277e-20,70296544.08530349,100.0
1332335.4230781368,0.0006209950939309851,37.563408325029684,6.552534168316462e-20,61153194.337254085,100.0
1620838.621690028,0.0005303216484993631,40.12816346375281,4.6338775036310805e-20,53239408.73565438,100.0
1971814.153207636,0.0004535489566045142,42.82642256957092,3.283751775778542e-20,46387771.297630124,100.0
2398789.744177692,0.00038849991914627206,45.65704103354025,2.3321128239974967e-20,40453413.8608414,100.0
2918222.4080330245,0.00033333740647899755,48.61726038003101,1.6601105714568003e-20,35311009.77994531,100.0
3550132.751354643,0.00028651157152195035,51.70254354008698,1.1846120402721004e-20,30852173.50948699,100.0
4318876.632482735,0.0002467153554498004,54.9064458039238,8.474144656949203e-21,26983211.360326696,100.0
5254083.914682769,0.00021284690770243233,58.22053461194123,6.077256034976511e-21,23623175.575248633,100.0
6391800.4964349065,0.0001839778371416024,61.63437016849624,4.369201589561506e-21,20702179.826886307,100.0
7775877.636369941,0.00015932637692930333,65.13555625376961,3.1488207157435156e-21,18159939.48349073,100.0
9459662.121905362,0.00013823468704781943,68.70986663882613,2.2745190096091043e-21,15944504.675974835,100.0
11508052.426121343,0.00012014963935799842,72.34144749047962,1.64644470346012e-21,14011158.45878222,100.0
14000000.103778962,0.00010460653390081045,76.01309061621076,1.1940353464785843e-21,12321456.269870708,100.0
0.10481674515154274,0.0,1.0000000000222242,3.492330769802551e-12,66646.09276149597,500.0
0.10504146756341784,0.0,1.0000000000222247,3.492330769802551e-12,66646.09276149597,500.0
0.10531485124973836,0.0,1.0000000000222249,3.492330769802551e-12,66646.09276149597,500.0
0.10564743329761944,0.0,1.000000000022225,3.492330769802551e-12,66646.09276149597,500.0
0.1060520324895518,0.0,1.0000000000222256,3.492330769802551e-12,66646.09276149597,500.0
0.10654424338053428,0.0,1.000000000022226,3.492330769802551e-12,66646.09276149597,500.0
0.10714303736241218,0.0,1.0000000000222264,3.492330769802551e-12,66646.09276149597,500.0
0.10787149388237563,0.0,1.0000000000222273,3.492330769802551e-12,66646.09276149597,500.0
0.1087576899991319,0.0,1.000000000022228,3.492330769802551e-12,66646.09276149597,500.0
0.10983578256311,0.0,1.0000000000222293,3.492330769802551e-12,66646.09276149597,500.0
0.11114732473140466,0.0,1.0000000000222304,3.492330769802551e-12,66646.09276149597,500.0
0.11274286756018352,0.0,1.0000000000222322,3.492330769802551e-12,66646.09276149597,500.0
0.11468390840508276,0.0,1.000000000022234,3.492330769802551e-12,66646.09276149597,500.0
0.1170452612272133,0.0,1.0000000000222364,3.492330769802551e-12,66646.09276149597,500.0
0.11991794016399962,0.0,1.0000000000222395,3.492330769802551e-12,66646.09276149597,500.0
0.12341266750695129,0.0,1.0000000000222433,3.492330769802551e-12,66646.09276149597,500.0
0.1276641412951209,0.0,1.0000000000222482,3.492330769802551e-12,66646.09276149597,500.0
0.13283622701103465,0.0,1.0000000000222544,3.492330769802551e-12,66646.09276149597,500.0
0.13912827348376514,0.0,1.0000000000222622,3.492330769802551e-12,66646.09276149597,500.0
0.14678279643437833,0.0,1.000000000022272,3.492330769802551e-12,66646.09276149597,500.0
0.15609482581232365,0.0,1.0000000000222846,3.492330769802551e-12,66646.09276149597,500.0
0.16742327719919567,0.0,1.0000000000223013,3.492330769802551e-12,66646.09276149597,500.0
0.1812047855703643,0.0,1.0000000000223228,3.492330769802551e-12,66646.09276149597,500.0
0.1979705346121699,0.0,1.0000000000223517,3.492330769802551e-12,66646.09276149597,500.0
0.2183667302507298,0.0,1.0000000000223899,3.492330769802551e-12,66646.09276149597,500.0
0.24317950750804748,0.0,1.0000000000224418,3.492330769802551e-12,66646.09276149597,500.0
0.2733652306758181,0.0,1.0000000000225122,3.492330769802551e-12,66646.09276149597,500.0
0.31008735467314563,0.0,1.0000000000226095,3.492330769802551e-12,66646.09276149597,500.0
0.3547612683435296,0.0,1.0000000000227447,3.492330769802551e-12,66646.09276149597,500.0
0.4091088480961105,0.0,1.0000000000229476,3.492330769802551e-12,66646.09276149597,500.0
0.4752248245640785,0.0,1.0000000000232803,3.492330769802551e-12,66646.09276149597,500.0
0.555657520264852,0.0,1.0000000000238356,3.492330769802551e-12,66646.09276149597,500.0
0.6535070701512952,0.0,1.0000000000247797,3.492330769802551e-12,66646.09276149597,500.0
0.772544910790116,0.0,1.0000000000264193,3.492330769802551e-12,66646.09276149597,500.0
0.9173591436649524,0.0,1.0000000000293423,3.492330769802551e-12,66646.09276149597,500.0
1.0935313753736668,0.0,1.0000000000347375,3.492330769802551e-12,66646.09276149597,500.0
1.307851850710189,0.0,1.000000000045178,3.492330769802551e-12,66646.09276149597,500.0
1.5685811705522632,0.0,1.0000000000666858,3.492330769802551e-12,66646.09276149597,500.0
1.8857686820047714,0.0,1.00000000011451,3.492330769802551e-12,66646.09276149597,500.0
2.2716398125794766,0.0,1.0000000002300604,3.492330769802551e-12,66646.09276149597,500.0
2.741067277517025,0.0,1.0000000005321168,3.492330769802551e-12,66646.09276149597,500.0
3.3121443220979336,0.0,1.000000001375034,3.492330769802551e-12,66646.09276149597,500.0
4.006882093546069,0.0,1.000000003844288,3.492330769802551e-12,66646.09276149597,500.0
4.852058021482255,0.0,1.000000011322594,3.492330769802551e-12,66646.09276149597,500.0
5.8802479062409825,0.0,1.0000000344671165,3.492330769802551e-12,66646.09276149597,500.0
7.131081495055615,0.0,1.0000001070756308,3.492330769802551e-12,66646.09276149597,500.0
8.65276994005919,0.0,1.000000336705292,3.492330769802551e-12,66646.09276149597,500.0
10.503964011247923,0.0,1.0000010658726253,3.492330769802551e-12,66646.09276149597,500.0
12.75601468591563,0.0,1.0000033825560044,3.492330769802551e-12,66646.09276149597,500.0
15.495723244950964,0.0,1.0000107180699962,3.492330769802551e-12,66646.09276149597,500.0
18.828686873559807,87.18918750179051,1.0000028485582237,4.5321172825089215e-10,311743717834.6375,500.0
22.88336871663182,58.70039012538017,1.0000510059960286,1.7006217920499007e-10,210628361077.4398,500.0
27.81604926178361,39.556366668978946,1.0003360353116089,6.408302462116043e-11,142551139533.3647,500.0
33.816849892317194,26.598417082984938,1.0015860301775752,2.436889931693488e-11,96829482740.08463,500.0
41.11706077720917,17.89583211725351,1.0059092919660741,9.45182854476899e-12,66294784173.96805,500.0
49.998055538595985,12.121757431979068,1.0174326132755462,3.8079695320858554e-12,46084007043.66787,500.0
60.80213629672967,8.346970967729623,1.040989016814376,1.626942620675884e-12,32796055092.657604,500.0
73.94572709534054,5.891679243027138,1.079454269186972,7.467558391369204e-13,24018399561.915005,500.0
89.9354242244807,4.2759753907715154,1.132955593278585,3.684893705793167e-13,18106834519.37282,500.0
109.38752207194662,3.18646140677841,1.2001433353353894,1.939923624237961e-13,14008329682.531527,500.0
133.0517670924362,2.428731867703083,1.2794879797155425,1.0781337808389605e-13,11074933262.616598,500.0
161.84025544885824,1.8875994520476707,1.369845441979734,6.26106213156874e-14,8911092632.446228,500.0
196.86258813389756,1.4899309824392626,1.470548913746367,3.766462181229494e-14,7271851200.981092,500.0
239.4686385633547,1.1908823726345998,1.5813388498036416,2.3306721668332682e-14,6001555942.494784,500.0
291.3005810419571,0.9615741859517547,1.7022682581399606,1.47530046689666e-14,4998313077.4272785,500.0
354.35618544615545,0.7828538551396547,1.8336253744372557,9.511202419828743e-15,4193390806.7714787,500.0
431.0658177046827,0.6416570626352932,1.975877447696132,6.223747755000596e-15,3539092260.86499,500.0
524.3861139232173,0.5289929787498449,2.129040502770539,4.124292324235523e-15,3002000777.294053,500.0
637.9139386553835,0.43826198631592933,2.293321497896461,2.761878604835994e-15,2557129966.7557597,500.0
776.0250196386177,0.364515578235043,2.4695969562752342,1.8649805063812305e-15,2185448798.0888224,500.0
944.0426024237923,0.304128472220861,2.6588196503455177,1.267726150072023e-15,1872755373.2223053,500.0
1148.4426253908093,0.254383674913239,2.8620180775305357,8.663262960131954e-16,1608212485.7988691,500.0
1397.1033232556083,0.21320625187187817,3.080298470324212,5.945450002820792e-16,1383390167.2819276,500.0
1699.6088795910182,0.17898594827695555,3.314848438972404,4.0941997640079215e-16,1191621599.7336318,500.0
2067.6188321069185,0.1504558800821606,3.56694173959565,2.827091063016714e-16,1027558696.3233188,500.0
2515.317468758056,0.12660760287285594,3.8379438758039344,1.9564058865517404e-16,886858372.3251287,500.0
3059.9605358518047,0.10663037581061893,4.129318361534725,1.3562306106494663e-16,765956436.1117107,500.0
3722.540330045902,0.08986688389338794,4.442633539795741,9.414708422352836e-17,661901507.3758976,500.0
4528.594809022175,0.07578038793869625,4.77956988863542,6.542620739963194e-17,572230875.3721895,500.0
5509.191906565684,0.06392996066643596,5.141927763968607,4.5505617648303803e-17,494876193.8627513,500.0
6702.126990720279,0.05395154542146269,5.531635535284131,3.167111277659869e-17,428090761.026448,500.0
8153.379618911788,0.04554327654514831,5.950758068146584,2.2053610345691467e-17,370392661.8084795,500.0
9918.885738069346,0.03845396670095703,6.40150549842762,1.5362461167686406e-17,320519741.3780966,500.0
12066.693636041677,0.032473981323175395,6.8862422279659325,1.0704459056754099e-17,277393527.91448426,500.0
14679.586741613912,0.027427936359109038,7.407496049789203,7.460350699956007e-18,240090016.1202577,500.0
17858.274364278914,0.023168805860815957,7.967967282596644,5.200203744749243e-18,207815777.7356737,500.0
21725.273355143087,0.01957313215452935,8.570537758003505,3.625193451092003e-18,179888258.48344007,500.0
26429.630300670036,0.01653710727501137,9.218279458912258,2.5274410962951057e-18,155719402.80657738,500.0
32152.666257806806,0.013973349393532526,9.914462551894843,1.7622387608317903e-18,134801952.25339517,500.0
39114.96545107346,0.01180823834777532,10.66256248907251,1.2288025291660318e-18,116697913.3237277,500.0
47584.87729849305,0.009979704362965433,11.466265774003624,8.569144197566495e-19,101028801.7458033,500.0
57888.859461804976,0.00843538657535467,12.329473889915809,5.976397645178169e-19,87467353.42038494,500.0
70424.06057540259,0.007131095080783378,13.256304775853366,4.1687035895465768e-19,75730455.30381592,500.0
85673.62763286679,0.006029523375613629,14.251091106076263,2.908298123567191e-19,65573097.72337889,500.0
104225.32802703422,0.005099168261563446,15.318374480378862,2.0294303673098506e-19,56783186.896326095,500.0
126794.2039969587,0.004313422287474685,16.462894469414845,1.41654960928716e-19,49177085.543450296,500.0
154250.1326570593,0.0036498101348308993,17.689571283366,9.891021414329341e-20,42595772.46998175,500.0
187651.3538606817,0.0030893454117345955,19.003480651319766,6.909329617261173e-20,36901530.308137536,500.0
228285.2581698274,0.002615988391812826,20.4098193238302,4.8289679714740435e-20,31975085.364847053,500.0
277718.00703069277,0.002216188536517057,21.913859459341502,3.377063909692203e-20,27713135.502444733,500.0
337854.8976762542,0.0018784983346959736,23.52089005054156,2.3634065898140978e-20,24026211.803335775,500.0
411013.79941354826,0.001593247206422219,25.23614352165025,1.6554050349097885e-20,20836827.886965565,500.0
500014.491766469,0.0013522660444354546,27.064705723356095,1.160630368138436e-20,18077877.5048262,500.0
608287.3478536634,0.00114865448045568,29.011407818134547,8.146461846507895e-21,15691246.701782046,500.0
740005.5520086625,0.000976584223218589,31.08069904033601,5.72525934390912e-21,13626611.604552498,500.0
900245.9477348682,0.0008311328664200772,33.27650008852698,4.0294075256099975e-21,11840396.94033351,500.0
1095184.7155932172,0.00070814344455552,35.602038009354835,2.8403913100143875e-21,10294873.825647034,500.0
1332335.4230781368,0.000604105752436236,38.05966488828177,2.0057553539567238e-21,8957378.296881879,500.0
1620838.621690028,0.0005160560638982423,40.65066446001102,1.4190946757583458e-21,7799634.559054961,500.0
1971814.153207636,0.0004414924064316984,43.375052820422006,1.006111185018716e-21,6797169.0723611545,500.0
2398789.744177692,0.0003783029872342386,46.23138161903721,7.148970165570595e-22,5928803.430048183,500.0
2918222.4080330245,0.0003247057358605065,49.21655421156984,5.091629540346029e-22,5176215.550719052,500.0
3550132.751354643,0.0002791972403490588,52.32566695651439,3.6351879654124156e-22,4523560.052227829,500.0
4318876.632482735,0.00024050961684217553,55.55188880298677,2.601833602596509e-22,3957139.827879436,500.0
5254083.914682769,0.0002075740752236746,58.88639220142128,1.866905585653407e-22,3465121.8409438734,500.0
6391800.4964349065,0.00017949013192624408,62.31834691648638,1.3428952803087826e-22,3037291.02045573,500.0
7775877.636369941,0.00015549958149031645,65.83498543254352,9.682840284970297e-23,2664836.906948253,500.0
9459662.121905362,0.00013496447542135311,69.42174443506322,6.997517603773334e-23,2340168.384190982,500.0
11508052.426121343,0.00011734847423538874,73.06248168601829,5.067355119541327e-23,2056752.459685842,500.0
14000000.103778962,0.00010220103933478095,76.73976205227622,3.6762658917226717e-23,1808973.6335021476,500.0
0.10481674515154274,0.0,1.0000000000222238,1.7470427093575612e-12,66613.03144090685,1000.0
0.10504146756341784,0.0,1.0000000000222242,1.7470427093575612e-12,66613.03144090685,1000.0
0.10531485124973836,0.0,1.000000000022224,1.7470427093575612e-12,66613.03144090685,1000.0
0.10564743329761944,0.0,1.0000000000222242,1.7470427093575612e-12,66613.03144090685,1000.0
0.1060520324895518,0.0,1.0000000000222242,1.7470427093575612e-12,66613.03144090685,1000.0
0.10654424338053428,0.0,1.0000000000222249,1.7470427093575612e-12,66613.03144090685,1000.0
0.10714303736241218,0.0,1.0000000000222249,1.7470427093575612e-12,66613.03144090685,1000.0
0.10787149388237563,0.0,1.0000000000222256,1.7470427093575612e-12,66613.03144090685,1000.0
0.1087576899991319,0.0,1.0000000000222258,1.7470427093575612e-12,66613.03144090685,1000.0
0.10983578256311,0.0,1.0000000000222264,1.7470427093575612e-12,66613.03144090685,1000.0
0.11114732473140466,0.0,1.0000000000222269,1.7470427093575612e-12,66613.03144090685,1000.0
0.11274286756018352,0.0,1.0000000000222278,1.7470427093575612e-12,66613.03144090685,1000.0
0.11468390840508276,0.0,1.0000000000222289,1.7470427093575612e-12,66613.03144090685,1000.0
0.1170452612272133,0.0,1.0000000000222302,1.7470427093575612e-12,66613.03144090685,1000.0
0.11991794016399962,0.0,1.0000000000222318,1.7470427093575612e-12,66613.03144090685,1000.0
0.12341266750695129,0.0,1.0000000000222338,1.7470427093575612e-12,66613.03144090685,1000.0
0.1276641412951209,0.0,1.0000000000222362,1.7470427093575612e-12,66613.03144090685,1000.0
0.13283622701103465,0.0,1.000000000022239,1.7470427093575612e-12,66613.03144090685,1000.0
0.13912827348376514,0.0,1.0000000000222433,1.7470427093575612e-12,66613.03144090685,1000.0
0.14678279643437833,0.0,1.0000000000222482,1.7470427093575612e-12,66613.03144090685,1000.0
0.15609482581232365,0.0,1.0000000000222546,1.7470427093575612e-12,66613.03144090685,1000.0
0.16742327719919567,0.0,1.000000000022263,1.7470427093575612e-12,66613.03144090685,1000.0
0.1812047855703643,0.0,1.0000000000222742,1.7470427093575612e-12,66613.03144090685,1000.0
0.1979705346121699,0.0,1.0000000000222895,1.7470427093575612e-12,66613.03144090685,1000.0
0.2183667302507298,0.0,1.0000000000223117,1.7470427093575612e-12,66613.03144090685,1000.0
0.24317950750804748,0.0,1.000000000022345,1.7470427093575612e-12,66613.03144090685,1000.0
0.2733652306758181,0.0,1.000000000022396,1.7470427093575612e-12,66613.03144090685,1000.0
0.31008735467314563,0.0,1.0000000000224754,1.7470427093575612e-12,66613.03144090685,1000.0
0.3547612683435296,0.0,1.0000000000226006,1.7470427093575612e-12,66613.03144090685,1000.0
0.4091088480961105,0.0,1.0000000000228029,1.7470427093575612e-12,66613.03144090685,1000.0
0.4752248245640785,0.0,1.0000000000231346,1.7470427093575612e-12,66613.03144090685,1000.0
0.555657520264852,0.0,1.000000000023688,1.7470427093575612e-12,66613.03144090685,1000.0
0.6535070701512952,0.0,1.0000000000246292,1.7470427093575612e-12,66613.03144090685,1000.0
0.772544910790116,0.0,1.0000000000262639,1.7470427093575612e-12,66613.03144090685,1000.0
0.9173591436649524,0.0,1.0000000000291787,1.7470427093575612e-12,66613.03144090685,1000.0
1.0935313753736668,0.0,1.0000000000345592,1.7470427093575612e-12,66613.03144090685,1000.0
1.307851850710189,0.0,1.0000000000449747,1.7470427093575612e-12,66613.03144090685,1000.0
1.5685811705522632,0.0,1.0000000000664386,1.7470427093575612e-12,66613.03144090685,1000.0
1.8857686820047714,0.0,1.0000000001141864,1.7470427093575612e-12,66613.03144090685,1000.0
2.2716398125794766,0.0,1.0000000002296014,1.7470427093575612e-12,66613.03144090685,1000.0
2.741067277517025,0.0,1.000000000531419,1.7470427093575612e-12,66613.03144090685,1000.0
3.3121443220979336,0.0,1.000000001373912,1.7470427093575612e-12,66613.03144090685,1000.0
4.006882093546069,0.0,1.0000000038424122,1.7470427093575612e-12,66613.03144090685,1000.0
4.852058021482255,0.0,1.0000000113193759,1.7470427093575612e-12,66613.03144090685,1000.0
5.8802479062409825,0.0,1.000000034461506,1.7470427093575612e-12,66613.03144090685,1000.0
7.131081495055615,0.0,1.0000001070657556,1.7470427093575612e-12,66613.03144090685,1000.0
8.65276994005919,0.0,1.0000003366878232,1.7470427093575612e-12,66613.03144090685,1000.0
10.503964011247923,0.0,1.0000010658416814,1.7470427093575612e-12,66613.03144090685,1000.0
12.75601468591563,0.0,1.0000033825013146,1.7470427093575612e-12,66613.03144090685,1000.0
15.495723244950964,0.0,1.0000107179740114,1.7470427093575612e-12,66613.03144090685,1000.0
18.828686873559807,86.35301713443413,1.0000028959936247,1.9828820128209326e-10,273878958627.83694,1000.0
22.88336871663182,58.13627138159235,1.0000523760066293,7.440065021464211e-11,185040634208.5703,1000.0
27.81604926178361,39.17357196173423,1.0003454349769492,2.8036241640906805e-11,125234525289.47523,1000.0
33.816849892317194,26.339476285013788,1.0016285060881795,1.0663256059470348e-11,85073019080.43782,1000.0
41.11706077720917,17.72185697747473,1.0060508347949277,4.137913221254534e-12,58257016950.421265,1000.0
49.998055538595985,12.006176596105615,1.0177832929799344,1.6686644112477162e-12,40511946915.2829,1000.0
60.80213629672967,8.270729855767035,1.0416541144390716,7.139083519398378e-13,28846449307.841663,1000.0
73.94572709534054,5.84106662671453,1.080484560888525,3.2819317156190936e-13,21139129405.43694,1000.0
89.9354242244807,4.241713084981521,1.1343520084728784,1.6219616379054803e-13,15945988443.803116,1000.0
109.38752207194662,3.162652587162016,1.2018865526268978,8.55055411131375e-14,12343345142.464588,1000.0
133.0517670924362,2.411745152238647,1.281558383962015,4.757637963844671e-14,9763179721.18945,1000.0
161.84025544885824,1.8751674243973888,1.3722302870309127,2.765645683391092e-14,7858742206.729028,1000.0
196.86258813389756,1.4806352644351735,1.4732432139082088,1.6651159092993804e-14,6415226621.202995,1000.0
239.4686385633547,1.1838046915655003,1.5843443258819743,1.0310960722193293e-14,5296069945.248349,1000.0
291.3005810419571,0.9561030806011832,1.7055920499876986,6.5307163766323934e-15,4411824924.97073,1000.0
354.35618544615545,0.7785709554390913,1.8372790032979995,4.2125207583700484e-15,3702121504.9392633,1000.0
431.0658177046827,0.6382688655746266,1.9798700028016727,2.7577705618334285e-15,3125050371.7555037,1000.0
524.3861139232173,0.5263067070897701,2.1333256567082013,1.828309423264483e-15,2651267706.3691664,1000.0
637.9139386553835,0.4361084453579241,2.2979230212413415,1.224802473316708e-15,2258707885.63685,1000.0
776.0250196386177,0.3627746242839375,2.474540160291603,8.273161065177562e-16,1930643948.7573483,1000.0
944.0426024237923,0.30271147889930444,2.664131453372363,5.625203475276841e-16,1654584097.8239295,1000.0
1148.4426253908093,0.2532239476502592,2.8677271231012096,3.844977334887434e-16,1420990006.8369303,1000.0
1397.1033232556083,0.21225274621857895,3.086435274888649,2.639267688853394e-16,1222438017.2778244,1000.0
1699.6088795910182,0.17819903497804762,3.321445558200967,1.817788747270511e-16,1053054380.4099561,1000.0
2067.6188321069185,0.14980441711337478,3.5740339477911767,1.2553965036483848e-16,908125279.929531,1000.0
2515.317468758056,0.12606686495023553,3.845568355750334,8.688790151921464e-17,783821350.4360517,1000.0
3059.9605358518047,0.10618056036023181,4.137514903511576,6.024024923183965e-17,676999014.62382,1000.0
3722.540330045902,0.08949201323573198,4.451444749147893,4.18222628039676e-17,585054482.1956443,1000.0
4528.594809022175,0.07546748935565877,4.78904140153359,2.906666157279363e-17,505814564.1422156,1000.0
5509.191906565684,0.06366844499838943,5.152108470994236,2.0218415749949855e-17,437453691.81926316,1000.0
6702.126990720279,0.053732729932369876,5.542577812299175,1.407280274839945e-17,378429902.6712635,1000.0
8153.379618911788,0.045360014273739674,5.962518013599959,9.800067137595703e-18,327434770.4133946,1000.0
9918.885738069346,0.038300355544671816,6.41414317581314,6.8271510628767464e-18,283353740.0490616,1000.0
12066.693636041677,0.032345133610785684,6.899821911574477,4.757408119759272e-18,245234336.3587996,1000.0
14679.586741613912,0.027319794864293777,7.422086471172534,3.31581117614021e-18,212260410.5055351,1000.0
17858.274364278914,0.02307799585994236,7.983641874256802,2.3113936535774016e-18,183731076.50315136,1000.0
21725.273355143087,0.019496841734353395,8.587374889707458,1.6114102619988883e-18,159043334.56463474,1000.0
26429.630300670036,0.01647298997659431,9.236362660669613,1.1235074097348656e-18,137677626.02563274,1000.0
32152.666257806806,0.013919444655425831,9.9338807159849,7.833906365424654e-19,119185744.24482192,1000.0
39114.96545107346,0.011762906231987355,10.683410041521327,5.46277608824185e-19,103180657.70603526,1000.0
47584.87729849305,0.009941571812528272,11.488642803547386,3.8096541196724656e-19,89327899.28667301,1000.0
57888.859461804976,0.00840330303266444,12.353486219702232,2.657074044814517e-19,77338248.89409913,1000.0
70424.06057540259,0.007104095740602376,13.282063959897386,1.8534492662261818e-19,66961492.127985306,1000.0
85673.62763286679,0.006006798690732082,14.278714328787109,1.293104800249604e-19,57981080.061129265,1000.0
104225.32802703422,0.005080038587796954,15.34798433333243,9.023682922438176e-20,50209548.043317765,1000.0
126794.2039969587,0.0042973167662030635,16.494618575026323,6.298777204443268e-20,43484577.06984845,1000.0
154250.1326570593,0.003636249079088315,17.723541730362648,4.3982555893754195e-20,37665601.49448109,1000.0
187651.3538606817,0.003077925595896225,19.039833202163674,3.072488984695263e-20,32630883.00445778,1000.0
228285.2581698274,0.002606370752649802,20.448692349868324,2.147455898024537e-20,28274983.76946309,1000.0
277718.00703069277,0.002208087880454523,21.9553925560111,1.501845592747541e-20,24506582.237033013,1000.0
337854.8976762542,0.001871674716820259,23.565222283180944,1.0510932807486023e-20,21246583.70510409,1000.0
411013.79941354826,0.0015874987044651857,25.283411253338805,7.362491431667832e-21,18426484.958519354,1000.0
500014.491766469,0.0013474226981995499,27.11503998094417,5.162181028158787e-21,15986958.214761032,1000.0
608287.3478536634,0.00114457320595503,29.064931162629872,3.623500296192071e-21,13876624.618199946,1000.0
740005.5520086625,0.0009731445427958022,31.13752192458479,2.546687993408503e-21,12050991.732023448,1000.0
900245.9477348682,0.0008282333225233671,33.336716710064344,1.7924395004180154e-21,10471533.043178843,1000.0
1095184.7155932172,0.000705698586739737,35.665721700404596,1.2635886751272307e-21,9104890.528508298,1000.0
1332335.4230781368,0.0006020436052991821,38.12686312836902,8.923418677222422e-22,7922183.917176276,1000.0
1620838.621690028,0.0005143159987387786,40.72139364844209,6.313816150922242e-22,6898412.495435867,1000.0
1971814.153207636,0.00044002335195394206,43.449293003156924,4.476671029150116e-22,6011937.191367111,1000.0
2398789.744177692,0.0003770619250603797,46.30907142229716,3.1811382888734555e-22,5244032.296115951,1000.0
2918222.4080330245,0.00032365643531372936,49.297586285812436,2.2658266575581902e-22,4578497.563763142,1000.0
3550132.751354643,0.0002783091942264695,52.40988427043753,1.6178125237811068e-22,4001322.6186002633,1000.0
4318876.632482735,0.00023975714596467622,55.639082138689574,1.158010411761065e-22,3500396.6172014633,1000.0
5254083.914682769,0.00020693557463414885,58.97629918062209,8.309724170706271e-23,3065256.991793348,1000.0
6391800.4964349065,0.00017894743588391598,62.41065282886847,5.977737238234519e-23,2686871.8674863568,1000.0
7775877.636369941,0.00015503742802266997,65.92932604112863,4.3104872209054475e-23,2357451.4228412067,1000.0
9459662.121905362,0.00013457005426365383,69.5177108065815,3.115260587409634e-23,2070284.0712982817,1000.0
11508052.426121343,0.00011701104460519857,73.15962694926192,2.256086535763409e-23,1819593.895581788,1000.0
14000000.103778962,0.00010191160622660823,76.83760984146828,1.636824137957639e-23,1600416.277771451,1000.0
